ts,occ,bid,ask
1785950032.146658,AAPL260807C00315000,1.03,1.05
1785950033.045636,AAPL260807C00315000,1.03,1.05
1785950034.008471,AAPL260807C00315000,1.03,1.05
1785950035.139648,AAPL260807C00315000,1.03,1.05
1785950036.007163,AAPL260807C00315000,1.03,1.05
1785950037.115211,AAPL260807C00315000,1.03,1.05
1785950038.668714,AAPL260807C00315000,1.03,1.05
1785950039.171506,AAPL260807C00315000,1.03,1.05
1785950040.020594,AAPL260807C00315000,1.03,1.05
1785950041.069435,AAPL260807C00315000,1.03,1.05
1785950042.994404,AAPL260807C00315000,1.03,1.05
1785950043.103644,AAPL260807C00315000,1.03,1.05
1785950044.015649,AAPL260807C00315000,1.03,1.06
1785950045.012846,AAPL260807C00315000,1.03,1.06
1785950046.030785,AAPL260807C00315000,1.03,1.06
1785950047.016679,AAPL260807C00315000,1.03,1.07
1785950048.532265,AAPL260807C00315000,1.03,1.07
1785950049.178763,AAPL260807C00315000,1.03,1.08
1785950050.052973,AAPL260807C00315000,1.03,1.08
1785950051.042281,AAPL260807C00315000,1.03,1.08
1785950052.19756,AAPL260807C00315000,1.03,1.08
1785950053.09766,AAPL260807C00315000,1.03,1.08
1785950054.273171,AAPL260807C00315000,1.03,1.08
1785950055.264757,AAPL260807C00315000,1.03,1.09
1785950056.183567,AAPL260807C00315000,1.03,1.09
1785950057.166837,AAPL260807C00315000,1.03,1.09
1785950058.278517,AAPL260807C00315000,1.05,1.09
1785950059.077793,AAPL260807C00315000,1.05,1.09
1785950060.241271,AAPL260807C00315000,1.05,1.08
1785950061.903405,AAPL260807C00315000,1.06,1.08
1785950062.375932,AAPL260807C00315000,1.06,1.08
1785950063.678576,AAPL260807C00315000,1.07,1.08
1785950064.039598,AAPL260807C00315000,1.07,1.08
1785950065.839377,AAPL260807C00315000,1.07,1.08
1785950066.05023,AAPL260807C00315000,1.07,1.09
1785950067.164967,AAPL260807C00315000,1.07,1.09
1785950068.033504,AAPL260807C00315000,1.07,1.09
1785950069.054878,AAPL260807C00315000,1.08,1.09
1785950070.233974,AAPL260807C00315000,1.08,1.09
1785950071.878594,AAPL260807C00315000,1.08,1.09
1785950073.254531,AAPL260807C00315000,1.08,1.09
1785950074.039867,AAPL260807C00315000,1.08,1.1
1785950075.35392,AAPL260807C00315000,1.09,1.1
1785950076.546615,AAPL260807C00315000,1.09,1.1
1785950077.455675,AAPL260807C00315000,1.08,1.1
1785950078.244393,AAPL260807C00315000,1.08,1.09
1785950079.95557,AAPL260807C00315000,1.08,1.09
1785950080.875676,AAPL260807C00315000,1.08,1.09
1785950081.045682,AAPL260807C00315000,1.08,1.09
1785950082.200166,AAPL260807C00315000,1.08,1.09
1785950083.253939,AAPL260807C00315000,1.08,1.09
1785950085.066505,AAPL260807C00315000,1.08,1.09
1785950086.172251,AAPL260807C00315000,1.08,1.09
1785950087.030655,AAPL260807C00315000,1.08,1.1
1785950088.161765,AAPL260807C00315000,1.08,1.1
1785950089.161141,AAPL260807C00315000,1.08,1.1
1785950090.012601,AAPL260807C00315000,1.09,1.1
1785950091.043345,AAPL260807C00315000,1.09,1.1
1785950092.294812,AAPL260807C00315000,1.07,1.09
1785950093.162671,AAPL260807C00315000,1.07,1.09
1785950094.054457,AAPL260807C00315000,1.07,1.09
1785950095.195854,AAPL260807C00315000,1.07,1.1
1785950096.129404,AAPL260807C00315000,1.07,1.1
1785950097.030643,AAPL260807C00315000,1.07,1.1
1785950098.168336,AAPL260807C00315000,1.07,1.1
1785950099.145039,AAPL260807C00315000,1.07,1.1
1785950100.012603,AAPL260807C00315000,1.07,1.1
1785950101.681947,AAPL260807C00315000,1.07,1.1
1785950102.059789,AAPL260807C00315000,1.07,1.1
1785950103.020592,AAPL260807C00315000,1.07,1.1
1785950104.399268,AAPL260807C00315000,1.07,1.1
1785950105.019067,AAPL260807C00315000,1.07,1.1
1785950106.125091,AAPL260807C00315000,1.07,1.1
1785950107.010496,AAPL260807C00315000,1.07,1.1
1785950108.066985,AAPL260807C00315000,1.07,1.1
1785950109.018273,AAPL260807C00315000,1.07,1.1
1785950110.051048,AAPL260807C00315000,1.07,1.1
1785950111.147718,AAPL260807C00315000,1.07,1.1
1785950112.244572,AAPL260807C00315000,1.08,1.1
1785950113.057807,AAPL260807C00315000,1.08,1.1
1785950114.000433,AAPL260807C00315000,1.08,1.1
1785950115.244008,AAPL260807C00315000,1.08,1.1
1785950116.248222,AAPL260807C00315000,1.08,1.1
1785950117.342437,AAPL260807C00315000,1.08,1.1
1785950118.169088,AAPL260807C00315000,1.07,1.1
1785950119.015085,AAPL260807C00315000,1.07,1.08
1785950120.006993,AAPL260807C00315000,1.07,1.08
1785950121.228941,AAPL260807C00315000,1.07,1.08
1785950122.629582,AAPL260807C00315000,1.07,1.08
1785950123.345884,AAPL260807C00315000,1.07,1.08
1785950124.428254,AAPL260807C00315000,1.07,1.08
1785950125.006126,AAPL260807C00315000,1.1,1.12
1785950126.3377,AAPL260807C00315000,1.1,1.15
1785950127.024248,AAPL260807C00315000,1.1,1.15
1785950128.00012,AAPL260807C00315000,1.1,1.15
1785950129.060362,AAPL260807C00315000,1.1,1.15
1785950130.013875,AAPL260807C00315000,1.1,1.15
1785950131.176217,AAPL260807C00315000,1.1,1.15
1785950132.039625,AAPL260807C00315000,1.1,1.15
1785950134.118982,AAPL260807C00315000,1.1,1.15
1785950135.165351,AAPL260807C00315000,1.1,1.15
1785950136.077281,AAPL260807C00315000,1.1,1.15
1785950137.06115,AAPL260807C00315000,1.13,1.15
1785950138.54151,AAPL260807C00315000,1.13,1.15
1785950139.287343,AAPL260807C00315000,1.13,1.15
1785950140.011098,AAPL260807C00315000,1.12,1.15
1785950141.023612,AAPL260807C00315000,1.14,1.15
1785950142.083551,AAPL260807C00315000,1.13,1.15
1785950143.172887,AAPL260807C00315000,1.13,1.15
1785950144.034094,AAPL260807C00315000,1.15,1.17
1785950145.143423,AAPL260807C00315000,1.15,1.17
1785950146.212661,AAPL260807C00315000,1.15,1.17
1785950147.301165,AAPL260807C00315000,1.15,1.18
1785950148.168936,AAPL260807C00315000,1.15,1.18
1785950149.158997,AAPL260807C00315000,1.15,1.18
1785950150.193053,AAPL260807C00315000,1.15,1.18
1785950151.105472,AAPL260807C00315000,1.15,1.18
1785950152.16574,AAPL260807C00315000,1.15,1.18
1785950153.01713,AAPL260807C00315000,1.17,1.18
1785950154.026521,AAPL260807C00315000,1.17,1.18
1785950155.084658,AAPL260807C00315000,1.16,1.18
1785950156.003484,AAPL260807C00315000,1.15,1.17
1785950157.028414,AAPL260807C00315000,1.14,1.17
1785950158.181558,AAPL260807C00315000,1.14,1.17
1785950159.373889,AAPL260807C00315000,1.14,1.17
1785950160.029718,AAPL260807C00315000,1.14,1.17
1785950161.013803,AAPL260807C00315000,1.14,1.17
1785950162.482146,AAPL260807C00315000,1.14,1.17
1785950163.25764,AAPL260807C00315000,1.14,1.17
1785950164.027309,AAPL260807C00315000,1.14,1.17
1785950165.006611,AAPL260807C00315000,1.14,1.17
1785950166.048702,AAPL260807C00315000,1.14,1.17
1785950167.195676,AAPL260807C00315000,1.14,1.17
1785950168.16792,AAPL260807C00315000,1.14,1.17
1785950169.60257,AAPL260807C00315000,1.16,1.17
1785950170.293662,AAPL260807C00315000,1.16,1.17
1785950171.009278,AAPL260807C00315000,1.16,1.17
1785950172.423565,AAPL260807C00315000,1.16,1.17
1785950173.07304,AAPL260807C00315000,1.16,1.17
1785950174.721162,AAPL260807C00315000,1.14,1.16
1785950175.031161,AAPL260807C00315000,1.14,1.16
1785950176.443578,AAPL260807C00315000,1.14,1.16
1785950177.114845,AAPL260807C00315000,1.14,1.16
1785950178.097949,AAPL260807C00315000,1.15,1.17
1785950179.528212,AAPL260807C00315000,1.15,1.17
1785950180.821095,AAPL260807C00315000,1.15,1.17
1785950181.167184,AAPL260807C00315000,1.15,1.17
1785950182.124507,AAPL260807C00315000,1.15,1.17
1785950183.059477,AAPL260807C00315000,1.15,1.17
1785950184.030456,AAPL260807C00315000,1.14,1.16
1785950185.314757,AAPL260807C00315000,1.14,1.16
1785950186.282336,AAPL260807C00315000,1.14,1.16
1785950187.161321,AAPL260807C00315000,1.13,1.16
1785950189.368854,AAPL260807C00315000,1.13,1.16
1785950190.108061,AAPL260807C00315000,1.13,1.16
1785950191.680841,AAPL260807C00315000,1.13,1.16
1785950192.119935,AAPL260807C00315000,1.13,1.16
1785950193.019078,AAPL260807C00315000,1.13,1.16
1785950194.045325,AAPL260807C00315000,1.13,1.16
1785950195.230572,AAPL260807C00315000,1.12,1.15
1785950196.057349,AAPL260807C00315000,1.12,1.15
1785950197.104735,AAPL260807C00315000,1.12,1.15
1785950198.085949,AAPL260807C00315000,1.12,1.15
1785950199.040234,AAPL260807C00315000,1.12,1.15
1785950200.058076,AAPL260807C00315000,1.12,1.15
1785950201.188351,AAPL260807C00315000,1.12,1.15
1785950203.202811,AAPL260807C00315000,1.12,1.15
1785950205.746248,AAPL260807C00315000,1.12,1.16
1785950206.166127,AAPL260807C00315000,1.12,1.16
1785950207.130466,AAPL260807C00315000,1.12,1.16
1785950208.165505,AAPL260807C00315000,1.12,1.16
1785950209.295242,AAPL260807C00315000,1.12,1.16
1785950210.138297,AAPL260807C00315000,1.12,1.16
1785950211.310298,AAPL260807C00315000,1.12,1.16
1785950212.175279,AAPL260807C00315000,1.12,1.16
1785950213.019927,AAPL260807C00315000,1.12,1.16
1785950214.022973,AAPL260807C00315000,1.12,1.16
1785950215.067363,AAPL260807C00315000,1.12,1.16
1785950216.118765,AAPL260807C00315000,1.12,1.16
1785950218.641143,AAPL260807C00315000,1.12,1.16
1785950219.187362,AAPL260807C00315000,1.12,1.16
1785950220.041712,AAPL260807C00315000,1.12,1.16
1785950221.156645,AAPL260807C00315000,1.12,1.16
1785950223.027124,AAPL260807C00315000,1.12,1.16
1785950224.014714,AAPL260807C00315000,1.12,1.16
1785950225.166831,AAPL260807C00315000,1.12,1.16
1785950226.696599,AAPL260807C00315000,1.12,1.15
1785950227.041994,AAPL260807C00315000,1.12,1.15
1785950228.014504,AAPL260807C00315000,1.12,1.15
1785950229.05079,AAPL260807C00315000,1.12,1.14
1785950230.270663,AAPL260807C00315000,1.12,1.14
1785950231.106556,AAPL260807C00315000,1.12,1.14
1785950232.014566,AAPL260807C00315000,1.12,1.14
1785950233.168627,AAPL260807C00315000,1.12,1.14
1785950234.259334,AAPL260807C00315000,1.11,1.14
1785950235.0175,AAPL260807C00315000,1.11,1.12
1785950236.058188,AAPL260807C00315000,1.11,1.12
1785950237.063006,AAPL260807C00315000,1.1,1.12
1785950238.158046,AAPL260807C00315000,1.1,1.12
1785950239.068653,AAPL260807C00315000,1.1,1.12
1785950240.147299,AAPL260807C00315000,1.1,1.12
1785950241.475446,AAPL260807C00315000,1.1,1.12
1785950242.166673,AAPL260807C00315000,1.1,1.12
1785950243.164804,AAPL260807C00315000,1.1,1.12
1786370372.540872,AMD260810C00485000,1.04,1.13
1786370373.397054,AMD260810C00485000,1.04,1.13
1786370374.013551,AMD260810C00485000,1.04,1.13
1786370375.247908,AMD260810C00485000,1.04,1.13
1786370376.295063,AMD260810C00485000,1.03,1.13
1786370377.050922,AMD260810C00485000,1.03,1.13
1786370378.015512,AMD260810C00485000,0.99,1.08
1786370379.115207,AMD260810C00485000,0.99,1.08
1786370380.026931,AMD260810C00485000,1.0,1.12
1786370381.087221,AMD260810C00485000,1.0,1.12
1786370382.303297,AMD260810C00485000,1.0,1.12
1786370383.00373,AMD260810C00485000,1.03,1.15
1786370384.08781,AMD260810C00485000,1.06,1.15
1786370385.140691,AMD260810C00485000,1.1,1.2
1786370386.571617,AMD260810C00485000,1.11,1.2
1786370387.080479,AMD260810C00485000,1.11,1.2
1786370388.443377,AMD260810C00485000,1.11,1.2
1786370389.434206,AMD260810C00485000,1.11,1.2
1786370390.002249,AMD260810C00485000,1.11,1.2
1786370391.004104,AMD260810C00485000,1.12,1.26
1786370392.025296,AMD260810C00485000,1.1,1.23
1786370393.350617,AMD260810C00485000,1.1,1.23
1786370394.019558,AMD260810C00485000,1.1,1.23
1786370395.024209,AMD260810C00485000,1.1,1.23
1786370396.017939,AMD260810C00485000,1.1,1.22
1786370397.060006,AMD260810C00485000,1.06,1.2
1786370398.052048,AMD260810C00485000,1.08,1.2
1786370399.010716,AMD260810C00485000,1.08,1.2
1786370400.000634,AMD260810C00485000,1.06,1.19
1786370401.049807,AMD260810C00485000,1.06,1.18
1786370402.036091,AMD260810C00485000,1.07,1.19
1786370403.092574,AMD260810C00485000,1.05,1.19
1786370404.00556,AMD260810C00485000,0.99,1.12
1786370405.030225,AMD260810C00485000,0.99,1.12
1786370406.002967,AMD260810C00485000,0.99,1.12
1786370407.254205,AMD260810C00485000,0.99,1.09
1786370408.147034,AMD260810C00485000,1.01,1.1
1786370409.208223,AMD260810C00485000,1.04,1.1
1786370410.028069,AMD260810C00485000,1.03,1.1
1786370411.022556,AMD260810C00485000,1.04,1.19
1786370412.122825,AMD260810C00485000,1.04,1.18
1786370413.096994,AMD260810C00485000,1.04,1.17
1786370414.000773,AMD260810C00485000,1.01,1.12
1786370415.495177,AMD260810C00485000,0.99,1.12
1786370416.335307,AMD260810C00485000,0.99,1.12
1786370417.046899,AMD260810C00485000,0.99,1.09
1786370419.045497,AMD260810C00485000,0.99,1.1
1786370420.024579,AMD260810C00485000,0.99,1.09
1786370421.062129,AMD260810C00485000,0.99,1.09
1786370422.331091,AMD260810C00485000,0.99,1.09
1786370423.103458,AMD260810C00485000,0.99,1.09
1786370424.233109,AMD260810C00485000,0.99,1.09
1786370425.056057,AMD260810C00485000,0.94,1.03
1786370426.059195,AMD260810C00485000,0.94,1.04
1786370427.124647,AMD260810C00485000,0.94,1.04
1786370428.000806,AMD260810C00485000,1.0,1.13
1786370429.540505,AMD260810C00485000,1.0,1.13
1786370430.022962,AMD260810C00485000,1.0,1.13
1786370431.155181,AMD260810C00485000,1.0,1.12
1786370432.037158,AMD260810C00485000,1.0,1.12
1786370433.115106,AMD260810C00485000,1.11,1.27
1786370434.048845,AMD260810C00485000,1.11,1.27
1786370435.108002,AMD260810C00485000,1.11,1.27
1786370436.056706,AMD260810C00485000,1.13,1.25
1786370437.099698,AMD260810C00485000,1.13,1.25
1786370438.020359,AMD260810C00485000,1.14,1.26
1786370439.023,AMD260810C00485000,1.16,1.31
1786370440.003694,AMD260810C00485000,1.16,1.31
1786370441.020649,AMD260810C00485000,1.1,1.22
1786370442.060975,AMD260810C00485000,1.11,1.27
1786370443.009699,AMD260810C00485000,1.11,1.24
1786370444.004884,AMD260810C00485000,1.14,1.29
1786370445.032146,AMD260810C00485000,1.13,1.27
1786370446.065818,AMD260810C00485000,1.22,1.35
1786370447.05678,AMD260810C00485000,1.21,1.34
1786370448.30007,AMD260810C00485000,1.19,1.34
1786370449.038461,AMD260810C00485000,1.14,1.3
1786370450.007149,AMD260810C00485000,1.15,1.3
1786370451.086231,AMD260810C00485000,1.16,1.33
1786370452.280293,AMD260810C00485000,1.18,1.34
1786370453.002148,AMD260810C00485000,1.24,1.35
1786370454.30452,AMD260810C00485000,1.24,1.35
1786370455.00192,AMD260810C00485000,1.25,1.35
1786370456.172468,AMD260810C00485000,1.09,1.26
1786370457.002265,AMD260810C00485000,1.1,1.25
1786370458.033205,AMD260810C00485000,1.1,1.21
1786370459.074219,AMD260810C00485000,1.17,1.21
1786370460.005038,AMD260810C00485000,0.96,1.14
1786370461.05484,AMD260810C00485000,1.04,1.2
1786370462.055262,AMD260810C00485000,1.12,1.29
1786370463.046089,AMD260810C00485000,1.12,1.27
1786370464.345593,AMD260810C00485000,1.12,1.26
1786370465.064233,AMD260810C00485000,1.1,1.24
1786370466.010254,AMD260810C00485000,1.2,1.34
1786370467.432886,AMD260810C00485000,1.2,1.35
1786370468.012745,AMD260810C00485000,1.2,1.34
1786370469.08309,AMD260810C00485000,1.2,1.34
1786370470.02096,AMD260810C00485000,1.21,1.34
1786370471.017982,AMD260810C00485000,1.18,1.33
1786370472.116273,AMD260810C00485000,1.14,1.28
1786370473.05287,AMD260810C00485000,1.11,1.28
1786370474.147035,AMD260810C00485000,1.11,1.24
1786370475.042433,AMD260810C00485000,1.11,1.24
1786370476.019167,AMD260810C00485000,1.06,1.21
1786370477.032627,AMD260810C00485000,1.11,1.26
1786370478.17239,AMD260810C00485000,1.1,1.25
1786370479.045389,AMD260810C00485000,1.1,1.25
1786370480.04811,AMD260810C00485000,1.1,1.27
1786370481.038733,AMD260810C00485000,1.1,1.27
1786370482.052666,AMD260810C00485000,1.1,1.23
1786370483.048267,AMD260810C00485000,1.1,1.23
1786370484.091052,AMD260810C00485000,1.1,1.24
1786370485.006776,AMD260810C00485000,1.1,1.24
1786370486.055841,AMD260810C00485000,1.1,1.24
1786370487.029633,AMD260810C00485000,1.1,1.24
1786370488.010929,AMD260810C00485000,1.1,1.24
1786370489.040038,AMD260810C00485000,1.1,1.24
1786370490.005708,AMD260810C00485000,1.16,1.28
1786370491.054624,AMD260810C00485000,1.11,1.25
1786370492.049854,AMD260810C00485000,1.11,1.25
1786370493.015441,AMD260810C00485000,1.16,1.24
1786370494.00518,AMD260810C00485000,1.11,1.25
1786370495.270896,AMD260810C00485000,1.12,1.25
1786370496.793173,AMD260810C00485000,1.12,1.25
1786370497.051869,AMD260810C00485000,1.12,1.25
1786370498.052517,AMD260810C00485000,1.13,1.29
1786370499.460053,AMD260810C00485000,1.13,1.29
1786370500.052818,AMD260810C00485000,1.19,1.3
1786370501.061403,AMD260810C00485000,1.18,1.3
1786370502.454711,AMD260810C00485000,1.19,1.3
1786370503.088204,AMD260810C00485000,1.19,1.3
1786370504.009104,AMD260810C00485000,1.19,1.3
1786370505.238443,AMD260810C00485000,1.21,1.3
1786370506.01418,AMD260810C00485000,1.22,1.3
1786370507.009899,AMD260810C00485000,1.21,1.3
1786370508.026599,AMD260810C00485000,1.21,1.3
1786370509.07549,AMD260810C00485000,1.25,1.42
1786370510.022957,AMD260810C00485000,1.25,1.41
1786370511.006168,AMD260810C00485000,1.25,1.41
1786370512.001501,AMD260810C00485000,1.29,1.44
1786370513.076777,AMD260810C00485000,1.28,1.44
1786370514.063165,AMD260810C00485000,1.29,1.44
1786370515.055361,AMD260810C00485000,1.29,1.44
1786370516.036519,AMD260810C00485000,1.29,1.44
1786370517.109877,AMD260810C00485000,1.29,1.44
1786370518.048237,AMD260810C00485000,1.29,1.44
1786370519.311456,AMD260810C00485000,1.3,1.4
1786370520.010543,AMD260810C00485000,1.3,1.4
1786370521.139035,AMD260810C00485000,1.3,1.39
1786370522.069158,AMD260810C00485000,1.3,1.39
1786370523.062165,AMD260810C00485000,1.3,1.39
1786370524.04558,AMD260810C00485000,1.31,1.46
1786370525.01884,AMD260810C00485000,1.31,1.46
1786370526.054828,AMD260810C00485000,1.32,1.45
1786370527.003917,AMD260810C00485000,1.22,1.36
1786370528.025281,AMD260810C00485000,1.2,1.32
1786370529.036942,AMD260810C00485000,1.2,1.32
1786370530.105831,AMD260810C00485000,1.2,1.28
1786370531.05127,AMD260810C00485000,1.2,1.28
1786370532.091826,AMD260810C00485000,1.2,1.27
1786370533.440093,AMD260810C00485000,1.22,1.3
1786370534.019591,AMD260810C00485000,1.2,1.28
1786370535.094135,AMD260810C00485000,1.2,1.28
1786370536.048843,AMD260810C00485000,1.2,1.28
1786370537.308198,AMD260810C00485000,1.12,1.23
1786370538.009767,AMD260810C00485000,1.12,1.23
1786370539.046996,AMD260810C00485000,1.13,1.26
1786370540.024977,AMD260810C00485000,1.13,1.26
1786370541.101012,AMD260810C00485000,1.2,1.33
1786370543.282203,AMD260810C00485000,1.2,1.32
1786370544.442382,AMD260810C00485000,1.2,1.31
1786370545.050717,AMD260810C00485000,1.2,1.3
1786370546.054551,AMD260810C00485000,1.17,1.3
1786370547.050611,AMD260810C00485000,1.17,1.29
1786370548.036251,AMD260810C00485000,1.17,1.28
1786370549.049112,AMD260810C00485000,1.17,1.28
1786370550.05304,AMD260810C00485000,1.17,1.28
1786370551.041104,AMD260810C00485000,1.09,1.21
1786370552.02124,AMD260810C00485000,1.1,1.2
1786370553.260339,AMD260810C00485000,1.11,1.2
1786370554.151881,AMD260810C00485000,1.11,1.21
1786370555.067799,AMD260810C00485000,1.11,1.23
1786370556.052092,AMD260810C00485000,1.13,1.21
1786370557.05751,AMD260810C00485000,1.02,1.14
1786370558.000185,AMD260810C00485000,1.02,1.13
1786370559.035306,AMD260810C00485000,1.02,1.13
1786370560.020912,AMD260810C00485000,1.02,1.13
1786370561.048765,AMD260810C00485000,1.01,1.12
1786370562.034288,AMD260810C00485000,1.02,1.14
1786370563.02347,AMD260810C00485000,0.97,1.07
1786370564.021622,AMD260810C00485000,0.97,1.09
1786370565.039139,AMD260810C00485000,0.98,1.07
1786370566.01307,AMD260810C00485000,0.98,1.07
1786370567.022553,AMD260810C00485000,0.98,1.09
1786370568.149359,AMD260810C00485000,0.98,1.08
1786370569.553687,AMD260810C00485000,0.98,1.1
1786370570.025341,AMD260810C00485000,0.98,1.1
1786370571.009903,AMD260810C00485000,1.0,1.13
1786370572.020715,AMD260810C00485000,1.0,1.11
1786370573.106851,AMD260810C00485000,1.0,1.1
1786370574.083984,AMD260810C00485000,1.0,1.1
1786370575.06532,AMD260810C00485000,0.95,1.09
1786370576.060778,AMD260810C00485000,0.95,1.08
1786370577.025704,AMD260810C00485000,0.95,1.08
1786370578.063308,AMD260810C00485000,0.95,1.06
1786370579.151593,AMD260810C00485000,0.95,1.07
1786370580.029858,AMD260810C00485000,0.95,1.07
1786370581.011507,AMD260810C00485000,0.95,1.07
1786370582.048224,AMD260810C00485000,0.95,1.07
1786370583.111817,AMD260810C00485000,0.96,1.07
1786370584.034692,AMD260810C00485000,1.04,1.15
1786370585.039177,AMD260810C00485000,1.04,1.14
1786370586.103294,AMD260810C00485000,1.05,1.14
1786370587.00842,AMD260810C00485000,1.05,1.14
1786370588.008142,AMD260810C00485000,1.0,1.11
1786370589.005524,AMD260810C00485000,1.0,1.11
1786370590.010235,AMD260810C00485000,0.96,1.09
1786370591.040069,AMD260810C00485000,0.99,1.09
1786370592.015124,AMD260810C00485000,0.99,1.09
1786370593.035974,AMD260810C00485000,1.0,1.14
1786370594.307882,AMD260810C00485000,1.02,1.14
1786370595.05281,AMD260810C00485000,1.02,1.14
1786370596.348754,AMD260810C00485000,0.95,1.04
1786370597.00664,AMD260810C00485000,0.95,1.04
1786370598.028586,AMD260810C00485000,0.96,1.07
1786370599.024834,AMD260810C00485000,1.0,1.06
1786370600.169407,AMD260810C00485000,1.0,1.06
1786370601.159491,AMD260810C00485000,1.0,1.06
1786370602.235009,AMD260810C00485000,1.0,1.05
1786370604.460417,AMD260810C00485000,0.99,1.03
1786370605.087173,AMD260810C00485000,0.99,1.09
1786370606.034855,AMD260810C00485000,1.0,1.09
1786370607.214036,AMD260810C00485000,1.0,1.09
1786370608.052121,AMD260810C00485000,1.01,1.12
1786370609.055805,AMD260810C00485000,1.01,1.12
1786370610.098801,AMD260810C00485000,1.01,1.11
1786370611.091161,AMD260810C00485000,1.01,1.11
1786370612.033196,AMD260810C00485000,1.01,1.11
1786370614.268003,AMD260810C00485000,1.01,1.08
1786370615.049949,AMD260810C00485000,1.01,1.11
1786370616.083156,AMD260810C00485000,1.01,1.11
1786370617.17408,AMD260810C00485000,1.01,1.11
1786370618.039171,AMD260810C00485000,1.02,1.14
1786370619.030682,AMD260810C00485000,1.02,1.13
1786370620.032052,AMD260810C00485000,1.05,1.1
1786370621.392915,AMD260810C00485000,1.04,1.1
1786370622.066574,AMD260810C00485000,1.04,1.1
1786370624.650184,AMD260810C00485000,1.04,1.1
1786370625.09415,AMD260810C00485000,1.04,1.1
1786370626.041623,AMD260810C00485000,1.03,1.1
1786370627.040568,AMD260810C00485000,1.03,1.09
1786370628.102907,AMD260810C00485000,1.0,1.07
1786370629.007198,AMD260810C00485000,0.99,1.06
1786370630.126695,AMD260810C00485000,0.99,1.06
1786370631.025151,AMD260810C00485000,1.01,1.1
1786370632.056071,AMD260810C00485000,1.01,1.1
1786370633.177965,AMD260810C00485000,1.01,1.1
1786370634.080013,AMD260810C00485000,1.01,1.1
1786370635.048322,AMD260810C00485000,1.01,1.1
1786370636.103157,AMD260810C00485000,1.01,1.1
1786370637.059404,AMD260810C00485000,1.01,1.1
1786370638.274351,AMD260810C00485000,0.95,1.03
1786370639.562483,AMD260810C00485000,0.95,1.03
1786370640.000629,AMD260810C00485000,0.95,1.04
1786370641.006324,AMD260810C00485000,0.95,1.04
1786370642.003266,AMD260810C00485000,0.95,1.04
1786370643.063003,AMD260810C00485000,0.9,1.0
1786370644.06729,AMD260810C00485000,0.9,1.0
1786370645.0347,AMD260810C00485000,0.9,1.0
1786370646.171251,AMD260810C00485000,0.9,1.0
1786370647.028409,AMD260810C00485000,0.9,0.99
1786370648.02516,AMD260810C00485000,0.9,0.99
1786370649.082914,AMD260810C00485000,0.86,0.95
1786370650.018535,AMD260810C00485000,0.9,0.95
1786370651.050043,AMD260810C00485000,0.92,1.02
1786370652.057612,AMD260810C00485000,0.92,1.03
1786370653.005651,AMD260810C00485000,0.92,1.01
1786370654.104761,AMD260810C00485000,0.88,1.0
1786370655.100272,AMD260810C00485000,0.89,1.03
1786370656.056406,AMD260810C00485000,0.9,1.03
1786370657.037105,AMD260810C00485000,0.9,1.03
1786370658.008157,AMD260810C00485000,0.94,1.07
1786370659.047882,AMD260810C00485000,0.94,1.06
1786370660.053709,AMD260810C00485000,0.94,1.05
1786370661.064767,AMD260810C00485000,0.94,1.05
1786370662.058177,AMD260810C00485000,0.96,1.1
1786370663.072011,AMD260810C00485000,0.97,1.09
1786370664.077513,AMD260810C00485000,0.98,1.09
1786370665.050066,AMD260810C00485000,0.99,1.09
1786370666.055763,AMD260810C00485000,0.99,1.09
1786370667.003144,AMD260810C00485000,0.99,1.09
1786370668.062718,AMD260810C00485000,0.99,1.09
1786370669.047114,AMD260810C00485000,0.99,1.09
1786370670.052956,AMD260810C00485000,0.99,1.09
1786370671.010625,AMD260810C00485000,0.99,1.08
1786370672.168102,AMD260810C00485000,0.99,1.08
1786370673.038603,AMD260810C00485000,0.99,1.09
1786370674.01624,AMD260810C00485000,0.99,1.08
1786370675.044152,AMD260810C00485000,0.99,1.08
1786370676.033542,AMD260810C00485000,1.03,1.1
1786370677.039058,AMD260810C00485000,1.03,1.15
1786370678.014462,AMD260810C00485000,1.03,1.12
1786370679.042042,AMD260810C00485000,1.03,1.13
1786370680.039067,AMD260810C00485000,1.03,1.11
1786370681.05469,AMD260810C00485000,1.01,1.11
1786370682.063244,AMD260810C00485000,0.97,1.09
1786370683.629717,AMD260810C00485000,1.0,1.09
1786370684.000984,AMD260810C00485000,1.0,1.09
1786370685.008287,AMD260810C00485000,1.0,1.12
1786370686.052024,AMD260810C00485000,1.0,1.12
1786370687.041203,AMD260810C00485000,1.05,1.12
1786370688.064099,AMD260810C00485000,1.05,1.16
1786370689.114019,AMD260810C00485000,1.05,1.19
1786370690.05606,AMD260810C00485000,1.05,1.19
1786370691.02286,AMD260810C00485000,1.1,1.19
1786370692.241946,AMD260810C00485000,1.1,1.21
1786370693.01126,AMD260810C00485000,1.14,1.28
1786370694.063237,AMD260810C00485000,1.15,1.29
1786370695.046156,AMD260810C00485000,1.15,1.29
1786370696.040108,AMD260810C00485000,1.15,1.28
1786370697.053013,AMD260810C00485000,1.15,1.27
1786370698.065096,AMD260810C00485000,1.15,1.27
1786370699.063413,AMD260810C00485000,1.16,1.3
1786370700.063534,AMD260810C00485000,1.16,1.26
1786370701.036711,AMD260810C00485000,1.13,1.22
1786370702.002317,AMD260810C00485000,1.13,1.21
1786370703.239042,AMD260810C00485000,1.13,1.23
1786370704.640445,AMD260810C00485000,1.13,1.21
1786370705.059881,AMD260810C00485000,1.13,1.25
1786370706.055981,AMD260810C00485000,1.15,1.29
1786370707.014373,AMD260810C00485000,1.16,1.27
1786370708.068203,AMD260810C00485000,1.24,1.3
1786370709.001182,AMD260810C00485000,1.23,1.3
1786370710.258546,AMD260810C00485000,1.23,1.3
1786370711.059206,AMD260810C00485000,1.18,1.3
1786370712.035626,AMD260810C00485000,1.18,1.3
1786370713.241152,AMD260810C00485000,1.24,1.36
1786370714.028569,AMD260810C00485000,1.25,1.36
1786370715.010884,AMD260810C00485000,1.25,1.36
1786370716.057922,AMD260810C00485000,1.28,1.36
1786370717.003195,AMD260810C00485000,1.31,1.43
1786370718.05694,AMD260810C00485000,1.31,1.44
1786370719.032799,AMD260810C00485000,1.31,1.44
1786370720.0007,AMD260810C00485000,1.37,1.5
1786370721.027538,AMD260810C00485000,1.32,1.46
1786370722.051946,AMD260810C00485000,1.32,1.45
1786370723.020824,AMD260810C00485000,1.33,1.47
1786370724.131502,AMD260810C00485000,1.4,1.5
1786370725.12807,AMD260810C00485000,1.4,1.5
1786370726.017976,AMD260810C00485000,1.39,1.5
1786370727.530077,AMD260810C00485000,1.4,1.5
1786370728.020671,AMD260810C00485000,1.4,1.5
1786370729.01412,AMD260810C00485000,1.41,1.5
1786370730.037656,AMD260810C00485000,1.45,1.56
1786370731.050278,AMD260810C00485000,1.44,1.54
1786370732.243114,AMD260810C00485000,1.36,1.49
1786370733.054072,AMD260810C00485000,1.36,1.48
1786370734.066909,AMD260810C00485000,1.36,1.47
1786370735.167459,AMD260810C00485000,1.36,1.45
1786370736.038156,AMD260810C00485000,1.37,1.52
1786370737.00166,AMD260810C00485000,1.41,1.52
1786370738.021626,AMD260810C00485000,1.47,1.62
1786370739.016115,AMD260810C00485000,1.47,1.59
1786370740.173544,AMD260810C00485000,1.51,1.63
1786370741.003794,AMD260810C00485000,1.51,1.62
1786370742.058669,AMD260810C00485000,1.48,1.59
1786370743.035889,AMD260810C00485000,1.39,1.52
1786370744.055478,AMD260810C00485000,1.42,1.54
1786370745.027024,AMD260810C00485000,1.43,1.55
1786370746.050219,AMD260810C00485000,1.45,1.53
1786370747.102832,AMD260810C00485000,1.47,1.54
1786370748.032657,AMD260810C00485000,1.46,1.54
1786370749.224747,AMD260810C00485000,1.46,1.57
1786370750.151861,AMD260810C00485000,1.46,1.57
1786370751.303718,AMD260810C00485000,1.46,1.57
1786370752.204065,AMD260810C00485000,1.46,1.57
1786370753.195593,AMD260810C00485000,1.49,1.63
1786370754.024616,AMD260810C00485000,1.49,1.62
1786370755.043942,AMD260810C00485000,1.47,1.6
1786370756.041424,AMD260810C00485000,1.47,1.6
1786370757.143699,AMD260810C00485000,1.47,1.6
1786370758.050462,AMD260810C00485000,1.47,1.63
1786370759.007759,AMD260810C00485000,1.48,1.62
1786370760.059865,AMD260810C00485000,1.48,1.58
1786370761.190266,AMD260810C00485000,1.57,1.7
1786370762.295152,AMD260810C00485000,1.6,1.7
1786370763.317068,AMD260810C00485000,1.6,1.7
1786370764.058245,AMD260810C00485000,1.58,1.7
1786370765.017156,AMD260810C00485000,1.58,1.7
1786370766.223569,AMD260810C00485000,1.61,1.74
1786370767.027956,AMD260810C00485000,1.61,1.72
1786370768.054193,AMD260810C00485000,1.66,1.79
1786370769.107484,AMD260810C00485000,1.8,1.95
1786370770.05268,AMD260810C00485000,1.81,1.93
1786370771.057859,AMD260810C00485000,1.72,1.86
1786370772.035599,AMD260810C00485000,1.75,1.86
1786370773.050009,AMD260810C00485000,1.76,1.88
1786370774.05339,AMD260810C00485000,1.77,1.9
1786370775.026472,AMD260810C00485000,1.76,1.89
1786370776.005473,AMD260810C00485000,1.81,1.95
1786370777.008557,AMD260810C00485000,1.81,1.95
1786370778.006355,AMD260810C00485000,1.81,1.95
1786370779.06133,AMD260810C00485000,1.82,1.95
1786370780.002887,AMD260810C00485000,1.96,2.12
1786370781.000972,AMD260810C00485000,1.98,2.1
1786370782.013171,AMD260810C00485000,2.02,2.16
1786370783.220223,AMD260810C00485000,2.11,2.25
1786370784.171856,AMD260810C00485000,2.09,2.25
1786370785.048562,AMD260810C00485000,2.08,2.23
1786370786.068612,AMD260810C00485000,2.11,2.25
1786370787.084852,AMD260810C00485000,2.15,2.25
1786370788.00695,AMD260810C00485000,2.17,2.32
1786370789.038508,AMD260810C00485000,2.17,2.33
1786370790.227849,AMD260810C00485000,2.21,2.35
1786370791.162017,AMD260810C00485000,2.19,2.3
1786370792.313855,AMD260810C00485000,2.2,2.29
1786370793.160469,AMD260810C00485000,2.21,2.32
1786370794.026843,AMD260810C00485000,2.22,2.33
1786370795.102082,AMD260810C00485000,2.18,2.3
1786370796.00264,AMD260810C00485000,2.22,2.31
1786370797.097048,AMD260810C00485000,2.19,2.28
1786370798.064679,AMD260810C00485000,2.19,2.28
1786370799.120715,AMD260810C00485000,2.19,2.29
1786370800.064078,AMD260810C00485000,2.15,2.3
1786370801.064587,AMD260810C00485000,2.15,2.3
1786370802.497029,AMD260810C00485000,2.15,2.3
1786370803.097709,AMD260810C00485000,2.2,2.29
1786370804.298877,AMD260810C00485000,2.13,2.24
1786370805.290923,AMD260810C00485000,2.13,2.19
1786370806.012909,AMD260810C00485000,2.14,2.28
1786370807.051949,AMD260810C00485000,2.16,2.27
1786370808.595253,AMD260810C00485000,2.15,2.27
1786370809.007329,AMD260810C00485000,2.17,2.26
1786370810.048776,AMD260810C00485000,2.2,2.27
1786370811.161536,AMD260810C00485000,2.22,2.31
1786370812.047215,AMD260810C00485000,2.22,2.3
1786370813.306475,AMD260810C00485000,2.19,2.31
1786370814.195379,AMD260810C00485000,2.21,2.35
1786370815.024359,AMD260810C00485000,2.21,2.35
1786370816.33431,AMD260810C00485000,2.29,2.43
1786370817.13043,AMD260810C00485000,2.29,2.39
1786370818.031595,AMD260810C00485000,2.23,2.35
1786370819.001297,AMD260810C00485000,2.21,2.3
1786370820.013182,AMD260810C00485000,2.18,2.35
1786370821.046821,AMD260810C00485000,2.2,2.35
1786370822.251166,AMD260810C00485000,2.15,2.29
1786370823.037496,AMD260810C00485000,2.15,2.29
1786370824.086287,AMD260810C00485000,2.15,2.29
1786370825.031417,AMD260810C00485000,2.1,2.25
1786370826.013853,AMD260810C00485000,2.13,2.24
1786370827.033713,AMD260810C00485000,2.23,2.35
1786370828.002638,AMD260810C00485000,2.46,2.6
1786370829.075477,AMD260810C00485000,2.46,2.59
1786370830.00173,AMD260810C00485000,2.58,2.75
1786370831.104874,AMD260810C00485000,2.58,2.68
1786370832.028032,AMD260810C00485000,2.59,2.6
1786370833.465083,AMD260810C00485000,2.54,2.68
1786370834.001163,AMD260810C00485000,2.59,2.65
1786370835.059636,AMD260810C00485000,2.52,2.64
1786370836.021748,AMD260810C00485000,2.5,2.64
1786370837.029094,AMD260810C00485000,2.58,2.64
1786370838.015549,AMD260810C00485000,2.59,2.69
1786370839.044223,AMD260810C00485000,2.59,2.71
1786370840.048445,AMD260810C00485000,2.58,2.72
1786370841.018043,AMD260810C00485000,2.52,2.67
1786370842.020108,AMD260810C00485000,2.48,2.64
1786370843.010313,AMD260810C00485000,2.38,2.55
1786370844.085029,AMD260810C00485000,2.41,2.51
1786370845.057984,AMD260810C00485000,2.4,2.52
1786370846.026115,AMD260810C00485000,2.42,2.58
1786370847.062819,AMD260810C00485000,2.42,2.58
1786370848.072135,AMD260810C00485000,2.48,2.62
1786370849.046153,AMD260810C00485000,2.48,2.6
1786370850.005807,AMD260810C00485000,2.55,2.67
1786370851.194723,AMD260810C00485000,2.56,2.68
1786370852.014465,AMD260810C00485000,2.58,2.7
1786370853.000919,AMD260810C00485000,2.61,2.76
1786370854.865783,AMD260810C00485000,2.61,2.75
1786370855.163236,AMD260810C00485000,2.61,2.75
1786370856.312025,AMD260810C00485000,2.61,2.75
1786370857.015949,AMD260810C00485000,2.68,2.84
1786370858.031448,AMD260810C00485000,2.64,2.78
1786370859.204881,AMD260810C00485000,2.64,2.79
1786370860.050569,AMD260810C00485000,2.64,2.79
1786370861.05116,AMD260810C00485000,2.64,2.78
1786370862.09744,AMD260810C00485000,2.58,2.72
1786370863.016513,AMD260810C00485000,2.56,2.73
1786370864.044459,AMD260810C00485000,2.62,2.76
1786370865.05846,AMD260810C00485000,2.68,2.83
1786370866.012315,AMD260810C00485000,2.65,2.82
1786370867.148487,AMD260810C00485000,2.71,2.88
1786370868.014125,AMD260810C00485000,2.7,2.84
1786370869.061283,AMD260810C00485000,2.71,2.84
1786370870.103598,AMD260810C00485000,2.84,2.9
1786370871.673529,AMD260810C00485000,2.78,2.9
1786370872.000331,AMD260810C00485000,2.77,2.9
1786370873.852607,AMD260810C00485000,2.84,2.9
1786370874.165362,AMD260810C00485000,2.84,2.9
1786370875.023465,AMD260810C00485000,2.78,2.89
1786370876.034749,AMD260810C00485000,2.73,2.9
1786370877.187827,AMD260810C00485000,2.76,2.9
1786370878.054214,AMD260810C00485000,2.76,2.9
1786370879.026884,AMD260810C00485000,2.83,2.98
1786370880.007105,AMD260810C00485000,2.78,2.91
1786370881.080028,AMD260810C00485000,2.78,2.9
1786370882.006371,AMD260810C00485000,2.75,2.84
1786370883.05169,AMD260810C00485000,2.75,2.88
1786370884.063165,AMD260810C00485000,2.54,2.71
1786370885.01158,AMD260810C00485000,2.54,2.65
1786370886.067785,AMD260810C00485000,2.5,2.66
1786370887.043251,AMD260810C00485000,2.5,2.66
1786370888.019466,AMD260810C00485000,2.5,2.63
1786370889.084026,AMD260810C00485000,2.46,2.63
1786370890.021647,AMD260810C00485000,2.43,2.63
1786370891.031103,AMD260810C00485000,2.48,2.65
1786370892.018062,AMD260810C00485000,2.51,2.64
1786370893.00089,AMD260810C00485000,2.5,2.66
1786370894.090394,AMD260810C00485000,2.5,2.67
1786370895.054017,AMD260810C00485000,2.56,2.7
1786370896.027577,AMD260810C00485000,2.57,2.71
1786370897.058145,AMD260810C00485000,2.57,2.75
1786370899.09153,AMD260810C00485000,2.58,2.73
1786370900.043526,AMD260810C00485000,2.8,2.98
1786370901.329451,AMD260810C00485000,2.81,2.95
1786370902.000263,AMD260810C00485000,2.9,2.98
1786370903.15261,AMD260810C00485000,2.85,3.0
1786370904.02797,AMD260810C00485000,2.85,3.0
1786370905.07407,AMD260810C00485000,2.87,3.0
1786370906.08711,AMD260810C00485000,2.9,2.99
1786370907.33301,AMD260810C00485000,2.83,2.97
1786370908.609396,AMD260810C00485000,2.85,3.0
1786370909.078498,AMD260810C00485000,2.66,2.82
1786370910.006851,AMD260810C00485000,2.6,2.73
1786370911.030148,AMD260810C00485000,2.54,2.72
1786370912.004237,AMD260810C00485000,2.68,2.87
1786370913.045217,AMD260810C00485000,2.73,2.9
1786370914.037333,AMD260810C00485000,2.73,2.9
1786370915.015053,AMD260810C00485000,2.7,2.81
1786370916.057555,AMD260810C00485000,2.63,2.81
1786370917.050689,AMD260810C00485000,2.58,2.79
1786370918.013897,AMD260810C00485000,2.67,2.86
1786370919.194301,AMD260810C00485000,2.71,2.86
1786370920.154486,AMD260810C00485000,2.71,2.85
1786370921.523736,AMD260810C00485000,2.71,2.78
1786370922.012577,AMD260810C00485000,2.71,2.78
1786370923.114278,AMD260810C00485000,2.66,2.8
1786370924.000431,AMD260810C00485000,2.66,2.79
1786370925.035908,AMD260810C00485000,2.6,2.79
1786370926.014228,AMD260810C00485000,2.51,2.67
1786370927.026597,AMD260810C00485000,2.51,2.67
1786370928.136805,AMD260810C00485000,2.51,2.69
1786370929.721975,AMD260810C00485000,2.52,2.69
1786370930.0179,AMD260810C00485000,2.52,2.69
1786370931.0914,AMD260810C00485000,2.52,2.72
1786370932.026667,AMD260810C00485000,2.51,2.66
1786370933.004978,AMD260810C00485000,2.42,2.6
1786370934.058092,AMD260810C00485000,2.45,2.64
1786370935.241685,AMD260810C00485000,2.45,2.64
1786370936.040189,AMD260810C00485000,2.47,2.64
1786370937.018146,AMD260810C00485000,2.53,2.7
1786370938.077778,AMD260810C00485000,2.54,2.67
1786370939.305216,AMD260810C00485000,2.63,2.7
1786370940.044036,AMD260810C00485000,2.59,2.69
1786370941.102784,AMD260810C00485000,2.5,2.67
1786370942.046485,AMD260810C00485000,2.41,2.58
1786370943.145531,AMD260810C00485000,2.28,2.48
1786370944.007809,AMD260810C00485000,2.28,2.48
1786370945.015275,AMD260810C00485000,2.4,2.59
1786370946.105248,AMD260810C00485000,2.4,2.54
1786370947.061768,AMD260810C00485000,2.4,2.54
1786370948.02274,AMD260810C00485000,2.4,2.54
1786370949.014048,AMD260810C00485000,2.4,2.53
1786370950.01095,AMD260810C00485000,2.35,2.51
1786370951.043336,AMD260810C00485000,2.35,2.51
1786370952.025679,AMD260810C00485000,2.3,2.45
1786370953.104845,AMD260810C00485000,2.3,2.45
1786370954.029859,AMD260810C00485000,2.38,2.54
1786370955.004039,AMD260810C00485000,2.4,2.54
1786370956.320496,AMD260810C00485000,2.44,2.57
1786370957.237208,AMD260810C00485000,2.53,2.7
1786370958.03843,AMD260810C00485000,2.62,2.8
1786370959.239571,AMD260810C00485000,2.68,2.8
1786370960.016896,AMD260810C00485000,2.71,2.91
1786370961.102697,AMD260810C00485000,2.68,2.86
1786370962.063867,AMD260810C00485000,2.73,2.92
1786370963.011753,AMD260810C00485000,2.77,2.95
1786370964.226416,AMD260810C00485000,2.76,2.94
1786370965.021761,AMD260810C00485000,2.87,3.0
1786370966.091828,AMD260810C00485000,2.88,2.99
1786370967.385138,AMD260810C00485000,2.86,2.99
1786370968.025259,AMD260810C00485000,3.0,3.2
1786370969.00083,AMD260810C00485000,2.98,3.2
1786370970.00611,AMD260810C00485000,2.98,3.15
1786370971.012004,AMD260810C00485000,2.85,3.05
1786370972.055856,AMD260810C00485000,2.85,3.05
1786370973.093373,AMD260810C00485000,2.89,3.05
1786370974.063147,AMD260810C00485000,3.0,3.25
1786370975.064884,AMD260810C00485000,3.0,3.25
1786370976.039891,AMD260810C00485000,3.05,3.2
1786370977.045947,AMD260810C00485000,3.05,3.2
1786370978.225504,AMD260810C00485000,2.98,3.15
1786370979.032242,AMD260810C00485000,3.0,3.15
1786370980.035266,AMD260810C00485000,3.05,3.25
1786370981.03877,AMD260810C00485000,3.05,3.25
1786370982.327625,AMD260810C00485000,3.05,3.25
1786370983.043086,AMD260810C00485000,3.0,3.25
1786370984.149602,AMD260810C00485000,3.0,3.25
1786370985.066418,AMD260810C00485000,3.0,3.25
1786370986.117949,AMD260810C00485000,3.0,3.2
1786370987.032255,AMD260810C00485000,3.0,3.2
1786370988.033056,AMD260810C00485000,3.0,3.2
1786370989.045952,AMD260810C00485000,3.0,3.2
1786370990.018396,AMD260810C00485000,3.0,3.2
1786370991.027066,AMD260810C00485000,3.0,3.2
1786370992.039901,AMD260810C00485000,3.0,3.2
1786370993.047667,AMD260810C00485000,3.0,3.2
1786370994.416994,AMD260810C00485000,3.0,3.2
1786370995.030737,AMD260810C00485000,3.0,3.2
1786370996.053205,AMD260810C00485000,3.0,3.2
1786370997.191389,AMD260810C00485000,2.99,3.2
1786370998.009907,AMD260810C00485000,2.99,3.2
1786370999.194216,AMD260810C00485000,2.99,3.2
1786371000.050293,AMD260810C00485000,3.0,3.2
1786371001.001991,AMD260810C00485000,3.0,3.2
1786371002.05806,AMD260810C00485000,3.0,3.25
1786371003.035627,AMD260810C00485000,3.05,3.25
1786371004.035421,AMD260810C00485000,3.1,3.25
1786371005.013048,AMD260810C00485000,3.1,3.25
1786371006.05497,AMD260810C00485000,3.1,3.25
1786371007.058219,AMD260810C00485000,3.1,3.25
1786371008.007262,AMD260810C00485000,3.1,3.2
1786371009.018161,AMD260810C00485000,3.1,3.2
1786371010.006255,AMD260810C00485000,3.0,3.15
1786371011.165406,AMD260810C00485000,3.0,3.15
1786371012.069584,AMD260810C00485000,3.0,3.15
1786371013.010496,AMD260810C00485000,2.9,3.15
1786371014.07169,AMD260810C00485000,2.9,3.15
1786371015.044884,AMD260810C00485000,2.93,3.15
1786371016.055496,AMD260810C00485000,2.92,3.1
1786371017.002147,AMD260810C00485000,2.98,3.15
1786371018.039801,AMD260810C00485000,3.0,3.1
1786371019.048597,AMD260810C00485000,3.0,3.2
1786371020.313796,AMD260810C00485000,3.0,3.15
1786371021.073967,AMD260810C00485000,3.0,3.2
1786371022.023719,AMD260810C00485000,3.0,3.2
1786371023.019515,AMD260810C00485000,3.0,3.15
1786371024.025274,AMD260810C00485000,3.1,3.2
1786371025.028883,AMD260810C00485000,3.1,3.25
1786371026.051341,AMD260810C00485000,3.1,3.2
1786371027.857487,AMD260810C00485000,3.1,3.2
1786371028.018183,AMD260810C00485000,3.05,3.2
1786371029.068588,AMD260810C00485000,3.05,3.2
1786371030.017669,AMD260810C00485000,3.0,3.15
1786371031.003729,AMD260810C00485000,2.9,3.1
1786371032.088035,AMD260810C00485000,2.9,3.1
1786371033.23931,AMD260810C00485000,2.9,3.0
1786371034.069972,AMD260810C00485000,2.9,3.1
1786371035.059624,AMD260810C00485000,2.91,3.1
1786371036.002147,AMD260810C00485000,2.91,3.1
1786371037.039167,AMD260810C00485000,2.91,3.1
1786371038.084362,AMD260810C00485000,2.89,3.05
1786371039.036372,AMD260810C00485000,2.96,3.05
1786371040.063605,AMD260810C00485000,2.97,3.15
1786371041.423416,AMD260810C00485000,3.0,3.2
1786371042.04538,AMD260810C00485000,3.0,3.2
1786371043.050201,AMD260810C00485000,3.0,3.2
1786371044.049936,AMD260810C00485000,2.97,3.15
1786371045.034082,AMD260810C00485000,2.85,3.1
1786371046.037814,AMD260810C00485000,2.85,3.1
1786371047.274788,AMD260810C00485000,2.85,3.1
1786371048.246785,AMD260810C00485000,2.85,3.1
1786371049.002107,AMD260810C00485000,2.86,3.05
1786371050.058652,AMD260810C00485000,2.86,3.05
1786371051.017148,AMD260810C00485000,2.86,3.05
1786371052.400534,AMD260810C00485000,2.86,3.05
1786371053.006648,AMD260810C00485000,2.86,3.05
1786371054.079238,AMD260810C00485000,2.86,3.05
1786371055.04485,AMD260810C00485000,2.93,3.05
1786371056.108867,AMD260810C00485000,2.93,3.05
1786371057.000082,AMD260810C00485000,2.95,3.05
1786371058.055385,AMD260810C00485000,3.0,3.05
1786371059.493696,AMD260810C00485000,3.0,3.15
1786371060.046293,AMD260810C00485000,3.0,3.15
1786371061.098366,AMD260810C00485000,3.0,3.2
1786371062.020863,AMD260810C00485000,3.0,3.2
1786371063.049146,AMD260810C00485000,3.0,3.2
1786371064.047942,AMD260810C00485000,3.15,3.3
1786371065.243137,AMD260810C00485000,3.15,3.3
1786371066.356948,AMD260810C00485000,3.15,3.3
1786371067.004606,AMD260810C00485000,3.2,3.35
1786371068.185286,AMD260810C00485000,3.2,3.3
1786371069.050533,AMD260810C00485000,3.25,3.45
1786371070.040953,AMD260810C00485000,3.2,3.4
1786371071.044626,AMD260810C00485000,3.1,3.35
1786371072.062212,AMD260810C00485000,3.1,3.35
1786371073.041223,AMD260810C00485000,3.1,3.3
1786371074.002202,AMD260810C00485000,3.05,3.2
1786371075.00344,AMD260810C00485000,3.0,3.2
1786371076.043907,AMD260810C00485000,3.0,3.15
1786371077.088784,AMD260810C00485000,3.0,3.15
1786371078.077479,AMD260810C00485000,3.0,3.15
1786371079.054128,AMD260810C00485000,3.0,3.15
1786371080.029286,AMD260810C00485000,3.0,3.15
1786371081.075218,AMD260810C00485000,3.0,3.2
1786371082.027326,AMD260810C00485000,3.0,3.2
1786371083.467762,AMD260810C00485000,3.0,3.2
1786371084.041135,AMD260810C00485000,3.0,3.15
1786371085.042759,AMD260810C00485000,2.95,3.1
1786371086.046607,AMD260810C00485000,2.95,3.1
1786371087.082782,AMD260810C00485000,2.96,3.15
1786371088.016083,AMD260810C00485000,2.96,3.15
1786371089.151836,AMD260810C00485000,2.96,3.15
1786371090.092932,AMD260810C00485000,2.85,3.05
1786371091.768531,AMD260810C00485000,2.85,3.05
1786371092.179613,AMD260810C00485000,2.85,3.05
1786371093.001258,AMD260810C00485000,2.87,3.1
1786371094.540199,AMD260810C00485000,2.85,3.1
1786371095.000284,AMD260810C00485000,2.85,3.05
1786371096.255916,AMD260810C00485000,2.9,3.05
1786371097.219693,AMD260810C00485000,2.9,3.05
1786371098.118999,AMD260810C00485000,2.91,3.15
1786371099.034328,AMD260810C00485000,2.91,3.1
1786371100.003924,AMD260810C00485000,2.93,3.1
1786371101.043354,AMD260810C00485000,3.05,3.25
1786371102.336466,AMD260810C00485000,3.1,3.25
1786371103.091891,AMD260810C00485000,3.1,3.25
1786371104.017903,AMD260810C00485000,3.1,3.3
1786371105.423834,AMD260810C00485000,3.1,3.35
1786371106.033649,AMD260810C00485000,3.1,3.3
1786371107.146126,AMD260810C00485000,3.1,3.25
1786371108.075759,AMD260810C00485000,3.1,3.3
1786371109.012431,AMD260810C00485000,3.1,3.3
1786371110.517459,AMD260810C00485000,3.1,3.2
1786371111.047275,AMD260810C00485000,3.1,3.2
1786371112.621759,AMD260810C00485000,3.1,3.2
1786371113.977576,AMD260810C00485000,3.1,3.2
1786371114.000166,AMD260810C00485000,3.1,3.2
1786371115.070233,AMD260810C00485000,3.1,3.2
1786371116.058365,AMD260810C00485000,3.1,3.2
1786371117.035358,AMD260810C00485000,3.1,3.2
1786371118.010911,AMD260810C00485000,3.1,3.2
1786371119.062794,AMD260810C00485000,3.1,3.2
1786371120.179985,AMD260810C00485000,3.1,3.2
1786371121.237264,AMD260810C00485000,3.1,3.2
1786371122.308319,AMD260810C00485000,3.1,3.2
1786371123.092517,AMD260810C00485000,3.0,3.2
1786371124.000105,AMD260810C00485000,3.0,3.2
1786371125.069751,AMD260810C00485000,3.0,3.15
1786371126.066929,AMD260810C00485000,3.0,3.15
1786371127.21299,AMD260810C00485000,3.0,3.15
1786371128.008432,AMD260810C00485000,3.0,3.15
1786371129.001644,AMD260810C00485000,3.0,3.2
1786371130.009292,AMD260810C00485000,3.0,3.2
1786371131.055114,AMD260810C00485000,3.0,3.15
1786371132.051708,AMD260810C00485000,3.0,3.15
1786371133.129915,AMD260810C00485000,3.0,3.15
1786371134.290641,AMD260810C00485000,3.0,3.15
1786371135.130434,AMD260810C00485000,3.0,3.1
1786371136.244949,AMD260810C00485000,3.0,3.1
1786371137.042891,AMD260810C00485000,3.0,3.1
1786371138.200071,AMD260810C00485000,3.0,3.1
1786371139.485574,AMD260810C00485000,3.0,3.1
1786371140.074932,AMD260810C00485000,3.0,3.1
1786371141.075087,AMD260810C00485000,3.0,3.1
1786371142.056287,AMD260810C00485000,3.0,3.15
1786371143.085987,AMD260810C00485000,3.05,3.15
1786371144.070373,AMD260810C00485000,3.1,3.3
1786371145.000933,AMD260810C00485000,3.1,3.3
1786371146.004919,AMD260810C00485000,3.15,3.4
1786371147.006146,AMD260810C00485000,3.15,3.35
1786371148.153382,AMD260810C00485000,3.15,3.35
1786371149.028434,AMD260810C00485000,3.1,3.35
1786371150.009569,AMD260810C00485000,3.1,3.35
1786371151.013919,AMD260810C00485000,3.1,3.35
1786371152.017184,AMD260810C00485000,3.1,3.35
1786371153.127914,AMD260810C00485000,3.15,3.35
1786371154.1879,AMD260810C00485000,3.25,3.35
1786371155.224522,AMD260810C00485000,3.25,3.35
1786371156.010647,AMD260810C00485000,3.25,3.35
1786371157.264021,AMD260810C00485000,3.25,3.35
1786371158.04243,AMD260810C00485000,3.25,3.35
1786371159.017393,AMD260810C00485000,3.15,3.3
1786371160.011896,AMD260810C00485000,3.0,3.1
1786371161.056955,AMD260810C00485000,3.0,3.15
1786371162.122428,AMD260810C00485000,3.0,3.15
1786371163.095473,AMD260810C00485000,3.0,3.1
1786371164.055643,AMD260810C00485000,3.0,3.15
1786371165.115681,AMD260810C00485000,2.9,3.1
1786371166.008565,AMD260810C00485000,2.9,3.1
1786371167.029843,AMD260810C00485000,2.94,3.1
1786371168.084763,AMD260810C00485000,2.95,3.15
1786371169.245107,AMD260810C00485000,2.9,3.1
1786371170.185861,AMD260810C00485000,2.91,3.15
1786371171.049361,AMD260810C00485000,2.91,3.1
1786371172.068034,AMD260810C00485000,2.91,3.1
1786371173.003912,AMD260810C00485000,2.9,3.05
1786371174.002767,AMD260810C00485000,2.82,3.0
1786371175.017136,AMD260810C00485000,2.83,3.05
1786371176.050199,AMD260810C00485000,2.83,3.0
1786371177.15488,AMD260810C00485000,2.83,3.0
1786371178.00346,AMD260810C00485000,2.83,3.05
1786371179.070774,AMD260810C00485000,2.83,2.99
1786371180.33201,AMD260810C00485000,2.83,2.99
1786371181.067087,AMD260810C00485000,2.83,2.99
1786371182.012046,AMD260810C00485000,2.66,2.88
1786371183.080038,AMD260810C00485000,2.6,2.85
1786371184.042622,AMD260810C00485000,2.66,2.84
1786371185.288693,AMD260810C00485000,2.68,2.89
1786371186.042475,AMD260810C00485000,2.72,2.85
1786371187.027763,AMD260810C00485000,2.73,2.88
1786371188.009571,AMD260810C00485000,2.76,2.84
1786371189.010525,AMD260810C00485000,2.7,2.9
1786371190.002092,AMD260810C00485000,2.62,2.85
1786371191.036484,AMD260810C00485000,2.68,2.69
1786371192.115761,AMD260810C00485000,2.5,2.73
1786371193.062581,AMD260810C00485000,2.5,2.71
1786371194.132113,AMD260810C00485000,2.52,2.63
1786371195.056988,AMD260810C00485000,2.51,2.63
1786371196.077442,AMD260810C00485000,2.5,2.6
1786371197.27718,AMD260810C00485000,2.5,2.6
1786371198.002708,AMD260810C00485000,2.57,2.76
1786371199.146748,AMD260810C00485000,2.53,2.71
1786371200.116828,AMD260810C00485000,2.5,2.63
1786371201.062742,AMD260810C00485000,2.5,2.63
1786371202.198182,AMD260810C00485000,2.58,2.76
1786371203.051482,AMD260810C00485000,2.58,2.76
1786371204.063807,AMD260810C00485000,2.64,2.76
1786371205.08314,AMD260810C00485000,2.6,2.74
1786371206.054821,AMD260810C00485000,2.6,2.76
1786371207.120124,AMD260810C00485000,2.82,2.99
1786371208.011831,AMD260810C00485000,2.82,2.99
1786371209.55644,AMD260810C00485000,2.82,2.99
1786371210.006366,AMD260810C00485000,2.82,2.99
1786371211.028579,AMD260810C00485000,2.82,2.99
1786371212.015559,AMD260810C00485000,2.82,2.99
1786371213.05281,AMD260810C00485000,2.86,3.0
1786371215.193591,AMD260810C00485000,2.83,3.0
1786371216.114021,AMD260810C00485000,2.89,3.1
1786371217.217472,AMD260810C00485000,2.91,3.0
1786371218.196562,AMD260810C00485000,2.89,3.0
1786371219.094147,AMD260810C00485000,2.97,3.15
1786371220.217551,AMD260810C00485000,2.87,3.1
1786371221.181422,AMD260810C00485000,2.8,3.05
1786371222.327627,AMD260810C00485000,2.85,3.0
1786371223.118313,AMD260810C00485000,2.8,2.92
1786371224.04449,AMD260810C00485000,2.74,2.91
1786371225.042445,AMD260810C00485000,2.74,2.91
1786371226.137755,AMD260810C00485000,2.61,2.82
1786371227.004931,AMD260810C00485000,2.64,2.8
1786371228.062703,AMD260810C00485000,2.64,2.8
1786371229.026688,AMD260810C00485000,2.64,2.79
1786371230.01267,AMD260810C00485000,2.64,2.79
1786371231.060815,AMD260810C00485000,2.67,2.78
1786371232.05198,AMD260810C00485000,2.67,2.8
1786371233.050406,AMD260810C00485000,2.67,2.79
1786371234.304766,AMD260810C00485000,2.67,2.78
1786371235.000774,AMD260810C00485000,2.65,2.76
1786371236.114449,AMD260810C00485000,2.42,2.62
1786371237.13003,AMD260810C00485000,2.4,2.54
1786371238.03506,AMD260810C00485000,2.4,2.53
1786371239.025516,AMD260810C00485000,2.4,2.53
1786371240.079341,AMD260810C00485000,2.29,2.48
1786371241.048554,AMD260810C00485000,2.29,2.48
1786371242.049288,AMD260810C00485000,2.32,2.44
1786371243.066595,AMD260810C00485000,2.29,2.43
1786371244.122268,AMD260810C00485000,2.27,2.4
1786371245.307078,AMD260810C00485000,2.25,2.4
1786371246.149875,AMD260810C00485000,2.29,2.38
1786371247.063755,AMD260810C00485000,2.3,2.49
1786371248.148607,AMD260810C00485000,2.28,2.43
1786371249.015934,AMD260810C00485000,2.26,2.43
1786371250.056648,AMD260810C00485000,2.26,2.41
1786371251.024097,AMD260810C00485000,2.26,2.38
1786371252.013682,AMD260810C00485000,2.21,2.3
1786371253.032319,AMD260810C00485000,2.19,2.3
1786371254.035702,AMD260810C00485000,2.06,2.26
1786371255.073331,AMD260810C00485000,2.13,2.26
1786371256.154319,AMD260810C00485000,2.17,2.3
1786371257.071105,AMD260810C00485000,2.21,2.3
1786371258.255311,AMD260810C00485000,2.21,2.3
1786371259.122743,AMD260810C00485000,2.21,2.38
1786371260.05405,AMD260810C00485000,2.21,2.36
1786371261.051625,AMD260810C00485000,2.21,2.38
1786371262.159017,AMD260810C00485000,2.26,2.38
1786371263.173574,AMD260810C00485000,2.26,2.38
1786371264.050209,AMD260810C00485000,2.26,2.41
1786371265.022156,AMD260810C00485000,2.26,2.41
1786371266.104489,AMD260810C00485000,2.22,2.36
1786371267.058491,AMD260810C00485000,2.24,2.42
1786371268.226575,AMD260810C00485000,2.25,2.36
1786371269.028827,AMD260810C00485000,2.25,2.36
1786371270.04116,AMD260810C00485000,2.25,2.3
1786371271.036096,AMD260810C00485000,2.2,2.3
1786371272.014507,AMD260810C00485000,2.2,2.3
1786371273.686982,AMD260810C00485000,2.2,2.21
1786371274.001559,AMD260810C00485000,2.08,2.26
1786371275.218041,AMD260810C00485000,2.08,2.26
1786371276.039073,AMD260810C00485000,2.08,2.27
1786371277.020196,AMD260810C00485000,2.08,2.27
1786371278.019028,AMD260810C00485000,2.08,2.27
1786371279.023441,AMD260810C00485000,2.14,2.3
1786371280.008669,AMD260810C00485000,2.14,2.3
1786371281.006751,AMD260810C00485000,2.14,2.25
1786371282.69586,AMD260810C00485000,2.14,2.25
1786371283.17982,AMD260810C00485000,2.14,2.25
1786371284.153995,AMD260810C00485000,2.14,2.27
1786371285.006464,AMD260810C00485000,2.14,2.25
1786371286.062527,AMD260810C00485000,2.06,2.23
1786371287.059966,AMD260810C00485000,2.06,2.23
1786371288.074875,AMD260810C00485000,2.08,2.24
1786371289.064695,AMD260810C00485000,2.08,2.24
1786371290.469201,AMD260810C00485000,2.08,2.24
1786371291.21909,AMD260810C00485000,2.08,2.24
1786371292.611947,AMD260810C00485000,2.14,2.29
1786371293.105263,AMD260810C00485000,2.14,2.29
1786371294.064514,AMD260810C00485000,2.13,2.19
1786371295.585461,AMD260810C00485000,2.13,2.24
1786371296.241936,AMD260810C00485000,2.13,2.26
1786371297.009627,AMD260810C00485000,2.13,2.26
1786371298.022678,AMD260810C00485000,2.13,2.26
1786371299.001804,AMD260810C00485000,2.08,2.22
1786371300.003197,AMD260810C00485000,2.08,2.21
1786371301.181859,AMD260810C00485000,2.05,2.23
1786371302.00175,AMD260810C00485000,2.07,2.21
1786371303.012938,AMD260810C00485000,2.08,2.23
1786371304.033372,AMD260810C00485000,2.2,2.37
1786371305.000878,AMD260810C00485000,2.31,2.5
1786371306.095292,AMD260810C00485000,2.31,2.43
1786371307.180951,AMD260810C00485000,2.25,2.43
1786371308.062293,AMD260810C00485000,2.25,2.42
1786371309.062003,AMD260810C00485000,2.25,2.42
1786371310.006986,AMD260810C00485000,2.25,2.42
1786371311.137824,AMD260810C00485000,2.18,2.31
1786371312.130626,AMD260810C00485000,2.19,2.31
1786371313.032043,AMD260810C00485000,2.15,2.29
1786371314.062209,AMD260810C00485000,2.15,2.25
1786371315.001926,AMD260810C00485000,2.06,2.18
1786371316.036797,AMD260810C00485000,2.0,2.11
1786371317.010317,AMD260810C00485000,2.0,2.14
1786371318.120983,AMD260810C00485000,2.0,2.09
1786371319.41301,AMD260810C00485000,2.0,2.11
1786371320.00067,AMD260810C00485000,1.9,2.12
1786371321.077096,AMD260810C00485000,1.99,2.11
1786371322.046417,AMD260810C00485000,2.0,2.11
1786371323.155064,AMD260810C00485000,2.0,2.14
1786371324.171213,AMD260810C00485000,2.0,2.12
1786371325.062867,AMD260810C00485000,2.0,2.12
1786371326.192582,AMD260810C00485000,2.01,2.16
1786371327.019958,AMD260810C00485000,2.02,2.17
1786371328.113281,AMD260810C00485000,2.06,2.09
1786371329.045692,AMD260810C00485000,2.03,2.19
1786371330.177424,AMD260810C00485000,2.04,2.19
1786371331.030138,AMD260810C00485000,2.04,2.16
1786371332.014277,AMD260810C00485000,2.04,2.19
1786371333.46694,AMD260810C00485000,2.04,2.19
1786371334.002309,AMD260810C00485000,2.05,2.26
1786371335.488674,AMD260810C00485000,2.08,2.25
1786371336.046167,AMD260810C00485000,2.08,2.25
1786371337.065684,AMD260810C00485000,2.06,2.25
1786371338.290647,AMD260810C00485000,2.06,2.25
1786371339.042157,AMD260810C00485000,2.06,2.22
1786371340.044511,AMD260810C00485000,2.02,2.16
1786371341.165775,AMD260810C00485000,2.02,2.16
1786371342.061892,AMD260810C00485000,2.0,2.09
1786371343.116653,AMD260810C00485000,2.0,2.1
1786371344.186603,AMD260810C00485000,1.93,2.07
1786371345.024312,AMD260810C00485000,1.93,2.02
1786371346.031289,AMD260810C00485000,1.93,2.1
1786371347.02939,AMD260810C00485000,1.93,2.1
1786371348.121468,AMD260810C00485000,1.93,2.08
1786371349.004598,AMD260810C00485000,1.93,2.08
1786371350.056623,AMD260810C00485000,1.85,2.02
1786371351.022125,AMD260810C00485000,1.85,2.02
1786371352.047466,AMD260810C00485000,1.87,2.03
1786371353.055474,AMD260810C00485000,1.89,2.05
1786371354.112468,AMD260810C00485000,1.89,2.05
1786371355.051102,AMD260810C00485000,1.89,2.05
1786371356.004078,AMD260810C00485000,1.89,2.04
1786371357.029344,AMD260810C00485000,1.89,2.04
1786371358.149029,AMD260810C00485000,1.96,2.15
1786371359.016414,AMD260810C00485000,1.97,2.15
1786371360.000661,AMD260810C00485000,2.07,2.27
1786371361.254028,AMD260810C00485000,2.1,2.28
1786371362.655909,AMD260810C00485000,2.05,2.22
1786371363.169509,AMD260810C00485000,2.05,2.22
1786371364.082951,AMD260810C00485000,2.05,2.21
1786371365.001749,AMD260810C00485000,1.99,2.16
1786371366.207409,AMD260810C00485000,2.0,2.16
1786371367.002571,AMD260810C00485000,2.02,2.24
1786371368.045663,AMD260810C00485000,2.02,2.19
1786371369.023776,AMD260810C00485000,2.03,2.19
1786371370.046515,AMD260810C00485000,2.03,2.19
1786371371.039238,AMD260810C00485000,2.03,2.13
1786371372.011779,AMD260810C00485000,2.0,2.13
1786371373.190077,AMD260810C00485000,2.0,2.12
1786371374.137372,AMD260810C00485000,2.0,2.11
1786371375.051688,AMD260810C00485000,2.0,2.11
1786371377.141828,AMD260810C00485000,2.0,2.1
1786371378.05444,AMD260810C00485000,1.95,2.03
1786371379.010887,AMD260810C00485000,1.85,1.98
1786371380.067041,AMD260810C00485000,1.96,2.14
1786371381.186038,AMD260810C00485000,1.96,2.13
1786371382.329372,AMD260810C00485000,1.96,2.13
1786371383.094766,AMD260810C00485000,1.97,2.13
1786371384.051296,AMD260810C00485000,2.04,2.24
1786371385.23679,AMD260810C00485000,2.04,2.23
1786371386.018708,AMD260810C00485000,2.09,2.24
1786371387.035705,AMD260810C00485000,2.1,2.26
1786371388.011366,AMD260810C00485000,2.23,2.26
1786371389.031364,AMD260810C00485000,2.13,2.26
1786371390.075059,AMD260810C00485000,2.13,2.26
1786371391.031972,AMD260810C00485000,2.11,2.25
1786371392.044111,AMD260810C00485000,2.11,2.26
1786371393.060374,AMD260810C00485000,2.18,2.26
1786371394.044502,AMD260810C00485000,2.11,2.23
1786371395.008951,AMD260810C00485000,2.11,2.26
1786371396.130812,AMD260810C00485000,2.11,2.26
1786371398.536152,AMD260810C00485000,2.11,2.2
1786371400.024168,AMD260810C00485000,2.09,2.2
1786371401.37698,AMD260810C00485000,2.09,2.2
1786371402.134251,AMD260810C00485000,2.08,2.2
1786371403.168951,AMD260810C00485000,2.12,2.26
1786371404.364459,AMD260810C00485000,2.23,2.42
1786371405.082965,AMD260810C00485000,2.23,2.38
1786371406.044156,AMD260810C00485000,2.23,2.41
1786371407.334105,AMD260810C00485000,2.28,2.4
1786371408.046568,AMD260810C00485000,2.28,2.47
1786371409.001509,AMD260810C00485000,2.28,2.46
1786371410.00557,AMD260810C00485000,2.28,2.47
1786371411.019519,AMD260810C00485000,2.29,2.47
1786371412.362396,AMD260810C00485000,2.29,2.47
1786371413.025393,AMD260810C00485000,2.3,2.47
1786371414.049334,AMD260810C00485000,2.28,2.43
1786371415.021847,AMD260810C00485000,2.28,2.43
1786371416.049881,AMD260810C00485000,2.29,2.47
1786371417.123802,AMD260810C00485000,2.3,2.4
1786371418.030973,AMD260810C00485000,2.3,2.4
1786371419.046929,AMD260810C00485000,2.3,2.4
1786371420.54981,AMD260810C00485000,2.3,2.4
1786371421.002574,AMD260810C00485000,2.3,2.37
1786371422.223838,AMD260810C00485000,2.35,2.37
1786371424.300589,AMD260810C00485000,2.28,2.37
1786371426.04855,AMD260810C00485000,2.28,2.37
1786371428.224494,AMD260810C00485000,2.28,2.37
1786371429.005541,AMD260810C00485000,2.13,2.29
1786371430.062486,AMD260810C00485000,2.13,2.27
1786371431.036064,AMD260810C00485000,2.13,2.23
1786371432.039974,AMD260810C00485000,2.13,2.29
1786371433.119032,AMD260810C00485000,2.13,2.3
1786371434.18903,AMD260810C00485000,2.13,2.31
1786371435.02241,AMD260810C00485000,2.13,2.31
1786371436.628412,AMD260810C00485000,2.21,2.35
1786371437.433538,AMD260810C00485000,2.24,2.35
1786371438.201411,AMD260810C00485000,2.24,2.35
1786371439.010984,AMD260810C00485000,2.24,2.35
1786371440.292426,AMD260810C00485000,2.25,2.35
1786371441.303338,AMD260810C00485000,2.25,2.34
1786371442.148156,AMD260810C00485000,2.21,2.31
1786371443.065612,AMD260810C00485000,2.21,2.31
1786371444.09806,AMD260810C00485000,2.21,2.31
1786371445.369599,AMD260810C00485000,2.21,2.37
1786371446.416035,AMD260810C00485000,2.21,2.37
1786371447.043268,AMD260810C00485000,2.21,2.36
1786371448.110777,AMD260810C00485000,2.21,2.34
1786371449.046269,AMD260810C00485000,2.21,2.34
1786371450.054452,AMD260810C00485000,2.21,2.34
1786371451.122898,AMD260810C00485000,2.21,2.34
1786371452.395817,AMD260810C00485000,2.21,2.34
1786371453.161184,AMD260810C00485000,2.21,2.37
1786371454.282138,AMD260810C00485000,2.21,2.37
1786371455.045837,AMD260810C00485000,2.26,2.37
1786371456.108232,AMD260810C00485000,2.28,2.37
1786371457.138251,AMD260810C00485000,2.28,2.45
1786371458.060865,AMD260810C00485000,2.29,2.44
1786371459.002763,AMD260810C00485000,2.21,2.39
1786371460.313438,AMD260810C00485000,2.25,2.35
1786371461.147643,AMD260810C00485000,2.25,2.34
1786371462.031011,AMD260810C00485000,2.25,2.34
1786371463.100546,AMD260810C00485000,2.25,2.35
1786371464.806611,AMD260810C00485000,2.25,2.35
1786371465.00061,AMD260810C00485000,2.25,2.35
1786371466.03521,AMD260810C00485000,2.25,2.36
1786371467.038649,AMD260810C00485000,2.25,2.33
1786371468.010317,AMD260810C00485000,2.25,2.34
1786371469.700352,AMD260810C00485000,2.25,2.34
1786371470.016656,AMD260810C00485000,2.25,2.34
1786371471.52671,AMD260810C00485000,2.25,2.34
1786371472.002276,AMD260810C00485000,2.19,2.31
1786371473.219191,AMD260810C00485000,2.19,2.32
1786371474.175984,AMD260810C00485000,2.15,2.28
1786371475.009365,AMD260810C00485000,2.13,2.22
1786371476.003782,AMD260810C00485000,2.11,2.22
1786371477.941838,AMD260810C00485000,2.1,2.23
1786371478.048551,AMD260810C00485000,2.1,2.23
1786371479.017725,AMD260810C00485000,2.17,2.3
1786371480.001429,AMD260810C00485000,2.17,2.3
1786371481.149218,AMD260810C00485000,2.17,2.29
1786371482.005206,AMD260810C00485000,2.17,2.29
1786371483.226515,AMD260810C00485000,2.13,2.28
1786371484.046458,AMD260810C00485000,2.17,2.32
1786371485.014156,AMD260810C00485000,2.17,2.32
1786371486.022656,AMD260810C00485000,2.3,2.45
1786371487.035499,AMD260810C00485000,2.26,2.39
1786371488.035958,AMD260810C00485000,2.26,2.37
1786371489.176007,AMD260810C00485000,2.14,2.31
1786371490.052544,AMD260810C00485000,2.14,2.31
1786371491.333787,AMD260810C00485000,2.1,2.28
1786371492.035648,AMD260810C00485000,2.1,2.28
1786371493.100914,AMD260810C00485000,2.15,2.28
1786371494.261914,AMD260810C00485000,2.15,2.31
1786371495.102162,AMD260810C00485000,2.15,2.32
1786371496.054064,AMD260810C00485000,2.15,2.31
1786371497.018433,AMD260810C00485000,2.13,2.26
1786371498.139957,AMD260810C00485000,2.13,2.26
1786371499.087562,AMD260810C00485000,2.14,2.25
1786371500.538539,AMD260810C00485000,2.14,2.24
1786371501.000226,AMD260810C00485000,2.08,2.14
1786371502.051888,AMD260810C00485000,2.0,2.05
1786371503.019196,AMD260810C00485000,1.91,2.08
1786371504.737844,AMD260810C00485000,1.96,2.11
1786371505.060377,AMD260810C00485000,1.96,2.13
1786371506.02459,AMD260810C00485000,2.04,2.15
1786371507.049508,AMD260810C00485000,2.03,2.15
1786371508.303733,AMD260810C00485000,2.03,2.15
1786371509.034225,AMD260810C00485000,1.98,2.11
1786371510.041051,AMD260810C00485000,1.98,2.1
1786371511.058437,AMD260810C00485000,1.95,2.1
1786371512.114452,AMD260810C00485000,1.95,2.1
1786371513.17453,AMD260810C00485000,1.95,2.1
1786371514.099344,AMD260810C00485000,2.01,2.13
1786371515.109056,AMD260810C00485000,2.05,2.16
1786371516.306461,AMD260810C00485000,2.13,2.2
1786371517.688995,AMD260810C00485000,2.05,2.2
1786371518.000146,AMD260810C00485000,2.08,2.2
1786371519.145132,AMD260810C00485000,2.09,2.19
1786371520.085063,AMD260810C00485000,2.03,2.16
1786371521.042797,AMD260810C00485000,2.01,2.16
1786371522.507094,AMD260810C00485000,2.01,2.17
1786371523.035698,AMD260810C00485000,2.01,2.17
1786371524.011167,AMD260810C00485000,2.01,2.18
1786371525.013312,AMD260810C00485000,2.01,2.19
1786371526.155485,AMD260810C00485000,2.08,2.2
1786371527.049042,AMD260810C00485000,2.01,2.16
1786371528.113119,AMD260810C00485000,2.0,2.13
1786371529.01395,AMD260810C00485000,2.0,2.11
1786371530.033064,AMD260810C00485000,1.96,2.09
1786371531.041163,AMD260810C00485000,1.96,2.06
1786371532.014511,AMD260810C00485000,1.82,1.98
1786371533.079447,AMD260810C00485000,1.82,1.98
1786371534.146848,AMD260810C00485000,1.82,1.98
1786371535.146783,AMD260810C00485000,1.82,2.02
1786371536.064788,AMD260810C00485000,1.82,2.01
1786371537.046421,AMD260810C00485000,1.83,2.01
1786371538.044062,AMD260810C00485000,1.83,2.01
1786371539.071509,AMD260810C00485000,1.83,2.0
1786371540.118947,AMD260810C00485000,1.83,1.99
1786371541.051225,AMD260810C00485000,1.83,1.98
1786371542.008941,AMD260810C00485000,1.89,2.04
1786371543.013971,AMD260810C00485000,1.89,2.04
1786371544.04454,AMD260810C00485000,1.87,2.03
1786371545.056556,AMD260810C00485000,1.87,2.03
1786371546.063452,AMD260810C00485000,1.87,2.03
1786371547.007161,AMD260810C00485000,1.9,2.03
1786371548.067771,AMD260810C00485000,1.9,1.98
1786371549.04571,AMD260810C00485000,1.81,1.96
1786371550.115477,AMD260810C00485000,1.81,1.96
1786371551.183315,AMD260810C00485000,1.81,1.99
1786371552.298419,AMD260810C00485000,1.89,2.04
1786371553.043349,AMD260810C00485000,1.89,2.03
1786371554.066581,AMD260810C00485000,1.88,1.99
1786371555.199449,AMD260810C00485000,1.88,1.98
1786371556.03192,AMD260810C00485000,1.88,1.98
1786371557.023045,AMD260810C00485000,1.85,1.98
1786371558.004948,AMD260810C00485000,1.8,1.9
1786371559.116738,AMD260810C00485000,1.7,1.8
1786371560.001047,AMD260810C00485000,1.7,1.8
1786371561.035535,AMD260810C00485000,1.7,1.8
1786371562.005167,AMD260810C00485000,1.7,1.8
1786371563.485481,AMD260810C00485000,1.7,1.8
1786371564.268394,AMD260810C00485000,1.7,1.8
1786371565.731734,AMD260810C00485000,1.7,1.8
1786371566.543649,AMD260810C00485000,1.68,1.77
1786371567.117225,AMD260810C00485000,1.68,1.77
1786371568.005577,AMD260810C00485000,1.68,1.77
1786371569.005269,AMD260810C00485000,1.68,1.76
1786371570.071826,AMD260810C00485000,1.68,1.69
1786371571.002643,AMD260810C00485000,1.65,1.78
1786371572.008158,AMD260810C00485000,1.74,1.8
1786371573.276597,AMD260810C00485000,1.74,1.88
1786371574.167945,AMD260810C00485000,1.74,1.86
1786371575.069877,AMD260810C00485000,1.74,1.88
1786371576.066573,AMD260810C00485000,1.77,1.91
1786371577.022123,AMD260810C00485000,1.74,1.89
1786371578.033288,AMD260810C00485000,1.65,1.78
1786371579.024234,AMD260810C00485000,1.64,1.77
1786371580.304832,AMD260810C00485000,1.64,1.77
1786371581.070193,AMD260810C00485000,1.62,1.74
1786371582.071064,AMD260810C00485000,1.62,1.73
1786371583.464221,AMD260810C00485000,1.62,1.73
1786371584.016855,AMD260810C00485000,1.6,1.7
1786371585.092254,AMD260810C00485000,1.6,1.7
1786371586.250207,AMD260810C00485000,1.6,1.7
1786371587.06425,AMD260810C00485000,1.6,1.7
1786371588.217829,AMD260810C00485000,1.6,1.7
1786371589.027385,AMD260810C00485000,1.6,1.69
1786371590.045658,AMD260810C00485000,1.6,1.68
1786371591.139506,AMD260810C00485000,1.6,1.68
1786371592.019572,AMD260810C00485000,1.6,1.68
1786371593.022506,AMD260810C00485000,1.58,1.65
1786371594.311949,AMD260810C00485000,1.55,1.6
1786371595.030817,AMD260810C00485000,1.58,1.65
1786371596.060855,AMD260810C00485000,1.59,1.65
1786371597.23905,AMD260810C00485000,1.58,1.64
1786371598.088726,AMD260810C00485000,1.55,1.6
1786371599.26465,AMD260810C00485000,1.51,1.61
1786371600.111739,AMD260810C00485000,1.51,1.6
1786371601.121169,AMD260810C00485000,1.51,1.6
1786371602.006194,AMD260810C00485000,1.51,1.58
1786371603.242665,AMD260810C00485000,1.41,1.52
1786371604.000707,AMD260810C00485000,1.5,1.6
1786371605.002156,AMD260810C00485000,1.46,1.6
1786371606.00162,AMD260810C00485000,1.47,1.6
1786371607.099034,AMD260810C00485000,1.47,1.57
1786371608.014241,AMD260810C00485000,1.49,1.6
1786371609.188052,AMD260810C00485000,1.49,1.6
1786371610.187589,AMD260810C00485000,1.49,1.6
1786371611.008428,AMD260810C00485000,1.49,1.6
1786371612.058914,AMD260810C00485000,1.49,1.6
1786371613.121203,AMD260810C00485000,1.49,1.57
1786371614.028383,AMD260810C00485000,1.49,1.55
1786371615.206362,AMD260810C00485000,1.49,1.61
1786371616.001426,AMD260810C00485000,1.49,1.62
1786371617.036197,AMD260810C00485000,1.5,1.65
1786371618.00004,AMD260810C00485000,1.52,1.65
1786371619.124209,AMD260810C00485000,1.52,1.58
1786371620.297734,AMD260810C00485000,1.5,1.57
1786371621.009751,AMD260810C00485000,1.5,1.64
1786371622.127234,AMD260810C00485000,1.5,1.64
1786371623.169783,AMD260810C00485000,1.5,1.63
1786371624.070871,AMD260810C00485000,1.53,1.68
1786371625.029294,AMD260810C00485000,1.53,1.67
1786371626.011035,AMD260810C00485000,1.53,1.67
1786371627.172158,AMD260810C00485000,1.56,1.62
1786371628.207559,AMD260810C00485000,1.56,1.63
1786371629.088776,AMD260810C00485000,1.55,1.63
1786371630.161673,AMD260810C00485000,1.55,1.61
1786371631.255946,AMD260810C00485000,1.55,1.56
1786371632.102101,AMD260810C00485000,1.51,1.57
1786371633.022365,AMD260810C00485000,1.5,1.59
1786371634.043558,AMD260810C00485000,1.5,1.59
1786371635.525776,AMD260810C00485000,1.5,1.59
1786371636.115459,AMD260810C00485000,1.5,1.59
1786371637.18581,AMD260810C00485000,1.5,1.59
1786371638.230057,AMD260810C00485000,1.5,1.59
1786371639.455966,AMD260810C00485000,1.5,1.58
1786371640.282068,AMD260810C00485000,1.5,1.58
1786371641.302868,AMD260810C00485000,1.5,1.58
1786371642.058929,AMD260810C00485000,1.5,1.6
1786371643.02318,AMD260810C00485000,1.5,1.59
1786371644.070403,AMD260810C00485000,1.42,1.54
1786371645.006584,AMD260810C00485000,1.45,1.54
1786371646.010118,AMD260810C00485000,1.47,1.6
1786371647.069195,AMD260810C00485000,1.47,1.58
1786371648.031113,AMD260810C00485000,1.5,1.59
1786371649.191331,AMD260810C00485000,1.53,1.61
1786371650.036582,AMD260810C00485000,1.53,1.61
1786371651.129914,AMD260810C00485000,1.53,1.61
1786371652.03632,AMD260810C00485000,1.53,1.6
1786371654.12322,AMD260810C00485000,1.52,1.6
1786371655.03759,AMD260810C00485000,1.51,1.6
1786371656.285964,AMD260810C00485000,1.6,1.73
1786371657.305001,AMD260810C00485000,1.62,1.72
1786371658.008567,AMD260810C00485000,1.62,1.72
1786371659.303023,AMD260810C00485000,1.62,1.72
1786371660.001358,AMD260810C00485000,1.62,1.71
1786371661.070572,AMD260810C00485000,1.62,1.71
1786371662.04137,AMD260810C00485000,1.62,1.71
1786371663.04207,AMD260810C00485000,1.57,1.71
1786371664.020298,AMD260810C00485000,1.57,1.69
1786371665.046153,AMD260810C00485000,1.54,1.64
1786371666.088137,AMD260810C00485000,1.5,1.6
1786371667.11861,AMD260810C00485000,1.5,1.61
1786371668.053903,AMD260810C00485000,1.5,1.63
1786371669.035271,AMD260810C00485000,1.56,1.7
1786371670.055974,AMD260810C00485000,1.51,1.65
1786371671.046283,AMD260810C00485000,1.57,1.7
1786371672.115351,AMD260810C00485000,1.57,1.69
1786371673.149621,AMD260810C00485000,1.57,1.68
1786371674.042019,AMD260810C00485000,1.57,1.67
1786371675.555345,AMD260810C00485000,1.57,1.67
1786371676.536288,AMD260810C00485000,1.57,1.67
1786371677.01186,AMD260810C00485000,1.57,1.68
1786371678.144526,AMD260810C00485000,1.57,1.68
1786371679.691511,AMD260810C00485000,1.57,1.68
1786371680.320803,AMD260810C00485000,1.57,1.68
1786371681.035567,AMD260810C00485000,1.5,1.6
1786371682.008542,AMD260810C00485000,1.5,1.63
1786371683.14053,AMD260810C00485000,1.5,1.59
1786371684.02426,AMD260810C00485000,1.48,1.55
1786371685.179893,AMD260810C00485000,1.44,1.54
1786371686.014331,AMD260810C00485000,1.44,1.53
1786371687.001583,AMD260810C00485000,1.44,1.53
1786371688.085455,AMD260810C00485000,1.38,1.52
1786371689.001529,AMD260810C00485000,1.38,1.53
1786371690.03712,AMD260810C00485000,1.38,1.52
1786371691.638973,AMD260810C00485000,1.38,1.52
1786371692.237047,AMD260810C00485000,1.38,1.52
1786371693.052106,AMD260810C00485000,1.38,1.52
1786371694.087188,AMD260810C00485000,1.38,1.52
1786371695.206775,AMD260810C00485000,1.39,1.52
1786371696.04255,AMD260810C00485000,1.39,1.52
1786371697.034083,AMD260810C00485000,1.4,1.52
1786371698.304032,AMD260810C00485000,1.46,1.55
1786371699.02897,AMD260810C00485000,1.46,1.53
1786371700.059278,AMD260810C00485000,1.41,1.52
1786371701.084818,AMD260810C00485000,1.46,1.52
1786371702.160525,AMD260810C00485000,1.3,1.46
1786371703.06124,AMD260810C00485000,1.33,1.46
1786371704.018433,AMD260810C00485000,1.33,1.46
1786371705.019027,AMD260810C00485000,1.33,1.46
1786371706.394905,AMD260810C00485000,1.33,1.46
1786371707.115751,AMD260810C00485000,1.33,1.46
1786371708.068877,AMD260810C00485000,1.33,1.43
1786371709.028742,AMD260810C00485000,1.32,1.43
1786371710.042144,AMD260810C00485000,1.32,1.43
1786371711.035311,AMD260810C00485000,1.32,1.46
1786371712.132859,AMD260810C00485000,1.32,1.46
1786371713.020993,AMD260810C00485000,1.32,1.45
1786371714.021059,AMD260810C00485000,1.32,1.45
1786371715.011512,AMD260810C00485000,1.37,1.52
1786371716.060598,AMD260810C00485000,1.37,1.51
1786371717.037273,AMD260810C00485000,1.35,1.46
1786371718.060566,AMD260810C00485000,1.37,1.46
1786371719.463244,AMD260810C00485000,1.37,1.46
1786371720.016787,AMD260810C00485000,1.37,1.44
1786371721.128416,AMD260810C00485000,1.33,1.44
1786371722.097659,AMD260810C00485000,1.35,1.43
1786371723.019945,AMD260810C00485000,1.35,1.43
1786371724.051545,AMD260810C00485000,1.37,1.5
1786371725.057697,AMD260810C00485000,1.37,1.5
1786371726.011357,AMD260810C00485000,1.38,1.5
1786371727.259171,AMD260810C00485000,1.38,1.5
1786371728.062649,AMD260810C00485000,1.38,1.46
1786371729.036729,AMD260810C00485000,1.38,1.48
1786371730.09345,AMD260810C00485000,1.35,1.43
1786371731.044372,AMD260810C00485000,1.35,1.44
1786371732.283522,AMD260810C00485000,1.35,1.45
1786371733.500782,AMD260810C00485000,1.35,1.44
1786371734.393289,AMD260810C00485000,1.35,1.44
1786371735.100244,AMD260810C00485000,1.35,1.44
1786371736.050194,AMD260810C00485000,1.35,1.44
1786371737.057193,AMD260810C00485000,1.3,1.41
1786371738.050969,AMD260810C00485000,1.3,1.4
1786371739.061378,AMD260810C00485000,1.3,1.35
1786371740.038883,AMD260810C00485000,1.3,1.35
1786371741.060776,AMD260810C00485000,1.25,1.37
1786371742.072716,AMD260810C00485000,1.25,1.37
1786371743.163407,AMD260810C00485000,1.25,1.37
1786371744.156029,AMD260810C00485000,1.29,1.39
1786371745.012234,AMD260810C00485000,1.33,1.44
1786371746.02048,AMD260810C00485000,1.33,1.43
1786371747.034549,AMD260810C00485000,1.37,1.44
1786371748.046621,AMD260810C00485000,1.37,1.44
1786371749.00175,AMD260810C00485000,1.39,1.5
1786371750.017849,AMD260810C00485000,1.39,1.51
1786371751.006173,AMD260810C00485000,1.39,1.51
1786371752.374567,AMD260810C00485000,1.39,1.51
1786371753.007492,AMD260810C00485000,1.45,1.57
1786371754.144327,AMD260810C00485000,1.45,1.55
1786371755.581725,AMD260810C00485000,1.45,1.55
1786371756.006413,AMD260810C00485000,1.45,1.54
1786371757.097245,AMD260810C00485000,1.44,1.54
1786371758.017263,AMD260810C00485000,1.47,1.59
1786371759.111134,AMD260810C00485000,1.5,1.59
1786371760.065738,AMD260810C00485000,1.53,1.66
1786371761.034308,AMD260810C00485000,1.53,1.65
1786371762.232175,AMD260810C00485000,1.53,1.64
1786371763.051548,AMD260810C00485000,1.53,1.65
1786371764.094305,AMD260810C00485000,1.5,1.61
1786371765.242301,AMD260810C00485000,1.51,1.63
1786371766.254928,AMD260810C00485000,1.51,1.6
1786371767.04091,AMD260810C00485000,1.38,1.53
1786371768.028694,AMD260810C00485000,1.38,1.52
1786371769.304534,AMD260810C00485000,1.4,1.51
1786371770.253545,AMD260810C00485000,1.4,1.51
1786371773.252647,AMD260810C00485000,1.4,1.52
1786371774.02718,AMD260810C00485000,1.4,1.52
1786371775.047747,AMD260810C00485000,1.4,1.52
1786371776.15261,AMD260810C00485000,1.4,1.52
1786371777.367244,AMD260810C00485000,1.4,1.5
1786371778.047995,AMD260810C00485000,1.4,1.5
1786371779.031291,AMD260810C00485000,1.4,1.51
1786371780.025526,AMD260810C00485000,1.44,1.55
1786371781.181537,AMD260810C00485000,1.44,1.55
1786371782.038196,AMD260810C00485000,1.47,1.59
1786371783.001888,AMD260810C00485000,1.51,1.58
1786371784.0436,AMD260810C00485000,1.51,1.56
1786371785.102705,AMD260810C00485000,1.5,1.55
1786371786.164672,AMD260810C00485000,1.51,1.54
1786371787.963286,AMD260810C00485000,1.37,1.5
1786371788.006268,AMD260810C00485000,1.37,1.5
1786371789.540151,AMD260810C00485000,1.35,1.45
1786371790.258663,AMD260810C00485000,1.35,1.45
1786371791.016428,AMD260810C00485000,1.35,1.47
1786371792.020148,AMD260810C00485000,1.35,1.44
1786371793.150252,AMD260810C00485000,1.35,1.44
1786371795.302851,AMD260810C00485000,1.35,1.42
1786371796.567633,AMD260810C00485000,1.32,1.38
1786371797.390195,AMD260810C00485000,1.32,1.38
1786371798.552259,AMD260810C00485000,1.32,1.41
1786371799.041405,AMD260810C00485000,1.32,1.4
1786371800.104553,AMD260810C00485000,1.32,1.39
1786371801.018462,AMD260810C00485000,1.25,1.36
1786371802.128153,AMD260810C00485000,1.17,1.32
1786371803.050957,AMD260810C00485000,1.17,1.32
1786371804.056026,AMD260810C00485000,1.2,1.3
1786371805.040848,AMD260810C00485000,1.17,1.29
1786371806.035533,AMD260810C00485000,1.18,1.29
1786371807.015625,AMD260810C00485000,1.18,1.3
1786371808.062051,AMD260810C00485000,1.14,1.26
1786371809.000154,AMD260810C00485000,1.14,1.26
1786371810.016984,AMD260810C00485000,1.14,1.26
1786371811.048367,AMD260810C00485000,1.14,1.26
1786371812.033221,AMD260810C00485000,1.14,1.26
1786371813.164969,AMD260810C00485000,1.16,1.2
1786371814.25677,AMD260810C00485000,1.16,1.23
1786371815.00787,AMD260810C00485000,1.17,1.26
1786371816.011811,AMD260810C00485000,1.18,1.28
1786371817.036671,AMD260810C00485000,1.19,1.28
1786371818.208413,AMD260810C00485000,1.16,1.27
1786371819.06983,AMD260810C00485000,1.2,1.33
1786371820.204138,AMD260810C00485000,1.2,1.33
1786371821.172332,AMD260810C00485000,1.2,1.27
1786371822.005683,AMD260810C00485000,1.2,1.27
1786371823.196301,AMD260810C00485000,1.18,1.27
1786371825.07287,AMD260810C00485000,1.18,1.27
1786371826.023186,AMD260810C00485000,1.18,1.27
1786371827.01837,AMD260810C00485000,1.14,1.24
1786371828.011647,AMD260810C00485000,1.14,1.26
1786371829.047364,AMD260810C00485000,1.14,1.26
1786371830.25743,AMD260810C00485000,1.14,1.26
1786371831.058624,AMD260810C00485000,1.14,1.27
1786371832.31171,AMD260810C00485000,1.14,1.27
1786371833.000042,AMD260810C00485000,1.14,1.26
1786371834.06269,AMD260810C00485000,1.14,1.26
1786371835.059921,AMD260810C00485000,1.14,1.26
1786371836.050199,AMD260810C00485000,1.15,1.25
1786371837.200771,AMD260810C00485000,1.19,1.28
1786371838.046533,AMD260810C00485000,1.19,1.28
1786371839.06382,AMD260810C00485000,1.19,1.28
1786371840.037805,AMD260810C00485000,1.19,1.28
1786371841.010927,AMD260810C00485000,1.14,1.25
1786371842.230831,AMD260810C00485000,1.14,1.25
1786371843.056212,AMD260810C00485000,1.18,1.29
1786371844.017798,AMD260810C00485000,1.17,1.28
1786371845.023566,AMD260810C00485000,1.16,1.25
1786371846.239398,AMD260810C00485000,1.16,1.25
1786371847.223423,AMD260810C00485000,1.16,1.25
1786371848.118085,AMD260810C00485000,1.16,1.25
1786371849.024817,AMD260810C00485000,1.18,1.32
1786371850.021644,AMD260810C00485000,1.2,1.31
1786371851.080812,AMD260810C00485000,1.2,1.3
1786371852.011412,AMD260810C00485000,1.06,1.19
1786371853.004969,AMD260810C00485000,1.06,1.16
1786371854.1384,AMD260810C00485000,1.06,1.16
1786371855.02503,AMD260810C00485000,1.06,1.16
1786371856.009401,AMD260810C00485000,1.07,1.19
1786371857.045132,AMD260810C00485000,1.07,1.19
1786371858.002601,AMD260810C00485000,1.09,1.17
1786371859.048702,AMD260810C00485000,1.06,1.17
1786371860.105684,AMD260810C00485000,1.06,1.18
1786371861.027146,AMD260810C00485000,1.06,1.18
1786371862.050539,AMD260810C00485000,1.06,1.18
1786371863.027153,AMD260810C00485000,1.06,1.18
1786371864.05523,AMD260810C00485000,1.06,1.18
1786371865.050209,AMD260810C00485000,1.06,1.18
1786371866.055199,AMD260810C00485000,1.06,1.16
1786371867.296352,AMD260810C00485000,1.06,1.16
1786371868.073995,AMD260810C00485000,1.06,1.16
1786371870.015571,AMD260810C00485000,1.06,1.16
1786371871.068858,AMD260810C00485000,1.06,1.16
1786371872.225296,AMD260810C00485000,1.06,1.16
1786371873.044992,AMD260810C00485000,1.06,1.16
1786371874.043889,AMD260810C00485000,1.06,1.16
1786371875.141455,AMD260810C00485000,1.06,1.15
1786371876.174181,AMD260810C00485000,1.06,1.15
1786371877.236678,AMD260810C00485000,1.06,1.15
1786371878.111196,AMD260810C00485000,1.06,1.15
1786371879.090317,AMD260810C00485000,1.06,1.16
1786371880.049301,AMD260810C00485000,1.06,1.16
1786371881.11541,AMD260810C00485000,1.06,1.15
1786371882.116448,AMD260810C00485000,1.06,1.15
1786371883.031898,AMD260810C00485000,1.06,1.15
1786371884.104568,AMD260810C00485000,1.06,1.12
1786371885.803334,AMD260810C00485000,1.03,1.12
1786371886.124641,AMD260810C00485000,1.03,1.12
1786371887.069466,AMD260810C00485000,1.03,1.12
1786371888.034155,AMD260810C00485000,1.03,1.12
1786371889.049536,AMD260810C00485000,1.08,1.12
1786371890.044662,AMD260810C00485000,1.1,1.17
1786371891.034844,AMD260810C00485000,1.09,1.17
1786371892.019502,AMD260810C00485000,1.1,1.17
1786371893.049915,AMD260810C00485000,1.12,1.18
1786371894.114186,AMD260810C00485000,1.08,1.18
1786371895.022021,AMD260810C00485000,1.11,1.17
1786371896.17366,AMD260810C00485000,1.11,1.18
1786371897.031812,AMD260810C00485000,1.11,1.19
1786371898.054154,AMD260810C00485000,1.11,1.2
1786371899.057863,AMD260810C00485000,1.11,1.19
1786371900.100389,AMD260810C00485000,1.11,1.19
1786371901.198069,AMD260810C00485000,1.11,1.2
1786371902.012857,AMD260810C00485000,1.11,1.2
1786371903.062234,AMD260810C00485000,1.03,1.11
1786371904.303819,AMD260810C00485000,1.04,1.13
1786371905.019578,AMD260810C00485000,1.04,1.13
1786371906.110275,AMD260810C00485000,1.02,1.13
1786371907.073202,AMD260810C00485000,1.02,1.13
1786371908.000801,AMD260810C00485000,1.0,1.09
1786371909.104358,AMD260810C00485000,1.0,1.09
1786371910.152262,AMD260810C00485000,1.0,1.07
1786371911.327938,AMD260810C00485000,0.97,1.05
1786371912.092459,AMD260810C00485000,0.97,1.05
1786371913.10644,AMD260810C00485000,0.97,1.05
1786371914.473186,AMD260810C00485000,0.97,1.05
1786371915.021906,AMD260810C00485000,0.97,1.05
1786371916.002193,AMD260810C00485000,0.97,1.04
1786371917.023544,AMD260810C00485000,0.97,1.06
1786371918.239175,AMD260810C00485000,0.97,1.06
1786371919.528679,AMD260810C00485000,1.0,1.06
1786371920.763574,AMD260810C00485000,1.0,1.06
1786371921.397531,AMD260810C00485000,1.0,1.06
1786371922.105794,AMD260810C00485000,1.0,1.08
1786371923.039274,AMD260810C00485000,1.0,1.07
1786371924.298882,AMD260810C00485000,1.0,1.08
1786371925.061722,AMD260810C00485000,1.0,1.08
1786371926.232737,AMD260810C00485000,0.97,1.07
1786371927.060896,AMD260810C00485000,0.97,1.07
1786371928.028449,AMD260810C00485000,0.97,1.07
1786371929.099644,AMD260810C00485000,0.97,1.03
1786371930.074363,AMD260810C00485000,0.92,1.01
1786371931.304823,AMD260810C00485000,0.93,1.01
1786371932.062453,AMD260810C00485000,0.93,1.01
1786371933.052957,AMD260810C00485000,0.93,1.01
1786371934.039092,AMD260810C00485000,0.96,1.05
1786371935.054005,AMD260810C00485000,0.96,1.05
1786371937.027491,AMD260810C00485000,0.96,1.05
1786371938.096361,AMD260810C00485000,0.99,1.09
1786371939.289011,AMD260810C00485000,1.04,1.08
1786371940.01271,AMD260810C00485000,1.04,1.08
1786371941.341186,AMD260810C00485000,1.04,1.1
1786371942.115648,AMD260810C00485000,1.04,1.13
1786371943.211141,AMD260810C00485000,1.04,1.12
1786371944.044452,AMD260810C00485000,1.04,1.12
1786371945.004363,AMD260810C00485000,1.04,1.11
1786371946.460034,AMD260810C00485000,1.04,1.11
1786371947.098408,AMD260810C00485000,1.04,1.12
1786371948.059643,AMD260810C00485000,1.05,1.15
1786371949.104844,AMD260810C00485000,1.05,1.15
1786371950.018731,AMD260810C00485000,1.05,1.15
1786371951.017242,AMD260810C00485000,1.08,1.2
1786371952.093379,AMD260810C00485000,1.08,1.2
1786371953.011879,AMD260810C00485000,1.08,1.19
1786371954.188568,AMD260810C00485000,1.1,1.18
1786371955.019904,AMD260810C00485000,1.1,1.19
1786371956.002403,AMD260810C00485000,1.1,1.19
1786371957.10257,AMD260810C00485000,1.1,1.19
1786371958.0244,AMD260810C00485000,1.1,1.2
1786371959.047037,AMD260810C00485000,1.1,1.19
1786371960.010654,AMD260810C00485000,1.1,1.17
1786371961.24851,AMD260810C00485000,1.1,1.15
1786371962.214117,AMD260810C00485000,1.1,1.18
1786371963.05168,AMD260810C00485000,1.1,1.18
1786371964.000422,AMD260810C00485000,1.14,1.25
1786371965.065698,AMD260810C00485000,1.14,1.24
1786371966.233058,AMD260810C00485000,1.14,1.23
1786371967.325138,AMD260810C00485000,1.14,1.23
1786371968.00927,AMD260810C00485000,1.12,1.23
1786371969.046318,AMD260810C00485000,1.12,1.23
1786371970.034761,AMD260810C00485000,1.11,1.21
1786371971.203211,AMD260810C00485000,1.11,1.2
1786371972.062657,AMD260810C00485000,1.1,1.2
1786371973.235328,AMD260810C00485000,1.1,1.15
1786371974.086371,AMD260810C00485000,1.1,1.15
1786371975.057589,AMD260810C00485000,1.1,1.18
1786371976.213878,AMD260810C00485000,1.1,1.18
1786371977.215297,AMD260810C00485000,1.1,1.18
1786371978.005463,AMD260810C00485000,1.11,1.21
1786371979.103202,AMD260810C00485000,1.11,1.21
1786371980.297261,AMD260810C00485000,1.11,1.2
1786371981.039357,AMD260810C00485000,1.11,1.2
1786371982.16078,AMD260810C00485000,1.11,1.2
1786371983.07897,AMD260810C00485000,1.11,1.19
1786371984.113278,AMD260810C00485000,1.11,1.19
1786371985.037788,AMD260810C00485000,1.1,1.15
1786371986.460593,AMD260810C00485000,1.1,1.15
1786371988.021713,AMD260810C00485000,1.1,1.15
1786371989.144047,AMD260810C00485000,1.1,1.18
1786371990.141331,AMD260810C00485000,1.1,1.18
1786371991.036414,AMD260810C00485000,1.1,1.2
1786371992.567477,AMD260810C00485000,1.1,1.2
1786371993.054403,AMD260810C00485000,1.1,1.16
1786371994.038445,AMD260810C00485000,1.1,1.16
1786371995.06953,AMD260810C00485000,1.12,1.23
1786371996.076982,AMD260810C00485000,1.12,1.23
1786371997.052594,AMD260810C00485000,1.12,1.22
1786371998.048422,AMD260810C00485000,1.12,1.17
1786371999.004171,AMD260810C00485000,1.04,1.13
1786372000.310967,AMD260810C00485000,1.04,1.13
1786372001.068312,AMD260810C00485000,1.04,1.13
1786372002.01966,AMD260810C00485000,1.04,1.09
1786372004.089025,AMD260810C00485000,1.04,1.09
1786372005.143265,AMD260810C00485000,1.04,1.09
1786372006.101902,AMD260810C00485000,1.0,1.06
1786372007.115071,AMD260810C00485000,1.0,1.06
1786372008.01511,AMD260810C00485000,1.0,1.07
1786372009.17305,AMD260810C00485000,1.0,1.07
1786372010.116172,AMD260810C00485000,1.0,1.07
1786372011.213578,AMD260810C00485000,1.0,1.07
1786372012.22734,AMD260810C00485000,1.0,1.07
1786372013.062672,AMD260810C00485000,1.0,1.09
1786372014.007171,AMD260810C00485000,1.0,1.09
1786372015.234633,AMD260810C00485000,1.0,1.09
1786372016.042111,AMD260810C00485000,1.0,1.09
1786372017.065082,AMD260810C00485000,1.0,1.09
1786372018.311681,AMD260810C00485000,1.05,1.08
1786372019.59096,AMD260810C00485000,1.05,1.08
1786372020.103426,AMD260810C00485000,1.01,1.08
1786372021.082126,AMD260810C00485000,1.03,1.12
1786372022.014488,AMD260810C00485000,1.04,1.13
1786372023.548956,AMD260810C00485000,1.04,1.13
1786372024.06212,AMD260810C00485000,1.04,1.12
1786372025.139114,AMD260810C00485000,1.04,1.12
1786372026.223983,AMD260810C00485000,1.04,1.12
1786372027.017612,AMD260810C00485000,0.93,1.04
1786372028.194029,AMD260810C00485000,0.91,1.02
1786372029.427264,AMD260810C00485000,0.92,1.02
1786372030.04897,AMD260810C00485000,0.94,1.03
1786372031.127965,AMD260810C00485000,0.94,1.04
1786372032.052258,AMD260810C00485000,0.94,1.04
1786372033.057603,AMD260810C00485000,0.94,1.04
1786372034.005094,AMD260810C00485000,0.94,1.03
1786372035.038599,AMD260810C00485000,0.96,1.04
1786372036.008222,AMD260810C00485000,0.96,1.07
1786372037.008463,AMD260810C00485000,0.98,1.07
1786372038.132471,AMD260810C00485000,0.98,1.07
1786372039.000452,AMD260810C00485000,1.0,1.1
1786372040.541698,AMD260810C00485000,1.02,1.1
1786372041.056934,AMD260810C00485000,1.02,1.1
1786372042.041299,AMD260810C00485000,1.02,1.1
1786372043.048573,AMD260810C00485000,1.02,1.1
1786372044.03849,AMD260810C00485000,1.02,1.1
1786372045.509271,AMD260810C00485000,1.02,1.1
1786372046.003428,AMD260810C00485000,1.02,1.1
1786372049.424056,AMD260810C00485000,1.02,1.1
1786372050.080906,AMD260810C00485000,1.02,1.11
1786372051.112593,AMD260810C00485000,1.02,1.11
1786372052.156863,AMD260810C00485000,1.02,1.11
1786372053.387221,AMD260810C00485000,1.02,1.11
1786372054.000737,AMD260810C00485000,1.02,1.1
1786372055.024758,AMD260810C00485000,1.02,1.08
1786372056.039049,AMD260810C00485000,1.02,1.1
1786372057.04379,AMD260810C00485000,1.03,1.1
1786372058.06745,AMD260810C00485000,1.03,1.12
1786372059.045032,AMD260810C00485000,1.08,1.17
1786372060.240535,AMD260810C00485000,1.08,1.14
1786372061.152134,AMD260810C00485000,1.05,1.14
1786372062.17105,AMD260810C00485000,1.03,1.11
1786372063.031722,AMD260810C00485000,1.03,1.11
1786372064.302444,AMD260810C00485000,1.03,1.11
1786372065.026375,AMD260810C00485000,1.03,1.1
1786372066.43709,AMD260810C00485000,1.0,1.07
1786372067.037277,AMD260810C00485000,1.0,1.05
1786372068.115628,AMD260810C00485000,1.0,1.05
1786372069.055719,AMD260810C00485000,1.0,1.05
1786372070.014971,AMD260810C00485000,0.9,1.0
1786372071.000934,AMD260810C00485000,0.84,0.95
1786372072.211494,AMD260810C00485000,0.84,0.96
1786372073.049942,AMD260810C00485000,0.84,0.96
1786372074.096051,AMD260810C00485000,0.89,0.93
1786372075.284325,AMD260810C00485000,0.89,0.98
1786372076.738432,AMD260810C00485000,0.89,0.98
1786372077.085664,AMD260810C00485000,0.89,0.98
1786372078.008935,AMD260810C00485000,0.89,0.98
1786372079.01026,AMD260810C00485000,0.89,0.99
1786372080.001921,AMD260810C00485000,0.89,0.99
1786372081.547413,AMD260810C00485000,0.89,0.99
1786372082.022189,AMD260810C00485000,0.89,1.0
1786372083.0395,AMD260810C00485000,0.89,0.99
1786372084.050444,AMD260810C00485000,0.89,0.98
1786372085.058375,AMD260810C00485000,0.85,0.96
1786372086.154625,AMD260810C00485000,0.85,0.96
1786372087.182294,AMD260810C00485000,0.86,0.98
1786372088.259622,AMD260810C00485000,0.87,0.99
1786372089.035909,AMD260810C00485000,0.9,0.96
1786372090.052092,AMD260810C00485000,0.9,0.98
1786372091.062439,AMD260810C00485000,0.88,0.96
1786372092.040341,AMD260810C00485000,0.84,0.92
1786372093.050465,AMD260810C00485000,0.84,0.92
1786372094.053168,AMD260810C00485000,0.84,0.92
1786372095.279753,AMD260810C00485000,0.84,0.92
1786372096.036469,AMD260810C00485000,0.84,0.91
1786372097.053327,AMD260810C00485000,0.82,0.89
1786372098.001709,AMD260810C00485000,0.8,0.88
1786372099.097245,AMD260810C00485000,0.8,0.88
1786372100.192105,AMD260810C00485000,0.8,0.88
1786372101.204982,AMD260810C00485000,0.8,0.88
1786372102.006329,AMD260810C00485000,0.8,0.88
1786372103.030444,AMD260810C00485000,0.8,0.91
1786372104.55341,AMD260810C00485000,0.8,0.9
1786372105.453488,AMD260810C00485000,0.8,0.9
1786372106.031117,AMD260810C00485000,0.8,0.9
1786372107.115989,AMD260810C00485000,0.8,0.9
1786372108.11409,AMD260810C00485000,0.8,0.9
1786372109.026425,AMD260810C00485000,0.8,0.9
1786372110.06257,AMD260810C00485000,0.8,0.9
1786372112.005445,AMD260810C00485000,0.8,0.9
1786372113.044668,AMD260810C00485000,0.81,0.92
1786372114.186345,AMD260810C00485000,0.82,0.92
1786372115.054916,AMD260810C00485000,0.82,0.92
1786372116.019745,AMD260810C00485000,0.82,0.92
1786372117.416825,AMD260810C00485000,0.82,0.92
1786372118.06839,AMD260810C00485000,0.87,0.96
1786372119.05361,AMD260810C00485000,0.9,0.95
1786372120.093447,AMD260810C00485000,0.9,0.95
1786372121.24787,AMD260810C00485000,0.9,0.94
1786372122.133773,AMD260810C00485000,0.85,0.92
1786372123.007179,AMD260810C00485000,0.85,0.9
1786372124.577946,AMD260810C00485000,0.85,0.9
1786372125.004735,AMD260810C00485000,0.85,0.9
1786372126.116485,AMD260810C00485000,0.85,0.9
1786372127.06569,AMD260810C00485000,0.86,0.96
1786372128.01735,AMD260810C00485000,0.87,0.98
1786372129.012068,AMD260810C00485000,0.91,0.98
1786372130.000771,AMD260810C00485000,0.9,0.99
1786372131.038378,AMD260810C00485000,0.9,0.98
1786372132.058418,AMD260810C00485000,0.9,0.98
1786372133.062776,AMD260810C00485000,0.9,0.98
1786372134.068922,AMD260810C00485000,0.9,1.0
1786372135.05533,AMD260810C00485000,0.9,1.0
1786372136.54161,AMD260810C00485000,0.9,1.0
1786372137.114145,AMD260810C00485000,0.9,1.01
1786372138.061513,AMD260810C00485000,0.92,1.03
1786372139.045043,AMD260810C00485000,0.94,1.03
1786372140.005637,AMD260810C00485000,0.95,1.03
1786372141.035486,AMD260810C00485000,0.95,1.04
1786372142.10722,AMD260810C00485000,0.95,1.04
1786372143.028255,AMD260810C00485000,0.95,1.06
1786372144.092257,AMD260810C00485000,0.95,1.05
1786372145.02585,AMD260810C00485000,0.95,1.02
1786372146.053316,AMD260810C00485000,0.95,1.02
1786372147.303451,AMD260810C00485000,0.95,1.02
1786372148.072776,AMD260810C00485000,0.95,1.02
1786372149.033977,AMD260810C00485000,0.9,0.99
1786372150.161393,AMD260810C00485000,0.92,1.03
1786372151.051648,AMD260810C00485000,0.94,1.03
1786372152.000156,AMD260810C00485000,0.94,1.02
1786372153.159945,AMD260810C00485000,0.95,1.02
1786372154.028763,AMD260810C00485000,0.95,1.02
1786372155.029967,AMD260810C00485000,0.95,1.02
1786372156.173675,AMD260810C00485000,0.9,0.98
1786372157.052767,AMD260810C00485000,0.91,0.98
1786372158.041716,AMD260810C00485000,0.91,0.99
1786372159.087915,AMD260810C00485000,0.91,0.99
1786372160.395655,AMD260810C00485000,0.91,0.98
1786372161.143098,AMD260810C00485000,0.94,1.03
1786372162.219176,AMD260810C00485000,0.94,1.03
1786372163.050336,AMD260810C00485000,0.99,1.09
1786372164.019345,AMD260810C00485000,0.99,1.09
1786372165.397221,AMD260810C00485000,0.99,1.08
1786372166.033903,AMD260810C00485000,0.99,1.08
1786372167.583035,AMD260810C00485000,0.99,1.08
1786372168.171116,AMD260810C00485000,0.99,1.08
1786372169.028883,AMD260810C00485000,0.98,1.06
1786372170.377199,AMD260810C00485000,0.98,1.06
1786372171.051773,AMD260810C00485000,0.97,1.06
1786372173.762669,AMD260810C00485000,1.0,1.06
1786372174.100239,AMD260810C00485000,1.0,1.05
1786372175.035179,AMD260810C00485000,0.94,1.01
1786372176.011519,AMD260810C00485000,0.94,1.01
1786372177.039175,AMD260810C00485000,0.94,1.01
1786372178.122408,AMD260810C00485000,0.92,1.01
1786372179.035938,AMD260810C00485000,0.92,1.01
1786372180.061317,AMD260810C00485000,0.92,1.01
1786372181.101192,AMD260810C00485000,0.92,1.0
1786372182.010882,AMD260810C00485000,0.92,1.0
1786372183.218403,AMD260810C00485000,0.92,0.99
1786372184.337832,AMD260810C00485000,0.9,0.98
1786372185.048198,AMD260810C00485000,0.9,0.99
1786372186.027548,AMD260810C00485000,0.9,1.0
1786372187.111192,AMD260810C00485000,0.9,1.0
1786372188.19878,AMD260810C00485000,0.9,1.0
1786372189.056322,AMD260810C00485000,0.9,1.0
1786372190.047364,AMD260810C00485000,0.9,1.0
1786372191.090319,AMD260810C00485000,0.9,1.0
1786372192.02214,AMD260810C00485000,0.9,0.98
1786372193.055823,AMD260810C00485000,0.9,0.97
1786372194.121105,AMD260810C00485000,0.9,0.97
1786372195.94457,AMD260810C00485000,0.9,0.95
1786372196.069961,AMD260810C00485000,0.9,0.95
1786372197.048944,AMD260810C00485000,0.9,0.95
1786372198.025974,AMD260810C00485000,0.9,0.95
1786372199.073293,AMD260810C00485000,0.9,0.95
1786372200.267917,AMD260810C00485000,0.9,0.95
1786372201.032204,AMD260810C00485000,0.9,0.95
1786372202.066721,AMD260810C00485000,0.9,0.95
1786372203.031419,AMD260810C00485000,0.92,0.98
1786372204.111721,AMD260810C00485000,0.92,0.96
1786372205.618258,AMD260810C00485000,0.92,0.96
1786372206.061377,AMD260810C00485000,0.9,0.96
1786372207.000304,AMD260810C00485000,0.9,0.96
1786372208.096994,AMD260810C00485000,0.92,0.96
1786372209.313041,AMD260810C00485000,0.91,0.96
1786372210.115986,AMD260810C00485000,0.91,0.96
1786372211.236777,AMD260810C00485000,0.91,0.96
1786372212.017878,AMD260810C00485000,0.92,0.96
1786372213.303551,AMD260810C00485000,0.92,0.96
1786372214.071655,AMD260810C00485000,0.94,1.02
1786372215.056484,AMD260810C00485000,0.94,1.01
1786372216.098264,AMD260810C00485000,0.94,1.0
1786372217.522319,AMD260810C00485000,0.94,0.99
1786372218.022176,AMD260810C00485000,0.93,0.99
1786372219.042138,AMD260810C00485000,0.93,1.01
1786372220.116143,AMD260810C00485000,0.91,0.98
1786372221.317863,AMD260810C00485000,0.91,0.99
1786372222.029355,AMD260810C00485000,0.91,0.99
1786372223.199475,AMD260810C00485000,0.91,0.99
1786372224.202045,AMD260810C00485000,0.91,0.99
1786372225.115168,AMD260810C00485000,0.91,0.98
1786372226.311549,AMD260810C00485000,0.91,0.98
1786372227.020202,AMD260810C00485000,0.91,0.98
1786372228.035074,AMD260810C00485000,0.91,0.98
1786372229.038966,AMD260810C00485000,0.9,0.97
1786372230.072116,AMD260810C00485000,0.9,0.97
1786372231.039254,AMD260810C00485000,0.85,0.94
1786371269.550415,AMZN260814C00280000,2.61,2.65
1786371270.159741,AMZN260814C00280000,2.62,2.66
1786371271.456328,AMZN260814C00280000,2.65,2.7
1786371272.053615,AMZN260814C00280000,2.66,2.7
1786371273.019197,AMZN260814C00280000,2.66,2.7
1786371274.029992,AMZN260814C00280000,2.68,2.7
1786371275.016244,AMZN260814C00280000,2.67,2.7
1786371276.003892,AMZN260814C00280000,2.67,2.7
1786371277.047897,AMZN260814C00280000,2.67,2.7
1786371278.204568,AMZN260814C00280000,2.69,2.72
1786371279.0055,AMZN260814C00280000,2.68,2.72
1786371280.047869,AMZN260814C00280000,2.69,2.72
1786371281.006896,AMZN260814C00280000,2.69,2.72
1786371282.029266,AMZN260814C00280000,2.65,2.73
1786371283.103803,AMZN260814C00280000,2.66,2.72
1786371284.013786,AMZN260814C00280000,2.67,2.72
1786371285.001655,AMZN260814C00280000,2.68,2.73
1786371286.000002,AMZN260814C00280000,2.69,2.74
1786371287.014916,AMZN260814C00280000,2.69,2.74
1786371288.106264,AMZN260814C00280000,2.7,2.74
1786371289.006512,AMZN260814C00280000,2.68,2.73
1786371290.050676,AMZN260814C00280000,2.67,2.72
1786371291.008115,AMZN260814C00280000,2.68,2.72
1786371292.134939,AMZN260814C00280000,2.68,2.71
1786371293.110273,AMZN260814C00280000,2.68,2.71
1786371294.046596,AMZN260814C00280000,2.71,2.72
1786371295.004712,AMZN260814C00280000,2.68,2.72
1786371296.1055,AMZN260814C00280000,2.69,2.72
1786371297.120016,AMZN260814C00280000,2.68,2.71
1786371298.006881,AMZN260814C00280000,2.67,2.71
1786371299.018737,AMZN260814C00280000,2.68,2.71
1786371300.143675,AMZN260814C00280000,2.69,2.71
1786371301.268631,AMZN260814C00280000,2.69,2.72
1786371302.027811,AMZN260814C00280000,2.68,2.7
1786371303.051541,AMZN260814C00280000,2.7,2.74
1786371304.010587,AMZN260814C00280000,2.72,2.74
1786371305.076761,AMZN260814C00280000,2.72,2.74
1786371306.005251,AMZN260814C00280000,2.72,2.74
1786371307.088105,AMZN260814C00280000,2.71,2.74
1786371308.029954,AMZN260814C00280000,2.64,2.69
1786371309.005345,AMZN260814C00280000,2.66,2.72
1786371310.052423,AMZN260814C00280000,2.66,2.7
1786371311.093713,AMZN260814C00280000,2.7,2.75
1786371312.077967,AMZN260814C00280000,2.71,2.75
1786371313.085582,AMZN260814C00280000,2.72,2.75
1786371314.029467,AMZN260814C00280000,2.75,2.78
1786371315.002576,AMZN260814C00280000,2.69,2.71
1786371316.013809,AMZN260814C00280000,2.64,2.7
1786371317.017983,AMZN260814C00280000,2.51,2.62
1786371318.036312,AMZN260814C00280000,2.54,2.62
1786371319.004514,AMZN260814C00280000,2.52,2.57
1786371320.000781,AMZN260814C00280000,2.61,2.66
1786371321.060811,AMZN260814C00280000,2.6,2.65
1786371322.00939,AMZN260814C00280000,2.57,2.63
1786371323.006489,AMZN260814C00280000,2.6,2.64
1786371324.053486,AMZN260814C00280000,2.61,2.66
1786371325.001592,AMZN260814C00280000,2.62,2.67
1786371326.106945,AMZN260814C00280000,2.63,2.65
1786371327.057594,AMZN260814C00280000,2.63,2.66
1786371328.104051,AMZN260814C00280000,2.6,2.64
1786371329.060681,AMZN260814C00280000,2.61,2.65
1786371330.131248,AMZN260814C00280000,2.61,2.65
1786371331.025555,AMZN260814C00280000,2.61,2.65
1786371332.025681,AMZN260814C00280000,2.6,2.64
1786371333.096745,AMZN260814C00280000,2.58,2.63
1786371334.053364,AMZN260814C00280000,2.61,2.65
1786371335.239722,AMZN260814C00280000,2.61,2.65
1786371336.082137,AMZN260814C00280000,2.62,2.65
1786371337.078755,AMZN260814C00280000,2.65,2.7
1786371338.060688,AMZN260814C00280000,2.63,2.69
1786371339.051533,AMZN260814C00280000,2.63,2.69
1786371340.058409,AMZN260814C00280000,2.65,2.69
1786371341.024265,AMZN260814C00280000,2.67,2.7
1786371342.000818,AMZN260814C00280000,2.66,2.69
1786371343.055001,AMZN260814C00280000,2.66,2.7
1786371344.004674,AMZN260814C00280000,2.67,2.7
1786371345.018533,AMZN260814C00280000,2.71,2.72
1786371346.065891,AMZN260814C00280000,2.69,2.73
1786371347.026331,AMZN260814C00280000,2.7,2.72
1786371348.053332,AMZN260814C00280000,2.7,2.72
1786371349.010412,AMZN260814C00280000,2.66,2.71
1786371350.053964,AMZN260814C00280000,2.65,2.69
1786371351.053101,AMZN260814C00280000,2.65,2.69
1786371352.038695,AMZN260814C00280000,2.65,2.69
1786371353.035143,AMZN260814C00280000,2.67,2.69
1786371354.002661,AMZN260814C00280000,2.63,2.67
1786371355.047392,AMZN260814C00280000,2.63,2.67
1786371356.01201,AMZN260814C00280000,2.62,2.65
1786371357.075031,AMZN260814C00280000,2.6,2.61
1786371358.00174,AMZN260814C00280000,2.51,2.58
1786371359.032704,AMZN260814C00280000,2.52,2.58
1786371360.010159,AMZN260814C00280000,2.54,2.6
1786371361.00813,AMZN260814C00280000,2.55,2.59
1786371362.048495,AMZN260814C00280000,2.56,2.59
1786371363.00957,AMZN260814C00280000,2.58,2.59
1786371364.034954,AMZN260814C00280000,2.59,2.61
1786371365.033561,AMZN260814C00280000,2.59,2.64
1786371366.052668,AMZN260814C00280000,2.6,2.63
1786371367.143362,AMZN260814C00280000,2.6,2.63
1786371368.041143,AMZN260814C00280000,2.59,2.62
1786371369.053192,AMZN260814C00280000,2.59,2.62
1786371370.050128,AMZN260814C00280000,2.59,2.62
1786371371.009327,AMZN260814C00280000,2.59,2.62
1786371372.020454,AMZN260814C00280000,2.6,2.65
1786371373.048974,AMZN260814C00280000,2.65,2.7
1786371374.116973,AMZN260814C00280000,2.68,2.7
1786371375.010662,AMZN260814C00280000,2.68,2.7
1786371376.08391,AMZN260814C00280000,2.68,2.7
1786371377.14914,AMZN260814C00280000,2.69,2.73
1786371378.035295,AMZN260814C00280000,2.68,2.73
1786371379.052921,AMZN260814C00280000,2.68,2.7
1786371380.111037,AMZN260814C00280000,2.68,2.71
1786371381.032299,AMZN260814C00280000,2.68,2.74
1786371382.122048,AMZN260814C00280000,2.68,2.74
1786371383.093191,AMZN260814C00280000,2.66,2.7
1786371384.049307,AMZN260814C00280000,2.68,2.72
1786371385.051675,AMZN260814C00280000,2.62,2.65
1786371386.07077,AMZN260814C00280000,2.62,2.65
1786371387.049248,AMZN260814C00280000,2.62,2.65
1786371388.033288,AMZN260814C00280000,2.62,2.65
1786371389.104546,AMZN260814C00280000,2.62,2.65
1786371390.011158,AMZN260814C00280000,2.62,2.67
1786371391.034308,AMZN260814C00280000,2.61,2.63
1786371392.006692,AMZN260814C00280000,2.59,2.62
1786371393.25963,AMZN260814C00280000,2.59,2.62
1786371394.024378,AMZN260814C00280000,2.59,2.61
1786371395.043593,AMZN260814C00280000,2.59,2.61
1786371396.041517,AMZN260814C00280000,2.56,2.6
1786371397.047619,AMZN260814C00280000,2.57,2.62
1786371398.100416,AMZN260814C00280000,2.56,2.61
1786371399.103602,AMZN260814C00280000,2.56,2.6
1786371400.293575,AMZN260814C00280000,2.57,2.6
1786371401.028053,AMZN260814C00280000,2.57,2.6
1786371402.062463,AMZN260814C00280000,2.62,2.67
1786371403.036681,AMZN260814C00280000,2.63,2.67
1786371404.063152,AMZN260814C00280000,2.63,2.67
1786371405.577001,AMZN260814C00280000,2.63,2.67
1786371406.107945,AMZN260814C00280000,2.63,2.67
1786371407.01031,AMZN260814C00280000,2.62,2.67
1786371408.03223,AMZN260814C00280000,2.63,2.67
1786371409.409385,AMZN260814C00280000,2.63,2.65
1786371410.096547,AMZN260814C00280000,2.63,2.65
1786371411.02234,AMZN260814C00280000,2.63,2.65
1786371412.387609,AMZN260814C00280000,2.62,2.65
1786371413.052397,AMZN260814C00280000,2.62,2.65
1786371414.010381,AMZN260814C00280000,2.65,2.69
1786371415.091097,AMZN260814C00280000,2.65,2.69
1786371416.004326,AMZN260814C00280000,2.63,2.69
1786371417.015583,AMZN260814C00280000,2.63,2.69
1786371418.00797,AMZN260814C00280000,2.64,2.69
1786371419.350095,AMZN260814C00280000,2.69,2.7
1786371420.114929,AMZN260814C00280000,2.65,2.69
1786371421.034987,AMZN260814C00280000,2.66,2.7
1786371422.040981,AMZN260814C00280000,2.66,2.7
1786371423.163761,AMZN260814C00280000,2.67,2.69
1786371424.253958,AMZN260814C00280000,2.67,2.7
1786371425.012065,AMZN260814C00280000,2.6,2.65
1786371426.048375,AMZN260814C00280000,2.6,2.65
1786371427.032335,AMZN260814C00280000,2.61,2.65
1786371428.296586,AMZN260814C00280000,2.62,2.65
1786371429.297551,AMZN260814C00280000,2.63,2.67
1786371430.022685,AMZN260814C00280000,2.65,2.7
1786371431.197959,AMZN260814C00280000,2.65,2.7
1786371432.056994,AMZN260814C00280000,2.65,2.7
1786371433.031491,AMZN260814C00280000,2.65,2.7
1786371434.009998,AMZN260814C00280000,2.7,2.75
1786371435.004867,AMZN260814C00280000,2.7,2.74
1786371436.022069,AMZN260814C00280000,2.67,2.72
1786371437.023318,AMZN260814C00280000,2.67,2.72
1786371438.013507,AMZN260814C00280000,2.67,2.72
1786371439.006004,AMZN260814C00280000,2.67,2.72
1786371440.023858,AMZN260814C00280000,2.67,2.72
1786371441.042375,AMZN260814C00280000,2.67,2.72
1786371442.349684,AMZN260814C00280000,2.7,2.73
1786371443.118414,AMZN260814C00280000,2.7,2.75
1786371444.002629,AMZN260814C00280000,2.7,2.74
1786371445.256682,AMZN260814C00280000,2.72,2.74
1786371447.470756,AMZN260814C00280000,2.7,2.72
1786371448.024428,AMZN260814C00280000,2.7,2.73
1786371449.021051,AMZN260814C00280000,2.7,2.73
1786371450.054354,AMZN260814C00280000,2.71,2.75
1786371451.048039,AMZN260814C00280000,2.71,2.75
1786371452.046664,AMZN260814C00280000,2.71,2.75
1786371453.001486,AMZN260814C00280000,2.7,2.73
1786371454.022588,AMZN260814C00280000,2.7,2.73
1786371455.368278,AMZN260814C00280000,2.7,2.73
1786371456.203819,AMZN260814C00280000,2.7,2.73
1786371457.083525,AMZN260814C00280000,2.7,2.73
1786371458.001501,AMZN260814C00280000,2.68,2.71
1786371459.010814,AMZN260814C00280000,2.66,2.71
1786371460.427279,AMZN260814C00280000,2.65,2.7
1786371461.49251,AMZN260814C00280000,2.65,2.7
1786371462.294371,AMZN260814C00280000,2.65,2.7
1786371463.025804,AMZN260814C00280000,2.68,2.73
1786371464.037332,AMZN260814C00280000,2.68,2.73
1786371465.015212,AMZN260814C00280000,2.63,2.67
1786371466.004794,AMZN260814C00280000,2.63,2.68
1786371467.032013,AMZN260814C00280000,2.63,2.67
1786371468.027767,AMZN260814C00280000,2.63,2.68
1786371469.016581,AMZN260814C00280000,2.65,2.68
1786371470.744377,AMZN260814C00280000,2.65,2.68
1786371471.155513,AMZN260814C00280000,2.63,2.64
1786371472.043677,AMZN260814C00280000,2.63,2.68
1786371473.010566,AMZN260814C00280000,2.65,2.72
1786371474.10689,AMZN260814C00280000,2.66,2.71
1786371475.010189,AMZN260814C00280000,2.68,2.71
1786371476.612582,AMZN260814C00280000,2.68,2.71
1786371477.224342,AMZN260814C00280000,2.68,2.71
1786371478.130157,AMZN260814C00280000,2.68,2.71
1786371479.094874,AMZN260814C00280000,2.68,2.71
1786371480.181859,AMZN260814C00280000,2.68,2.71
1786371481.068199,AMZN260814C00280000,2.68,2.71
1786371482.032676,AMZN260814C00280000,2.7,2.71
1786371483.346524,AMZN260814C00280000,2.68,2.71
1786371484.024956,AMZN260814C00280000,2.69,2.75
1786371485.032276,AMZN260814C00280000,2.69,2.75
1786371486.053895,AMZN260814C00280000,2.68,2.7
1786371487.142704,AMZN260814C00280000,2.65,2.69
1786371488.008599,AMZN260814C00280000,2.7,2.72
1786371489.009616,AMZN260814C00280000,2.7,2.72
1786371490.007578,AMZN260814C00280000,2.68,2.72
1786371491.007579,AMZN260814C00280000,2.69,2.73
1786371492.094749,AMZN260814C00280000,2.7,2.75
1786371493.275951,AMZN260814C00280000,2.72,2.75
1786371494.062207,AMZN260814C00280000,2.72,2.75
1786371495.104879,AMZN260814C00280000,2.72,2.75
1786371496.061952,AMZN260814C00280000,2.73,2.78
1786371497.055267,AMZN260814C00280000,2.73,2.77
1786371498.70513,AMZN260814C00280000,2.73,2.77
1786371499.29915,AMZN260814C00280000,2.73,2.77
1786371500.042978,AMZN260814C00280000,2.75,2.78
1786371501.055412,AMZN260814C00280000,2.76,2.8
1786371502.03483,AMZN260814C00280000,2.77,2.8
1786371503.225109,AMZN260814C00280000,2.77,2.8
1786371504.226947,AMZN260814C00280000,2.77,2.8
1786371505.136847,AMZN260814C00280000,2.77,2.8
1786371506.047961,AMZN260814C00280000,2.77,2.8
1786371507.073576,AMZN260814C00280000,2.74,2.77
1786371508.05372,AMZN260814C00280000,2.73,2.77
1786371509.037795,AMZN260814C00280000,2.73,2.77
1786371510.011596,AMZN260814C00280000,2.73,2.79
1786371511.04316,AMZN260814C00280000,2.73,2.78
1786371512.498456,AMZN260814C00280000,2.73,2.78
1786371513.048115,AMZN260814C00280000,2.73,2.78
1786371514.321239,AMZN260814C00280000,2.72,2.75
1786371515.001728,AMZN260814C00280000,2.72,2.75
1786371516.043964,AMZN260814C00280000,2.72,2.75
1786371517.168341,AMZN260814C00280000,2.72,2.75
1786371518.116068,AMZN260814C00280000,2.72,2.75
1786371519.552614,AMZN260814C00280000,2.72,2.74
1786371520.090556,AMZN260814C00280000,2.72,2.75
1786371521.047677,AMZN260814C00280000,2.72,2.76
1786371522.779887,AMZN260814C00280000,2.72,2.74
1786371524.284233,AMZN260814C00280000,2.73,2.74
1786371525.085201,AMZN260814C00280000,2.72,2.73
1786371526.539895,AMZN260814C00280000,2.72,2.74
1786371527.221642,AMZN260814C00280000,2.71,2.74
1786371528.045445,AMZN260814C00280000,2.68,2.74
1786371529.109042,AMZN260814C00280000,2.67,2.73
1786371530.054075,AMZN260814C00280000,2.67,2.72
1786371531.007266,AMZN260814C00280000,2.69,2.74
1786371532.025897,AMZN260814C00280000,2.7,2.75
1786371533.016448,AMZN260814C00280000,2.7,2.75
1786371534.020695,AMZN260814C00280000,2.7,2.75
1786371535.001992,AMZN260814C00280000,2.68,2.73
1786371536.134024,AMZN260814C00280000,2.7,2.73
1786371537.133842,AMZN260814C00280000,2.7,2.75
1786371538.04793,AMZN260814C00280000,2.7,2.75
1786371539.063632,AMZN260814C00280000,2.72,2.76
1786371540.03735,AMZN260814C00280000,2.72,2.76
1786371541.248535,AMZN260814C00280000,2.72,2.76
1786371542.554733,AMZN260814C00280000,2.72,2.76
1786371543.299802,AMZN260814C00280000,2.72,2.76
1786371544.047452,AMZN260814C00280000,2.72,2.76
1786371545.206315,AMZN260814C00280000,2.72,2.76
1786371546.110088,AMZN260814C00280000,2.72,2.76
1786371547.086577,AMZN260814C00280000,2.72,2.76
1786371548.165445,AMZN260814C00280000,2.71,2.75
1786371549.002075,AMZN260814C00280000,2.71,2.75
1786371550.206225,AMZN260814C00280000,2.71,2.75
1786371551.021576,AMZN260814C00280000,2.71,2.75
1786371552.197452,AMZN260814C00280000,2.72,2.73
1786371553.024904,AMZN260814C00280000,2.72,2.75
1786371554.042092,AMZN260814C00280000,2.72,2.75
1786371555.008139,AMZN260814C00280000,2.73,2.76
1786371556.568973,AMZN260814C00280000,2.73,2.76
1786371557.010064,AMZN260814C00280000,2.72,2.76
1786371558.173065,AMZN260814C00280000,2.72,2.76
1786371559.050313,AMZN260814C00280000,2.72,2.76
1786371560.052153,AMZN260814C00280000,2.72,2.76
1786371561.040291,AMZN260814C00280000,2.74,2.8
1786371562.059268,AMZN260814C00280000,2.74,2.8
1786371563.014827,AMZN260814C00280000,2.74,2.8
1786371564.14918,AMZN260814C00280000,2.75,2.8
1786371565.120777,AMZN260814C00280000,2.78,2.8
1786371566.103848,AMZN260814C00280000,2.77,2.82
1786371567.050267,AMZN260814C00280000,2.77,2.82
1786371568.000901,AMZN260814C00280000,2.77,2.82
1786371569.027339,AMZN260814C00280000,2.77,2.82
1786371570.087201,AMZN260814C00280000,2.78,2.82
1786371571.003527,AMZN260814C00280000,2.79,2.83
1786371572.001335,AMZN260814C00280000,2.79,2.83
1786371573.003101,AMZN260814C00280000,2.75,2.8
1786371574.030077,AMZN260814C00280000,2.8,2.84
1786371575.002367,AMZN260814C00280000,2.8,2.85
1786371576.169107,AMZN260814C00280000,2.81,2.85
1786371577.068642,AMZN260814C00280000,2.83,2.85
1786371578.050588,AMZN260814C00280000,2.82,2.85
1786371579.035822,AMZN260814C00280000,2.82,2.85
1786371580.012864,AMZN260814C00280000,2.82,2.85
1786371581.004663,AMZN260814C00280000,2.84,2.88
1786371582.133933,AMZN260814C00280000,2.86,2.89
1786371583.058145,AMZN260814C00280000,2.88,2.9
1786371584.00074,AMZN260814C00280000,2.87,2.92
1786371585.120222,AMZN260814C00280000,2.89,2.9
1786371586.00637,AMZN260814C00280000,2.89,2.9
1786371587.001828,AMZN260814C00280000,2.91,2.95
1786371588.098507,AMZN260814C00280000,2.91,2.95
1786371589.005805,AMZN260814C00280000,2.91,2.94
1786371590.049973,AMZN260814C00280000,2.92,2.95
1786371591.035512,AMZN260814C00280000,2.91,2.95
1786371592.268193,AMZN260814C00280000,2.92,2.95
1786371593.087437,AMZN260814C00280000,2.93,2.95
1786371594.001492,AMZN260814C00280000,2.98,3.05
1786371595.027099,AMZN260814C00280000,2.98,3.05
1786371596.001526,AMZN260814C00280000,2.99,3.05
1786371597.00139,AMZN260814C00280000,2.97,3.05
1786371598.042289,AMZN260814C00280000,2.98,3.05
1786371599.056581,AMZN260814C00280000,2.97,2.99
1786371600.015784,AMZN260814C00280000,2.93,2.98
1786371601.057907,AMZN260814C00280000,2.92,2.97
1786371602.028461,AMZN260814C00280000,2.99,3.05
1786371603.069906,AMZN260814C00280000,3.0,3.1
1786371604.052413,AMZN260814C00280000,3.0,3.1
1786371605.002675,AMZN260814C00280000,3.0,3.05
1786371606.013635,AMZN260814C00280000,3.0,3.1
1786371607.028546,AMZN260814C00280000,3.0,3.1
1786371608.00892,AMZN260814C00280000,3.0,3.1
1786371609.031876,AMZN260814C00280000,3.05,3.1
1786371610.028591,AMZN260814C00280000,3.05,3.1
1786371611.096581,AMZN260814C00280000,3.05,3.1
1786371612.003794,AMZN260814C00280000,3.05,3.1
1786371613.063682,AMZN260814C00280000,3.05,3.1
1786371614.076537,AMZN260814C00280000,3.05,3.1
1786371615.011588,AMZN260814C00280000,2.97,3.05
1786371616.000075,AMZN260814C00280000,2.92,3.0
1786371617.000761,AMZN260814C00280000,2.82,2.91
1786371618.00225,AMZN260814C00280000,2.86,2.9
1786371619.107103,AMZN260814C00280000,2.87,2.89
1786371620.144668,AMZN260814C00280000,2.86,2.9
1786371621.05283,AMZN260814C00280000,2.86,2.9
1786371622.150528,AMZN260814C00280000,2.86,2.89
1786371623.001802,AMZN260814C00280000,2.82,2.86
1786371624.034112,AMZN260814C00280000,2.82,2.86
1786371625.000674,AMZN260814C00280000,2.8,2.84
1786371626.001447,AMZN260814C00280000,2.82,2.86
1786371627.002574,AMZN260814C00280000,2.82,2.86
1786371628.005014,AMZN260814C00280000,2.8,2.86
1786371629.058592,AMZN260814C00280000,2.82,2.85
1786371630.101955,AMZN260814C00280000,2.82,2.85
1786371631.063281,AMZN260814C00280000,2.79,2.82
1786371632.059393,AMZN260814C00280000,2.77,2.8
1786371633.249578,AMZN260814C00280000,2.77,2.79
1786371634.879986,AMZN260814C00280000,2.77,2.79
1786371635.011358,AMZN260814C00280000,2.77,2.82
1786371636.009953,AMZN260814C00280000,2.77,2.82
1786371637.003999,AMZN260814C00280000,2.75,2.8
1786371638.05138,AMZN260814C00280000,2.76,2.78
1786371639.601952,AMZN260814C00280000,2.76,2.78
1786371640.051052,AMZN260814C00280000,2.76,2.8
1786371641.206629,AMZN260814C00280000,2.76,2.8
1786371642.016329,AMZN260814C00280000,2.73,2.78
1786371643.020543,AMZN260814C00280000,2.72,2.79
1786371644.018425,AMZN260814C00280000,2.73,2.79
1786371645.003204,AMZN260814C00280000,2.73,2.79
1786371646.045014,AMZN260814C00280000,2.72,2.76
1786371647.360968,AMZN260814C00280000,2.71,2.75
1786371648.158763,AMZN260814C00280000,2.72,2.74
1786371649.87032,AMZN260814C00280000,2.71,2.74
1786371650.071677,AMZN260814C00280000,2.71,2.75
1786371651.28858,AMZN260814C00280000,2.72,2.75
1786371652.270558,AMZN260814C00280000,2.72,2.75
1786371653.8032,AMZN260814C00280000,2.72,2.75
1786371654.019607,AMZN260814C00280000,2.71,2.72
1786371655.047364,AMZN260814C00280000,2.65,2.7
1786371656.068363,AMZN260814C00280000,2.65,2.69
1786371657.003505,AMZN260814C00280000,2.65,2.69
1786371658.17329,AMZN260814C00280000,2.64,2.65
1786371659.026562,AMZN260814C00280000,2.64,2.67
1786371660.042667,AMZN260814C00280000,2.62,2.67
1786371661.003833,AMZN260814C00280000,2.61,2.66
1786371662.010714,AMZN260814C00280000,2.6,2.64
1786371663.027297,AMZN260814C00280000,2.6,2.63
1786371664.000327,AMZN260814C00280000,2.62,2.64
1786371665.048084,AMZN260814C00280000,2.62,2.65
1786371666.082829,AMZN260814C00280000,2.63,2.67
1786371667.182024,AMZN260814C00280000,2.62,2.65
1786371668.052164,AMZN260814C00280000,2.62,2.67
1786371669.175469,AMZN260814C00280000,2.6,2.64
1786371670.116675,AMZN260814C00280000,2.6,2.63
1786371671.435461,AMZN260814C00280000,2.6,2.62
1786371672.050374,AMZN260814C00280000,2.6,2.62
1786371673.048486,AMZN260814C00280000,2.6,2.62
1786371674.301188,AMZN260814C00280000,2.6,2.62
1786371675.007466,AMZN260814C00280000,2.6,2.62
1786371676.164663,AMZN260814C00280000,2.6,2.62
1786371677.000575,AMZN260814C00280000,2.58,2.62
1786371678.0488,AMZN260814C00280000,2.58,2.6
1786371679.885734,AMZN260814C00280000,2.58,2.6
1786371680.002449,AMZN260814C00280000,2.58,2.6
1786371681.303754,AMZN260814C00280000,2.6,2.66
1786371682.020435,AMZN260814C00280000,2.57,2.63
1786371683.009321,AMZN260814C00280000,2.57,2.63
1786371684.204467,AMZN260814C00280000,2.57,2.6
1786371685.214657,AMZN260814C00280000,2.57,2.6
1786371686.417872,AMZN260814C00280000,2.57,2.59
1786371687.159806,AMZN260814C00280000,2.57,2.59
1786371688.023101,AMZN260814C00280000,2.57,2.6
1786371689.074603,AMZN260814C00280000,2.56,2.58
1786371690.046978,AMZN260814C00280000,2.55,2.58
1786371691.426684,AMZN260814C00280000,2.55,2.58
1786371692.035036,AMZN260814C00280000,2.54,2.58
1786371693.098207,AMZN260814C00280000,2.54,2.58
1786371694.001833,AMZN260814C00280000,2.54,2.58
1786371695.111576,AMZN260814C00280000,2.54,2.58
1786371696.067949,AMZN260814C00280000,2.55,2.58
1786371697.001985,AMZN260814C00280000,2.6,2.65
1786371698.033967,AMZN260814C00280000,2.59,2.65
1786371699.046754,AMZN260814C00280000,2.61,2.66
1786371700.003603,AMZN260814C00280000,2.66,2.69
1786371701.004419,AMZN260814C00280000,2.66,2.69
1786371702.003034,AMZN260814C00280000,2.66,2.69
1786371703.301725,AMZN260814C00280000,2.65,2.7
1786371704.065469,AMZN260814C00280000,2.65,2.7
1786371705.03048,AMZN260814C00280000,2.65,2.7
1786371706.168575,AMZN260814C00280000,2.66,2.7
1786371707.053862,AMZN260814C00280000,2.66,2.7
1786371708.80026,AMZN260814C00280000,2.66,2.7
1786371709.103935,AMZN260814C00280000,2.66,2.7
1786371710.24156,AMZN260814C00280000,2.66,2.7
1786371712.051603,AMZN260814C00280000,2.66,2.68
1786371713.086264,AMZN260814C00280000,2.64,2.68
1786371714.057599,AMZN260814C00280000,2.61,2.68
1786371715.000715,AMZN260814C00280000,2.63,2.69
1786371716.210009,AMZN260814C00280000,2.61,2.64
1786371717.041871,AMZN260814C00280000,2.62,2.65
1786371718.695748,AMZN260814C00280000,2.61,2.64
1786371719.771528,AMZN260814C00280000,2.61,2.64
1786371720.101011,AMZN260814C00280000,2.59,2.62
1786371721.549102,AMZN260814C00280000,2.59,2.62
1786371722.069605,AMZN260814C00280000,2.59,2.63
1786371723.03048,AMZN260814C00280000,2.57,2.61
1786371724.004509,AMZN260814C00280000,2.56,2.61
1786371725.782675,AMZN260814C00280000,2.56,2.6
1786371726.054415,AMZN260814C00280000,2.56,2.6
1786371727.060569,AMZN260814C00280000,2.54,2.58
1786371728.57005,AMZN260814C00280000,2.56,2.61
1786371729.011464,AMZN260814C00280000,2.57,2.61
1786371730.13513,AMZN260814C00280000,2.57,2.61
1786371731.021866,AMZN260814C00280000,2.57,2.61
1786371732.812297,AMZN260814C00280000,2.58,2.61
1786371733.000621,AMZN260814C00280000,2.59,2.63
1786371734.003152,AMZN260814C00280000,2.66,2.68
1786371735.010886,AMZN260814C00280000,2.67,2.7
1786371736.064571,AMZN260814C00280000,2.67,2.73
1786371737.003908,AMZN260814C00280000,2.68,2.74
1786371738.000118,AMZN260814C00280000,2.7,2.77
1786371739.041766,AMZN260814C00280000,2.7,2.76
1786371740.231229,AMZN260814C00280000,2.7,2.76
1786371741.043545,AMZN260814C00280000,2.7,2.76
1786371742.052281,AMZN260814C00280000,2.7,2.76
1786371743.011981,AMZN260814C00280000,2.68,2.73
1786371744.145514,AMZN260814C00280000,2.69,2.72
1786371745.007007,AMZN260814C00280000,2.62,2.68
1786371746.024859,AMZN260814C00280000,2.62,2.68
1786371747.125702,AMZN260814C00280000,2.62,2.68
1786371748.048109,AMZN260814C00280000,2.62,2.68
1786371749.00581,AMZN260814C00280000,2.62,2.68
1786371750.083184,AMZN260814C00280000,2.65,2.69
1786371751.380108,AMZN260814C00280000,2.65,2.69
1786371752.253148,AMZN260814C00280000,2.65,2.68
1786371753.002454,AMZN260814C00280000,2.64,2.68
1786371754.07556,AMZN260814C00280000,2.64,2.68
1786371755.441975,AMZN260814C00280000,2.64,2.67
1786371756.105884,AMZN260814C00280000,2.64,2.67
1786371757.06223,AMZN260814C00280000,2.64,2.69
1786371758.000831,AMZN260814C00280000,2.62,2.68
1786371759.032125,AMZN260814C00280000,2.61,2.66
1786371760.01182,AMZN260814C00280000,2.6,2.64
1786371761.006065,AMZN260814C00280000,2.6,2.65
1786371762.048025,AMZN260814C00280000,2.6,2.66
1786371763.016683,AMZN260814C00280000,2.6,2.66
1786371764.03386,AMZN260814C00280000,2.61,2.66
1786371765.118263,AMZN260814C00280000,2.6,2.65
1786371766.287543,AMZN260814C00280000,2.59,2.65
1786371767.029482,AMZN260814C00280000,2.59,2.65
1786371768.016947,AMZN260814C00280000,2.59,2.65
1786371769.012653,AMZN260814C00280000,2.61,2.65
1786371770.051848,AMZN260814C00280000,2.61,2.65
1786371771.110741,AMZN260814C00280000,2.61,2.65
1786371772.047395,AMZN260814C00280000,2.61,2.64
1786371773.050213,AMZN260814C00280000,2.6,2.63
1786371774.052824,AMZN260814C00280000,2.6,2.63
1786371775.092823,AMZN260814C00280000,2.6,2.63
1786371776.989413,AMZN260814C00280000,2.6,2.63
1786371777.011768,AMZN260814C00280000,2.6,2.63
1786371778.173319,AMZN260814C00280000,2.6,2.63
1786371779.002116,AMZN260814C00280000,2.63,2.68
1786371780.044706,AMZN260814C00280000,2.63,2.68
1786371781.002066,AMZN260814C00280000,2.56,2.65
1786371782.08698,AMZN260814C00280000,2.52,2.62
1786371783.259818,AMZN260814C00280000,2.53,2.62
1786371784.055618,AMZN260814C00280000,2.54,2.62
1786371785.049405,AMZN260814C00280000,2.54,2.62
1786371786.050461,AMZN260814C00280000,2.54,2.62
1786371787.050693,AMZN260814C00280000,2.58,2.62
1786371788.060544,AMZN260814C00280000,2.61,2.66
1786371789.043042,AMZN260814C00280000,2.63,2.69
1786371790.03097,AMZN260814C00280000,2.65,2.69
1786371791.227209,AMZN260814C00280000,2.66,2.7
1786371792.064704,AMZN260814C00280000,2.66,2.7
1786371793.053086,AMZN260814C00280000,2.69,2.71
1786371794.028499,AMZN260814C00280000,2.7,2.73
1786371795.160834,AMZN260814C00280000,2.7,2.73
1786371796.079232,AMZN260814C00280000,2.7,2.73
1786371797.014215,AMZN260814C00280000,2.71,2.74
1786371798.067444,AMZN260814C00280000,2.65,2.71
1786371799.030552,AMZN260814C00280000,2.67,2.72
1786371800.059004,AMZN260814C00280000,2.68,2.72
1786371801.180619,AMZN260814C00280000,2.68,2.73
1786371802.033999,AMZN260814C00280000,2.68,2.73
1786371803.255832,AMZN260814C00280000,2.71,2.74
1786371804.04814,AMZN260814C00280000,2.71,2.74
1786371805.029234,AMZN260814C00280000,2.7,2.74
1786371806.063405,AMZN260814C00280000,2.7,2.74
1786371807.005594,AMZN260814C00280000,2.71,2.74
1786371808.006044,AMZN260814C00280000,2.7,2.75
1786371809.930956,AMZN260814C00280000,2.71,2.74
1786371810.240532,AMZN260814C00280000,2.7,2.74
1786371811.003458,AMZN260814C00280000,2.7,2.74
1786371812.263726,AMZN260814C00280000,2.71,2.72
1786371813.027812,AMZN260814C00280000,2.71,2.72
1786371814.296338,AMZN260814C00280000,2.7,2.72
1786371815.097173,AMZN260814C00280000,2.7,2.72
1786371816.103841,AMZN260814C00280000,2.71,2.72
1786371818.139585,AMZN260814C00280000,2.69,2.72
1786371819.775578,AMZN260814C00280000,2.69,2.72
1786371820.016142,AMZN260814C00280000,2.69,2.72
1786371821.033238,AMZN260814C00280000,2.72,2.75
1786371824.108237,AMZN260814C00280000,2.73,2.75
1786371825.78982,AMZN260814C00280000,2.73,2.75
1786371826.034528,AMZN260814C00280000,2.72,2.75
1786371827.390521,AMZN260814C00280000,2.72,2.75
1786371828.231343,AMZN260814C00280000,2.74,2.75
1786371829.003974,AMZN260814C00280000,2.76,2.79
1786371830.052389,AMZN260814C00280000,2.74,2.77
1786371831.084179,AMZN260814C00280000,2.74,2.78
1786371832.087034,AMZN260814C00280000,2.74,2.78
1786371833.056304,AMZN260814C00280000,2.75,2.79
1786371834.729009,AMZN260814C00280000,2.74,2.78
1786371835.019247,AMZN260814C00280000,2.74,2.78
1786371836.428191,AMZN260814C00280000,2.75,2.78
1786371837.015687,AMZN260814C00280000,2.74,2.78
1786371838.168934,AMZN260814C00280000,2.74,2.78
1786371839.522223,AMZN260814C00280000,2.74,2.79
1786371840.023401,AMZN260814C00280000,2.75,2.8
1786371841.099173,AMZN260814C00280000,2.77,2.81
1786371842.330217,AMZN260814C00280000,2.77,2.81
1786371843.001813,AMZN260814C00280000,2.78,2.81
1786371844.204433,AMZN260814C00280000,2.76,2.8
1786371845.103401,AMZN260814C00280000,2.76,2.8
1786371847.805382,AMZN260814C00280000,2.76,2.8
1786371848.004516,AMZN260814C00280000,2.58,2.75
1786371849.082166,AMZN260814C00280000,2.6,2.75
1786371850.078902,AMZN260814C00280000,2.71,2.75
1786371851.005169,AMZN260814C00280000,2.71,2.75
1786371852.030744,AMZN260814C00280000,2.74,2.76
1786371853.503677,AMZN260814C00280000,2.73,2.75
1786371854.300308,AMZN260814C00280000,2.7,2.75
1786371855.117585,AMZN260814C00280000,2.7,2.75
1786371856.192381,AMZN260814C00280000,2.7,2.75
1786371857.772914,AMZN260814C00280000,2.7,2.75
1786371858.004023,AMZN260814C00280000,2.68,2.74
1786371859.108253,AMZN260814C00280000,2.68,2.74
1786371860.020639,AMZN260814C00280000,2.69,2.74
1786371861.059513,AMZN260814C00280000,2.69,2.74
1786371862.042773,AMZN260814C00280000,2.7,2.74
1786371863.055129,AMZN260814C00280000,2.7,2.74
1786371864.051019,AMZN260814C00280000,2.7,2.74
1786371865.016257,AMZN260814C00280000,2.67,2.72
1786371866.180521,AMZN260814C00280000,2.67,2.72
1786371867.056933,AMZN260814C00280000,2.68,2.7
1786371868.023499,AMZN260814C00280000,2.68,2.72
1786371869.38332,AMZN260814C00280000,2.68,2.71
1786371870.037217,AMZN260814C00280000,2.68,2.71
1786371871.042266,AMZN260814C00280000,2.68,2.72
1786371872.304526,AMZN260814C00280000,2.68,2.71
1786371873.052333,AMZN260814C00280000,2.68,2.73
1786371874.032828,AMZN260814C00280000,2.68,2.74
1786371875.048187,AMZN260814C00280000,2.68,2.74
1786371876.005288,AMZN260814C00280000,2.68,2.74
1786371877.270452,AMZN260814C00280000,2.68,2.74
1786371878.195773,AMZN260814C00280000,2.68,2.74
1786371879.210541,AMZN260814C00280000,2.7,2.75
1786371880.048237,AMZN260814C00280000,2.72,2.76
1786371881.057693,AMZN260814C00280000,2.72,2.76
1786371882.054079,AMZN260814C00280000,2.77,2.8
1786371883.064799,AMZN260814C00280000,2.77,2.8
1786371884.051819,AMZN260814C00280000,2.77,2.8
1786371885.104088,AMZN260814C00280000,2.78,2.8
1786371886.10385,AMZN260814C00280000,2.78,2.8
1786371887.068321,AMZN260814C00280000,2.77,2.8
1786371888.063217,AMZN260814C00280000,2.77,2.8
1786371889.004672,AMZN260814C00280000,2.77,2.8
1786371890.290622,AMZN260814C00280000,2.77,2.8
1786371891.051439,AMZN260814C00280000,2.73,2.77
1786371892.266181,AMZN260814C00280000,2.75,2.8
1786371893.022686,AMZN260814C00280000,2.75,2.8
1786371894.035506,AMZN260814C00280000,2.74,2.79
1786371895.153169,AMZN260814C00280000,2.73,2.75
1786371896.049902,AMZN260814C00280000,2.73,2.76
1786371897.274263,AMZN260814C00280000,2.73,2.75
1786371898.547289,AMZN260814C00280000,2.71,2.75
1786371899.309125,AMZN260814C00280000,2.59,2.73
1786371900.021603,AMZN260814C00280000,2.59,2.72
1786371901.150765,AMZN260814C00280000,2.68,2.73
1786371902.088949,AMZN260814C00280000,2.7,2.73
1786371903.134361,AMZN260814C00280000,2.7,2.73
1786371904.269367,AMZN260814C00280000,2.7,2.74
1786371905.120104,AMZN260814C00280000,2.72,2.74
1786371906.219529,AMZN260814C00280000,2.72,2.74
1786371907.244925,AMZN260814C00280000,2.72,2.74
1786371908.006047,AMZN260814C00280000,2.74,2.78
1786371909.000768,AMZN260814C00280000,2.74,2.78
1786371910.065866,AMZN260814C00280000,2.73,2.77
1786371911.0199,AMZN260814C00280000,2.72,2.76
1786371913.836793,AMZN260814C00280000,2.72,2.76
1786371914.089806,AMZN260814C00280000,2.73,2.77
1786371915.113448,AMZN260814C00280000,2.75,2.79
1786371916.012231,AMZN260814C00280000,2.73,2.79
1786371917.912894,AMZN260814C00280000,2.74,2.78
1786371918.876716,AMZN260814C00280000,2.74,2.78
1786371919.051986,AMZN260814C00280000,2.74,2.77
1786371920.008948,AMZN260814C00280000,2.75,2.8
1786371921.110152,AMZN260814C00280000,2.74,2.79
1786371922.034437,AMZN260814C00280000,2.74,2.77
1786371923.155586,AMZN260814C00280000,2.71,2.76
1786371924.826036,AMZN260814C00280000,2.71,2.74
1786371925.235565,AMZN260814C00280000,2.72,2.76
1786371926.002347,AMZN260814C00280000,2.72,2.75
1786371927.07021,AMZN260814C00280000,2.72,2.77
1786371928.22602,AMZN260814C00280000,2.71,2.76
1786371929.103859,AMZN260814C00280000,2.71,2.75
1786371930.07562,AMZN260814C00280000,2.71,2.74
1786371931.049033,AMZN260814C00280000,2.71,2.74
1786371932.034516,AMZN260814C00280000,2.71,2.74
1786371933.055525,AMZN260814C00280000,2.75,2.77
1786371934.768852,AMZN260814C00280000,2.75,2.77
1786371935.231593,AMZN260814C00280000,2.75,2.78
1786371938.948042,AMZN260814C00280000,2.75,2.78
1786371939.147441,AMZN260814C00280000,2.75,2.78
1786371940.046639,AMZN260814C00280000,2.75,2.78
1786371941.04894,AMZN260814C00280000,2.75,2.78
1786371942.000709,AMZN260814C00280000,2.73,2.77
1786371943.069962,AMZN260814C00280000,2.73,2.78
1786371944.36691,AMZN260814C00280000,2.74,2.78
1786371945.103794,AMZN260814C00280000,2.76,2.8
1786371946.034637,AMZN260814C00280000,2.76,2.8
1786371947.067273,AMZN260814C00280000,2.76,2.8
1786371948.009542,AMZN260814C00280000,2.77,2.8
1786371949.052804,AMZN260814C00280000,2.77,2.8
1786371950.268308,AMZN260814C00280000,2.77,2.8
1786371951.053087,AMZN260814C00280000,2.78,2.8
1786371952.39437,AMZN260814C00280000,2.79,2.8
1786371953.997001,AMZN260814C00280000,2.79,2.8
1786371954.502785,AMZN260814C00280000,2.78,2.8
1786371955.030619,AMZN260814C00280000,2.77,2.8
1786371956.043584,AMZN260814C00280000,2.78,2.8
1786371957.12428,AMZN260814C00280000,2.8,2.82
1786371958.373938,AMZN260814C00280000,2.8,2.84
1786371959.212565,AMZN260814C00280000,2.8,2.85
1786371960.04061,AMZN260814C00280000,2.8,2.85
1786371961.074569,AMZN260814C00280000,2.81,2.85
1786371962.551692,AMZN260814C00280000,2.82,2.85
1786371963.855258,AMZN260814C00280000,2.82,2.85
1786371964.381507,AMZN260814C00280000,2.82,2.85
1786371965.026192,AMZN260814C00280000,2.83,2.85
1786371966.103883,AMZN260814C00280000,2.85,2.9
1786371967.062958,AMZN260814C00280000,2.86,2.9
1786371968.009185,AMZN260814C00280000,2.85,2.9
1786371969.088398,AMZN260814C00280000,2.85,2.9
1786371970.171993,AMZN260814C00280000,2.84,2.89
1786371971.05638,AMZN260814C00280000,2.85,2.89
1786371972.066559,AMZN260814C00280000,2.85,2.89
1786371973.001188,AMZN260814C00280000,2.84,2.89
1786371974.120249,AMZN260814C00280000,2.84,2.86
1786371975.004651,AMZN260814C00280000,2.84,2.89
1786371976.079674,AMZN260814C00280000,2.84,2.88
1786371977.070509,AMZN260814C00280000,2.76,2.82
1786371978.041652,AMZN260814C00280000,2.77,2.83
1786371979.017694,AMZN260814C00280000,2.84,2.9
1786371980.105936,AMZN260814C00280000,2.87,2.94
1786371981.039895,AMZN260814C00280000,2.88,2.93
1786371982.107405,AMZN260814C00280000,2.91,2.98
1786371983.011746,AMZN260814C00280000,2.89,2.95
1786371984.062335,AMZN260814C00280000,2.88,2.92
1786371985.00589,AMZN260814C00280000,2.9,2.95
1786371986.043359,AMZN260814C00280000,2.91,2.98
1786371987.002082,AMZN260814C00280000,2.91,2.97
1786371988.026139,AMZN260814C00280000,2.9,2.97
1786371989.033992,AMZN260814C00280000,2.91,2.95
1786371990.045888,AMZN260814C00280000,2.92,2.97
1786371991.054093,AMZN260814C00280000,2.9,2.95
1786371992.008996,AMZN260814C00280000,2.9,2.95
1786371993.153068,AMZN260814C00280000,2.9,2.95
1786371994.048582,AMZN260814C00280000,2.9,2.94
1786371995.162346,AMZN260814C00280000,2.9,2.94
1786371996.109244,AMZN260814C00280000,2.9,2.94
1786371998.197673,AMZN260814C00280000,2.9,2.94
1786371999.012853,AMZN260814C00280000,2.94,2.98
1786372000.000712,AMZN260814C00280000,2.93,2.98
1786372001.051431,AMZN260814C00280000,2.93,2.98
1786372002.006747,AMZN260814C00280000,2.9,2.96
1786372003.019511,AMZN260814C00280000,2.91,2.96
1786372004.012621,AMZN260814C00280000,2.92,2.97
1786372005.051061,AMZN260814C00280000,2.91,2.97
1786372006.030612,AMZN260814C00280000,2.91,2.97
1786372007.007362,AMZN260814C00280000,2.9,2.94
1786372008.049067,AMZN260814C00280000,2.9,2.94
1786372009.111068,AMZN260814C00280000,2.9,2.94
1786372010.052108,AMZN260814C00280000,2.9,2.94
1786372011.048864,AMZN260814C00280000,2.9,2.94
1786372012.074516,AMZN260814C00280000,2.86,2.9
1786372013.274841,AMZN260814C00280000,2.86,2.9
1786372014.015661,AMZN260814C00280000,2.84,2.9
1786372015.038996,AMZN260814C00280000,2.84,2.89
1786372016.00214,AMZN260814C00280000,2.84,2.89
1786372017.011281,AMZN260814C00280000,2.85,2.89
1786372019.052219,AMZN260814C00280000,2.85,2.9
1786372020.00764,AMZN260814C00280000,2.85,2.9
1786372021.424596,AMZN260814C00280000,2.85,2.9
1786372022.129714,AMZN260814C00280000,2.83,2.88
1786372023.032019,AMZN260814C00280000,2.83,2.88
1786372024.150399,AMZN260814C00280000,2.83,2.88
1786372025.00702,AMZN260814C00280000,2.82,2.85
1786372026.035753,AMZN260814C00280000,2.82,2.85
1786372027.000101,AMZN260814C00280000,2.82,2.86
1786372028.010821,AMZN260814C00280000,2.82,2.86
1786372029.06082,AMZN260814C00280000,2.82,2.86
1786372030.013822,AMZN260814C00280000,2.78,2.85
1786372031.005749,AMZN260814C00280000,2.8,2.86
1786372032.009776,AMZN260814C00280000,2.82,2.86
1786372033.221326,AMZN260814C00280000,2.82,2.86
1786372034.062099,AMZN260814C00280000,2.82,2.86
1786372035.086314,AMZN260814C00280000,2.82,2.86
1786372036.30518,AMZN260814C00280000,2.82,2.87
1786372037.074499,AMZN260814C00280000,2.82,2.87
1786372038.00664,AMZN260814C00280000,2.82,2.86
1786372039.173674,AMZN260814C00280000,2.82,2.86
1786372040.289738,AMZN260814C00280000,2.82,2.86
1786372041.061785,AMZN260814C00280000,2.8,2.85
1786372042.049671,AMZN260814C00280000,2.8,2.85
1786372043.049175,AMZN260814C00280000,2.8,2.86
1786372044.005597,AMZN260814C00280000,2.8,2.85
1786372045.048804,AMZN260814C00280000,2.77,2.84
1786372046.156157,AMZN260814C00280000,2.77,2.84
1786372047.049993,AMZN260814C00280000,2.74,2.79
1786372048.037379,AMZN260814C00280000,2.72,2.78
1786372049.024179,AMZN260814C00280000,2.74,2.79
1786372050.016968,AMZN260814C00280000,2.74,2.79
1786372051.05392,AMZN260814C00280000,2.74,2.79
1786372052.018744,AMZN260814C00280000,2.72,2.78
1786372053.481838,AMZN260814C00280000,2.72,2.77
1786372054.061292,AMZN260814C00280000,2.72,2.77
1786372055.082209,AMZN260814C00280000,2.76,2.83
1786372056.169662,AMZN260814C00280000,2.78,2.83
1786372057.089801,AMZN260814C00280000,2.78,2.83
1786372058.015155,AMZN260814C00280000,2.8,2.84
1786372059.001155,AMZN260814C00280000,2.8,2.85
1786372060.061263,AMZN260814C00280000,2.8,2.85
1786372061.013163,AMZN260814C00280000,2.8,2.85
1786372062.186919,AMZN260814C00280000,2.81,2.85
1786372063.003038,AMZN260814C00280000,2.78,2.85
1786372064.557048,AMZN260814C00280000,2.78,2.84
1786372065.041223,AMZN260814C00280000,2.79,2.83
1786372066.018926,AMZN260814C00280000,2.79,2.84
1786372067.010716,AMZN260814C00280000,2.78,2.83
1786372068.013,AMZN260814C00280000,2.77,2.82
1786372069.074913,AMZN260814C00280000,2.76,2.81
1786372070.086851,AMZN260814C00280000,2.76,2.8
1786372072.40556,AMZN260814C00280000,2.77,2.8
1786372073.490025,AMZN260814C00280000,2.77,2.8
1786372074.599339,AMZN260814C00280000,2.77,2.8
1786372075.001809,AMZN260814C00280000,2.77,2.8
1786372076.768964,AMZN260814C00280000,2.78,2.82
1786372077.11126,AMZN260814C00280000,2.78,2.83
1786372078.02562,AMZN260814C00280000,2.79,2.83
1786372079.349227,AMZN260814C00280000,2.79,2.84
1786372080.01931,AMZN260814C00280000,2.79,2.84
1786372081.087579,AMZN260814C00280000,2.79,2.79
1786372082.130045,AMZN260814C00280000,2.78,2.83
1786372083.001904,AMZN260814C00280000,2.78,2.83
1786372084.317389,AMZN260814C00280000,2.79,2.84
1786372085.052188,AMZN260814C00280000,2.78,2.84
1786372086.435375,AMZN260814C00280000,2.78,2.84
1786372087.277714,AMZN260814C00280000,2.78,2.84
1786372088.002871,AMZN260814C00280000,2.74,2.82
1786372089.300362,AMZN260814C00280000,2.75,2.82
1786372090.157508,AMZN260814C00280000,2.78,2.83
1786372091.051906,AMZN260814C00280000,2.78,2.83
1786372092.225379,AMZN260814C00280000,2.79,2.83
1786372093.064179,AMZN260814C00280000,2.79,2.83
1786372094.493144,AMZN260814C00280000,2.8,2.84
1786372095.000961,AMZN260814C00280000,2.81,2.87
1786372096.006166,AMZN260814C00280000,2.81,2.85
1786372097.061566,AMZN260814C00280000,2.8,2.84
1786372098.070393,AMZN260814C00280000,2.8,2.84
1786372099.107065,AMZN260814C00280000,2.8,2.84
1786372100.022381,AMZN260814C00280000,2.8,2.84
1786372101.076699,AMZN260814C00280000,2.8,2.84
1786372102.026578,AMZN260814C00280000,2.8,2.84
1786372103.078439,AMZN260814C00280000,2.81,2.84
1786372104.053739,AMZN260814C00280000,2.76,2.82
1786372105.070197,AMZN260814C00280000,2.77,2.83
1786372106.010438,AMZN260814C00280000,2.78,2.83
1786372107.094138,AMZN260814C00280000,2.76,2.81
1786372108.013361,AMZN260814C00280000,2.77,2.81
1786372109.106983,AMZN260814C00280000,2.77,2.81
1786372110.038379,AMZN260814C00280000,2.75,2.8
1786372111.083836,AMZN260814C00280000,2.76,2.81
1786372112.212999,AMZN260814C00280000,2.76,2.81
1786372113.508099,AMZN260814C00280000,2.76,2.81
1786372114.044085,AMZN260814C00280000,2.76,2.81
1786372116.568519,AMZN260814C00280000,2.76,2.8
1786372117.115392,AMZN260814C00280000,2.76,2.8
1786372118.021412,AMZN260814C00280000,2.76,2.8
1786372119.007271,AMZN260814C00280000,2.76,2.8
1786372120.084627,AMZN260814C00280000,2.76,2.8
1786372121.017448,AMZN260814C00280000,2.76,2.8
1786372122.073318,AMZN260814C00280000,2.78,2.8
1786372123.056925,AMZN260814C00280000,2.78,2.8
1786372124.046766,AMZN260814C00280000,2.78,2.8
1786372125.106031,AMZN260814C00280000,2.78,2.8
1786372126.077407,AMZN260814C00280000,2.79,2.83
1786372127.217142,AMZN260814C00280000,2.78,2.81
1786372128.305809,AMZN260814C00280000,2.78,2.81
1786372129.051913,AMZN260814C00280000,2.78,2.81
1786372130.053101,AMZN260814C00280000,2.78,2.81
1786372131.433066,AMZN260814C00280000,2.78,2.81
1786372132.265301,AMZN260814C00280000,2.78,2.81
1786372133.298118,AMZN260814C00280000,2.76,2.8
1786372134.019373,AMZN260814C00280000,2.76,2.8
1786372135.022246,AMZN260814C00280000,2.76,2.8
1786372136.011021,AMZN260814C00280000,2.76,2.8
1786372137.429375,AMZN260814C00280000,2.76,2.8
1786372138.048297,AMZN260814C00280000,2.76,2.81
1786372139.165352,AMZN260814C00280000,2.76,2.81
1786372140.220565,AMZN260814C00280000,2.76,2.81
1786372141.060112,AMZN260814C00280000,2.75,2.8
1786372142.304924,AMZN260814C00280000,2.75,2.8
1786372143.125771,AMZN260814C00280000,2.76,2.8
1786372144.029764,AMZN260814C00280000,2.77,2.82
1786372145.036526,AMZN260814C00280000,2.77,2.82
1786372146.051209,AMZN260814C00280000,2.77,2.82
1786372147.11338,AMZN260814C00280000,2.77,2.82
1786372148.075485,AMZN260814C00280000,2.77,2.82
1786372149.032899,AMZN260814C00280000,2.77,2.8
1786372150.175838,AMZN260814C00280000,2.78,2.8
1786372151.054394,AMZN260814C00280000,2.78,2.8
1786372152.035792,AMZN260814C00280000,2.79,2.82
1786372153.011414,AMZN260814C00280000,2.79,2.82
1786372154.044477,AMZN260814C00280000,2.8,2.82
1786372155.004684,AMZN260814C00280000,2.8,2.89
1786372156.427114,AMZN260814C00280000,2.8,2.89
1786372157.051084,AMZN260814C00280000,2.81,2.87
1786372158.481647,AMZN260814C00280000,2.8,2.86
1786372159.052279,AMZN260814C00280000,2.8,2.86
1786372160.117292,AMZN260814C00280000,2.8,2.86
1786372161.034292,AMZN260814C00280000,2.81,2.86
1786372162.033739,AMZN260814C00280000,2.82,2.89
1786372163.008802,AMZN260814C00280000,2.82,2.88
1786372164.072155,AMZN260814C00280000,2.82,2.87
1786372165.0316,AMZN260814C00280000,2.84,2.88
1786372166.834904,AMZN260814C00280000,2.83,2.88
1786372167.061805,AMZN260814C00280000,2.83,2.88
1786372168.040475,AMZN260814C00280000,2.83,2.88
1786372169.257038,AMZN260814C00280000,2.84,2.88
1786372170.087351,AMZN260814C00280000,2.82,2.88
1786372171.075659,AMZN260814C00280000,2.83,2.88
1786372172.060432,AMZN260814C00280000,2.83,2.88
1786372173.382352,AMZN260814C00280000,2.84,2.88
1786372174.03815,AMZN260814C00280000,2.83,2.88
1786372175.133598,AMZN260814C00280000,2.84,2.88
1786372176.052948,AMZN260814C00280000,2.83,2.88
1786372177.095239,AMZN260814C00280000,2.8,2.86
1786372178.049445,AMZN260814C00280000,2.8,2.86
1786372179.041378,AMZN260814C00280000,2.8,2.85
1786372180.011503,AMZN260814C00280000,2.87,2.9
1786372181.028231,AMZN260814C00280000,2.88,2.94
1786372182.098109,AMZN260814C00280000,2.88,2.94
1786372183.138769,AMZN260814C00280000,2.88,2.94
1786372184.000856,AMZN260814C00280000,2.88,2.93
1786372185.015581,AMZN260814C00280000,2.88,2.93
1786372186.01195,AMZN260814C00280000,2.88,2.93
1786372187.051433,AMZN260814C00280000,2.88,2.93
1786372188.041389,AMZN260814C00280000,2.88,2.92
1786372189.10661,AMZN260814C00280000,2.88,2.93
1786372190.020087,AMZN260814C00280000,2.88,2.93
1786372191.073092,AMZN260814C00280000,2.88,2.93
1786372192.050504,AMZN260814C00280000,2.96,3.05
1786372193.141478,AMZN260814C00280000,2.97,3.05
1786372194.121837,AMZN260814C00280000,2.98,3.05
1786372195.009547,AMZN260814C00280000,2.99,3.05
1786372196.088848,AMZN260814C00280000,3.0,3.05
1786372197.061714,AMZN260814C00280000,3.0,3.05
1786372198.81562,AMZN260814C00280000,3.0,3.05
1786372199.052007,AMZN260814C00280000,3.0,3.05
1786372200.004091,AMZN260814C00280000,2.99,3.05
1786372201.06582,AMZN260814C00280000,3.0,3.05
1786372202.107754,AMZN260814C00280000,3.05,3.1
1786372203.229528,AMZN260814C00280000,3.05,3.1
1786372204.064622,AMZN260814C00280000,3.05,3.1
1786372205.002374,AMZN260814C00280000,3.05,3.1
1786372206.308541,AMZN260814C00280000,3.05,3.1
1786372207.001466,AMZN260814C00280000,3.05,3.1
1786372208.001415,AMZN260814C00280000,3.05,3.1
1786372209.001164,AMZN260814C00280000,3.05,3.1
1786372210.002539,AMZN260814C00280000,3.05,3.15
1786372211.117671,AMZN260814C00280000,3.05,3.15
1786372212.013198,AMZN260814C00280000,3.1,3.2
1786372213.048523,AMZN260814C00280000,3.1,3.2
1786372214.049738,AMZN260814C00280000,3.1,3.2
1786372215.033933,AMZN260814C00280000,3.1,3.2
1786372216.034225,AMZN260814C00280000,3.1,3.15
1786372217.003399,AMZN260814C00280000,3.1,3.15
1786372218.020294,AMZN260814C00280000,3.1,3.15
1786372219.104052,AMZN260814C00280000,3.05,3.1
1786372220.013979,AMZN260814C00280000,3.0,3.1
1786372221.054289,AMZN260814C00280000,3.0,3.15
1786372222.030209,AMZN260814C00280000,3.0,3.15
1786372223.051482,AMZN260814C00280000,3.0,3.1
1786372224.077193,AMZN260814C00280000,3.0,3.1
1786372226.635341,AMZN260814C00280000,3.0,3.1
1786372227.208457,AMZN260814C00280000,3.0,3.1
1786372228.073808,AMZN260814C00280000,3.0,3.1
1786372229.052174,AMZN260814C00280000,3.0,3.1
1786372230.082914,AMZN260814C00280000,3.0,3.1
1786372231.284797,AMZN260814C00280000,3.0,3.1
1786372232.036457,AMZN260814C00280000,3.0,3.1
1786372233.05778,AMZN260814C00280000,3.0,3.1
1786372234.00492,AMZN260814C00280000,3.0,3.1
1786372235.065957,AMZN260814C00280000,3.0,3.05
1786372236.049345,AMZN260814C00280000,3.0,3.05
1786372237.076435,AMZN260814C00280000,3.0,3.05
1786372238.108178,AMZN260814C00280000,3.0,3.05
1786372239.246734,AMZN260814C00280000,3.0,3.05
1786372240.569072,AMZN260814C00280000,3.0,3.05
1786372241.326568,AMZN260814C00280000,3.0,3.05
1786372242.046993,AMZN260814C00280000,3.0,3.05
1786372243.039932,AMZN260814C00280000,3.0,3.05
1786372244.047472,AMZN260814C00280000,3.0,3.05
1786372245.047358,AMZN260814C00280000,3.0,3.05
1786372246.053608,AMZN260814C00280000,3.0,3.05
1786372247.064574,AMZN260814C00280000,3.0,3.05
1786372248.047748,AMZN260814C00280000,3.0,3.05
1786372249.420981,AMZN260814C00280000,3.0,3.05
1786372250.021642,AMZN260814C00280000,3.0,3.05
1786372251.016636,AMZN260814C00280000,3.05,3.1
1786372252.044269,AMZN260814C00280000,3.05,3.1
1786372253.012282,AMZN260814C00280000,3.05,3.1
1786372254.556625,AMZN260814C00280000,3.05,3.1
1786372255.023742,AMZN260814C00280000,3.05,3.1
1786372256.052631,AMZN260814C00280000,3.05,3.1
1786372257.000725,AMZN260814C00280000,3.05,3.1
1786372258.29938,AMZN260814C00280000,3.05,3.1
1786372259.293483,AMZN260814C00280000,3.05,3.1
1786372260.03133,AMZN260814C00280000,3.05,3.1
1786372261.052961,AMZN260814C00280000,3.05,3.1
1786372262.011612,AMZN260814C00280000,3.05,3.1
1786372263.623964,AMZN260814C00280000,3.05,3.1
1786372264.000622,AMZN260814C00280000,3.05,3.15
1786372265.052122,AMZN260814C00280000,3.05,3.15
1786372266.054553,AMZN260814C00280000,3.05,3.15
1786372267.025856,AMZN260814C00280000,3.1,3.15
1786372268.050895,AMZN260814C00280000,3.1,3.15
1786372269.017843,AMZN260814C00280000,3.1,3.15
1786372270.021478,AMZN260814C00280000,3.1,3.15
1786372271.040683,AMZN260814C00280000,3.1,3.15
1786372272.065208,AMZN260814C00280000,3.1,3.15
1786372273.141835,AMZN260814C00280000,3.1,3.15
1786372274.033315,AMZN260814C00280000,3.1,3.15
1786372275.067502,AMZN260814C00280000,3.1,3.15
1786372276.020017,AMZN260814C00280000,3.1,3.15
1786372277.176593,AMZN260814C00280000,3.1,3.15
1786372278.016654,AMZN260814C00280000,3.15,3.3
1786372279.051597,AMZN260814C00280000,3.15,3.35
1786372280.031695,AMZN260814C00280000,3.15,3.35
1786372281.066782,AMZN260814C00280000,3.15,3.35
1786372282.253058,AMZN260814C00280000,3.15,3.35
1786372283.013203,AMZN260814C00280000,3.25,3.35
1786372284.051783,AMZN260814C00280000,3.25,3.35
1786372285.052699,AMZN260814C00280000,3.25,3.35
1786372286.005916,AMZN260814C00280000,3.25,3.35
1786372287.129837,AMZN260814C00280000,3.3,3.35
1786372288.05156,AMZN260814C00280000,3.25,3.35
1786372289.054293,AMZN260814C00280000,3.25,3.3
1786372290.142023,AMZN260814C00280000,3.25,3.3
1786372291.017605,AMZN260814C00280000,3.25,3.35
1786372292.060108,AMZN260814C00280000,3.25,3.35
1786372293.139049,AMZN260814C00280000,3.25,3.35
1786372294.398684,AMZN260814C00280000,3.25,3.35
1786372295.057733,AMZN260814C00280000,3.25,3.35
1786372296.34613,AMZN260814C00280000,3.25,3.35
1786372297.033729,AMZN260814C00280000,3.2,3.3
1786372298.017325,AMZN260814C00280000,3.2,3.3
1786372299.193868,AMZN260814C00280000,3.2,3.3
1786372300.083571,AMZN260814C00280000,3.2,3.3
1786372301.001566,AMZN260814C00280000,3.25,3.35
1786372302.066881,AMZN260814C00280000,3.3,3.35
1786372303.077822,AMZN260814C00280000,3.25,3.35
1786372304.063515,AMZN260814C00280000,3.25,3.35
1786372305.050709,AMZN260814C00280000,3.25,3.35
1786372306.033059,AMZN260814C00280000,3.25,3.35
1786372307.029531,AMZN260814C00280000,3.25,3.35
1786372308.035247,AMZN260814C00280000,3.25,3.35
1786372309.309529,AMZN260814C00280000,3.3,3.35
1786372310.040101,AMZN260814C00280000,3.3,3.35
1786372311.132891,AMZN260814C00280000,3.3,3.35
1786372312.124935,AMZN260814C00280000,3.3,3.35
1786372313.023979,AMZN260814C00280000,3.25,3.35
1786372314.000826,AMZN260814C00280000,3.25,3.35
1786372315.006635,AMZN260814C00280000,3.25,3.3
1786372316.034784,AMZN260814C00280000,3.25,3.3
1786372317.051507,AMZN260814C00280000,3.25,3.35
1786372318.001268,AMZN260814C00280000,3.25,3.35
1786372319.104421,AMZN260814C00280000,3.25,3.35
1786372320.02686,AMZN260814C00280000,3.2,3.3
1786372321.003745,AMZN260814C00280000,3.2,3.3
1786372322.157518,AMZN260814C00280000,3.2,3.3
1786372323.028337,AMZN260814C00280000,3.2,3.3
1786372324.051806,AMZN260814C00280000,3.2,3.25
1786372325.049383,AMZN260814C00280000,3.2,3.25
1786372326.274584,AMZN260814C00280000,3.2,3.25
1786372327.215197,AMZN260814C00280000,3.2,3.25
1786372328.011189,AMZN260814C00280000,3.15,3.2
1786372329.054687,AMZN260814C00280000,3.15,3.2
1786372330.052788,AMZN260814C00280000,3.15,3.2
1786372331.051038,AMZN260814C00280000,3.15,3.2
1786372332.452462,AMZN260814C00280000,3.15,3.2
1786372333.069379,AMZN260814C00280000,3.15,3.25
1786372334.064748,AMZN260814C00280000,3.15,3.25
1786372335.046675,AMZN260814C00280000,3.2,3.25
1786372336.358518,AMZN260814C00280000,3.2,3.25
1786372337.145476,AMZN260814C00280000,3.2,3.3
1786372338.265942,AMZN260814C00280000,3.2,3.3
1786372339.019927,AMZN260814C00280000,3.2,3.3
1786372340.094295,AMZN260814C00280000,3.2,3.3
1786372341.070305,AMZN260814C00280000,3.25,3.3
1786372342.090453,AMZN260814C00280000,3.25,3.3
1786372343.053119,AMZN260814C00280000,3.25,3.3
1786372344.000712,AMZN260814C00280000,3.25,3.3
1786372345.05196,AMZN260814C00280000,3.25,3.3
1786372346.043494,AMZN260814C00280000,3.25,3.3
1786372347.053412,AMZN260814C00280000,3.25,3.3
1786372348.018817,AMZN260814C00280000,3.25,3.3
1786372349.014759,AMZN260814C00280000,3.25,3.3
1786372350.020514,AMZN260814C00280000,3.25,3.35
1786372351.963977,AMZN260814C00280000,3.25,3.35
1786372352.120158,AMZN260814C00280000,3.25,3.35
1786372353.060709,AMZN260814C00280000,3.25,3.35
1786372354.425349,AMZN260814C00280000,3.25,3.35
1786372355.07888,AMZN260814C00280000,3.25,3.35
1786372356.356969,AMZN260814C00280000,3.25,3.3
1786372357.142892,AMZN260814C00280000,3.25,3.3
1786372358.273826,AMZN260814C00280000,3.25,3.3
1786372359.26832,AMZN260814C00280000,3.25,3.3
1786372360.01406,AMZN260814C00280000,3.25,3.3
1786372361.129097,AMZN260814C00280000,3.25,3.3
1786372362.003963,AMZN260814C00280000,3.25,3.3
1786372363.067157,AMZN260814C00280000,3.25,3.35
1786372364.055186,AMZN260814C00280000,3.25,3.35
1786372365.081623,AMZN260814C00280000,3.25,3.35
1786372366.004931,AMZN260814C00280000,3.15,3.3
1786372367.070587,AMZN260814C00280000,3.15,3.25
1786372368.022813,AMZN260814C00280000,3.15,3.25
1786372369.102752,AMZN260814C00280000,3.15,3.25
1786372370.051047,AMZN260814C00280000,3.15,3.25
1786372371.00055,AMZN260814C00280000,3.15,3.25
1786372372.02573,AMZN260814C00280000,3.15,3.25
1786372373.052735,AMZN260814C00280000,3.15,3.25
1786372374.186806,AMZN260814C00280000,3.15,3.2
1786372375.044918,AMZN260814C00280000,3.15,3.2
1786372376.030603,AMZN260814C00280000,3.15,3.2
1786372377.059485,AMZN260814C00280000,3.15,3.2
1786372378.101635,AMZN260814C00280000,3.1,3.2
1786372379.009442,AMZN260814C00280000,3.05,3.15
1786372380.034503,AMZN260814C00280000,3.05,3.15
1786372381.050868,AMZN260814C00280000,3.05,3.15
1786372382.036307,AMZN260814C00280000,3.05,3.15
1786372383.220793,AMZN260814C00280000,3.1,3.15
1786372384.034381,AMZN260814C00280000,3.05,3.15
1786372385.046978,AMZN260814C00280000,3.05,3.15
1786372386.050492,AMZN260814C00280000,3.1,3.2
1786372387.01662,AMZN260814C00280000,3.1,3.25
1786372388.251405,AMZN260814C00280000,3.1,3.25
1786372389.577972,AMZN260814C00280000,3.1,3.25
1786372390.064156,AMZN260814C00280000,3.15,3.3
1786372391.007207,AMZN260814C00280000,3.2,3.3
1786372392.02368,AMZN260814C00280000,3.2,3.25
1786372393.050891,AMZN260814C00280000,3.15,3.25
1786372394.143793,AMZN260814C00280000,3.15,3.2
1786372395.338066,AMZN260814C00280000,3.15,3.2
1786372396.168291,AMZN260814C00280000,3.15,3.2
1786372397.662182,AMZN260814C00280000,3.15,3.2
1786372398.161895,AMZN260814C00280000,3.15,3.2
1786372399.0314,AMZN260814C00280000,3.15,3.2
1786372400.242588,AMZN260814C00280000,3.15,3.2
1786372401.014851,AMZN260814C00280000,3.15,3.2
1786372402.501961,AMZN260814C00280000,3.15,3.2
1786372403.188229,AMZN260814C00280000,3.15,3.2
1786372404.152334,AMZN260814C00280000,3.15,3.2
1786372405.06196,AMZN260814C00280000,3.15,3.2
1786372406.02792,AMZN260814C00280000,3.15,3.2
1786372407.180696,AMZN260814C00280000,3.15,3.2
1786372408.051231,AMZN260814C00280000,3.15,3.2
1786372409.1129,AMZN260814C00280000,3.15,3.2
1786372410.064308,AMZN260814C00280000,3.15,3.2
1786372411.114159,AMZN260814C00280000,3.15,3.25
1786372412.027461,AMZN260814C00280000,3.15,3.25
1786372413.025613,AMZN260814C00280000,3.2,3.25
1786372414.051273,AMZN260814C00280000,3.2,3.25
1786372415.192616,AMZN260814C00280000,3.2,3.25
1786372416.017333,AMZN260814C00280000,3.2,3.3
1786372417.05571,AMZN260814C00280000,3.2,3.3
1786372418.060501,AMZN260814C00280000,3.2,3.3
1786372419.240412,AMZN260814C00280000,3.2,3.3
1786372420.365863,AMZN260814C00280000,3.2,3.3
1786372421.214068,AMZN260814C00280000,3.25,3.3
1786372422.060278,AMZN260814C00280000,3.25,3.3
1786372423.119045,AMZN260814C00280000,3.25,3.3
1786372424.052857,AMZN260814C00280000,3.25,3.3
1786372425.493065,AMZN260814C00280000,3.2,3.3
1786372426.740283,AMZN260814C00280000,3.25,3.3
1786372427.046638,AMZN260814C00280000,3.2,3.3
1786372428.145069,AMZN260814C00280000,3.25,3.3
1786372429.003006,AMZN260814C00280000,3.25,3.3
1786372430.030414,AMZN260814C00280000,3.2,3.3
1786372431.034249,AMZN260814C00280000,3.2,3.3
1786372432.053546,AMZN260814C00280000,3.2,3.3
1786372433.09876,AMZN260814C00280000,3.2,3.3
1786372434.027573,AMZN260814C00280000,3.2,3.3
1786372435.248347,AMZN260814C00280000,3.2,3.3
1786372436.008691,AMZN260814C00280000,3.2,3.3
1786372437.10537,AMZN260814C00280000,3.25,3.3
1786372438.281244,AMZN260814C00280000,3.25,3.3
1786372439.062797,AMZN260814C00280000,3.25,3.3
1786372440.162196,AMZN260814C00280000,3.25,3.3
1786372441.064871,AMZN260814C00280000,3.25,3.3
1786372442.02141,AMZN260814C00280000,3.25,3.35
1786372443.047269,AMZN260814C00280000,3.25,3.3
1786372444.010584,AMZN260814C00280000,3.25,3.3
1786372445.06293,AMZN260814C00280000,3.25,3.3
1786372446.051078,AMZN260814C00280000,3.2,3.3
1786372447.052925,AMZN260814C00280000,3.15,3.25
1786372448.131719,AMZN260814C00280000,3.15,3.25
1786372449.055119,AMZN260814C00280000,3.15,3.25
1786372450.053747,AMZN260814C00280000,3.15,3.25
1786372451.053985,AMZN260814C00280000,3.15,3.2
1786372452.074398,AMZN260814C00280000,3.1,3.2
1786372453.021111,AMZN260814C00280000,3.1,3.2
1786372454.055088,AMZN260814C00280000,3.1,3.2
1786372455.048938,AMZN260814C00280000,3.1,3.2
1786372456.051067,AMZN260814C00280000,3.1,3.2
1786372457.079784,AMZN260814C00280000,3.1,3.2
1786372458.053483,AMZN260814C00280000,3.1,3.2
1786372459.175597,AMZN260814C00280000,3.1,3.15
1786372460.113068,AMZN260814C00280000,3.1,3.15
1786372461.035539,AMZN260814C00280000,3.1,3.15
1786372462.014988,AMZN260814C00280000,3.1,3.2
1786372463.057147,AMZN260814C00280000,3.1,3.2
1786372464.052553,AMZN260814C00280000,3.05,3.15
1786372465.029625,AMZN260814C00280000,3.05,3.15
1786372466.13944,AMZN260814C00280000,3.05,3.15
1786372467.104316,AMZN260814C00280000,3.05,3.15
1786372468.340539,AMZN260814C00280000,3.1,3.15
1786372469.5042,AMZN260814C00280000,3.1,3.15
1786372470.050936,AMZN260814C00280000,3.1,3.15
1786372471.044609,AMZN260814C00280000,3.1,3.15
1786372472.601063,AMZN260814C00280000,3.1,3.15
1786372473.598027,AMZN260814C00280000,3.1,3.15
1786372474.107486,AMZN260814C00280000,3.1,3.15
1786372475.036328,AMZN260814C00280000,3.1,3.15
1786372476.000652,AMZN260814C00280000,3.1,3.2
1786372477.133951,AMZN260814C00280000,3.1,3.2
1786372478.052203,AMZN260814C00280000,3.1,3.2
1786372479.051191,AMZN260814C00280000,3.1,3.2
1786372480.051068,AMZN260814C00280000,3.1,3.2
1786372481.488997,AMZN260814C00280000,3.15,3.2
1786372482.256735,AMZN260814C00280000,3.15,3.2
1786372483.042651,AMZN260814C00280000,3.1,3.2
1786372484.053188,AMZN260814C00280000,3.1,3.2
1786372485.056645,AMZN260814C00280000,3.1,3.2
1786372486.187747,AMZN260814C00280000,3.1,3.15
1786372487.214132,AMZN260814C00280000,3.1,3.15
1786372488.075709,AMZN260814C00280000,3.1,3.15
1786372489.027567,AMZN260814C00280000,3.1,3.15
1786372490.057458,AMZN260814C00280000,3.1,3.15
1786372491.052948,AMZN260814C00280000,3.1,3.15
1786372492.056847,AMZN260814C00280000,3.1,3.15
1786372493.033472,AMZN260814C00280000,3.05,3.15
1786372494.125628,AMZN260814C00280000,3.05,3.15
1786372495.16303,AMZN260814C00280000,3.05,3.15
1786372496.190625,AMZN260814C00280000,3.05,3.15
1786372497.052428,AMZN260814C00280000,3.05,3.15
1786372498.528137,AMZN260814C00280000,3.05,3.15
1786372499.193868,AMZN260814C00280000,3.05,3.15
1786372500.018843,AMZN260814C00280000,3.05,3.15
1786372501.046073,AMZN260814C00280000,3.05,3.15
1786372502.005988,AMZN260814C00280000,3.05,3.15
1786372503.098893,AMZN260814C00280000,3.05,3.15
1786372504.249062,AMZN260814C00280000,3.05,3.15
1786372505.052111,AMZN260814C00280000,3.05,3.15
1786372506.299004,AMZN260814C00280000,3.05,3.15
1786372508.090937,AMZN260814C00280000,3.05,3.15
1786372509.39573,AMZN260814C00280000,3.05,3.15
1786372510.110128,AMZN260814C00280000,3.05,3.15
1786372511.097768,AMZN260814C00280000,3.05,3.1
1786372512.00321,AMZN260814C00280000,3.05,3.1
1786372513.031072,AMZN260814C00280000,3.05,3.1
1786372514.267912,AMZN260814C00280000,3.05,3.15
1786372515.006691,AMZN260814C00280000,3.05,3.15
1786372516.163297,AMZN260814C00280000,3.05,3.15
1786372517.015132,AMZN260814C00280000,3.05,3.15
1786372518.050321,AMZN260814C00280000,3.05,3.2
1786372519.061693,AMZN260814C00280000,3.1,3.2
1786372520.588483,AMZN260814C00280000,3.1,3.2
1786372521.048391,AMZN260814C00280000,3.1,3.2
1786372522.000548,AMZN260814C00280000,3.05,3.15
1786372523.017624,AMZN260814C00280000,3.05,3.15
1786372524.058059,AMZN260814C00280000,3.05,3.15
1786372525.001682,AMZN260814C00280000,3.05,3.15
1786372526.05091,AMZN260814C00280000,3.05,3.15
1786372527.035996,AMZN260814C00280000,3.05,3.15
1786372528.028936,AMZN260814C00280000,3.05,3.15
1786372529.861965,AMZN260814C00280000,3.05,3.1
1786372530.059596,AMZN260814C00280000,3.05,3.1
1786372531.298964,AMZN260814C00280000,3.05,3.1
1786372532.176213,AMZN260814C00280000,3.05,3.1
1786372533.126445,AMZN260814C00280000,3.05,3.1
1786372534.217225,AMZN260814C00280000,3.05,3.1
1786372535.024834,AMZN260814C00280000,3.05,3.15
1786372536.71687,AMZN260814C00280000,3.05,3.15
1786372537.04864,AMZN260814C00280000,3.05,3.15
1786372538.279859,AMZN260814C00280000,3.05,3.15
1786372539.004929,AMZN260814C00280000,3.05,3.15
1786372540.381651,AMZN260814C00280000,3.05,3.15
1786372541.031251,AMZN260814C00280000,3.1,3.15
1786372542.040018,AMZN260814C00280000,3.1,3.2
1786372543.004935,AMZN260814C00280000,3.1,3.2
1786372544.022931,AMZN260814C00280000,3.15,3.25
1786372545.049478,AMZN260814C00280000,3.15,3.25
1786372546.051182,AMZN260814C00280000,3.15,3.25
1786372547.051537,AMZN260814C00280000,3.15,3.25
1786372548.287818,AMZN260814C00280000,3.15,3.2
1786372549.005149,AMZN260814C00280000,3.15,3.25
1786372550.342516,AMZN260814C00280000,3.15,3.25
1786372551.421492,AMZN260814C00280000,3.15,3.25
1786372552.026087,AMZN260814C00280000,3.15,3.25
1786372553.000281,AMZN260814C00280000,3.15,3.2
1786372554.038637,AMZN260814C00280000,3.1,3.15
1786372555.117219,AMZN260814C00280000,3.1,3.2
1786372556.045439,AMZN260814C00280000,3.1,3.2
1786372557.015467,AMZN260814C00280000,3.1,3.15
1786372558.208709,AMZN260814C00280000,3.1,3.15
1786372559.052618,AMZN260814C00280000,3.1,3.2
1786372560.136207,AMZN260814C00280000,3.1,3.2
1786372561.222025,AMZN260814C00280000,3.1,3.2
1786372562.040344,AMZN260814C00280000,3.1,3.2
1786372563.474573,AMZN260814C00280000,3.1,3.15
1786372564.007875,AMZN260814C00280000,3.1,3.15
1786372565.322642,AMZN260814C00280000,3.1,3.15
1786372567.048744,AMZN260814C00280000,3.1,3.15
1786372569.805918,AMZN260814C00280000,3.1,3.15
1786372570.523687,AMZN260814C00280000,3.1,3.15
1786372571.377375,AMZN260814C00280000,3.1,3.15
1786372572.023105,AMZN260814C00280000,3.1,3.15
1786372573.053807,AMZN260814C00280000,3.1,3.15
1786372574.005336,AMZN260814C00280000,3.1,3.15
1786372575.006119,AMZN260814C00280000,3.1,3.15
1786372576.173539,AMZN260814C00280000,3.1,3.15
1786372577.054705,AMZN260814C00280000,3.1,3.2
1786372578.028715,AMZN260814C00280000,3.15,3.2
1786372579.124471,AMZN260814C00280000,3.15,3.25
1786372580.003936,AMZN260814C00280000,3.15,3.25
1786372581.053336,AMZN260814C00280000,3.15,3.25
1786372582.051983,AMZN260814C00280000,3.15,3.25
1786372583.13155,AMZN260814C00280000,3.15,3.25
1786372584.703913,AMZN260814C00280000,3.15,3.25
1786372585.074596,AMZN260814C00280000,3.15,3.25
1786372586.09369,AMZN260814C00280000,3.15,3.25
1786372587.047169,AMZN260814C00280000,3.15,3.25
1786372588.037961,AMZN260814C00280000,3.15,3.25
1786372589.51519,AMZN260814C00280000,3.15,3.25
1786372590.056274,AMZN260814C00280000,3.15,3.25
1786372591.050876,AMZN260814C00280000,3.15,3.25
1786372592.1086,AMZN260814C00280000,3.15,3.2
1786372593.005405,AMZN260814C00280000,3.15,3.25
1786372594.037889,AMZN260814C00280000,3.15,3.25
1786372595.301757,AMZN260814C00280000,3.15,3.25
1786372596.076084,AMZN260814C00280000,3.15,3.25
1786372597.098772,AMZN260814C00280000,3.15,3.25
1786372598.109434,AMZN260814C00280000,3.15,3.25
1786372599.15324,AMZN260814C00280000,3.15,3.25
1786372600.026111,AMZN260814C00280000,3.15,3.25
1786372601.043669,AMZN260814C00280000,3.15,3.25
1786372602.047075,AMZN260814C00280000,3.15,3.25
1786372603.046966,AMZN260814C00280000,3.15,3.25
1786372605.272686,AMZN260814C00280000,3.15,3.25
1786372606.059669,AMZN260814C00280000,3.15,3.25
1786372607.044464,AMZN260814C00280000,3.15,3.25
1786372608.048798,AMZN260814C00280000,3.15,3.25
1786372609.004709,AMZN260814C00280000,3.15,3.25
1786372610.047363,AMZN260814C00280000,3.15,3.25
1786372611.333877,AMZN260814C00280000,3.15,3.25
1786372613.381836,AMZN260814C00280000,3.15,3.25
1786372614.050787,AMZN260814C00280000,3.15,3.25
1786372615.045578,AMZN260814C00280000,3.15,3.25
1786372616.00216,AMZN260814C00280000,3.1,3.15
1786372617.021494,AMZN260814C00280000,3.0,3.1
1786372618.002194,AMZN260814C00280000,3.0,3.1
1786372619.044083,AMZN260814C00280000,3.0,3.05
1786372620.053382,AMZN260814C00280000,3.0,3.1
1786372621.025086,AMZN260814C00280000,3.0,3.05
1786372622.045686,AMZN260814C00280000,3.0,3.05
1786372623.116673,AMZN260814C00280000,3.0,3.05
1786372624.826494,AMZN260814C00280000,3.0,3.05
1786372625.155632,AMZN260814C00280000,3.0,3.05
1786372626.040401,AMZN260814C00280000,3.0,3.1
1786372627.395227,AMZN260814C00280000,3.05,3.15
1786372628.050972,AMZN260814C00280000,3.05,3.15
1786372629.048716,AMZN260814C00280000,3.05,3.15
1786372630.083206,AMZN260814C00280000,3.05,3.15
1786372631.059031,AMZN260814C00280000,3.05,3.15
1786372632.008093,AMZN260814C00280000,3.05,3.15
1786372633.301981,AMZN260814C00280000,3.0,3.1
1786372634.23625,AMZN260814C00280000,3.0,3.1
1786372635.074822,AMZN260814C00280000,3.0,3.1
1786372636.076803,AMZN260814C00280000,3.0,3.1
1786372637.04778,AMZN260814C00280000,3.05,3.15
1786372638.020367,AMZN260814C00280000,3.05,3.15
1786372639.009636,AMZN260814C00280000,3.0,3.1
1786372640.005504,AMZN260814C00280000,3.0,3.15
1786372641.00481,AMZN260814C00280000,3.0,3.1
1786372642.034195,AMZN260814C00280000,3.0,3.1
1786372643.058623,AMZN260814C00280000,3.0,3.1
1786372644.162133,AMZN260814C00280000,3.0,3.1
1786372645.763206,AMZN260814C00280000,3.0,3.1
1786372646.036082,AMZN260814C00280000,3.0,3.1
1786372647.140591,AMZN260814C00280000,3.05,3.1
1786372648.301832,AMZN260814C00280000,3.05,3.1
1786372649.298792,AMZN260814C00280000,3.05,3.1
1786372650.048414,AMZN260814C00280000,3.05,3.15
1786372651.106085,AMZN260814C00280000,3.05,3.15
1786372652.049174,AMZN260814C00280000,3.05,3.15
1786372653.400292,AMZN260814C00280000,3.0,3.1
1786372654.112397,AMZN260814C00280000,3.0,3.1
1786372655.799399,AMZN260814C00280000,3.0,3.1
1786372656.065914,AMZN260814C00280000,3.0,3.1
1786372657.785287,AMZN260814C00280000,3.0,3.1
1786372658.047635,AMZN260814C00280000,3.0,3.1
1786372659.197605,AMZN260814C00280000,3.0,3.1
1786372660.032043,AMZN260814C00280000,3.1,3.2
1786372661.07399,AMZN260814C00280000,3.05,3.15
1786372662.128638,AMZN260814C00280000,3.05,3.15
1786372663.035342,AMZN260814C00280000,3.05,3.15
1786372664.005544,AMZN260814C00280000,3.05,3.15
1786372665.04945,AMZN260814C00280000,3.05,3.15
1786372666.34228,AMZN260814C00280000,3.05,3.15
1786372667.012644,AMZN260814C00280000,3.05,3.15
1786372668.55222,AMZN260814C00280000,3.05,3.15
1786372669.765018,AMZN260814C00280000,3.05,3.2
1786372670.052644,AMZN260814C00280000,3.05,3.2
1786372672.351212,AMZN260814C00280000,3.05,3.2
1786372673.118731,AMZN260814C00280000,3.1,3.2
1786372674.05211,AMZN260814C00280000,3.1,3.2
1786372675.051806,AMZN260814C00280000,3.1,3.2
1786372676.315593,AMZN260814C00280000,3.1,3.2
1786372677.003568,AMZN260814C00280000,3.1,3.2
1786372678.013176,AMZN260814C00280000,3.1,3.2
1786372679.045667,AMZN260814C00280000,3.1,3.2
1786372680.0504,AMZN260814C00280000,3.1,3.2
1786372681.106538,AMZN260814C00280000,3.1,3.2
1786372682.000566,AMZN260814C00280000,3.1,3.2
1786372683.018875,AMZN260814C00280000,3.1,3.2
1786372684.087534,AMZN260814C00280000,3.1,3.2
1786372685.019523,AMZN260814C00280000,3.1,3.2
1786372686.052349,AMZN260814C00280000,3.1,3.2
1786372687.120898,AMZN260814C00280000,3.1,3.2
1786372688.04208,AMZN260814C00280000,3.1,3.2
1786372689.000462,AMZN260814C00280000,3.05,3.15
1786372690.012205,AMZN260814C00280000,3.05,3.15
1786372691.716292,AMZN260814C00280000,3.05,3.15
1786372692.048264,AMZN260814C00280000,3.05,3.15
1786372693.059291,AMZN260814C00280000,3.05,3.15
1786372694.048754,AMZN260814C00280000,3.05,3.15
1786372695.057379,AMZN260814C00280000,3.05,3.15
1786372696.049097,AMZN260814C00280000,3.05,3.15
1786372697.079347,AMZN260814C00280000,3.05,3.15
1786372698.061578,AMZN260814C00280000,3.05,3.15
1786372699.120203,AMZN260814C00280000,3.05,3.15
1786372700.022004,AMZN260814C00280000,3.05,3.15
1786372701.039313,AMZN260814C00280000,3.05,3.15
1786372702.048302,AMZN260814C00280000,3.05,3.15
1786372703.009642,AMZN260814C00280000,3.05,3.15
1786372704.990818,AMZN260814C00280000,3.05,3.15
1786372705.09083,AMZN260814C00280000,3.05,3.15
1786372706.012116,AMZN260814C00280000,3.1,3.15
1786372707.042335,AMZN260814C00280000,3.05,3.15
1786372708.963811,AMZN260814C00280000,3.05,3.15
1786372709.000693,AMZN260814C00280000,3.05,3.15
1786372710.007532,AMZN260814C00280000,3.0,3.1
1786372711.048096,AMZN260814C00280000,3.0,3.1
1786372712.243258,AMZN260814C00280000,3.0,3.1
1786372713.447551,AMZN260814C00280000,3.0,3.1
1786372714.175086,AMZN260814C00280000,3.0,3.1
1786372715.049588,AMZN260814C00280000,3.0,3.1
1786372716.224413,AMZN260814C00280000,3.0,3.1
1786372717.050623,AMZN260814C00280000,3.0,3.15
1786372718.025546,AMZN260814C00280000,3.0,3.15
1786372719.035992,AMZN260814C00280000,3.0,3.1
1786372720.051238,AMZN260814C00280000,3.0,3.1
1786372721.04847,AMZN260814C00280000,3.0,3.1
1786372722.048325,AMZN260814C00280000,3.0,3.1
1786372723.006602,AMZN260814C00280000,3.0,3.1
1786372724.547657,AMZN260814C00280000,3.0,3.1
1786372725.089354,AMZN260814C00280000,3.0,3.1
1786372726.74717,AMZN260814C00280000,3.0,3.1
1786372727.736893,AMZN260814C00280000,3.0,3.05
1786372728.374582,AMZN260814C00280000,3.0,3.05
1786372729.058509,AMZN260814C00280000,3.0,3.05
1786372730.018665,AMZN260814C00280000,3.05,3.1
1786372731.11519,AMZN260814C00280000,3.05,3.1
1786372732.434133,AMZN260814C00280000,3.05,3.1
1786372733.004995,AMZN260814C00280000,3.05,3.1
1786372734.026117,AMZN260814C00280000,3.0,3.1
1786372735.049592,AMZN260814C00280000,3.0,3.1
1786372736.049173,AMZN260814C00280000,3.0,3.1
1786372737.047,AMZN260814C00280000,3.0,3.1
1786372738.885677,AMZN260814C00280000,3.0,3.1
1786372739.10149,AMZN260814C00280000,3.0,3.1
1786372740.048867,AMZN260814C00280000,3.0,3.1
1786372741.028172,AMZN260814C00280000,3.0,3.1
1786372742.049161,AMZN260814C00280000,3.0,3.1
1786372743.228721,AMZN260814C00280000,3.0,3.1
1786372744.201583,AMZN260814C00280000,3.0,3.1
1786372745.371612,AMZN260814C00280000,3.0,3.1
1786372746.22325,AMZN260814C00280000,3.0,3.1
1786372747.254915,AMZN260814C00280000,3.0,3.1
1786372748.441382,AMZN260814C00280000,3.0,3.1
1786372749.484069,AMZN260814C00280000,3.0,3.1
1786372750.104259,AMZN260814C00280000,3.0,3.1
1786372751.035535,AMZN260814C00280000,3.05,3.1
1786372752.240628,AMZN260814C00280000,3.05,3.1
1786372753.724528,AMZN260814C00280000,3.05,3.1
1786372754.287373,AMZN260814C00280000,3.05,3.1
1786372755.21314,AMZN260814C00280000,3.05,3.1
1786372756.016448,AMZN260814C00280000,3.05,3.1
1786372757.026253,AMZN260814C00280000,3.05,3.15
1786372758.06032,AMZN260814C00280000,3.05,3.15
1786372759.019338,AMZN260814C00280000,3.05,3.15
1786372760.030043,AMZN260814C00280000,3.05,3.15
1786372761.029222,AMZN260814C00280000,3.1,3.15
1786372762.043113,AMZN260814C00280000,3.1,3.15
1786372763.053147,AMZN260814C00280000,3.1,3.2
1786372764.049465,AMZN260814C00280000,3.1,3.2
1786372765.238636,AMZN260814C00280000,3.1,3.2
1786372766.22444,AMZN260814C00280000,3.15,3.2
1786372767.403329,AMZN260814C00280000,3.1,3.2
1786372768.003076,AMZN260814C00280000,3.1,3.2
1786372769.033756,AMZN260814C00280000,3.15,3.2
1786372770.045741,AMZN260814C00280000,3.15,3.2
1786372771.050652,AMZN260814C00280000,3.15,3.2
1786372772.011252,AMZN260814C00280000,3.15,3.2
1786372773.009677,AMZN260814C00280000,3.15,3.2
1786372774.13486,AMZN260814C00280000,3.15,3.2
1786372775.340268,AMZN260814C00280000,3.15,3.2
1786372776.053323,AMZN260814C00280000,3.15,3.2
1786372777.077921,AMZN260814C00280000,3.15,3.2
1786372778.201976,AMZN260814C00280000,3.15,3.2
1786372779.032925,AMZN260814C00280000,3.15,3.2
1786372780.078862,AMZN260814C00280000,3.15,3.2
1786372781.001409,AMZN260814C00280000,3.15,3.2
1786372782.118219,AMZN260814C00280000,3.15,3.2
1786372783.054302,AMZN260814C00280000,3.15,3.2
1786372784.21242,AMZN260814C00280000,3.15,3.2
1786372785.265444,AMZN260814C00280000,3.15,3.25
1786372786.078986,AMZN260814C00280000,3.15,3.25
1786372787.153024,AMZN260814C00280000,3.2,3.25
1786372788.13339,AMZN260814C00280000,3.2,3.25
1786372789.483881,AMZN260814C00280000,3.2,3.25
1786372790.047848,AMZN260814C00280000,3.2,3.25
1786372791.437693,AMZN260814C00280000,3.2,3.25
1786372792.126659,AMZN260814C00280000,3.2,3.25
1786372793.229255,AMZN260814C00280000,3.2,3.25
1786372794.055731,AMZN260814C00280000,3.2,3.25
1786372795.022324,AMZN260814C00280000,3.2,3.25
1786372796.09193,AMZN260814C00280000,3.2,3.25
1786372797.025661,AMZN260814C00280000,3.2,3.25
1786372798.017088,AMZN260814C00280000,3.2,3.3
1786372799.00532,AMZN260814C00280000,3.2,3.3
1786372800.056734,AMZN260814C00280000,3.2,3.3
1786372801.305048,AMZN260814C00280000,3.2,3.3
1786372802.029139,AMZN260814C00280000,3.2,3.3
1786372803.01247,AMZN260814C00280000,3.15,3.25
1786372804.027372,AMZN260814C00280000,3.15,3.25
1786372805.085998,AMZN260814C00280000,3.15,3.25
1786372806.041337,AMZN260814C00280000,3.15,3.25
1786372807.070675,AMZN260814C00280000,3.2,3.3
1786372808.048629,AMZN260814C00280000,3.2,3.25
1786372809.006019,AMZN260814C00280000,3.2,3.3
1786372810.01058,AMZN260814C00280000,3.2,3.3
1786372811.050557,AMZN260814C00280000,3.2,3.3
1786372812.29817,AMZN260814C00280000,3.2,3.3
1786372813.04908,AMZN260814C00280000,3.25,3.3
1786372814.049128,AMZN260814C00280000,3.2,3.3
1786372815.028963,AMZN260814C00280000,3.2,3.3
1786372816.037659,AMZN260814C00280000,3.2,3.3
1786372817.020191,AMZN260814C00280000,3.2,3.3
1786372818.106411,AMZN260814C00280000,3.2,3.3
1786372819.049783,AMZN260814C00280000,3.2,3.3
1786372820.047176,AMZN260814C00280000,3.2,3.3
1786372821.035473,AMZN260814C00280000,3.2,3.3
1786372822.131276,AMZN260814C00280000,3.2,3.3
1786372823.007075,AMZN260814C00280000,3.15,3.25
1786372824.029563,AMZN260814C00280000,3.2,3.25
1786372825.118963,AMZN260814C00280000,3.2,3.25
1786372826.166101,AMZN260814C00280000,3.2,3.25
1786372827.038488,AMZN260814C00280000,3.2,3.25
1786372828.103884,AMZN260814C00280000,3.2,3.25
1786372829.049701,AMZN260814C00280000,3.15,3.25
1786372830.747063,AMZN260814C00280000,3.2,3.25
1786372831.050598,AMZN260814C00280000,3.2,3.25
1786372832.103321,AMZN260814C00280000,3.2,3.25
1786372833.035454,AMZN260814C00280000,3.2,3.25
1786372834.07492,AMZN260814C00280000,3.2,3.25
1786372835.049785,AMZN260814C00280000,3.2,3.3
1786372836.029762,AMZN260814C00280000,3.2,3.3
1786372837.047681,AMZN260814C00280000,3.2,3.3
1786372838.02935,AMZN260814C00280000,3.2,3.3
1786372839.010697,AMZN260814C00280000,3.2,3.3
1786372840.013465,AMZN260814C00280000,3.2,3.3
1786372841.282435,AMZN260814C00280000,3.2,3.3
1786372842.056764,AMZN260814C00280000,3.2,3.3
1786372843.104677,AMZN260814C00280000,3.2,3.3
1786372844.211129,AMZN260814C00280000,3.2,3.3
1786372845.049718,AMZN260814C00280000,3.2,3.3
1786372846.803355,AMZN260814C00280000,3.2,3.3
1786372847.067631,AMZN260814C00280000,3.2,3.3
1786372848.31981,AMZN260814C00280000,3.2,3.3
1786372849.066228,AMZN260814C00280000,3.25,3.3
1786372850.007777,AMZN260814C00280000,3.25,3.3
1786372851.234239,AMZN260814C00280000,3.25,3.3
1786372852.034837,AMZN260814C00280000,3.25,3.3
1786372853.083718,AMZN260814C00280000,3.25,3.3
1786372854.088014,AMZN260814C00280000,3.25,3.3
1786372855.017582,AMZN260814C00280000,3.25,3.3
1786372856.25008,AMZN260814C00280000,3.25,3.3
1786372857.058418,AMZN260814C00280000,3.25,3.3
1786372858.2743,AMZN260814C00280000,3.25,3.3
1786372859.007761,AMZN260814C00280000,3.2,3.3
1786372860.062574,AMZN260814C00280000,3.2,3.3
1786372861.020627,AMZN260814C00280000,3.2,3.3
1786372862.26331,AMZN260814C00280000,3.2,3.3
1786372863.046162,AMZN260814C00280000,3.2,3.3
1786372864.047816,AMZN260814C00280000,3.2,3.3
1786372865.016876,AMZN260814C00280000,3.2,3.3
1786372866.054542,AMZN260814C00280000,3.2,3.3
1786372867.057072,AMZN260814C00280000,3.2,3.3
1786372868.329849,AMZN260814C00280000,3.2,3.3
1786372871.495629,AMZN260814C00280000,3.2,3.3
1786372872.053645,AMZN260814C00280000,3.2,3.3
1786372873.351082,AMZN260814C00280000,3.2,3.3
1786372874.030274,AMZN260814C00280000,3.25,3.3
1786372875.050273,AMZN260814C00280000,3.25,3.3
1786372876.034382,AMZN260814C00280000,3.25,3.3
1786372877.023443,AMZN260814C00280000,3.25,3.3
1786372878.54406,AMZN260814C00280000,3.25,3.3
1786372879.108015,AMZN260814C00280000,3.25,3.3
1786372880.021652,AMZN260814C00280000,3.25,3.3
1786372881.194452,AMZN260814C00280000,3.25,3.3
1786372882.053608,AMZN260814C00280000,3.25,3.3
1786372883.007502,AMZN260814C00280000,3.25,3.3
1786372884.01371,AMZN260814C00280000,3.2,3.3
1786372885.054368,AMZN260814C00280000,3.2,3.3
1786372886.077656,AMZN260814C00280000,3.2,3.3
1786372887.186043,AMZN260814C00280000,3.2,3.3
1786372888.300269,AMZN260814C00280000,3.2,3.3
1786372889.051738,AMZN260814C00280000,3.2,3.3
1786372890.049168,AMZN260814C00280000,3.2,3.3
1786372891.046965,AMZN260814C00280000,3.2,3.3
1786372892.064225,AMZN260814C00280000,3.2,3.3
1786372893.098332,AMZN260814C00280000,3.2,3.25
1786372894.04495,AMZN260814C00280000,3.2,3.3
1786372895.025244,AMZN260814C00280000,3.2,3.3
1786372896.192024,AMZN260814C00280000,3.2,3.3
1786372897.806437,AMZN260814C00280000,3.2,3.3
1786372898.049133,AMZN260814C00280000,3.2,3.3
1786372899.053754,AMZN260814C00280000,3.2,3.3
1786372900.050648,AMZN260814C00280000,3.15,3.25
1786372901.05246,AMZN260814C00280000,3.2,3.25
1786372902.168542,AMZN260814C00280000,3.2,3.25
1786372903.180568,AMZN260814C00280000,3.2,3.25
1786372904.047156,AMZN260814C00280000,3.2,3.25
1786372905.550715,AMZN260814C00280000,3.2,3.25
1786372906.019825,AMZN260814C00280000,3.2,3.25
1786372908.009863,AMZN260814C00280000,3.2,3.25
1786372909.30348,AMZN260814C00280000,3.2,3.25
1786372910.074146,AMZN260814C00280000,3.2,3.3
1786372911.629089,AMZN260814C00280000,3.2,3.3
1786372912.405189,AMZN260814C00280000,3.2,3.3
1786372914.756055,AMZN260814C00280000,3.2,3.3
1786372915.000492,AMZN260814C00280000,3.1,3.25
1786372916.312779,AMZN260814C00280000,3.1,3.25
1786372917.049935,AMZN260814C00280000,3.1,3.25
1786372918.052496,AMZN260814C00280000,3.1,3.25
1786372919.053422,AMZN260814C00280000,3.1,3.25
1786372920.230974,AMZN260814C00280000,3.1,3.25
1786372921.046978,AMZN260814C00280000,3.1,3.25
1786372922.100959,AMZN260814C00280000,3.1,3.25
1786372923.421524,AMZN260814C00280000,3.1,3.25
1786372924.076026,AMZN260814C00280000,3.1,3.25
1786372925.102883,AMZN260814C00280000,3.1,3.25
1786372926.105094,AMZN260814C00280000,3.1,3.25
1786372927.007628,AMZN260814C00280000,3.1,3.25
1786372928.031747,AMZN260814C00280000,3.1,3.25
1786372929.005655,AMZN260814C00280000,3.1,3.25
1786372930.81276,AMZN260814C00280000,3.1,3.25
1786372931.024585,AMZN260814C00280000,3.1,3.25
1786372932.575752,AMZN260814C00280000,3.1,3.25
1786372933.004003,AMZN260814C00280000,3.1,3.25
1786372934.15936,AMZN260814C00280000,3.1,3.15
1786372935.108483,AMZN260814C00280000,3.1,3.2
1786372936.048215,AMZN260814C00280000,3.1,3.2
1786372937.037225,AMZN260814C00280000,3.1,3.2
1786372938.009031,AMZN260814C00280000,3.1,3.2
1786372939.771552,AMZN260814C00280000,3.1,3.2
1786372940.056998,AMZN260814C00280000,3.1,3.2
1786372941.022181,AMZN260814C00280000,3.1,3.2
1786372942.044373,AMZN260814C00280000,3.1,3.2
1786372943.051012,AMZN260814C00280000,3.1,3.2
1786372944.048073,AMZN260814C00280000,3.1,3.2
1786372945.259931,AMZN260814C00280000,3.1,3.2
1786372946.050199,AMZN260814C00280000,3.1,3.2
1786372947.040502,AMZN260814C00280000,3.1,3.2
1786372948.078001,AMZN260814C00280000,3.1,3.2
1786372950.146837,AMZN260814C00280000,3.1,3.15
1786372951.073807,AMZN260814C00280000,3.1,3.15
1786372952.054842,AMZN260814C00280000,3.1,3.2
1786372953.059704,AMZN260814C00280000,3.1,3.2
1786372954.163501,AMZN260814C00280000,3.1,3.2
1786372955.007709,AMZN260814C00280000,3.1,3.2
1786372956.332128,AMZN260814C00280000,3.1,3.15
1786372957.028512,AMZN260814C00280000,3.1,3.15
1786372958.047999,AMZN260814C00280000,3.1,3.15
1786372962.686691,AMZN260814C00280000,3.1,3.15
1786372963.065239,AMZN260814C00280000,3.15,3.2
1786372964.052603,AMZN260814C00280000,3.1,3.2
1786372966.795734,AMZN260814C00280000,3.15,3.2
1786372967.058737,AMZN260814C00280000,3.15,3.2
1786372968.33731,AMZN260814C00280000,3.15,3.2
1786372969.233905,AMZN260814C00280000,3.1,3.2
1786372970.028135,AMZN260814C00280000,3.1,3.2
1786372972.409123,AMZN260814C00280000,3.1,3.2
1786372973.406214,AMZN260814C00280000,3.1,3.2
1786372974.546924,AMZN260814C00280000,3.1,3.2
1786372975.004362,AMZN260814C00280000,3.1,3.2
1786372976.019569,AMZN260814C00280000,3.1,3.2
1786372977.388295,AMZN260814C00280000,3.1,3.2
1786372978.048244,AMZN260814C00280000,3.1,3.2
1786372980.058152,AMZN260814C00280000,3.1,3.2
1786372981.416845,AMZN260814C00280000,3.1,3.2
1786372982.318482,AMZN260814C00280000,3.1,3.2
1786372983.328068,AMZN260814C00280000,3.1,3.2
1786372984.059089,AMZN260814C00280000,3.1,3.2
1786372985.100226,AMZN260814C00280000,3.1,3.15
1786372986.05301,AMZN260814C00280000,3.1,3.15
1786372987.057706,AMZN260814C00280000,3.1,3.15
1786372988.308394,AMZN260814C00280000,3.1,3.15
1786372989.302204,AMZN260814C00280000,3.1,3.15
1786372990.0187,AMZN260814C00280000,3.1,3.15
1786372991.092368,AMZN260814C00280000,3.1,3.15
1786372992.02992,AMZN260814C00280000,3.1,3.2
1786372993.005157,AMZN260814C00280000,3.1,3.15
1786372994.112015,AMZN260814C00280000,3.05,3.15
1786372995.097216,AMZN260814C00280000,3.05,3.15
1786372996.18198,AMZN260814C00280000,3.05,3.15
1786372997.084277,AMZN260814C00280000,3.05,3.15
1786372998.074093,AMZN260814C00280000,3.05,3.15
1786372999.049332,AMZN260814C00280000,3.05,3.15
1786373000.005837,AMZN260814C00280000,3.05,3.15
1786373001.011129,AMZN260814C00280000,3.05,3.15
1786373002.050945,AMZN260814C00280000,3.05,3.15
1786373004.662201,AMZN260814C00280000,3.05,3.15
1786373005.028044,AMZN260814C00280000,3.1,3.15
1786373006.049569,AMZN260814C00280000,3.1,3.15
1786373007.052011,AMZN260814C00280000,3.1,3.15
1786373008.018886,AMZN260814C00280000,3.1,3.15
1786373009.015539,AMZN260814C00280000,3.1,3.15
1786373010.048949,AMZN260814C00280000,3.1,3.2
1786373011.048279,AMZN260814C00280000,3.1,3.2
1786373012.849515,AMZN260814C00280000,3.1,3.2
1786373013.032519,AMZN260814C00280000,3.05,3.15
1786373014.051354,AMZN260814C00280000,3.1,3.2
1786373015.004982,AMZN260814C00280000,3.1,3.2
1786373016.035793,AMZN260814C00280000,3.1,3.2
1786373017.020223,AMZN260814C00280000,3.1,3.2
1786373018.005943,AMZN260814C00280000,3.1,3.2
1786373019.030789,AMZN260814C00280000,3.1,3.2
1786373020.184293,AMZN260814C00280000,3.1,3.2
1786373021.939512,AMZN260814C00280000,3.1,3.2
1786373022.010002,AMZN260814C00280000,3.1,3.2
1786373023.03676,AMZN260814C00280000,3.1,3.2
1786373024.080983,AMZN260814C00280000,3.1,3.2
1786373025.536024,AMZN260814C00280000,3.1,3.2
1786373026.386509,AMZN260814C00280000,3.1,3.2
1786373027.038258,AMZN260814C00280000,3.1,3.15
1786373028.005656,AMZN260814C00280000,3.1,3.15
1786373029.048954,AMZN260814C00280000,3.1,3.15
1786373030.424055,AMZN260814C00280000,3.1,3.15
1786373031.146929,AMZN260814C00280000,3.1,3.15
1786373032.189127,AMZN260814C00280000,3.05,3.15
1786373033.174811,AMZN260814C00280000,3.05,3.15
1786373035.230446,AMZN260814C00280000,3.05,3.15
1786373036.090544,AMZN260814C00280000,3.05,3.15
1786373037.063922,AMZN260814C00280000,3.05,3.15
1786373038.004799,AMZN260814C00280000,3.05,3.15
1786373039.051447,AMZN260814C00280000,3.05,3.15
1786373040.056683,AMZN260814C00280000,3.05,3.15
1786373041.058625,AMZN260814C00280000,3.05,3.15
1786373042.035907,AMZN260814C00280000,3.05,3.15
1786373043.050035,AMZN260814C00280000,3.05,3.15
1786373044.378897,AMZN260814C00280000,3.05,3.15
1786373045.136207,AMZN260814C00280000,3.05,3.15
1786373046.712521,AMZN260814C00280000,3.05,3.15
1786373047.030762,AMZN260814C00280000,3.05,3.15
1786373048.036574,AMZN260814C00280000,3.05,3.1
1786373049.366144,AMZN260814C00280000,3.05,3.1
1786373050.292608,AMZN260814C00280000,3.05,3.15
1786373051.691416,AMZN260814C00280000,3.05,3.15
1786373052.484761,AMZN260814C00280000,3.05,3.15
1786373053.048811,AMZN260814C00280000,3.05,3.15
1786373054.06053,AMZN260814C00280000,3.05,3.1
1786373055.92862,AMZN260814C00280000,3.05,3.1
1786373056.028031,AMZN260814C00280000,3.05,3.1
1786373057.20504,AMZN260814C00280000,3.05,3.1
1786373058.050213,AMZN260814C00280000,3.05,3.1
1786373059.241881,AMZN260814C00280000,3.05,3.1
1786373060.06063,AMZN260814C00280000,3.05,3.1
1786373061.050284,AMZN260814C00280000,3.05,3.1
1786373062.036256,AMZN260814C00280000,3.05,3.1
1786373063.051369,AMZN260814C00280000,3.05,3.1
1786373064.056658,AMZN260814C00280000,3.05,3.1
1786373065.041865,AMZN260814C00280000,3.05,3.1
1786373066.300537,AMZN260814C00280000,3.05,3.1
1786373067.035421,AMZN260814C00280000,3.05,3.1
1786373068.486599,AMZN260814C00280000,3.05,3.1
1786373069.079535,AMZN260814C00280000,3.05,3.1
1786373070.306288,AMZN260814C00280000,3.05,3.1
1786373071.01086,AMZN260814C00280000,3.05,3.1
1786373072.002129,AMZN260814C00280000,3.05,3.1
1786373073.052711,AMZN260814C00280000,3.05,3.1
1786373074.052495,AMZN260814C00280000,3.05,3.1
1786373075.008972,AMZN260814C00280000,3.05,3.1
1786373076.208863,AMZN260814C00280000,3.05,3.1
1786373077.061719,AMZN260814C00280000,3.05,3.1
1786373080.113478,AMZN260814C00280000,3.05,3.1
1786373081.301788,AMZN260814C00280000,3.05,3.1
1786373082.045895,AMZN260814C00280000,3.05,3.1
1786373083.077436,AMZN260814C00280000,3.05,3.1
1786373084.04686,AMZN260814C00280000,3.05,3.1
1786373085.074653,AMZN260814C00280000,3.05,3.1
1786373086.116686,AMZN260814C00280000,3.05,3.1
1786373087.622048,AMZN260814C00280000,3.05,3.1
1786373088.570867,AMZN260814C00280000,3.05,3.1
1786373089.061293,AMZN260814C00280000,3.05,3.1
1786373090.063924,AMZN260814C00280000,3.05,3.1
1786373091.418342,AMZN260814C00280000,3.05,3.1
1786373092.728936,AMZN260814C00280000,3.05,3.1
1786373093.047457,AMZN260814C00280000,3.05,3.1
1786373094.060764,AMZN260814C00280000,3.05,3.1
1786373095.209977,AMZN260814C00280000,3.05,3.15
1786373096.039807,AMZN260814C00280000,3.05,3.15
1786373097.114631,AMZN260814C00280000,3.05,3.15
1786373098.200582,AMZN260814C00280000,3.1,3.15
1786373099.039696,AMZN260814C00280000,3.1,3.15
1786373100.016289,AMZN260814C00280000,3.1,3.15
1786373102.584351,AMZN260814C00280000,3.1,3.15
1786373103.042044,AMZN260814C00280000,3.1,3.15
1786373104.051059,AMZN260814C00280000,3.05,3.15
1786373105.050198,AMZN260814C00280000,3.05,3.15
1786373106.811318,AMZN260814C00280000,3.05,3.15
1786373107.569436,AMZN260814C00280000,3.05,3.15
1786373108.101059,AMZN260814C00280000,3.1,3.15
1786373109.027026,AMZN260814C00280000,3.1,3.2
1786373110.051462,AMZN260814C00280000,3.1,3.2
1786373111.158967,AMZN260814C00280000,3.1,3.2
1786373112.005512,AMZN260814C00280000,3.1,3.2
1786373113.065054,AMZN260814C00280000,3.1,3.2
1786373114.27045,AMZN260814C00280000,3.1,3.2
1786373115.082809,AMZN260814C00280000,3.1,3.2
1786373116.141128,AMZN260814C00280000,3.1,3.2
1786373117.64723,AMZN260814C00280000,3.1,3.2
1786373118.01291,AMZN260814C00280000,3.1,3.2
1786373119.004864,AMZN260814C00280000,3.1,3.2
1786373120.228897,AMZN260814C00280000,3.1,3.2
1786373121.106185,AMZN260814C00280000,3.1,3.2
1786373122.048254,AMZN260814C00280000,3.1,3.15
1786373123.039517,AMZN260814C00280000,3.1,3.15
1786373124.360894,AMZN260814C00280000,3.1,3.15
1786373125.000991,AMZN260814C00280000,3.1,3.15
1786373126.006098,AMZN260814C00280000,3.1,3.15
1786373127.053183,AMZN260814C00280000,3.05,3.15
1786373128.060768,AMZN260814C00280000,3.05,3.15
1786373129.052575,AMZN260814C00280000,3.05,3.15
