ts,occ,bid,ask
1785950032.147,AAPL260807C00315000,1.03,1.05
1785950033.046,AAPL260807C00315000,1.03,1.05
1785950034.008,AAPL260807C00315000,1.03,1.05
1785950035.140,AAPL260807C00315000,1.03,1.05
1785950036.007,AAPL260807C00315000,1.03,1.05
1785950037.115,AAPL260807C00315000,1.03,1.05
1785950038.669,AAPL260807C00315000,1.03,1.05
1785950039.172,AAPL260807C00315000,1.03,1.05
1785950040.021,AAPL260807C00315000,1.03,1.05
1785950041.069,AAPL260807C00315000,1.03,1.05
1785950042.994,AAPL260807C00315000,1.03,1.05
1785950043.104,AAPL260807C00315000,1.03,1.05
1785950044.016,AAPL260807C00315000,1.03,1.06
1785950045.013,AAPL260807C00315000,1.03,1.06
1785950046.031,AAPL260807C00315000,1.03,1.06
1785950047.017,AAPL260807C00315000,1.03,1.07
1785950048.532,AAPL260807C00315000,1.03,1.07
1785950049.179,AAPL260807C00315000,1.03,1.08
1785950050.053,AAPL260807C00315000,1.03,1.08
1785950051.042,AAPL260807C00315000,1.03,1.08
1785950052.198,AAPL260807C00315000,1.03,1.08
1785950053.098,AAPL260807C00315000,1.03,1.08
1785950054.273,AAPL260807C00315000,1.03,1.08
1785950055.265,AAPL260807C00315000,1.03,1.09
1785950056.184,AAPL260807C00315000,1.03,1.09
1785950057.167,AAPL260807C00315000,1.03,1.09
1785950058.279,AAPL260807C00315000,1.05,1.09
1785950059.078,AAPL260807C00315000,1.05,1.09
1785950060.241,AAPL260807C00315000,1.05,1.08
1785950061.903,AAPL260807C00315000,1.06,1.08
1785950062.376,AAPL260807C00315000,1.06,1.08
1785950063.679,AAPL260807C00315000,1.07,1.08
1785950064.040,AAPL260807C00315000,1.07,1.08
1785950065.839,AAPL260807C00315000,1.07,1.08
1785950066.050,AAPL260807C00315000,1.07,1.09
1785950067.165,AAPL260807C00315000,1.07,1.09
1785950068.034,AAPL260807C00315000,1.07,1.09
1785950069.055,AAPL260807C00315000,1.08,1.09
1785950070.234,AAPL260807C00315000,1.08,1.09
1785950071.879,AAPL260807C00315000,1.08,1.09
1785950073.255,AAPL260807C00315000,1.08,1.09
1785950074.040,AAPL260807C00315000,1.08,1.1
1785950075.354,AAPL260807C00315000,1.09,1.1
1785950076.547,AAPL260807C00315000,1.09,1.1
1785950077.456,AAPL260807C00315000,1.08,1.1
1785950078.244,AAPL260807C00315000,1.08,1.09
1785950079.956,AAPL260807C00315000,1.08,1.09
1785950080.876,AAPL260807C00315000,1.08,1.09
1785950081.046,AAPL260807C00315000,1.08,1.09
1785950082.200,AAPL260807C00315000,1.08,1.09
1785950083.254,AAPL260807C00315000,1.08,1.09
1785950085.067,AAPL260807C00315000,1.08,1.09
1785950086.172,AAPL260807C00315000,1.08,1.09
1785950087.031,AAPL260807C00315000,1.08,1.1
1785950088.162,AAPL260807C00315000,1.08,1.1
1785950089.161,AAPL260807C00315000,1.08,1.1
1785950090.013,AAPL260807C00315000,1.09,1.1
1785950091.043,AAPL260807C00315000,1.09,1.1
1785950092.295,AAPL260807C00315000,1.07,1.09
1785950093.163,AAPL260807C00315000,1.07,1.09
1785950094.054,AAPL260807C00315000,1.07,1.09
1785950095.196,AAPL260807C00315000,1.07,1.1
1785950096.129,AAPL260807C00315000,1.07,1.1
1785950097.031,AAPL260807C00315000,1.07,1.1
1785950098.168,AAPL260807C00315000,1.07,1.1
1785950099.145,AAPL260807C00315000,1.07,1.1
1785950100.013,AAPL260807C00315000,1.07,1.1
1785950101.682,AAPL260807C00315000,1.07,1.1
1785950102.060,AAPL260807C00315000,1.07,1.1
1785950103.021,AAPL260807C00315000,1.07,1.1
1785950104.399,AAPL260807C00315000,1.07,1.1
1785950105.019,AAPL260807C00315000,1.07,1.1
1785950106.125,AAPL260807C00315000,1.07,1.1
1785950107.010,AAPL260807C00315000,1.07,1.1
1785950108.067,AAPL260807C00315000,1.07,1.1
1785950109.018,AAPL260807C00315000,1.07,1.1
1785950110.051,AAPL260807C00315000,1.07,1.1
1785950111.148,AAPL260807C00315000,1.07,1.1
1785950112.245,AAPL260807C00315000,1.08,1.1
1785950113.058,AAPL260807C00315000,1.08,1.1
1785950114.000,AAPL260807C00315000,1.08,1.1
1785950115.244,AAPL260807C00315000,1.08,1.1
1785950116.248,AAPL260807C00315000,1.08,1.1
1785950117.342,AAPL260807C00315000,1.08,1.1
1785950118.169,AAPL260807C00315000,1.07,1.1
1785950119.015,AAPL260807C00315000,1.07,1.08
1785950120.007,AAPL260807C00315000,1.07,1.08
1785950121.229,AAPL260807C00315000,1.07,1.08
1785950122.630,AAPL260807C00315000,1.07,1.08
1785950123.346,AAPL260807C00315000,1.07,1.08
1785950124.428,AAPL260807C00315000,1.07,1.08
1785950125.006,AAPL260807C00315000,1.1,1.12
1785950126.338,AAPL260807C00315000,1.1,1.15
1785950127.024,AAPL260807C00315000,1.1,1.15
1785950128.000,AAPL260807C00315000,1.1,1.15
1785950129.060,AAPL260807C00315000,1.1,1.15
1785950130.014,AAPL260807C00315000,1.1,1.15
1785950131.176,AAPL260807C00315000,1.1,1.15
1785950132.040,AAPL260807C00315000,1.1,1.15
1785950134.119,AAPL260807C00315000,1.1,1.15
1785950135.165,AAPL260807C00315000,1.1,1.15
1785950136.077,AAPL260807C00315000,1.1,1.15
1785950137.061,AAPL260807C00315000,1.13,1.15
1785950138.542,AAPL260807C00315000,1.13,1.15
1785950139.287,AAPL260807C00315000,1.13,1.15
1785950140.011,AAPL260807C00315000,1.12,1.15
1785950141.024,AAPL260807C00315000,1.14,1.15
1785950142.084,AAPL260807C00315000,1.13,1.15
1785950143.173,AAPL260807C00315000,1.13,1.15
1785950144.034,AAPL260807C00315000,1.15,1.17
1785950145.143,AAPL260807C00315000,1.15,1.17
1785950146.213,AAPL260807C00315000,1.15,1.17
1785950147.301,AAPL260807C00315000,1.15,1.18
1785950148.169,AAPL260807C00315000,1.15,1.18
1785950149.159,AAPL260807C00315000,1.15,1.18
1785950150.193,AAPL260807C00315000,1.15,1.18
1785950151.105,AAPL260807C00315000,1.15,1.18
1785950152.166,AAPL260807C00315000,1.15,1.18
1785950153.017,AAPL260807C00315000,1.17,1.18
1785950154.027,AAPL260807C00315000,1.17,1.18
1785950155.085,AAPL260807C00315000,1.16,1.18
1785950156.003,AAPL260807C00315000,1.15,1.17
1785950157.028,AAPL260807C00315000,1.14,1.17
1785950158.182,AAPL260807C00315000,1.14,1.17
1785950159.374,AAPL260807C00315000,1.14,1.17
1785950160.030,AAPL260807C00315000,1.14,1.17
1785950161.014,AAPL260807C00315000,1.14,1.17
1785950162.482,AAPL260807C00315000,1.14,1.17
1785950163.258,AAPL260807C00315000,1.14,1.17
1785950164.027,AAPL260807C00315000,1.14,1.17
1785950165.007,AAPL260807C00315000,1.14,1.17
1785950166.049,AAPL260807C00315000,1.14,1.17
1785950167.196,AAPL260807C00315000,1.14,1.17
1785950168.168,AAPL260807C00315000,1.14,1.17
1785950169.603,AAPL260807C00315000,1.16,1.17
1785950170.294,AAPL260807C00315000,1.16,1.17
1785950171.009,AAPL260807C00315000,1.16,1.17
1785950172.424,AAPL260807C00315000,1.16,1.17
1785950173.073,AAPL260807C00315000,1.16,1.17
1785950174.721,AAPL260807C00315000,1.14,1.16
1785950175.031,AAPL260807C00315000,1.14,1.16
1785950176.444,AAPL260807C00315000,1.14,1.16
1785950177.115,AAPL260807C00315000,1.14,1.16
1785950178.098,AAPL260807C00315000,1.15,1.17
1785950179.528,AAPL260807C00315000,1.15,1.17
1785950180.821,AAPL260807C00315000,1.15,1.17
1785950181.167,AAPL260807C00315000,1.15,1.17
1785950182.125,AAPL260807C00315000,1.15,1.17
1785950183.059,AAPL260807C00315000,1.15,1.17
1785950184.030,AAPL260807C00315000,1.14,1.16
1785950185.315,AAPL260807C00315000,1.14,1.16
1785950186.282,AAPL260807C00315000,1.14,1.16
1785950187.161,AAPL260807C00315000,1.13,1.16
1785950189.369,AAPL260807C00315000,1.13,1.16
1785950190.108,AAPL260807C00315000,1.13,1.16
1785950191.681,AAPL260807C00315000,1.13,1.16
1785950192.120,AAPL260807C00315000,1.13,1.16
1785950193.019,AAPL260807C00315000,1.13,1.16
1785950194.045,AAPL260807C00315000,1.13,1.16
1785950195.231,AAPL260807C00315000,1.12,1.15
1785950196.057,AAPL260807C00315000,1.12,1.15
1785950197.105,AAPL260807C00315000,1.12,1.15
1785950198.086,AAPL260807C00315000,1.12,1.15
1785950199.040,AAPL260807C00315000,1.12,1.15
1785950200.058,AAPL260807C00315000,1.12,1.15
1785950201.188,AAPL260807C00315000,1.12,1.15
1785950203.203,AAPL260807C00315000,1.12,1.15
1785950205.746,AAPL260807C00315000,1.12,1.16
1785950206.166,AAPL260807C00315000,1.12,1.16
1785950207.130,AAPL260807C00315000,1.12,1.16
1785950208.166,AAPL260807C00315000,1.12,1.16
1785950209.295,AAPL260807C00315000,1.12,1.16
1785950210.138,AAPL260807C00315000,1.12,1.16
1785950211.310,AAPL260807C00315000,1.12,1.16
1785950212.175,AAPL260807C00315000,1.12,1.16
1785950213.020,AAPL260807C00315000,1.12,1.16
1785950214.023,AAPL260807C00315000,1.12,1.16
1785950215.067,AAPL260807C00315000,1.12,1.16
1785950216.119,AAPL260807C00315000,1.12,1.16
1785950218.641,AAPL260807C00315000,1.12,1.16
1785950219.187,AAPL260807C00315000,1.12,1.16
1785950220.042,AAPL260807C00315000,1.12,1.16
1785950221.157,AAPL260807C00315000,1.12,1.16
1785950223.027,AAPL260807C00315000,1.12,1.16
1785950224.015,AAPL260807C00315000,1.12,1.16
1785950225.167,AAPL260807C00315000,1.12,1.16
1785950226.697,AAPL260807C00315000,1.12,1.15
1785950227.042,AAPL260807C00315000,1.12,1.15
1785950228.015,AAPL260807C00315000,1.12,1.15
1785950229.051,AAPL260807C00315000,1.12,1.14
1785950230.271,AAPL260807C00315000,1.12,1.14
1785950231.107,AAPL260807C00315000,1.12,1.14
1785950232.015,AAPL260807C00315000,1.12,1.14
1785950233.169,AAPL260807C00315000,1.12,1.14
1785950234.259,AAPL260807C00315000,1.11,1.14
1785950235.017,AAPL260807C00315000,1.11,1.12
1785950236.058,AAPL260807C00315000,1.11,1.12
1785950237.063,AAPL260807C00315000,1.1,1.12
1785950238.158,AAPL260807C00315000,1.1,1.12
1785950239.069,AAPL260807C00315000,1.1,1.12
1785950240.147,AAPL260807C00315000,1.1,1.12
1785950241.475,AAPL260807C00315000,1.1,1.12
1785950242.167,AAPL260807C00315000,1.1,1.12
1785950243.165,AAPL260807C00315000,1.1,1.12
1785950244.176,AAPL260807C00315000,1.1,1.11
1785950245.124,AAPL260807C00315000,1.1,1.11
1785950246.409,AAPL260807C00315000,1.1,1.11
1785950247.435,AAPL260807C00315000,1.1,1.11
1785950248.048,AAPL260807C00315000,1.1,1.11
1785950249.063,AAPL260807C00315000,1.09,1.1
1785950250.507,AAPL260807C00315000,1.09,1.1
1785950251.241,AAPL260807C00315000,1.09,1.1
1785950252.068,AAPL260807C00315000,1.08,1.1
1785950253.189,AAPL260807C00315000,1.08,1.1
1785950254.195,AAPL260807C00315000,1.08,1.1
1785950255.199,AAPL260807C00315000,1.08,1.1
1785950258.019,AAPL260807C00315000,1.08,1.1
1785950259.545,AAPL260807C00315000,1.08,1.1
1785950261.603,AAPL260807C00315000,1.08,1.09
1785950262.609,AAPL260807C00315000,1.08,1.09
1785950263.362,AAPL260807C00315000,1.08,1.09
1785950264.104,AAPL260807C00315000,1.08,1.09
1785950268.375,AAPL260807C00315000,1.08,1.09
1785950269.178,AAPL260807C00315000,1.08,1.09
1785950270.421,AAPL260807C00315000,1.08,1.09
1785950271.359,AAPL260807C00315000,1.08,1.09
1785950273.957,AAPL260807C00315000,1.08,1.09
1785950274.252,AAPL260807C00315000,1.08,1.1
1785950275.294,AAPL260807C00315000,1.09,1.11
1785950276.233,AAPL260807C00315000,1.09,1.11
1785950278.535,AAPL260807C00315000,1.09,1.11
1785950279.001,AAPL260807C00315000,1.09,1.11
1785950280.131,AAPL260807C00315000,1.09,1.11
1785950281.006,AAPL260807C00315000,1.09,1.11
1785950282.144,AAPL260807C00315000,1.09,1.11
1785950283.370,AAPL260807C00315000,1.09,1.11
1785950284.037,AAPL260807C00315000,1.08,1.11
1785950285.094,AAPL260807C00315000,1.08,1.11
1785950286.655,AAPL260807C00315000,1.08,1.11
1785950287.110,AAPL260807C00315000,1.08,1.11
1785950288.069,AAPL260807C00315000,1.08,1.11
1785950289.248,AAPL260807C00315000,1.08,1.11
1785950290.019,AAPL260807C00315000,1.08,1.11
1785950291.310,AAPL260807C00315000,1.08,1.11
1785950292.077,AAPL260807C00315000,1.08,1.11
1785950293.068,AAPL260807C00315000,1.08,1.11
1785950294.334,AAPL260807C00315000,1.08,1.11
1785950295.034,AAPL260807C00315000,1.08,1.11
1785950296.123,AAPL260807C00315000,1.08,1.11
1785950298.755,AAPL260807C00315000,1.08,1.11
1785950299.689,AAPL260807C00315000,1.08,1.11
1785950300.285,AAPL260807C00315000,1.08,1.11
1785950301.002,AAPL260807C00315000,1.08,1.11
1785950302.310,AAPL260807C00315000,1.08,1.11
1785950303.004,AAPL260807C00315000,1.08,1.11
1785950304.118,AAPL260807C00315000,1.08,1.11
1785950305.110,AAPL260807C00315000,1.08,1.11
1785950306.166,AAPL260807C00315000,1.08,1.11
1785950307.009,AAPL260807C00315000,1.08,1.11
1785950308.072,AAPL260807C00315000,1.08,1.11
1785950309.131,AAPL260807C00315000,1.08,1.11
1785950310.618,AAPL260807C00315000,1.08,1.11
1785950311.174,AAPL260807C00315000,1.08,1.11
1785950312.175,AAPL260807C00315000,1.08,1.11
1785950313.167,AAPL260807C00315000,1.08,1.11
1785950314.154,AAPL260807C00315000,1.08,1.11
1785950315.115,AAPL260807C00315000,1.08,1.11
1785950316.054,AAPL260807C00315000,1.08,1.11
1785950317.371,AAPL260807C00315000,1.08,1.11
1785950318.060,AAPL260807C00315000,1.08,1.11
1785950319.201,AAPL260807C00315000,1.08,1.11
1785950320.174,AAPL260807C00315000,1.08,1.11
1785950321.034,AAPL260807C00315000,1.08,1.11
1785950322.097,AAPL260807C00315000,1.08,1.11
1785950323.204,AAPL260807C00315000,1.08,1.11
1785950324.169,AAPL260807C00315000,1.08,1.11
1785950325.035,AAPL260807C00315000,1.08,1.11
1785950326.167,AAPL260807C00315000,1.08,1.11
1785950327.036,AAPL260807C00315000,1.08,1.11
1785950328.002,AAPL260807C00315000,1.08,1.11
1785950329.005,AAPL260807C00315000,1.08,1.11
1785950330.034,AAPL260807C00315000,1.08,1.11
1785950331.215,AAPL260807C00315000,1.08,1.11
1785950332.054,AAPL260807C00315000,1.08,1.1
1785950333.167,AAPL260807C00315000,1.08,1.11
1785950335.664,AAPL260807C00315000,1.08,1.1
1785950336.082,AAPL260807C00315000,1.08,1.1
1785950337.084,AAPL260807C00315000,1.08,1.1
1785950338.008,AAPL260807C00315000,1.08,1.1
1785950339.071,AAPL260807C00315000,1.08,1.1
1785950340.015,AAPL260807C00315000,1.09,1.12
1785950341.028,AAPL260807C00315000,1.09,1.12
1785950342.122,AAPL260807C00315000,1.09,1.12
1785950343.003,AAPL260807C00315000,1.08,1.12
1785950344.170,AAPL260807C00315000,1.08,1.12
1785950345.006,AAPL260807C00315000,1.08,1.12
1785950346.329,AAPL260807C00315000,1.08,1.11
1785950347.034,AAPL260807C00315000,1.08,1.11
1785950348.127,AAPL260807C00315000,1.08,1.11
1785950350.113,AAPL260807C00315000,1.08,1.1
1785950351.014,AAPL260807C00315000,1.08,1.1
1785950352.009,AAPL260807C00315000,1.08,1.1
1785950353.171,AAPL260807C00315000,1.08,1.1
1785950354.959,AAPL260807C00315000,1.08,1.09
1785950355.145,AAPL260807C00315000,1.08,1.09
1785950356.265,AAPL260807C00315000,1.08,1.09
1785950357.018,AAPL260807C00315000,1.08,1.09
1785950358.812,AAPL260807C00315000,1.08,1.09
1785950359.004,AAPL260807C00315000,1.08,1.09
1785950360.171,AAPL260807C00315000,1.08,1.09
1785950361.090,AAPL260807C00315000,1.08,1.09
1785950362.171,AAPL260807C00315000,1.08,1.09
1785950363.167,AAPL260807C00315000,1.08,1.09
1785950364.710,AAPL260807C00315000,1.08,1.09
1785950365.166,AAPL260807C00315000,1.08,1.09
1785950366.654,AAPL260807C00315000,1.08,1.09
1785950368.672,AAPL260807C00315000,1.08,1.09
1785950369.767,AAPL260807C00315000,1.08,1.09
1785950370.344,AAPL260807C00315000,1.08,1.09
1785950371.245,AAPL260807C00315000,1.08,1.09
1785950372.439,AAPL260807C00315000,1.08,1.09
1785950373.172,AAPL260807C00315000,1.08,1.09
1785950374.112,AAPL260807C00315000,1.08,1.1
1785950375.765,AAPL260807C00315000,1.08,1.1
1785950376.562,AAPL260807C00315000,1.08,1.1
1785950377.162,AAPL260807C00315000,1.08,1.1
1785950378.571,AAPL260807C00315000,1.08,1.1
1785950379.205,AAPL260807C00315000,1.08,1.1
1785950380.067,AAPL260807C00315000,1.08,1.1
1785950381.058,AAPL260807C00315000,1.08,1.1
1785950382.608,AAPL260807C00315000,1.08,1.1
1785950383.505,AAPL260807C00315000,1.08,1.1
1785950384.080,AAPL260807C00315000,1.08,1.1
1785950385.010,AAPL260807C00315000,1.08,1.1
1785950386.098,AAPL260807C00315000,1.08,1.1
1785950387.000,AAPL260807C00315000,1.09,1.1
1785950388.059,AAPL260807C00315000,1.09,1.1
1785950390.438,AAPL260807C00315000,1.09,1.1
1785950391.914,AAPL260807C00315000,1.09,1.1
1785950393.449,AAPL260807C00315000,1.09,1.1
1785950394.045,AAPL260807C00315000,1.09,1.1
1785950395.494,AAPL260807C00315000,1.09,1.1
1785950396.111,AAPL260807C00315000,1.09,1.1
1785950397.100,AAPL260807C00315000,1.09,1.1
1785950398.010,AAPL260807C00315000,1.09,1.1
1785950399.163,AAPL260807C00315000,1.09,1.1
1785950400.004,AAPL260807C00315000,1.09,1.1
1785950401.006,AAPL260807C00315000,1.09,1.1
1785950402.033,AAPL260807C00315000,1.09,1.1
1785950403.435,AAPL260807C00315000,1.08,1.09
1785950404.276,AAPL260807C00315000,1.08,1.09
1785950406.933,AAPL260807C00315000,1.08,1.09
1785950407.111,AAPL260807C00315000,1.08,1.09
1785950408.136,AAPL260807C00315000,1.08,1.09
1785950409.110,AAPL260807C00315000,1.08,1.09
1785950410.645,AAPL260807C00315000,1.08,1.09
1785950411.057,AAPL260807C00315000,1.08,1.09
1785950412.086,AAPL260807C00315000,1.08,1.09
1785950413.072,AAPL260807C00315000,1.08,1.09
1785950414.355,AAPL260807C00315000,1.08,1.09
1785950416.888,AAPL260807C00315000,1.08,1.09
1785950417.269,AAPL260807C00315000,1.08,1.09
1785950418.384,AAPL260807C00315000,1.08,1.09
1785950419.606,AAPL260807C00315000,1.08,1.09
1785950420.208,AAPL260807C00315000,1.08,1.09
1785950421.114,AAPL260807C00315000,1.08,1.09
1785950422.492,AAPL260807C00315000,1.08,1.09
1785950423.321,AAPL260807C00315000,1.08,1.09
1785950424.465,AAPL260807C00315000,1.08,1.09
1785950425.664,AAPL260807C00315000,1.08,1.09
1785950426.326,AAPL260807C00315000,1.08,1.09
1785950427.531,AAPL260807C00315000,1.08,1.09
1785950428.181,AAPL260807C00315000,1.08,1.09
1785950429.084,AAPL260807C00315000,1.08,1.09
1785950430.165,AAPL260807C00315000,1.08,1.09
1785950431.110,AAPL260807C00315000,1.08,1.09
1785950432.098,AAPL260807C00315000,1.08,1.09
1785950433.197,AAPL260807C00315000,1.08,1.09
1785950434.111,AAPL260807C00315000,1.08,1.09
1785950435.258,AAPL260807C00315000,1.08,1.09
1785950436.040,AAPL260807C00315000,1.08,1.09
1785950437.285,AAPL260807C00315000,1.08,1.09
1785950438.081,AAPL260807C00315000,1.08,1.09
1785950439.110,AAPL260807C00315000,1.08,1.09
1785950440.013,AAPL260807C00315000,1.08,1.09
1785950441.210,AAPL260807C00315000,1.08,1.09
1785950442.162,AAPL260807C00315000,1.08,1.09
1785950443.932,AAPL260807C00315000,1.08,1.09
1785950444.004,AAPL260807C00315000,1.08,1.09
1785950446.574,AAPL260807C00315000,1.08,1.09
1785950447.878,AAPL260807C00315000,1.08,1.09
1785950448.167,AAPL260807C00315000,1.08,1.09
1785950449.180,AAPL260807C00315000,1.08,1.09
1785950450.110,AAPL260807C00315000,1.08,1.09
1785950452.785,AAPL260807C00315000,1.08,1.09
1785950453.015,AAPL260807C00315000,1.08,1.09
1785950454.408,AAPL260807C00315000,1.08,1.09
1785950455.158,AAPL260807C00315000,1.08,1.09
1785950457.210,AAPL260807C00315000,1.08,1.09
1785950458.216,AAPL260807C00315000,1.08,1.09
1785950459.187,AAPL260807C00315000,1.08,1.09
1785950460.042,AAPL260807C00315000,1.08,1.1
1785950461.013,AAPL260807C00315000,1.08,1.1
1785950462.164,AAPL260807C00315000,1.08,1.1
1785950463.016,AAPL260807C00315000,1.08,1.1
1785950464.114,AAPL260807C00315000,1.08,1.1
1785950465.308,AAPL260807C00315000,1.08,1.1
1785950467.214,AAPL260807C00315000,1.09,1.1
1785950468.010,AAPL260807C00315000,1.08,1.09
1785950471.015,AAPL260807C00315000,1.08,1.09
1785950473.070,AAPL260807C00315000,1.08,1.09
1785950474.050,AAPL260807C00315000,1.08,1.09
1785950477.309,AAPL260807C00315000,1.08,1.09
1785950478.232,AAPL260807C00315000,1.08,1.09
1785950479.164,AAPL260807C00315000,1.08,1.09
1785950481.233,AAPL260807C00315000,1.08,1.09
1785950482.055,AAPL260807C00315000,1.08,1.09
1785950483.018,AAPL260807C00315000,1.08,1.09
1785950484.153,AAPL260807C00315000,1.08,1.09
1785950485.163,AAPL260807C00315000,1.08,1.09
1785950486.109,AAPL260807C00315000,1.08,1.09
1785950487.385,AAPL260807C00315000,1.07,1.08
1785950488.015,AAPL260807C00315000,1.07,1.08
1785950489.312,AAPL260807C00315000,1.07,1.08
1785950490.000,AAPL260807C00315000,1.05,1.07
1785950491.335,AAPL260807C00315000,1.05,1.07
1785950495.282,AAPL260807C00315000,1.05,1.07
1785950496.077,AAPL260807C00315000,1.05,1.07
1785950497.035,AAPL260807C00315000,1.05,1.08
1785950498.169,AAPL260807C00315000,1.06,1.08
1785950499.290,AAPL260807C00315000,1.06,1.08
1785950500.166,AAPL260807C00315000,1.05,1.08
1785950501.016,AAPL260807C00315000,1.05,1.08
1785950502.118,AAPL260807C00315000,1.05,1.08
1785950503.318,AAPL260807C00315000,1.05,1.08
1785950505.882,AAPL260807C00315000,1.05,1.08
1785950506.065,AAPL260807C00315000,1.05,1.08
1785950507.012,AAPL260807C00315000,1.05,1.08
1785950508.105,AAPL260807C00315000,1.05,1.08
1785950509.150,AAPL260807C00315000,1.05,1.08
1785950510.163,AAPL260807C00315000,1.05,1.08
1785950511.052,AAPL260807C00315000,1.05,1.08
1785950512.010,AAPL260807C00315000,1.05,1.08
1785950513.136,AAPL260807C00315000,1.06,1.08
1785950514.163,AAPL260807C00315000,1.06,1.08
1785950515.038,AAPL260807C00315000,1.06,1.08
1785950516.746,AAPL260807C00315000,1.06,1.08
1785950517.012,AAPL260807C00315000,1.06,1.08
1785950518.438,AAPL260807C00315000,1.06,1.08
1785950519.028,AAPL260807C00315000,1.06,1.08
1785950520.036,AAPL260807C00315000,1.06,1.08
1785950521.015,AAPL260807C00315000,1.06,1.08
1785950522.106,AAPL260807C00315000,1.06,1.08
1785950523.105,AAPL260807C00315000,1.06,1.08
1785950524.041,AAPL260807C00315000,1.07,1.08
1785950525.482,AAPL260807C00315000,1.07,1.08
1785950526.940,AAPL260807C00315000,1.07,1.08
1785950527.170,AAPL260807C00315000,1.07,1.08
1785950528.060,AAPL260807C00315000,1.07,1.08
1785950529.010,AAPL260807C00315000,1.07,1.08
1785950531.517,AAPL260807C00315000,1.07,1.08
1785950533.299,AAPL260807C00315000,1.07,1.08
1785950534.111,AAPL260807C00315000,1.05,1.07
1785950535.415,AAPL260807C00315000,1.05,1.07
1785950536.057,AAPL260807C00315000,1.05,1.07
1785950537.155,AAPL260807C00315000,1.05,1.07
1785950538.570,AAPL260807C00315000,1.05,1.07
1785950539.014,AAPL260807C00315000,1.05,1.07
1785950540.110,AAPL260807C00315000,1.05,1.07
1785950541.013,AAPL260807C00315000,1.05,1.07
1785950542.489,AAPL260807C00315000,1.05,1.08
1785950543.106,AAPL260807C00315000,1.05,1.08
1785950544.113,AAPL260807C00315000,1.05,1.08
1785950545.080,AAPL260807C00315000,1.05,1.08
1785950546.013,AAPL260807C00315000,1.05,1.08
1785950547.023,AAPL260807C00315000,1.05,1.06
1785950548.110,AAPL260807C00315000,1.06,1.08
1785950549.103,AAPL260807C00315000,1.06,1.08
1785950550.835,AAPL260807C00315000,1.06,1.08
1785950551.109,AAPL260807C00315000,1.06,1.08
1785950552.048,AAPL260807C00315000,1.06,1.08
1785950553.112,AAPL260807C00315000,1.06,1.08
1785950554.016,AAPL260807C00315000,1.06,1.08
1785950555.012,AAPL260807C00315000,1.06,1.08
1785950556.111,AAPL260807C00315000,1.06,1.07
1785950557.134,AAPL260807C00315000,1.06,1.07
1785950558.075,AAPL260807C00315000,1.05,1.07
1785950559.014,AAPL260807C00315000,1.05,1.07
1785950560.359,AAPL260807C00315000,1.06,1.07
1785950561.225,AAPL260807C00315000,1.06,1.07
1785950562.243,AAPL260807C00315000,1.05,1.07
1785950563.208,AAPL260807C00315000,1.05,1.07
1785950564.923,AAPL260807C00315000,1.05,1.07
1785950565.103,AAPL260807C00315000,1.05,1.07
1785950566.417,AAPL260807C00315000,1.05,1.07
1785950567.022,AAPL260807C00315000,1.05,1.07
1785950568.416,AAPL260807C00315000,1.05,1.07
1785950569.340,AAPL260807C00315000,1.05,1.07
1785950570.002,AAPL260807C00315000,1.05,1.07
1785950571.126,AAPL260807C00315000,1.05,1.07
1785950572.044,AAPL260807C00315000,1.05,1.07
1785950573.052,AAPL260807C00315000,1.05,1.07
1785950574.254,AAPL260807C00315000,1.05,1.07
1785950575.013,AAPL260807C00315000,1.05,1.07
1785950576.269,AAPL260807C00315000,1.05,1.07
1785950581.394,AAPL260807C00315000,1.05,1.07
1785950582.526,AAPL260807C00315000,1.05,1.07
1785950583.648,AAPL260807C00315000,1.05,1.06
1785950584.078,AAPL260807C00315000,1.05,1.06
1785950587.379,AAPL260807C00315000,1.05,1.06
1785950588.026,AAPL260807C00315000,1.03,1.05
1785950589.081,AAPL260807C00315000,1.03,1.05
1785950590.053,AAPL260807C00315000,1.03,1.05
1785950591.019,AAPL260807C00315000,1.03,1.05
1785950594.169,AAPL260807C00315000,1.03,1.05
1785950595.111,AAPL260807C00315000,1.03,1.05
1785950596.199,AAPL260807C00315000,1.03,1.06
1785950597.044,AAPL260807C00315000,1.03,1.06
1785950601.011,AAPL260807C00315000,1.05,1.06
1785950602.709,AAPL260807C00315000,1.05,1.06
1785950604.839,AAPL260807C00315000,1.05,1.06
1785950605.100,AAPL260807C00315000,1.04,1.06
1785950606.206,AAPL260807C00315000,1.04,1.06
1785950607.302,AAPL260807C00315000,1.04,1.06
1785950608.391,AAPL260807C00315000,1.04,1.06
1785950609.013,AAPL260807C00315000,1.04,1.06
1785950610.162,AAPL260807C00315000,1.04,1.06
1785950611.236,AAPL260807C00315000,1.04,1.07
1785950612.025,AAPL260807C00315000,1.04,1.07
1785950613.753,AAPL260807C00315000,1.04,1.07
1785950614.038,AAPL260807C00315000,1.04,1.07
1785950615.071,AAPL260807C00315000,1.04,1.07
1785950616.077,AAPL260807C00315000,1.04,1.07
1785950617.013,AAPL260807C00315000,1.05,1.07
1785950618.220,AAPL260807C00315000,1.05,1.07
1785950619.006,AAPL260807C00315000,1.04,1.07
1785950620.077,AAPL260807C00315000,1.04,1.07
1785950621.046,AAPL260807C00315000,1.04,1.07
1785950622.020,AAPL260807C00315000,1.04,1.07
1785950623.108,AAPL260807C00315000,1.04,1.07
1785950624.045,AAPL260807C00315000,1.04,1.07
1785950625.063,AAPL260807C00315000,1.04,1.07
1785950626.108,AAPL260807C00315000,1.04,1.07
1785950627.115,AAPL260807C00315000,1.04,1.07
1785950628.104,AAPL260807C00315000,1.06,1.07
1785950629.685,AAPL260807C00315000,1.06,1.07
1785950630.154,AAPL260807C00315000,1.06,1.07
1785950631.208,AAPL260807C00315000,1.06,1.07
1785950632.725,AAPL260807C00315000,1.06,1.07
1785950633.292,AAPL260807C00315000,1.06,1.07
1785950635.211,AAPL260807C00315000,1.06,1.07
1785950637.754,AAPL260807C00315000,1.06,1.07
1785950638.415,AAPL260807C00315000,1.06,1.07
1785950639.501,AAPL260807C00315000,1.06,1.07
1785950640.476,AAPL260807C00315000,1.04,1.06
1785950641.044,AAPL260807C00315000,1.04,1.06
1785950642.089,AAPL260807C00315000,1.04,1.06
1785950643.014,AAPL260807C00315000,1.04,1.06
1785950644.029,AAPL260807C00315000,1.04,1.06
1785950645.416,AAPL260807C00315000,1.04,1.06
1785950646.176,AAPL260807C00315000,1.04,1.07
1785950647.022,AAPL260807C00315000,1.04,1.07
1785950648.001,AAPL260807C00315000,1.04,1.07
1785950649.041,AAPL260807C00315000,1.04,1.07
1785950650.035,AAPL260807C00315000,1.04,1.07
1785950651.048,AAPL260807C00315000,1.04,1.07
1785950652.109,AAPL260807C00315000,1.04,1.08
1785950653.173,AAPL260807C00315000,1.04,1.08
1785950654.056,AAPL260807C00315000,1.05,1.08
1785950655.170,AAPL260807C00315000,1.05,1.08
1785950656.237,AAPL260807C00315000,1.05,1.08
1785950657.080,AAPL260807C00315000,1.05,1.08
1785950658.067,AAPL260807C00315000,1.05,1.08
1785950659.047,AAPL260807C00315000,1.05,1.08
1785950660.106,AAPL260807C00315000,1.06,1.08
1785950661.106,AAPL260807C00315000,1.06,1.08
1785950662.172,AAPL260807C00315000,1.06,1.08
1785950663.257,AAPL260807C00315000,1.06,1.08
1785950664.494,AAPL260807C00315000,1.06,1.08
1785950665.013,AAPL260807C00315000,1.06,1.08
1785950667.056,AAPL260807C00315000,1.06,1.08
1785950668.415,AAPL260807C00315000,1.06,1.08
1785950670.063,AAPL260807C00315000,1.06,1.08
1785950671.457,AAPL260807C00315000,1.06,1.08
1785950672.128,AAPL260807C00315000,1.06,1.08
1785950673.166,AAPL260807C00315000,1.06,1.08
1785950674.181,AAPL260807C00315000,1.06,1.08
1785950675.325,AAPL260807C00315000,1.06,1.08
1785950676.862,AAPL260807C00315000,1.06,1.08
1785950677.107,AAPL260807C00315000,1.06,1.08
1785950678.110,AAPL260807C00315000,1.06,1.08
1785950679.860,AAPL260807C00315000,1.06,1.08
1785950680.194,AAPL260807C00315000,1.06,1.08
1785950681.400,AAPL260807C00315000,1.07,1.08
1785950682.164,AAPL260807C00315000,1.07,1.09
1785950683.061,AAPL260807C00315000,1.07,1.09
1785950684.097,AAPL260807C00315000,1.08,1.09
1785950685.046,AAPL260807C00315000,1.08,1.09
1785950688.188,AAPL260807C00315000,1.08,1.09
1785950689.036,AAPL260807C00315000,1.08,1.09
1785950690.164,AAPL260807C00315000,1.08,1.09
1785950692.159,AAPL260807C00315000,1.08,1.09
1785950694.916,AAPL260807C00315000,1.08,1.09
1785950695.086,AAPL260807C00315000,1.08,1.09
1785950696.166,AAPL260807C00315000,1.08,1.09
1785950697.036,AAPL260807C00315000,1.08,1.12
1785950698.031,AAPL260807C00315000,1.08,1.12
1785950699.075,AAPL260807C00315000,1.09,1.12
1785950700.083,AAPL260807C00315000,1.09,1.12
1785950701.100,AAPL260807C00315000,1.09,1.12
1785950702.192,AAPL260807C00315000,1.09,1.12
1785950703.065,AAPL260807C00315000,1.09,1.12
1785950704.110,AAPL260807C00315000,1.09,1.12
1785950705.119,AAPL260807C00315000,1.09,1.12
1785950706.117,AAPL260807C00315000,1.09,1.12
1785950707.057,AAPL260807C00315000,1.09,1.12
1785950708.110,AAPL260807C00315000,1.1,1.12
1785950709.067,AAPL260807C00315000,1.09,1.1
1785950710.029,AAPL260807C00315000,1.09,1.1
1785950711.027,AAPL260807C00315000,1.09,1.11
1785950712.230,AAPL260807C00315000,1.09,1.11
1785950713.387,AAPL260807C00315000,1.09,1.11
1785950714.159,AAPL260807C00315000,1.09,1.11
1785950715.098,AAPL260807C00315000,1.09,1.11
1785950716.109,AAPL260807C00315000,1.09,1.11
1785950717.221,AAPL260807C00315000,1.09,1.11
1785950718.016,AAPL260807C00315000,1.09,1.11
1785950721.854,AAPL260807C00315000,1.09,1.11
1785950722.344,AAPL260807C00315000,1.09,1.11
1785950723.263,AAPL260807C00315000,1.09,1.11
1785950724.014,AAPL260807C00315000,1.09,1.11
1785950725.038,AAPL260807C00315000,1.09,1.11
1785950726.001,AAPL260807C00315000,1.09,1.11
1785950727.162,AAPL260807C00315000,1.09,1.11
1785950730.021,AAPL260807C00315000,1.09,1.11
1785950731.030,AAPL260807C00315000,1.09,1.11
1785950732.414,AAPL260807C00315000,1.09,1.11
1785950733.110,AAPL260807C00315000,1.09,1.11
1785950734.180,AAPL260807C00315000,1.09,1.11
1785950735.026,AAPL260807C00315000,1.09,1.11
1785950736.142,AAPL260807C00315000,1.09,1.11
1785950737.076,AAPL260807C00315000,1.09,1.11
1785950738.666,AAPL260807C00315000,1.09,1.11
1785950739.175,AAPL260807C00315000,1.09,1.11
1785950740.313,AAPL260807C00315000,1.09,1.11
1785950741.885,AAPL260807C00315000,1.09,1.1
1785950742.393,AAPL260807C00315000,1.09,1.1
1785950743.011,AAPL260807C00315000,1.08,1.1
1785950744.593,AAPL260807C00315000,1.08,1.1
1785950745.013,AAPL260807C00315000,1.08,1.1
1785950746.227,AAPL260807C00315000,1.08,1.1
1785950747.157,AAPL260807C00315000,1.07,1.1
1785950748.168,AAPL260807C00315000,1.07,1.1
1785950749.019,AAPL260807C00315000,1.07,1.1
1785950750.045,AAPL260807C00315000,1.07,1.1
1785950751.104,AAPL260807C00315000,1.07,1.1
1785950752.005,AAPL260807C00315000,1.07,1.1
1785950753.111,AAPL260807C00315000,1.07,1.1
1785950754.121,AAPL260807C00315000,1.07,1.1
1785950755.095,AAPL260807C00315000,1.07,1.1
1785950756.917,AAPL260807C00315000,1.07,1.1
1785950757.124,AAPL260807C00315000,1.07,1.1
1785950758.028,AAPL260807C00315000,1.07,1.1
1785950759.213,AAPL260807C00315000,1.07,1.1
1785950760.033,AAPL260807C00315000,1.07,1.1
1785950761.050,AAPL260807C00315000,1.08,1.1
1785950762.180,AAPL260807C00315000,1.08,1.1
1785950763.027,AAPL260807C00315000,1.07,1.1
1785950764.521,AAPL260807C00315000,1.09,1.1
1785950765.116,AAPL260807C00315000,1.08,1.1
1785950766.033,AAPL260807C00315000,1.08,1.1
1785950767.157,AAPL260807C00315000,1.09,1.1
1785950768.034,AAPL260807C00315000,1.08,1.1
1785950769.039,AAPL260807C00315000,1.09,1.1
1785950770.100,AAPL260807C00315000,1.09,1.1
1785950771.032,AAPL260807C00315000,1.09,1.1
1785950772.805,AAPL260807C00315000,1.09,1.1
1785950773.115,AAPL260807C00315000,1.09,1.11
1785950774.022,AAPL260807C00315000,1.09,1.11
1785950775.224,AAPL260807C00315000,1.09,1.11
1785950776.046,AAPL260807C00315000,1.09,1.11
1785950777.013,AAPL260807C00315000,1.09,1.11
1785950778.013,AAPL260807C00315000,1.09,1.11
1785950779.290,AAPL260807C00315000,1.09,1.11
1785950780.160,AAPL260807C00315000,1.09,1.11
1785950781.110,AAPL260807C00315000,1.09,1.11
1785950782.103,AAPL260807C00315000,1.09,1.11
1785950783.067,AAPL260807C00315000,1.09,1.11
1785950784.105,AAPL260807C00315000,1.09,1.11
1785950785.058,AAPL260807C00315000,1.09,1.12
1785950786.046,AAPL260807C00315000,1.09,1.12
1785950787.180,AAPL260807C00315000,1.09,1.12
1785950789.956,AAPL260807C00315000,1.09,1.12
1785950790.264,AAPL260807C00315000,1.09,1.12
1785950791.665,AAPL260807C00315000,1.09,1.12
1785950792.889,AAPL260807C00315000,1.09,1.12
1785950794.864,AAPL260807C00315000,1.09,1.12
1785950795.147,AAPL260807C00315000,1.09,1.12
1785950796.040,AAPL260807C00315000,1.09,1.12
1785950797.020,AAPL260807C00315000,1.1,1.12
1785950798.160,AAPL260807C00315000,1.1,1.12
1785950799.044,AAPL260807C00315000,1.1,1.12
1785950800.031,AAPL260807C00315000,1.1,1.12
1785950802.179,AAPL260807C00315000,1.1,1.12
1785950803.052,AAPL260807C00315000,1.1,1.12
1785950804.112,AAPL260807C00315000,1.1,1.12
1785950805.208,AAPL260807C00315000,1.1,1.12
1785950806.807,AAPL260807C00315000,1.1,1.12
1785950807.416,AAPL260807C00315000,1.1,1.12
1785950809.905,AAPL260807C00315000,1.1,1.12
1785950810.201,AAPL260807C00315000,1.1,1.12
1785950812.164,AAPL260807C00315000,1.1,1.12
1785950813.071,AAPL260807C00315000,1.1,1.12
1785950814.034,AAPL260807C00315000,1.1,1.12
1785950815.660,AAPL260807C00315000,1.1,1.12
1785950816.324,AAPL260807C00315000,1.1,1.12
1785950818.165,AAPL260807C00315000,1.08,1.12
1785950819.740,AAPL260807C00315000,1.08,1.12
1785950820.157,AAPL260807C00315000,1.08,1.12
1785950822.419,AAPL260807C00315000,1.08,1.12
1785950823.072,AAPL260807C00315000,1.08,1.12
1785950824.306,AAPL260807C00315000,1.08,1.12
1785950828.658,AAPL260807C00315000,1.09,1.1
1785950829.867,AAPL260807C00315000,1.09,1.1
1785950830.067,AAPL260807C00315000,1.09,1.1
1785950831.167,AAPL260807C00315000,1.08,1.1
1785950832.098,AAPL260807C00315000,1.08,1.1
1785950833.326,AAPL260807C00315000,1.08,1.1
1785950834.312,AAPL260807C00315000,1.08,1.09
1785950838.038,AAPL260807C00315000,1.08,1.09
1785950839.032,AAPL260807C00315000,1.08,1.09
1785950840.093,AAPL260807C00315000,1.07,1.09
1785950841.072,AAPL260807C00315000,1.07,1.09
1785950842.089,AAPL260807C00315000,1.07,1.09
1785950843.076,AAPL260807C00315000,1.07,1.09
1785950844.258,AAPL260807C00315000,1.07,1.09
1785950845.120,AAPL260807C00315000,1.07,1.09
1785950846.023,AAPL260807C00315000,1.06,1.09
1785950847.097,AAPL260807C00315000,1.06,1.08
1785950848.032,AAPL260807C00315000,1.06,1.08
1785950849.026,AAPL260807C00315000,1.06,1.08
1785950850.262,AAPL260807C00315000,1.06,1.08
1785950851.036,AAPL260807C00315000,1.06,1.08
1785950852.150,AAPL260807C00315000,1.06,1.08
1785950853.163,AAPL260807C00315000,1.06,1.08
1785950854.200,AAPL260807C00315000,1.06,1.08
1785950856.545,AAPL260807C00315000,1.06,1.08
1785950857.165,AAPL260807C00315000,1.06,1.08
1785950858.017,AAPL260807C00315000,1.06,1.08
1785950859.242,AAPL260807C00315000,1.06,1.08
1785950860.337,AAPL260807C00315000,1.06,1.08
1785950861.020,AAPL260807C00315000,1.06,1.08
1785950862.173,AAPL260807C00315000,1.06,1.08
1785950863.058,AAPL260807C00315000,1.06,1.08
1785950864.346,AAPL260807C00315000,1.06,1.08
1785950865.378,AAPL260807C00315000,1.06,1.08
1785950866.125,AAPL260807C00315000,1.06,1.08
1785950867.090,AAPL260807C00315000,1.06,1.08
1785950868.280,AAPL260807C00315000,1.06,1.08
1785950869.281,AAPL260807C00315000,1.06,1.08
1785950870.088,AAPL260807C00315000,1.06,1.07
1785950871.011,AAPL260807C00315000,1.05,1.06
1785950872.528,AAPL260807C00315000,1.05,1.07
1785950873.071,AAPL260807C00315000,1.05,1.07
1785950874.867,AAPL260807C00315000,1.05,1.07
1785950876.081,AAPL260807C00315000,1.05,1.07
1785950878.283,AAPL260807C00315000,1.05,1.07
1785950879.630,AAPL260807C00315000,1.05,1.07
1785950880.101,AAPL260807C00315000,1.05,1.07
1785950881.119,AAPL260807C00315000,1.05,1.07
1785950883.109,AAPL260807C00315000,1.05,1.07
1785950884.492,AAPL260807C00315000,1.05,1.07
1785950885.153,AAPL260807C00315000,1.05,1.07
1785950886.893,AAPL260807C00315000,1.05,1.07
1785950887.571,AAPL260807C00315000,1.05,1.06
1785950889.042,AAPL260807C00315000,1.05,1.06
1785950890.041,AAPL260807C00315000,1.06,1.07
1785950891.356,AAPL260807C00315000,1.05,1.07
1785950892.244,AAPL260807C00315000,1.05,1.06
1785950893.053,AAPL260807C00315000,1.05,1.06
1785950894.317,AAPL260807C00315000,1.05,1.06
1785950895.134,AAPL260807C00315000,1.05,1.06
1785950896.970,AAPL260807C00315000,1.04,1.06
1785950897.072,AAPL260807C00315000,1.04,1.06
1785950898.168,AAPL260807C00315000,1.04,1.06
1785950899.415,AAPL260807C00315000,1.04,1.06
1785950900.173,AAPL260807C00315000,1.04,1.06
1785950901.199,AAPL260807C00315000,1.04,1.06
1785950903.162,AAPL260807C00315000,1.04,1.06
1785950904.162,AAPL260807C00315000,1.04,1.06
1785950905.025,AAPL260807C00315000,1.04,1.06
1785950906.223,AAPL260807C00315000,1.04,1.06
1785950908.491,AAPL260807C00315000,1.04,1.06
1785950909.046,AAPL260807C00315000,1.04,1.06
1785950910.025,AAPL260807C00315000,1.04,1.06
1785950911.146,AAPL260807C00315000,1.04,1.05
1785950913.792,AAPL260807C00315000,1.04,1.05
1785950914.782,AAPL260807C00315000,1.04,1.05
1785950915.138,AAPL260807C00315000,1.04,1.05
1785950916.460,AAPL260807C00315000,1.04,1.05
1785950917.735,AAPL260807C00315000,1.04,1.05
1785950918.171,AAPL260807C00315000,1.04,1.05
1785950919.007,AAPL260807C00315000,1.04,1.05
1785950920.416,AAPL260807C00315000,1.04,1.05
1785950921.088,AAPL260807C00315000,1.04,1.05
1785950922.519,AAPL260807C00315000,1.04,1.05
1785950925.167,AAPL260807C00315000,1.04,1.05
1785950926.171,AAPL260807C00315000,1.04,1.05
1785950927.059,AAPL260807C00315000,1.04,1.05
1785950928.150,AAPL260807C00315000,1.04,1.05
1785950930.175,AAPL260807C00315000,1.04,1.06
1785950932.555,AAPL260807C00315000,1.04,1.06
1785950933.444,AAPL260807C00315000,1.04,1.06
1785950934.420,AAPL260807C00315000,1.04,1.06
1785950935.170,AAPL260807C00315000,1.04,1.06
1785950936.208,AAPL260807C00315000,1.04,1.06
1785950937.609,AAPL260807C00315000,1.04,1.06
1785950938.220,AAPL260807C00315000,1.04,1.06
1785950939.440,AAPL260807C00315000,1.04,1.06
1785950940.231,AAPL260807C00315000,1.04,1.06
1785950941.007,AAPL260807C00315000,1.04,1.06
1785950942.927,AAPL260807C00315000,1.04,1.06
1785950943.056,AAPL260807C00315000,1.04,1.06
1785950944.311,AAPL260807C00315000,1.04,1.06
1785950945.281,AAPL260807C00315000,1.04,1.06
1785950946.287,AAPL260807C00315000,1.04,1.06
1785950947.042,AAPL260807C00315000,1.04,1.06
1785950948.032,AAPL260807C00315000,1.04,1.06
1785950949.568,AAPL260807C00315000,1.04,1.05
1785950950.316,AAPL260807C00315000,1.04,1.05
1785950951.664,AAPL260807C00315000,1.04,1.05
1785950952.414,AAPL260807C00315000,1.04,1.05
1785950953.064,AAPL260807C00315000,1.04,1.05
1785950954.028,AAPL260807C00315000,1.04,1.05
1785950955.013,AAPL260807C00315000,1.04,1.05
1785950956.108,AAPL260807C00315000,1.03,1.05
1785950957.092,AAPL260807C00315000,1.03,1.05
1785950958.116,AAPL260807C00315000,1.03,1.05
1785950959.276,AAPL260807C00315000,1.03,1.05
1785950960.014,AAPL260807C00315000,1.03,1.05
1785950961.003,AAPL260807C00315000,1.03,1.05
1785950962.189,AAPL260807C00315000,1.03,1.05
1785950963.027,AAPL260807C00315000,1.03,1.05
1785950964.060,AAPL260807C00315000,1.04,1.05
1785950965.478,AAPL260807C00315000,1.04,1.05
1785950966.306,AAPL260807C00315000,1.04,1.05
1785950967.192,AAPL260807C00315000,1.04,1.05
1785950969.517,AAPL260807C00315000,1.04,1.05
1785950970.172,AAPL260807C00315000,1.04,1.05
1785950971.344,AAPL260807C00315000,1.04,1.05
1785950972.467,AAPL260807C00315000,1.04,1.05
1785950973.085,AAPL260807C00315000,1.04,1.05
1785950974.037,AAPL260807C00315000,1.04,1.05
1785950975.053,AAPL260807C00315000,1.04,1.05
1785950976.024,AAPL260807C00315000,1.04,1.05
1785950977.248,AAPL260807C00315000,1.04,1.05
1785950978.695,AAPL260807C00315000,1.04,1.05
1785950979.193,AAPL260807C00315000,1.04,1.05
1785950980.079,AAPL260807C00315000,1.04,1.05
1785950981.204,AAPL260807C00315000,1.04,1.05
1785950982.053,AAPL260807C00315000,1.04,1.05
1785950983.503,AAPL260807C00315000,1.04,1.05
1785950984.074,AAPL260807C00315000,1.04,1.05
1785950985.038,AAPL260807C00315000,1.04,1.05
1785950986.174,AAPL260807C00315000,1.04,1.05
1785950987.128,AAPL260807C00315000,1.04,1.06
1785950988.315,AAPL260807C00315000,1.04,1.06
1785950989.043,AAPL260807C00315000,1.04,1.06
1785950990.013,AAPL260807C00315000,1.04,1.06
1785950991.528,AAPL260807C00315000,1.04,1.06
1785950992.749,AAPL260807C00315000,1.04,1.06
1785950993.109,AAPL260807C00315000,1.04,1.06
1785950994.014,AAPL260807C00315000,1.04,1.06
1785950995.087,AAPL260807C00315000,1.05,1.06
1785950996.354,AAPL260807C00315000,1.05,1.06
1785950997.354,AAPL260807C00315000,1.05,1.06
1785950998.246,AAPL260807C00315000,1.06,1.07
1785951000.799,AAPL260807C00315000,1.06,1.07
1785951001.060,AAPL260807C00315000,1.06,1.07
1785951002.048,AAPL260807C00315000,1.06,1.08
1785951003.118,AAPL260807C00315000,1.06,1.08
1785951004.151,AAPL260807C00315000,1.06,1.08
1785951006.169,AAPL260807C00315000,1.06,1.08
1785951007.177,AAPL260807C00315000,1.06,1.08
1785951008.171,AAPL260807C00315000,1.06,1.08
1785951009.078,AAPL260807C00315000,1.06,1.09
1785951010.124,AAPL260807C00315000,1.06,1.09
1785951011.063,AAPL260807C00315000,1.06,1.09
1785951012.020,AAPL260807C00315000,1.06,1.09
1785951013.025,AAPL260807C00315000,1.07,1.09
1785951014.202,AAPL260807C00315000,1.07,1.09
1785951015.210,AAPL260807C00315000,1.07,1.09
1785951016.065,AAPL260807C00315000,1.07,1.09
1785951017.021,AAPL260807C00315000,1.07,1.09
1785951018.164,AAPL260807C00315000,1.07,1.09
1785951021.109,AAPL260807C00315000,1.07,1.09
1785951022.042,AAPL260807C00315000,1.07,1.09
1785951023.012,AAPL260807C00315000,1.07,1.09
1785951024.355,AAPL260807C00315000,1.07,1.09
1785951025.022,AAPL260807C00315000,1.07,1.09
1785951026.164,AAPL260807C00315000,1.07,1.09
1785951028.110,AAPL260807C00315000,1.07,1.09
1785951029.238,AAPL260807C00315000,1.07,1.09
1785951030.308,AAPL260807C00315000,1.07,1.09
1785951031.074,AAPL260807C00315000,1.07,1.09
1785951032.472,AAPL260807C00315000,1.07,1.09
1785951033.108,AAPL260807C00315000,1.07,1.09
1785951034.017,AAPL260807C00315000,1.07,1.09
1785951035.341,AAPL260807C00315000,1.07,1.09
1785951036.591,AAPL260807C00315000,1.07,1.09
1785951038.419,AAPL260807C00315000,1.07,1.09
1785951039.125,AAPL260807C00315000,1.07,1.09
1785951040.032,AAPL260807C00315000,1.07,1.09
1785951041.154,AAPL260807C00315000,1.07,1.09
1785951042.113,AAPL260807C00315000,1.07,1.09
1785951043.053,AAPL260807C00315000,1.07,1.09
1785951044.044,AAPL260807C00315000,1.06,1.09
1785951045.348,AAPL260807C00315000,1.06,1.09
1785951046.000,AAPL260807C00315000,1.06,1.08
1785951047.449,AAPL260807C00315000,1.06,1.08
1785951048.668,AAPL260807C00315000,1.06,1.08
1785951049.013,AAPL260807C00315000,1.06,1.08
1785951050.548,AAPL260807C00315000,1.06,1.08
1785951051.226,AAPL260807C00315000,1.06,1.08
1785951052.013,AAPL260807C00315000,1.06,1.08
1785951053.075,AAPL260807C00315000,1.06,1.08
1785951054.120,AAPL260807C00315000,1.06,1.08
1785951055.171,AAPL260807C00315000,1.06,1.09
1785951056.013,AAPL260807C00315000,1.06,1.09
1785951057.063,AAPL260807C00315000,1.06,1.09
1785951059.384,AAPL260807C00315000,1.06,1.09
1785951060.006,AAPL260807C00315000,1.06,1.09
1785951061.825,AAPL260807C00315000,1.06,1.09
1785951062.553,AAPL260807C00315000,1.06,1.09
1785951063.025,AAPL260807C00315000,1.06,1.09
1785951064.138,AAPL260807C00315000,1.07,1.09
1785951065.127,AAPL260807C00315000,1.07,1.09
1785951066.287,AAPL260807C00315000,1.07,1.09
1785951067.165,AAPL260807C00315000,1.07,1.09
1785951068.198,AAPL260807C00315000,1.06,1.08
1785951069.473,AAPL260807C00315000,1.06,1.08
1785951070.178,AAPL260807C00315000,1.06,1.08
1785951071.008,AAPL260807C00315000,1.06,1.09
1785951072.033,AAPL260807C00315000,1.06,1.09
1785951073.060,AAPL260807C00315000,1.06,1.09
1785951074.046,AAPL260807C00315000,1.06,1.09
1785951075.003,AAPL260807C00315000,1.06,1.09
1785951076.048,AAPL260807C00315000,1.06,1.09
1785951077.204,AAPL260807C00315000,1.06,1.09
1785951078.324,AAPL260807C00315000,1.06,1.09
1785951079.188,AAPL260807C00315000,1.06,1.09
1785951080.070,AAPL260807C00315000,1.06,1.09
1785951081.210,AAPL260807C00315000,1.06,1.09
1785951082.578,AAPL260807C00315000,1.06,1.09
1785951083.425,AAPL260807C00315000,1.06,1.09
1785951084.156,AAPL260807C00315000,1.06,1.09
1785951085.003,AAPL260807C00315000,1.06,1.09
1785951086.185,AAPL260807C00315000,1.05,1.07
1785951087.060,AAPL260807C00315000,1.04,1.07
1785951088.023,AAPL260807C00315000,1.04,1.07
1785951089.042,AAPL260807C00315000,1.04,1.07
1785951090.004,AAPL260807C00315000,1.03,1.07
1785951091.055,AAPL260807C00315000,1.03,1.07
1785951092.703,AAPL260807C00315000,1.03,1.05
1785951093.335,AAPL260807C00315000,1.03,1.05
1785951094.674,AAPL260807C00315000,1.03,1.05
1785951095.053,AAPL260807C00315000,1.03,1.05
1785951096.524,AAPL260807C00315000,1.04,1.05
1785951097.208,AAPL260807C00315000,1.04,1.05
1785951098.031,AAPL260807C00315000,1.04,1.05
1785951099.002,AAPL260807C00315000,1.04,1.05
1785951100.032,AAPL260807C00315000,1.04,1.05
1785951101.064,AAPL260807C00315000,1.05,1.06
1785951102.603,AAPL260807C00315000,1.05,1.06
1785951103.347,AAPL260807C00315000,1.05,1.07
1785951104.029,AAPL260807C00315000,1.05,1.07
1785951105.196,AAPL260807C00315000,1.05,1.07
1785951106.013,AAPL260807C00315000,1.05,1.08
1785951107.049,AAPL260807C00315000,1.05,1.08
1785951108.018,AAPL260807C00315000,1.05,1.08
1785951109.065,AAPL260807C00315000,1.05,1.08
1785951110.038,AAPL260807C00315000,1.05,1.08
1785951111.426,AAPL260807C00315000,1.05,1.08
1785951112.003,AAPL260807C00315000,1.05,1.09
1785951113.317,AAPL260807C00315000,1.05,1.09
1785951114.013,AAPL260807C00315000,1.05,1.09
1785951115.066,AAPL260807C00315000,1.07,1.09
1785951116.090,AAPL260807C00315000,1.07,1.09
1785951117.159,AAPL260807C00315000,1.08,1.09
1785951118.048,AAPL260807C00315000,1.08,1.1
1785951119.088,AAPL260807C00315000,1.08,1.1
1785951120.034,AAPL260807C00315000,1.08,1.1
1785951121.167,AAPL260807C00315000,1.08,1.1
1785951122.259,AAPL260807C00315000,1.08,1.1
1785951123.009,AAPL260807C00315000,1.08,1.1
1785951124.144,AAPL260807C00315000,1.08,1.1
1785951125.167,AAPL260807C00315000,1.08,1.1
1785951126.087,AAPL260807C00315000,1.08,1.1
1785951127.163,AAPL260807C00315000,1.08,1.1
1785951128.885,AAPL260807C00315000,1.08,1.1
1785951130.061,AAPL260807C00315000,1.08,1.1
1785951131.007,AAPL260807C00315000,1.08,1.1
1785951132.415,AAPL260807C00315000,1.08,1.1
1785951133.038,AAPL260807C00315000,1.08,1.1
1785951134.536,AAPL260807C00315000,1.08,1.1
1785951135.348,AAPL260807C00315000,1.08,1.1
1785951136.172,AAPL260807C00315000,1.08,1.1
1785951137.154,AAPL260807C00315000,1.08,1.1
1785951138.025,AAPL260807C00315000,1.07,1.1
1785951139.119,AAPL260807C00315000,1.07,1.1
1785951140.128,AAPL260807C00315000,1.07,1.1
1785951141.024,AAPL260807C00315000,1.07,1.1
1785951142.126,AAPL260807C00315000,1.07,1.15
1785951143.013,AAPL260807C00315000,1.08,1.15
1785951144.056,AAPL260807C00315000,1.08,1.15
1785951145.013,AAPL260807C00315000,1.08,1.15
1785951146.202,AAPL260807C00315000,1.09,1.15
1785951149.340,AAPL260807C00315000,1.09,1.15
1785951150.381,AAPL260807C00315000,1.09,1.15
1785951152.892,AAPL260807C00315000,1.09,1.15
1785951153.013,AAPL260807C00315000,1.09,1.15
1785951154.363,AAPL260807C00315000,1.12,1.15
1785951155.006,AAPL260807C00315000,1.12,1.16
1785951156.193,AAPL260807C00315000,1.12,1.16
1785951157.159,AAPL260807C00315000,1.12,1.16
1785951158.066,AAPL260807C00315000,1.14,1.16
1785951159.137,AAPL260807C00315000,1.14,1.16
1785951160.165,AAPL260807C00315000,1.14,1.16
1785951161.310,AAPL260807C00315000,1.14,1.16
1785951162.039,AAPL260807C00315000,1.14,1.16
1785951163.045,AAPL260807C00315000,1.14,1.16
1785951164.006,AAPL260807C00315000,1.15,1.16
1785951165.083,AAPL260807C00315000,1.15,1.16
1785951166.088,AAPL260807C00315000,1.15,1.17
1785951167.103,AAPL260807C00315000,1.15,1.17
1785951168.486,AAPL260807C00315000,1.15,1.17
1785951170.055,AAPL260807C00315000,1.14,1.17
1785951171.003,AAPL260807C00315000,1.15,1.17
1785951172.399,AAPL260807C00315000,1.16,1.17
1785951175.315,AAPL260807C00315000,1.16,1.17
1785951177.020,AAPL260807C00315000,1.16,1.17
1785951178.045,AAPL260807C00315000,1.14,1.16
1785951179.361,AAPL260807C00315000,1.14,1.16
1785951180.399,AAPL260807C00315000,1.14,1.16
1785951181.048,AAPL260807C00315000,1.14,1.16
1785951182.187,AAPL260807C00315000,1.14,1.16
1785951183.854,AAPL260807C00315000,1.14,1.16
1785951184.079,AAPL260807C00315000,1.14,1.16
1785951186.239,AAPL260807C00315000,1.14,1.16
1785951187.017,AAPL260807C00315000,1.14,1.16
1785951188.004,AAPL260807C00315000,1.14,1.15
1785951189.042,AAPL260807C00315000,1.14,1.16
1785951190.176,AAPL260807C00315000,1.14,1.16
1785951191.010,AAPL260807C00315000,1.14,1.16
1785951192.206,AAPL260807C00315000,1.14,1.16
1785951193.096,AAPL260807C00315000,1.14,1.16
1785951194.412,AAPL260807C00315000,1.14,1.16
1785951195.375,AAPL260807C00315000,1.14,1.16
1785951196.938,AAPL260807C00315000,1.14,1.16
1785951197.302,AAPL260807C00315000,1.14,1.16
1785951198.101,AAPL260807C00315000,1.14,1.16
1785951199.099,AAPL260807C00315000,1.14,1.16
1785951200.179,AAPL260807C00315000,1.14,1.16
1785951201.027,AAPL260807C00315000,1.14,1.16
1785951202.062,AAPL260807C00315000,1.14,1.16
1785951205.440,AAPL260807C00315000,1.14,1.15
1785951206.140,AAPL260807C00315000,1.14,1.15
1785951207.783,AAPL260807C00315000,1.14,1.15
1785951208.009,AAPL260807C00315000,1.14,1.15
1785951209.020,AAPL260807C00315000,1.14,1.15
1785951210.102,AAPL260807C00315000,1.13,1.14
1785951211.119,AAPL260807C00315000,1.13,1.14
1785951212.023,AAPL260807C00315000,1.13,1.14
1785951213.068,AAPL260807C00315000,1.13,1.14
1785951214.413,AAPL260807C00315000,1.13,1.14
1785951215.372,AAPL260807C00315000,1.13,1.14
1785951216.175,AAPL260807C00315000,1.13,1.15
1785951217.430,AAPL260807C00315000,1.13,1.15
1785951218.069,AAPL260807C00315000,1.13,1.15
1785951219.415,AAPL260807C00315000,1.14,1.15
1785951220.000,AAPL260807C00315000,1.15,1.16
1785951221.329,AAPL260807C00315000,1.15,1.16
1785951222.266,AAPL260807C00315000,1.15,1.16
1785951223.012,AAPL260807C00315000,1.15,1.16
1785951224.051,AAPL260807C00315000,1.15,1.16
1785951225.168,AAPL260807C00315000,1.15,1.16
1785951226.094,AAPL260807C00315000,1.15,1.16
1785951227.094,AAPL260807C00315000,1.15,1.16
1785951228.004,AAPL260807C00315000,1.15,1.16
1785951229.104,AAPL260807C00315000,1.15,1.16
1785951230.006,AAPL260807C00315000,1.15,1.16
1785951231.069,AAPL260807C00315000,1.14,1.15
1785951232.006,AAPL260807C00315000,1.14,1.15
1785951233.350,AAPL260807C00315000,1.14,1.15
1785951234.433,AAPL260807C00315000,1.14,1.15
1785951235.095,AAPL260807C00315000,1.14,1.16
1785951236.001,AAPL260807C00315000,1.14,1.16
1785951237.076,AAPL260807C00315000,1.14,1.16
1785951238.078,AAPL260807C00315000,1.14,1.16
1785951239.018,AAPL260807C00315000,1.14,1.16
1785951240.115,AAPL260807C00315000,1.14,1.16
1785951241.020,AAPL260807C00315000,1.14,1.16
1785951242.001,AAPL260807C00315000,1.14,1.16
1785951243.000,AAPL260807C00315000,1.14,1.19
1785951244.000,AAPL260807C00315000,1.14,1.19
1785951245.012,AAPL260807C00315000,1.15,1.19
1785951246.176,AAPL260807C00315000,1.15,1.19
1785951247.008,AAPL260807C00315000,1.15,1.2
1785951248.109,AAPL260807C00315000,1.15,1.2
1785951249.105,AAPL260807C00315000,1.15,1.2
1785951250.073,AAPL260807C00315000,1.15,1.2
1785951251.362,AAPL260807C00315000,1.18,1.2
1785951252.107,AAPL260807C00315000,1.18,1.2
1785951253.169,AAPL260807C00315000,1.18,1.2
1785951254.347,AAPL260807C00315000,1.18,1.2
1785951255.050,AAPL260807C00315000,1.18,1.2
1785951256.533,AAPL260807C00315000,1.18,1.2
1785951257.720,AAPL260807C00315000,1.17,1.2
1785951258.041,AAPL260807C00315000,1.16,1.18
1785951259.163,AAPL260807C00315000,1.16,1.18
1785951260.059,AAPL260807C00315000,1.16,1.18
1785951261.041,AAPL260807C00315000,1.16,1.18
1785951262.256,AAPL260807C00315000,1.17,1.18
1785951263.035,AAPL260807C00315000,1.17,1.19
1785951264.103,AAPL260807C00315000,1.17,1.19
1785951265.178,AAPL260807C00315000,1.17,1.19
1785951266.133,AAPL260807C00315000,1.17,1.19
1785951267.161,AAPL260807C00315000,1.17,1.19
1785951268.050,AAPL260807C00315000,1.17,1.19
1785951269.022,AAPL260807C00315000,1.16,1.19
1785951270.292,AAPL260807C00315000,1.16,1.19
1785951271.258,AAPL260807C00315000,1.16,1.19
1785951273.685,AAPL260807C00315000,1.16,1.19
1785951274.226,AAPL260807C00315000,1.16,1.19
1785951275.244,AAPL260807C00315000,1.15,1.19
1785951276.037,AAPL260807C00315000,1.15,1.19
1785951277.016,AAPL260807C00315000,1.15,1.19
1785951279.033,AAPL260807C00315000,1.17,1.19
1785951280.143,AAPL260807C00315000,1.17,1.19
1785951281.307,AAPL260807C00315000,1.17,1.19
1785951282.053,AAPL260807C00315000,1.17,1.19
1785951283.056,AAPL260807C00315000,1.15,1.18
1785951284.267,AAPL260807C00315000,1.15,1.18
1785951285.110,AAPL260807C00315000,1.15,1.18
1785951286.213,AAPL260807C00315000,1.15,1.18
1785951287.016,AAPL260807C00315000,1.15,1.18
1785951288.024,AAPL260807C00315000,1.15,1.18
1785951289.260,AAPL260807C00315000,1.17,1.18
1785951290.365,AAPL260807C00315000,1.17,1.19
1785951291.399,AAPL260807C00315000,1.17,1.19
1785951292.075,AAPL260807C00315000,1.17,1.19
1785951293.030,AAPL260807C00315000,1.17,1.2
1785951294.040,AAPL260807C00315000,1.17,1.2
1785951295.007,AAPL260807C00315000,1.17,1.2
1785951296.115,AAPL260807C00315000,1.17,1.2
1785951297.397,AAPL260807C00315000,1.17,1.2
1785951298.165,AAPL260807C00315000,1.17,1.2
1785951299.056,AAPL260807C00315000,1.17,1.2
1785951300.018,AAPL260807C00315000,1.17,1.2
1785951301.214,AAPL260807C00315000,1.17,1.2
1785951302.030,AAPL260807C00315000,1.17,1.2
1785951303.074,AAPL260807C00315000,1.17,1.2
1785951304.045,AAPL260807C00315000,1.17,1.2
1785951305.003,AAPL260807C00315000,1.17,1.2
1785951306.013,AAPL260807C00315000,1.17,1.2
1785951307.076,AAPL260807C00315000,1.17,1.2
1785951308.017,AAPL260807C00315000,1.17,1.2
1785951309.687,AAPL260807C00315000,1.17,1.19
1785951310.065,AAPL260807C00315000,1.17,1.19
1785951311.087,AAPL260807C00315000,1.17,1.19
1785951312.001,AAPL260807C00315000,1.17,1.19
1785951313.338,AAPL260807C00315000,1.17,1.19
1785951314.299,AAPL260807C00315000,1.17,1.19
1785951315.152,AAPL260807C00315000,1.18,1.2
1785951316.027,AAPL260807C00315000,1.17,1.2
1785951317.027,AAPL260807C00315000,1.17,1.2
1785951318.375,AAPL260807C00315000,1.17,1.2
1785951319.238,AAPL260807C00315000,1.17,1.2
1785951320.147,AAPL260807C00315000,1.17,1.2
1785951321.067,AAPL260807C00315000,1.17,1.2
1785951322.021,AAPL260807C00315000,1.17,1.2
1785951323.192,AAPL260807C00315000,1.17,1.2
1785951324.077,AAPL260807C00315000,1.17,1.2
1785951325.301,AAPL260807C00315000,1.17,1.2
1785951326.172,AAPL260807C00315000,1.16,1.2
1785951327.085,AAPL260807C00315000,1.16,1.2
1785951328.211,AAPL260807C00315000,1.16,1.2
1785951329.240,AAPL260807C00315000,1.16,1.2
1785951330.085,AAPL260807C00315000,1.16,1.2
1785951332.164,AAPL260807C00315000,1.16,1.2
1785951333.010,AAPL260807C00315000,1.16,1.2
1785951334.769,AAPL260807C00315000,1.16,1.2
1785951335.846,AAPL260807C00315000,1.16,1.2
1785951336.009,AAPL260807C00315000,1.16,1.2
1785951337.034,AAPL260807C00315000,1.16,1.2
1785951338.312,AAPL260807C00315000,1.19,1.2
1785951339.050,AAPL260807C00315000,1.16,1.19
1785951340.139,AAPL260807C00315000,1.16,1.19
1785951341.077,AAPL260807C00315000,1.16,1.19
1785951342.483,AAPL260807C00315000,1.16,1.19
1785951343.698,AAPL260807C00315000,1.16,1.19
1785951344.463,AAPL260807C00315000,1.16,1.19
1785951345.175,AAPL260807C00315000,1.16,1.19
1785951346.053,AAPL260807C00315000,1.16,1.19
1785951348.472,AAPL260807C00315000,1.16,1.19
1785951349.057,AAPL260807C00315000,1.16,1.19
1785951350.049,AAPL260807C00315000,1.16,1.19
1785951351.358,AAPL260807C00315000,1.16,1.19
1785951352.216,AAPL260807C00315000,1.16,1.19
1785951353.055,AAPL260807C00315000,1.16,1.19
1785951354.023,AAPL260807C00315000,1.16,1.19
1785951355.061,AAPL260807C00315000,1.16,1.19
1785951357.084,AAPL260807C00315000,1.19,1.2
1785951358.341,AAPL260807C00315000,1.19,1.2
1785951359.929,AAPL260807C00315000,1.19,1.2
1785951360.061,AAPL260807C00315000,1.19,1.2
1785951361.146,AAPL260807C00315000,1.18,1.19
1785951362.275,AAPL260807C00315000,1.18,1.19
1785951363.238,AAPL260807C00315000,1.19,1.2
1785951365.843,AAPL260807C00315000,1.19,1.2
1785951366.620,AAPL260807C00315000,1.19,1.2
1785951367.089,AAPL260807C00315000,1.19,1.2
1785951368.039,AAPL260807C00315000,1.19,1.21
1785951369.264,AAPL260807C00315000,1.2,1.21
1785951370.272,AAPL260807C00315000,1.19,1.2
1785951371.029,AAPL260807C00315000,1.19,1.2
1785951372.220,AAPL260807C00315000,1.19,1.2
1785951373.039,AAPL260807C00315000,1.19,1.2
1785951374.058,AAPL260807C00315000,1.19,1.2
1785951375.055,AAPL260807C00315000,1.19,1.2
1785951376.242,AAPL260807C00315000,1.19,1.2
1785951377.079,AAPL260807C00315000,1.18,1.19
1785951378.042,AAPL260807C00315000,1.18,1.19
1785951379.097,AAPL260807C00315000,1.18,1.2
1785951380.023,AAPL260807C00315000,1.18,1.2
1785951381.065,AAPL260807C00315000,1.18,1.2
1785951382.006,AAPL260807C00315000,1.18,1.2
1785951383.031,AAPL260807C00315000,1.18,1.2
1785951384.109,AAPL260807C00315000,1.17,1.2
1785951385.118,AAPL260807C00315000,1.17,1.2
1785951386.038,AAPL260807C00315000,1.17,1.2
1785951387.031,AAPL260807C00315000,1.17,1.19
1785951388.180,AAPL260807C00315000,1.17,1.19
1785951389.325,AAPL260807C00315000,1.17,1.19
1785951390.019,AAPL260807C00315000,1.17,1.19
1785951391.019,AAPL260807C00315000,1.17,1.19
1785951392.145,AAPL260807C00315000,1.17,1.19
1785951393.856,AAPL260807C00315000,1.17,1.19
1785951394.318,AAPL260807C00315000,1.18,1.19
1785951395.776,AAPL260807C00315000,1.17,1.19
1785951396.375,AAPL260807C00315000,1.17,1.19
1785951397.034,AAPL260807C00315000,1.17,1.19
1785951398.199,AAPL260807C00315000,1.17,1.2
1785951399.311,AAPL260807C00315000,1.17,1.2
1785951400.149,AAPL260807C00315000,1.17,1.2
1785951401.833,AAPL260807C00315000,1.17,1.2
1785951402.013,AAPL260807C00315000,1.17,1.2
1785951403.240,AAPL260807C00315000,1.18,1.2
1785951404.038,AAPL260807C00315000,1.18,1.2
1785951405.952,AAPL260807C00315000,1.18,1.2
1785951406.001,AAPL260807C00315000,1.17,1.2
1785951407.053,AAPL260807C00315000,1.17,1.2
1785951408.139,AAPL260807C00315000,1.17,1.2
1785951409.450,AAPL260807C00315000,1.17,1.2
1785951410.001,AAPL260807C00315000,1.17,1.2
1785951411.074,AAPL260807C00315000,1.17,1.2
1785951412.294,AAPL260807C00315000,1.17,1.2
1785951413.201,AAPL260807C00315000,1.17,1.2
1785951414.002,AAPL260807C00315000,1.17,1.2
1785951415.216,AAPL260807C00315000,1.17,1.2
1785951416.067,AAPL260807C00315000,1.17,1.2
1785951417.165,AAPL260807C00315000,1.16,1.2
1785951418.008,AAPL260807C00315000,1.15,1.2
1785951419.421,AAPL260807C00315000,1.15,1.2
1785951420.163,AAPL260807C00315000,1.15,1.2
1785951421.028,AAPL260807C00315000,1.15,1.2
1785951422.246,AAPL260807C00315000,1.14,1.2
1785951423.277,AAPL260807C00315000,1.14,1.2
1785951424.088,AAPL260807C00315000,1.14,1.2
1785951425.000,AAPL260807C00315000,1.14,1.18
1785951426.081,AAPL260807C00315000,1.14,1.18
1785951427.354,AAPL260807C00315000,1.14,1.18
1785951428.014,AAPL260807C00315000,1.16,1.18
1785951429.198,AAPL260807C00315000,1.16,1.17
1785951430.320,AAPL260807C00315000,1.16,1.17
1785951431.037,AAPL260807C00315000,1.14,1.16
1785951432.237,AAPL260807C00315000,1.14,1.16
1785951433.001,AAPL260807C00315000,1.14,1.16
1785951434.072,AAPL260807C00315000,1.13,1.16
1785951435.117,AAPL260807C00315000,1.13,1.16
1785951436.013,AAPL260807C00315000,1.13,1.16
1785951437.146,AAPL260807C00315000,1.11,1.14
1785951438.565,AAPL260807C00315000,1.12,1.14
1785951439.122,AAPL260807C00315000,1.12,1.14
1785951440.001,AAPL260807C00315000,1.11,1.13
1785951442.255,AAPL260807C00315000,1.11,1.13
1785951443.005,AAPL260807C00315000,1.11,1.13
1785951444.463,AAPL260807C00315000,1.11,1.13
1785951445.220,AAPL260807C00315000,1.11,1.13
1785951446.142,AAPL260807C00315000,1.11,1.14
1785951447.189,AAPL260807C00315000,1.11,1.15
1785951448.392,AAPL260807C00315000,1.11,1.15
1785951449.267,AAPL260807C00315000,1.11,1.15
1785951450.030,AAPL260807C00315000,1.13,1.15
1785951451.167,AAPL260807C00315000,1.13,1.15
1785951452.104,AAPL260807C00315000,1.13,1.15
1785951453.030,AAPL260807C00315000,1.13,1.15
1785951454.008,AAPL260807C00315000,1.12,1.15
1785951455.573,AAPL260807C00315000,1.12,1.15
1785951456.667,AAPL260807C00315000,1.12,1.15
1785951457.056,AAPL260807C00315000,1.12,1.15
1785951458.464,AAPL260807C00315000,1.12,1.15
1785951459.468,AAPL260807C00315000,1.12,1.15
1785951460.088,AAPL260807C00315000,1.12,1.15
1785951461.062,AAPL260807C00315000,1.12,1.15
1785951462.131,AAPL260807C00315000,1.12,1.15
1785951463.000,AAPL260807C00315000,1.12,1.15
1785951464.731,AAPL260807C00315000,1.12,1.15
1785951465.169,AAPL260807C00315000,1.12,1.15
1785951466.053,AAPL260807C00315000,1.12,1.15
1785951467.109,AAPL260807C00315000,1.12,1.15
1785951468.058,AAPL260807C00315000,1.12,1.15
1785951469.002,AAPL260807C00315000,1.12,1.16
1785951470.556,AAPL260807C00315000,1.12,1.16
1785951471.927,AAPL260807C00315000,1.12,1.16
1785951473.926,AAPL260807C00315000,1.12,1.16
1785951474.164,AAPL260807C00315000,1.12,1.16
1785951475.052,AAPL260807C00315000,1.12,1.16
1785951476.281,AAPL260807C00315000,1.12,1.16
1785951478.025,AAPL260807C00315000,1.12,1.16
1785951479.266,AAPL260807C00315000,1.12,1.16
1785951480.063,AAPL260807C00315000,1.12,1.16
1785951481.252,AAPL260807C00315000,1.12,1.16
1785951482.100,AAPL260807C00315000,1.12,1.16
1785951483.624,AAPL260807C00315000,1.12,1.16
1785951484.002,AAPL260807C00315000,1.12,1.16
1785951485.067,AAPL260807C00315000,1.12,1.16
1785951486.104,AAPL260807C00315000,1.11,1.16
1785951487.028,AAPL260807C00315000,1.11,1.16
1785951488.119,AAPL260807C00315000,1.11,1.16
1785951489.236,AAPL260807C00315000,1.11,1.13
1785951490.254,AAPL260807C00315000,1.1,1.13
1785951491.488,AAPL260807C00315000,1.1,1.13
1785951492.167,AAPL260807C00315000,1.1,1.13
1785951493.243,AAPL260807C00315000,1.1,1.13
1785951494.359,AAPL260807C00315000,1.11,1.13
1785951495.114,AAPL260807C00315000,1.11,1.13
1785951496.114,AAPL260807C00315000,1.11,1.13
1785951497.141,AAPL260807C00315000,1.11,1.13
1785951498.044,AAPL260807C00315000,1.11,1.13
1785951499.013,AAPL260807C00315000,1.11,1.13
1785951500.081,AAPL260807C00315000,1.11,1.13
1785951501.075,AAPL260807C00315000,1.11,1.13
1785951502.501,AAPL260807C00315000,1.11,1.13
1785951503.069,AAPL260807C00315000,1.11,1.13
1785951504.013,AAPL260807C00315000,1.12,1.13
1785951505.102,AAPL260807C00315000,1.12,1.13
1785951506.040,AAPL260807C00315000,1.12,1.13
1785951507.163,AAPL260807C00315000,1.12,1.13
1785951508.549,AAPL260807C00315000,1.12,1.13
1785951509.130,AAPL260807C00315000,1.12,1.13
1785951510.103,AAPL260807C00315000,1.12,1.13
1785951511.040,AAPL260807C00315000,1.1,1.12
1785951512.349,AAPL260807C00315000,1.1,1.12
1785951513.483,AAPL260807C00315000,1.1,1.12
1785951514.539,AAPL260807C00315000,1.1,1.12
1785951515.040,AAPL260807C00315000,1.09,1.1
1785951516.236,AAPL260807C00315000,1.09,1.1
1785951517.069,AAPL260807C00315000,1.08,1.1
1785951518.299,AAPL260807C00315000,1.08,1.1
1785951519.522,AAPL260807C00315000,1.08,1.1
1785951520.522,AAPL260807C00315000,1.08,1.1
1785951521.220,AAPL260807C00315000,1.08,1.1
1785951522.156,AAPL260807C00315000,1.08,1.1
1785951523.133,AAPL260807C00315000,1.08,1.1
1785951524.077,AAPL260807C00315000,1.08,1.1
1785951525.206,AAPL260807C00315000,1.08,1.1
1785951526.911,AAPL260807C00315000,1.08,1.09
1785951527.122,AAPL260807C00315000,1.08,1.09
1785951528.481,AAPL260807C00315000,1.08,1.09
1785951529.046,AAPL260807C00315000,1.08,1.09
1785951530.107,AAPL260807C00315000,1.08,1.09
1785951531.840,AAPL260807C00315000,1.08,1.09
1785951532.037,AAPL260807C00315000,1.08,1.09
1785951533.057,AAPL260807C00315000,1.08,1.09
1785951534.044,AAPL260807C00315000,1.08,1.09
1785951536.436,AAPL260807C00315000,1.08,1.09
1785951537.081,AAPL260807C00315000,1.08,1.09
1785951538.042,AAPL260807C00315000,1.08,1.09
1785951539.068,AAPL260807C00315000,1.09,1.1
1785951540.031,AAPL260807C00315000,1.09,1.1
1785951541.049,AAPL260807C00315000,1.09,1.1
1785951542.349,AAPL260807C00315000,1.09,1.1
1785951543.769,AAPL260807C00315000,1.09,1.1
1785951544.424,AAPL260807C00315000,1.09,1.1
1785951545.389,AAPL260807C00315000,1.08,1.1
1785951547.064,AAPL260807C00315000,1.08,1.09
1785951548.060,AAPL260807C00315000,1.08,1.1
1785951549.058,AAPL260807C00315000,1.08,1.1
1785951550.143,AAPL260807C00315000,1.08,1.09
1785951551.110,AAPL260807C00315000,1.08,1.09
1785951554.098,AAPL260807C00315000,1.08,1.09
1785951555.153,AAPL260807C00315000,1.08,1.09
1785951557.192,AAPL260807C00315000,1.08,1.09
1785951558.012,AAPL260807C00315000,1.08,1.09
1785951559.206,AAPL260807C00315000,1.08,1.09
1785951560.026,AAPL260807C00315000,1.07,1.08
1785951561.311,AAPL260807C00315000,1.07,1.08
1785951562.256,AAPL260807C00315000,1.07,1.08
1785951563.163,AAPL260807C00315000,1.08,1.09
1785951566.014,AAPL260807C00315000,1.08,1.09
1785951567.783,AAPL260807C00315000,1.08,1.09
1785951568.147,AAPL260807C00315000,1.08,1.09
1785951569.887,AAPL260807C00315000,1.08,1.09
1785951570.026,AAPL260807C00315000,1.07,1.09
1785951571.007,AAPL260807C00315000,1.07,1.09
1785951572.311,AAPL260807C00315000,1.07,1.09
1785951574.849,AAPL260807C00315000,1.06,1.07
1785951575.195,AAPL260807C00315000,1.05,1.07
1785951576.097,AAPL260807C00315000,1.05,1.07
1785951577.050,AAPL260807C00315000,1.05,1.07
1785951578.339,AAPL260807C00315000,1.05,1.07
1785951579.101,AAPL260807C00315000,1.05,1.07
1785951580.003,AAPL260807C00315000,1.05,1.07
1785951581.229,AAPL260807C00315000,1.06,1.07
1785951582.042,AAPL260807C00315000,1.06,1.07
1785951583.014,AAPL260807C00315000,1.06,1.07
1785951584.310,AAPL260807C00315000,1.06,1.07
1785951585.363,AAPL260807C00315000,1.06,1.07
1785951586.017,AAPL260807C00315000,1.06,1.07
1785951587.024,AAPL260807C00315000,1.05,1.06
1785951588.099,AAPL260807C00315000,1.05,1.07
1785951589.415,AAPL260807C00315000,1.05,1.07
1785951590.030,AAPL260807C00315000,1.05,1.07
1785951591.932,AAPL260807C00315000,1.05,1.07
1785951592.312,AAPL260807C00315000,1.05,1.07
1785951593.013,AAPL260807C00315000,1.05,1.08
1785951594.476,AAPL260807C00315000,1.05,1.08
1785951595.059,AAPL260807C00315000,1.05,1.08
1785951596.298,AAPL260807C00315000,1.05,1.08
1785951597.507,AAPL260807C00315000,1.05,1.08
1785951598.069,AAPL260807C00315000,1.05,1.08
1785951599.918,AAPL260807C00315000,1.05,1.08
1785951600.782,AAPL260807C00315000,1.05,1.08
1785951601.164,AAPL260807C00315000,1.05,1.08
1785951602.018,AAPL260807C00315000,1.05,1.08
1785951603.035,AAPL260807C00315000,1.05,1.08
1785951604.050,AAPL260807C00315000,1.05,1.08
1785951605.014,AAPL260807C00315000,1.05,1.08
1785951606.138,AAPL260807C00315000,1.05,1.08
1785951607.025,AAPL260807C00315000,1.05,1.08
1785951608.206,AAPL260807C00315000,1.05,1.08
1785951609.003,AAPL260807C00315000,1.05,1.08
1785951610.110,AAPL260807C00315000,1.05,1.08
1785951611.116,AAPL260807C00315000,1.05,1.08
1785951612.107,AAPL260807C00315000,1.06,1.08
1785951613.015,AAPL260807C00315000,1.06,1.08
1785951614.061,AAPL260807C00315000,1.06,1.08
1785951615.016,AAPL260807C00315000,1.06,1.08
1785951616.030,AAPL260807C00315000,1.06,1.09
1785951617.017,AAPL260807C00315000,1.06,1.09
1785951618.059,AAPL260807C00315000,1.06,1.09
1785951619.013,AAPL260807C00315000,1.07,1.09
1785951620.247,AAPL260807C00315000,1.07,1.09
1785951621.031,AAPL260807C00315000,1.07,1.09
1785951622.100,AAPL260807C00315000,1.08,1.09
1785951624.246,AAPL260807C00315000,1.08,1.09
1785951625.641,AAPL260807C00315000,1.08,1.09
1785951626.011,AAPL260807C00315000,1.08,1.09
1785951627.024,AAPL260807C00315000,1.09,1.12
1785951628.151,AAPL260807C00315000,1.09,1.12
1785951629.408,AAPL260807C00315000,1.1,1.12
1785951630.013,AAPL260807C00315000,1.1,1.12
1785951631.111,AAPL260807C00315000,1.1,1.12
1785951632.291,AAPL260807C00315000,1.1,1.13
1785951633.102,AAPL260807C00315000,1.1,1.13
1785951634.152,AAPL260807C00315000,1.1,1.13
1785951635.370,AAPL260807C00315000,1.1,1.13
1785951636.111,AAPL260807C00315000,1.1,1.13
1785951637.300,AAPL260807C00315000,1.1,1.13
1785951638.312,AAPL260807C00315000,1.09,1.13
1785951639.111,AAPL260807C00315000,1.09,1.13
1785951640.637,AAPL260807C00315000,1.09,1.13
1785951641.098,AAPL260807C00315000,1.09,1.12
1785951642.531,AAPL260807C00315000,1.09,1.12
1785951643.664,AAPL260807C00315000,1.09,1.12
1785951644.214,AAPL260807C00315000,1.09,1.12
1785951645.054,AAPL260807C00315000,1.09,1.12
1785951646.404,AAPL260807C00315000,1.09,1.12
1785951647.180,AAPL260807C00315000,1.09,1.12
1785951648.006,AAPL260807C00315000,1.09,1.12
1785951649.915,AAPL260807C00315000,1.09,1.12
1785951650.675,AAPL260807C00315000,1.09,1.12
1785951651.061,AAPL260807C00315000,1.09,1.12
1785951652.162,AAPL260807C00315000,1.09,1.12
1785951653.045,AAPL260807C00315000,1.09,1.12
1785951654.139,AAPL260807C00315000,1.09,1.12
1785951655.110,AAPL260807C00315000,1.09,1.12
1785951656.958,AAPL260807C00315000,1.09,1.11
1785951657.341,AAPL260807C00315000,1.09,1.11
1785951658.303,AAPL260807C00315000,1.09,1.11
1785951659.040,AAPL260807C00315000,1.09,1.12
1785951660.807,AAPL260807C00315000,1.09,1.12
1785951661.065,AAPL260807C00315000,1.09,1.12
1785951662.330,AAPL260807C00315000,1.09,1.12
1785951663.066,AAPL260807C00315000,1.09,1.12
1785951664.666,AAPL260807C00315000,1.09,1.12
1785951665.762,AAPL260807C00315000,1.09,1.12
1785951666.110,AAPL260807C00315000,1.09,1.12
1785951667.015,AAPL260807C00315000,1.09,1.12
1785951668.040,AAPL260807C00315000,1.09,1.12
1785951669.212,AAPL260807C00315000,1.08,1.12
1785951670.110,AAPL260807C00315000,1.07,1.12
1785951671.046,AAPL260807C00315000,1.07,1.12
1785951672.062,AAPL260807C00315000,1.06,1.12
1785951673.021,AAPL260807C00315000,1.06,1.1
1785951674.017,AAPL260807C00315000,1.06,1.1
1785951675.094,AAPL260807C00315000,1.06,1.1
1785951676.084,AAPL260807C00315000,1.06,1.1
1785951677.427,AAPL260807C00315000,1.06,1.1
1785951678.173,AAPL260807C00315000,1.06,1.1
1785951679.077,AAPL260807C00315000,1.06,1.1
1785951680.119,AAPL260807C00315000,1.06,1.1
1785951681.269,AAPL260807C00315000,1.06,1.1
1785951682.023,AAPL260807C00315000,1.06,1.1
1785951683.111,AAPL260807C00315000,1.06,1.1
1785951684.056,AAPL260807C00315000,1.06,1.1
1785951685.560,AAPL260807C00315000,1.06,1.1
1785951686.112,AAPL260807C00315000,1.06,1.1
1785951687.157,AAPL260807C00315000,1.06,1.1
1785951688.281,AAPL260807C00315000,1.06,1.1
1785951689.131,AAPL260807C00315000,1.06,1.1
1785951690.042,AAPL260807C00315000,1.06,1.1
1785951691.808,AAPL260807C00315000,1.06,1.1
1785951692.011,AAPL260807C00315000,1.06,1.1
1785951693.067,AAPL260807C00315000,1.06,1.11
1785951694.912,AAPL260807C00315000,1.06,1.11
1785951695.704,AAPL260807C00315000,1.06,1.11
1785951696.050,AAPL260807C00315000,1.06,1.11
1785951697.543,AAPL260807C00315000,1.06,1.11
1785951698.019,AAPL260807C00315000,1.06,1.11
1785951699.031,AAPL260807C00315000,1.06,1.11
1785951700.027,AAPL260807C00315000,1.06,1.11
1785951701.083,AAPL260807C00315000,1.06,1.1
1785951702.089,AAPL260807C00315000,1.06,1.1
1785951703.111,AAPL260807C00315000,1.06,1.1
1785951704.291,AAPL260807C00315000,1.06,1.1
1785951706.379,AAPL260807C00315000,1.06,1.1
1785951707.568,AAPL260807C00315000,1.06,1.1
1785951708.050,AAPL260807C00315000,1.06,1.1
1785951709.185,AAPL260807C00315000,1.06,1.1
1785951710.120,AAPL260807C00315000,1.06,1.1
1785951711.039,AAPL260807C00315000,1.06,1.08
1785951712.300,AAPL260807C00315000,1.06,1.08
1785951713.112,AAPL260807C00315000,1.06,1.08
1785951714.358,AAPL260807C00315000,1.06,1.08
1785951715.030,AAPL260807C00315000,1.06,1.08
1785951716.115,AAPL260807C00315000,1.06,1.08
1785951717.136,AAPL260807C00315000,1.06,1.08
1785951718.544,AAPL260807C00315000,1.06,1.08
1785951719.407,AAPL260807C00315000,1.06,1.08
1785951720.032,AAPL260807C00315000,1.06,1.08
1785951721.172,AAPL260807C00315000,1.06,1.08
1785951722.154,AAPL260807C00315000,1.06,1.08
1785951723.412,AAPL260807C00315000,1.06,1.08
1785951724.038,AAPL260807C00315000,1.06,1.08
1785951725.680,AAPL260807C00315000,1.06,1.08
1785951726.350,AAPL260807C00315000,1.06,1.08
1785951727.158,AAPL260807C00315000,1.06,1.08
1785951728.166,AAPL260807C00315000,1.06,1.08
1785951729.035,AAPL260807C00315000,1.06,1.08
1785951730.017,AAPL260807C00315000,1.06,1.08
1785951731.061,AAPL260807C00315000,1.06,1.08
1785951732.162,AAPL260807C00315000,1.06,1.07
1785951733.830,AAPL260807C00315000,1.06,1.07
1785951734.250,AAPL260807C00315000,1.06,1.07
1785951735.179,AAPL260807C00315000,1.07,1.09
1785951736.062,AAPL260807C00315000,1.07,1.09
1785951737.055,AAPL260807C00315000,1.06,1.07
1785951738.447,AAPL260807C00315000,1.05,1.07
1785951739.116,AAPL260807C00315000,1.05,1.07
1785951740.171,AAPL260807C00315000,1.05,1.07
1785951741.820,AAPL260807C00315000,1.05,1.07
1785951742.713,AAPL260807C00315000,1.05,1.07
1785951743.665,AAPL260807C00315000,1.05,1.07
1785951744.165,AAPL260807C00315000,1.05,1.07
1785951745.178,AAPL260807C00315000,1.05,1.07
1785951746.109,AAPL260807C00315000,1.05,1.07
1785951747.171,AAPL260807C00315000,1.05,1.07
1785951748.419,AAPL260807C00315000,1.05,1.07
1785951749.057,AAPL260807C00315000,1.05,1.07
1785951750.011,AAPL260807C00315000,1.05,1.07
1785951751.175,AAPL260807C00315000,1.05,1.06
1785951752.305,AAPL260807C00315000,1.05,1.06
1785951753.041,AAPL260807C00315000,1.04,1.06
1785951754.055,AAPL260807C00315000,1.04,1.06
1785951755.589,AAPL260807C00315000,1.04,1.06
1785951756.059,AAPL260807C00315000,1.03,1.05
1785951757.028,AAPL260807C00315000,1.03,1.05
1785951758.095,AAPL260807C00315000,1.03,1.05
1785951759.044,AAPL260807C00315000,1.03,1.05
1785951760.063,AAPL260807C00315000,1.03,1.05
1785951761.333,AAPL260807C00315000,1.03,1.05
1785951762.169,AAPL260807C00315000,1.03,1.05
1785951763.110,AAPL260807C00315000,1.03,1.05
1785951764.305,AAPL260807C00315000,1.03,1.05
1785951765.103,AAPL260807C00315000,1.03,1.06
1785951766.092,AAPL260807C00315000,1.03,1.06
1785951767.080,AAPL260807C00315000,1.03,1.06
1785951768.084,AAPL260807C00315000,1.03,1.06
1785951769.172,AAPL260807C00315000,1.03,1.06
1785951770.110,AAPL260807C00315000,1.03,1.06
1785951771.221,AAPL260807C00315000,1.03,1.05
1785951772.117,AAPL260807C00315000,1.03,1.05
1785951773.961,AAPL260807C00315000,1.03,1.05
1785951774.239,AAPL260807C00315000,1.03,1.05
1785951775.131,AAPL260807C00315000,1.03,1.05
1785951776.013,AAPL260807C00315000,1.03,1.05
1785951777.165,AAPL260807C00315000,1.03,1.05
1785951778.165,AAPL260807C00315000,1.03,1.05
1785951779.007,AAPL260807C00315000,1.03,1.05
1785951780.015,AAPL260807C00315000,1.03,1.05
1785951781.493,AAPL260807C00315000,1.04,1.05
1785951783.111,AAPL260807C00315000,1.04,1.05
1785951784.087,AAPL260807C00315000,1.04,1.06
1785951785.079,AAPL260807C00315000,1.04,1.06
1785951786.443,AAPL260807C00315000,1.04,1.06
1785951787.834,AAPL260807C00315000,1.03,1.06
1785951788.049,AAPL260807C00315000,1.03,1.06
1785951789.111,AAPL260807C00315000,1.03,1.06
1785951790.128,AAPL260807C00315000,1.03,1.06
1785951791.027,AAPL260807C00315000,1.02,1.06
1785951792.210,AAPL260807C00315000,1.01,1.06
1785951793.202,AAPL260807C00315000,1.02,1.06
1785951794.015,AAPL260807C00315000,1.02,1.06
1785951796.412,AAPL260807C00315000,1.02,1.06
1785951797.030,AAPL260807C00315000,1.02,1.06
1785951798.018,AAPL260807C00315000,1.0,1.05
1785951799.049,AAPL260807C00315000,1.0,1.02
1785951800.039,AAPL260807C00315000,1.0,1.02
1785951801.027,AAPL260807C00315000,1.0,1.02
1785951802.036,AAPL260807C00315000,1.0,1.02
1785951803.096,AAPL260807C00315000,1.0,1.02
1785951804.147,AAPL260807C00315000,1.0,1.02
1785951805.121,AAPL260807C00315000,1.01,1.02
1785951806.259,AAPL260807C00315000,1.0,1.01
1785951807.167,AAPL260807C00315000,1.0,1.02
1785951808.169,AAPL260807C00315000,1.0,1.02
1785951809.069,AAPL260807C00315000,1.0,1.02
1785951810.115,AAPL260807C00315000,1.0,1.02
1785951811.267,AAPL260807C00315000,1.0,1.01
1785951812.074,AAPL260807C00315000,1.0,1.01
1785951813.077,AAPL260807C00315000,0.99,1.01
1785951816.181,AAPL260807C00315000,0.99,1.01
1785951817.048,AAPL260807C00315000,0.99,1.01
1785951818.012,AAPL260807C00315000,0.99,1.02
1785951819.074,AAPL260807C00315000,1.01,1.02
1785951820.114,AAPL260807C00315000,1.0,1.02
1785951821.222,AAPL260807C00315000,1.0,1.02
1785951822.067,AAPL260807C00315000,1.0,1.02
1785951823.003,AAPL260807C00315000,1.0,1.02
1785951824.081,AAPL260807C00315000,1.0,1.02
1785951825.111,AAPL260807C00315000,1.0,1.02
1785951826.062,AAPL260807C00315000,1.0,1.02
1785951827.358,AAPL260807C00315000,1.0,1.02
1785951828.066,AAPL260807C00315000,1.0,1.02
1785951829.547,AAPL260807C00315000,1.0,1.02
1785951830.326,AAPL260807C00315000,1.0,1.02
1785951831.085,AAPL260807C00315000,1.0,1.02
1785951832.219,AAPL260807C00315000,1.0,1.03
1785951833.006,AAPL260807C00315000,1.0,1.03
1785951834.139,AAPL260807C00315000,1.0,1.03
1785951835.016,AAPL260807C00315000,1.0,1.03
1785951836.296,AAPL260807C00315000,1.0,1.03
1785951837.030,AAPL260807C00315000,1.0,1.05
1785951838.037,AAPL260807C00315000,1.0,1.05
1785951839.479,AAPL260807C00315000,1.0,1.05
1785951840.173,AAPL260807C00315000,1.0,1.05
1785951841.099,AAPL260807C00315000,1.0,1.06
1785951842.167,AAPL260807C00315000,1.0,1.06
1785951843.006,AAPL260807C00315000,1.0,1.06
1785951844.020,AAPL260807C00315000,1.0,1.06
1785951845.341,AAPL260807C00315000,1.0,1.06
1785951846.152,AAPL260807C00315000,1.0,1.06
1785951847.108,AAPL260807C00315000,1.0,1.06
1785951848.182,AAPL260807C00315000,1.0,1.06
1785951849.110,AAPL260807C00315000,1.0,1.06
1785951850.097,AAPL260807C00315000,1.0,1.06
1785951851.156,AAPL260807C00315000,1.0,1.06
1785951852.107,AAPL260807C00315000,1.0,1.06
1785951853.090,AAPL260807C00315000,1.02,1.06
1785951854.757,AAPL260807C00315000,1.02,1.06
1785951855.037,AAPL260807C00315000,1.02,1.06
1785951856.038,AAPL260807C00315000,1.02,1.06
1785951857.241,AAPL260807C00315000,1.02,1.06
1785951858.594,AAPL260807C00315000,1.02,1.06
1785951859.395,AAPL260807C00315000,1.02,1.06
1785951860.075,AAPL260807C00315000,1.02,1.06
1785951861.110,AAPL260807C00315000,1.02,1.06
1785951862.165,AAPL260807C00315000,1.02,1.06
1785951863.003,AAPL260807C00315000,1.02,1.06
1785951864.116,AAPL260807C00315000,1.02,1.06
1785951865.024,AAPL260807C00315000,1.02,1.06
1785951866.126,AAPL260807C00315000,1.02,1.06
1785951867.175,AAPL260807C00315000,1.03,1.06
1785951868.001,AAPL260807C00315000,1.03,1.06
1785951869.053,AAPL260807C00315000,1.03,1.07
1785951870.036,AAPL260807C00315000,1.03,1.07
1785951871.328,AAPL260807C00315000,1.03,1.07
1785951872.120,AAPL260807C00315000,1.03,1.07
1785951873.299,AAPL260807C00315000,1.03,1.07
1785951874.161,AAPL260807C00315000,1.03,1.07
1785951875.046,AAPL260807C00315000,1.03,1.07
1785951876.361,AAPL260807C00315000,1.03,1.07
1785951877.099,AAPL260807C00315000,1.03,1.07
1785951878.041,AAPL260807C00315000,1.03,1.07
1785951879.326,AAPL260807C00315000,1.03,1.07
1785951880.056,AAPL260807C00315000,1.03,1.07
1785951881.010,AAPL260807C00315000,1.03,1.07
1785951882.064,AAPL260807C00315000,1.03,1.07
1785951883.155,AAPL260807C00315000,1.03,1.05
1785951885.191,AAPL260807C00315000,1.03,1.05
1785951886.491,AAPL260807C00315000,1.03,1.06
1785951887.163,AAPL260807C00315000,1.03,1.06
1785951888.549,AAPL260807C00315000,1.03,1.06
1785951889.059,AAPL260807C00315000,1.03,1.06
1785951890.434,AAPL260807C00315000,1.03,1.06
1785951891.267,AAPL260807C00315000,1.03,1.06
1785951892.411,AAPL260807C00315000,1.03,1.06
1785951894.186,AAPL260807C00315000,1.05,1.06
1785951895.183,AAPL260807C00315000,1.05,1.06
1785951896.573,AAPL260807C00315000,1.05,1.06
1785951897.395,AAPL260807C00315000,1.05,1.06
1785951898.195,AAPL260807C00315000,1.03,1.05
1785951899.000,AAPL260807C00315000,1.03,1.05
1785951900.570,AAPL260807C00315000,1.03,1.05
1785951901.593,AAPL260807C00315000,1.03,1.05
1785951902.235,AAPL260807C00315000,1.03,1.05
1785951903.287,AAPL260807C00315000,1.03,1.05
1785951904.004,AAPL260807C00315000,1.03,1.05
1785951905.141,AAPL260807C00315000,1.03,1.05
1785951906.036,AAPL260807C00315000,1.02,1.05
1785951907.004,AAPL260807C00315000,1.02,1.04
1785951908.033,AAPL260807C00315000,1.02,1.04
1785951909.705,AAPL260807C00315000,1.02,1.04
1785951910.025,AAPL260807C00315000,1.01,1.04
1785951911.017,AAPL260807C00315000,1.0,1.04
1785951912.043,AAPL260807C00315000,1.0,1.04
1785951913.111,AAPL260807C00315000,1.0,1.04
1785951914.007,AAPL260807C00315000,1.0,1.04
1785951915.285,AAPL260807C00315000,1.0,1.04
1785951916.038,AAPL260807C00315000,1.0,1.04
1785951917.172,AAPL260807C00315000,1.0,1.04
1785951918.966,AAPL260807C00315000,1.0,1.04
1785951919.041,AAPL260807C00315000,1.0,1.04
1785951920.163,AAPL260807C00315000,1.0,1.04
1785951921.056,AAPL260807C00315000,1.0,1.04
1785951922.022,AAPL260807C00315000,1.0,1.04
1785951923.674,AAPL260807C00315000,0.99,1.04
1785951924.493,AAPL260807C00315000,0.99,1.04
1785951925.017,AAPL260807C00315000,0.99,1.04
1785951926.026,AAPL260807C00315000,1.02,1.04
1785951927.151,AAPL260807C00315000,0.99,1.02
1785951928.008,AAPL260807C00315000,0.99,1.02
1785951929.061,AAPL260807C00315000,0.99,1.02
1785951930.111,AAPL260807C00315000,0.99,1.03
1785951931.463,AAPL260807C00315000,0.99,1.03
1785951932.031,AAPL260807C00315000,0.99,1.04
1785951933.163,AAPL260807C00315000,0.99,1.04
1785951934.111,AAPL260807C00315000,0.99,1.04
1785951935.142,AAPL260807C00315000,0.99,1.04
1785951936.085,AAPL260807C00315000,1.02,1.04
1785951937.121,AAPL260807C00315000,1.02,1.04
1785951938.028,AAPL260807C00315000,1.02,1.04
1785951939.222,AAPL260807C00315000,1.02,1.04
1785951940.084,AAPL260807C00315000,1.02,1.04
1785951941.512,AAPL260807C00315000,1.02,1.04
1785951942.165,AAPL260807C00315000,1.02,1.04
1785951943.093,AAPL260807C00315000,1.02,1.04
1785951944.214,AAPL260807C00315000,1.02,1.04
1785951945.079,AAPL260807C00315000,1.02,1.04
1785951946.168,AAPL260807C00315000,1.02,1.04
1785951947.166,AAPL260807C00315000,1.02,1.04
1785951948.127,AAPL260807C00315000,1.0,1.02
1785951949.071,AAPL260807C00315000,1.0,1.02
1785951950.034,AAPL260807C00315000,1.0,1.02
1785951951.076,AAPL260807C00315000,1.0,1.02
1785951952.149,AAPL260807C00315000,1.0,1.02
1785951953.004,AAPL260807C00315000,1.0,1.02
1785951954.162,AAPL260807C00315000,1.0,1.02
1785951955.470,AAPL260807C00315000,1.0,1.02
1785951956.099,AAPL260807C00315000,1.0,1.02
1785951957.178,AAPL260807C00315000,1.0,1.02
1785951958.153,AAPL260807C00315000,1.0,1.03
1785951959.097,AAPL260807C00315000,1.0,1.03
1785951960.016,AAPL260807C00315000,1.0,1.03
1785951961.414,AAPL260807C00315000,1.0,1.03
1785951962.717,AAPL260807C00315000,1.0,1.03
1785951963.063,AAPL260807C00315000,1.0,1.03
1785951964.014,AAPL260807C00315000,1.0,1.03
1785951965.114,AAPL260807C00315000,1.0,1.03
1785951966.022,AAPL260807C00315000,1.0,1.03
1785951967.326,AAPL260807C00315000,1.0,1.03
1785951968.260,AAPL260807C00315000,1.0,1.03
1785951969.104,AAPL260807C00315000,1.0,1.03
1785951970.383,AAPL260807C00315000,1.0,1.03
1785951971.898,AAPL260807C00315000,1.0,1.03
1785951972.409,AAPL260807C00315000,1.0,1.03
1785951973.340,AAPL260807C00315000,1.0,1.03
1785951974.702,AAPL260807C00315000,1.0,1.03
1785951975.006,AAPL260807C00315000,1.0,1.03
1785951976.070,AAPL260807C00315000,1.0,1.03
1785951977.173,AAPL260807C00315000,1.0,1.03
1785951978.056,AAPL260807C00315000,1.02,1.09
1785951979.057,AAPL260807C00315000,1.02,1.09
1785951980.136,AAPL260807C00315000,1.02,1.09
1785951981.295,AAPL260807C00315000,1.02,1.09
1785951982.128,AAPL260807C00315000,1.02,1.09
1785951983.574,AAPL260807C00315000,1.02,1.09
1785951984.563,AAPL260807C00315000,1.02,1.09
1785951985.051,AAPL260807C00315000,1.02,1.09
1785951986.716,AAPL260807C00315000,1.02,1.09
1785951987.821,AAPL260807C00315000,1.02,1.09
1785951988.170,AAPL260807C00315000,1.02,1.09
1785951989.060,AAPL260807C00315000,1.02,1.09
1785951990.257,AAPL260807C00315000,1.02,1.09
1785951991.030,AAPL260807C00315000,1.02,1.09
1785951992.056,AAPL260807C00315000,1.02,1.09
1785951993.054,AAPL260807C00315000,1.02,1.09
1785952000.035,AAPL260807C00315000,1.02,1.09
1785952002.137,AAPL260807C00315000,1.02,1.09
1785952003.546,AAPL260807C00315000,1.02,1.09
1785952004.015,AAPL260807C00315000,1.02,1.09
1785952005.036,AAPL260807C00315000,1.02,1.09
1785952006.170,AAPL260807C00315000,1.02,1.09
1785952007.000,AAPL260807C00315000,1.02,1.05
1785952008.035,AAPL260807C00315000,1.02,1.05
1785952009.304,AAPL260807C00315000,1.02,1.05
1785952010.095,AAPL260807C00315000,1.02,1.05
1785952011.070,AAPL260807C00315000,1.02,1.05
1785952012.035,AAPL260807C00315000,1.02,1.05
1785952013.172,AAPL260807C00315000,1.02,1.05
1785952014.370,AAPL260807C00315000,1.02,1.05
1785952015.576,AAPL260807C00315000,1.02,1.05
1785952016.247,AAPL260807C00315000,1.02,1.05
1785952017.511,AAPL260807C00315000,1.02,1.05
1785952018.129,AAPL260807C00315000,1.02,1.05
1785952019.112,AAPL260807C00315000,1.02,1.05
1785952020.129,AAPL260807C00315000,1.02,1.04
1785952021.027,AAPL260807C00315000,1.02,1.04
1785952022.057,AAPL260807C00315000,1.02,1.04
1785952023.112,AAPL260807C00315000,1.02,1.05
1785952024.014,AAPL260807C00315000,1.02,1.05
1785952025.109,AAPL260807C00315000,1.01,1.05
1785952026.108,AAPL260807C00315000,1.0,1.05
1785952027.084,AAPL260807C00315000,1.0,1.05
1785952028.097,AAPL260807C00315000,1.0,1.05
1785952029.115,AAPL260807C00315000,1.0,1.05
1785952030.205,AAPL260807C00315000,1.0,1.02
1785952031.108,AAPL260807C00315000,1.0,1.02
1785952032.173,AAPL260807C00315000,1.0,1.02
1785952033.060,AAPL260807C00315000,1.0,1.02
1785952034.110,AAPL260807C00315000,1.0,1.02
1785952035.294,AAPL260807C00315000,1.0,1.02
1785952036.254,AAPL260807C00315000,1.01,1.02
1785952037.167,AAPL260807C00315000,1.0,1.02
1785952038.398,AAPL260807C00315000,1.0,1.02
1785952039.455,AAPL260807C00315000,1.0,1.02
1785952041.172,AAPL260807C00315000,1.0,1.02
1785952043.861,AAPL260807C00315000,1.0,1.02
1785952044.265,AAPL260807C00315000,1.0,1.02
1785952045.310,AAPL260807C00315000,1.0,1.02
1785952046.025,AAPL260807C00315000,1.0,1.02
1785952047.104,AAPL260807C00315000,1.0,1.02
1785952048.181,AAPL260807C00315000,1.0,1.02
1785952049.229,AAPL260807C00315000,1.0,1.02
1785952050.004,AAPL260807C00315000,0.99,1.02
1785952051.162,AAPL260807C00315000,0.99,1.02
1785952052.023,AAPL260807C00315000,0.99,1.02
1785952053.077,AAPL260807C00315000,0.98,1.02
1785952054.338,AAPL260807C00315000,0.98,1.02
1785952055.025,AAPL260807C00315000,0.98,1.01
1785952056.081,AAPL260807C00315000,0.97,1.01
1785952057.200,AAPL260807C00315000,0.98,1.01
1785952058.102,AAPL260807C00315000,0.98,1.01
1785952059.275,AAPL260807C00315000,0.97,1.01
1785952060.018,AAPL260807C00315000,0.97,1.01
1785952061.094,AAPL260807C00315000,0.97,1.01
1785952062.201,AAPL260807C00315000,0.97,1.01
1785952064.602,AAPL260807C00315000,0.97,1.01
1785952065.059,AAPL260807C00315000,0.97,1.01
1785952066.017,AAPL260807C00315000,0.97,1.01
1785952067.190,AAPL260807C00315000,0.96,1.01
1785952068.138,AAPL260807C00315000,0.96,1.01
1785952069.152,AAPL260807C00315000,0.96,1.01
1785952070.110,AAPL260807C00315000,0.96,1.01
1785952071.051,AAPL260807C00315000,0.96,1.01
1785952072.016,AAPL260807C00315000,0.96,0.98
1785952073.033,AAPL260807C00315000,0.96,1.01
1785952074.192,AAPL260807C00315000,0.96,1.01
1785952075.066,AAPL260807C00315000,0.96,1.01
1785952076.058,AAPL260807C00315000,0.96,1.01
1785952077.608,AAPL260807C00315000,0.96,1.01
1785952078.055,AAPL260807C00315000,0.96,1.01
1785952079.009,AAPL260807C00315000,0.96,1.01
1785952080.089,AAPL260807C00315000,0.96,1.01
1785952081.082,AAPL260807C00315000,0.96,0.99
1785952082.344,AAPL260807C00315000,0.96,0.99
1785952083.042,AAPL260807C00315000,0.96,0.99
1785952084.567,AAPL260807C00315000,0.96,0.99
1785952085.372,AAPL260807C00315000,0.96,0.99
1785952086.414,AAPL260807C00315000,0.96,0.99
1785952087.173,AAPL260807C00315000,0.96,0.99
1785952088.918,AAPL260807C00315000,0.96,0.99
1785952089.178,AAPL260807C00315000,0.96,0.99
1785952091.735,AAPL260807C00315000,0.96,0.99
1785952092.038,AAPL260807C00315000,0.96,0.97
1785952093.952,AAPL260807C00315000,0.96,0.97
1785952094.003,AAPL260807C00315000,0.97,0.99
1785952095.601,AAPL260807C00315000,0.97,0.99
1785952096.040,AAPL260807C00315000,0.97,0.99
1785952097.140,AAPL260807C00315000,0.96,0.99
1785952098.675,AAPL260807C00315000,0.96,0.99
1785952099.126,AAPL260807C00315000,0.96,0.99
1785952101.113,AAPL260807C00315000,0.96,0.99
1785952102.431,AAPL260807C00315000,0.96,0.99
1785952103.169,AAPL260807C00315000,0.96,0.99
1785952104.182,AAPL260807C00315000,0.96,0.99
1785952105.119,AAPL260807C00315000,0.95,0.96
1785952106.041,AAPL260807C00315000,0.95,0.96
1785952107.352,AAPL260807C00315000,0.95,0.96
1785952108.081,AAPL260807C00315000,0.95,0.96
1785952109.430,AAPL260807C00315000,0.95,0.96
1785952110.511,AAPL260807C00315000,0.95,0.96
1785952111.829,AAPL260807C00315000,0.95,0.96
1785952112.168,AAPL260807C00315000,0.95,0.96
1785952113.094,AAPL260807C00315000,0.95,0.96
1785952114.488,AAPL260807C00315000,0.95,0.96
1785952115.372,AAPL260807C00315000,0.95,0.96
1785952116.146,AAPL260807C00315000,0.94,0.96
1785952117.263,AAPL260807C00315000,0.94,0.96
1785952118.850,AAPL260807C00315000,0.94,0.96
1785952119.031,AAPL260807C00315000,0.94,0.96
1785952120.043,AAPL260807C00315000,0.94,0.95
1785952121.432,AAPL260807C00315000,0.94,0.95
1785952122.372,AAPL260807C00315000,0.94,0.95
1785952123.992,AAPL260807C00315000,0.94,0.95
1785952124.365,AAPL260807C00315000,0.94,0.95
1785952125.012,AAPL260807C00315000,0.93,0.95
1785952126.601,AAPL260807C00315000,0.93,0.95
1785952129.529,AAPL260807C00315000,0.93,0.94
1785952130.381,AAPL260807C00315000,0.93,0.95
1785952131.009,AAPL260807C00315000,0.93,0.95
1785952132.919,AAPL260807C00315000,0.93,0.95
1785952134.354,AAPL260807C00315000,0.93,0.96
1785952136.168,AAPL260807C00315000,0.94,0.96
1785952137.684,AAPL260807C00315000,0.94,0.96
1785952138.750,AAPL260807C00315000,0.94,0.96
1785952139.328,AAPL260807C00315000,0.94,0.96
1785952140.010,AAPL260807C00315000,0.94,0.96
1785952141.081,AAPL260807C00315000,0.94,0.96
1785952142.179,AAPL260807C00315000,0.94,0.96
1785952143.349,AAPL260807C00315000,0.93,0.96
1785952144.259,AAPL260807C00315000,0.93,0.96
1785952145.028,AAPL260807C00315000,0.93,0.96
1785952146.352,AAPL260807C00315000,0.93,0.96
1785952147.002,AAPL260807C00315000,0.93,0.96
1785952148.189,AAPL260807C00315000,0.93,0.96
1785952149.246,AAPL260807C00315000,0.93,0.95
1785952151.177,AAPL260807C00315000,0.93,0.95
1785952152.034,AAPL260807C00315000,0.93,0.95
1785952153.313,AAPL260807C00315000,0.93,0.95
1785952155.796,AAPL260807C00315000,0.95,0.96
1785952156.043,AAPL260807C00315000,0.95,0.96
1785952157.517,AAPL260807C00315000,0.95,0.96
1785952158.616,AAPL260807C00315000,0.95,0.96
1785952159.029,AAPL260807C00315000,0.95,0.96
1785952163.123,AAPL260807C00315000,0.95,0.96
1785952164.402,AAPL260807C00315000,0.95,0.96
1785952165.025,AAPL260807C00315000,0.95,0.96
1785952166.183,AAPL260807C00315000,0.95,0.96
1785952167.273,AAPL260807C00315000,0.95,0.96
1785952168.042,AAPL260807C00315000,0.94,0.96
1785952169.293,AAPL260807C00315000,0.94,0.96
1785952170.540,AAPL260807C00315000,0.94,0.96
1785952171.535,AAPL260807C00315000,0.94,0.96
1785952172.147,AAPL260807C00315000,0.94,0.96
1785952173.142,AAPL260807C00315000,0.95,0.96
1785952174.497,AAPL260807C00315000,0.94,0.95
1785952175.048,AAPL260807C00315000,0.94,0.95
1785952176.016,AAPL260807C00315000,0.94,0.96
1785952177.220,AAPL260807C00315000,0.94,0.96
1785952178.077,AAPL260807C00315000,0.94,0.96
1785952179.925,AAPL260807C00315000,0.94,0.96
1785952180.237,AAPL260807C00315000,0.94,0.96
1785952181.118,AAPL260807C00315000,0.94,0.96
1785952182.027,AAPL260807C00315000,0.94,0.96
1785952183.030,AAPL260807C00315000,0.94,0.96
1785952184.073,AAPL260807C00315000,0.94,0.96
1785952185.055,AAPL260807C00315000,0.94,0.96
1785952186.057,AAPL260807C00315000,0.94,0.96
1785952187.307,AAPL260807C00315000,0.94,0.96
1785952188.307,AAPL260807C00315000,0.94,0.96
1785952190.090,AAPL260807C00315000,0.94,0.96
1785952191.130,AAPL260807C00315000,0.94,0.96
1785952192.200,AAPL260807C00315000,0.94,0.96
1785952193.020,AAPL260807C00315000,0.94,0.96
1785952194.298,AAPL260807C00315000,0.95,0.97
1785952196.705,AAPL260807C00315000,0.95,0.97
1785952197.300,AAPL260807C00315000,0.95,0.97
1785952199.075,AAPL260807C00315000,0.95,0.97
1785952200.328,AAPL260807C00315000,0.95,0.97
1785952201.273,AAPL260807C00315000,0.95,0.97
1785952202.709,AAPL260807C00315000,0.95,0.97
1785952203.001,AAPL260807C00315000,0.95,0.98
1785952204.027,AAPL260807C00315000,0.95,0.98
1785952205.035,AAPL260807C00315000,0.95,0.98
1785952206.101,AAPL260807C00315000,0.95,0.98
1785952207.167,AAPL260807C00315000,0.95,0.98
1785952208.394,AAPL260807C00315000,0.95,0.98
1785952209.707,AAPL260807C00315000,0.95,0.98
1785952210.419,AAPL260807C00315000,0.95,0.98
1785952211.013,AAPL260807C00315000,0.95,0.98
1785952212.035,AAPL260807C00315000,0.95,0.98
1785952213.573,AAPL260807C00315000,0.95,0.98
1785952215.006,AAPL260807C00315000,0.95,0.98
1785952216.100,AAPL260807C00315000,0.95,0.98
1785952217.162,AAPL260807C00315000,0.95,0.98
1785952219.412,AAPL260807C00315000,0.95,0.98
1785952220.077,AAPL260807C00315000,0.95,0.98
1785952221.054,AAPL260807C00315000,0.95,0.98
1785952222.105,AAPL260807C00315000,0.95,0.98
1785952223.126,AAPL260807C00315000,0.95,0.98
1785952224.298,AAPL260807C00315000,0.95,0.98
1785952225.089,AAPL260807C00315000,0.95,0.98
1785952227.067,AAPL260807C00315000,0.95,0.98
1785952228.036,AAPL260807C00315000,0.95,0.98
1785952229.477,AAPL260807C00315000,0.95,0.98
1785952230.045,AAPL260807C00315000,0.95,0.97
1785952231.137,AAPL260807C00315000,0.95,0.97
1785952232.418,AAPL260807C00315000,0.95,0.97
1785952233.150,AAPL260807C00315000,0.95,0.97
1785952234.115,AAPL260807C00315000,0.95,0.97
1785952235.021,AAPL260807C00315000,0.95,0.97
1785952236.004,AAPL260807C00315000,0.95,0.97
1785952237.001,AAPL260807C00315000,0.95,0.97
1785952238.472,AAPL260807C00315000,0.95,0.97
1785952239.264,AAPL260807C00315000,0.95,0.97
1785952240.023,AAPL260807C00315000,0.95,0.97
1785952241.128,AAPL260807C00315000,0.94,0.97
1785952242.121,AAPL260807C00315000,0.94,0.97
1785952243.506,AAPL260807C00315000,0.94,0.97
1785952244.059,AAPL260807C00315000,0.94,0.97
1785952245.208,AAPL260807C00315000,0.94,0.97
1785952247.157,AAPL260807C00315000,0.95,0.97
1785952248.050,AAPL260807C00315000,0.95,0.97
1785952249.339,AAPL260807C00315000,0.95,0.97
1785952250.008,AAPL260807C00315000,0.95,0.97
1785952251.060,AAPL260807C00315000,0.95,0.97
1785952252.210,AAPL260807C00315000,0.95,0.97
1785952253.155,AAPL260807C00315000,0.95,0.97
1785952254.217,AAPL260807C00315000,0.94,0.96
1785952255.094,AAPL260807C00315000,0.94,0.96
1785952256.241,AAPL260807C00315000,0.94,0.96
1785952257.012,AAPL260807C00315000,0.94,0.96
1785952258.565,AAPL260807C00315000,0.94,0.96
1785952259.078,AAPL260807C00315000,0.94,0.96
1785952260.580,AAPL260807C00315000,0.94,0.95
1785952262.187,AAPL260807C00315000,0.94,0.95
1785952263.134,AAPL260807C00315000,0.94,0.95
1785952264.234,AAPL260807C00315000,0.94,0.95
1785952265.067,AAPL260807C00315000,0.94,0.95
1785952266.164,AAPL260807C00315000,0.93,0.96
1785952267.004,AAPL260807C00315000,0.93,0.96
1785952268.030,AAPL260807C00315000,0.93,0.96
1785952269.034,AAPL260807C00315000,0.93,0.96
1785952270.470,AAPL260807C00315000,0.93,0.96
1785952271.001,AAPL260807C00315000,0.93,0.97
1785952272.047,AAPL260807C00315000,0.93,0.97
1785952273.090,AAPL260807C00315000,0.93,0.97
1785952274.146,AAPL260807C00315000,0.93,0.97
1785952275.042,AAPL260807C00315000,0.93,0.97
1785952276.054,AAPL260807C00315000,0.93,0.97
1785952277.084,AAPL260807C00315000,0.93,0.96
1785952278.291,AAPL260807C00315000,0.93,0.96
1785952279.011,AAPL260807C00315000,0.93,0.96
1785952280.172,AAPL260807C00315000,0.93,0.96
1785952281.034,AAPL260807C00315000,0.93,0.96
1785952282.089,AAPL260807C00315000,0.93,0.96
1785952283.728,AAPL260807C00315000,0.93,0.96
1785952284.156,AAPL260807C00315000,0.93,0.96
1785952285.073,AAPL260807C00315000,0.93,0.95
1785952286.067,AAPL260807C00315000,0.94,0.95
1785952287.004,AAPL260807C00315000,0.94,0.95
1785952288.029,AAPL260807C00315000,0.95,0.96
1785952289.066,AAPL260807C00315000,0.94,0.96
1785952290.189,AAPL260807C00315000,0.94,0.96
1785952293.213,AAPL260807C00315000,0.94,0.95
1785952294.266,AAPL260807C00315000,0.94,0.95
1785952295.134,AAPL260807C00315000,0.94,0.95
1785952296.312,AAPL260807C00315000,0.94,0.95
1785952298.815,AAPL260807C00315000,0.94,0.95
1785952300.665,AAPL260807C00315000,0.94,0.95
1785952301.314,AAPL260807C00315000,0.94,0.95
1785952302.173,AAPL260807C00315000,0.94,0.95
1785952303.332,AAPL260807C00315000,0.94,0.95
1785952304.177,AAPL260807C00315000,0.94,0.95
1785952305.063,AAPL260807C00315000,0.94,0.95
1785952306.306,AAPL260807C00315000,0.94,0.95
1785952307.306,AAPL260807C00315000,0.94,0.95
1785952308.030,AAPL260807C00315000,0.94,0.96
1785952309.072,AAPL260807C00315000,0.94,0.96
1785952310.050,AAPL260807C00315000,0.94,0.97
1785952311.363,AAPL260807C00315000,0.94,0.97
1785952312.013,AAPL260807C00315000,0.94,0.97
1785952313.053,AAPL260807C00315000,0.94,0.97
1785952314.015,AAPL260807C00315000,0.95,0.97
1785952315.025,AAPL260807C00315000,0.95,0.97
1785952316.106,AAPL260807C00315000,0.95,0.97
1785952317.338,AAPL260807C00315000,0.94,0.97
1785952318.168,AAPL260807C00315000,0.94,0.97
1785952319.044,AAPL260807C00315000,0.94,0.97
1785952320.070,AAPL260807C00315000,0.94,0.97
1785952321.216,AAPL260807C00315000,0.94,0.97
1785952322.044,AAPL260807C00315000,0.94,0.97
1785952323.165,AAPL260807C00315000,0.94,0.97
1785952324.017,AAPL260807C00315000,0.94,0.97
1785952325.012,AAPL260807C00315000,0.94,0.97
1785952326.005,AAPL260807C00315000,0.93,0.97
1785952327.168,AAPL260807C00315000,0.93,0.97
1785952328.064,AAPL260807C00315000,0.93,0.97
1785952329.141,AAPL260807C00315000,0.93,0.97
1785952331.009,AAPL260807C00315000,0.93,0.97
1785952332.183,AAPL260807C00315000,0.93,0.97
1785952333.267,AAPL260807C00315000,0.93,0.97
1785952334.085,AAPL260807C00315000,0.93,0.97
1785952335.575,AAPL260807C00315000,0.93,0.97
1785952336.031,AAPL260807C00315000,0.93,0.97
1785952337.168,AAPL260807C00315000,0.93,0.97
1785952338.077,AAPL260807C00315000,0.93,0.97
1785952339.129,AAPL260807C00315000,0.93,0.97
1785952340.761,AAPL260807C00315000,0.93,0.97
1785952341.021,AAPL260807C00315000,0.93,0.97
1785952342.109,AAPL260807C00315000,0.93,0.97
1785952343.599,AAPL260807C00315000,0.93,0.97
1785952344.030,AAPL260807C00315000,0.92,0.97
1785952345.077,AAPL260807C00315000,0.92,0.95
1785952346.037,AAPL260807C00315000,0.92,0.95
1785952347.063,AAPL260807C00315000,0.91,0.95
1785952348.524,AAPL260807C00315000,0.91,0.95
1785952349.065,AAPL260807C00315000,0.91,0.95
1785952351.214,AAPL260807C00315000,0.91,0.93
1785952352.139,AAPL260807C00315000,0.91,0.93
1785952353.166,AAPL260807C00315000,0.91,0.93
1785952355.495,AAPL260807C00315000,0.91,0.93
1785952356.181,AAPL260807C00315000,0.92,0.95
1785952357.168,AAPL260807C00315000,0.92,0.95
1785952358.086,AAPL260807C00315000,0.92,0.95
1785952359.260,AAPL260807C00315000,0.92,0.95
1785952360.130,AAPL260807C00315000,0.92,0.95
1785952361.240,AAPL260807C00315000,0.92,0.95
1785952362.010,AAPL260807C00315000,0.92,0.95
1785952363.180,AAPL260807C00315000,0.92,0.95
1785952364.428,AAPL260807C00315000,0.92,0.95
1785952365.041,AAPL260807C00315000,0.93,0.96
1785952366.148,AAPL260807C00315000,0.93,0.96
1785952367.218,AAPL260807C00315000,0.93,0.96
1785952368.374,AAPL260807C00315000,0.93,0.96
1785952369.194,AAPL260807C00315000,0.93,0.96
1785952370.063,AAPL260807C00315000,0.93,0.96
1785952371.122,AAPL260807C00315000,0.93,0.96
1785952372.139,AAPL260807C00315000,0.93,0.96
1785952373.162,AAPL260807C00315000,0.93,0.96
1785952374.000,AAPL260807C00315000,0.93,0.96
1785952375.181,AAPL260807C00315000,0.93,0.96
1785952376.065,AAPL260807C00315000,0.93,0.96
1785952377.049,AAPL260807C00315000,0.93,0.96
1785952378.413,AAPL260807C00315000,0.93,0.96
1785952379.190,AAPL260807C00315000,0.93,0.96
1785952380.317,AAPL260807C00315000,0.93,0.96
1785952381.418,AAPL260807C00315000,0.93,0.96
1785952382.303,AAPL260807C00315000,0.93,0.96
1785952384.290,AAPL260807C00315000,0.93,0.96
1785952387.426,AAPL260807C00315000,0.93,0.96
1785952388.201,AAPL260807C00315000,0.93,0.96
1785952389.189,AAPL260807C00315000,0.92,0.96
1785952390.085,AAPL260807C00315000,0.92,0.96
1785952391.013,AAPL260807C00315000,0.92,0.96
1785952392.123,AAPL260807C00315000,0.92,0.96
1785952393.905,AAPL260807C00315000,0.92,0.96
1785952394.010,AAPL260807C00315000,0.92,0.96
1785952398.979,AAPL260807C00315000,0.92,0.96
1785952399.030,AAPL260807C00315000,0.92,0.95
1785952401.093,AAPL260807C00315000,0.92,0.95
1785952402.921,AAPL260807C00315000,0.92,0.95
1785952403.490,AAPL260807C00315000,0.92,0.95
1785952405.401,AAPL260807C00315000,0.92,0.95
1785952406.263,AAPL260807C00315000,0.92,0.95
1785952407.164,AAPL260807C00315000,0.92,0.95
1785952408.108,AAPL260807C00315000,0.92,0.95
1785952409.100,AAPL260807C00315000,0.92,0.93
1785952410.167,AAPL260807C00315000,0.92,0.93
1785952411.003,AAPL260807C00315000,0.93,0.95
1785952412.030,AAPL260807C00315000,0.93,0.94
1785952413.673,AAPL260807C00315000,0.93,0.94
1785952414.036,AAPL260807C00315000,0.94,0.96
1785952415.646,AAPL260807C00315000,0.94,0.96
1785952416.661,AAPL260807C00315000,0.94,0.96
1785952417.462,AAPL260807C00315000,0.94,0.96
1785952419.199,AAPL260807C00315000,0.94,0.96
1785952420.146,AAPL260807C00315000,0.94,0.96
1785952421.696,AAPL260807C00315000,0.94,0.96
1785952422.169,AAPL260807C00315000,0.94,0.96
1785952423.115,AAPL260807C00315000,0.94,0.96
1785952424.275,AAPL260807C00315000,0.94,0.96
1785952425.312,AAPL260807C00315000,0.94,0.96
1785952426.012,AAPL260807C00315000,0.93,0.96
1785952427.416,AAPL260807C00315000,0.93,0.96
1785952428.324,AAPL260807C00315000,0.93,0.96
1785952429.212,AAPL260807C00315000,0.93,0.96
1785952430.165,AAPL260807C00315000,0.93,0.96
1785952431.168,AAPL260807C00315000,0.93,0.96
1785952432.053,AAPL260807C00315000,0.94,0.96
1785952433.284,AAPL260807C00315000,0.94,0.96
1785952434.156,AAPL260807C00315000,0.94,0.97
1785952435.676,AAPL260807C00315000,0.94,0.97
1785952436.077,AAPL260807C00315000,0.94,0.97
1785952437.335,AAPL260807C00315000,0.94,0.97
1785952438.040,AAPL260807C00315000,0.94,0.97
1785952439.833,AAPL260807C00315000,0.94,0.97
1785952440.171,AAPL260807C00315000,0.94,0.97
1785952441.292,AAPL260807C00315000,0.94,0.97
1785952442.279,AAPL260807C00315000,0.94,0.97
1785952443.167,AAPL260807C00315000,0.94,0.97
1785952444.022,AAPL260807C00315000,0.94,0.97
1785952445.412,AAPL260807C00315000,0.94,0.97
1785952446.588,AAPL260807C00315000,0.94,0.97
1785952447.166,AAPL260807C00315000,0.94,0.97
1785952448.209,AAPL260807C00315000,0.94,0.97
1785952449.453,AAPL260807C00315000,0.94,0.97
1785952450.168,AAPL260807C00315000,0.94,0.97
1785952451.057,AAPL260807C00315000,0.94,0.97
1785952452.122,AAPL260807C00315000,0.94,0.97
1785952453.166,AAPL260807C00315000,0.94,0.97
1785952454.023,AAPL260807C00315000,0.94,0.97
1785952457.688,AAPL260807C00315000,0.94,0.97
1785952458.037,AAPL260807C00315000,0.94,0.97
1785952459.058,AAPL260807C00315000,0.94,0.97
1785952460.276,AAPL260807C00315000,0.94,0.97
1785952461.320,AAPL260807C00315000,0.94,0.97
1785952462.166,AAPL260807C00315000,0.94,0.97
1785952463.324,AAPL260807C00315000,0.94,0.97
1785952464.108,AAPL260807C00315000,0.94,0.97
1785952465.422,AAPL260807C00315000,0.94,0.97
1785952466.308,AAPL260807C00315000,0.94,0.97
1785952467.945,AAPL260807C00315000,0.94,0.97
1785952468.369,AAPL260807C00315000,0.94,0.97
1785952469.480,AAPL260807C00315000,0.94,0.97
1785952470.063,AAPL260807C00315000,0.94,0.97
1785952471.065,AAPL260807C00315000,0.94,0.97
1785952472.171,AAPL260807C00315000,0.94,0.97
1785952473.725,AAPL260807C00315000,0.94,0.97
1785952474.038,AAPL260807C00315000,0.94,0.97
1785952475.170,AAPL260807C00315000,0.94,0.97
1785952476.046,AAPL260807C00315000,0.95,0.97
1785952478.363,AAPL260807C00315000,0.95,0.97
1785952480.591,AAPL260807C00315000,0.95,0.97
1785952481.873,AAPL260807C00315000,0.95,0.96
1785952482.873,AAPL260807C00315000,0.95,0.96
1785952483.062,AAPL260807C00315000,0.95,0.96
1785952484.063,AAPL260807C00315000,0.95,0.96
1785952486.860,AAPL260807C00315000,0.95,0.96
1785952487.041,AAPL260807C00315000,0.95,0.96
1785952488.296,AAPL260807C00315000,0.95,0.97
1785952489.363,AAPL260807C00315000,0.95,0.97
1785952490.923,AAPL260807C00315000,0.95,0.97
1785952491.166,AAPL260807C00315000,0.95,0.97
1785952492.362,AAPL260807C00315000,0.95,0.97
1785952493.250,AAPL260807C00315000,0.95,0.97
1785952494.015,AAPL260807C00315000,0.95,0.97
1785952495.181,AAPL260807C00315000,0.95,0.97
1785952496.120,AAPL260807C00315000,0.96,0.97
1785952497.281,AAPL260807C00315000,0.96,0.97
1785952498.773,AAPL260807C00315000,0.96,0.97
1785952499.408,AAPL260807C00315000,0.96,0.98
1785952500.016,AAPL260807C00315000,0.96,0.98
1785952501.081,AAPL260807C00315000,0.96,0.98
1785952502.369,AAPL260807C00315000,0.95,0.97
1785952503.035,AAPL260807C00315000,0.95,0.97
1785952504.347,AAPL260807C00315000,0.95,0.98
1785952505.079,AAPL260807C00315000,0.95,0.98
1785952506.505,AAPL260807C00315000,0.95,0.98
1785952507.064,AAPL260807C00315000,0.95,0.98
1785952508.188,AAPL260807C00315000,0.95,0.98
1785952509.189,AAPL260807C00315000,0.95,0.98
1785952510.164,AAPL260807C00315000,0.95,0.98
1785952511.164,AAPL260807C00315000,0.95,0.98
1785952512.159,AAPL260807C00315000,0.95,0.98
1785952513.351,AAPL260807C00315000,0.95,0.98
1785952514.406,AAPL260807C00315000,0.95,0.98
1785952515.167,AAPL260807C00315000,0.95,0.98
1785952516.167,AAPL260807C00315000,0.95,0.98
1785952517.368,AAPL260807C00315000,0.95,0.98
1785952518.056,AAPL260807C00315000,0.95,0.98
1785952519.103,AAPL260807C00315000,0.95,0.98
1785952520.017,AAPL260807C00315000,0.95,0.97
1785952521.243,AAPL260807C00315000,0.95,0.97
1785952522.245,AAPL260807C00315000,0.95,0.98
1785952523.089,AAPL260807C00315000,0.95,0.98
1785952524.080,AAPL260807C00315000,0.95,0.98
1785952525.066,AAPL260807C00315000,0.95,0.98
1785952526.031,AAPL260807C00315000,0.95,0.98
1785952527.314,AAPL260807C00315000,0.95,0.98
1785952528.055,AAPL260807C00315000,0.95,0.98
1785952529.067,AAPL260807C00315000,0.95,0.98
1785952530.283,AAPL260807C00315000,0.95,0.97
1785952531.320,AAPL260807C00315000,0.95,0.97
1785952532.179,AAPL260807C00315000,0.95,0.97
1785952533.634,AAPL260807C00315000,0.95,0.97
1785952534.033,AAPL260807C00315000,0.95,0.97
1785952535.536,AAPL260807C00315000,0.95,0.98
1785952536.097,AAPL260807C00315000,0.95,0.98
1785952537.384,AAPL260807C00315000,0.95,0.98
1785952538.165,AAPL260807C00315000,0.95,0.98
1785952539.162,AAPL260807C00315000,0.95,0.98
1785952540.127,AAPL260807C00315000,0.96,0.98
1785952541.202,AAPL260807C00315000,0.96,0.98
1785952543.788,AAPL260807C00315000,0.96,0.98
1785952544.167,AAPL260807C00315000,0.96,0.98
1785952546.555,AAPL260807C00315000,0.96,0.98
1785952547.873,AAPL260807C00315000,0.96,0.98
1785952548.230,AAPL260807C00315000,0.96,0.98
1785952549.002,AAPL260807C00315000,0.96,0.98
1785952550.026,AAPL260807C00315000,0.96,0.98
1785952551.092,AAPL260807C00315000,0.96,0.98
1785952552.168,AAPL260807C00315000,0.96,0.98
1785952557.078,AAPL260807C00315000,0.96,0.98
1785952558.157,AAPL260807C00315000,0.96,0.98
1785952559.398,AAPL260807C00315000,0.97,0.98
1785952560.053,AAPL260807C00315000,0.97,0.98
1785952561.024,AAPL260807C00315000,0.97,0.98
1785952562.025,AAPL260807C00315000,0.97,0.98
1785952563.525,AAPL260807C00315000,0.97,0.98
1785952565.184,AAPL260807C00315000,0.97,0.98
1785952566.085,AAPL260807C00315000,0.97,0.99
1785952567.381,AAPL260807C00315000,0.97,0.99
1785952568.092,AAPL260807C00315000,0.97,0.99
1785952569.043,AAPL260807C00315000,0.97,0.99
1785952570.014,AAPL260807C00315000,0.97,0.99
1785952571.095,AAPL260807C00315000,0.97,0.99
1785952572.307,AAPL260807C00315000,0.97,0.99
1785952573.642,AAPL260807C00315000,0.97,0.99
1785952574.323,AAPL260807C00315000,0.97,0.99
1785952575.480,AAPL260807C00315000,0.97,0.99
1785952576.023,AAPL260807C00315000,0.97,0.99
1785952578.045,AAPL260807C00315000,0.97,0.99
1785952579.561,AAPL260807C00315000,0.97,0.99
1785952580.253,AAPL260807C00315000,0.97,0.99
1785952581.150,AAPL260807C00315000,0.97,0.99
1785952582.171,AAPL260807C00315000,0.97,0.99
1785952583.421,AAPL260807C00315000,0.97,0.99
1785952584.047,AAPL260807C00315000,0.97,0.99
1785952585.500,AAPL260807C00315000,0.97,0.99
1785952586.005,AAPL260807C00315000,0.97,0.99
1785952590.170,AAPL260807C00315000,0.97,0.99
1785952591.103,AAPL260807C00315000,0.97,0.99
1785952592.875,AAPL260807C00315000,0.97,0.99
1785952593.091,AAPL260807C00315000,0.97,0.99
1785952594.234,AAPL260807C00315000,0.97,0.99
1785952595.153,AAPL260807C00315000,0.97,0.99
1785952597.989,AAPL260807C00315000,0.97,0.99
1785952598.003,AAPL260807C00315000,0.97,0.99
1785952599.910,AAPL260807C00315000,0.97,0.99
1785952600.264,AAPL260807C00315000,0.97,0.99
1785952601.043,AAPL260807C00315000,0.97,0.99
1785952602.050,AAPL260807C00315000,0.97,0.99
1785952603.143,AAPL260807C00315000,0.97,0.99
1785952605.335,AAPL260807C00315000,0.97,0.99
1785952606.048,AAPL260807C00315000,0.97,0.99
1785952607.101,AAPL260807C00315000,0.97,0.99
1785952608.202,AAPL260807C00315000,0.97,0.99
1785952609.613,AAPL260807C00315000,0.97,0.99
1785952610.048,AAPL260807C00315000,0.97,0.99
1785952611.167,AAPL260807C00315000,0.97,0.99
1785952612.157,AAPL260807C00315000,0.97,0.99
1785952613.158,AAPL260807C00315000,0.97,0.99
1785952614.110,AAPL260807C00315000,0.97,0.99
1785952615.014,AAPL260807C00315000,0.97,0.99
1785952616.013,AAPL260807C00315000,0.97,0.99
1785952617.191,AAPL260807C00315000,0.97,0.99
1785952618.446,AAPL260807C00315000,0.97,0.99
1785952619.004,AAPL260807C00315000,0.97,0.99
1785952620.114,AAPL260807C00315000,0.97,0.99
1785952621.312,AAPL260807C00315000,0.97,0.99
1785952622.739,AAPL260807C00315000,0.97,0.99
1785952623.065,AAPL260807C00315000,0.97,0.99
1785952624.262,AAPL260807C00315000,0.97,0.99
1785952625.116,AAPL260807C00315000,0.97,0.99
1785952626.216,AAPL260807C00315000,0.96,0.99
1785952627.153,AAPL260807C00315000,0.96,0.99
1785952628.035,AAPL260807C00315000,0.96,0.99
1785952629.027,AAPL260807C00315000,0.96,0.99
1785952630.435,AAPL260807C00315000,0.96,0.99
1785952631.034,AAPL260807C00315000,0.96,0.99
1785952632.055,AAPL260807C00315000,0.96,0.99
1785952633.553,AAPL260807C00315000,0.95,0.97
1785952634.083,AAPL260807C00315000,0.95,0.97
1785952635.497,AAPL260807C00315000,0.95,0.97
1785952636.017,AAPL260807C00315000,0.94,0.96
1785952637.230,AAPL260807C00315000,0.94,0.96
1785952639.016,AAPL260807C00315000,0.94,0.96
1785952640.062,AAPL260807C00315000,0.94,0.96
1785952641.364,AAPL260807C00315000,0.94,0.96
1785952642.101,AAPL260807C00315000,0.94,0.96
1785952644.163,AAPL260807C00315000,0.94,0.96
1785952645.115,AAPL260807C00315000,0.94,0.96
1785952646.366,AAPL260807C00315000,0.94,0.96
1785952647.630,AAPL260807C00315000,0.94,0.96
1785952648.015,AAPL260807C00315000,0.93,0.96
1785952649.079,AAPL260807C00315000,0.93,0.96
1785952650.097,AAPL260807C00315000,0.93,0.96
1785952651.360,AAPL260807C00315000,0.93,0.96
1785952652.583,AAPL260807C00315000,0.93,0.96
1785952653.118,AAPL260807C00315000,0.93,0.96
1785952654.109,AAPL260807C00315000,0.93,0.96
1785952655.173,AAPL260807C00315000,0.93,0.96
1785952656.704,AAPL260807C00315000,0.93,0.96
1785952657.015,AAPL260807C00315000,0.93,0.96
1785952658.259,AAPL260807C00315000,0.93,0.96
1785952659.223,AAPL260807C00315000,0.93,0.96
1785952660.170,AAPL260807C00315000,0.93,0.96
1785952661.020,AAPL260807C00315000,0.93,0.96
1785952662.024,AAPL260807C00315000,0.92,0.96
1785952663.093,AAPL260807C00315000,0.92,0.96
1785952664.013,AAPL260807C00315000,0.92,0.96
1785952665.016,AAPL260807C00315000,0.92,0.96
1785952666.008,AAPL260807C00315000,0.92,0.96
1785952668.239,AAPL260807C00315000,0.92,0.96
1785952669.918,AAPL260807C00315000,0.92,0.96
1785952670.165,AAPL260807C00315000,0.92,0.96
1785952671.230,AAPL260807C00315000,0.92,0.96
1785952672.341,AAPL260807C00315000,0.92,0.96
1785952673.383,AAPL260807C00315000,0.92,0.96
1785952674.018,AAPL260807C00315000,0.91,0.96
1785952675.003,AAPL260807C00315000,0.9,0.96
1785952676.168,AAPL260807C00315000,0.9,0.96
1785952677.090,AAPL260807C00315000,0.9,0.96
1785952678.110,AAPL260807C00315000,0.9,0.96
1785952679.372,AAPL260807C00315000,0.9,0.96
1785952680.164,AAPL260807C00315000,0.9,0.96
1785952681.681,AAPL260807C00315000,0.9,0.96
1785952683.300,AAPL260807C00315000,0.9,0.96
1785952684.112,AAPL260807C00315000,0.9,0.96
1785952685.029,AAPL260807C00315000,0.9,0.96
1785952686.667,AAPL260807C00315000,0.9,0.96
1785952687.044,AAPL260807C00315000,0.9,0.96
1785952688.032,AAPL260807C00315000,0.9,0.96
1785952689.110,AAPL260807C00315000,0.9,0.96
1785952690.014,AAPL260807C00315000,0.9,0.91
1785952693.314,AAPL260807C00315000,0.9,0.91
1785952694.307,AAPL260807C00315000,0.9,0.91
1785952695.356,AAPL260807C00315000,0.9,0.91
1785952696.567,AAPL260807C00315000,0.89,0.9
1785952699.268,AAPL260807C00315000,0.89,0.9
1785952700.121,AAPL260807C00315000,0.89,0.91
1785952701.053,AAPL260807C00315000,0.88,0.91
1785952702.009,AAPL260807C00315000,0.88,0.91
1785952703.215,AAPL260807C00315000,0.88,0.91
1785952704.172,AAPL260807C00315000,0.88,0.91
1785952705.002,AAPL260807C00315000,0.88,0.91
1785952706.215,AAPL260807C00315000,0.88,0.91
1785952707.659,AAPL260807C00315000,0.88,0.91
1785952709.137,AAPL260807C00315000,0.88,0.9
1785952711.169,AAPL260807C00315000,0.88,0.9
1785952712.104,AAPL260807C00315000,0.88,0.9
1785952713.457,AAPL260807C00315000,0.89,0.9
1785952714.234,AAPL260807C00315000,0.89,0.9
1785952715.110,AAPL260807C00315000,0.89,0.9
1785952716.113,AAPL260807C00315000,0.89,0.9
1785952717.026,AAPL260807C00315000,0.89,0.91
1785952718.114,AAPL260807C00315000,0.89,0.91
1785952719.172,AAPL260807C00315000,0.89,0.91
1785952720.862,AAPL260807C00315000,0.89,0.91
1785952721.064,AAPL260807C00315000,0.89,0.91
1785952722.166,AAPL260807C00315000,0.89,0.91
1785952723.168,AAPL260807C00315000,0.89,0.91
1785952724.659,AAPL260807C00315000,0.89,0.91
1785952725.166,AAPL260807C00315000,0.89,0.91
1785952726.720,AAPL260807C00315000,0.89,0.91
1785952727.186,AAPL260807C00315000,0.89,0.91
1785952730.667,AAPL260807C00315000,0.89,0.91
1785952731.373,AAPL260807C00315000,0.89,0.91
1785952732.027,AAPL260807C00315000,0.89,0.91
1785952733.206,AAPL260807C00315000,0.89,0.91
1785952734.083,AAPL260807C00315000,0.89,0.91
1785952735.110,AAPL260807C00315000,0.88,0.91
1785952736.035,AAPL260807C00315000,0.88,0.91
1785952737.059,AAPL260807C00315000,0.88,0.91
1785952738.523,AAPL260807C00315000,0.88,0.91
1785952739.640,AAPL260807C00315000,0.88,0.91
1785952740.076,AAPL260807C00315000,0.88,0.91
1785952741.016,AAPL260807C00315000,0.88,0.91
1785952742.134,AAPL260807C00315000,0.88,0.91
1785952743.169,AAPL260807C00315000,0.88,0.91
1785952744.316,AAPL260807C00315000,0.88,0.91
1785952745.278,AAPL260807C00315000,0.88,0.91
1785952746.142,AAPL260807C00315000,0.88,0.91
1785952747.047,AAPL260807C00315000,0.88,0.91
1785952748.041,AAPL260807C00315000,0.88,0.91
1785952749.051,AAPL260807C00315000,0.88,0.91
1785952750.201,AAPL260807C00315000,0.88,0.91
1785952751.091,AAPL260807C00315000,0.88,0.91
1785952752.052,AAPL260807C00315000,0.88,0.91
1785952753.069,AAPL260807C00315000,0.88,0.91
1785952754.128,AAPL260807C00315000,0.88,0.91
1785952755.168,AAPL260807C00315000,0.88,0.91
1785952756.707,AAPL260807C00315000,0.88,0.91
1785952757.047,AAPL260807C00315000,0.88,0.91
1785952758.006,AAPL260807C00315000,0.88,0.91
1785952759.028,AAPL260807C00315000,0.88,0.91
1785952760.338,AAPL260807C00315000,0.88,0.91
1785952761.997,AAPL260807C00315000,0.88,0.91
1785952762.030,AAPL260807C00315000,0.88,0.91
1785952763.456,AAPL260807C00315000,0.88,0.91
1785952764.596,AAPL260807C00315000,0.88,0.91
1785952765.093,AAPL260807C00315000,0.88,0.91
1785952767.995,AAPL260807C00315000,0.88,0.91
1785952768.002,AAPL260807C00315000,0.88,0.91
1785952769.009,AAPL260807C00315000,0.88,0.91
1785952770.035,AAPL260807C00315000,0.88,0.91
1785952771.356,AAPL260807C00315000,0.88,0.91
1785952772.768,AAPL260807C00315000,0.88,0.91
1785952773.735,AAPL260807C00315000,0.88,0.91
1785952774.394,AAPL260807C00315000,0.88,0.91
1785952775.055,AAPL260807C00315000,0.88,0.91
1785952776.111,AAPL260807C00315000,0.88,0.91
1785952777.018,AAPL260807C00315000,0.88,0.91
1785952779.006,AAPL260807C00315000,0.88,0.91
1785952780.100,AAPL260807C00315000,0.88,0.91
1785952781.013,AAPL260807C00315000,0.88,0.91
1785952782.177,AAPL260807C00315000,0.88,0.91
1785952783.152,AAPL260807C00315000,0.88,0.91
1785952784.202,AAPL260807C00315000,0.89,0.91
1785952785.003,AAPL260807C00315000,0.89,0.91
1785952786.097,AAPL260807C00315000,0.89,0.91
1785952788.242,AAPL260807C00315000,0.89,0.91
1785952790.090,AAPL260807C00315000,0.89,0.91
1785952791.000,AAPL260807C00315000,0.89,0.95
1785952792.012,AAPL260807C00315000,0.89,0.95
1785952793.005,AAPL260807C00315000,0.9,0.95
1785952794.500,AAPL260807C00315000,0.89,0.95
1785952795.049,AAPL260807C00315000,0.89,0.95
1785952796.599,AAPL260807C00315000,0.89,0.95
1785952797.308,AAPL260807C00315000,0.89,0.95
1785952798.012,AAPL260807C00315000,0.89,0.95
1785952799.012,AAPL260807C00315000,0.89,0.95
1785952802.218,AAPL260807C00315000,0.89,0.95
1785952803.009,AAPL260807C00315000,0.89,0.95
1785952804.098,AAPL260807C00315000,0.89,0.95
1785952805.132,AAPL260807C00315000,0.89,0.95
1785952806.114,AAPL260807C00315000,0.89,0.95
1785952807.164,AAPL260807C00315000,0.89,0.95
1785952808.014,AAPL260807C00315000,0.89,0.95
1785952809.099,AAPL260807C00315000,0.89,0.95
1785952810.019,AAPL260807C00315000,0.89,0.95
1785952811.012,AAPL260807C00315000,0.89,0.93
1785952813.046,AAPL260807C00315000,0.89,0.93
1785952814.182,AAPL260807C00315000,0.89,0.93
1785952815.352,AAPL260807C00315000,0.89,0.93
1785952817.168,AAPL260807C00315000,0.89,0.93
1785952819.708,AAPL260807C00315000,0.89,0.93
1785952820.062,AAPL260807C00315000,0.89,0.93
1785952821.095,AAPL260807C00315000,0.89,0.93
1785952822.491,AAPL260807C00315000,0.89,0.93
1785952823.176,AAPL260807C00315000,0.89,0.93
1785952824.021,AAPL260807C00315000,0.89,0.93
1785952825.300,AAPL260807C00315000,0.89,0.93
1785952826.170,AAPL260807C00315000,0.89,0.93
1785952827.714,AAPL260807C00315000,0.89,0.93
1785952828.070,AAPL260807C00315000,0.89,0.93
1785952829.187,AAPL260807C00315000,0.89,0.93
1785952830.356,AAPL260807C00315000,0.89,0.93
1785952831.138,AAPL260807C00315000,0.89,0.93
1785952832.407,AAPL260807C00315000,0.9,0.93
1785952833.026,AAPL260807C00315000,0.9,0.93
1785952834.142,AAPL260807C00315000,0.9,0.93
1785952835.162,AAPL260807C00315000,0.9,0.93
1785952836.111,AAPL260807C00315000,0.9,0.93
1785952837.171,AAPL260807C00315000,0.9,0.93
1785952838.033,AAPL260807C00315000,0.9,0.93
1785952839.112,AAPL260807C00315000,0.9,0.93
1785952840.538,AAPL260807C00315000,0.9,0.93
1785952841.011,AAPL260807C00315000,0.9,0.93
1785952842.085,AAPL260807C00315000,0.9,0.93
1785952843.089,AAPL260807C00315000,0.91,0.93
1785952844.122,AAPL260807C00315000,0.91,0.93
1785952845.019,AAPL260807C00315000,0.91,0.93
1785952846.344,AAPL260807C00315000,0.91,0.93
1785952847.579,AAPL260807C00315000,0.9,0.93
1785952848.169,AAPL260807C00315000,0.9,0.93
1785952849.136,AAPL260807C00315000,0.9,0.93
1785952850.119,AAPL260807C00315000,0.9,0.93
1785952851.163,AAPL260807C00315000,0.9,0.93
1785952852.044,AAPL260807C00315000,0.9,0.93
1785952853.034,AAPL260807C00315000,0.9,0.93
1785952855.166,AAPL260807C00315000,0.9,0.93
1785952856.495,AAPL260807C00315000,0.9,0.93
1785952857.057,AAPL260807C00315000,0.9,0.93
1785952858.236,AAPL260807C00315000,0.9,0.93
1785952860.612,AAPL260807C00315000,0.9,0.92
1785952861.058,AAPL260807C00315000,0.9,0.92
1785952862.015,AAPL260807C00315000,0.9,0.92
1785952863.114,AAPL260807C00315000,0.9,0.92
1785952864.119,AAPL260807C00315000,0.9,0.92
1785952865.359,AAPL260807C00315000,0.9,0.92
1785952866.110,AAPL260807C00315000,0.9,0.92
1785952867.497,AAPL260807C00315000,0.9,0.92
1785952868.059,AAPL260807C00315000,0.9,0.92
1785952869.078,AAPL260807C00315000,0.9,0.92
1785952870.072,AAPL260807C00315000,0.9,0.92
1785952871.063,AAPL260807C00315000,0.9,0.93
1785952872.639,AAPL260807C00315000,0.9,0.93
1785952873.044,AAPL260807C00315000,0.9,0.93
1785952874.575,AAPL260807C00315000,0.9,0.92
1785952875.168,AAPL260807C00315000,0.9,0.92
1785952876.097,AAPL260807C00315000,0.9,0.92
1785952877.678,AAPL260807C00315000,0.9,0.92
1785952878.095,AAPL260807C00315000,0.9,0.92
1785952879.291,AAPL260807C00315000,0.9,0.92
1785952880.537,AAPL260807C00315000,0.9,0.92
1785952881.026,AAPL260807C00315000,0.9,0.92
1785952882.003,AAPL260807C00315000,0.9,0.92
1785952883.204,AAPL260807C00315000,0.9,0.92
1785952884.087,AAPL260807C00315000,0.9,0.92
1785952885.344,AAPL260807C00315000,0.9,0.93
1785952886.110,AAPL260807C00315000,0.91,0.93
1785952887.160,AAPL260807C00315000,0.91,0.93
1785952889.944,AAPL260807C00315000,0.91,0.93
1785952890.168,AAPL260807C00315000,0.91,0.93
1785952891.184,AAPL260807C00315000,0.91,0.93
1785952892.637,AAPL260807C00315000,0.91,0.93
1785952893.041,AAPL260807C00315000,0.91,0.93
1785952894.664,AAPL260807C00315000,0.91,0.93
1785952895.639,AAPL260807C00315000,0.91,0.93
1785952896.200,AAPL260807C00315000,0.91,0.93
1785952897.137,AAPL260807C00315000,0.91,0.93
1785952898.237,AAPL260807C00315000,0.91,0.93
1785952899.110,AAPL260807C00315000,0.91,0.93
1785952900.830,AAPL260807C00315000,0.91,0.93
1785952902.208,AAPL260807C00315000,0.91,0.93
1785952903.662,AAPL260807C00315000,0.91,0.93
1785952904.090,AAPL260807C00315000,0.91,0.93
1785952905.039,AAPL260807C00315000,0.9,0.92
1785952906.051,AAPL260807C00315000,0.9,0.92
1785952907.564,AAPL260807C00315000,0.9,0.92
1785952908.016,AAPL260807C00315000,0.9,0.92
1785952909.091,AAPL260807C00315000,0.9,0.92
1785952910.100,AAPL260807C00315000,0.9,0.92
1785952911.169,AAPL260807C00315000,0.9,0.92
1785952912.309,AAPL260807C00315000,0.9,0.92
1785952913.418,AAPL260807C00315000,0.9,0.91
1785952914.116,AAPL260807C00315000,0.9,0.91
1785952915.388,AAPL260807C00315000,0.9,0.91
1785952916.226,AAPL260807C00315000,0.9,0.91
1785952917.034,AAPL260807C00315000,0.9,0.91
1785952918.298,AAPL260807C00315000,0.89,0.9
1785952919.149,AAPL260807C00315000,0.88,0.9
1785952920.164,AAPL260807C00315000,0.88,0.9
1785952921.616,AAPL260807C00315000,0.88,0.9
1785952922.182,AAPL260807C00315000,0.88,0.9
1785952923.601,AAPL260807C00315000,0.88,0.9
1785952924.208,AAPL260807C00315000,0.88,0.9
1785952925.053,AAPL260807C00315000,0.88,0.9
1785952927.142,AAPL260807C00315000,0.88,0.9
1785952928.157,AAPL260807C00315000,0.88,0.9
1785952929.350,AAPL260807C00315000,0.88,0.9
1785952930.049,AAPL260807C00315000,0.88,0.9
1785952933.288,AAPL260807C00315000,0.89,0.9
1785952934.201,AAPL260807C00315000,0.89,0.9
1785952935.298,AAPL260807C00315000,0.89,0.9
1785952938.585,AAPL260807C00315000,0.89,0.9
1785952939.243,AAPL260807C00315000,0.88,0.89
1785952940.360,AAPL260807C00315000,0.88,0.89
1785952941.086,AAPL260807C00315000,0.88,0.9
1785952942.007,AAPL260807C00315000,0.88,0.9
1785952943.080,AAPL260807C00315000,0.88,0.9
1785952944.225,AAPL260807C00315000,0.88,0.9
1785952945.193,AAPL260807C00315000,0.88,0.9
1785952946.416,AAPL260807C00315000,0.88,0.9
1785952947.317,AAPL260807C00315000,0.88,0.9
1785952948.020,AAPL260807C00315000,0.88,0.9
1785952949.035,AAPL260807C00315000,0.88,0.9
1785952950.065,AAPL260807C00315000,0.88,0.9
1785952952.097,AAPL260807C00315000,0.88,0.9
1785952953.089,AAPL260807C00315000,0.88,0.9
1785952954.062,AAPL260807C00315000,0.88,0.9
1785952955.222,AAPL260807C00315000,0.88,0.9
1785952956.703,AAPL260807C00315000,0.88,0.9
1785952957.166,AAPL260807C00315000,0.88,0.9
1785952958.062,AAPL260807C00315000,0.88,0.9
1785952959.330,AAPL260807C00315000,0.88,0.9
1785952961.447,AAPL260807C00315000,0.88,0.9
1785952962.259,AAPL260807C00315000,0.88,0.9
1785952963.110,AAPL260807C00315000,0.85,0.89
1785952964.164,AAPL260807C00315000,0.85,0.89
1785952965.482,AAPL260807C00315000,0.85,0.89
1785952966.174,AAPL260807C00315000,0.85,0.89
1785952967.054,AAPL260807C00315000,0.85,0.89
1785952968.085,AAPL260807C00315000,0.85,0.89
1785952969.164,AAPL260807C00315000,0.85,0.89
1785952970.004,AAPL260807C00315000,0.85,0.89
1785952971.164,AAPL260807C00315000,0.85,0.89
1785952972.169,AAPL260807C00315000,0.85,0.89
1785952973.009,AAPL260807C00315000,0.85,0.89
1785952974.673,AAPL260807C00315000,0.85,0.89
1785952975.281,AAPL260807C00315000,0.85,0.89
1785952976.154,AAPL260807C00315000,0.85,0.89
1785952977.195,AAPL260807C00315000,0.86,0.89
1785952978.154,AAPL260807C00315000,0.86,0.89
1785952979.022,AAPL260807C00315000,0.86,0.89
1785952981.280,AAPL260807C00315000,0.86,0.89
1785952982.670,AAPL260807C00315000,0.86,0.89
1785952983.001,AAPL260807C00315000,0.86,0.89
1785952984.412,AAPL260807C00315000,0.86,0.89
1785952985.170,AAPL260807C00315000,0.86,0.89
1785952986.565,AAPL260807C00315000,0.86,0.89
1785952987.654,AAPL260807C00315000,0.85,0.89
1785952988.019,AAPL260807C00315000,0.85,0.89
1785952989.113,AAPL260807C00315000,0.85,0.88
1785952990.089,AAPL260807C00315000,0.85,0.88
1785952991.041,AAPL260807C00315000,0.85,0.88
1785952992.177,AAPL260807C00315000,0.85,0.88
1785952994.610,AAPL260807C00315000,0.85,0.88
1785952995.137,AAPL260807C00315000,0.85,0.88
1785952996.126,AAPL260807C00315000,0.85,0.88
1785952997.149,AAPL260807C00315000,0.85,0.88
1785952998.012,AAPL260807C00315000,0.85,0.88
1785952999.044,AAPL260807C00315000,0.85,0.88
1785953000.296,AAPL260807C00315000,0.85,0.88
1785953001.399,AAPL260807C00315000,0.85,0.88
1785953002.047,AAPL260807C00315000,0.85,0.88
1785953003.111,AAPL260807C00315000,0.85,0.88
1785953004.011,AAPL260807C00315000,0.85,0.88
1785953005.035,AAPL260807C00315000,0.85,0.88
1785953006.022,AAPL260807C00315000,0.86,0.88
1785953008.028,AAPL260807C00315000,0.86,0.88
1785953009.284,AAPL260807C00315000,0.86,0.88
1785953010.009,AAPL260807C00315000,0.85,0.87
1785953011.162,AAPL260807C00315000,0.85,0.87
1785953012.103,AAPL260807C00315000,0.85,0.87
1785953014.689,AAPL260807C00315000,0.85,0.87
1785953015.021,AAPL260807C00315000,0.85,0.87
1785953016.563,AAPL260807C00315000,0.85,0.87
1785953017.059,AAPL260807C00315000,0.85,0.87
1785953018.176,AAPL260807C00315000,0.85,0.87
1785953019.652,AAPL260807C00315000,0.85,0.87
1785953020.249,AAPL260807C00315000,0.85,0.87
1785953021.063,AAPL260807C00315000,0.85,0.87
1785953022.058,AAPL260807C00315000,0.85,0.87
1785953023.006,AAPL260807C00315000,0.85,0.87
1785953024.264,AAPL260807C00315000,0.85,0.87
1785953025.110,AAPL260807C00315000,0.85,0.87
1785953026.008,AAPL260807C00315000,0.85,0.87
1785953027.418,AAPL260807C00315000,0.85,0.87
1785953028.112,AAPL260807C00315000,0.85,0.87
1785953029.471,AAPL260807C00315000,0.85,0.87
1785953030.638,AAPL260807C00315000,0.85,0.87
1785953031.027,AAPL260807C00315000,0.85,0.87
1785953032.082,AAPL260807C00315000,0.85,0.87
1785953033.257,AAPL260807C00315000,0.85,0.87
1785953034.189,AAPL260807C00315000,0.85,0.87
1785953036.144,AAPL260807C00315000,0.85,0.87
1785953037.930,AAPL260807C00315000,0.85,0.87
1785953038.163,AAPL260807C00315000,0.85,0.87
1785953039.089,AAPL260807C00315000,0.85,0.87
1785953040.016,AAPL260807C00315000,0.85,0.87
1785953041.167,AAPL260807C00315000,0.85,0.87
1785953042.347,AAPL260807C00315000,0.85,0.87
1785953043.110,AAPL260807C00315000,0.85,0.87
1785953044.673,AAPL260807C00315000,0.85,0.87
1785953045.033,AAPL260807C00315000,0.85,0.87
1785953046.291,AAPL260807C00315000,0.85,0.86
1785953047.027,AAPL260807C00315000,0.85,0.86
1785953048.038,AAPL260807C00315000,0.85,0.86
1785953049.204,AAPL260807C00315000,0.85,0.86
1785953050.510,AAPL260807C00315000,0.85,0.86
1785953051.210,AAPL260807C00315000,0.85,0.86
1785953052.259,AAPL260807C00315000,0.85,0.86
1785953053.180,AAPL260807C00315000,0.85,0.86
1785953054.243,AAPL260807C00315000,0.85,0.86
1785953055.086,AAPL260807C00315000,0.85,0.86
1785953056.007,AAPL260807C00315000,0.85,0.87
1785953057.917,AAPL260807C00315000,0.85,0.87
1785953058.169,AAPL260807C00315000,0.85,0.87
1785953059.332,AAPL260807C00315000,0.85,0.87
1785953060.210,AAPL260807C00315000,0.85,0.87
1785953061.307,AAPL260807C00315000,0.85,0.87
1785953062.426,AAPL260807C00315000,0.85,0.87
1785953064.542,AAPL260807C00315000,0.85,0.87
1785953065.165,AAPL260807C00315000,0.85,0.87
1785953066.226,AAPL260807C00315000,0.85,0.87
1785953070.746,AAPL260807C00315000,0.85,0.87
1785953071.167,AAPL260807C00315000,0.85,0.87
1785953072.350,AAPL260807C00315000,0.85,0.87
1785953073.095,AAPL260807C00315000,0.85,0.87
1785953074.628,AAPL260807C00315000,0.85,0.87
1785953075.031,AAPL260807C00315000,0.85,0.87
1785953076.181,AAPL260807C00315000,0.85,0.87
1785953077.062,AAPL260807C00315000,0.85,0.87
1785953078.092,AAPL260807C00315000,0.85,0.87
1785953079.033,AAPL260807C00315000,0.85,0.87
1785953080.120,AAPL260807C00315000,0.85,0.87
1785953081.849,AAPL260807C00315000,0.85,0.87
1785953082.841,AAPL260807C00315000,0.85,0.87
1785953083.035,AAPL260807C00315000,0.85,0.87
1785953084.185,AAPL260807C00315000,0.85,0.87
1785953085.057,AAPL260807C00315000,0.85,0.87
1785953086.989,AAPL260807C00315000,0.85,0.87
1785953087.210,AAPL260807C00315000,0.85,0.87
1785953089.172,AAPL260807C00315000,0.85,0.87
1785953090.418,AAPL260807C00315000,0.85,0.87
1785953091.196,AAPL260807C00315000,0.85,0.87
1785953092.067,AAPL260807C00315000,0.85,0.87
1785953093.038,AAPL260807C00315000,0.85,0.87
1785953094.252,AAPL260807C00315000,0.85,0.87
1785953095.057,AAPL260807C00315000,0.85,0.87
1785953096.239,AAPL260807C00315000,0.85,0.87
1785953097.303,AAPL260807C00315000,0.85,0.87
1785953098.234,AAPL260807C00315000,0.85,0.87
1785953099.007,AAPL260807C00315000,0.85,0.87
1785953100.169,AAPL260807C00315000,0.85,0.87
1785953101.974,AAPL260807C00315000,0.85,0.87
1785953102.437,AAPL260807C00315000,0.85,0.87
1785953103.162,AAPL260807C00315000,0.85,0.87
1785953104.127,AAPL260807C00315000,0.85,0.87
1785953105.091,AAPL260807C00315000,0.85,0.87
1785953106.183,AAPL260807C00315000,0.85,0.87
1785953107.953,AAPL260807C00315000,0.85,0.87
1785953108.018,AAPL260807C00315000,0.85,0.87
1785953109.056,AAPL260807C00315000,0.85,0.87
1785953110.746,AAPL260807C00315000,0.85,0.87
1785953111.010,AAPL260807C00315000,0.85,0.87
1785953112.005,AAPL260807C00315000,0.85,0.87
1785953113.031,AAPL260807C00315000,0.85,0.87
1785953114.181,AAPL260807C00315000,0.85,0.87
1785953115.011,AAPL260807C00315000,0.85,0.87
1785953116.011,AAPL260807C00315000,0.85,0.87
1785953117.560,AAPL260807C00315000,0.85,0.87
1785953118.095,AAPL260807C00315000,0.85,0.87
1785953119.032,AAPL260807C00315000,0.85,0.87
1785953120.110,AAPL260807C00315000,0.85,0.87
1785953121.049,AAPL260807C00315000,0.85,0.87
1785953122.070,AAPL260807C00315000,0.85,0.87
1785953123.110,AAPL260807C00315000,0.85,0.87
1785953124.025,AAPL260807C00315000,0.85,0.86
1785953125.181,AAPL260807C00315000,0.86,0.88
1785953126.751,AAPL260807C00315000,0.86,0.88
1785953127.145,AAPL260807C00315000,0.86,0.88
1785953128.365,AAPL260807C00315000,0.86,0.88
1785953130.590,AAPL260807C00315000,0.86,0.88
1785953131.468,AAPL260807C00315000,0.86,0.88
1785953132.061,AAPL260807C00315000,0.86,0.88
1785953133.489,AAPL260807C00315000,0.86,0.88
1785953134.103,AAPL260807C00315000,0.86,0.87
1785953135.210,AAPL260807C00315000,0.87,0.88
1785953136.060,AAPL260807C00315000,0.87,0.88
1785953137.054,AAPL260807C00315000,0.86,0.88
1785953138.106,AAPL260807C00315000,0.86,0.88
1785953139.109,AAPL260807C00315000,0.86,0.88
1785953140.987,AAPL260807C00315000,0.86,0.88
1785953141.003,AAPL260807C00315000,0.86,0.88
1785953142.231,AAPL260807C00315000,0.86,0.88
1785953143.012,AAPL260807C00315000,0.86,0.88
1785953144.167,AAPL260807C00315000,0.86,0.88
1785953145.067,AAPL260807C00315000,0.86,0.88
1785953146.409,AAPL260807C00315000,0.86,0.88
1785953147.039,AAPL260807C00315000,0.86,0.89
1785953148.078,AAPL260807C00315000,0.86,0.89
1785953150.274,AAPL260807C00315000,0.86,0.89
1785953151.038,AAPL260807C00315000,0.86,0.89
1785953152.080,AAPL260807C00315000,0.86,0.88
1785953153.635,AAPL260807C00315000,0.86,0.88
1785953154.617,AAPL260807C00315000,0.86,0.88
1785953157.011,AAPL260807C00315000,0.86,0.88
1785953158.075,AAPL260807C00315000,0.86,0.88
1785953159.110,AAPL260807C00315000,0.86,0.88
1785953160.164,AAPL260807C00315000,0.86,0.88
1785953161.210,AAPL260807C00315000,0.86,0.88
1785953162.211,AAPL260807C00315000,0.86,0.88
1785953163.175,AAPL260807C00315000,0.86,0.88
1785953164.003,AAPL260807C00315000,0.86,0.88
1785953165.330,AAPL260807C00315000,0.86,0.88
1785953166.047,AAPL260807C00315000,0.86,0.88
1785953167.081,AAPL260807C00315000,0.86,0.88
1785953168.171,AAPL260807C00315000,0.86,0.88
1785953169.051,AAPL260807C00315000,0.86,0.88
1785953170.538,AAPL260807C00315000,0.86,0.88
1785953171.045,AAPL260807C00315000,0.86,0.88
1785953172.218,AAPL260807C00315000,0.86,0.88
1785953173.107,AAPL260807C00315000,0.86,0.88
1785953174.654,AAPL260807C00315000,0.86,0.87
1785953176.100,AAPL260807C00315000,0.86,0.87
1785953178.333,AAPL260807C00315000,0.86,0.87
1785953179.107,AAPL260807C00315000,0.86,0.87
1785953180.360,AAPL260807C00315000,0.86,0.87
1785953181.102,AAPL260807C00315000,0.85,0.87
1785953182.035,AAPL260807C00315000,0.85,0.87
1785953183.031,AAPL260807C00315000,0.85,0.87
1785953184.174,AAPL260807C00315000,0.85,0.87
1785953185.172,AAPL260807C00315000,0.85,0.87
1785953186.018,AAPL260807C00315000,0.85,0.87
1785953187.169,AAPL260807C00315000,0.85,0.87
1785953188.110,AAPL260807C00315000,0.85,0.87
1785953189.002,AAPL260807C00315000,0.85,0.87
1785953190.197,AAPL260807C00315000,0.85,0.87
1785953191.180,AAPL260807C00315000,0.85,0.87
1785953192.271,AAPL260807C00315000,0.85,0.87
1785953193.197,AAPL260807C00315000,0.85,0.87
1785953194.013,AAPL260807C00315000,0.85,0.87
1785953195.042,AAPL260807C00315000,0.86,0.87
1785953196.169,AAPL260807C00315000,0.85,0.86
1785953197.102,AAPL260807C00315000,0.85,0.86
1785953198.161,AAPL260807C00315000,0.85,0.86
1785953201.794,AAPL260807C00315000,0.85,0.86
1785953202.534,AAPL260807C00315000,0.85,0.86
1785953203.034,AAPL260807C00315000,0.85,0.86
1785953204.116,AAPL260807C00315000,0.86,0.87
1785953205.131,AAPL260807C00315000,0.86,0.87
1785953207.884,AAPL260807C00315000,0.86,0.87
1785953208.375,AAPL260807C00315000,0.86,0.87
1785953209.384,AAPL260807C00315000,0.86,0.87
1785953210.061,AAPL260807C00315000,0.86,0.87
1785953211.105,AAPL260807C00315000,0.86,0.87
1785953213.805,AAPL260807C00315000,0.86,0.87
1785953217.270,AAPL260807C00315000,0.86,0.87
1785953218.144,AAPL260807C00315000,0.86,0.87
1785953219.430,AAPL260807C00315000,0.86,0.87
1785953220.005,AAPL260807C00315000,0.86,0.87
1785953221.688,AAPL260807C00315000,0.86,0.87
1785953222.036,AAPL260807C00315000,0.86,0.87
1785953223.459,AAPL260807C00315000,0.86,0.87
1785953224.388,AAPL260807C00315000,0.86,0.87
1785953225.181,AAPL260807C00315000,0.87,0.89
1785953226.001,AAPL260807C00315000,0.87,0.89
1785953227.117,AAPL260807C00315000,0.87,0.89
1785953228.237,AAPL260807C00315000,0.87,0.89
1785953229.061,AAPL260807C00315000,0.87,0.89
1785953230.555,AAPL260807C00315000,0.87,0.89
1785953231.011,AAPL260807C00315000,0.86,0.88
1785953232.073,AAPL260807C00315000,0.86,0.88
1785953233.061,AAPL260807C00315000,0.86,0.88
1785953234.315,AAPL260807C00315000,0.86,0.88
1785953235.060,AAPL260807C00315000,0.86,0.88
1785953236.015,AAPL260807C00315000,0.86,0.88
1785953237.112,AAPL260807C00315000,0.86,0.88
1785953238.186,AAPL260807C00315000,0.85,0.88
1785953239.034,AAPL260807C00315000,0.85,0.88
1785953240.162,AAPL260807C00315000,0.85,0.88
1785953241.027,AAPL260807C00315000,0.86,0.87
1785953242.110,AAPL260807C00315000,0.85,0.87
1785953243.109,AAPL260807C00315000,0.85,0.87
1785953245.479,AAPL260807C00315000,0.85,0.87
1785953246.081,AAPL260807C00315000,0.85,0.87
1785953247.204,AAPL260807C00315000,0.85,0.87
1785953248.671,AAPL260807C00315000,0.85,0.87
1785953249.004,AAPL260807C00315000,0.85,0.87
1785953250.415,AAPL260807C00315000,0.85,0.87
1785953251.249,AAPL260807C00315000,0.85,0.87
1785953252.041,AAPL260807C00315000,0.85,0.87
1785953253.072,AAPL260807C00315000,0.85,0.87
1785953254.064,AAPL260807C00315000,0.85,0.87
1785953256.659,AAPL260807C00315000,0.85,0.87
1785953257.037,AAPL260807C00315000,0.85,0.87
1785953258.002,AAPL260807C00315000,0.85,0.87
1785953259.215,AAPL260807C00315000,0.85,0.87
1785953260.008,AAPL260807C00315000,0.85,0.87
1785953262.120,AAPL260807C00315000,0.85,0.87
1785953263.050,AAPL260807C00315000,0.85,0.87
1785953264.145,AAPL260807C00315000,0.85,0.87
1785953265.186,AAPL260807C00315000,0.85,0.87
1785953266.154,AAPL260807C00315000,0.85,0.87
1785953268.859,AAPL260807C00315000,0.85,0.87
1785953269.271,AAPL260807C00315000,0.85,0.87
1785953270.080,AAPL260807C00315000,0.85,0.87
1785953271.107,AAPL260807C00315000,0.85,0.87
1785953272.015,AAPL260807C00315000,0.85,0.87
1785953273.040,AAPL260807C00315000,0.85,0.87
1785953275.559,AAPL260807C00315000,0.85,0.87
1785953277.042,AAPL260807C00315000,0.85,0.87
1785953278.057,AAPL260807C00315000,0.85,0.87
1785953279.046,AAPL260807C00315000,0.85,0.87
1785953280.026,AAPL260807C00315000,0.85,0.87
1785953281.475,AAPL260807C00315000,0.85,0.86
1785953282.621,AAPL260807C00315000,0.85,0.86
1785953283.873,AAPL260807C00315000,0.85,0.86
1785953284.025,AAPL260807C00315000,0.84,0.86
1785953285.413,AAPL260807C00315000,0.84,0.86
1785953287.239,AAPL260807C00315000,0.84,0.86
1785953288.012,AAPL260807C00315000,0.84,0.86
1785953291.672,AAPL260807C00315000,0.85,0.86
1785953292.196,AAPL260807C00315000,0.85,0.87
1785953293.116,AAPL260807C00315000,0.85,0.87
1785953294.157,AAPL260807C00315000,0.85,0.87
1785953295.377,AAPL260807C00315000,0.85,0.87
1785953296.305,AAPL260807C00315000,0.85,0.87
1785953297.312,AAPL260807C00315000,0.85,0.87
1785953299.702,AAPL260807C00315000,0.85,0.87
1785953300.226,AAPL260807C00315000,0.85,0.87
1785953301.207,AAPL260807C00315000,0.85,0.86
1785953302.352,AAPL260807C00315000,0.85,0.86
1785953303.029,AAPL260807C00315000,0.85,0.86
1785953304.216,AAPL260807C00315000,0.85,0.86
1785953305.414,AAPL260807C00315000,0.85,0.86
1785953306.077,AAPL260807C00315000,0.85,0.86
1785953307.717,AAPL260807C00315000,0.85,0.86
1785953308.554,AAPL260807C00315000,0.85,0.86
1785953309.091,AAPL260807C00315000,0.85,0.87
1785953310.166,AAPL260807C00315000,0.85,0.87
1785953311.242,AAPL260807C00315000,0.85,0.87
1785953312.210,AAPL260807C00315000,0.85,0.87
1785953313.349,AAPL260807C00315000,0.85,0.87
1785953314.083,AAPL260807C00315000,0.85,0.87
1785953315.070,AAPL260807C00315000,0.85,0.87
1785953316.169,AAPL260807C00315000,0.85,0.87
1785953317.459,AAPL260807C00315000,0.85,0.87
1785953318.083,AAPL260807C00315000,0.85,0.87
1785953319.731,AAPL260807C00315000,0.85,0.87
1785953320.393,AAPL260807C00315000,0.85,0.87
1785953321.167,AAPL260807C00315000,0.85,0.87
1785953322.044,AAPL260807C00315000,0.85,0.87
1785953323.106,AAPL260807C00315000,0.85,0.87
1785953324.176,AAPL260807C00315000,0.85,0.87
1785953325.032,AAPL260807C00315000,0.85,0.87
1785953326.170,AAPL260807C00315000,0.85,0.87
1785953327.035,AAPL260807C00315000,0.85,0.87
1785953328.533,AAPL260807C00315000,0.85,0.87
1785953329.259,AAPL260807C00315000,0.85,0.87
1785953330.158,AAPL260807C00315000,0.85,0.87
1785953332.786,AAPL260807C00315000,0.84,0.86
1785953333.001,AAPL260807C00315000,0.84,0.88
1785953334.031,AAPL260807C00315000,0.83,0.85
1785953335.144,AAPL260807C00315000,0.83,0.85
1785953336.200,AAPL260807C00315000,0.82,0.85
1785953337.077,AAPL260807C00315000,0.82,0.85
1785953338.184,AAPL260807C00315000,0.82,0.85
1785953339.168,AAPL260807C00315000,0.82,0.85
1785953340.198,AAPL260807C00315000,0.82,0.85
1785953341.411,AAPL260807C00315000,0.82,0.86
1785953342.095,AAPL260807C00315000,0.82,0.86
1785953343.035,AAPL260807C00315000,0.82,0.86
1785953344.034,AAPL260807C00315000,0.82,0.86
1785953345.410,AAPL260807C00315000,0.82,0.86
1785953346.111,AAPL260807C00315000,0.82,0.86
1785953347.914,AAPL260807C00315000,0.82,0.86
1785953348.061,AAPL260807C00315000,0.82,0.86
1785953349.147,AAPL260807C00315000,0.82,0.85
1785953350.562,AAPL260807C00315000,0.82,0.85
1785953352.294,AAPL260807C00315000,0.82,0.85
1785953353.711,AAPL260807C00315000,0.82,0.85
1785953354.139,AAPL260807C00315000,0.82,0.85
1785953357.239,AAPL260807C00315000,0.82,0.85
1785953358.911,AAPL260807C00315000,0.82,0.85
1785953359.078,AAPL260807C00315000,0.82,0.85
1785953360.190,AAPL260807C00315000,0.82,0.85
1785953361.384,AAPL260807C00315000,0.82,0.85
1785953362.121,AAPL260807C00315000,0.82,0.85
1785953363.035,AAPL260807C00315000,0.83,0.85
1785953364.074,AAPL260807C00315000,0.83,0.85
1785953366.389,AAPL260807C00315000,0.83,0.85
1785953367.062,AAPL260807C00315000,0.83,0.85
1785953368.224,AAPL260807C00315000,0.83,0.85
1785953369.681,AAPL260807C00315000,0.83,0.85
1785953371.564,AAPL260807C00315000,0.83,0.85
1785953372.103,AAPL260807C00315000,0.83,0.85
1785953373.037,AAPL260807C00315000,0.83,0.85
1785953374.081,AAPL260807C00315000,0.83,0.85
1785953375.168,AAPL260807C00315000,0.83,0.85
1785953377.402,AAPL260807C00315000,0.83,0.85
1785953378.320,AAPL260807C00315000,0.83,0.85
1785953379.012,AAPL260807C00315000,0.83,0.85
1785953381.197,AAPL260807C00315000,0.83,0.85
1785953382.068,AAPL260807C00315000,0.83,0.85
1785953383.096,AAPL260807C00315000,0.83,0.85
1785953384.444,AAPL260807C00315000,0.83,0.85
1785953385.260,AAPL260807C00315000,0.83,0.85
1785953386.410,AAPL260807C00315000,0.83,0.85
1785953387.012,AAPL260807C00315000,0.83,0.85
1785953388.418,AAPL260807C00315000,0.83,0.85
1785953389.113,AAPL260807C00315000,0.83,0.85
1785953390.428,AAPL260807C00315000,0.83,0.85
1785953391.181,AAPL260807C00315000,0.83,0.85
1785953392.667,AAPL260807C00315000,0.83,0.85
1785953393.072,AAPL260807C00315000,0.83,0.85
1785953394.106,AAPL260807C00315000,0.83,0.85
1785953395.470,AAPL260807C00315000,0.83,0.85
1785953396.019,AAPL260807C00315000,0.83,0.85
1785953397.105,AAPL260807C00315000,0.82,0.83
1785953398.622,AAPL260807C00315000,0.82,0.83
1785953399.262,AAPL260807C00315000,0.82,0.83
1785953400.047,AAPL260807C00315000,0.82,0.83
1785953401.372,AAPL260807C00315000,0.82,0.83
1785953402.270,AAPL260807C00315000,0.82,0.83
1785953403.111,AAPL260807C00315000,0.82,0.83
1785953404.420,AAPL260807C00315000,0.82,0.83
1785953405.428,AAPL260807C00315000,0.82,0.83
1785953406.137,AAPL260807C00315000,0.81,0.82
1785953408.041,AAPL260807C00315000,0.81,0.82
1785953409.053,AAPL260807C00315000,0.81,0.82
1785953410.045,AAPL260807C00315000,0.81,0.82
1785953411.019,AAPL260807C00315000,0.81,0.82
1785953412.460,AAPL260807C00315000,0.81,0.82
1785953414.003,AAPL260807C00315000,0.81,0.82
1785953417.492,AAPL260807C00315000,0.81,0.82
1785953418.178,AAPL260807C00315000,0.81,0.82
1785953419.017,AAPL260807C00315000,0.8,0.82
1785953420.194,AAPL260807C00315000,0.8,0.82
1785953421.094,AAPL260807C00315000,0.8,0.82
1785953422.212,AAPL260807C00315000,0.8,0.82
1785953423.122,AAPL260807C00315000,0.8,0.82
1785953424.152,AAPL260807C00315000,0.8,0.82
1785953427.867,AAPL260807C00315000,0.8,0.82
1785953428.415,AAPL260807C00315000,0.8,0.82
1785953429.103,AAPL260807C00315000,0.8,0.82
1785953430.319,AAPL260807C00315000,0.8,0.82
1785953431.122,AAPL260807C00315000,0.8,0.82
1785953432.018,AAPL260807C00315000,0.8,0.82
1785953434.136,AAPL260807C00315000,0.8,0.82
1785953435.610,AAPL260807C00315000,0.78,0.8
1785953436.641,AAPL260807C00315000,0.78,0.8
1785953437.422,AAPL260807C00315000,0.78,0.8
1785953438.277,AAPL260807C00315000,0.78,0.8
1785953439.163,AAPL260807C00315000,0.78,0.8
1785953440.358,AAPL260807C00315000,0.78,0.8
1785953441.267,AAPL260807C00315000,0.78,0.8
1785953442.039,AAPL260807C00315000,0.78,0.8
1785953443.021,AAPL260807C00315000,0.78,0.8
1785953444.023,AAPL260807C00315000,0.78,0.8
1785953445.004,AAPL260807C00315000,0.78,0.8
1785953446.002,AAPL260807C00315000,0.78,0.8
1785953447.099,AAPL260807C00315000,0.78,0.8
1785953448.039,AAPL260807C00315000,0.77,0.79
1785953449.015,AAPL260807C00315000,0.77,0.8
1785953450.091,AAPL260807C00315000,0.77,0.8
1785953451.747,AAPL260807C00315000,0.78,0.8
1785953452.074,AAPL260807C00315000,0.78,0.8
1785953453.267,AAPL260807C00315000,0.78,0.8
1785953454.001,AAPL260807C00315000,0.78,0.8
1785953458.673,AAPL260807C00315000,0.78,0.8
1785953459.020,AAPL260807C00315000,0.78,0.8
1785953460.127,AAPL260807C00315000,0.78,0.8
1785953461.265,AAPL260807C00315000,0.78,0.8
1785953462.144,AAPL260807C00315000,0.78,0.8
1785953463.930,AAPL260807C00315000,0.78,0.8
1785953464.772,AAPL260807C00315000,0.78,0.79
1785953465.193,AAPL260807C00315000,0.79,0.8
1785953466.075,AAPL260807C00315000,0.79,0.8
1785953467.086,AAPL260807C00315000,0.79,0.81
1785953468.198,AAPL260807C00315000,0.79,0.81
1785953469.297,AAPL260807C00315000,0.79,0.82
1785953470.074,AAPL260807C00315000,0.79,0.82
1785953471.166,AAPL260807C00315000,0.79,0.82
1785953473.999,AAPL260807C00315000,0.79,0.82
1785953474.162,AAPL260807C00315000,0.79,0.82
1785953475.537,AAPL260807C00315000,0.79,0.82
1785953476.666,AAPL260807C00315000,0.79,0.82
1785953477.108,AAPL260807C00315000,0.79,0.82
1785953478.113,AAPL260807C00315000,0.79,0.82
1785953479.413,AAPL260807C00315000,0.79,0.82
1785953480.435,AAPL260807C00315000,0.79,0.82
1785953481.035,AAPL260807C00315000,0.79,0.82
1785953482.168,AAPL260807C00315000,0.79,0.82
1785953483.041,AAPL260807C00315000,0.79,0.82
1785953484.001,AAPL260807C00315000,0.79,0.82
1785953485.038,AAPL260807C00315000,0.79,0.82
1785953486.224,AAPL260807C00315000,0.79,0.82
1785953487.081,AAPL260807C00315000,0.79,0.82
1785953488.069,AAPL260807C00315000,0.79,0.82
1785953489.040,AAPL260807C00315000,0.79,0.82
1785953490.100,AAPL260807C00315000,0.79,0.82
1785953491.123,AAPL260807C00315000,0.79,0.82
1785953492.023,AAPL260807C00315000,0.79,0.82
1785953493.706,AAPL260807C00315000,0.79,0.82
1785953494.866,AAPL260807C00315000,0.79,0.82
1785953495.016,AAPL260807C00315000,0.79,0.82
1785953496.197,AAPL260807C00315000,0.79,0.82
1785953497.546,AAPL260807C00315000,0.79,0.82
1785953498.022,AAPL260807C00315000,0.79,0.82
1785953499.207,AAPL260807C00315000,0.79,0.82
1785953500.047,AAPL260807C00315000,0.79,0.82
1785953501.694,AAPL260807C00315000,0.79,0.82
1785953502.137,AAPL260807C00315000,0.79,0.82
1785953503.016,AAPL260807C00315000,0.79,0.82
1785953504.143,AAPL260807C00315000,0.79,0.82
1785953505.023,AAPL260807C00315000,0.79,0.82
1785953506.952,AAPL260807C00315000,0.79,0.82
1785953507.020,AAPL260807C00315000,0.79,0.82
1785953508.208,AAPL260807C00315000,0.79,0.82
1785953509.223,AAPL260807C00315000,0.79,0.82
1785953511.321,AAPL260807C00315000,0.79,0.82
1785953514.715,AAPL260807C00315000,0.79,0.82
1785953515.114,AAPL260807C00315000,0.79,0.82
1785953516.027,AAPL260807C00315000,0.79,0.82
1785953518.913,AAPL260807C00315000,0.79,0.82
1785953519.114,AAPL260807C00315000,0.79,0.82
1785953521.544,AAPL260807C00315000,0.79,0.81
1785953522.548,AAPL260807C00315000,0.79,0.81
1785953523.040,AAPL260807C00315000,0.79,0.81
1785953524.316,AAPL260807C00315000,0.79,0.81
1785953525.166,AAPL260807C00315000,0.79,0.81
1785953526.412,AAPL260807C00315000,0.79,0.81
1785953527.293,AAPL260807C00315000,0.79,0.81
1785953528.042,AAPL260807C00315000,0.78,0.81
1785953529.125,AAPL260807C00315000,0.78,0.81
1785953530.078,AAPL260807C00315000,0.78,0.8
1785953532.535,AAPL260807C00315000,0.78,0.8
1785953533.022,AAPL260807C00315000,0.78,0.8
1785953534.105,AAPL260807C00315000,0.78,0.8
1785953536.585,AAPL260807C00315000,0.78,0.8
1785953537.068,AAPL260807C00315000,0.78,0.8
1785953538.040,AAPL260807C00315000,0.78,0.8
1785953539.092,AAPL260807C00315000,0.77,0.79
1785953540.011,AAPL260807C00315000,0.77,0.79
1785953541.003,AAPL260807C00315000,0.77,0.79
1785953542.136,AAPL260807C00315000,0.77,0.79
1785953543.000,AAPL260807C00315000,0.77,0.79
1785953544.073,AAPL260807C00315000,0.77,0.79
1785953545.000,AAPL260807C00315000,0.77,0.79
1785953546.066,AAPL260807C00315000,0.77,0.79
1785953547.043,AAPL260807C00315000,0.77,0.79
1785953548.117,AAPL260807C00315000,0.77,0.79
1785953549.091,AAPL260807C00315000,0.78,0.79
1785953550.220,AAPL260807C00315000,0.78,0.79
1785953551.039,AAPL260807C00315000,0.77,0.79
1785953553.090,AAPL260807C00315000,0.77,0.79
1785953554.753,AAPL260807C00315000,0.77,0.79
1785953555.074,AAPL260807C00315000,0.77,0.79
1785953556.165,AAPL260807C00315000,0.77,0.79
1785953557.132,AAPL260807C00315000,0.77,0.79
1785953558.044,AAPL260807C00315000,0.77,0.79
1785953559.043,AAPL260807C00315000,0.77,0.79
1785953560.067,AAPL260807C00315000,0.77,0.79
1785953561.459,AAPL260807C00315000,0.77,0.79
1785953562.051,AAPL260807C00315000,0.77,0.79
1785953563.087,AAPL260807C00315000,0.77,0.79
1785953565.016,AAPL260807C00315000,0.77,0.79
1785953566.053,AAPL260807C00315000,0.77,0.79
1785953567.542,AAPL260807C00315000,0.77,0.79
1785953568.143,AAPL260807C00315000,0.77,0.79
1785953569.098,AAPL260807C00315000,0.77,0.79
1785953570.074,AAPL260807C00315000,0.77,0.79
1785953571.019,AAPL260807C00315000,0.77,0.79
1785953572.064,AAPL260807C00315000,0.76,0.79
1785953573.420,AAPL260807C00315000,0.76,0.79
1785953574.120,AAPL260807C00315000,0.76,0.79
1785953575.033,AAPL260807C00315000,0.76,0.79
1785953576.000,AAPL260807C00315000,0.76,0.79
1785953577.013,AAPL260807C00315000,0.76,0.79
1785953578.099,AAPL260807C00315000,0.76,0.79
1785953579.014,AAPL260807C00315000,0.76,0.79
1785953580.171,AAPL260807C00315000,0.76,0.79
1785953581.012,AAPL260807C00315000,0.76,0.79
1785953582.027,AAPL260807C00315000,0.76,0.79
1785953583.172,AAPL260807C00315000,0.76,0.79
1785953584.014,AAPL260807C00315000,0.76,0.79
1785953585.004,AAPL260807C00315000,0.76,0.79
1785953586.572,AAPL260807C00315000,0.76,0.79
1785953587.023,AAPL260807C00315000,0.76,0.79
1785953588.084,AAPL260807C00315000,0.76,0.79
1785953589.072,AAPL260807C00315000,0.76,0.79
1785953590.047,AAPL260807C00315000,0.76,0.79
1785953591.022,AAPL260807C00315000,0.76,0.79
1785953592.104,AAPL260807C00315000,0.76,0.79
1785953593.111,AAPL260807C00315000,0.77,0.78
1785953594.038,AAPL260807C00315000,0.77,0.78
1785953595.038,AAPL260807C00315000,0.77,0.79
1785953598.140,AAPL260807C00315000,0.77,0.79
1785953600.969,AAPL260807C00315000,0.77,0.79
1785953601.143,AAPL260807C00315000,0.77,0.79
1785953602.032,AAPL260807C00315000,0.76,0.79
1785953603.129,AAPL260807C00315000,0.76,0.79
1785953604.034,AAPL260807C00315000,0.76,0.79
1785953605.004,AAPL260807C00315000,0.76,0.79
1785953606.073,AAPL260807C00315000,0.76,0.79
1785953607.210,AAPL260807C00315000,0.76,0.79
1785953608.095,AAPL260807C00315000,0.76,0.79
1785953609.106,AAPL260807C00315000,0.76,0.79
1785953610.069,AAPL260807C00315000,0.76,0.79
1785953611.076,AAPL260807C00315000,0.76,0.79
1785953612.167,AAPL260807C00315000,0.76,0.79
1785953613.491,AAPL260807C00315000,0.76,0.79
1785953614.330,AAPL260807C00315000,0.76,0.79
1785953615.035,AAPL260807C00315000,0.76,0.79
1785953616.476,AAPL260807C00315000,0.76,0.79
1785953617.236,AAPL260807C00315000,0.76,0.79
1785953620.024,AAPL260807C00315000,0.78,0.79
1785953621.057,AAPL260807C00315000,0.78,0.79
1785953622.026,AAPL260807C00315000,0.78,0.79
1785953623.013,AAPL260807C00315000,0.78,0.79
1785953624.080,AAPL260807C00315000,0.78,0.79
1785953625.122,AAPL260807C00315000,0.78,0.79
1785953627.168,AAPL260807C00315000,0.78,0.79
1785953629.043,AAPL260807C00315000,0.78,0.79
1785953630.902,AAPL260807C00315000,0.78,0.79
1785953631.009,AAPL260807C00315000,0.78,0.79
1785953634.270,AAPL260807C00315000,0.78,0.79
1785953635.094,AAPL260807C00315000,0.78,0.79
1785953636.118,AAPL260807C00315000,0.78,0.79
1785953637.153,AAPL260807C00315000,0.78,0.79
1785953638.059,AAPL260807C00315000,0.78,0.79
1785953639.192,AAPL260807C00315000,0.78,0.79
1785953640.477,AAPL260807C00315000,0.78,0.79
1785953641.171,AAPL260807C00315000,0.78,0.79
1785953642.147,AAPL260807C00315000,0.78,0.79
1785953645.683,AAPL260807C00315000,0.78,0.79
1785953646.421,AAPL260807C00315000,0.78,0.79
1785953647.061,AAPL260807C00315000,0.78,0.79
1785953648.014,AAPL260807C00315000,0.78,0.79
1785953649.088,AAPL260807C00315000,0.78,0.79
1785953650.545,AAPL260807C00315000,0.78,0.79
1785953651.061,AAPL260807C00315000,0.78,0.79
1785953652.073,AAPL260807C00315000,0.78,0.79
1785953653.003,AAPL260807C00315000,0.78,0.79
1785953654.168,AAPL260807C00315000,0.78,0.79
1785953655.016,AAPL260807C00315000,0.78,0.79
1785953656.016,AAPL260807C00315000,0.78,0.79
1785953657.035,AAPL260807C00315000,0.78,0.79
1785953658.659,AAPL260807C00315000,0.78,0.79
1785953659.028,AAPL260807C00315000,0.78,0.79
1785953660.107,AAPL260807C00315000,0.78,0.79
1785953661.036,AAPL260807C00315000,0.76,0.78
1785953662.038,AAPL260807C00315000,0.76,0.78
1785953663.400,AAPL260807C00315000,0.76,0.78
1785953664.021,AAPL260807C00315000,0.76,0.78
1785953665.055,AAPL260807C00315000,0.76,0.78
1785953666.108,AAPL260807C00315000,0.76,0.78
1785953667.079,AAPL260807C00315000,0.76,0.78
1785953668.053,AAPL260807C00315000,0.76,0.78
1785953669.078,AAPL260807C00315000,0.76,0.78
1785953670.261,AAPL260807C00315000,0.76,0.78
1785953671.192,AAPL260807C00315000,0.76,0.78
1785953672.048,AAPL260807C00315000,0.76,0.78
1785953674.027,AAPL260807C00315000,0.76,0.79
1785953675.120,AAPL260807C00315000,0.76,0.79
1785953676.073,AAPL260807C00315000,0.76,0.79
1785953677.011,AAPL260807C00315000,0.76,0.79
1785953678.164,AAPL260807C00315000,0.76,0.79
1785953679.502,AAPL260807C00315000,0.76,0.79
1785953680.024,AAPL260807C00315000,0.76,0.79
1785953681.430,AAPL260807C00315000,0.76,0.79
1785953682.000,AAPL260807C00315000,0.76,0.79
1785953683.170,AAPL260807C00315000,0.76,0.79
1785953684.147,AAPL260807C00315000,0.78,0.79
1785953686.302,AAPL260807C00315000,0.76,0.79
1785953688.764,AAPL260807C00315000,0.76,0.78
1785953689.155,AAPL260807C00315000,0.76,0.79
1785953690.414,AAPL260807C00315000,0.76,0.79
1785953691.168,AAPL260807C00315000,0.76,0.79
1785953692.210,AAPL260807C00315000,0.76,0.79
1785953693.187,AAPL260807C00315000,0.77,0.79
1785953694.022,AAPL260807C00315000,0.77,0.79
1785953695.121,AAPL260807C00315000,0.77,0.79
1785953696.458,AAPL260807C00315000,0.77,0.79
1785953697.140,AAPL260807C00315000,0.77,0.79
1785953698.110,AAPL260807C00315000,0.77,0.79
1785953699.012,AAPL260807C00315000,0.77,0.79
1785953700.760,AAPL260807C00315000,0.77,0.79
1785953701.723,AAPL260807C00315000,0.77,0.79
1785953702.167,AAPL260807C00315000,0.77,0.79
1785953703.665,AAPL260807C00315000,0.77,0.79
1785953704.169,AAPL260807C00315000,0.77,0.79
1785953705.051,AAPL260807C00315000,0.77,0.79
1785953706.223,AAPL260807C00315000,0.77,0.79
1785953707.178,AAPL260807C00315000,0.77,0.79
1785953708.133,AAPL260807C00315000,0.76,0.78
1785953709.035,AAPL260807C00315000,0.76,0.78
1785953710.032,AAPL260807C00315000,0.76,0.78
1785953711.313,AAPL260807C00315000,0.76,0.78
1785953712.020,AAPL260807C00315000,0.76,0.78
1785953713.261,AAPL260807C00315000,0.76,0.78
1785953714.024,AAPL260807C00315000,0.76,0.78
1785953715.037,AAPL260807C00315000,0.76,0.81
1785953716.080,AAPL260807C00315000,0.76,0.81
1785953717.045,AAPL260807C00315000,0.76,0.81
1785953718.990,AAPL260807C00315000,0.76,0.81
1785953719.001,AAPL260807C00315000,0.76,0.81
1785953720.325,AAPL260807C00315000,0.76,0.81
1785953721.025,AAPL260807C00315000,0.76,0.81
1785953722.114,AAPL260807C00315000,0.76,0.81
1785953723.125,AAPL260807C00315000,0.76,0.81
1785953724.035,AAPL260807C00315000,0.76,0.81
1785953725.610,AAPL260807C00315000,0.76,0.81
1785953726.180,AAPL260807C00315000,0.76,0.81
1785953727.907,AAPL260807C00315000,0.76,0.81
1785953728.071,AAPL260807C00315000,0.76,0.81
1785953729.391,AAPL260807C00315000,0.76,0.81
1785953731.511,AAPL260807C00315000,0.76,0.81
1785953732.100,AAPL260807C00315000,0.76,0.81
1785953733.095,AAPL260807C00315000,0.76,0.81
1785953734.113,AAPL260807C00315000,0.76,0.81
1785953737.668,AAPL260807C00315000,0.76,0.81
1785953738.774,AAPL260807C00315000,0.76,0.81
1785953739.144,AAPL260807C00315000,0.76,0.81
1785953741.912,AAPL260807C00315000,0.76,0.81
1785953742.209,AAPL260807C00315000,0.76,0.81
1785953743.981,AAPL260807C00315000,0.76,0.81
1785953744.357,AAPL260807C00315000,0.76,0.81
1785953745.710,AAPL260807C00315000,0.76,0.81
1785953746.025,AAPL260807C00315000,0.76,0.81
1785953747.090,AAPL260807C00315000,0.76,0.81
1785953748.262,AAPL260807C00315000,0.76,0.81
1785953749.166,AAPL260807C00315000,0.76,0.81
1785953750.522,AAPL260807C00315000,0.76,0.81
1785953751.165,AAPL260807C00315000,0.76,0.81
1785953752.087,AAPL260807C00315000,0.76,0.81
1785953753.094,AAPL260807C00315000,0.76,0.81
1785953754.059,AAPL260807C00315000,0.76,0.81
1785953755.280,AAPL260807C00315000,0.76,0.81
1785953756.827,AAPL260807C00315000,0.76,0.81
1785953757.019,AAPL260807C00315000,0.76,0.81
1785953758.042,AAPL260807C00315000,0.76,0.81
1785953759.172,AAPL260807C00315000,0.76,0.81
1785953760.151,AAPL260807C00315000,0.76,0.81
1785953761.106,AAPL260807C00315000,0.76,0.81
1785953762.173,AAPL260807C00315000,0.76,0.81
1785953763.551,AAPL260807C00315000,0.79,0.81
1785953765.030,AAPL260807C00315000,0.79,0.81
1785953767.062,AAPL260807C00315000,0.79,0.81
1785953768.016,AAPL260807C00315000,0.79,0.81
1785953769.200,AAPL260807C00315000,0.79,0.81
1785953770.144,AAPL260807C00315000,0.79,0.81
1785953771.233,AAPL260807C00315000,0.79,0.81
1785953772.167,AAPL260807C00315000,0.79,0.81
1785953773.056,AAPL260807C00315000,0.79,0.81
1785953774.842,AAPL260807C00315000,0.79,0.81
1785953775.193,AAPL260807C00315000,0.79,0.81
1785953776.110,AAPL260807C00315000,0.79,0.81
1785953777.275,AAPL260807C00315000,0.79,0.81
1785953778.111,AAPL260807C00315000,0.79,0.81
1785953779.007,AAPL260807C00315000,0.79,0.81
1785953780.084,AAPL260807C00315000,0.79,0.81
1785953781.003,AAPL260807C00315000,0.79,0.81
1785953782.428,AAPL260807C00315000,0.8,0.81
1785953784.657,AAPL260807C00315000,0.8,0.81
1785953786.078,AAPL260807C00315000,0.8,0.81
1785953787.073,AAPL260807C00315000,0.8,0.81
1785953788.230,AAPL260807C00315000,0.8,0.81
1785953789.417,AAPL260807C00315000,0.8,0.81
1785953790.044,AAPL260807C00315000,0.8,0.81
1785953791.052,AAPL260807C00315000,0.8,0.81
1785953792.964,AAPL260807C00315000,0.8,0.81
1785953793.102,AAPL260807C00315000,0.8,0.81
1785953794.237,AAPL260807C00315000,0.8,0.81
1785953795.155,AAPL260807C00315000,0.8,0.81
1785953796.581,AAPL260807C00315000,0.8,0.81
1785953797.091,AAPL260807C00315000,0.8,0.81
1785953798.671,AAPL260807C00315000,0.8,0.81
1785953799.997,AAPL260807C00315000,0.8,0.81
1785953800.156,AAPL260807C00315000,0.8,0.81
1785953801.011,AAPL260807C00315000,0.8,0.81
1785953802.740,AAPL260807C00315000,0.8,0.81
1785953803.056,AAPL260807C00315000,0.8,0.81
1785953804.087,AAPL260807C00315000,0.8,0.81
1785953805.288,AAPL260807C00315000,0.8,0.81
1785953806.110,AAPL260807C00315000,0.8,0.81
1785953810.975,AAPL260807C00315000,0.8,0.81
1785953811.298,AAPL260807C00315000,0.8,0.81
1785953812.170,AAPL260807C00315000,0.8,0.81
1785953816.602,AAPL260807C00315000,0.8,0.81
1785953818.692,AAPL260807C00315000,0.8,0.81
1785953819.015,AAPL260807C00315000,0.8,0.81
1785953820.014,AAPL260807C00315000,0.79,0.81
1785953821.115,AAPL260807C00315000,0.79,0.81
1785953822.454,AAPL260807C00315000,0.79,0.81
1785953823.729,AAPL260807C00315000,0.79,0.81
1785953824.160,AAPL260807C00315000,0.79,0.81
1785953825.305,AAPL260807C00315000,0.79,0.81
1785953826.316,AAPL260807C00315000,0.8,0.81
1785953827.713,AAPL260807C00315000,0.8,0.81
1785953828.126,AAPL260807C00315000,0.8,0.81
1785953829.153,AAPL260807C00315000,0.8,0.81
1785953830.070,AAPL260807C00315000,0.8,0.81
1785953831.848,AAPL260807C00315000,0.8,0.81
1785953832.047,AAPL260807C00315000,0.8,0.81
1785953833.296,AAPL260807C00315000,0.8,0.81
1785953834.767,AAPL260807C00315000,0.8,0.81
1785953836.347,AAPL260807C00315000,0.8,0.81
1785953837.136,AAPL260807C00315000,0.8,0.81
1785953838.780,AAPL260807C00315000,0.8,0.81
1785953839.162,AAPL260807C00315000,0.8,0.81
1785953840.321,AAPL260807C00315000,0.8,0.81
1785953841.610,AAPL260807C00315000,0.8,0.81
1785953842.610,AAPL260807C00315000,0.8,0.81
1785953843.203,AAPL260807C00315000,0.8,0.81
1785953844.777,AAPL260807C00315000,0.8,0.81
1785953846.626,AAPL260807C00315000,0.8,0.81
1785953847.180,AAPL260807C00315000,0.8,0.81
1785953848.111,AAPL260807C00315000,0.79,0.8
1785953849.157,AAPL260807C00315000,0.79,0.8
1785953851.624,AAPL260807C00315000,0.79,0.8
1785953852.148,AAPL260807C00315000,0.79,0.8
1785953853.111,AAPL260807C00315000,0.79,0.8
1785953854.050,AAPL260807C00315000,0.79,0.8
1785953855.422,AAPL260807C00315000,0.79,0.8
1785953856.622,AAPL260807C00315000,0.79,0.8
1785953857.178,AAPL260807C00315000,0.79,0.8
1785953858.112,AAPL260807C00315000,0.79,0.8
1785953859.070,AAPL260807C00315000,0.79,0.8
1785953860.136,AAPL260807C00315000,0.79,0.8
1785953861.173,AAPL260807C00315000,0.79,0.8
1785953862.169,AAPL260807C00315000,0.79,0.81
1785953863.177,AAPL260807C00315000,0.79,0.81
1785953864.007,AAPL260807C00315000,0.8,0.81
1785953865.063,AAPL260807C00315000,0.8,0.81
1785953867.585,AAPL260807C00315000,0.8,0.81
1785953876.755,AAPL260807C00315000,0.8,0.81
1785953877.104,AAPL260807C00315000,0.8,0.81
1785953878.018,AAPL260807C00315000,0.8,0.81
1785953879.504,AAPL260807C00315000,0.8,0.81
1785953880.054,AAPL260807C00315000,0.8,0.81
1785953881.006,AAPL260807C00315000,0.8,0.81
1785953882.485,AAPL260807C00315000,0.8,0.81
1785953883.504,AAPL260807C00315000,0.8,0.81
1785953885.168,AAPL260807C00315000,0.8,0.81
1785953886.430,AAPL260807C00315000,0.8,0.81
1785953890.000,AAPL260807C00315000,0.8,0.81
1785953890.001,AAPL260807C00315000,0.8,0.81
1785953892.412,AAPL260807C00315000,0.8,0.81
1785953896.412,AAPL260807C00315000,0.8,0.81
1785953898.535,AAPL260807C00315000,0.8,0.81
1785953902.672,AAPL260807C00315000,0.8,0.81
1785953904.168,AAPL260807C00315000,0.8,0.81
1785953908.334,AAPL260807C00315000,0.8,0.81
1785953913.055,AAPL260807C00315000,0.8,0.81
1785953915.232,AAPL260807C00315000,0.8,0.81
1785953916.047,AAPL260807C00315000,0.8,0.81
1785953917.170,AAPL260807C00315000,0.8,0.81
1785953921.983,AAPL260807C00315000,0.8,0.81
1785953922.018,AAPL260807C00315000,0.8,0.81
1785953925.093,AAPL260807C00315000,0.8,0.81
1785953926.081,AAPL260807C00315000,0.79,0.81
1785953928.175,AAPL260807C00315000,0.79,0.8
1785953929.024,AAPL260807C00315000,0.79,0.8
1785953930.044,AAPL260807C00315000,0.79,0.8
1785953931.446,AAPL260807C00315000,0.79,0.8
1785953932.918,AAPL260807C00315000,0.79,0.8
1785953934.625,AAPL260807C00315000,0.79,0.8
1785953937.912,AAPL260807C00315000,0.79,0.8
1785953938.073,AAPL260807C00315000,0.79,0.8
1785953939.735,AAPL260807C00315000,0.79,0.8
1785953941.290,AAPL260807C00315000,0.79,0.8
1785953942.165,AAPL260807C00315000,0.79,0.8
1785953943.107,AAPL260807C00315000,0.79,0.8
1785953944.539,AAPL260807C00315000,0.79,0.8
1785953948.522,AAPL260807C00315000,0.79,0.8
1785953949.173,AAPL260807C00315000,0.79,0.8
1785953950.507,AAPL260807C00315000,0.79,0.8
1785953951.001,AAPL260807C00315000,0.79,0.8
1785953952.433,AAPL260807C00315000,0.78,0.79
1785953953.098,AAPL260807C00315000,0.78,0.79
1785953954.110,AAPL260807C00315000,0.78,0.79
1785953955.131,AAPL260807C00315000,0.78,0.79
1785953956.428,AAPL260807C00315000,0.78,0.79
1785953958.151,AAPL260807C00315000,0.78,0.79
1785953959.417,AAPL260807C00315000,0.78,0.79
1785953960.860,AAPL260807C00315000,0.78,0.79
1785953961.283,AAPL260807C00315000,0.78,0.79
1785953965.131,AAPL260807C00315000,0.78,0.79
1785953966.384,AAPL260807C00315000,0.78,0.79
1785953967.457,AAPL260807C00315000,0.78,0.79
1785953968.313,AAPL260807C00315000,0.78,0.79
1785953972.140,AAPL260807C00315000,0.78,0.79
1785953973.141,AAPL260807C00315000,0.78,0.79
1785953975.101,AAPL260807C00315000,0.78,0.79
1785953976.808,AAPL260807C00315000,0.78,0.79
1785953978.012,AAPL260807C00315000,0.78,0.79
1785953979.761,AAPL260807C00315000,0.78,0.79
1785953980.319,AAPL260807C00315000,0.78,0.79
1785953981.156,AAPL260807C00315000,0.78,0.79
1785953982.651,AAPL260807C00315000,0.78,0.79
1785953985.774,AAPL260807C00315000,0.78,0.79
1785953986.102,AAPL260807C00315000,0.78,0.79
1785953987.416,AAPL260807C00315000,0.78,0.79
1785953988.373,AAPL260807C00315000,0.78,0.79
1785953989.853,AAPL260807C00315000,0.78,0.79
1785953990.382,AAPL260807C00315000,0.78,0.79
1785953991.180,AAPL260807C00315000,0.78,0.79
1785953992.017,AAPL260807C00315000,0.78,0.79
1785953993.109,AAPL260807C00315000,0.78,0.79
1785953994.840,AAPL260807C00315000,0.78,0.79
1785953996.058,AAPL260807C00315000,0.78,0.79
1785953997.172,AAPL260807C00315000,0.78,0.8
1785953998.047,AAPL260807C00315000,0.78,0.8
1785953999.216,AAPL260807C00315000,0.78,0.8
1785954000.022,AAPL260807C00315000,0.78,0.8
1785954001.153,AAPL260807C00315000,0.78,0.8
1785954002.099,AAPL260807C00315000,0.78,0.8
1785954003.101,AAPL260807C00315000,0.78,0.8
1785954004.293,AAPL260807C00315000,0.78,0.8
1785954005.015,AAPL260807C00315000,0.78,0.8
1785954006.083,AAPL260807C00315000,0.78,0.8
1785954007.335,AAPL260807C00315000,0.78,0.8
1785954008.163,AAPL260807C00315000,0.78,0.8
1785954009.067,AAPL260807C00315000,0.78,0.8
1785954010.159,AAPL260807C00315000,0.78,0.8
1785954012.191,AAPL260807C00315000,0.78,0.8
1785954013.123,AAPL260807C00315000,0.78,0.8
1785954014.009,AAPL260807C00315000,0.78,0.8
1785954017.002,AAPL260807C00315000,0.78,0.8
1785954018.374,AAPL260807C00315000,0.78,0.8
1785954019.024,AAPL260807C00315000,0.78,0.8
1785954020.163,AAPL260807C00315000,0.78,0.8
1785954021.111,AAPL260807C00315000,0.78,0.8
1785954022.626,AAPL260807C00315000,0.78,0.8
1785954023.038,AAPL260807C00315000,0.78,0.8
1785954024.173,AAPL260807C00315000,0.78,0.79
1785954025.742,AAPL260807C00315000,0.78,0.79
1785954026.780,AAPL260807C00315000,0.78,0.79
1785954027.824,AAPL260807C00315000,0.78,0.79
1785954028.007,AAPL260807C00315000,0.78,0.79
1785954029.424,AAPL260807C00315000,0.78,0.79
1785954030.008,AAPL260807C00315000,0.78,0.79
1785954032.663,AAPL260807C00315000,0.78,0.79
1785954034.897,AAPL260807C00315000,0.78,0.79
1785954036.988,AAPL260807C00315000,0.78,0.79
1785954039.165,AAPL260807C00315000,0.78,0.79
1785954040.117,AAPL260807C00315000,0.78,0.79
1785954041.037,AAPL260807C00315000,0.78,0.79
1785954042.192,AAPL260807C00315000,0.78,0.79
1785954043.110,AAPL260807C00315000,0.78,0.79
1785954044.162,AAPL260807C00315000,0.78,0.79
1785954045.320,AAPL260807C00315000,0.78,0.79
1785954046.093,AAPL260807C00315000,0.78,0.79
1785954047.190,AAPL260807C00315000,0.78,0.79
1785954048.291,AAPL260807C00315000,0.78,0.79
1785954049.402,AAPL260807C00315000,0.78,0.79
1785954050.032,AAPL260807C00315000,0.78,0.79
1785954051.011,AAPL260807C00315000,0.78,0.79
1785954052.182,AAPL260807C00315000,0.78,0.79
1785954055.036,AAPL260807C00315000,0.78,0.79
1785954056.405,AAPL260807C00315000,0.78,0.79
1785954057.367,AAPL260807C00315000,0.78,0.79
1785954058.042,AAPL260807C00315000,0.78,0.79
1785954059.416,AAPL260807C00315000,0.78,0.79
1785954060.059,AAPL260807C00315000,0.78,0.79
1785954061.697,AAPL260807C00315000,0.78,0.79
1785954062.171,AAPL260807C00315000,0.78,0.79
1785954063.089,AAPL260807C00315000,0.78,0.79
1785954064.210,AAPL260807C00315000,0.78,0.79
1785954065.114,AAPL260807C00315000,0.78,0.79
1785954066.671,AAPL260807C00315000,0.78,0.79
1785954067.022,AAPL260807C00315000,0.78,0.79
1785954068.013,AAPL260807C00315000,0.78,0.79
1785954069.050,AAPL260807C00315000,0.78,0.79
1785954070.107,AAPL260807C00315000,0.78,0.79
1785954071.162,AAPL260807C00315000,0.78,0.79
1785954072.544,AAPL260807C00315000,0.78,0.79
1785954073.412,AAPL260807C00315000,0.78,0.79
1785954074.359,AAPL260807C00315000,0.78,0.79
1785954075.090,AAPL260807C00315000,0.78,0.79
1785954076.448,AAPL260807C00315000,0.78,0.79
1785954077.032,AAPL260807C00315000,0.78,0.79
1785954079.093,AAPL260807C00315000,0.78,0.79
1785954081.751,AAPL260807C00315000,0.78,0.79
1785954082.039,AAPL260807C00315000,0.78,0.79
1785954086.694,AAPL260807C00315000,0.78,0.79
1785954087.170,AAPL260807C00315000,0.78,0.79
1785954088.163,AAPL260807C00315000,0.78,0.79
1785954089.050,AAPL260807C00315000,0.78,0.79
1785954090.708,AAPL260807C00315000,0.78,0.79
1785954091.071,AAPL260807C00315000,0.78,0.79
1785954093.172,AAPL260807C00315000,0.78,0.79
1785954094.219,AAPL260807C00315000,0.78,0.79
1785954095.109,AAPL260807C00315000,0.78,0.79
1785954096.201,AAPL260807C00315000,0.78,0.79
1785954097.652,AAPL260807C00315000,0.78,0.79
1785954103.113,AAPL260807C00315000,0.78,0.79
1785954104.234,AAPL260807C00315000,0.78,0.8
1785954105.005,AAPL260807C00315000,0.78,0.8
1785954107.171,AAPL260807C00315000,0.78,0.8
1785954109.418,AAPL260807C00315000,0.78,0.8
1785954113.120,AAPL260807C00315000,0.78,0.8
1785954114.348,AAPL260807C00315000,0.78,0.8
1785954115.160,AAPL260807C00315000,0.78,0.8
1785954116.169,AAPL260807C00315000,0.78,0.8
1785954117.221,AAPL260807C00315000,0.78,0.8
1785954118.808,AAPL260807C00315000,0.78,0.8
1785954119.131,AAPL260807C00315000,0.78,0.8
1785954120.601,AAPL260807C00315000,0.78,0.8
1785954121.054,AAPL260807C00315000,0.78,0.8
1785954122.002,AAPL260807C00315000,0.78,0.8
1785954123.091,AAPL260807C00315000,0.78,0.8
1785954124.564,AAPL260807C00315000,0.78,0.8
1785954125.101,AAPL260807C00315000,0.78,0.8
1785954129.983,AAPL260807C00315000,0.78,0.8
1785954130.301,AAPL260807C00315000,0.78,0.8
1785954131.240,AAPL260807C00315000,0.78,0.8
1785954132.045,AAPL260807C00315000,0.78,0.8
1785954133.056,AAPL260807C00315000,0.78,0.79
1785954134.359,AAPL260807C00315000,0.78,0.79
1785954135.043,AAPL260807C00315000,0.78,0.79
1785954136.005,AAPL260807C00315000,0.78,0.79
1785954137.001,AAPL260807C00315000,0.78,0.79
1785954139.490,AAPL260807C00315000,0.78,0.79
1785954140.175,AAPL260807C00315000,0.78,0.79
1785954141.429,AAPL260807C00315000,0.78,0.79
1785954143.333,AAPL260807C00315000,0.78,0.79
1785954144.033,AAPL260807C00315000,0.78,0.79
1785954146.779,AAPL260807C00315000,0.78,0.79
1785954147.200,AAPL260807C00315000,0.78,0.79
1785954148.117,AAPL260807C00315000,0.78,0.79
1785954149.066,AAPL260807C00315000,0.78,0.79
1785954150.016,AAPL260807C00315000,0.78,0.79
1785954151.188,AAPL260807C00315000,0.78,0.79
1785954152.430,AAPL260807C00315000,0.78,0.79
1785954153.013,AAPL260807C00315000,0.78,0.79
1785954155.172,AAPL260807C00315000,0.78,0.79
1785954157.533,AAPL260807C00315000,0.78,0.79
1785954158.347,AAPL260807C00315000,0.77,0.78
1785954160.298,AAPL260807C00315000,0.77,0.78
1785954161.117,AAPL260807C00315000,0.77,0.78
1785954162.438,AAPL260807C00315000,0.77,0.78
1785954163.808,AAPL260807C00315000,0.77,0.78
1785954166.111,AAPL260807C00315000,0.77,0.78
1785954168.434,AAPL260807C00315000,0.77,0.78
1785954170.173,AAPL260807C00315000,0.77,0.78
1785954171.639,AAPL260807C00315000,0.77,0.78
1785954172.053,AAPL260807C00315000,0.77,0.78
1785954173.170,AAPL260807C00315000,0.77,0.78
1785954174.273,AAPL260807C00315000,0.77,0.78
1785954175.516,AAPL260807C00315000,0.76,0.77
1785954176.885,AAPL260807C00315000,0.76,0.77
1785954177.136,AAPL260807C00315000,0.76,0.77
1785954181.462,AAPL260807C00315000,0.76,0.77
1785954182.003,AAPL260807C00315000,0.76,0.77
1785954183.526,AAPL260807C00315000,0.76,0.77
1785954184.610,AAPL260807C00315000,0.76,0.77
1785954185.797,AAPL260807C00315000,0.76,0.77
1785954186.174,AAPL260807C00315000,0.76,0.77
1785954187.097,AAPL260807C00315000,0.76,0.77
1785954188.097,AAPL260807C00315000,0.76,0.77
1785954189.627,AAPL260807C00315000,0.76,0.77
1785954190.032,AAPL260807C00315000,0.76,0.77
1785954192.131,AAPL260807C00315000,0.76,0.77
1785954193.890,AAPL260807C00315000,0.76,0.77
1785954195.435,AAPL260807C00315000,0.76,0.77
1785954196.017,AAPL260807C00315000,0.76,0.77
1785954197.837,AAPL260807C00315000,0.76,0.77
1785954198.013,AAPL260807C00315000,0.76,0.77
1785954199.232,AAPL260807C00315000,0.76,0.77
1785954200.236,AAPL260807C00315000,0.76,0.77
1785954201.372,AAPL260807C00315000,0.76,0.77
1785954202.402,AAPL260807C00315000,0.76,0.77
1785954203.783,AAPL260807C00315000,0.76,0.77
1785954204.074,AAPL260807C00315000,0.76,0.77
1785954205.188,AAPL260807C00315000,0.76,0.78
1785954206.040,AAPL260807C00315000,0.76,0.78
1785954207.002,AAPL260807C00315000,0.76,0.8
1785954208.145,AAPL260807C00315000,0.76,0.8
1785954209.087,AAPL260807C00315000,0.76,0.8
1785954210.047,AAPL260807C00315000,0.76,0.8
1785954211.153,AAPL260807C00315000,0.76,0.8
1785954212.167,AAPL260807C00315000,0.76,0.8
1785954213.179,AAPL260807C00315000,0.76,0.8
1785954214.025,AAPL260807C00315000,0.76,0.8
1785954215.081,AAPL260807C00315000,0.76,0.8
1785954216.110,AAPL260807C00315000,0.76,0.8
1785954217.239,AAPL260807C00315000,0.76,0.8
1785954218.045,AAPL260807C00315000,0.76,0.8
1785954219.039,AAPL260807C00315000,0.76,0.8
1785954220.072,AAPL260807C00315000,0.76,0.8
1785954221.047,AAPL260807C00315000,0.76,0.8
1785954222.032,AAPL260807C00315000,0.76,0.8
1785954223.023,AAPL260807C00315000,0.76,0.8
1785954224.001,AAPL260807C00315000,0.76,0.8
1785954225.004,AAPL260807C00315000,0.76,0.8
1785954226.127,AAPL260807C00315000,0.76,0.8
1785954227.040,AAPL260807C00315000,0.76,0.8
1785954228.065,AAPL260807C00315000,0.76,0.8
1785954229.067,AAPL260807C00315000,0.76,0.8
1785954230.174,AAPL260807C00315000,0.76,0.8
1785954231.500,AAPL260807C00315000,0.76,0.8
1785954232.017,AAPL260807C00315000,0.76,0.8
1785954233.975,AAPL260807C00315000,0.76,0.8
1785954234.110,AAPL260807C00315000,0.76,0.8
1785954235.333,AAPL260807C00315000,0.76,0.8
1785954236.008,AAPL260807C00315000,0.77,0.8
1785954237.146,AAPL260807C00315000,0.77,0.8
1785954238.618,AAPL260807C00315000,0.77,0.8
1785954239.054,AAPL260807C00315000,0.77,0.8
1785954240.010,AAPL260807C00315000,0.77,0.78
1785954241.602,AAPL260807C00315000,0.77,0.78
1785954242.184,AAPL260807C00315000,0.77,0.78
1785954243.026,AAPL260807C00315000,0.76,0.78
1785954244.019,AAPL260807C00315000,0.76,0.78
1785954245.110,AAPL260807C00315000,0.76,0.78
1785954246.110,AAPL260807C00315000,0.76,0.78
1785954247.300,AAPL260807C00315000,0.76,0.78
1785954248.174,AAPL260807C00315000,0.76,0.78
1785954249.174,AAPL260807C00315000,0.76,0.78
1785954250.572,AAPL260807C00315000,0.76,0.78
1785954251.456,AAPL260807C00315000,0.76,0.78
1785954252.011,AAPL260807C00315000,0.76,0.78
1785954253.056,AAPL260807C00315000,0.76,0.78
1785954254.846,AAPL260807C00315000,0.76,0.78
1785954255.168,AAPL260807C00315000,0.76,0.78
1785954256.013,AAPL260807C00315000,0.76,0.78
1785954257.082,AAPL260807C00315000,0.76,0.78
1785954258.039,AAPL260807C00315000,0.76,0.78
1785954259.076,AAPL260807C00315000,0.76,0.78
1785954260.156,AAPL260807C00315000,0.76,0.78
1785954261.030,AAPL260807C00315000,0.76,0.78
1785954262.410,AAPL260807C00315000,0.76,0.78
1785954263.110,AAPL260807C00315000,0.76,0.78
1785954264.199,AAPL260807C00315000,0.76,0.78
1785954265.013,AAPL260807C00315000,0.76,0.78
1785954266.013,AAPL260807C00315000,0.76,0.78
1785954267.091,AAPL260807C00315000,0.76,0.78
1785954268.303,AAPL260807C00315000,0.76,0.78
1785954269.012,AAPL260807C00315000,0.75,0.77
1785954270.129,AAPL260807C00315000,0.75,0.77
1785954271.009,AAPL260807C00315000,0.75,0.77
1785954272.083,AAPL260807C00315000,0.75,0.77
1785954273.007,AAPL260807C00315000,0.75,0.77
1785954274.061,AAPL260807C00315000,0.75,0.77
1785954275.174,AAPL260807C00315000,0.75,0.77
1785954276.219,AAPL260807C00315000,0.75,0.77
1785954277.190,AAPL260807C00315000,0.75,0.77
1785954278.002,AAPL260807C00315000,0.75,0.77
1785954279.245,AAPL260807C00315000,0.75,0.77
1785954280.279,AAPL260807C00315000,0.75,0.77
1785954281.165,AAPL260807C00315000,0.75,0.77
1785954282.010,AAPL260807C00315000,0.75,0.77
1785954283.006,AAPL260807C00315000,0.75,0.77
1785954284.739,AAPL260807C00315000,0.75,0.77
1785954285.034,AAPL260807C00315000,0.75,0.77
1785954286.254,AAPL260807C00315000,0.75,0.77
1785954287.068,AAPL260807C00315000,0.75,0.77
1785954288.169,AAPL260807C00315000,0.75,0.77
1785954289.211,AAPL260807C00315000,0.75,0.77
1785954290.282,AAPL260807C00315000,0.75,0.77
1785954291.220,AAPL260807C00315000,0.75,0.77
1785954292.171,AAPL260807C00315000,0.75,0.77
1785954294.166,AAPL260807C00315000,0.75,0.77
1785954295.143,AAPL260807C00315000,0.75,0.77
1785954296.176,AAPL260807C00315000,0.75,0.77
1785954298.935,AAPL260807C00315000,0.75,0.77
1785954299.002,AAPL260807C00315000,0.75,0.77
1785954300.183,AAPL260807C00315000,0.75,0.77
1785954301.010,AAPL260807C00315000,0.75,0.77
1785954302.190,AAPL260807C00315000,0.75,0.77
1785954303.164,AAPL260807C00315000,0.75,0.77
1785954304.900,AAPL260807C00315000,0.75,0.77
1785954306.151,AAPL260807C00315000,0.75,0.77
1785954307.927,AAPL260807C00315000,0.75,0.77
1785954308.709,AAPL260807C00315000,0.75,0.77
1785954309.008,AAPL260807C00315000,0.75,0.77
1785954310.183,AAPL260807C00315000,0.75,0.77
1785954312.079,AAPL260807C00315000,0.75,0.77
1785954313.243,AAPL260807C00315000,0.75,0.77
1785954314.100,AAPL260807C00315000,0.75,0.78
1785954315.335,AAPL260807C00315000,0.75,0.78
1785954316.173,AAPL260807C00315000,0.75,0.78
1785954317.106,AAPL260807C00315000,0.75,0.78
1785954318.160,AAPL260807C00315000,0.75,0.78
1785954319.223,AAPL260807C00315000,0.75,0.78
1785954320.011,AAPL260807C00315000,0.75,0.78
1785954321.038,AAPL260807C00315000,0.75,0.78
1785954322.110,AAPL260807C00315000,0.75,0.78
1785954323.164,AAPL260807C00315000,0.75,0.78
1785954324.047,AAPL260807C00315000,0.75,0.78
1785954325.013,AAPL260807C00315000,0.75,0.78
1785954326.071,AAPL260807C00315000,0.75,0.78
1785954327.001,AAPL260807C00315000,0.75,0.78
1785954328.110,AAPL260807C00315000,0.75,0.78
1785954329.019,AAPL260807C00315000,0.75,0.78
1785954330.079,AAPL260807C00315000,0.75,0.78
1785954331.002,AAPL260807C00315000,0.75,0.78
1785954332.075,AAPL260807C00315000,0.75,0.78
1785954333.242,AAPL260807C00315000,0.75,0.78
1785954334.078,AAPL260807C00315000,0.75,0.78
1785954335.629,AAPL260807C00315000,0.75,0.78
1785954336.090,AAPL260807C00315000,0.75,0.78
1785954337.350,AAPL260807C00315000,0.75,0.78
1785954338.026,AAPL260807C00315000,0.75,0.78
1785954339.139,AAPL260807C00315000,0.75,0.78
1785954340.029,AAPL260807C00315000,0.75,0.78
1785954341.194,AAPL260807C00315000,0.75,0.78
1785954342.193,AAPL260807C00315000,0.75,0.78
1785954343.034,AAPL260807C00315000,0.75,0.78
1785954344.165,AAPL260807C00315000,0.75,0.78
1785954345.053,AAPL260807C00315000,0.75,0.78
1785954346.110,AAPL260807C00315000,0.75,0.78
1785954347.078,AAPL260807C00315000,0.75,0.78
1785954348.032,AAPL260807C00315000,0.75,0.78
1785954349.006,AAPL260807C00315000,0.75,0.78
1785954350.404,AAPL260807C00315000,0.75,0.78
1785954351.011,AAPL260807C00315000,0.75,0.78
1785954352.369,AAPL260807C00315000,0.75,0.78
1785954353.003,AAPL260807C00315000,0.75,0.78
1785954354.042,AAPL260807C00315000,0.75,0.78
1785954355.168,AAPL260807C00315000,0.75,0.78
1785954356.058,AAPL260807C00315000,0.75,0.78
1785954357.945,AAPL260807C00315000,0.75,0.78
1785954358.416,AAPL260807C00315000,0.75,0.78
1785954359.089,AAPL260807C00315000,0.75,0.78
1785954360.147,AAPL260807C00315000,0.75,0.78
1785954361.068,AAPL260807C00315000,0.75,0.78
1785954362.021,AAPL260807C00315000,0.75,0.78
1785954363.102,AAPL260807C00315000,0.75,0.77
1785954364.170,AAPL260807C00315000,0.75,0.77
1785954365.102,AAPL260807C00315000,0.75,0.77
1785954366.098,AAPL260807C00315000,0.75,0.77
1785954367.005,AAPL260807C00315000,0.75,0.77
1785954368.921,AAPL260807C00315000,0.75,0.77
1785954369.105,AAPL260807C00315000,0.75,0.77
1785954370.085,AAPL260807C00315000,0.75,0.77
1785954371.721,AAPL260807C00315000,0.75,0.77
1785954372.093,AAPL260807C00315000,0.75,0.77
1785954373.093,AAPL260807C00315000,0.75,0.77
1785954374.084,AAPL260807C00315000,0.75,0.77
1785954375.129,AAPL260807C00315000,0.75,0.77
1785954376.110,AAPL260807C00315000,0.75,0.77
1785954378.048,AAPL260807C00315000,0.75,0.77
1785954379.058,AAPL260807C00315000,0.75,0.77
1785954380.005,AAPL260807C00315000,0.75,0.77
1785954381.075,AAPL260807C00315000,0.75,0.77
1785954382.040,AAPL260807C00315000,0.75,0.77
1785954383.056,AAPL260807C00315000,0.75,0.77
1785954384.127,AAPL260807C00315000,0.75,0.77
1785954385.429,AAPL260807C00315000,0.75,0.77
1785954386.030,AAPL260807C00315000,0.75,0.77
1785954387.027,AAPL260807C00315000,0.75,0.77
1785954388.056,AAPL260807C00315000,0.75,0.77
1785954389.169,AAPL260807C00315000,0.75,0.77
1785954390.091,AAPL260807C00315000,0.75,0.77
1785954391.095,AAPL260807C00315000,0.75,0.77
1785954392.061,AAPL260807C00315000,0.75,0.77
1785954393.665,AAPL260807C00315000,0.75,0.77
1785954394.109,AAPL260807C00315000,0.75,0.77
1785954395.212,AAPL260807C00315000,0.75,0.77
1785954396.897,AAPL260807C00315000,0.75,0.77
1785954397.169,AAPL260807C00315000,0.75,0.77
1785954398.110,AAPL260807C00315000,0.75,0.77
1785954399.702,AAPL260807C00315000,0.75,0.77
1785954400.590,AAPL260807C00315000,0.75,0.77
1785954401.007,AAPL260807C00315000,0.75,0.77
1785954402.046,AAPL260807C00315000,0.75,0.77
1785954403.324,AAPL260807C00315000,0.75,0.77
1785954404.083,AAPL260807C00315000,0.76,0.77
1785954409.421,AAPL260807C00315000,0.76,0.77
1785954410.524,AAPL260807C00315000,0.76,0.77
1785954413.129,AAPL260807C00315000,0.76,0.77
1785954414.073,AAPL260807C00315000,0.76,0.77
1785954415.602,AAPL260807C00315000,0.75,0.77
1785954416.111,AAPL260807C00315000,0.75,0.77
1785954418.110,AAPL260807C00315000,0.75,0.77
1785954419.318,AAPL260807C00315000,0.75,0.77
1785954420.079,AAPL260807C00315000,0.75,0.77
1785954421.051,AAPL260807C00315000,0.75,0.77
1785954422.811,AAPL260807C00315000,0.75,0.77
1785954423.024,AAPL260807C00315000,0.75,0.77
1785954424.787,AAPL260807C00315000,0.75,0.77
1785954425.067,AAPL260807C00315000,0.75,0.77
1785954426.027,AAPL260807C00315000,0.76,0.77
1785954427.153,AAPL260807C00315000,0.75,0.76
1785954428.116,AAPL260807C00315000,0.75,0.76
1785954429.213,AAPL260807C00315000,0.75,0.76
1785954431.943,AAPL260807C00315000,0.75,0.76
1785954432.286,AAPL260807C00315000,0.75,0.76
1785954436.415,AAPL260807C00315000,0.75,0.76
1785954437.001,AAPL260807C00315000,0.75,0.76
1785954438.002,AAPL260807C00315000,0.74,0.76
1785954439.002,AAPL260807C00315000,0.74,0.76
1785954440.013,AAPL260807C00315000,0.74,0.76
1785954441.033,AAPL260807C00315000,0.74,0.76
1785954442.042,AAPL260807C00315000,0.74,0.76
1785954443.007,AAPL260807C00315000,0.74,0.76
1785954444.127,AAPL260807C00315000,0.74,0.76
1785954445.233,AAPL260807C00315000,0.74,0.76
1785954446.030,AAPL260807C00315000,0.74,0.76
1785954447.167,AAPL260807C00315000,0.74,0.76
1785954448.010,AAPL260807C00315000,0.74,0.76
1785954449.166,AAPL260807C00315000,0.74,0.76
1785954450.348,AAPL260807C00315000,0.74,0.76
1785954451.181,AAPL260807C00315000,0.75,0.76
1785954452.079,AAPL260807C00315000,0.74,0.75
1785954454.205,AAPL260807C00315000,0.74,0.75
1785954455.544,AAPL260807C00315000,0.74,0.76
1785954456.140,AAPL260807C00315000,0.74,0.76
1785954457.014,AAPL260807C00315000,0.74,0.76
1785954458.011,AAPL260807C00315000,0.74,0.76
1785954459.151,AAPL260807C00315000,0.74,0.76
1785954460.146,AAPL260807C00315000,0.74,0.76
1785954461.671,AAPL260807C00315000,0.74,0.76
1785954462.027,AAPL260807C00315000,0.74,0.76
1785954463.137,AAPL260807C00315000,0.74,0.76
1785954464.048,AAPL260807C00315000,0.74,0.76
1785954465.394,AAPL260807C00315000,0.74,0.76
1785954466.016,AAPL260807C00315000,0.74,0.76
1785954467.226,AAPL260807C00315000,0.74,0.76
1785954468.491,AAPL260807C00315000,0.74,0.76
1785954469.166,AAPL260807C00315000,0.74,0.76
1785954470.915,AAPL260807C00315000,0.74,0.76
1785954471.184,AAPL260807C00315000,0.74,0.76
1785954473.460,AAPL260807C00315000,0.74,0.76
1785954474.213,AAPL260807C00315000,0.74,0.76
1785954475.690,AAPL260807C00315000,0.74,0.75
1785954476.022,AAPL260807C00315000,0.74,0.75
1785954477.082,AAPL260807C00315000,0.74,0.75
1785954478.711,AAPL260807C00315000,0.74,0.75
1785954479.291,AAPL260807C00315000,0.74,0.75
1785954481.159,AAPL260807C00315000,0.74,0.75
1785954482.967,AAPL260807C00315000,0.74,0.75
1785954484.269,AAPL260807C00315000,0.74,0.75
1785954485.185,AAPL260807C00315000,0.74,0.75
1785954486.134,AAPL260807C00315000,0.74,0.75
1785954487.325,AAPL260807C00315000,0.74,0.76
1785954488.111,AAPL260807C00315000,0.74,0.76
1785954489.862,AAPL260807C00315000,0.74,0.76
1785954490.005,AAPL260807C00315000,0.74,0.76
1785954492.119,AAPL260807C00315000,0.74,0.76
1785954493.175,AAPL260807C00315000,0.74,0.76
1785954494.013,AAPL260807C00315000,0.74,0.76
1785954495.000,AAPL260807C00315000,0.73,0.76
1785954496.110,AAPL260807C00315000,0.73,0.76
1785954497.087,AAPL260807C00315000,0.73,0.76
1785954498.073,AAPL260807C00315000,0.73,0.76
1785954499.171,AAPL260807C00315000,0.73,0.76
1785954500.561,AAPL260807C00315000,0.73,0.76
1785954501.860,AAPL260807C00315000,0.73,0.76
1785954502.075,AAPL260807C00315000,0.73,0.76
1785954503.022,AAPL260807C00315000,0.72,0.75
1785954504.422,AAPL260807C00315000,0.72,0.75
1785954505.985,AAPL260807C00315000,0.72,0.75
1785954506.426,AAPL260807C00315000,0.72,0.75
1785954507.243,AAPL260807C00315000,0.72,0.75
1785954508.141,AAPL260807C00315000,0.72,0.74
1785954509.180,AAPL260807C00315000,0.72,0.74
1785954510.418,AAPL260807C00315000,0.72,0.74
1785954511.318,AAPL260807C00315000,0.72,0.74
1785954512.190,AAPL260807C00315000,0.72,0.73
1785954513.100,AAPL260807C00315000,0.72,0.73
1785954515.108,AAPL260807C00315000,0.72,0.73
1785954516.468,AAPL260807C00315000,0.72,0.73
1785954517.031,AAPL260807C00315000,0.72,0.73
1785954518.333,AAPL260807C00315000,0.72,0.73
1785954519.789,AAPL260807C00315000,0.72,0.73
1785954521.641,AAPL260807C00315000,0.72,0.73
1785954522.167,AAPL260807C00315000,0.72,0.73
1785954523.183,AAPL260807C00315000,0.72,0.73
1785954524.008,AAPL260807C00315000,0.72,0.73
1785954526.787,AAPL260807C00315000,0.72,0.73
1785954527.510,AAPL260807C00315000,0.72,0.73
1785954528.223,AAPL260807C00315000,0.72,0.73
1785954538.134,AAPL260807C00315000,0.72,0.73
1785954539.693,AAPL260807C00315000,0.72,0.73
1785954540.223,AAPL260807C00315000,0.72,0.73
1785954541.271,AAPL260807C00315000,0.72,0.73
1785954543.282,AAPL260807C00315000,0.72,0.73
1785954544.110,AAPL260807C00315000,0.72,0.73
1785954545.028,AAPL260807C00315000,0.72,0.73
1785954546.311,AAPL260807C00315000,0.72,0.73
1785954547.336,AAPL260807C00315000,0.72,0.73
1785954548.336,AAPL260807C00315000,0.72,0.73
1785954550.151,AAPL260807C00315000,0.72,0.73
1785954552.383,AAPL260807C00315000,0.72,0.73
1785954553.083,AAPL260807C00315000,0.72,0.73
1785954554.198,AAPL260807C00315000,0.72,0.73
1785954555.373,AAPL260807C00315000,0.72,0.73
1785954558.032,AAPL260807C00315000,0.72,0.73
1785954559.778,AAPL260807C00315000,0.72,0.73
1785954560.171,AAPL260807C00315000,0.72,0.73
1785954561.103,AAPL260807C00315000,0.72,0.73
1785954563.103,AAPL260807C00315000,0.72,0.73
1785954564.195,AAPL260807C00315000,0.72,0.73
1785954565.742,AAPL260807C00315000,0.72,0.73
1785954566.088,AAPL260807C00315000,0.71,0.73
1785954567.096,AAPL260807C00315000,0.71,0.73
1785954570.107,AAPL260807C00315000,0.71,0.73
1785954571.424,AAPL260807C00315000,0.71,0.73
1785954573.247,AAPL260807C00315000,0.71,0.73
1785954574.015,AAPL260807C00315000,0.71,0.73
1785954575.498,AAPL260807C00315000,0.71,0.73
1785954576.346,AAPL260807C00315000,0.71,0.73
1785954577.022,AAPL260807C00315000,0.71,0.73
1785954578.728,AAPL260807C00315000,0.71,0.73
1785954579.184,AAPL260807C00315000,0.71,0.73
1785954580.237,AAPL260807C00315000,0.71,0.73
1785954581.133,AAPL260807C00315000,0.71,0.73
1785954582.229,AAPL260807C00315000,0.71,0.73
1785954583.046,AAPL260807C00315000,0.7,0.73
1785954584.047,AAPL260807C00315000,0.71,0.73
1785954585.211,AAPL260807C00315000,0.71,0.73
1785954586.206,AAPL260807C00315000,0.71,0.73
1785954587.182,AAPL260807C00315000,0.71,0.73
1785954588.175,AAPL260807C00315000,0.71,0.73
1785954589.167,AAPL260807C00315000,0.72,0.73
1785954590.837,AAPL260807C00315000,0.72,0.73
1785954591.471,AAPL260807C00315000,0.72,0.73
1785954593.679,AAPL260807C00315000,0.72,0.73
1785954594.215,AAPL260807C00315000,0.72,0.73
1785954595.867,AAPL260807C00315000,0.72,0.73
1785954596.697,AAPL260807C00315000,0.72,0.73
1785954597.558,AAPL260807C00315000,0.72,0.73
1785954598.557,AAPL260807C00315000,0.72,0.73
1785954599.142,AAPL260807C00315000,0.72,0.73
1785954600.015,AAPL260807C00315000,0.72,0.73
1785954601.039,AAPL260807C00315000,0.72,0.73
1785954602.245,AAPL260807C00315000,0.72,0.73
1785954603.006,AAPL260807C00315000,0.73,0.75
1785954604.094,AAPL260807C00315000,0.73,0.75
1785954605.141,AAPL260807C00315000,0.74,0.75
1785954606.169,AAPL260807C00315000,0.74,0.75
1785954607.412,AAPL260807C00315000,0.73,0.74
1785954608.010,AAPL260807C00315000,0.73,0.74
1785954609.101,AAPL260807C00315000,0.73,0.74
1785954610.147,AAPL260807C00315000,0.73,0.74
1785954611.341,AAPL260807C00315000,0.73,0.74
1785954612.009,AAPL260807C00315000,0.73,0.74
1785954613.049,AAPL260807C00315000,0.73,0.74
1785954614.031,AAPL260807C00315000,0.73,0.74
1785954615.134,AAPL260807C00315000,0.73,0.74
1785954616.355,AAPL260807C00315000,0.73,0.74
1785954617.267,AAPL260807C00315000,0.73,0.74
1785954618.024,AAPL260807C00315000,0.73,0.74
1785954619.161,AAPL260807C00315000,0.73,0.74
1785954620.348,AAPL260807C00315000,0.73,0.74
1785954621.138,AAPL260807C00315000,0.73,0.74
1785954624.067,AAPL260807C00315000,0.73,0.74
1785954625.167,AAPL260807C00315000,0.72,0.74
1785954626.049,AAPL260807C00315000,0.71,0.73
1785954627.172,AAPL260807C00315000,0.71,0.73
1785954628.352,AAPL260807C00315000,0.71,0.73
1785954629.144,AAPL260807C00315000,0.71,0.73
1785954630.060,AAPL260807C00315000,0.71,0.72
1785954631.077,AAPL260807C00315000,0.71,0.72
1785954632.425,AAPL260807C00315000,0.72,0.73
1785954633.319,AAPL260807C00315000,0.72,0.73
1785954635.319,AAPL260807C00315000,0.72,0.73
1785954636.190,AAPL260807C00315000,0.72,0.73
1785954637.176,AAPL260807C00315000,0.72,0.74
1785954638.048,AAPL260807C00315000,0.72,0.74
1785954639.034,AAPL260807C00315000,0.72,0.74
1785954640.006,AAPL260807C00315000,0.73,0.74
1785954641.018,AAPL260807C00315000,0.73,0.74
1785954643.984,AAPL260807C00315000,0.72,0.74
1785954644.163,AAPL260807C00315000,0.72,0.74
1785954645.048,AAPL260807C00315000,0.72,0.73
1785954646.092,AAPL260807C00315000,0.72,0.73
1785954647.015,AAPL260807C00315000,0.72,0.73
1785954648.205,AAPL260807C00315000,0.72,0.73
1785954649.051,AAPL260807C00315000,0.72,0.74
1785954653.147,AAPL260807C00315000,0.72,0.74
1785954654.071,AAPL260807C00315000,0.72,0.74
1785954655.043,AAPL260807C00315000,0.72,0.74
1785954656.812,AAPL260807C00315000,0.72,0.74
1785954657.050,AAPL260807C00315000,0.72,0.74
1785954658.032,AAPL260807C00315000,0.72,0.74
1785954659.765,AAPL260807C00315000,0.72,0.73
1785954660.141,AAPL260807C00315000,0.72,0.73
1785954661.142,AAPL260807C00315000,0.72,0.73
1785954662.109,AAPL260807C00315000,0.72,0.73
1785954663.312,AAPL260807C00315000,0.72,0.73
1785954664.309,AAPL260807C00315000,0.72,0.73
1785954665.294,AAPL260807C00315000,0.72,0.73
1785954666.415,AAPL260807C00315000,0.72,0.73
1785954667.192,AAPL260807C00315000,0.72,0.73
1785954668.035,AAPL260807C00315000,0.72,0.73
1785954669.549,AAPL260807C00315000,0.72,0.73
1785954671.255,AAPL260807C00315000,0.72,0.73
1785954672.349,AAPL260807C00315000,0.72,0.73
1785954673.101,AAPL260807C00315000,0.72,0.74
1785954674.627,AAPL260807C00315000,0.72,0.74
1785954676.511,AAPL260807C00315000,0.72,0.74
1785954677.071,AAPL260807C00315000,0.72,0.74
1785954678.044,AAPL260807C00315000,0.72,0.74
1785954679.132,AAPL260807C00315000,0.72,0.74
1785954680.034,AAPL260807C00315000,0.72,0.74
1785954681.052,AAPL260807C00315000,0.72,0.74
1785954682.047,AAPL260807C00315000,0.72,0.74
1785954683.110,AAPL260807C00315000,0.72,0.74
1785954684.185,AAPL260807C00315000,0.72,0.74
1785954685.085,AAPL260807C00315000,0.72,0.74
1785954686.193,AAPL260807C00315000,0.72,0.74
1785954687.126,AAPL260807C00315000,0.72,0.74
1785954688.891,AAPL260807C00315000,0.72,0.74
1785954689.014,AAPL260807C00315000,0.72,0.74
1785954690.340,AAPL260807C00315000,0.72,0.74
1785954691.006,AAPL260807C00315000,0.73,0.74
1785954692.869,AAPL260807C00315000,0.73,0.74
1785954693.163,AAPL260807C00315000,0.73,0.74
1785954694.169,AAPL260807C00315000,0.73,0.74
1785954696.059,AAPL260807C00315000,0.73,0.74
1785954697.062,AAPL260807C00315000,0.73,0.74
1785954698.929,AAPL260807C00315000,0.73,0.74
1785954699.181,AAPL260807C00315000,0.73,0.74
1785954700.252,AAPL260807C00315000,0.73,0.74
1785954701.021,AAPL260807C00315000,0.73,0.74
1785954702.080,AAPL260807C00315000,0.73,0.74
1785954703.665,AAPL260807C00315000,0.72,0.74
1785954704.056,AAPL260807C00315000,0.72,0.74
1785954705.195,AAPL260807C00315000,0.72,0.74
1785954706.011,AAPL260807C00315000,0.73,0.74
1785954707.097,AAPL260807C00315000,0.73,0.74
1785954708.231,AAPL260807C00315000,0.73,0.74
1785954709.004,AAPL260807C00315000,0.73,0.74
1785954710.026,AAPL260807C00315000,0.73,0.74
1785954711.053,AAPL260807C00315000,0.73,0.74
1785954712.145,AAPL260807C00315000,0.73,0.74
1785954713.173,AAPL260807C00315000,0.73,0.74
1785954714.217,AAPL260807C00315000,0.73,0.74
1785954715.736,AAPL260807C00315000,0.73,0.74
1785954716.269,AAPL260807C00315000,0.73,0.74
1785954717.237,AAPL260807C00315000,0.73,0.74
1785954718.721,AAPL260807C00315000,0.73,0.74
1785954719.305,AAPL260807C00315000,0.73,0.74
1785954720.041,AAPL260807C00315000,0.73,0.74
1785954721.014,AAPL260807C00315000,0.73,0.74
1785954722.529,AAPL260807C00315000,0.73,0.74
1785954723.162,AAPL260807C00315000,0.73,0.74
1785954724.315,AAPL260807C00315000,0.73,0.74
1785954725.106,AAPL260807C00315000,0.73,0.74
1785954726.516,AAPL260807C00315000,0.73,0.74
1785954727.219,AAPL260807C00315000,0.73,0.74
1785954728.044,AAPL260807C00315000,0.73,0.74
1785954729.173,AAPL260807C00315000,0.73,0.74
1785954730.002,AAPL260807C00315000,0.73,0.74
1785954731.159,AAPL260807C00315000,0.73,0.74
1785954732.031,AAPL260807C00315000,0.72,0.73
1785954733.262,AAPL260807C00315000,0.72,0.73
1785954734.243,AAPL260807C00315000,0.72,0.73
1785954735.107,AAPL260807C00315000,0.72,0.73
1785954736.013,AAPL260807C00315000,0.72,0.74
1785954737.142,AAPL260807C00315000,0.72,0.74
1785954738.321,AAPL260807C00315000,0.72,0.74
1785954739.082,AAPL260807C00315000,0.72,0.74
1785954740.155,AAPL260807C00315000,0.72,0.74
1785954741.054,AAPL260807C00315000,0.72,0.74
1785954742.916,AAPL260807C00315000,0.72,0.74
1785954743.368,AAPL260807C00315000,0.72,0.74
1785954744.253,AAPL260807C00315000,0.72,0.74
1785954745.419,AAPL260807C00315000,0.72,0.74
1785954746.157,AAPL260807C00315000,0.72,0.74
1785954747.534,AAPL260807C00315000,0.72,0.74
1785954748.219,AAPL260807C00315000,0.72,0.74
1785954749.727,AAPL260807C00315000,0.72,0.74
1785954750.274,AAPL260807C00315000,0.72,0.74
1785954752.458,AAPL260807C00315000,0.72,0.74
1785954753.116,AAPL260807C00315000,0.72,0.74
1785954754.074,AAPL260807C00315000,0.72,0.74
1785954756.688,AAPL260807C00315000,0.72,0.74
1785954757.027,AAPL260807C00315000,0.72,0.74
1785954758.422,AAPL260807C00315000,0.72,0.74
1785954760.348,AAPL260807C00315000,0.72,0.74
1785954761.014,AAPL260807C00315000,0.72,0.74
1785954762.150,AAPL260807C00315000,0.72,0.74
1785954763.036,AAPL260807C00315000,0.72,0.74
1785954764.063,AAPL260807C00315000,0.72,0.74
1785954765.193,AAPL260807C00315000,0.72,0.74
1785954766.097,AAPL260807C00315000,0.72,0.74
1785954767.023,AAPL260807C00315000,0.72,0.74
1785954768.051,AAPL260807C00315000,0.72,0.74
1785954769.073,AAPL260807C00315000,0.72,0.74
1785954772.055,AAPL260807C00315000,0.72,0.74
1785954773.041,AAPL260807C00315000,0.72,0.74
1785954774.053,AAPL260807C00315000,0.72,0.74
1785954775.435,AAPL260807C00315000,0.72,0.74
1785954776.914,AAPL260807C00315000,0.72,0.74
1785954777.406,AAPL260807C00315000,0.72,0.74
1785954778.140,AAPL260807C00315000,0.72,0.74
1785954779.015,AAPL260807C00315000,0.72,0.74
1785954780.590,AAPL260807C00315000,0.72,0.74
1785954781.024,AAPL260807C00315000,0.72,0.74
1785954782.098,AAPL260807C00315000,0.72,0.74
1785954783.056,AAPL260807C00315000,0.72,0.74
1785954784.023,AAPL260807C00315000,0.72,0.74
1785954785.046,AAPL260807C00315000,0.72,0.74
1785954786.138,AAPL260807C00315000,0.72,0.74
1785954787.176,AAPL260807C00315000,0.72,0.74
1785954788.558,AAPL260807C00315000,0.72,0.74
1785954789.021,AAPL260807C00315000,0.72,0.74
1785954790.002,AAPL260807C00315000,0.72,0.74
1785954791.517,AAPL260807C00315000,0.72,0.74
1785954792.781,AAPL260807C00315000,0.72,0.74
1785954793.157,AAPL260807C00315000,0.72,0.74
1785954795.307,AAPL260807C00315000,0.72,0.74
1785954796.037,AAPL260807C00315000,0.72,0.74
1785954797.166,AAPL260807C00315000,0.72,0.74
1785954798.235,AAPL260807C00315000,0.72,0.74
1785954800.263,AAPL260807C00315000,0.72,0.74
1785954802.422,AAPL260807C00315000,0.72,0.74
1785954804.390,AAPL260807C00315000,0.72,0.74
1785954805.570,AAPL260807C00315000,0.72,0.74
1785954806.183,AAPL260807C00315000,0.72,0.74
1785954808.386,AAPL260807C00315000,0.72,0.74
1785954809.177,AAPL260807C00315000,0.74,0.75
1785954810.711,AAPL260807C00315000,0.74,0.75
1785954811.021,AAPL260807C00315000,0.74,0.75
1785954812.005,AAPL260807C00315000,0.74,0.75
1785954814.917,AAPL260807C00315000,0.74,0.75
1785954815.002,AAPL260807C00315000,0.75,0.76
1785954816.026,AAPL260807C00315000,0.75,0.76
1785954817.097,AAPL260807C00315000,0.75,0.76
1785954818.117,AAPL260807C00315000,0.75,0.76
1785954819.979,AAPL260807C00315000,0.75,0.76
1785954820.178,AAPL260807C00315000,0.75,0.76
1785954822.086,AAPL260807C00315000,0.75,0.76
1785954823.039,AAPL260807C00315000,0.75,0.76
1785954824.672,AAPL260807C00315000,0.75,0.76
1785954828.488,AAPL260807C00315000,0.75,0.76
1785954829.267,AAPL260807C00315000,0.75,0.76
1785954830.200,AAPL260807C00315000,0.75,0.76
1785954831.840,AAPL260807C00315000,0.75,0.76
1785954833.047,AAPL260807C00315000,0.75,0.76
1785954834.755,AAPL260807C00315000,0.75,0.76
1785954835.168,AAPL260807C00315000,0.75,0.76
1785954837.290,AAPL260807C00315000,0.75,0.76
1785954838.122,AAPL260807C00315000,0.75,0.76
1785954839.233,AAPL260807C00315000,0.75,0.76
1785954840.092,AAPL260807C00315000,0.75,0.76
1785954841.137,AAPL260807C00315000,0.75,0.76
1785954842.476,AAPL260807C00315000,0.75,0.76
1785954843.235,AAPL260807C00315000,0.75,0.76
1785954844.119,AAPL260807C00315000,0.75,0.76
1785954846.361,AAPL260807C00315000,0.75,0.76
1785954847.150,AAPL260807C00315000,0.75,0.77
1785954848.025,AAPL260807C00315000,0.75,0.77
1785954849.042,AAPL260807C00315000,0.75,0.77
1785954850.050,AAPL260807C00315000,0.75,0.77
1785954851.088,AAPL260807C00315000,0.75,0.77
1785954852.169,AAPL260807C00315000,0.75,0.77
1785954853.046,AAPL260807C00315000,0.75,0.77
1785954854.094,AAPL260807C00315000,0.75,0.77
1785954855.448,AAPL260807C00315000,0.75,0.77
1785954856.017,AAPL260807C00315000,0.75,0.77
1785954857.140,AAPL260807C00315000,0.75,0.77
1785954858.169,AAPL260807C00315000,0.75,0.76
1785954859.083,AAPL260807C00315000,0.75,0.76
1785954860.101,AAPL260807C00315000,0.75,0.76
1785954861.083,AAPL260807C00315000,0.75,0.77
1785954862.087,AAPL260807C00315000,0.75,0.77
1785954863.092,AAPL260807C00315000,0.75,0.77
1785954864.045,AAPL260807C00315000,0.75,0.77
1785954865.003,AAPL260807C00315000,0.75,0.77
1785954866.036,AAPL260807C00315000,0.75,0.77
1785954867.865,AAPL260807C00315000,0.75,0.77
1785954868.069,AAPL260807C00315000,0.75,0.77
1785954869.010,AAPL260807C00315000,0.75,0.77
1785954870.093,AAPL260807C00315000,0.75,0.77
1785954871.510,AAPL260807C00315000,0.75,0.77
1785954872.235,AAPL260807C00315000,0.75,0.77
1785954873.108,AAPL260807C00315000,0.75,0.77
1785954874.714,AAPL260807C00315000,0.75,0.77
1785954876.413,AAPL260807C00315000,0.75,0.77
1785954877.713,AAPL260807C00315000,0.75,0.77
1785954878.065,AAPL260807C00315000,0.75,0.77
1785954879.176,AAPL260807C00315000,0.75,0.77
1785954880.119,AAPL260807C00315000,0.75,0.77
1785954882.092,AAPL260807C00315000,0.75,0.77
1785954883.100,AAPL260807C00315000,0.75,0.77
1785954885.019,AAPL260807C00315000,0.75,0.77
1785954886.034,AAPL260807C00315000,0.75,0.77
1785954887.015,AAPL260807C00315000,0.75,0.77
1785954888.131,AAPL260807C00315000,0.75,0.77
1785954889.169,AAPL260807C00315000,0.76,0.77
1785954890.671,AAPL260807C00315000,0.76,0.77
1785954891.665,AAPL260807C00315000,0.76,0.77
1785954892.575,AAPL260807C00315000,0.76,0.77
1785954893.026,AAPL260807C00315000,0.76,0.77
1785954894.036,AAPL260807C00315000,0.76,0.77
1785954895.039,AAPL260807C00315000,0.75,0.77
1785954896.036,AAPL260807C00315000,0.75,0.77
1785954897.282,AAPL260807C00315000,0.75,0.77
1785954898.088,AAPL260807C00315000,0.75,0.77
1785954899.587,AAPL260807C00315000,0.75,0.77
1785954900.043,AAPL260807C00315000,0.75,0.77
1785954901.093,AAPL260807C00315000,0.75,0.77
1785954902.057,AAPL260807C00315000,0.75,0.77
1785954903.077,AAPL260807C00315000,0.75,0.77
1785954904.534,AAPL260807C00315000,0.75,0.77
1785954905.095,AAPL260807C00315000,0.75,0.77
1785954906.064,AAPL260807C00315000,0.75,0.77
1785954907.060,AAPL260807C00315000,0.75,0.77
1785954908.098,AAPL260807C00315000,0.75,0.77
1785954909.033,AAPL260807C00315000,0.75,0.77
1785954910.072,AAPL260807C00315000,0.75,0.77
1785954911.098,AAPL260807C00315000,0.75,0.77
1785954912.665,AAPL260807C00315000,0.75,0.77
1785954913.101,AAPL260807C00315000,0.75,0.77
1785954914.402,AAPL260807C00315000,0.75,0.77
1785954915.110,AAPL260807C00315000,0.75,0.77
1785954916.410,AAPL260807C00315000,0.75,0.77
1785954917.026,AAPL260807C00315000,0.75,0.77
1785954918.430,AAPL260807C00315000,0.75,0.77
1785954919.031,AAPL260807C00315000,0.75,0.77
1785954920.603,AAPL260807C00315000,0.75,0.77
1785954921.111,AAPL260807C00315000,0.75,0.77
1785954922.410,AAPL260807C00315000,0.75,0.77
1785954923.171,AAPL260807C00315000,0.75,0.77
1785954924.023,AAPL260807C00315000,0.75,0.77
1785954925.016,AAPL260807C00315000,0.75,0.77
1785954926.108,AAPL260807C00315000,0.75,0.77
1785954927.175,AAPL260807C00315000,0.75,0.77
1785954928.092,AAPL260807C00315000,0.75,0.77
1785954929.190,AAPL260807C00315000,0.75,0.77
1785954930.065,AAPL260807C00315000,0.75,0.77
1785954932.171,AAPL260807C00315000,0.75,0.77
1785954933.180,AAPL260807C00315000,0.75,0.77
1785954934.089,AAPL260807C00315000,0.75,0.77
1785954935.008,AAPL260807C00315000,0.75,0.77
1785954936.010,AAPL260807C00315000,0.76,0.77
1785954937.132,AAPL260807C00315000,0.77,0.78
1785954938.176,AAPL260807C00315000,0.77,0.78
1785954939.125,AAPL260807C00315000,0.76,0.78
1785954940.169,AAPL260807C00315000,0.76,0.78
1785954941.089,AAPL260807C00315000,0.76,0.78
1785954942.006,AAPL260807C00315000,0.76,0.78
1785954943.163,AAPL260807C00315000,0.76,0.78
1785954944.121,AAPL260807C00315000,0.77,0.77
1785954945.166,AAPL260807C00315000,0.77,0.78
1785954946.424,AAPL260807C00315000,0.77,0.78
1785954947.560,AAPL260807C00315000,0.77,0.78
1785954948.347,AAPL260807C00315000,0.76,0.77
1785954949.021,AAPL260807C00315000,0.76,0.77
1785954950.022,AAPL260807C00315000,0.76,0.77
1785954951.109,AAPL260807C00315000,0.76,0.77
1785954952.001,AAPL260807C00315000,0.76,0.78
1785954954.991,AAPL260807C00315000,0.76,0.78
1785954955.002,AAPL260807C00315000,0.76,0.78
1785954956.305,AAPL260807C00315000,0.75,0.78
1785954957.011,AAPL260807C00315000,0.75,0.78
1785954959.168,AAPL260807C00315000,0.75,0.78
1785954960.856,AAPL260807C00315000,0.77,0.78
1785954963.613,AAPL260807C00315000,0.77,0.78
1785954964.171,AAPL260807C00315000,0.75,0.77
1785954965.711,AAPL260807C00315000,0.75,0.77
1785954966.013,AAPL260807C00315000,0.75,0.77
1785954967.788,AAPL260807C00315000,0.75,0.77
1785954968.012,AAPL260807C00315000,0.75,0.77
1785954969.045,AAPL260807C00315000,0.75,0.77
1785954970.514,AAPL260807C00315000,0.75,0.77
1785954971.081,AAPL260807C00315000,0.75,0.77
1785954972.242,AAPL260807C00315000,0.75,0.77
1785954973.189,AAPL260807C00315000,0.75,0.78
1785954974.538,AAPL260807C00315000,0.75,0.78
1785954975.158,AAPL260807C00315000,0.75,0.78
1785954976.027,AAPL260807C00315000,0.75,0.78
1785954977.183,AAPL260807C00315000,0.75,0.78
1785954978.459,AAPL260807C00315000,0.75,0.78
1785954979.044,AAPL260807C00315000,0.75,0.78
1785954980.152,AAPL260807C00315000,0.75,0.78
1785954981.682,AAPL260807C00315000,0.75,0.78
1785954982.447,AAPL260807C00315000,0.75,0.78
1785954983.014,AAPL260807C00315000,0.75,0.78
1785954986.188,AAPL260807C00315000,0.75,0.78
1785954987.088,AAPL260807C00315000,0.75,0.78
1785954989.761,AAPL260807C00315000,0.75,0.78
1785954990.056,AAPL260807C00315000,0.75,0.78
1785954991.057,AAPL260807C00315000,0.75,0.78
1785954992.609,AAPL260807C00315000,0.75,0.78
1785954993.715,AAPL260807C00315000,0.75,0.78
1785954995.658,AAPL260807C00315000,0.75,0.78
1785954996.112,AAPL260807C00315000,0.75,0.78
1785954997.021,AAPL260807C00315000,0.75,0.78
1785954998.012,AAPL260807C00315000,0.75,0.78
1785954999.227,AAPL260807C00315000,0.75,0.78
1785955000.231,AAPL260807C00315000,0.75,0.78
1785955001.316,AAPL260807C00315000,0.75,0.78
1785955003.248,AAPL260807C00315000,0.75,0.78
1785955004.068,AAPL260807C00315000,0.75,0.78
1785955005.104,AAPL260807C00315000,0.75,0.78
1785955006.307,AAPL260807C00315000,0.75,0.78
1785955007.100,AAPL260807C00315000,0.75,0.78
1785955008.804,AAPL260807C00315000,0.75,0.78
1785955009.262,AAPL260807C00315000,0.75,0.78
1785955010.059,AAPL260807C00315000,0.75,0.78
1785955011.942,AAPL260807C00315000,0.75,0.78
1785955012.004,AAPL260807C00315000,0.75,0.78
1785955013.086,AAPL260807C00315000,0.75,0.78
1785955014.176,AAPL260807C00315000,0.75,0.78
1785955015.078,AAPL260807C00315000,0.75,0.78
1785955019.417,AAPL260807C00315000,0.75,0.77
1785955021.162,AAPL260807C00315000,0.75,0.77
1785955022.416,AAPL260807C00315000,0.75,0.77
1785955024.040,AAPL260807C00315000,0.76,0.77
1785955025.048,AAPL260807C00315000,0.76,0.77
1785955026.004,AAPL260807C00315000,0.76,0.77
1785955027.035,AAPL260807C00315000,0.76,0.77
1785955028.032,AAPL260807C00315000,0.76,0.77
1785955029.110,AAPL260807C00315000,0.76,0.77
1785955030.004,AAPL260807C00315000,0.76,0.77
1785955031.921,AAPL260807C00315000,0.76,0.77
1785955032.671,AAPL260807C00315000,0.76,0.77
1785955033.038,AAPL260807C00315000,0.76,0.77
1785955036.407,AAPL260807C00315000,0.76,0.77
1785955037.167,AAPL260807C00315000,0.76,0.77
1785955039.220,AAPL260807C00315000,0.76,0.77
1785955040.921,AAPL260807C00315000,0.76,0.77
1785955041.026,AAPL260807C00315000,0.76,0.77
1785955042.112,AAPL260807C00315000,0.76,0.77
1785955044.163,AAPL260807C00315000,0.76,0.77
1785955045.031,AAPL260807C00315000,0.76,0.77
1785955046.107,AAPL260807C00315000,0.76,0.77
1785955047.001,AAPL260807C00315000,0.76,0.77
1785955048.185,AAPL260807C00315000,0.76,0.77
1785955050.094,AAPL260807C00315000,0.76,0.77
1785955051.046,AAPL260807C00315000,0.76,0.77
1785955052.036,AAPL260807C00315000,0.76,0.77
1785955053.487,AAPL260807C00315000,0.76,0.77
1785955054.230,AAPL260807C00315000,0.76,0.77
1785955055.090,AAPL260807C00315000,0.76,0.77
1785955056.034,AAPL260807C00315000,0.76,0.77
1785955057.073,AAPL260807C00315000,0.76,0.77
1785955058.582,AAPL260807C00315000,0.76,0.77
1785955059.191,AAPL260807C00315000,0.76,0.77
1785955060.403,AAPL260807C00315000,0.76,0.77
1785955061.073,AAPL260807C00315000,0.76,0.77
1785955062.184,AAPL260807C00315000,0.76,0.77
1785955063.034,AAPL260807C00315000,0.76,0.77
1785955064.001,AAPL260807C00315000,0.76,0.77
1785955066.068,AAPL260807C00315000,0.76,0.77
1785955067.193,AAPL260807C00315000,0.76,0.77
1785955068.016,AAPL260807C00315000,0.76,0.77
1785955069.410,AAPL260807C00315000,0.77,0.78
1785955070.011,AAPL260807C00315000,0.76,0.78
1785955071.958,AAPL260807C00315000,0.76,0.78
1785955072.180,AAPL260807C00315000,0.76,0.78
1785955073.092,AAPL260807C00315000,0.76,0.78
1785955074.160,AAPL260807C00315000,0.76,0.78
1785955075.048,AAPL260807C00315000,0.76,0.78
1785955076.003,AAPL260807C00315000,0.76,0.78
1785955077.045,AAPL260807C00315000,0.76,0.78
1785955078.035,AAPL260807C00315000,0.76,0.78
1785955079.603,AAPL260807C00315000,0.76,0.78
1785955080.015,AAPL260807C00315000,0.76,0.78
1785955081.042,AAPL260807C00315000,0.76,0.78
1785955082.165,AAPL260807C00315000,0.76,0.78
1785955083.167,AAPL260807C00315000,0.76,0.78
1785955084.019,AAPL260807C00315000,0.76,0.78
1785955085.178,AAPL260807C00315000,0.76,0.78
1785955086.349,AAPL260807C00315000,0.76,0.77
1785955087.317,AAPL260807C00315000,0.76,0.77
1785955088.109,AAPL260807C00315000,0.76,0.77
1785955090.004,AAPL260807C00315000,0.76,0.77
1785955091.110,AAPL260807C00315000,0.76,0.77
1785955092.668,AAPL260807C00315000,0.76,0.78
1785955093.574,AAPL260807C00315000,0.76,0.78
1785955094.030,AAPL260807C00315000,0.76,0.78
1785955095.217,AAPL260807C00315000,0.77,0.78
1785955096.292,AAPL260807C00315000,0.77,0.78
1785955097.365,AAPL260807C00315000,0.76,0.77
1785955100.482,AAPL260807C00315000,0.76,0.77
1785955101.785,AAPL260807C00315000,0.76,0.77
1785955102.432,AAPL260807C00315000,0.76,0.77
1785955103.170,AAPL260807C00315000,0.76,0.78
1785955104.169,AAPL260807C00315000,0.76,0.78
1785955105.328,AAPL260807C00315000,0.76,0.78
1785955106.014,AAPL260807C00315000,0.76,0.78
1785955107.168,AAPL260807C00315000,0.76,0.78
1785955108.551,AAPL260807C00315000,0.76,0.78
1785955109.231,AAPL260807C00315000,0.76,0.78
1785955110.079,AAPL260807C00315000,0.76,0.78
1785955111.087,AAPL260807C00315000,0.76,0.78
1785955112.032,AAPL260807C00315000,0.76,0.78
1785955113.091,AAPL260807C00315000,0.76,0.78
1785955114.613,AAPL260807C00315000,0.76,0.78
1785955116.111,AAPL260807C00315000,0.76,0.78
1785955117.109,AAPL260807C00315000,0.76,0.78
1785955118.175,AAPL260807C00315000,0.76,0.78
1785955119.039,AAPL260807C00315000,0.76,0.78
1785955120.071,AAPL260807C00315000,0.76,0.78
1785955122.029,AAPL260807C00315000,0.76,0.78
1785955123.330,AAPL260807C00315000,0.76,0.78
1785955124.110,AAPL260807C00315000,0.76,0.78
1785955125.072,AAPL260807C00315000,0.76,0.78
1785955126.026,AAPL260807C00315000,0.76,0.78
1785955127.549,AAPL260807C00315000,0.76,0.78
1785955128.046,AAPL260807C00315000,0.76,0.78
1785955129.051,AAPL260807C00315000,0.76,0.78
1785955130.097,AAPL260807C00315000,0.76,0.78
1785955131.247,AAPL260807C00315000,0.76,0.78
1785955132.110,AAPL260807C00315000,0.76,0.78
1785955133.366,AAPL260807C00315000,0.76,0.78
1785955134.179,AAPL260807C00315000,0.76,0.79
1785955135.069,AAPL260807C00315000,0.76,0.79
1785955136.004,AAPL260807C00315000,0.76,0.79
1785955137.005,AAPL260807C00315000,0.76,0.79
1785955139.189,AAPL260807C00315000,0.76,0.79
1785955140.089,AAPL260807C00315000,0.76,0.79
1785955141.891,AAPL260807C00315000,0.76,0.79
1785955142.144,AAPL260807C00315000,0.76,0.78
1785955143.004,AAPL260807C00315000,0.76,0.78
1785955146.959,AAPL260807C00315000,0.76,0.78
1785955147.177,AAPL260807C00315000,0.76,0.78
1785955148.096,AAPL260807C00315000,0.76,0.78
1785955149.766,AAPL260807C00315000,0.76,0.78
1785955150.046,AAPL260807C00315000,0.76,0.78
1785955151.280,AAPL260807C00315000,0.77,0.78
1785955152.224,AAPL260807C00315000,0.77,0.78
1785955153.346,AAPL260807C00315000,0.77,0.78
1785955154.004,AAPL260807C00315000,0.77,0.78
1785955155.170,AAPL260807C00315000,0.77,0.78
1785955156.541,AAPL260807C00315000,0.77,0.78
1785955157.110,AAPL260807C00315000,0.77,0.78
1785955158.091,AAPL260807C00315000,0.77,0.78
1785955159.049,AAPL260807C00315000,0.77,0.78
1785955160.032,AAPL260807C00315000,0.77,0.78
1785955161.115,AAPL260807C00315000,0.77,0.78
1785955162.056,AAPL260807C00315000,0.77,0.78
1785955163.086,AAPL260807C00315000,0.77,0.78
1785955164.672,AAPL260807C00315000,0.77,0.78
1785955165.454,AAPL260807C00315000,0.77,0.78
1785955166.201,AAPL260807C00315000,0.77,0.78
1785955167.110,AAPL260807C00315000,0.77,0.78
1785955168.010,AAPL260807C00315000,0.77,0.78
1785955169.412,AAPL260807C00315000,0.77,0.78
1785955170.504,AAPL260807C00315000,0.77,0.78
1785955171.920,AAPL260807C00315000,0.77,0.78
1785955172.110,AAPL260807C00315000,0.77,0.78
1785955173.410,AAPL260807C00315000,0.77,0.78
1785955174.022,AAPL260807C00315000,0.77,0.78
1785955175.123,AAPL260807C00315000,0.77,0.78
1785955176.274,AAPL260807C00315000,0.77,0.78
1785955177.290,AAPL260807C00315000,0.77,0.78
1785955178.067,AAPL260807C00315000,0.77,0.78
1785955179.542,AAPL260807C00315000,0.77,0.78
1785955180.019,AAPL260807C00315000,0.77,0.78
1785955181.037,AAPL260807C00315000,0.77,0.78
1785955184.946,AAPL260807C00315000,0.77,0.78
1785955185.002,AAPL260807C00315000,0.77,0.78
1785955186.425,AAPL260807C00315000,0.77,0.78
1785955187.455,AAPL260807C00315000,0.77,0.78
1785955188.848,AAPL260807C00315000,0.77,0.78
1785955189.761,AAPL260807C00315000,0.77,0.78
1785955190.252,AAPL260807C00315000,0.77,0.78
1785955191.474,AAPL260807C00315000,0.77,0.78
1785955192.089,AAPL260807C00315000,0.77,0.78
1785955193.136,AAPL260807C00315000,0.77,0.78
1785955194.082,AAPL260807C00315000,0.77,0.78
1785955195.060,AAPL260807C00315000,0.78,0.79
1785955196.079,AAPL260807C00315000,0.78,0.79
1785955197.005,AAPL260807C00315000,0.78,0.79
1785955199.044,AAPL260807C00315000,0.78,0.79
1785955200.216,AAPL260807C00315000,0.78,0.79
1785955201.013,AAPL260807C00315000,0.78,0.79
1785955202.132,AAPL260807C00315000,0.77,0.78
1785955203.012,AAPL260807C00315000,0.77,0.78
1785955204.002,AAPL260807C00315000,0.77,0.78
1785955205.009,AAPL260807C00315000,0.78,0.79
1785955206.080,AAPL260807C00315000,0.78,0.79
1785955207.043,AAPL260807C00315000,0.78,0.8
1785955209.045,AAPL260807C00315000,0.78,0.8
1785955210.045,AAPL260807C00315000,0.78,0.8
1785955211.289,AAPL260807C00315000,0.78,0.8
1785955212.210,AAPL260807C00315000,0.78,0.8
1785955213.017,AAPL260807C00315000,0.78,0.8
1785955214.175,AAPL260807C00315000,0.78,0.8
1785955215.874,AAPL260807C00315000,0.78,0.8
1785955216.223,AAPL260807C00315000,0.78,0.8
1785955217.027,AAPL260807C00315000,0.78,0.8
1785955218.023,AAPL260807C00315000,0.78,0.8
1785955219.449,AAPL260807C00315000,0.78,0.8
1785955220.883,AAPL260807C00315000,0.78,0.8
1785955221.479,AAPL260807C00315000,0.78,0.8
1785955222.044,AAPL260807C00315000,0.78,0.8
1785955223.012,AAPL260807C00315000,0.78,0.8
1785955224.081,AAPL260807C00315000,0.78,0.8
1785955226.408,AAPL260807C00315000,0.78,0.8
1785955227.118,AAPL260807C00315000,0.78,0.8
1785955228.352,AAPL260807C00315000,0.78,0.8
1785955229.071,AAPL260807C00315000,0.78,0.8
1785955230.044,AAPL260807C00315000,0.78,0.82
1785955231.502,AAPL260807C00315000,0.78,0.82
1785955232.203,AAPL260807C00315000,0.78,0.82
1785955233.091,AAPL260807C00315000,0.8,0.82
1785955234.051,AAPL260807C00315000,0.8,0.82
1785955235.021,AAPL260807C00315000,0.8,0.82
1785955239.603,AAPL260807C00315000,0.8,0.82
1785955240.105,AAPL260807C00315000,0.8,0.82
1785955241.007,AAPL260807C00315000,0.8,0.81
1785955242.153,AAPL260807C00315000,0.79,0.81
1785955244.239,AAPL260807C00315000,0.79,0.81
1785955247.623,AAPL260807C00315000,0.79,0.81
1785955248.165,AAPL260807C00315000,0.79,0.81
1785955249.128,AAPL260807C00315000,0.79,0.81
1785955250.256,AAPL260807C00315000,0.79,0.81
1785955251.129,AAPL260807C00315000,0.79,0.81
1785955252.429,AAPL260807C00315000,0.81,0.82
1785955253.670,AAPL260807C00315000,0.81,0.82
1785955254.218,AAPL260807C00315000,0.81,0.82
1785955255.345,AAPL260807C00315000,0.79,0.82
1785955256.014,AAPL260807C00315000,0.79,0.82
1785955257.061,AAPL260807C00315000,0.79,0.82
1785955258.033,AAPL260807C00315000,0.79,0.82
1785955259.900,AAPL260807C00315000,0.79,0.82
1785955260.178,AAPL260807C00315000,0.79,0.82
1785955261.435,AAPL260807C00315000,0.79,0.82
1785955262.946,AAPL260807C00315000,0.79,0.82
1785955263.112,AAPL260807C00315000,0.79,0.82
1785955264.166,AAPL260807C00315000,0.79,0.82
1785955265.034,AAPL260807C00315000,0.79,0.82
1785955267.402,AAPL260807C00315000,0.79,0.82
1785955268.079,AAPL260807C00315000,0.79,0.82
1785955269.111,AAPL260807C00315000,0.79,0.82
1785955270.044,AAPL260807C00315000,0.79,0.82
1785955271.167,AAPL260807C00315000,0.79,0.82
1785955272.038,AAPL260807C00315000,0.79,0.82
1785955273.687,AAPL260807C00315000,0.79,0.82
1785955274.172,AAPL260807C00315000,0.79,0.82
1785955275.131,AAPL260807C00315000,0.79,0.82
1785955276.173,AAPL260807C00315000,0.8,0.82
1785955277.721,AAPL260807C00315000,0.8,0.82
1785955279.742,AAPL260807C00315000,0.8,0.82
1785955280.050,AAPL260807C00315000,0.8,0.82
1785955281.028,AAPL260807C00315000,0.8,0.82
1785955282.172,AAPL260807C00315000,0.8,0.82
1785955283.039,AAPL260807C00315000,0.8,0.82
1785955284.163,AAPL260807C00315000,0.8,0.82
1785955285.082,AAPL260807C00315000,0.8,0.82
1785955286.032,AAPL260807C00315000,0.8,0.82
1785955287.039,AAPL260807C00315000,0.8,0.82
1785955288.069,AAPL260807C00315000,0.8,0.82
1785955293.903,AAPL260807C00315000,0.8,0.82
1785955294.420,AAPL260807C00315000,0.8,0.82
1785955295.240,AAPL260807C00315000,0.8,0.82
1785955296.430,AAPL260807C00315000,0.8,0.82
1785955297.068,AAPL260807C00315000,0.8,0.82
1785955298.048,AAPL260807C00315000,0.8,0.82
1785955299.046,AAPL260807C00315000,0.8,0.82
1785955300.052,AAPL260807C00315000,0.8,0.82
1785955301.368,AAPL260807C00315000,0.8,0.82
1785955302.016,AAPL260807C00315000,0.8,0.82
1785955303.110,AAPL260807C00315000,0.8,0.82
1785955304.032,AAPL260807C00315000,0.8,0.82
1785955305.169,AAPL260807C00315000,0.8,0.81
1785955307.507,AAPL260807C00315000,0.8,0.81
1785955308.061,AAPL260807C00315000,0.8,0.81
1785955309.110,AAPL260807C00315000,0.8,0.81
1785955310.073,AAPL260807C00315000,0.8,0.82
1785955311.049,AAPL260807C00315000,0.8,0.82
1785955312.499,AAPL260807C00315000,0.79,0.82
1785955313.085,AAPL260807C00315000,0.79,0.82
1785955314.151,AAPL260807C00315000,0.79,0.82
1785955315.002,AAPL260807C00315000,0.79,0.82
1785955316.168,AAPL260807C00315000,0.79,0.82
1785955317.078,AAPL260807C00315000,0.79,0.82
1785955318.376,AAPL260807C00315000,0.79,0.82
1785955319.172,AAPL260807C00315000,0.79,0.82
1785955320.101,AAPL260807C00315000,0.79,0.82
1785955321.423,AAPL260807C00315000,0.79,0.82
1785955322.374,AAPL260807C00315000,0.79,0.82
1785955325.053,AAPL260807C00315000,0.79,0.82
1785955326.791,AAPL260807C00315000,0.8,0.82
1785955327.056,AAPL260807C00315000,0.8,0.81
1785955328.468,AAPL260807C00315000,0.8,0.81
1785955329.020,AAPL260807C00315000,0.8,0.81
1785955330.066,AAPL260807C00315000,0.8,0.81
1785955331.325,AAPL260807C00315000,0.8,0.81
1785955334.151,AAPL260807C00315000,0.8,0.81
1785955335.452,AAPL260807C00315000,0.8,0.81
1785955336.003,AAPL260807C00315000,0.8,0.81
1785955337.144,AAPL260807C00315000,0.8,0.81
1785955339.070,AAPL260807C00315000,0.8,0.81
1785955340.069,AAPL260807C00315000,0.8,0.81
1785955341.093,AAPL260807C00315000,0.8,0.81
1785955342.023,AAPL260807C00315000,0.8,0.81
1785955343.042,AAPL260807C00315000,0.8,0.81
1785955345.520,AAPL260807C00315000,0.8,0.82
1785955346.079,AAPL260807C00315000,0.8,0.82
1785955347.421,AAPL260807C00315000,0.8,0.82
1785955348.305,AAPL260807C00315000,0.8,0.82
1785955349.282,AAPL260807C00315000,0.8,0.82
1785955350.788,AAPL260807C00315000,0.8,0.82
1785955351.017,AAPL260807C00315000,0.8,0.82
1785955354.667,AAPL260807C00315000,0.8,0.82
1785955355.152,AAPL260807C00315000,0.8,0.82
1785955356.661,AAPL260807C00315000,0.8,0.82
1785955358.241,AAPL260807C00315000,0.8,0.81
1785955359.111,AAPL260807C00315000,0.8,0.81
1785955360.127,AAPL260807C00315000,0.8,0.81
1785955361.498,AAPL260807C00315000,0.8,0.81
1785955362.928,AAPL260807C00315000,0.8,0.81
1785955363.814,AAPL260807C00315000,0.8,0.81
1785955364.321,AAPL260807C00315000,0.8,0.81
1785955365.263,AAPL260807C00315000,0.8,0.81
1785955366.072,AAPL260807C00315000,0.8,0.81
1785955369.936,AAPL260807C00315000,0.8,0.81
1785955370.215,AAPL260807C00315000,0.8,0.81
1785955372.180,AAPL260807C00315000,0.8,0.81
1785955376.148,AAPL260807C00315000,0.8,0.81
1785955377.033,AAPL260807C00315000,0.8,0.81
1785955380.603,AAPL260807C00315000,0.8,0.81
1785955383.156,AAPL260807C00315000,0.8,0.81
1785955384.874,AAPL260807C00315000,0.8,0.81
1785955386.736,AAPL260807C00315000,0.8,0.81
1785955387.184,AAPL260807C00315000,0.8,0.81
1785955388.181,AAPL260807C00315000,0.8,0.81
1785955391.790,AAPL260807C00315000,0.8,0.81
1785955392.480,AAPL260807C00315000,0.8,0.81
1785955393.172,AAPL260807C00315000,0.8,0.81
1785955394.242,AAPL260807C00315000,0.8,0.81
1785955395.016,AAPL260807C00315000,0.79,0.8
1785955396.129,AAPL260807C00315000,0.79,0.8
1785955397.071,AAPL260807C00315000,0.78,0.8
1785955398.039,AAPL260807C00315000,0.78,0.8
1785955399.082,AAPL260807C00315000,0.78,0.8
1785955400.419,AAPL260807C00315000,0.78,0.8
1785955401.003,AAPL260807C00315000,0.78,0.8
1785955402.079,AAPL260807C00315000,0.78,0.8
1785955403.212,AAPL260807C00315000,0.78,0.8
1785955404.183,AAPL260807C00315000,0.78,0.8
1785955405.068,AAPL260807C00315000,0.78,0.8
1785955406.168,AAPL260807C00315000,0.77,0.79
1785955407.155,AAPL260807C00315000,0.77,0.79
1785955408.168,AAPL260807C00315000,0.77,0.79
1785955409.107,AAPL260807C00315000,0.77,0.79
1785955410.122,AAPL260807C00315000,0.77,0.79
1785955411.697,AAPL260807C00315000,0.77,0.79
1785955413.666,AAPL260807C00315000,0.77,0.79
1785955414.111,AAPL260807C00315000,0.77,0.79
1785955415.111,AAPL260807C00315000,0.77,0.79
1785955417.763,AAPL260807C00315000,0.77,0.79
1785955418.430,AAPL260807C00315000,0.77,0.79
1785955419.101,AAPL260807C00315000,0.76,0.79
1785955420.185,AAPL260807C00315000,0.76,0.79
1785955421.093,AAPL260807C00315000,0.76,0.79
1785955422.007,AAPL260807C00315000,0.76,0.79
1785955423.050,AAPL260807C00315000,0.76,0.79
1785955424.030,AAPL260807C00315000,0.76,0.79
1785955425.110,AAPL260807C00315000,0.76,0.77
1785955426.111,AAPL260807C00315000,0.76,0.77
1785955428.571,AAPL260807C00315000,0.76,0.77
1785955429.663,AAPL260807C00315000,0.76,0.77
1785955430.203,AAPL260807C00315000,0.76,0.77
1785955431.112,AAPL260807C00315000,0.76,0.77
1785955434.866,AAPL260807C00315000,0.76,0.77
1785955435.010,AAPL260807C00315000,0.76,0.77
1785955436.039,AAPL260807C00315000,0.76,0.77
1785955437.506,AAPL260807C00315000,0.76,0.77
1785955438.038,AAPL260807C00315000,0.76,0.77
1785955440.158,AAPL260807C00315000,0.76,0.77
1785955441.110,AAPL260807C00315000,0.76,0.77
1785955442.483,AAPL260807C00315000,0.75,0.76
1785955443.045,AAPL260807C00315000,0.75,0.76
1785955444.847,AAPL260807C00315000,0.75,0.76
1785955445.837,AAPL260807C00315000,0.75,0.76
1785955446.102,AAPL260807C00315000,0.75,0.76
1785955447.418,AAPL260807C00315000,0.75,0.76
1785955448.671,AAPL260807C00315000,0.75,0.76
1785955449.550,AAPL260807C00315000,0.75,0.76
1785955450.197,AAPL260807C00315000,0.75,0.76
1785955452.473,AAPL260807C00315000,0.75,0.76
1785955453.961,AAPL260807C00315000,0.75,0.76
1785955454.066,AAPL260807C00315000,0.75,0.76
1785955456.214,AAPL260807C00315000,0.75,0.76
1785955458.879,AAPL260807C00315000,0.75,0.77
1785955459.053,AAPL260807C00315000,0.75,0.77
1785955460.074,AAPL260807C00315000,0.75,0.77
1785955461.136,AAPL260807C00315000,0.75,0.77
1785955463.811,AAPL260807C00315000,0.75,0.77
1785955464.360,AAPL260807C00315000,0.75,0.77
1785955466.173,AAPL260807C00315000,0.75,0.77
1785955467.030,AAPL260807C00315000,0.75,0.77
1785955468.091,AAPL260807C00315000,0.75,0.77
1785955469.016,AAPL260807C00315000,0.75,0.77
1785955470.789,AAPL260807C00315000,0.75,0.77
1785955471.492,AAPL260807C00315000,0.75,0.77
1785955474.627,AAPL260807C00315000,0.75,0.77
1785955476.188,AAPL260807C00315000,0.75,0.77
1785955477.410,AAPL260807C00315000,0.75,0.77
1785955478.975,AAPL260807C00315000,0.75,0.77
1785955482.858,AAPL260807C00315000,0.75,0.77
1785955483.312,AAPL260807C00315000,0.75,0.77
1785955487.097,AAPL260807C00315000,0.75,0.77
1785955488.110,AAPL260807C00315000,0.75,0.77
1785955489.055,AAPL260807C00315000,0.75,0.77
1785955493.258,AAPL260807C00315000,0.75,0.77
1785955494.629,AAPL260807C00315000,0.75,0.77
1785955495.506,AAPL260807C00315000,0.75,0.77
1785955497.036,AAPL260807C00315000,0.75,0.77
1785955498.164,AAPL260807C00315000,0.75,0.77
1785955499.376,AAPL260807C00315000,0.75,0.77
1785955500.278,AAPL260807C00315000,0.75,0.77
1785955501.280,AAPL260807C00315000,0.75,0.78
1785955502.180,AAPL260807C00315000,0.75,0.78
1785955503.110,AAPL260807C00315000,0.75,0.78
1785955504.486,AAPL260807C00315000,0.75,0.78
1785955505.337,AAPL260807C00315000,0.75,0.78
1785955506.170,AAPL260807C00315000,0.75,0.78
1785955507.110,AAPL260807C00315000,0.75,0.78
1785955508.517,AAPL260807C00315000,0.75,0.78
1785955509.139,AAPL260807C00315000,0.75,0.78
1785955510.146,AAPL260807C00315000,0.75,0.78
1785955511.455,AAPL260807C00315000,0.75,0.78
1785955512.053,AAPL260807C00315000,0.75,0.78
1785955513.857,AAPL260807C00315000,0.75,0.78
1785955514.133,AAPL260807C00315000,0.75,0.78
1785955516.675,AAPL260807C00315000,0.75,0.78
1785955517.121,AAPL260807C00315000,0.75,0.78
1785955520.600,AAPL260807C00315000,0.75,0.78
1785955521.099,AAPL260807C00315000,0.75,0.78
1785955523.367,AAPL260807C00315000,0.75,0.78
1785955524.054,AAPL260807C00315000,0.75,0.78
1785955525.058,AAPL260807C00315000,0.75,0.78
1785955526.057,AAPL260807C00315000,0.75,0.78
1785955527.393,AAPL260807C00315000,0.75,0.78
1785955528.428,AAPL260807C00315000,0.75,0.78
1785955529.614,AAPL260807C00315000,0.75,0.78
1785955532.629,AAPL260807C00315000,0.76,0.78
1785955533.949,AAPL260807C00315000,0.76,0.78
1785955534.045,AAPL260807C00315000,0.76,0.78
1785955536.491,AAPL260807C00315000,0.76,0.78
1785955538.424,AAPL260807C00315000,0.76,0.78
1785955539.252,AAPL260807C00315000,0.76,0.78
1785955540.048,AAPL260807C00315000,0.77,0.78
1785955544.288,AAPL260807C00315000,0.77,0.78
1785955549.656,AAPL260807C00315000,0.77,0.78
1785955550.114,AAPL260807C00315000,0.77,0.78
1785955551.453,AAPL260807C00315000,0.77,0.78
1785955552.827,AAPL260807C00315000,0.76,0.78
1785955557.232,AAPL260807C00315000,0.77,0.78
1785955558.276,AAPL260807C00315000,0.76,0.77
1785955560.144,AAPL260807C00315000,0.76,0.77
1785955561.336,AAPL260807C00315000,0.76,0.77
1785955562.141,AAPL260807C00315000,0.76,0.77
1785955563.131,AAPL260807C00315000,0.76,0.78
1785955564.134,AAPL260807C00315000,0.76,0.78
1785955565.140,AAPL260807C00315000,0.76,0.78
1785955566.031,AAPL260807C00315000,0.76,0.78
1785955567.006,AAPL260807C00315000,0.75,0.78
1785955568.000,AAPL260807C00315000,0.75,0.77
1785955569.040,AAPL260807C00315000,0.75,0.77
1785955570.013,AAPL260807C00315000,0.75,0.77
1785955571.100,AAPL260807C00315000,0.75,0.77
1785955572.009,AAPL260807C00315000,0.75,0.77
1785955574.276,AAPL260807C00315000,0.75,0.77
1785955575.003,AAPL260807C00315000,0.75,0.77
1785955576.007,AAPL260807C00315000,0.75,0.77
1785955577.732,AAPL260807C00315000,0.75,0.77
1785955578.148,AAPL260807C00315000,0.75,0.77
1785955579.166,AAPL260807C00315000,0.75,0.77
1785955580.257,AAPL260807C00315000,0.75,0.77
1785955581.148,AAPL260807C00315000,0.75,0.77
1785955582.491,AAPL260807C00315000,0.75,0.77
1785955583.964,AAPL260807C00315000,0.75,0.77
1785955584.043,AAPL260807C00315000,0.75,0.77
1785955585.173,AAPL260807C00315000,0.75,0.77
1785955586.081,AAPL260807C00315000,0.75,0.77
1785955587.792,AAPL260807C00315000,0.75,0.77
1785955588.168,AAPL260807C00315000,0.75,0.77
1785955589.327,AAPL260807C00315000,0.75,0.77
1785955591.059,AAPL260807C00315000,0.75,0.77
1785955592.590,AAPL260807C00315000,0.75,0.77
1785955598.664,AAPL260807C00315000,0.75,0.77
1785955599.144,AAPL260807C00315000,0.75,0.77
1785955600.054,AAPL260807C00315000,0.75,0.77
1785955601.036,AAPL260807C00315000,0.75,0.77
1785955602.851,AAPL260807C00315000,0.75,0.77
1785955603.140,AAPL260807C00315000,0.75,0.77
1785955604.007,AAPL260807C00315000,0.75,0.77
1785955605.366,AAPL260807C00315000,0.75,0.77
1785955606.362,AAPL260807C00315000,0.75,0.77
1785955608.125,AAPL260807C00315000,0.75,0.77
1785955609.125,AAPL260807C00315000,0.75,0.77
1785955610.267,AAPL260807C00315000,0.75,0.77
1785955611.056,AAPL260807C00315000,0.75,0.77
1785955613.139,AAPL260807C00315000,0.75,0.77
1785955615.142,AAPL260807C00315000,0.75,0.77
1785955621.014,AAPL260807C00315000,0.75,0.77
1785955622.090,AAPL260807C00315000,0.75,0.77
1785955623.172,AAPL260807C00315000,0.75,0.77
1785955624.043,AAPL260807C00315000,0.75,0.77
1785955625.083,AAPL260807C00315000,0.75,0.76
1785955626.121,AAPL260807C00315000,0.75,0.76
1785955627.168,AAPL260807C00315000,0.75,0.76
1785955628.024,AAPL260807C00315000,0.75,0.76
1785955629.195,AAPL260807C00315000,0.75,0.76
1785955630.942,AAPL260807C00315000,0.75,0.76
1785955631.336,AAPL260807C00315000,0.75,0.76
1785955632.047,AAPL260807C00315000,0.75,0.76
1785955635.728,AAPL260807C00315000,0.75,0.76
1785955636.231,AAPL260807C00315000,0.75,0.76
1785955637.209,AAPL260807C00315000,0.75,0.76
1785955638.702,AAPL260807C00315000,0.75,0.76
1785955640.218,AAPL260807C00315000,0.75,0.76
1785955642.211,AAPL260807C00315000,0.75,0.76
1785955643.214,AAPL260807C00315000,0.75,0.76
1785955644.305,AAPL260807C00315000,0.75,0.76
1785955645.479,AAPL260807C00315000,0.75,0.76
1785955646.971,AAPL260807C00315000,0.75,0.76
1785955647.288,AAPL260807C00315000,0.75,0.76
1785955648.289,AAPL260807C00315000,0.74,0.75
1785955649.008,AAPL260807C00315000,0.74,0.75
1785955650.094,AAPL260807C00315000,0.74,0.75
1785955651.095,AAPL260807C00315000,0.74,0.75
1785955652.595,AAPL260807C00315000,0.74,0.75
1785955653.051,AAPL260807C00315000,0.74,0.75
1785955654.929,AAPL260807C00315000,0.74,0.75
1785955656.214,AAPL260807C00315000,0.74,0.75
1785955657.419,AAPL260807C00315000,0.74,0.75
1785955658.148,AAPL260807C00315000,0.74,0.75
1785955659.068,AAPL260807C00315000,0.74,0.75
1785955661.278,AAPL260807C00315000,0.74,0.75
1785955665.099,AAPL260807C00315000,0.74,0.75
1785955666.107,AAPL260807C00315000,0.74,0.75
1785955669.101,AAPL260807C00315000,0.74,0.75
1785955670.733,AAPL260807C00315000,0.73,0.75
1785955672.066,AAPL260807C00315000,0.73,0.75
1785955673.256,AAPL260807C00315000,0.73,0.75
1785955674.052,AAPL260807C00315000,0.73,0.75
1785955675.067,AAPL260807C00315000,0.73,0.75
1785955676.038,AAPL260807C00315000,0.73,0.75
1785955677.512,AAPL260807C00315000,0.73,0.75
1785955678.057,AAPL260807C00315000,0.73,0.75
1785955680.694,AAPL260807C00315000,0.74,0.75
1785955681.218,AAPL260807C00315000,0.74,0.75
1785955682.534,AAPL260807C00315000,0.74,0.75
1785955683.142,AAPL260807C00315000,0.74,0.75
1785955686.418,AAPL260807C00315000,0.74,0.75
1785955687.703,AAPL260807C00315000,0.74,0.75
1785955688.027,AAPL260807C00315000,0.74,0.75
1785955689.014,AAPL260807C00315000,0.74,0.77
1785955690.014,AAPL260807C00315000,0.74,0.77
1785955691.058,AAPL260807C00315000,0.74,0.77
1785955693.040,AAPL260807C00315000,0.74,0.77
1785955694.009,AAPL260807C00315000,0.74,0.77
1785955695.024,AAPL260807C00315000,0.74,0.77
1785955696.069,AAPL260807C00315000,0.74,0.77
1785955697.004,AAPL260807C00315000,0.74,0.77
1785955698.518,AAPL260807C00315000,0.74,0.77
1785955699.128,AAPL260807C00315000,0.75,0.77
1785955700.105,AAPL260807C00315000,0.75,0.8
1785955701.159,AAPL260807C00315000,0.75,0.8
1785955703.379,AAPL260807C00315000,0.75,0.8
1785955704.007,AAPL260807C00315000,0.75,0.8
1785955705.846,AAPL260807C00315000,0.75,0.8
1785955706.098,AAPL260807C00315000,0.75,0.8
1785955707.131,AAPL260807C00315000,0.75,0.8
1785955708.072,AAPL260807C00315000,0.75,0.8
1785955709.467,AAPL260807C00315000,0.75,0.8
1785955710.357,AAPL260807C00315000,0.75,0.8
1785955711.057,AAPL260807C00315000,0.75,0.8
1785955712.162,AAPL260807C00315000,0.75,0.8
1785955713.111,AAPL260807C00315000,0.76,0.8
1785955714.191,AAPL260807C00315000,0.76,0.8
1785955715.254,AAPL260807C00315000,0.76,0.8
1785955716.436,AAPL260807C00315000,0.76,0.8
1785955718.362,AAPL260807C00315000,0.76,0.8
1785955719.012,AAPL260807C00315000,0.76,0.8
1785955720.439,AAPL260807C00315000,0.78,0.8
1785955721.080,AAPL260807C00315000,0.78,0.79
1785955722.317,AAPL260807C00315000,0.78,0.79
1785955723.172,AAPL260807C00315000,0.78,0.79
1785955725.046,AAPL260807C00315000,0.76,0.78
1785955726.865,AAPL260807C00315000,0.76,0.78
1785955727.143,AAPL260807C00315000,0.76,0.78
1785955728.075,AAPL260807C00315000,0.76,0.79
1785955729.411,AAPL260807C00315000,0.76,0.79
1785955730.172,AAPL260807C00315000,0.76,0.79
1785955731.053,AAPL260807C00315000,0.76,0.79
1785955732.949,AAPL260807C00315000,0.77,0.79
1785955733.919,AAPL260807C00315000,0.77,0.79
1785955734.930,AAPL260807C00315000,0.77,0.79
1785955735.397,AAPL260807C00315000,0.77,0.79
1785955739.109,AAPL260807C00315000,0.77,0.79
1785955746.637,AAPL260807C00315000,0.77,0.79
1785955747.027,AAPL260807C00315000,0.77,0.79
1785955748.380,AAPL260807C00315000,0.77,0.79
1785955749.361,AAPL260807C00315000,0.77,0.79
1785955750.265,AAPL260807C00315000,0.77,0.79
1785955751.286,AAPL260807C00315000,0.77,0.79
1785955752.111,AAPL260807C00315000,0.77,0.79
1785955753.629,AAPL260807C00315000,0.77,0.79
1785955754.802,AAPL260807C00315000,0.77,0.79
1785955755.182,AAPL260807C00315000,0.77,0.79
1785955756.601,AAPL260807C00315000,0.77,0.79
1785955757.158,AAPL260807C00315000,0.77,0.79
1785955758.393,AAPL260807C00315000,0.77,0.79
1785955760.512,AAPL260807C00315000,0.77,0.79
1785955761.323,AAPL260807C00315000,0.77,0.79
1785955762.073,AAPL260807C00315000,0.77,0.79
1785955763.181,AAPL260807C00315000,0.77,0.79
1785955769.532,AAPL260807C00315000,0.77,0.79
1785955770.223,AAPL260807C00315000,0.77,0.79
1785955771.072,AAPL260807C00315000,0.77,0.79
1785955772.243,AAPL260807C00315000,0.77,0.79
1785955773.110,AAPL260807C00315000,0.77,0.79
1785955774.010,AAPL260807C00315000,0.77,0.79
1785955775.158,AAPL260807C00315000,0.77,0.79
1785955776.168,AAPL260807C00315000,0.77,0.79
1785955777.153,AAPL260807C00315000,0.77,0.79
1785955778.071,AAPL260807C00315000,0.77,0.79
1785955779.241,AAPL260807C00315000,0.77,0.79
1785955782.162,AAPL260807C00315000,0.77,0.79
1785955783.096,AAPL260807C00315000,0.77,0.8
1785955784.101,AAPL260807C00315000,0.77,0.8
1785955785.589,AAPL260807C00315000,0.77,0.8
1785955786.072,AAPL260807C00315000,0.77,0.8
1785955788.573,AAPL260807C00315000,0.77,0.8
1785955789.087,AAPL260807C00315000,0.78,0.8
1785955790.367,AAPL260807C00315000,0.78,0.8
1785955791.036,AAPL260807C00315000,0.78,0.8
1785955792.385,AAPL260807C00315000,0.78,0.8
1785955794.188,AAPL260807C00315000,0.78,0.8
1785955795.167,AAPL260807C00315000,0.78,0.8
1785955796.044,AAPL260807C00315000,0.78,0.8
1785955799.306,AAPL260807C00315000,0.78,0.8
1785955800.795,AAPL260807C00315000,0.78,0.8
1785955802.093,AAPL260807C00315000,0.78,0.8
1785955803.185,AAPL260807C00315000,0.78,0.8
1785955805.032,AAPL260807C00315000,0.78,0.8
1785955806.042,AAPL260807C00315000,0.78,0.8
1785955807.120,AAPL260807C00315000,0.78,0.8
1785955808.919,AAPL260807C00315000,0.78,0.8
1785955810.035,AAPL260807C00315000,0.78,0.8
1785955811.172,AAPL260807C00315000,0.78,0.8
1785955812.110,AAPL260807C00315000,0.78,0.8
1785955813.016,AAPL260807C00315000,0.78,0.8
1785955814.031,AAPL260807C00315000,0.78,0.8
1785955815.857,AAPL260807C00315000,0.78,0.8
1785955816.142,AAPL260807C00315000,0.78,0.8
1785955817.171,AAPL260807C00315000,0.78,0.8
1785955818.015,AAPL260807C00315000,0.78,0.8
1785955820.172,AAPL260807C00315000,0.78,0.8
1785955821.918,AAPL260807C00315000,0.78,0.8
1785955822.375,AAPL260807C00315000,0.78,0.8
1785955823.246,AAPL260807C00315000,0.78,0.8
1785955824.027,AAPL260807C00315000,0.78,0.8
1785955825.059,AAPL260807C00315000,0.78,0.8
1785955826.362,AAPL260807C00315000,0.78,0.8
1785955827.226,AAPL260807C00315000,0.78,0.8
1785955828.172,AAPL260807C00315000,0.78,0.8
1785955829.254,AAPL260807C00315000,0.78,0.8
1785955830.012,AAPL260807C00315000,0.78,0.8
1785955831.011,AAPL260807C00315000,0.78,0.8
1785955832.976,AAPL260807C00315000,0.78,0.8
1785955833.189,AAPL260807C00315000,0.78,0.8
1785955834.903,AAPL260807C00315000,0.78,0.8
1785955835.133,AAPL260807C00315000,0.79,0.8
1785955837.738,AAPL260807C00315000,0.79,0.8
1785955838.116,AAPL260807C00315000,0.79,0.8
1785955839.954,AAPL260807C00315000,0.79,0.8
1785955840.178,AAPL260807C00315000,0.79,0.8
1785955841.303,AAPL260807C00315000,0.79,0.8
1785955842.200,AAPL260807C00315000,0.79,0.8
1785955846.097,AAPL260807C00315000,0.79,0.8
1785955847.395,AAPL260807C00315000,0.79,0.8
1785955848.668,AAPL260807C00315000,0.79,0.8
1785955849.043,AAPL260807C00315000,0.8,0.81
1785955850.031,AAPL260807C00315000,0.8,0.81
1785955851.027,AAPL260807C00315000,0.8,0.81
1785955852.041,AAPL260807C00315000,0.8,0.81
1785955855.668,AAPL260807C00315000,0.8,0.81
1785955857.438,AAPL260807C00315000,0.8,0.81
1785955858.203,AAPL260807C00315000,0.8,0.81
1785955860.101,AAPL260807C00315000,0.8,0.81
1785955861.103,AAPL260807C00315000,0.8,0.81
1785955863.048,AAPL260807C00315000,0.8,0.81
1785955864.848,AAPL260807C00315000,0.8,0.81
1785955866.202,AAPL260807C00315000,0.8,0.81
1785955867.061,AAPL260807C00315000,0.8,0.81
1785955868.089,AAPL260807C00315000,0.81,0.82
1785955869.098,AAPL260807C00315000,0.81,0.82
1785955870.013,AAPL260807C00315000,0.81,0.82
1785955871.198,AAPL260807C00315000,0.81,0.82
1785955872.563,AAPL260807C00315000,0.81,0.82
1785955873.215,AAPL260807C00315000,0.81,0.82
1785955874.517,AAPL260807C00315000,0.8,0.82
1785955875.173,AAPL260807C00315000,0.8,0.82
1785955876.013,AAPL260807C00315000,0.8,0.82
1785955877.043,AAPL260807C00315000,0.8,0.82
1785955878.241,AAPL260807C00315000,0.8,0.82
1785955879.166,AAPL260807C00315000,0.8,0.82
1785955880.366,AAPL260807C00315000,0.8,0.82
1785955881.175,AAPL260807C00315000,0.8,0.82
1785955882.767,AAPL260807C00315000,0.8,0.82
1785955883.014,AAPL260807C00315000,0.8,0.82
1785955884.288,AAPL260807C00315000,0.8,0.82
1785955885.163,AAPL260807C00315000,0.8,0.82
1785955886.169,AAPL260807C00315000,0.8,0.82
1785955887.111,AAPL260807C00315000,0.8,0.82
1785955888.356,AAPL260807C00315000,0.8,0.82
1785955889.315,AAPL260807C00315000,0.8,0.82
1785955891.890,AAPL260807C00315000,0.8,0.82
1785955894.612,AAPL260807C00315000,0.8,0.82
1785955896.156,AAPL260807C00315000,0.8,0.82
1785955897.050,AAPL260807C00315000,0.8,0.82
1785955898.167,AAPL260807C00315000,0.8,0.82
1785955899.099,AAPL260807C00315000,0.8,0.82
1785955900.085,AAPL260807C00315000,0.8,0.82
1785955901.474,AAPL260807C00315000,0.8,0.82
1785955902.150,AAPL260807C00315000,0.8,0.81
1785955903.974,AAPL260807C00315000,0.79,0.81
1785955904.474,AAPL260807C00315000,0.79,0.81
1785955905.097,AAPL260807C00315000,0.79,0.81
1785955906.902,AAPL260807C00315000,0.79,0.81
1785955907.419,AAPL260807C00315000,0.79,0.81
1785955908.096,AAPL260807C00315000,0.79,0.81
1785955909.072,AAPL260807C00315000,0.79,0.81
1785955910.037,AAPL260807C00315000,0.79,0.81
1785955911.378,AAPL260807C00315000,0.79,0.81
1785955912.413,AAPL260807C00315000,0.79,0.81
1785955914.530,AAPL260807C00315000,0.79,0.81
1785955915.804,AAPL260807C00315000,0.79,0.81
1785955916.172,AAPL260807C00315000,0.79,0.81
1785955917.362,AAPL260807C00315000,0.79,0.81
1785955919.341,AAPL260807C00315000,0.79,0.81
1785955920.039,AAPL260807C00315000,0.79,0.81
1785955921.164,AAPL260807C00315000,0.79,0.81
1785955922.326,AAPL260807C00315000,0.79,0.81
1785955923.422,AAPL260807C00315000,0.79,0.81
1785955924.604,AAPL260807C00315000,0.79,0.81
1785955925.046,AAPL260807C00315000,0.79,0.81
1785955926.076,AAPL260807C00315000,0.79,0.82
1785955927.378,AAPL260807C00315000,0.79,0.82
1785955928.226,AAPL260807C00315000,0.79,0.82
1785955929.919,AAPL260807C00315000,0.79,0.82
1785955930.446,AAPL260807C00315000,0.8,0.82
1785955931.424,AAPL260807C00315000,0.8,0.82
1785955932.034,AAPL260807C00315000,0.8,0.82
1785955933.110,AAPL260807C00315000,0.8,0.82
1785955934.479,AAPL260807C00315000,0.8,0.82
1785955935.005,AAPL260807C00315000,0.8,0.82
1785955936.076,AAPL260807C00315000,0.8,0.82
1785955937.079,AAPL260807C00315000,0.8,0.82
1785955938.113,AAPL260807C00315000,0.8,0.82
1785955939.041,AAPL260807C00315000,0.8,0.82
1785955940.002,AAPL260807C00315000,0.8,0.82
1785955941.078,AAPL260807C00315000,0.8,0.82
1785955942.064,AAPL260807C00315000,0.8,0.82
1785955943.500,AAPL260807C00315000,0.8,0.82
1785955945.100,AAPL260807C00315000,0.8,0.82
1785955946.209,AAPL260807C00315000,0.8,0.82
1785955947.051,AAPL260807C00315000,0.8,0.82
1785955948.078,AAPL260807C00315000,0.8,0.82
1785955949.045,AAPL260807C00315000,0.8,0.82
1785955950.056,AAPL260807C00315000,0.8,0.82
1785955951.603,AAPL260807C00315000,0.8,0.82
1785955952.843,AAPL260807C00315000,0.8,0.82
1785955953.859,AAPL260807C00315000,0.8,0.82
1785955954.175,AAPL260807C00315000,0.8,0.82
1785955955.078,AAPL260807C00315000,0.8,0.82
1785955959.617,AAPL260807C00315000,0.8,0.82
1785955961.234,AAPL260807C00315000,0.8,0.81
1785955962.277,AAPL260807C00315000,0.81,0.82
1785955963.045,AAPL260807C00315000,0.81,0.82
1785955964.045,AAPL260807C00315000,0.8,0.82
1785955965.419,AAPL260807C00315000,0.8,0.82
1785955966.115,AAPL260807C00315000,0.8,0.82
1785955967.045,AAPL260807C00315000,0.8,0.82
1785955971.161,AAPL260807C00315000,0.8,0.82
1785955972.938,AAPL260807C00315000,0.8,0.82
1785955973.658,AAPL260807C00315000,0.8,0.82
1785955975.789,AAPL260807C00315000,0.8,0.82
1785955976.175,AAPL260807C00315000,0.8,0.82
1785955977.103,AAPL260807C00315000,0.8,0.82
1785955978.465,AAPL260807C00315000,0.8,0.82
1785955979.003,AAPL260807C00315000,0.8,0.82
1785955980.180,AAPL260807C00315000,0.8,0.82
1785955981.096,AAPL260807C00315000,0.8,0.82
1785955982.402,AAPL260807C00315000,0.8,0.82
1785955983.025,AAPL260807C00315000,0.8,0.82
1785955984.038,AAPL260807C00315000,0.8,0.82
1785955985.122,AAPL260807C00315000,0.8,0.82
1785955986.108,AAPL260807C00315000,0.8,0.82
1785955987.320,AAPL260807C00315000,0.8,0.82
1785955989.083,AAPL260807C00315000,0.8,0.82
1785955990.876,AAPL260807C00315000,0.8,0.82
1785955991.051,AAPL260807C00315000,0.8,0.82
1785955992.058,AAPL260807C00315000,0.8,0.82
1785955993.003,AAPL260807C00315000,0.8,0.82
1785955994.445,AAPL260807C00315000,0.8,0.82
1785955995.041,AAPL260807C00315000,0.8,0.82
1785955996.414,AAPL260807C00315000,0.81,0.82
1785955997.251,AAPL260807C00315000,0.81,0.82
1785955998.242,AAPL260807C00315000,0.81,0.82
1785955999.107,AAPL260807C00315000,0.81,0.82
1785956001.117,AAPL260807C00315000,0.81,0.82
1785956003.175,AAPL260807C00315000,0.81,0.82
1785956005.171,AAPL260807C00315000,0.81,0.82
1785956006.177,AAPL260807C00315000,0.81,0.82
1785956008.202,AAPL260807C00315000,0.81,0.82
1785956009.320,AAPL260807C00315000,0.81,0.82
1785956010.019,AAPL260807C00315000,0.81,0.82
1785956011.175,AAPL260807C00315000,0.81,0.82
1785956014.279,AAPL260807C00315000,0.81,0.82
1785956015.063,AAPL260807C00315000,0.81,0.82
1785956017.738,AAPL260807C00315000,0.81,0.82
1785956019.196,AAPL260807C00315000,0.81,0.82
1785956020.190,AAPL260807C00315000,0.81,0.82
1785956021.326,AAPL260807C00315000,0.81,0.82
1785956022.199,AAPL260807C00315000,0.81,0.82
1785956023.873,AAPL260807C00315000,0.81,0.82
1785956027.279,AAPL260807C00315000,0.81,0.82
1785956029.243,AAPL260807C00315000,0.81,0.82
1785956030.021,AAPL260807C00315000,0.81,0.82
1785956031.071,AAPL260807C00315000,0.82,0.85
1785956032.028,AAPL260807C00315000,0.82,0.85
1785956033.415,AAPL260807C00315000,0.82,0.85
1785956034.108,AAPL260807C00315000,0.82,0.85
1785956036.774,AAPL260807C00315000,0.82,0.85
1785956037.261,AAPL260807C00315000,0.82,0.85
1785956038.090,AAPL260807C00315000,0.82,0.85
1785956039.611,AAPL260807C00315000,0.82,0.85
1785956040.165,AAPL260807C00315000,0.82,0.85
1785956041.690,AAPL260807C00315000,0.82,0.85
1785956042.839,AAPL260807C00315000,0.82,0.85
1785956043.205,AAPL260807C00315000,0.82,0.85
1785956044.107,AAPL260807C00315000,0.82,0.85
1785956045.324,AAPL260807C00315000,0.82,0.85
1785956046.034,AAPL260807C00315000,0.82,0.85
1785956047.385,AAPL260807C00315000,0.83,0.85
1785956048.254,AAPL260807C00315000,0.83,0.85
1785956049.045,AAPL260807C00315000,0.84,0.86
1785956050.554,AAPL260807C00315000,0.84,0.86
1785956051.052,AAPL260807C00315000,0.84,0.86
1785956052.200,AAPL260807C00315000,0.84,0.86
1785956053.427,AAPL260807C00315000,0.85,0.86
1785956054.463,AAPL260807C00315000,0.85,0.86
1785956055.665,AAPL260807C00315000,0.85,0.86
1785956056.590,AAPL260807C00315000,0.85,0.86
1785956057.955,AAPL260807C00315000,0.85,0.86
1785956058.005,AAPL260807C00315000,0.85,0.86
1785956059.035,AAPL260807C00315000,0.85,0.86
1785956060.206,AAPL260807C00315000,0.85,0.87
1785956061.724,AAPL260807C00315000,0.85,0.87
1785956062.418,AAPL260807C00315000,0.85,0.87
1785956063.811,AAPL260807C00315000,0.85,0.87
1785956064.054,AAPL260807C00315000,0.85,0.87
1785956065.094,AAPL260807C00315000,0.85,0.87
1785956066.425,AAPL260807C00315000,0.85,0.87
1785956067.039,AAPL260807C00315000,0.85,0.87
1785956068.086,AAPL260807C00315000,0.86,0.87
1785956069.210,AAPL260807C00315000,0.86,0.87
1785956071.578,AAPL260807C00315000,0.86,0.87
1785956074.482,AAPL260807C00315000,0.86,0.87
1785956075.004,AAPL260807C00315000,0.86,0.87
1785956076.422,AAPL260807C00315000,0.86,0.87
1785956077.055,AAPL260807C00315000,0.86,0.87
1785956078.586,AAPL260807C00315000,0.86,0.87
1785956080.423,AAPL260807C00315000,0.86,0.87
1785956081.167,AAPL260807C00315000,0.86,0.87
1785956083.025,AAPL260807C00315000,0.86,0.87
1785956084.079,AAPL260807C00315000,0.86,0.87
1785956086.403,AAPL260807C00315000,0.86,0.87
1785956087.776,AAPL260807C00315000,0.86,0.88
1785956088.164,AAPL260807C00315000,0.86,0.88
1785956089.168,AAPL260807C00315000,0.87,0.88
1785956090.130,AAPL260807C00315000,0.86,0.87
1785956091.165,AAPL260807C00315000,0.86,0.87
1785956092.744,AAPL260807C00315000,0.86,0.87
1785956093.462,AAPL260807C00315000,0.86,0.87
1785956094.049,AAPL260807C00315000,0.86,0.87
1785956095.359,AAPL260807C00315000,0.86,0.87
1785956096.671,AAPL260807C00315000,0.86,0.87
1785956097.164,AAPL260807C00315000,0.86,0.87
1785956100.241,AAPL260807C00315000,0.86,0.87
1785956101.032,AAPL260807C00315000,0.85,0.86
1785956102.020,AAPL260807C00315000,0.85,0.86
1785956103.532,AAPL260807C00315000,0.85,0.86
1785956104.672,AAPL260807C00315000,0.85,0.86
1785956105.120,AAPL260807C00315000,0.85,0.86
1785956106.107,AAPL260807C00315000,0.84,0.86
1785956107.193,AAPL260807C00315000,0.84,0.86
1785956108.200,AAPL260807C00315000,0.84,0.86
1785956109.122,AAPL260807C00315000,0.84,0.86
1785956110.021,AAPL260807C00315000,0.84,0.86
1785956111.006,AAPL260807C00315000,0.84,0.86
1785956112.529,AAPL260807C00315000,0.84,0.86
1785956113.097,AAPL260807C00315000,0.84,0.86
1785956114.045,AAPL260807C00315000,0.84,0.86
1785956117.358,AAPL260807C00315000,0.84,0.86
1785956118.033,AAPL260807C00315000,0.84,0.86
1785956119.159,AAPL260807C00315000,0.84,0.86
1785956120.121,AAPL260807C00315000,0.85,0.86
1785956121.682,AAPL260807C00315000,0.85,0.86
1785956122.060,AAPL260807C00315000,0.85,0.86
1785956123.653,AAPL260807C00315000,0.85,0.86
1785956124.354,AAPL260807C00315000,0.85,0.86
1785956125.422,AAPL260807C00315000,0.85,0.86
1785956126.011,AAPL260807C00315000,0.85,0.86
1785956127.007,AAPL260807C00315000,0.85,0.86
1785956129.045,AAPL260807C00315000,0.85,0.86
1785956130.754,AAPL260807C00315000,0.84,0.86
1785956131.017,AAPL260807C00315000,0.84,0.86
1785956132.535,AAPL260807C00315000,0.84,0.86
1785956133.051,AAPL260807C00315000,0.84,0.86
1785956134.242,AAPL260807C00315000,0.84,0.86
1785956135.572,AAPL260807C00315000,0.84,0.86
1785956136.063,AAPL260807C00315000,0.85,0.86
1785956137.079,AAPL260807C00315000,0.85,0.86
1785956138.990,AAPL260807C00315000,0.85,0.86
1785956139.682,AAPL260807C00315000,0.85,0.86
1785956140.172,AAPL260807C00315000,0.85,0.86
1785956141.239,AAPL260807C00315000,0.85,0.86
1785956143.422,AAPL260807C00315000,0.84,0.86
1785956144.662,AAPL260807C00315000,0.84,0.86
1785956145.344,AAPL260807C00315000,0.84,0.86
1785956146.085,AAPL260807C00315000,0.85,0.86
1785956147.563,AAPL260807C00315000,0.85,0.86
1785956148.380,AAPL260807C00315000,0.84,0.86
1785956149.034,AAPL260807C00315000,0.84,0.86
1785956150.104,AAPL260807C00315000,0.84,0.86
1785956151.049,AAPL260807C00315000,0.84,0.86
1785956152.162,AAPL260807C00315000,0.84,0.86
1785956154.156,AAPL260807C00315000,0.84,0.86
1785956155.138,AAPL260807C00315000,0.84,0.86
1785956156.617,AAPL260807C00315000,0.85,0.86
1785956158.063,AAPL260807C00315000,0.85,0.86
1785956159.422,AAPL260807C00315000,0.85,0.86
1785956160.177,AAPL260807C00315000,0.85,0.86
1785956161.438,AAPL260807C00315000,0.85,0.86
1785956162.096,AAPL260807C00315000,0.85,0.86
1785956164.416,AAPL260807C00315000,0.83,0.84
1785956165.009,AAPL260807C00315000,0.82,0.84
1785956166.188,AAPL260807C00315000,0.82,0.84
1785956167.001,AAPL260807C00315000,0.82,0.85
1785956168.082,AAPL260807C00315000,0.82,0.85
1785956169.422,AAPL260807C00315000,0.82,0.85
1785956170.005,AAPL260807C00315000,0.82,0.85
1785956171.187,AAPL260807C00315000,0.82,0.85
1785956172.421,AAPL260807C00315000,0.82,0.85
1785956173.069,AAPL260807C00315000,0.82,0.85
1785956174.110,AAPL260807C00315000,0.82,0.85
1785956175.095,AAPL260807C00315000,0.83,0.85
1785956176.049,AAPL260807C00315000,0.83,0.85
1785956177.188,AAPL260807C00315000,0.83,0.85
1785956178.531,AAPL260807C00315000,0.84,0.85
1785956179.039,AAPL260807C00315000,0.84,0.85
1785956180.081,AAPL260807C00315000,0.84,0.85
1785956182.916,AAPL260807C00315000,0.84,0.85
1785956183.020,AAPL260807C00315000,0.84,0.85
1785956184.134,AAPL260807C00315000,0.84,0.85
1785956185.267,AAPL260807C00315000,0.84,0.85
1785956186.412,AAPL260807C00315000,0.84,0.85
1785956187.127,AAPL260807C00315000,0.84,0.85
1785956188.811,AAPL260807C00315000,0.84,0.85
1785956191.329,AAPL260807C00315000,0.84,0.85
1785956192.486,AAPL260807C00315000,0.84,0.85
1785956193.228,AAPL260807C00315000,0.84,0.85
1785956194.245,AAPL260807C00315000,0.84,0.85
1785956196.235,AAPL260807C00315000,0.84,0.85
1785956197.438,AAPL260807C00315000,0.84,0.85
1785956198.228,AAPL260807C00315000,0.84,0.85
1785956199.920,AAPL260807C00315000,0.84,0.85
1785956202.008,AAPL260807C00315000,0.84,0.85
1785956206.310,AAPL260807C00315000,0.84,0.85
1785956207.186,AAPL260807C00315000,0.84,0.85
1785956209.492,AAPL260807C00315000,0.84,0.85
1785956210.671,AAPL260807C00315000,0.84,0.85
1785956212.345,AAPL260807C00315000,0.84,0.85
1785956213.143,AAPL260807C00315000,0.84,0.85
1785956214.164,AAPL260807C00315000,0.84,0.85
1785956215.574,AAPL260807C00315000,0.84,0.85
1785956216.117,AAPL260807C00315000,0.84,0.85
1785956217.402,AAPL260807C00315000,0.84,0.85
1785956218.078,AAPL260807C00315000,0.84,0.85
1785956219.081,AAPL260807C00315000,0.84,0.85
1785956220.248,AAPL260807C00315000,0.84,0.85
1785956221.118,AAPL260807C00315000,0.84,0.85
1785956222.428,AAPL260807C00315000,0.84,0.85
1785956225.276,AAPL260807C00315000,0.84,0.85
1785956226.840,AAPL260807C00315000,0.84,0.85
1785956227.123,AAPL260807C00315000,0.84,0.85
1785956228.186,AAPL260807C00315000,0.84,0.85
1785956230.097,AAPL260807C00315000,0.84,0.85
1785956231.395,AAPL260807C00315000,0.84,0.85
1785956232.116,AAPL260807C00315000,0.84,0.85
1785956233.326,AAPL260807C00315000,0.84,0.85
1785956234.028,AAPL260807C00315000,0.82,0.84
1785956235.172,AAPL260807C00315000,0.82,0.84
1785956236.247,AAPL260807C00315000,0.82,0.84
1785956238.349,AAPL260807C00315000,0.82,0.84
1785956239.110,AAPL260807C00315000,0.82,0.84
1785956240.167,AAPL260807C00315000,0.81,0.84
1785956241.297,AAPL260807C00315000,0.81,0.84
1785956242.025,AAPL260807C00315000,0.81,0.84
1785956243.040,AAPL260807C00315000,0.81,0.84
1785956244.202,AAPL260807C00315000,0.81,0.84
1785956245.040,AAPL260807C00315000,0.81,0.84
1785956246.080,AAPL260807C00315000,0.81,0.84
1785956247.280,AAPL260807C00315000,0.81,0.84
1785956249.868,AAPL260807C00315000,0.81,0.84
1785956250.490,AAPL260807C00315000,0.81,0.84
1785956251.152,AAPL260807C00315000,0.81,0.84
1785956252.033,AAPL260807C00315000,0.81,0.83
1785956253.072,AAPL260807C00315000,0.81,0.83
1785956254.110,AAPL260807C00315000,0.81,0.83
1785956255.068,AAPL260807C00315000,0.81,0.83
1785956257.033,AAPL260807C00315000,0.81,0.83
1785956258.011,AAPL260807C00315000,0.82,0.84
1785956259.678,AAPL260807C00315000,0.82,0.84
1785956260.924,AAPL260807C00315000,0.82,0.84
1785956261.133,AAPL260807C00315000,0.82,0.84
1785956262.162,AAPL260807C00315000,0.82,0.84
1785956263.264,AAPL260807C00315000,0.82,0.84
1785956264.131,AAPL260807C00315000,0.82,0.84
1785956265.508,AAPL260807C00315000,0.82,0.84
1785956266.030,AAPL260807C00315000,0.82,0.84
1785956267.615,AAPL260807C00315000,0.82,0.84
1785956268.058,AAPL260807C00315000,0.82,0.84
1785956269.162,AAPL260807C00315000,0.82,0.84
1785956270.254,AAPL260807C00315000,0.82,0.84
1785956271.138,AAPL260807C00315000,0.82,0.84
1785956272.086,AAPL260807C00315000,0.82,0.84
1785956273.083,AAPL260807C00315000,0.82,0.84
1785956274.359,AAPL260807C00315000,0.82,0.84
1785956275.841,AAPL260807C00315000,0.82,0.84
1785956276.174,AAPL260807C00315000,0.82,0.84
1785956277.168,AAPL260807C00315000,0.82,0.84
1785956278.181,AAPL260807C00315000,0.82,0.84
1785956279.162,AAPL260807C00315000,0.82,0.84
1785956280.324,AAPL260807C00315000,0.82,0.84
1785956281.875,AAPL260807C00315000,0.82,0.84
1785956282.133,AAPL260807C00315000,0.82,0.84
1785956283.917,AAPL260807C00315000,0.82,0.84
1785956284.450,AAPL260807C00315000,0.82,0.84
1785956285.252,AAPL260807C00315000,0.82,0.84
1785956286.552,AAPL260807C00315000,0.82,0.84
1785956287.055,AAPL260807C00315000,0.82,0.84
1785956288.510,AAPL260807C00315000,0.82,0.84
1785956289.202,AAPL260807C00315000,0.82,0.84
1785956290.577,AAPL260807C00315000,0.82,0.84
1785956291.512,AAPL260807C00315000,0.82,0.84
1785956292.172,AAPL260807C00315000,0.82,0.84
1785956293.021,AAPL260807C00315000,0.82,0.84
1785956294.114,AAPL260807C00315000,0.82,0.84
1785956296.662,AAPL260807C00315000,0.82,0.84
1785956297.107,AAPL260807C00315000,0.82,0.84
1785956298.132,AAPL260807C00315000,0.82,0.83
1785956299.085,AAPL260807C00315000,0.82,0.83
1785956300.226,AAPL260807C00315000,0.82,0.83
1785956301.521,AAPL260807C00315000,0.82,0.83
1785956303.438,AAPL260807C00315000,0.82,0.83
1785956304.971,AAPL260807C00315000,0.82,0.83
1785956305.590,AAPL260807C00315000,0.82,0.83
1785956306.054,AAPL260807C00315000,0.81,0.82
1785956307.311,AAPL260807C00315000,0.81,0.82
1785956308.090,AAPL260807C00315000,0.81,0.82
1785956310.130,AAPL260807C00315000,0.81,0.82
1785956311.045,AAPL260807C00315000,0.8,0.82
1785956312.165,AAPL260807C00315000,0.8,0.82
1785956313.014,AAPL260807C00315000,0.8,0.82
1785956314.035,AAPL260807C00315000,0.8,0.82
1785956315.079,AAPL260807C00315000,0.8,0.81
1785956316.421,AAPL260807C00315000,0.8,0.81
1785956317.096,AAPL260807C00315000,0.8,0.81
1785956318.816,AAPL260807C00315000,0.8,0.81
1785956320.884,AAPL260807C00315000,0.8,0.81
1785956321.022,AAPL260807C00315000,0.8,0.81
1785956322.894,AAPL260807C00315000,0.81,0.82
1785956324.377,AAPL260807C00315000,0.8,0.82
1785956326.037,AAPL260807C00315000,0.8,0.82
1785956327.049,AAPL260807C00315000,0.8,0.82
1785956328.105,AAPL260807C00315000,0.81,0.82
1785956329.135,AAPL260807C00315000,0.81,0.82
1785956330.404,AAPL260807C00315000,0.81,0.82
1785956331.163,AAPL260807C00315000,0.81,0.82
1785956332.159,AAPL260807C00315000,0.81,0.82
1785956336.956,AAPL260807C00315000,0.81,0.82
1785956337.048,AAPL260807C00315000,0.81,0.82
1785956338.747,AAPL260807C00315000,0.81,0.82
1785956339.677,AAPL260807C00315000,0.81,0.82
1785956341.670,AAPL260807C00315000,0.81,0.82
1785956342.045,AAPL260807C00315000,0.81,0.82
1785956343.474,AAPL260807C00315000,0.81,0.82
1785956344.035,AAPL260807C00315000,0.81,0.82
1785956346.556,AAPL260807C00315000,0.81,0.82
1785956347.174,AAPL260807C00315000,0.8,0.82
1785956348.135,AAPL260807C00315000,0.8,0.82
1785956349.091,AAPL260807C00315000,0.8,0.82
1785956350.062,AAPL260807C00315000,0.8,0.82
1785956351.687,AAPL260807C00315000,0.8,0.82
1785956352.000,AAPL260807C00315000,0.8,0.82
1785956353.902,AAPL260807C00315000,0.8,0.82
1785956354.004,AAPL260807C00315000,0.8,0.82
1785956355.164,AAPL260807C00315000,0.8,0.82
1785956358.015,AAPL260807C00315000,0.8,0.82
1785956360.044,AAPL260807C00315000,0.8,0.81
1785956361.920,AAPL260807C00315000,0.8,0.81
1785956363.242,AAPL260807C00315000,0.8,0.81
1785956364.001,AAPL260807C00315000,0.8,0.81
1785956366.721,AAPL260807C00315000,0.8,0.81
1785956367.402,AAPL260807C00315000,0.8,0.81
1785956368.000,AAPL260807C00315000,0.8,0.81
1785956369.140,AAPL260807C00315000,0.8,0.81
1785956370.055,AAPL260807C00315000,0.8,0.81
1785956371.431,AAPL260807C00315000,0.8,0.81
1785956372.159,AAPL260807C00315000,0.8,0.81
1785956374.032,AAPL260807C00315000,0.8,0.81
1785956376.927,AAPL260807C00315000,0.8,0.81
1785956379.128,AAPL260807C00315000,0.8,0.81
1785956380.007,AAPL260807C00315000,0.8,0.81
1785956381.067,AAPL260807C00315000,0.8,0.81
1785956382.626,AAPL260807C00315000,0.8,0.81
1785956383.419,AAPL260807C00315000,0.8,0.81
1785956386.004,AAPL260807C00315000,0.8,0.81
1785956387.394,AAPL260807C00315000,0.8,0.81
1785956388.394,AAPL260807C00315000,0.8,0.81
1785956389.038,AAPL260807C00315000,0.8,0.81
1785956391.429,AAPL260807C00315000,0.8,0.81
1785956393.452,AAPL260807C00315000,0.8,0.81
1785956394.055,AAPL260807C00315000,0.8,0.83
1785956395.057,AAPL260807C00315000,0.8,0.83
1785956396.055,AAPL260807C00315000,0.8,0.83
1785956397.760,AAPL260807C00315000,0.8,0.83
1785956398.054,AAPL260807C00315000,0.8,0.83
1785956399.013,AAPL260807C00315000,0.8,0.83
1785956401.353,AAPL260807C00315000,0.8,0.83
1785956402.049,AAPL260807C00315000,0.8,0.84
1785956403.001,AAPL260807C00315000,0.8,0.84
1785956404.475,AAPL260807C00315000,0.8,0.84
1785956405.188,AAPL260807C00315000,0.8,0.84
1785956406.426,AAPL260807C00315000,0.8,0.84
1785956407.180,AAPL260807C00315000,0.8,0.84
1785956408.138,AAPL260807C00315000,0.8,0.84
1785956409.671,AAPL260807C00315000,0.8,0.84
1785956411.144,AAPL260807C00315000,0.8,0.84
1785956412.263,AAPL260807C00315000,0.8,0.84
1785956416.358,AAPL260807C00315000,0.8,0.84
1785956417.023,AAPL260807C00315000,0.8,0.84
1785956418.053,AAPL260807C00315000,0.8,0.84
1785956419.337,AAPL260807C00315000,0.8,0.84
1785956420.014,AAPL260807C00315000,0.8,0.84
1785956421.138,AAPL260807C00315000,0.8,0.84
1785956424.428,AAPL260807C00315000,0.8,0.84
1785956425.165,AAPL260807C00315000,0.8,0.84
1785956426.044,AAPL260807C00315000,0.8,0.84
1785956427.074,AAPL260807C00315000,0.8,0.84
1785956428.149,AAPL260807C00315000,0.8,0.84
1785956429.202,AAPL260807C00315000,0.8,0.84
1785956430.319,AAPL260807C00315000,0.8,0.84
1785956431.347,AAPL260807C00315000,0.8,0.84
1785956432.111,AAPL260807C00315000,0.8,0.84
1785956433.088,AAPL260807C00315000,0.8,0.84
1785956434.420,AAPL260807C00315000,0.8,0.84
1785956435.063,AAPL260807C00315000,0.82,0.84
1785956436.169,AAPL260807C00315000,0.82,0.84
1785956437.841,AAPL260807C00315000,0.82,0.84
1785956438.095,AAPL260807C00315000,0.81,0.83
1785956439.045,AAPL260807C00315000,0.81,0.83
1785956440.012,AAPL260807C00315000,0.81,0.83
1785956441.044,AAPL260807C00315000,0.81,0.83
1785956443.061,AAPL260807C00315000,0.81,0.83
1785956444.409,AAPL260807C00315000,0.81,0.83
1785956445.060,AAPL260807C00315000,0.81,0.83
1785956446.092,AAPL260807C00315000,0.81,0.83
1785956450.862,AAPL260807C00315000,0.81,0.83
1785956451.005,AAPL260807C00315000,0.81,0.83
1785956452.295,AAPL260807C00315000,0.81,0.84
1785956453.065,AAPL260807C00315000,0.81,0.84
1785956454.516,AAPL260807C00315000,0.83,0.84
1785956455.558,AAPL260807C00315000,0.83,0.84
1785956456.401,AAPL260807C00315000,0.83,0.84
1785956458.044,AAPL260807C00315000,0.83,0.84
1785956459.077,AAPL260807C00315000,0.83,0.85
1785956460.425,AAPL260807C00315000,0.83,0.85
1785956461.009,AAPL260807C00315000,0.83,0.85
1785956462.481,AAPL260807C00315000,0.83,0.85
1785956463.384,AAPL260807C00315000,0.83,0.85
1785956464.015,AAPL260807C00315000,0.83,0.85
1785956465.080,AAPL260807C00315000,0.83,0.85
1785956466.354,AAPL260807C00315000,0.83,0.85
1785956467.029,AAPL260807C00315000,0.83,0.85
1785956468.016,AAPL260807C00315000,0.83,0.85
1785956469.150,AAPL260807C00315000,0.84,0.85
1785956471.504,AAPL260807C00315000,0.84,0.85
1785956472.554,AAPL260807C00315000,0.84,0.85
1785956473.367,AAPL260807C00315000,0.84,0.85
1785956474.166,AAPL260807C00315000,0.84,0.85
1785956475.108,AAPL260807C00315000,0.84,0.85
1785956476.100,AAPL260807C00315000,0.84,0.85
1785956477.101,AAPL260807C00315000,0.84,0.85
1785956479.169,AAPL260807C00315000,0.84,0.85
1785956480.574,AAPL260807C00315000,0.83,0.85
1785956481.702,AAPL260807C00315000,0.83,0.85
1785956482.573,AAPL260807C00315000,0.83,0.85
1785956483.487,AAPL260807C00315000,0.83,0.85
1785956485.224,AAPL260807C00315000,0.83,0.85
1785956487.036,AAPL260807C00315000,0.83,0.85
1785956488.171,AAPL260807C00315000,0.83,0.85
1785956489.078,AAPL260807C00315000,0.83,0.85
1785956490.064,AAPL260807C00315000,0.83,0.85
1785956491.039,AAPL260807C00315000,0.83,0.85
1785956492.165,AAPL260807C00315000,0.84,0.85
1785956494.319,AAPL260807C00315000,0.84,0.85
1785956495.113,AAPL260807C00315000,0.84,0.85
1785956498.399,AAPL260807C00315000,0.84,0.85
1785956499.260,AAPL260807C00315000,0.84,0.86
1785956500.150,AAPL260807C00315000,0.84,0.87
1785956501.261,AAPL260807C00315000,0.84,0.87
1785956503.398,AAPL260807C00315000,0.85,0.87
1785956507.352,AAPL260807C00315000,0.85,0.86
1785956508.042,AAPL260807C00315000,0.85,0.86
1785956509.085,AAPL260807C00315000,0.84,0.85
1785956510.858,AAPL260807C00315000,0.84,0.85
1785956511.358,AAPL260807C00315000,0.84,0.85
1785956512.381,AAPL260807C00315000,0.84,0.85
1785956513.131,AAPL260807C00315000,0.84,0.85
1785956514.036,AAPL260807C00315000,0.84,0.85
1785956515.151,AAPL260807C00315000,0.84,0.86
1785956516.008,AAPL260807C00315000,0.84,0.86
1785956517.727,AAPL260807C00315000,0.84,0.86
1785956518.039,AAPL260807C00315000,0.84,0.86
1785956519.136,AAPL260807C00315000,0.84,0.86
1785956520.197,AAPL260807C00315000,0.84,0.86
1785956521.127,AAPL260807C00315000,0.84,0.86
1785956522.044,AAPL260807C00315000,0.84,0.86
1785956523.143,AAPL260807C00315000,0.84,0.86
1785956524.259,AAPL260807C00315000,0.84,0.86
1785956525.171,AAPL260807C00315000,0.84,0.86
1785956526.246,AAPL260807C00315000,0.84,0.86
1785956527.017,AAPL260807C00315000,0.84,0.86
1785956528.018,AAPL260807C00315000,0.84,0.86
1785956529.032,AAPL260807C00315000,0.84,0.86
1785956530.297,AAPL260807C00315000,0.84,0.86
1785956531.074,AAPL260807C00315000,0.84,0.86
1785956532.625,AAPL260807C00315000,0.84,0.86
1785956533.836,AAPL260807C00315000,0.84,0.86
1785956534.171,AAPL260807C00315000,0.84,0.86
1785956536.669,AAPL260807C00315000,0.84,0.86
1785956537.028,AAPL260807C00315000,0.84,0.86
1785956538.001,AAPL260807C00315000,0.84,0.86
1785956539.074,AAPL260807C00315000,0.84,0.86
1785956540.092,AAPL260807C00315000,0.84,0.86
1785956541.039,AAPL260807C00315000,0.84,0.86
1785956542.986,AAPL260807C00315000,0.84,0.85
1785956546.177,AAPL260807C00315000,0.84,0.85
1785956548.202,AAPL260807C00315000,0.84,0.85
1785956549.289,AAPL260807C00315000,0.84,0.85
1785956550.028,AAPL260807C00315000,0.83,0.84
1785956551.033,AAPL260807C00315000,0.83,0.84
1785956552.110,AAPL260807C00315000,0.82,0.84
1785956553.156,AAPL260807C00315000,0.82,0.84
1785956555.160,AAPL260807C00315000,0.82,0.84
1785956556.016,AAPL260807C00315000,0.82,0.84
1785956557.151,AAPL260807C00315000,0.82,0.84
1785956558.167,AAPL260807C00315000,0.82,0.84
1785956559.119,AAPL260807C00315000,0.82,0.83
1785956560.442,AAPL260807C00315000,0.82,0.83
1785956561.419,AAPL260807C00315000,0.82,0.83
1785956562.160,AAPL260807C00315000,0.82,0.83
1785956563.578,AAPL260807C00315000,0.82,0.83
1785956564.413,AAPL260807C00315000,0.82,0.83
1785956566.268,AAPL260807C00315000,0.82,0.83
1785956568.953,AAPL260807C00315000,0.82,0.83
1785956569.110,AAPL260807C00315000,0.82,0.83
1785956570.101,AAPL260807C00315000,0.82,0.83
1785956571.361,AAPL260807C00315000,0.82,0.83
1785956572.808,AAPL260807C00315000,0.82,0.83
1785956573.600,AAPL260807C00315000,0.82,0.83
1785956574.100,AAPL260807C00315000,0.82,0.83
1785956575.360,AAPL260807C00315000,0.82,0.83
1785956576.324,AAPL260807C00315000,0.82,0.83
1785956577.110,AAPL260807C00315000,0.82,0.83
1785956578.042,AAPL260807C00315000,0.81,0.83
1785956579.243,AAPL260807C00315000,0.81,0.83
1785956580.053,AAPL260807C00315000,0.81,0.82
1785956581.347,AAPL260807C00315000,0.81,0.82
1785956582.097,AAPL260807C00315000,0.81,0.82
1785956583.016,AAPL260807C00315000,0.8,0.82
1785956584.083,AAPL260807C00315000,0.8,0.82
1785956585.077,AAPL260807C00315000,0.8,0.81
1785956586.215,AAPL260807C00315000,0.8,0.81
1785956587.223,AAPL260807C00315000,0.8,0.81
1785956588.213,AAPL260807C00315000,0.8,0.81
1785956589.169,AAPL260807C00315000,0.8,0.81
1785956590.073,AAPL260807C00315000,0.8,0.81
1785956591.083,AAPL260807C00315000,0.8,0.81
1785956592.180,AAPL260807C00315000,0.8,0.81
1785956593.047,AAPL260807C00315000,0.8,0.81
1785956594.082,AAPL260807C00315000,0.8,0.81
1785956595.111,AAPL260807C00315000,0.8,0.81
1785956596.035,AAPL260807C00315000,0.78,0.8
1785956597.092,AAPL260807C00315000,0.78,0.8
1785956598.167,AAPL260807C00315000,0.78,0.8
1785956599.058,AAPL260807C00315000,0.78,0.8
1785956600.047,AAPL260807C00315000,0.78,0.8
1785956601.029,AAPL260807C00315000,0.8,0.81
1785956602.012,AAPL260807C00315000,0.79,0.81
1785956603.013,AAPL260807C00315000,0.79,0.81
1785956604.089,AAPL260807C00315000,0.8,0.81
1785956605.022,AAPL260807C00315000,0.8,0.81
1785956606.036,AAPL260807C00315000,0.79,0.81
1785956607.059,AAPL260807C00315000,0.79,0.81
1785956608.129,AAPL260807C00315000,0.8,0.81
1785956609.020,AAPL260807C00315000,0.8,0.81
1785956610.046,AAPL260807C00315000,0.8,0.81
1785956612.493,AAPL260807C00315000,0.8,0.81
1785956613.793,AAPL260807C00315000,0.8,0.81
1785956614.892,AAPL260807C00315000,0.8,0.81
1785956615.117,AAPL260807C00315000,0.8,0.81
1785956616.421,AAPL260807C00315000,0.8,0.81
1785956618.611,AAPL260807C00315000,0.8,0.81
1785956619.018,AAPL260807C00315000,0.8,0.81
1785956620.029,AAPL260807C00315000,0.78,0.8
1785956621.108,AAPL260807C00315000,0.78,0.8
1785956622.058,AAPL260807C00315000,0.78,0.8
1785956623.040,AAPL260807C00315000,0.78,0.8
1785956624.153,AAPL260807C00315000,0.78,0.8
1785956625.064,AAPL260807C00315000,0.78,0.8
1785956626.110,AAPL260807C00315000,0.78,0.8
1785956627.459,AAPL260807C00315000,0.78,0.8
1785956628.154,AAPL260807C00315000,0.78,0.8
1785956629.541,AAPL260807C00315000,0.78,0.8
1785956630.005,AAPL260807C00315000,0.78,0.8
1785956631.171,AAPL260807C00315000,0.78,0.8
1785956632.070,AAPL260807C00315000,0.78,0.8
1785956633.165,AAPL260807C00315000,0.78,0.8
1785956634.111,AAPL260807C00315000,0.78,0.8
1785956635.164,AAPL260807C00315000,0.78,0.8
1785956636.592,AAPL260807C00315000,0.78,0.8
1785956637.059,AAPL260807C00315000,0.78,0.8
1785956638.069,AAPL260807C00315000,0.78,0.8
1785956639.353,AAPL260807C00315000,0.78,0.8
1785956640.044,AAPL260807C00315000,0.78,0.8
1785956641.043,AAPL260807C00315000,0.78,0.8
1785956642.121,AAPL260807C00315000,0.78,0.8
1785956643.070,AAPL260807C00315000,0.78,0.8
1785956645.415,AAPL260807C00315000,0.78,0.8
1785956646.014,AAPL260807C00315000,0.78,0.8
1785956647.167,AAPL260807C00315000,0.78,0.8
1785956648.143,AAPL260807C00315000,0.78,0.8
1785956649.001,AAPL260807C00315000,0.78,0.8
1785956650.022,AAPL260807C00315000,0.78,0.8
1785956651.031,AAPL260807C00315000,0.78,0.8
1785956652.797,AAPL260807C00315000,0.78,0.8
1785956653.483,AAPL260807C00315000,0.78,0.8
1785956654.165,AAPL260807C00315000,0.78,0.8
1785956655.770,AAPL260807C00315000,0.78,0.8
1785956656.102,AAPL260807C00315000,0.78,0.8
1785956657.143,AAPL260807C00315000,0.78,0.8
1785956658.009,AAPL260807C00315000,0.78,0.8
1785956659.030,AAPL260807C00315000,0.78,0.8
1785956660.037,AAPL260807C00315000,0.78,0.81
1785956661.097,AAPL260807C00315000,0.78,0.81
1785956662.166,AAPL260807C00315000,0.78,0.81
1785956663.075,AAPL260807C00315000,0.78,0.81
1785956664.110,AAPL260807C00315000,0.78,0.81
1785956665.412,AAPL260807C00315000,0.78,0.81
1785956666.026,AAPL260807C00315000,0.78,0.81
1785956667.136,AAPL260807C00315000,0.78,0.81
1785956668.040,AAPL260807C00315000,0.78,0.81
1785956669.066,AAPL260807C00315000,0.78,0.81
1785956670.011,AAPL260807C00315000,0.78,0.81
1785956671.191,AAPL260807C00315000,0.78,0.81
1785956672.496,AAPL260807C00315000,0.78,0.81
1785956673.109,AAPL260807C00315000,0.78,0.81
1785956674.173,AAPL260807C00315000,0.78,0.81
1785956675.050,AAPL260807C00315000,0.78,0.8
1785956676.110,AAPL260807C00315000,0.78,0.8
1785956677.103,AAPL260807C00315000,0.78,0.8
1785956678.062,AAPL260807C00315000,0.78,0.8
1785956679.014,AAPL260807C00315000,0.78,0.8
1785956680.138,AAPL260807C00315000,0.78,0.8
1785956681.188,AAPL260807C00315000,0.79,0.8
1785956683.131,AAPL260807C00315000,0.79,0.8
1785956684.161,AAPL260807C00315000,0.78,0.8
1785956685.009,AAPL260807C00315000,0.78,0.8
1785956686.012,AAPL260807C00315000,0.78,0.8
1785956687.055,AAPL260807C00315000,0.78,0.8
1785956688.009,AAPL260807C00315000,0.78,0.8
1785956689.094,AAPL260807C00315000,0.78,0.8
1785956690.147,AAPL260807C00315000,0.78,0.8
1785956691.009,AAPL260807C00315000,0.78,0.8
1785956692.398,AAPL260807C00315000,0.78,0.8
1785956693.110,AAPL260807C00315000,0.78,0.8
1785956694.032,AAPL260807C00315000,0.78,0.8
1785956695.177,AAPL260807C00315000,0.78,0.8
1785956696.132,AAPL260807C00315000,0.78,0.8
1785956697.810,AAPL260807C00315000,0.78,0.8
1785956698.100,AAPL260807C00315000,0.78,0.8
1785956699.053,AAPL260807C00315000,0.78,0.8
1785956700.164,AAPL260807C00315000,0.78,0.8
1785956701.133,AAPL260807C00315000,0.78,0.8
1785956702.045,AAPL260807C00315000,0.78,0.8
1785956703.097,AAPL260807C00315000,0.78,0.8
1785956704.038,AAPL260807C00315000,0.78,0.8
1785956705.083,AAPL260807C00315000,0.78,0.8
1785956706.087,AAPL260807C00315000,0.78,0.8
1785956707.489,AAPL260807C00315000,0.78,0.8
1785956708.017,AAPL260807C00315000,0.78,0.8
1785956709.294,AAPL260807C00315000,0.78,0.8
1785956710.033,AAPL260807C00315000,0.77,0.8
1785956711.039,AAPL260807C00315000,0.77,0.8
1785956712.037,AAPL260807C00315000,0.77,0.8
1785956713.001,AAPL260807C00315000,0.77,0.8
1785956714.109,AAPL260807C00315000,0.78,0.8
1785956715.831,AAPL260807C00315000,0.78,0.8
1785956717.147,AAPL260807C00315000,0.78,0.8
1785956718.403,AAPL260807C00315000,0.78,0.8
1785956719.078,AAPL260807C00315000,0.78,0.8
1785956720.080,AAPL260807C00315000,0.78,0.8
1785956721.349,AAPL260807C00315000,0.78,0.8
1785956722.393,AAPL260807C00315000,0.78,0.8
1785956723.055,AAPL260807C00315000,0.78,0.8
1785956724.163,AAPL260807C00315000,0.78,0.8
1785956725.111,AAPL260807C00315000,0.78,0.8
1785956726.132,AAPL260807C00315000,0.78,0.8
1785956727.210,AAPL260807C00315000,0.78,0.8
1785956728.052,AAPL260807C00315000,0.78,0.8
1785956729.053,AAPL260807C00315000,0.78,0.81
1785956730.054,AAPL260807C00315000,0.78,0.81
1785956731.110,AAPL260807C00315000,0.78,0.81
1785956732.169,AAPL260807C00315000,0.78,0.81
1785956733.013,AAPL260807C00315000,0.78,0.81
1785956734.098,AAPL260807C00315000,0.78,0.81
1785956735.011,AAPL260807C00315000,0.78,0.81
1785956736.013,AAPL260807C00315000,0.78,0.81
1785956737.120,AAPL260807C00315000,0.78,0.81
1785956738.106,AAPL260807C00315000,0.78,0.81
1785956739.046,AAPL260807C00315000,0.78,0.81
1785956740.804,AAPL260807C00315000,0.79,0.8
1785956741.114,AAPL260807C00315000,0.79,0.8
1785956742.034,AAPL260807C00315000,0.79,0.8
1785956743.254,AAPL260807C00315000,0.79,0.8
1785956744.270,AAPL260807C00315000,0.79,0.81
1785956745.017,AAPL260807C00315000,0.79,0.81
1785956746.045,AAPL260807C00315000,0.79,0.81
1785956747.203,AAPL260807C00315000,0.79,0.82
1785956748.028,AAPL260807C00315000,0.79,0.82
1785956749.171,AAPL260807C00315000,0.79,0.82
1785956750.431,AAPL260807C00315000,0.79,0.82
1785956751.031,AAPL260807C00315000,0.79,0.82
1785956752.038,AAPL260807C00315000,0.79,0.82
1785956753.075,AAPL260807C00315000,0.79,0.82
1785956754.041,AAPL260807C00315000,0.79,0.82
1785956755.078,AAPL260807C00315000,0.79,0.82
1785956756.110,AAPL260807C00315000,0.79,0.82
1785956757.326,AAPL260807C00315000,0.79,0.82
1785956758.106,AAPL260807C00315000,0.79,0.82
1785956759.032,AAPL260807C00315000,0.79,0.82
1785956760.430,AAPL260807C00315000,0.79,0.82
1785956761.171,AAPL260807C00315000,0.79,0.82
1785956762.022,AAPL260807C00315000,0.79,0.82
1785956763.012,AAPL260807C00315000,0.79,0.82
1785956764.209,AAPL260807C00315000,0.79,0.82
1785956765.003,AAPL260807C00315000,0.79,0.82
1785956766.231,AAPL260807C00315000,0.79,0.82
1785956767.157,AAPL260807C00315000,0.79,0.83
1785956768.000,AAPL260807C00315000,0.79,0.83
1785956769.203,AAPL260807C00315000,0.79,0.83
1785956770.426,AAPL260807C00315000,0.79,0.83
1785956771.042,AAPL260807C00315000,0.81,0.84
1785956772.239,AAPL260807C00315000,0.81,0.84
1785956773.016,AAPL260807C00315000,0.81,0.84
1785956774.163,AAPL260807C00315000,0.81,0.84
1785956775.451,AAPL260807C00315000,0.81,0.84
1785956776.301,AAPL260807C00315000,0.81,0.84
1785956777.170,AAPL260807C00315000,0.81,0.84
1785956779.112,AAPL260807C00315000,0.81,0.83
1785956780.004,AAPL260807C00315000,0.81,0.84
1785956781.010,AAPL260807C00315000,0.81,0.84
1785956782.000,AAPL260807C00315000,0.81,0.89
1785956785.482,AAPL260807C00315000,0.82,0.88
1785956786.120,AAPL260807C00315000,0.82,0.88
1785956787.242,AAPL260807C00315000,0.82,0.88
1785956788.857,AAPL260807C00315000,0.82,0.88
1785956789.045,AAPL260807C00315000,0.82,0.88
1785956790.383,AAPL260807C00315000,0.82,0.85
1785956791.161,AAPL260807C00315000,0.82,0.85
1785956792.038,AAPL260807C00315000,0.82,0.85
1785956793.671,AAPL260807C00315000,0.82,0.85
1785956794.363,AAPL260807C00315000,0.82,0.85
1785956795.043,AAPL260807C00315000,0.82,0.85
1785956796.730,AAPL260807C00315000,0.82,0.85
1785956797.035,AAPL260807C00315000,0.82,0.85
1785956798.076,AAPL260807C00315000,0.82,0.85
1785956799.175,AAPL260807C00315000,0.82,0.85
1785956800.822,AAPL260807C00315000,0.82,0.85
1785956801.098,AAPL260807C00315000,0.82,0.85
1785956802.906,AAPL260807C00315000,0.82,0.85
1785956803.014,AAPL260807C00315000,0.82,0.85
1785956804.012,AAPL260807C00315000,0.82,0.85
1785956805.393,AAPL260807C00315000,0.82,0.85
1785956810.599,AAPL260807C00315000,0.83,0.85
1785956811.013,AAPL260807C00315000,0.83,0.85
1785956812.039,AAPL260807C00315000,0.83,0.85
1785956815.081,AAPL260807C00315000,0.83,0.85
1785956817.292,AAPL260807C00315000,0.83,0.85
1785956825.126,AAPL260807C00315000,0.83,0.85
1785956826.091,AAPL260807C00315000,0.85,0.88
1785956827.041,AAPL260807C00315000,0.85,0.88
1785956828.004,AAPL260807C00315000,0.85,0.88
1785956829.118,AAPL260807C00315000,0.85,0.88
1785956830.428,AAPL260807C00315000,0.85,0.88
1785956832.218,AAPL260807C00315000,0.85,0.88
1785956833.237,AAPL260807C00315000,0.85,0.88
1785956835.371,AAPL260807C00315000,0.85,0.88
1785956836.373,AAPL260807C00315000,0.85,0.88
1785956837.043,AAPL260807C00315000,0.85,0.88
1785956838.186,AAPL260807C00315000,0.85,0.88
1785956839.113,AAPL260807C00315000,0.85,0.88
1785956840.451,AAPL260807C00315000,0.85,0.88
1785956841.785,AAPL260807C00315000,0.85,0.88
1785956842.065,AAPL260807C00315000,0.85,0.88
1785956843.019,AAPL260807C00315000,0.85,0.88
1785956844.017,AAPL260807C00315000,0.85,0.89
1785956847.131,AAPL260807C00315000,0.85,0.89
1785956848.072,AAPL260807C00315000,0.85,0.89
1785956849.420,AAPL260807C00315000,0.85,0.89
1785956850.095,AAPL260807C00315000,0.88,0.9
1785956851.074,AAPL260807C00315000,0.88,0.9
1785956852.195,AAPL260807C00315000,0.88,0.9
1785956854.214,AAPL260807C00315000,0.89,0.9
1785956855.404,AAPL260807C00315000,0.89,0.9
1785956856.068,AAPL260807C00315000,0.89,0.9
1785956857.279,AAPL260807C00315000,0.89,0.9
1785956858.168,AAPL260807C00315000,0.89,0.9
1785956859.517,AAPL260807C00315000,0.89,0.9
1785956860.174,AAPL260807C00315000,0.89,0.9
1785956862.471,AAPL260807C00315000,0.89,0.9
1785956863.869,AAPL260807C00315000,0.9,0.92
1785956864.323,AAPL260807C00315000,0.9,0.92
1785956865.015,AAPL260807C00315000,0.9,0.92
1785956866.421,AAPL260807C00315000,0.9,0.91
1785956867.345,AAPL260807C00315000,0.9,0.91
1785956868.154,AAPL260807C00315000,0.9,0.91
1785956869.146,AAPL260807C00315000,0.9,0.92
1785956870.123,AAPL260807C00315000,0.9,0.92
1785956871.131,AAPL260807C00315000,0.9,0.92
1785956872.289,AAPL260807C00315000,0.9,0.92
1785956873.117,AAPL260807C00315000,0.9,0.92
1785956874.446,AAPL260807C00315000,0.9,0.92
1785956875.204,AAPL260807C00315000,0.9,0.92
1785956876.807,AAPL260807C00315000,0.9,0.92
1785956877.232,AAPL260807C00315000,0.9,0.92
1785956878.072,AAPL260807C00315000,0.9,0.92
1785956879.005,AAPL260807C00315000,0.9,0.91
1785956880.403,AAPL260807C00315000,0.9,0.91
1785956881.025,AAPL260807C00315000,0.9,0.91
1785956882.187,AAPL260807C00315000,0.9,0.91
1785956883.016,AAPL260807C00315000,0.89,0.91
1785956884.495,AAPL260807C00315000,0.89,0.91
1785956885.471,AAPL260807C00315000,0.89,0.91
1785956886.111,AAPL260807C00315000,0.89,0.9
1785956887.214,AAPL260807C00315000,0.89,0.9
1785956889.648,AAPL260807C00315000,0.89,0.9
1785956890.065,AAPL260807C00315000,0.87,0.9
1785956891.014,AAPL260807C00315000,0.87,0.89
1785956892.181,AAPL260807C00315000,0.87,0.89
1785956893.037,AAPL260807C00315000,0.87,0.89
1785956894.202,AAPL260807C00315000,0.87,0.89
1785956897.826,AAPL260807C00315000,0.87,0.89
1785956898.031,AAPL260807C00315000,0.87,0.89
1785956899.654,AAPL260807C00315000,0.87,0.89
1785956901.240,AAPL260807C00315000,0.87,0.89
1785956902.070,AAPL260807C00315000,0.87,0.89
1785956903.183,AAPL260807C00315000,0.86,0.88
1785956904.051,AAPL260807C00315000,0.86,0.88
1785956905.038,AAPL260807C00315000,0.86,0.88
1785956906.022,AAPL260807C00315000,0.86,0.88
1785956907.123,AAPL260807C00315000,0.86,0.88
1785956908.005,AAPL260807C00315000,0.86,0.89
1785956909.030,AAPL260807C00315000,0.86,0.89
1785956910.052,AAPL260807C00315000,0.86,0.89
1785956911.111,AAPL260807C00315000,0.86,0.89
1785956912.051,AAPL260807C00315000,0.86,0.89
1785956913.035,AAPL260807C00315000,0.86,0.89
1785956914.416,AAPL260807C00315000,0.86,0.89
1785956915.096,AAPL260807C00315000,0.86,0.89
1785956916.112,AAPL260807C00315000,0.86,0.89
1785956917.165,AAPL260807C00315000,0.86,0.89
1785956918.099,AAPL260807C00315000,0.86,0.89
1785956919.032,AAPL260807C00315000,0.86,0.89
1785956920.124,AAPL260807C00315000,0.86,0.89
1785956922.030,AAPL260807C00315000,0.86,0.89
1785956923.480,AAPL260807C00315000,0.86,0.89
1785956924.411,AAPL260807C00315000,0.86,0.89
1785956925.080,AAPL260807C00315000,0.86,0.89
1785956927.726,AAPL260807C00315000,0.86,0.89
1785956928.833,AAPL260807C00315000,0.86,0.89
1785956929.716,AAPL260807C00315000,0.86,0.89
1785956930.362,AAPL260807C00315000,0.86,0.89
1785956931.262,AAPL260807C00315000,0.87,0.89
1785956934.026,AAPL260807C00315000,0.87,0.88
1785956935.689,AAPL260807C00315000,0.87,0.88
1785956938.637,AAPL260807C00315000,0.87,0.88
1785956939.586,AAPL260807C00315000,0.87,0.88
1785956940.084,AAPL260807C00315000,0.87,0.88
1785956941.340,AAPL260807C00315000,0.87,0.88
1785956942.229,AAPL260807C00315000,0.86,0.88
1785956943.627,AAPL260807C00315000,0.86,0.88
1785956944.058,AAPL260807C00315000,0.86,0.88
1785956945.355,AAPL260807C00315000,0.86,0.88
1785956946.025,AAPL260807C00315000,0.86,0.88
1785956949.049,AAPL260807C00315000,0.86,0.88
1785956950.011,AAPL260807C00315000,0.86,0.88
1785956951.024,AAPL260807C00315000,0.86,0.88
1785956952.148,AAPL260807C00315000,0.86,0.88
1785956953.434,AAPL260807C00315000,0.86,0.88
1785956954.821,AAPL260807C00315000,0.86,0.88
1785956956.188,AAPL260807C00315000,0.86,0.88
1785956957.647,AAPL260807C00315000,0.86,0.88
1785956958.117,AAPL260807C00315000,0.86,0.88
1785956959.521,AAPL260807C00315000,0.86,0.88
1785956960.672,AAPL260807C00315000,0.86,0.88
1785956961.341,AAPL260807C00315000,0.86,0.88
1785956962.645,AAPL260807C00315000,0.86,0.88
1785956963.880,AAPL260807C00315000,0.87,0.88
1785956964.098,AAPL260807C00315000,0.87,0.88
1785956965.182,AAPL260807C00315000,0.87,0.88
1785956966.099,AAPL260807C00315000,0.87,0.88
1785956967.983,AAPL260807C00315000,0.87,0.88
1785956968.040,AAPL260807C00315000,0.87,0.89
1785956969.070,AAPL260807C00315000,0.87,0.89
1785956970.109,AAPL260807C00315000,0.87,0.89
1785956971.297,AAPL260807C00315000,0.87,0.89
1785956972.229,AAPL260807C00315000,0.87,0.89
1785956973.084,AAPL260807C00315000,0.87,0.89
1785956974.436,AAPL260807C00315000,0.87,0.89
1785956975.021,AAPL260807C00315000,0.87,0.89
1785956976.986,AAPL260807C00315000,0.87,0.89
1785956977.509,AAPL260807C00315000,0.87,0.89
1785956980.543,AAPL260807C00315000,0.87,0.89
1785956981.649,AAPL260807C00315000,0.87,0.89
1785956984.137,AAPL260807C00315000,0.87,0.89
1785956985.225,AAPL260807C00315000,0.87,0.89
1785956986.994,AAPL260807C00315000,0.87,0.89
1785956987.164,AAPL260807C00315000,0.87,0.89
1785956989.346,AAPL260807C00315000,0.87,0.89
1785956990.480,AAPL260807C00315000,0.87,0.88
1785956991.509,AAPL260807C00315000,0.87,0.88
1785956992.009,AAPL260807C00315000,0.87,0.88
1785956993.671,AAPL260807C00315000,0.88,0.89
1785956994.547,AAPL260807C00315000,0.87,0.89
1785956999.327,AAPL260807C00315000,0.87,0.89
1785957000.102,AAPL260807C00315000,0.88,0.89
1785957001.359,AAPL260807C00315000,0.87,0.89
1785957002.102,AAPL260807C00315000,0.87,0.89
1785957003.030,AAPL260807C00315000,0.87,0.88
1785957004.056,AAPL260807C00315000,0.87,0.88
1785957005.256,AAPL260807C00315000,0.87,0.88
1785957006.102,AAPL260807C00315000,0.86,0.88
1785957007.334,AAPL260807C00315000,0.86,0.88
1785957008.253,AAPL260807C00315000,0.86,0.88
1785957009.260,AAPL260807C00315000,0.86,0.88
1785957010.032,AAPL260807C00315000,0.86,0.88
1785957011.013,AAPL260807C00315000,0.86,0.88
1785957012.034,AAPL260807C00315000,0.86,0.88
1785957013.269,AAPL260807C00315000,0.86,0.88
1785957014.111,AAPL260807C00315000,0.86,0.88
1785957015.425,AAPL260807C00315000,0.86,0.88
1785957016.458,AAPL260807C00315000,0.86,0.88
1785957017.076,AAPL260807C00315000,0.86,0.88
1785957019.025,AAPL260807C00315000,0.86,0.87
1785957021.778,AAPL260807C00315000,0.86,0.88
1785957022.017,AAPL260807C00315000,0.87,0.88
1785957023.010,AAPL260807C00315000,0.87,0.89
1785957024.012,AAPL260807C00315000,0.87,0.89
1785957026.350,AAPL260807C00315000,0.87,0.89
1785957027.250,AAPL260807C00315000,0.86,0.89
1785957028.062,AAPL260807C00315000,0.86,0.89
1785957029.089,AAPL260807C00315000,0.86,0.89
1785957030.289,AAPL260807C00315000,0.86,0.89
1785957032.177,AAPL260807C00315000,0.86,0.89
1785957033.333,AAPL260807C00315000,0.86,0.89
1785957035.131,AAPL260807C00315000,0.86,0.89
1785957036.018,AAPL260807C00315000,0.86,0.89
1785957037.039,AAPL260807C00315000,0.86,0.89
1785957038.034,AAPL260807C00315000,0.86,0.89
1785957039.037,AAPL260807C00315000,0.86,0.89
1785957040.501,AAPL260807C00315000,0.86,0.89
1785957041.009,AAPL260807C00315000,0.86,0.89
1785957042.563,AAPL260807C00315000,0.86,0.89
1785957043.144,AAPL260807C00315000,0.86,0.88
1785957045.185,AAPL260807C00315000,0.86,0.88
1785957046.277,AAPL260807C00315000,0.87,0.88
1785957047.068,AAPL260807C00315000,0.86,0.87
1785957049.309,AAPL260807C00315000,0.86,0.87
1785957050.196,AAPL260807C00315000,0.86,0.87
1785957051.063,AAPL260807C00315000,0.86,0.88
1785957052.144,AAPL260807C00315000,0.86,0.88
1785957053.011,AAPL260807C00315000,0.86,0.88
1785957054.050,AAPL260807C00315000,0.86,0.88
1785957055.065,AAPL260807C00315000,0.86,0.88
1785957056.235,AAPL260807C00315000,0.86,0.88
1785957057.596,AAPL260807C00315000,0.86,0.88
1785957058.879,AAPL260807C00315000,0.86,0.88
1785957059.110,AAPL260807C00315000,0.86,0.88
1785957060.024,AAPL260807C00315000,0.86,0.88
1785957061.921,AAPL260807C00315000,0.86,0.88
1785957062.422,AAPL260807C00315000,0.86,0.88
1785957063.521,AAPL260807C00315000,0.86,0.88
1785957064.193,AAPL260807C00315000,0.86,0.88
1785957065.008,AAPL260807C00315000,0.86,0.88
1785957066.234,AAPL260807C00315000,0.86,0.88
1785957067.666,AAPL260807C00315000,0.86,0.88
1785957068.110,AAPL260807C00315000,0.86,0.88
1785957069.068,AAPL260807C00315000,0.86,0.88
1785957070.077,AAPL260807C00315000,0.86,0.88
1785957071.263,AAPL260807C00315000,0.86,0.88
1785957072.505,AAPL260807C00315000,0.86,0.88
1785957073.140,AAPL260807C00315000,0.86,0.88
1785957074.649,AAPL260807C00315000,0.86,0.88
1785957075.275,AAPL260807C00315000,0.86,0.88
1785957076.381,AAPL260807C00315000,0.86,0.88
1785957079.838,AAPL260807C00315000,0.86,0.88
1785957080.038,AAPL260807C00315000,0.85,0.86
1785957081.110,AAPL260807C00315000,0.85,0.86
1785957082.535,AAPL260807C00315000,0.85,0.86
1785957083.690,AAPL260807C00315000,0.85,0.86
1785957085.149,AAPL260807C00315000,0.85,0.87
1785957086.424,AAPL260807C00315000,0.85,0.87
1785957087.178,AAPL260807C00315000,0.85,0.87
1785957088.263,AAPL260807C00315000,0.84,0.87
1785957089.021,AAPL260807C00315000,0.84,0.87
1785957090.107,AAPL260807C00315000,0.84,0.86
1785957091.367,AAPL260807C00315000,0.84,0.86
1785957093.931,AAPL260807C00315000,0.85,0.86
1785957094.101,AAPL260807C00315000,0.85,0.86
1785957096.468,AAPL260807C00315000,0.85,0.86
1785957097.501,AAPL260807C00315000,0.85,0.86
1785957098.193,AAPL260807C00315000,0.85,0.86
1785957102.261,AAPL260807C00315000,0.85,0.86
1785957103.327,AAPL260807C00315000,0.85,0.86
1785957104.743,AAPL260807C00315000,0.85,0.86
1785957105.033,AAPL260807C00315000,0.85,0.86
1785957106.111,AAPL260807C00315000,0.85,0.86
1785957107.169,AAPL260807C00315000,0.85,0.86
1785957108.065,AAPL260807C00315000,0.85,0.86
1785957109.589,AAPL260807C00315000,0.85,0.86
1785957113.662,AAPL260807C00315000,0.85,0.86
1785957114.004,AAPL260807C00315000,0.85,0.86
1785957115.411,AAPL260807C00315000,0.85,0.86
1785957117.411,AAPL260807C00315000,0.85,0.86
1785957118.020,AAPL260807C00315000,0.85,0.86
1785957119.084,AAPL260807C00315000,0.85,0.86
1785957120.145,AAPL260807C00315000,0.84,0.86
1785957121.049,AAPL260807C00315000,0.84,0.86
1785957122.041,AAPL260807C00315000,0.84,0.86
1785957124.127,AAPL260807C00315000,0.84,0.86
1785957125.430,AAPL260807C00315000,0.84,0.86
1785957126.079,AAPL260807C00315000,0.84,0.86
1785957127.510,AAPL260807C00315000,0.84,0.86
1785957128.176,AAPL260807C00315000,0.84,0.86
1785957129.175,AAPL260807C00315000,0.83,0.86
1785957130.029,AAPL260807C00315000,0.83,0.86
1785957131.099,AAPL260807C00315000,0.83,0.86
1785957132.101,AAPL260807C00315000,0.83,0.86
1785957133.124,AAPL260807C00315000,0.83,0.86
1785957134.405,AAPL260807C00315000,0.84,0.85
1785957138.860,AAPL260807C00315000,0.84,0.85
1785957139.532,AAPL260807C00315000,0.84,0.85
1785957140.043,AAPL260807C00315000,0.84,0.85
1785957141.035,AAPL260807C00315000,0.84,0.85
1785957142.160,AAPL260807C00315000,0.84,0.85
1785957144.414,AAPL260807C00315000,0.84,0.85
1785957145.837,AAPL260807C00315000,0.84,0.85
1785957146.115,AAPL260807C00315000,0.84,0.85
1785957147.416,AAPL260807C00315000,0.84,0.85
1785957148.090,AAPL260807C00315000,0.84,0.85
1785957149.166,AAPL260807C00315000,0.83,0.85
1785957150.018,AAPL260807C00315000,0.83,0.85
1785957151.330,AAPL260807C00315000,0.83,0.85
1785957153.852,AAPL260807C00315000,0.83,0.85
1785957154.141,AAPL260807C00315000,0.83,0.85
1785957155.098,AAPL260807C00315000,0.83,0.85
1785957156.247,AAPL260807C00315000,0.83,0.85
1785957157.774,AAPL260807C00315000,0.83,0.84
1785957158.036,AAPL260807C00315000,0.83,0.84
1785957159.072,AAPL260807C00315000,0.83,0.84
1785957160.215,AAPL260807C00315000,0.83,0.84
1785957161.422,AAPL260807C00315000,0.83,0.84
1785957164.097,AAPL260807C00315000,0.83,0.84
1785957165.295,AAPL260807C00315000,0.83,0.84
1785957166.900,AAPL260807C00315000,0.83,0.84
1785957167.627,AAPL260807C00315000,0.83,0.84
1785957168.540,AAPL260807C00315000,0.83,0.84
1785957169.058,AAPL260807C00315000,0.83,0.84
1785957170.226,AAPL260807C00315000,0.83,0.84
1785957171.995,AAPL260807C00315000,0.83,0.84
1785957172.316,AAPL260807C00315000,0.83,0.84
1785957173.185,AAPL260807C00315000,0.83,0.84
1785957174.019,AAPL260807C00315000,0.83,0.84
1785957175.480,AAPL260807C00315000,0.83,0.84
1785957176.118,AAPL260807C00315000,0.83,0.84
1785957177.306,AAPL260807C00315000,0.83,0.84
1785957178.060,AAPL260807C00315000,0.83,0.84
1785957179.105,AAPL260807C00315000,0.83,0.84
1785957180.845,AAPL260807C00315000,0.83,0.84
1785957181.186,AAPL260807C00315000,0.83,0.84
1785957182.492,AAPL260807C00315000,0.84,0.85
1785957183.188,AAPL260807C00315000,0.84,0.85
1785957184.029,AAPL260807C00315000,0.84,0.85
1785957185.308,AAPL260807C00315000,0.84,0.85
1785957186.177,AAPL260807C00315000,0.84,0.85
1785957187.247,AAPL260807C00315000,0.84,0.85
1785957189.018,AAPL260807C00315000,0.84,0.85
1785957191.368,AAPL260807C00315000,0.83,0.85
1785957192.201,AAPL260807C00315000,0.83,0.85
1785957193.110,AAPL260807C00315000,0.83,0.85
1785957194.126,AAPL260807C00315000,0.83,0.85
1785957195.138,AAPL260807C00315000,0.83,0.85
1785957196.110,AAPL260807C00315000,0.83,0.85
1785957197.147,AAPL260807C00315000,0.83,0.85
1785957198.419,AAPL260807C00315000,0.83,0.85
1785957199.065,AAPL260807C00315000,0.83,0.85
1785957200.014,AAPL260807C00315000,0.83,0.85
1785957201.307,AAPL260807C00315000,0.83,0.85
1785957202.089,AAPL260807C00315000,0.83,0.85
1785957203.013,AAPL260807C00315000,0.83,0.85
1785957204.109,AAPL260807C00315000,0.82,0.83
1785957205.040,AAPL260807C00315000,0.82,0.84
1785957206.110,AAPL260807C00315000,0.82,0.84
1785957207.111,AAPL260807C00315000,0.82,0.84
1785957208.210,AAPL260807C00315000,0.82,0.84
1785957209.053,AAPL260807C00315000,0.82,0.84
1785957210.110,AAPL260807C00315000,0.82,0.84
1785957211.670,AAPL260807C00315000,0.82,0.84
1785957212.107,AAPL260807C00315000,0.82,0.84
1785957213.872,AAPL260807C00315000,0.82,0.84
1785957214.293,AAPL260807C00315000,0.82,0.84
1785957215.060,AAPL260807C00315000,0.82,0.84
1785957216.184,AAPL260807C00315000,0.82,0.84
1785957217.240,AAPL260807C00315000,0.82,0.84
1785957218.110,AAPL260807C00315000,0.82,0.84
1785957219.168,AAPL260807C00315000,0.82,0.84
1785957220.106,AAPL260807C00315000,0.82,0.84
1785957221.014,AAPL260807C00315000,0.82,0.84
1785957222.777,AAPL260807C00315000,0.82,0.84
1785957223.421,AAPL260807C00315000,0.82,0.84
1785957224.013,AAPL260807C00315000,0.82,0.84
1785957225.128,AAPL260807C00315000,0.82,0.83
1785957226.474,AAPL260807C00315000,0.82,0.83
1785957227.893,AAPL260807C00315000,0.82,0.83
1785957228.192,AAPL260807C00315000,0.82,0.83
1785957229.934,AAPL260807C00315000,0.82,0.83
1785957230.166,AAPL260807C00315000,0.82,0.84
1785957231.080,AAPL260807C00315000,0.82,0.84
1785957232.060,AAPL260807C00315000,0.82,0.84
1785957233.175,AAPL260807C00315000,0.82,0.84
1785957234.339,AAPL260807C00315000,0.82,0.83
1785957235.005,AAPL260807C00315000,0.82,0.83
1785957236.379,AAPL260807C00315000,0.82,0.83
1785957237.388,AAPL260807C00315000,0.82,0.83
1785957238.163,AAPL260807C00315000,0.82,0.83
1785957239.138,AAPL260807C00315000,0.82,0.84
1785957240.453,AAPL260807C00315000,0.82,0.84
1785957241.149,AAPL260807C00315000,0.82,0.84
1785957242.050,AAPL260807C00315000,0.82,0.84
1785957243.046,AAPL260807C00315000,0.82,0.84
1785957244.297,AAPL260807C00315000,0.82,0.84
1785957245.688,AAPL260807C00315000,0.82,0.85
1785957246.966,AAPL260807C00315000,0.82,0.85
1785957247.171,AAPL260807C00315000,0.82,0.85
1785957248.107,AAPL260807C00315000,0.82,0.85
1785957249.181,AAPL260807C00315000,0.82,0.85
1785957250.100,AAPL260807C00315000,0.82,0.85
1785957252.098,AAPL260807C00315000,0.82,0.85
1785957253.042,AAPL260807C00315000,0.82,0.85
1785957254.110,AAPL260807C00315000,0.82,0.85
1785957255.046,AAPL260807C00315000,0.82,0.85
1785957256.114,AAPL260807C00315000,0.82,0.85
1785957258.504,AAPL260807C00315000,0.82,0.85
1785957259.197,AAPL260807C00315000,0.82,0.85
1785957260.929,AAPL260807C00315000,0.82,0.85
1785957261.124,AAPL260807C00315000,0.82,0.85
1785957262.122,AAPL260807C00315000,0.82,0.85
1785957263.052,AAPL260807C00315000,0.82,0.85
1785957264.033,AAPL260807C00315000,0.82,0.85
1785957265.069,AAPL260807C00315000,0.82,0.85
1785957266.245,AAPL260807C00315000,0.82,0.85
1785957267.192,AAPL260807C00315000,0.82,0.85
1785957268.152,AAPL260807C00315000,0.82,0.85
1785957269.120,AAPL260807C00315000,0.82,0.85
1785957270.075,AAPL260807C00315000,0.82,0.85
1785957271.208,AAPL260807C00315000,0.82,0.85
1785957272.019,AAPL260807C00315000,0.82,0.85
1785957274.012,AAPL260807C00315000,0.82,0.85
1785957275.084,AAPL260807C00315000,0.82,0.85
1785957276.003,AAPL260807C00315000,0.82,0.85
1785957280.888,AAPL260807C00315000,0.82,0.85
1785957281.394,AAPL260807C00315000,0.82,0.85
1785957283.311,AAPL260807C00315000,0.82,0.85
1785957284.020,AAPL260807C00315000,0.85,0.86
1785957285.110,AAPL260807C00315000,0.85,0.86
1785957286.016,AAPL260807C00315000,0.85,0.86
1785957287.061,AAPL260807C00315000,0.85,0.87
1785957288.354,AAPL260807C00315000,0.85,0.87
1785957289.115,AAPL260807C00315000,0.85,0.87
1785957290.034,AAPL260807C00315000,0.85,0.87
1785957291.111,AAPL260807C00315000,0.85,0.87
1785957292.044,AAPL260807C00315000,0.85,0.87
1785957293.707,AAPL260807C00315000,0.85,0.87
1785957294.040,AAPL260807C00315000,0.85,0.87
1785957295.338,AAPL260807C00315000,0.85,0.87
1785957296.382,AAPL260807C00315000,0.85,0.87
1785957297.133,AAPL260807C00315000,0.85,0.87
1785957298.451,AAPL260807C00315000,0.85,0.87
1785957299.621,AAPL260807C00315000,0.85,0.86
1785957300.055,AAPL260807C00315000,0.85,0.86
1785957301.371,AAPL260807C00315000,0.85,0.86
1785957302.192,AAPL260807C00315000,0.86,0.88
1785957303.170,AAPL260807C00315000,0.86,0.88
1785957304.155,AAPL260807C00315000,0.86,0.88
1785957305.062,AAPL260807C00315000,0.86,0.88
1785957306.095,AAPL260807C00315000,0.86,0.88
1785957307.187,AAPL260807C00315000,0.86,0.88
1785957310.904,AAPL260807C00315000,0.86,0.88
1785957311.056,AAPL260807C00315000,0.86,0.88
1785957312.019,AAPL260807C00315000,0.86,0.88
1785957313.080,AAPL260807C00315000,0.86,0.88
1785957314.159,AAPL260807C00315000,0.86,0.88
1785957315.957,AAPL260807C00315000,0.86,0.88
1785957316.060,AAPL260807C00315000,0.86,0.88
1785957319.413,AAPL260807C00315000,0.86,0.88
1785957321.917,AAPL260807C00315000,0.86,0.88
1785957322.665,AAPL260807C00315000,0.86,0.88
1785957323.432,AAPL260807C00315000,0.86,0.88
1785957324.309,AAPL260807C00315000,0.86,0.88
1785957325.124,AAPL260807C00315000,0.86,0.88
1785957327.213,AAPL260807C00315000,0.86,0.88
1785957328.072,AAPL260807C00315000,0.86,0.88
1785957329.554,AAPL260807C00315000,0.86,0.88
1785957330.344,AAPL260807C00315000,0.86,0.88
1785957331.145,AAPL260807C00315000,0.86,0.88
1785957332.028,AAPL260807C00315000,0.86,0.89
1785957333.138,AAPL260807C00315000,0.86,0.89
1785957334.085,AAPL260807C00315000,0.86,0.89
1785957335.034,AAPL260807C00315000,0.86,0.89
1785957336.264,AAPL260807C00315000,0.86,0.89
1785957337.919,AAPL260807C00315000,0.86,0.89
1785957338.163,AAPL260807C00315000,0.86,0.89
1785957339.041,AAPL260807C00315000,0.86,0.89
1785957340.918,AAPL260807C00315000,0.86,0.89
1785957341.163,AAPL260807C00315000,0.86,0.89
1785957342.662,AAPL260807C00315000,0.86,0.89
1785957343.414,AAPL260807C00315000,0.86,0.89
1785957344.175,AAPL260807C00315000,0.86,0.89
1785957345.009,AAPL260807C00315000,0.86,0.89
1785957346.340,AAPL260807C00315000,0.86,0.89
1785957347.039,AAPL260807C00315000,0.86,0.89
1785957348.670,AAPL260807C00315000,0.86,0.89
1785957349.113,AAPL260807C00315000,0.86,0.89
1785957350.039,AAPL260807C00315000,0.86,0.89
1785957351.027,AAPL260807C00315000,0.86,0.89
1785957352.266,AAPL260807C00315000,0.86,0.89
1785957353.506,AAPL260807C00315000,0.86,0.89
1785957354.133,AAPL260807C00315000,0.86,0.89
1785957355.002,AAPL260807C00315000,0.86,0.89
1785957356.195,AAPL260807C00315000,0.86,0.89
1785957357.110,AAPL260807C00315000,0.86,0.89
1785957358.148,AAPL260807C00315000,0.86,0.89
1785957359.183,AAPL260807C00315000,0.86,0.89
1785957360.016,AAPL260807C00315000,0.86,0.89
1785957361.058,AAPL260807C00315000,0.86,0.9
1785957362.247,AAPL260807C00315000,0.86,0.9
1785957363.044,AAPL260807C00315000,0.86,0.9
1785957364.022,AAPL260807C00315000,0.86,0.9
1785957365.839,AAPL260807C00315000,0.86,0.9
1785957366.101,AAPL260807C00315000,0.86,0.9
1785957367.178,AAPL260807C00315000,0.86,0.9
1785957368.246,AAPL260807C00315000,0.86,0.9
1785957369.002,AAPL260807C00315000,0.86,0.9
1785957371.136,AAPL260807C00315000,0.86,0.9
1785957372.153,AAPL260807C00315000,0.86,0.9
1785957374.426,AAPL260807C00315000,0.86,0.9
1785957375.085,AAPL260807C00315000,0.86,0.9
1785957376.119,AAPL260807C00315000,0.86,0.9
1785957377.109,AAPL260807C00315000,0.86,0.9
1785957380.002,AAPL260807C00315000,0.86,0.9
1785957381.022,AAPL260807C00315000,0.86,0.9
1785957382.005,AAPL260807C00315000,0.86,0.9
1785957383.064,AAPL260807C00315000,0.86,0.9
1785957384.301,AAPL260807C00315000,0.86,0.9
1785957385.486,AAPL260807C00315000,0.88,0.9
1785957386.413,AAPL260807C00315000,0.88,0.9
1785957387.056,AAPL260807C00315000,0.88,0.9
1785957388.246,AAPL260807C00315000,0.89,0.9
1785957389.413,AAPL260807C00315000,0.89,0.9
1785957392.779,AAPL260807C00315000,0.89,0.9
1785957393.070,AAPL260807C00315000,0.88,0.89
1785957394.171,AAPL260807C00315000,0.88,0.89
1785957395.596,AAPL260807C00315000,0.88,0.89
1785957396.522,AAPL260807C00315000,0.88,0.9
1785957397.281,AAPL260807C00315000,0.88,0.9
1785957398.093,AAPL260807C00315000,0.88,0.9
1785957399.011,AAPL260807C00315000,0.88,0.9
1785957400.011,AAPL260807C00315000,0.88,0.9
1785957401.413,AAPL260807C00315000,0.88,0.9
1785957402.355,AAPL260807C00315000,0.88,0.9
1785957404.179,AAPL260807C00315000,0.88,0.9
1785957405.216,AAPL260807C00315000,0.88,0.9
1785957406.244,AAPL260807C00315000,0.88,0.9
1785957409.163,AAPL260807C00315000,0.88,0.9
1785957410.891,AAPL260807C00315000,0.88,0.9
1785957411.209,AAPL260807C00315000,0.88,0.9
1785957412.246,AAPL260807C00315000,0.88,0.9
1785957414.165,AAPL260807C00315000,0.88,0.9
1785957417.399,AAPL260807C00315000,0.88,0.9
1785957418.134,AAPL260807C00315000,0.88,0.9
1785957420.140,AAPL260807C00315000,0.88,0.9
1785957421.301,AAPL260807C00315000,0.88,0.9
1785957424.859,AAPL260807C00315000,0.88,0.9
1785957425.111,AAPL260807C00315000,0.88,0.9
1785957426.165,AAPL260807C00315000,0.88,0.9
1785957427.908,AAPL260807C00315000,0.88,0.9
1785957428.164,AAPL260807C00315000,0.89,0.9
1785957429.077,AAPL260807C00315000,0.89,0.9
1785957432.953,AAPL260807C00315000,0.89,0.9
1785957433.061,AAPL260807C00315000,0.88,0.9
1785957434.280,AAPL260807C00315000,0.88,0.9
1785957435.227,AAPL260807C00315000,0.88,0.9
1785957436.707,AAPL260807C00315000,0.88,0.9
1785957437.231,AAPL260807C00315000,0.89,0.9
1785957438.016,AAPL260807C00315000,0.88,0.9
1785957439.173,AAPL260807C00315000,0.88,0.9
1785957440.075,AAPL260807C00315000,0.88,0.9
1785957442.838,AAPL260807C00315000,0.88,0.9
1785957443.428,AAPL260807C00315000,0.88,0.9
1785957444.467,AAPL260807C00315000,0.88,0.9
1785957445.012,AAPL260807C00315000,0.88,0.9
1785957447.713,AAPL260807C00315000,0.88,0.89
1785957448.038,AAPL260807C00315000,0.88,0.89
1785957449.311,AAPL260807C00315000,0.88,0.89
1785957450.919,AAPL260807C00315000,0.88,0.89
1785957451.168,AAPL260807C00315000,0.88,0.89
1785957452.158,AAPL260807C00315000,0.88,0.89
1785957453.120,AAPL260807C00315000,0.88,0.89
1785957454.519,AAPL260807C00315000,0.88,0.89
1785957455.992,AAPL260807C00315000,0.88,0.89
1785957456.004,AAPL260807C00315000,0.87,0.89
1785957458.319,AAPL260807C00315000,0.88,0.89
1785957459.446,AAPL260807C00315000,0.88,0.89
1785957461.508,AAPL260807C00315000,0.88,0.89
1785957464.329,AAPL260807C00315000,0.88,0.89
1785957465.159,AAPL260807C00315000,0.88,0.89
1785957466.123,AAPL260807C00315000,0.88,0.89
1785957467.888,AAPL260807C00315000,0.88,0.89
1785957468.121,AAPL260807C00315000,0.88,0.89
1785957470.060,AAPL260807C00315000,0.88,0.89
1785957471.972,AAPL260807C00315000,0.88,0.89
1785957472.176,AAPL260807C00315000,0.88,0.89
1785957473.167,AAPL260807C00315000,0.88,0.89
1785957474.632,AAPL260807C00315000,0.88,0.89
1785957475.034,AAPL260807C00315000,0.88,0.89
1785957478.734,AAPL260807C00315000,0.88,0.89
1785957479.177,AAPL260807C00315000,0.87,0.89
1785957480.459,AAPL260807C00315000,0.87,0.89
1785957481.287,AAPL260807C00315000,0.87,0.89
1785957482.146,AAPL260807C00315000,0.87,0.89
1785957483.666,AAPL260807C00315000,0.87,0.89
1785957484.135,AAPL260807C00315000,0.87,0.89
1785957485.167,AAPL260807C00315000,0.87,0.89
1785957486.456,AAPL260807C00315000,0.87,0.89
1785957487.098,AAPL260807C00315000,0.87,0.88
1785957488.084,AAPL260807C00315000,0.87,0.88
1785957489.168,AAPL260807C00315000,0.86,0.87
1785957490.069,AAPL260807C00315000,0.86,0.87
1785957492.043,AAPL260807C00315000,0.86,0.87
1785957493.172,AAPL260807C00315000,0.86,0.87
1785957494.860,AAPL260807C00315000,0.86,0.87
1785957495.610,AAPL260807C00315000,0.87,0.88
1785957496.167,AAPL260807C00315000,0.87,0.88
1785957498.561,AAPL260807C00315000,0.87,0.88
1785957499.654,AAPL260807C00315000,0.87,0.88
1785957500.378,AAPL260807C00315000,0.87,0.88
1785957511.308,AAPL260807C00315000,0.87,0.88
1785957512.169,AAPL260807C00315000,0.87,0.89
1785957513.178,AAPL260807C00315000,0.87,0.89
1785957514.110,AAPL260807C00315000,0.87,0.89
1785957515.121,AAPL260807C00315000,0.87,0.89
1785957516.102,AAPL260807C00315000,0.87,0.89
1785957517.063,AAPL260807C00315000,0.87,0.89
1785957518.547,AAPL260807C00315000,0.87,0.89
1785957519.265,AAPL260807C00315000,0.87,0.89
1785957520.109,AAPL260807C00315000,0.87,0.89
1785957521.383,AAPL260807C00315000,0.87,0.89
1785957522.099,AAPL260807C00315000,0.87,0.89
1785957523.119,AAPL260807C00315000,0.87,0.89
1785957524.046,AAPL260807C00315000,0.87,0.89
1785957525.911,AAPL260807C00315000,0.87,0.89
1785957526.001,AAPL260807C00315000,0.87,0.89
1785957527.013,AAPL260807C00315000,0.87,0.89
1785957528.002,AAPL260807C00315000,0.87,0.88
1785957529.952,AAPL260807C00315000,0.87,0.88
1785957530.002,AAPL260807C00315000,0.87,0.88
1785957531.022,AAPL260807C00315000,0.87,0.88
1785957532.218,AAPL260807C00315000,0.87,0.88
1785957535.444,AAPL260807C00315000,0.87,0.88
1785957537.605,AAPL260807C00315000,0.87,0.88
1785957538.098,AAPL260807C00315000,0.87,0.88
1785957539.691,AAPL260807C00315000,0.87,0.88
1785957540.236,AAPL260807C00315000,0.87,0.88
1785957541.063,AAPL260807C00315000,0.87,0.88
1785957542.039,AAPL260807C00315000,0.87,0.89
1785957543.167,AAPL260807C00315000,0.87,0.89
1785957544.066,AAPL260807C00315000,0.87,0.89
1785957545.194,AAPL260807C00315000,0.87,0.89
1785957546.021,AAPL260807C00315000,0.87,0.89
1785957548.228,AAPL260807C00315000,0.87,0.89
1785957549.056,AAPL260807C00315000,0.87,0.89
1785957550.137,AAPL260807C00315000,0.87,0.89
1785957551.010,AAPL260807C00315000,0.87,0.89
1785957552.273,AAPL260807C00315000,0.87,0.89
1785957553.051,AAPL260807C00315000,0.87,0.89
1785957554.061,AAPL260807C00315000,0.87,0.89
1785957555.096,AAPL260807C00315000,0.87,0.89
1785957556.002,AAPL260807C00315000,0.87,0.89
1785957557.501,AAPL260807C00315000,0.87,0.89
1785957558.077,AAPL260807C00315000,0.87,0.89
1785957559.234,AAPL260807C00315000,0.87,0.89
1785957560.381,AAPL260807C00315000,0.87,0.89
1785957561.089,AAPL260807C00315000,0.87,0.89
1785957562.038,AAPL260807C00315000,0.87,0.89
1785957563.060,AAPL260807C00315000,0.87,0.89
1785957564.876,AAPL260807C00315000,0.87,0.89
1785957565.367,AAPL260807C00315000,0.87,0.89
1785957566.441,AAPL260807C00315000,0.87,0.89
1785957567.034,AAPL260807C00315000,0.87,0.89
1785957568.012,AAPL260807C00315000,0.87,0.89
1785957569.063,AAPL260807C00315000,0.87,0.89
1785957570.297,AAPL260807C00315000,0.87,0.88
1785957572.561,AAPL260807C00315000,0.87,0.88
1785957573.417,AAPL260807C00315000,0.87,0.88
1785957574.100,AAPL260807C00315000,0.87,0.88
1785957575.728,AAPL260807C00315000,0.87,0.88
1785957577.064,AAPL260807C00315000,0.87,0.88
1785957578.373,AAPL260807C00315000,0.87,0.88
1785957581.743,AAPL260807C00315000,0.87,0.88
1785957583.319,AAPL260807C00315000,0.87,0.89
1785957584.167,AAPL260807C00315000,0.87,0.89
1785957586.373,AAPL260807C00315000,0.87,0.89
1785957587.299,AAPL260807C00315000,0.87,0.89
1785957589.413,AAPL260807C00315000,0.87,0.89
1785957590.418,AAPL260807C00315000,0.87,0.89
1785957591.020,AAPL260807C00315000,0.87,0.89
1785957592.052,AAPL260807C00315000,0.87,0.89
1785957593.044,AAPL260807C00315000,0.87,0.89
1785957594.699,AAPL260807C00315000,0.87,0.88
1785957595.040,AAPL260807C00315000,0.87,0.88
1785957596.301,AAPL260807C00315000,0.87,0.88
1785957597.222,AAPL260807C00315000,0.87,0.88
1785957598.025,AAPL260807C00315000,0.87,0.89
1785957599.069,AAPL260807C00315000,0.87,0.89
1785957600.012,AAPL260807C00315000,0.87,0.89
1785957601.070,AAPL260807C00315000,0.87,0.89
1785957602.184,AAPL260807C00315000,0.87,0.89
1785957603.005,AAPL260807C00315000,0.87,0.89
1785957604.009,AAPL260807C00315000,0.87,0.89
1785957605.510,AAPL260807C00315000,0.87,0.89
1785957606.139,AAPL260807C00315000,0.87,0.89
1785957607.494,AAPL260807C00315000,0.87,0.89
1785957608.449,AAPL260807C00315000,0.87,0.89
1785957609.244,AAPL260807C00315000,0.87,0.89
1785957610.148,AAPL260807C00315000,0.87,0.89
1785957611.409,AAPL260807C00315000,0.87,0.88
1785957613.365,AAPL260807C00315000,0.87,0.89
1785957614.340,AAPL260807C00315000,0.87,0.88
1785957615.673,AAPL260807C00315000,0.87,0.88
1785957616.757,AAPL260807C00315000,0.87,0.88
1785957617.001,AAPL260807C00315000,0.87,0.88
1785957618.271,AAPL260807C00315000,0.87,0.89
1785957619.149,AAPL260807C00315000,0.87,0.89
1785957620.017,AAPL260807C00315000,0.87,0.89
1785957621.022,AAPL260807C00315000,0.87,0.89
1785957622.113,AAPL260807C00315000,0.87,0.89
1785957623.071,AAPL260807C00315000,0.87,0.9
1785957624.046,AAPL260807C00315000,0.87,0.9
1785957625.043,AAPL260807C00315000,0.87,0.9
1785957627.766,AAPL260807C00315000,0.87,0.9
1785957628.069,AAPL260807C00315000,0.87,0.9
1785957632.330,AAPL260807C00315000,0.87,0.9
1785957633.207,AAPL260807C00315000,0.89,0.9
1785957635.364,AAPL260807C00315000,0.89,0.9
1785957636.108,AAPL260807C00315000,0.89,0.9
1785957637.175,AAPL260807C00315000,0.89,0.9
1785957638.408,AAPL260807C00315000,0.89,0.9
1785957639.005,AAPL260807C00315000,0.89,0.9
1785957640.094,AAPL260807C00315000,0.89,0.9
1785957642.556,AAPL260807C00315000,0.89,0.9
1785957643.133,AAPL260807C00315000,0.89,0.9
1785957644.483,AAPL260807C00315000,0.89,0.9
1785957645.150,AAPL260807C00315000,0.89,0.9
1785957646.189,AAPL260807C00315000,0.89,0.9
1785957647.914,AAPL260807C00315000,0.89,0.9
1785957650.151,AAPL260807C00315000,0.89,0.9
1785957652.171,AAPL260807C00315000,0.89,0.9
1785957653.719,AAPL260807C00315000,0.89,0.9
1785957654.021,AAPL260807C00315000,0.89,0.9
1785957655.941,AAPL260807C00315000,0.89,0.9
1785957656.347,AAPL260807C00315000,0.89,0.9
1785957657.135,AAPL260807C00315000,0.89,0.9
1785957658.878,AAPL260807C00315000,0.89,0.9
1785957659.610,AAPL260807C00315000,0.89,0.9
1785957660.062,AAPL260807C00315000,0.89,0.9
1785957661.209,AAPL260807C00315000,0.89,0.9
1785957662.449,AAPL260807C00315000,0.89,0.9
1785957663.191,AAPL260807C00315000,0.89,0.9
1785957664.779,AAPL260807C00315000,0.89,0.9
1785957665.300,AAPL260807C00315000,0.89,0.9
1785957666.658,AAPL260807C00315000,0.89,0.9
1785957667.098,AAPL260807C00315000,0.89,0.9
1785957668.376,AAPL260807C00315000,0.88,0.89
1785957670.671,AAPL260807C00315000,0.88,0.89
1785957671.171,AAPL260807C00315000,0.88,0.89
1785957672.006,AAPL260807C00315000,0.88,0.89
1785957676.242,AAPL260807C00315000,0.88,0.89
1785957677.175,AAPL260807C00315000,0.88,0.9
1785957678.055,AAPL260807C00315000,0.88,0.9
1785957679.078,AAPL260807C00315000,0.88,0.9
1785957680.081,AAPL260807C00315000,0.88,0.9
1785957681.426,AAPL260807C00315000,0.88,0.9
1785957682.414,AAPL260807C00315000,0.88,0.9
1785957683.055,AAPL260807C00315000,0.88,0.9
1785957685.466,AAPL260807C00315000,0.88,0.9
1785957687.516,AAPL260807C00315000,0.88,0.9
1785957688.069,AAPL260807C00315000,0.88,0.9
1785957689.038,AAPL260807C00315000,0.88,0.9
1785957690.421,AAPL260807C00315000,0.88,0.9
1785957691.110,AAPL260807C00315000,0.88,0.9
1785957692.118,AAPL260807C00315000,0.88,0.9
1785957693.165,AAPL260807C00315000,0.88,0.9
1785957694.094,AAPL260807C00315000,0.88,0.9
1785957695.345,AAPL260807C00315000,0.88,0.9
1785957697.027,AAPL260807C00315000,0.88,0.9
1785957698.168,AAPL260807C00315000,0.88,0.9
1785957699.001,AAPL260807C00315000,0.89,0.91
1785957700.067,AAPL260807C00315000,0.89,0.91
1785957701.019,AAPL260807C00315000,0.89,0.92
1785957702.013,AAPL260807C00315000,0.89,0.91
1785957703.170,AAPL260807C00315000,0.89,0.92
1785957704.177,AAPL260807C00315000,0.89,0.92
1785957705.111,AAPL260807C00315000,0.89,0.91
1785957706.177,AAPL260807C00315000,0.89,0.91
1785957707.108,AAPL260807C00315000,0.9,0.92
1785957709.006,AAPL260807C00315000,0.9,0.92
1785957710.118,AAPL260807C00315000,0.9,0.93
1785957711.066,AAPL260807C00315000,0.9,0.93
1785957712.044,AAPL260807C00315000,0.9,0.93
1785957713.664,AAPL260807C00315000,0.9,0.93
1785957714.667,AAPL260807C00315000,0.9,0.93
1785957715.053,AAPL260807C00315000,0.9,0.93
1785957716.158,AAPL260807C00315000,0.9,0.93
1785957717.309,AAPL260807C00315000,0.9,0.93
1785957718.175,AAPL260807C00315000,0.9,0.93
1785957719.163,AAPL260807C00315000,0.9,0.93
1785957720.651,AAPL260807C00315000,0.9,0.93
1785957721.016,AAPL260807C00315000,0.9,0.93
1785957722.163,AAPL260807C00315000,0.9,0.93
1785957723.293,AAPL260807C00315000,0.9,0.93
1785957724.129,AAPL260807C00315000,0.9,0.93
1785957725.007,AAPL260807C00315000,0.9,0.93
1785957726.086,AAPL260807C00315000,0.9,0.93
1785957727.818,AAPL260807C00315000,0.9,0.93
1785957728.084,AAPL260807C00315000,0.9,0.93
1785957729.135,AAPL260807C00315000,0.9,0.93
1785957730.106,AAPL260807C00315000,0.9,0.93
1785957731.109,AAPL260807C00315000,0.9,0.93
1785957732.154,AAPL260807C00315000,0.9,0.93
1785957733.001,AAPL260807C00315000,0.9,0.93
1785957734.014,AAPL260807C00315000,0.91,0.94
1785957735.003,AAPL260807C00315000,0.91,0.94
1785957736.078,AAPL260807C00315000,0.91,0.94
1785957737.160,AAPL260807C00315000,0.91,0.94
1785957738.062,AAPL260807C00315000,0.91,0.94
1785957739.167,AAPL260807C00315000,0.91,0.94
1785957740.023,AAPL260807C00315000,0.91,0.94
1785957741.008,AAPL260807C00315000,0.91,0.94
1785957742.010,AAPL260807C00315000,0.91,0.94
1785957743.031,AAPL260807C00315000,0.91,0.94
1785957744.045,AAPL260807C00315000,0.91,0.94
1785957745.102,AAPL260807C00315000,0.91,0.94
1785957746.018,AAPL260807C00315000,0.91,0.94
1785957747.008,AAPL260807C00315000,0.91,0.94
1785957748.502,AAPL260807C00315000,0.91,0.94
1785957749.167,AAPL260807C00315000,0.91,0.94
1785957750.076,AAPL260807C00315000,0.91,0.94
1785957751.533,AAPL260807C00315000,0.91,0.94
1785957752.425,AAPL260807C00315000,0.91,0.94
1785957753.255,AAPL260807C00315000,0.92,0.94
1785957754.250,AAPL260807C00315000,0.92,0.94
1785957755.310,AAPL260807C00315000,0.92,0.94
1785957756.647,AAPL260807C00315000,0.92,0.94
1785957757.754,AAPL260807C00315000,0.92,0.94
1785957758.172,AAPL260807C00315000,0.92,0.94
1785957759.097,AAPL260807C00315000,0.92,0.94
1785957760.162,AAPL260807C00315000,0.92,0.94
1785957761.265,AAPL260807C00315000,0.92,0.94
1785957762.146,AAPL260807C00315000,0.92,0.94
1785957763.029,AAPL260807C00315000,0.92,0.94
1785957764.068,AAPL260807C00315000,0.92,0.94
1785957765.695,AAPL260807C00315000,0.92,0.94
1785957766.293,AAPL260807C00315000,0.92,0.94
1785957767.779,AAPL260807C00315000,0.93,0.94
1785957768.062,AAPL260807C00315000,0.92,0.93
1785957769.058,AAPL260807C00315000,0.91,0.93
1785957770.118,AAPL260807C00315000,0.91,0.93
1785957771.022,AAPL260807C00315000,0.91,0.93
1785957772.542,AAPL260807C00315000,0.91,0.93
1785957773.059,AAPL260807C00315000,0.91,0.93
1785957774.029,AAPL260807C00315000,0.91,0.93
1785957775.093,AAPL260807C00315000,0.91,0.93
1785957776.067,AAPL260807C00315000,0.91,0.93
1785957777.033,AAPL260807C00315000,0.91,0.93
1785957778.419,AAPL260807C00315000,0.91,0.93
1785957779.059,AAPL260807C00315000,0.91,0.93
1785957780.095,AAPL260807C00315000,0.91,0.93
1785957781.024,AAPL260807C00315000,0.91,0.94
1785957782.149,AAPL260807C00315000,0.91,0.94
1785957783.067,AAPL260807C00315000,0.91,0.94
1785957785.116,AAPL260807C00315000,0.91,0.94
1785957786.079,AAPL260807C00315000,0.91,0.94
1785957788.098,AAPL260807C00315000,0.91,0.94
1785957789.713,AAPL260807C00315000,0.91,0.94
1785957790.685,AAPL260807C00315000,0.91,0.94
1785957791.622,AAPL260807C00315000,0.91,0.94
1785957792.483,AAPL260807C00315000,0.91,0.94
1785957793.416,AAPL260807C00315000,0.91,0.94
1785957795.116,AAPL260807C00315000,0.91,0.94
1785957796.798,AAPL260807C00315000,0.91,0.93
1785957797.032,AAPL260807C00315000,0.93,0.94
1785957798.124,AAPL260807C00315000,0.93,0.94
1785957799.111,AAPL260807C00315000,0.93,0.94
1785957800.242,AAPL260807C00315000,0.93,0.94
1785957801.503,AAPL260807C00315000,0.93,0.94
1785957805.906,AAPL260807C00315000,0.93,0.94
1785957806.068,AAPL260807C00315000,0.93,0.94
1785957807.110,AAPL260807C00315000,0.94,0.96
1785957808.051,AAPL260807C00315000,0.94,0.97
1785957809.674,AAPL260807C00315000,0.94,0.97
1785957810.104,AAPL260807C00315000,0.94,0.97
1785957811.040,AAPL260807C00315000,0.94,0.97
1785957812.305,AAPL260807C00315000,0.94,0.97
1785957813.082,AAPL260807C00315000,0.94,0.97
1785957814.675,AAPL260807C00315000,0.94,0.97
1785957815.310,AAPL260807C00315000,0.94,0.97
1785957816.207,AAPL260807C00315000,0.94,0.97
1785957817.035,AAPL260807C00315000,0.94,0.97
1785957818.030,AAPL260807C00315000,0.94,0.97
1785957819.180,AAPL260807C00315000,0.94,0.97
1785957820.035,AAPL260807C00315000,0.98,0.99
1785957821.001,AAPL260807C00315000,0.98,0.99
1785957822.637,AAPL260807C00315000,0.98,0.99
1785957823.003,AAPL260807C00315000,0.98,0.99
1785957824.091,AAPL260807C00315000,0.98,0.99
1785957825.028,AAPL260807C00315000,0.99,1.0
1785957826.035,AAPL260807C00315000,0.99,1.0
1785957827.424,AAPL260807C00315000,0.99,1.01
1785957828.250,AAPL260807C00315000,1.0,1.01
1785957829.100,AAPL260807C00315000,1.0,1.01
1785957830.336,AAPL260807C00315000,1.0,1.01
1785957831.221,AAPL260807C00315000,1.0,1.01
1785957832.221,AAPL260807C00315000,1.0,1.01
1785957833.065,AAPL260807C00315000,1.0,1.02
1785957834.044,AAPL260807C00315000,1.01,1.02
1785957835.188,AAPL260807C00315000,1.01,1.03
1785957836.074,AAPL260807C00315000,1.02,1.03
1785957837.376,AAPL260807C00315000,1.03,1.05
1785957838.002,AAPL260807C00315000,1.03,1.05
1785957839.120,AAPL260807C00315000,1.05,1.07
1785957840.801,AAPL260807C00315000,1.05,1.07
1785957841.019,AAPL260807C00315000,1.05,1.08
1785957842.030,AAPL260807C00315000,1.05,1.1
1785957843.011,AAPL260807C00315000,1.06,1.1
1785957844.128,AAPL260807C00315000,1.06,1.1
1785957845.019,AAPL260807C00315000,1.06,1.1
1785957846.056,AAPL260807C00315000,1.07,1.1
1785957847.001,AAPL260807C00315000,1.07,1.1
1785957848.156,AAPL260807C00315000,1.07,1.1
1785957849.253,AAPL260807C00315000,1.07,1.1
1785957850.019,AAPL260807C00315000,1.07,1.1
1785957851.112,AAPL260807C00315000,1.07,1.1
1785957852.178,AAPL260807C00315000,1.07,1.1
1785957853.026,AAPL260807C00315000,1.07,1.1
1785957854.179,AAPL260807C00315000,1.07,1.1
1785957855.172,AAPL260807C00315000,1.07,1.1
1785957856.164,AAPL260807C00315000,1.07,1.1
1785957857.009,AAPL260807C00315000,1.07,1.1
1785957858.812,AAPL260807C00315000,1.09,1.1
1785957859.036,AAPL260807C00315000,1.09,1.1
1785957860.373,AAPL260807C00315000,1.09,1.1
1785957861.340,AAPL260807C00315000,1.09,1.1
1785957862.195,AAPL260807C00315000,1.09,1.1
1785957863.411,AAPL260807C00315000,1.09,1.1
1785957864.163,AAPL260807C00315000,1.09,1.1
1785957865.222,AAPL260807C00315000,1.09,1.1
1785957866.088,AAPL260807C00315000,1.08,1.1
1785957867.032,AAPL260807C00315000,1.08,1.1
1785957868.136,AAPL260807C00315000,1.08,1.1
1785957869.661,AAPL260807C00315000,1.08,1.1
1785957870.062,AAPL260807C00315000,1.08,1.1
1785957871.270,AAPL260807C00315000,1.09,1.1
1785957872.170,AAPL260807C00315000,1.09,1.1
1785957873.545,AAPL260807C00315000,1.09,1.1
1785957874.071,AAPL260807C00315000,1.07,1.09
1785957875.094,AAPL260807C00315000,1.07,1.08
1785957876.174,AAPL260807C00315000,1.07,1.08
1785957877.175,AAPL260807C00315000,1.07,1.08
1785957878.064,AAPL260807C00315000,1.06,1.08
1785957879.049,AAPL260807C00315000,1.06,1.08
1785957880.103,AAPL260807C00315000,1.06,1.08
1785957881.057,AAPL260807C00315000,1.05,1.08
1785957882.094,AAPL260807C00315000,1.05,1.08
1785957883.007,AAPL260807C00315000,1.06,1.1
1785957884.336,AAPL260807C00315000,1.07,1.1
1785957885.094,AAPL260807C00315000,1.07,1.1
1785957886.108,AAPL260807C00315000,1.07,1.1
1785957887.681,AAPL260807C00315000,1.07,1.1
1785957888.016,AAPL260807C00315000,1.07,1.1
1785957889.069,AAPL260807C00315000,1.07,1.1
1785957890.002,AAPL260807C00315000,1.07,1.1
1785957891.310,AAPL260807C00315000,1.07,1.1
1785957892.001,AAPL260807C00315000,1.07,1.1
1785957893.062,AAPL260807C00315000,1.07,1.09
1785957894.038,AAPL260807C00315000,1.07,1.09
1785957895.452,AAPL260807C00315000,1.07,1.09
1785957896.543,AAPL260807C00315000,1.07,1.08
1785957897.163,AAPL260807C00315000,1.07,1.08
1785957898.013,AAPL260807C00315000,1.07,1.09
1785957899.054,AAPL260807C00315000,1.07,1.09
1785957900.108,AAPL260807C00315000,1.07,1.09
1785957901.157,AAPL260807C00315000,1.07,1.09
1785957902.466,AAPL260807C00315000,1.07,1.09
1785957903.203,AAPL260807C00315000,1.07,1.09
1785957904.191,AAPL260807C00315000,1.07,1.09
1785957905.132,AAPL260807C00315000,1.07,1.09
1785957906.711,AAPL260807C00315000,1.07,1.09
1785957907.010,AAPL260807C00315000,1.07,1.09
1785957908.131,AAPL260807C00315000,1.07,1.09
1785957909.249,AAPL260807C00315000,1.07,1.09
1785957910.263,AAPL260807C00315000,1.07,1.08
1785957911.193,AAPL260807C00315000,1.07,1.08
1785957912.811,AAPL260807C00315000,1.07,1.08
1785957913.236,AAPL260807C00315000,1.07,1.08
1785957914.033,AAPL260807C00315000,1.07,1.08
1785957915.212,AAPL260807C00315000,1.07,1.08
1785957916.131,AAPL260807C00315000,1.07,1.08
1785957917.398,AAPL260807C00315000,1.07,1.08
1785957918.019,AAPL260807C00315000,1.08,1.09
1785957919.121,AAPL260807C00315000,1.07,1.09
1785957920.082,AAPL260807C00315000,1.08,1.09
1785957921.904,AAPL260807C00315000,1.08,1.09
1785957922.039,AAPL260807C00315000,1.07,1.08
1785957923.119,AAPL260807C00315000,1.06,1.08
1785957924.013,AAPL260807C00315000,1.06,1.08
1785957925.136,AAPL260807C00315000,1.05,1.08
1785957926.004,AAPL260807C00315000,1.05,1.08
1785957927.650,AAPL260807C00315000,1.05,1.08
1785957928.019,AAPL260807C00315000,1.05,1.08
1785957929.105,AAPL260807C00315000,1.05,1.07
1785957930.166,AAPL260807C00315000,1.05,1.07
1785957931.055,AAPL260807C00315000,1.05,1.07
1785957932.073,AAPL260807C00315000,1.05,1.07
1785957933.036,AAPL260807C00315000,1.05,1.07
1785957934.497,AAPL260807C00315000,1.05,1.07
1785957935.119,AAPL260807C00315000,1.05,1.07
1785957936.420,AAPL260807C00315000,1.05,1.07
1785957937.059,AAPL260807C00315000,1.05,1.07
1785957938.163,AAPL260807C00315000,1.05,1.07
1785957939.002,AAPL260807C00315000,1.05,1.07
1785957940.091,AAPL260807C00315000,1.05,1.07
1785957941.502,AAPL260807C00315000,1.05,1.07
1785957942.037,AAPL260807C00315000,1.05,1.07
1785957943.280,AAPL260807C00315000,1.05,1.07
1785957945.328,AAPL260807C00315000,1.05,1.07
1785957946.146,AAPL260807C00315000,1.05,1.07
1785957947.014,AAPL260807C00315000,1.05,1.07
1785957948.163,AAPL260807C00315000,1.05,1.07
1785957949.007,AAPL260807C00315000,1.05,1.07
1785957950.199,AAPL260807C00315000,1.05,1.07
1785957951.117,AAPL260807C00315000,1.05,1.07
1785957952.009,AAPL260807C00315000,1.05,1.11
1785957953.018,AAPL260807C00315000,1.06,1.11
1785957954.039,AAPL260807C00315000,1.06,1.11
1785957955.155,AAPL260807C00315000,1.06,1.11
1785957956.048,AAPL260807C00315000,1.08,1.11
1785957957.097,AAPL260807C00315000,1.08,1.11
1785957958.101,AAPL260807C00315000,1.08,1.11
1785957959.138,AAPL260807C00315000,1.08,1.11
1785957960.106,AAPL260807C00315000,1.08,1.1
1785957961.104,AAPL260807C00315000,1.08,1.1
1785957962.213,AAPL260807C00315000,1.08,1.11
1785957963.043,AAPL260807C00315000,1.08,1.11
1785957964.692,AAPL260807C00315000,1.1,1.11
1785957966.169,AAPL260807C00315000,1.1,1.11
1785957967.611,AAPL260807C00315000,1.1,1.11
1785957968.051,AAPL260807C00315000,1.1,1.11
1785957969.254,AAPL260807C00315000,1.1,1.11
1785957970.232,AAPL260807C00315000,1.1,1.11
1785957971.266,AAPL260807C00315000,1.1,1.11
1785957972.132,AAPL260807C00315000,1.1,1.11
1785957973.103,AAPL260807C00315000,1.09,1.11
1785957974.576,AAPL260807C00315000,1.09,1.11
1785957975.148,AAPL260807C00315000,1.09,1.11
1785957976.154,AAPL260807C00315000,1.08,1.11
1785957977.057,AAPL260807C00315000,1.08,1.11
1785957978.246,AAPL260807C00315000,1.1,1.11
1785957979.136,AAPL260807C00315000,1.08,1.1
1785957980.415,AAPL260807C00315000,1.08,1.1
1785957981.006,AAPL260807C00315000,1.08,1.1
1785957982.047,AAPL260807C00315000,1.08,1.1
1785957983.015,AAPL260807C00315000,1.08,1.1
1785957984.207,AAPL260807C00315000,1.08,1.1
1785957985.111,AAPL260807C00315000,1.09,1.1
1785957986.108,AAPL260807C00315000,1.09,1.1
1785957987.620,AAPL260807C00315000,1.08,1.1
1785957988.555,AAPL260807C00315000,1.08,1.1
1785957989.058,AAPL260807C00315000,1.08,1.1
1785957990.156,AAPL260807C00315000,1.08,1.1
1785957991.618,AAPL260807C00315000,1.08,1.1
1785957992.084,AAPL260807C00315000,1.08,1.1
1785957993.012,AAPL260807C00315000,1.09,1.1
1785957994.004,AAPL260807C00315000,1.09,1.1
1785957995.005,AAPL260807C00315000,1.1,1.11
1785957996.150,AAPL260807C00315000,1.09,1.11
1785957997.103,AAPL260807C00315000,1.09,1.11
1785957998.167,AAPL260807C00315000,1.09,1.11
1785957999.137,AAPL260807C00315000,1.09,1.11
1785958000.266,AAPL260807C00315000,1.09,1.11
1785958001.167,AAPL260807C00315000,1.09,1.11
1785958002.037,AAPL260807C00315000,1.09,1.11
1785958003.108,AAPL260807C00315000,1.09,1.11
1785958004.110,AAPL260807C00315000,1.09,1.1
1785958006.037,AAPL260807C00315000,1.09,1.1
1785958007.016,AAPL260807C00315000,1.09,1.1
1785958008.597,AAPL260807C00315000,1.09,1.1
1785958010.183,AAPL260807C00315000,1.09,1.1
1785958011.153,AAPL260807C00315000,1.09,1.1
1785958013.300,AAPL260807C00315000,1.09,1.1
1785958014.188,AAPL260807C00315000,1.09,1.1
1785958015.188,AAPL260807C00315000,1.09,1.1
1785958016.244,AAPL260807C00315000,1.09,1.1
1785958018.193,AAPL260807C00315000,1.09,1.1
1785958020.042,AAPL260807C00315000,1.09,1.1
1785958021.106,AAPL260807C00315000,1.06,1.09
1785958022.153,AAPL260807C00315000,1.06,1.09
1785958023.186,AAPL260807C00315000,1.06,1.09
1785958024.793,AAPL260807C00315000,1.07,1.08
1785958027.176,AAPL260807C00315000,1.07,1.08
1785958028.069,AAPL260807C00315000,1.07,1.08
1785958029.500,AAPL260807C00315000,1.07,1.08
1785958030.047,AAPL260807C00315000,1.07,1.08
1785958031.734,AAPL260807C00315000,1.06,1.08
1785958032.127,AAPL260807C00315000,1.06,1.08
1785958033.069,AAPL260807C00315000,1.06,1.08
1785958034.014,AAPL260807C00315000,1.07,1.09
1785958035.494,AAPL260807C00315000,1.07,1.09
1785958036.019,AAPL260807C00315000,1.07,1.09
1785958037.344,AAPL260807C00315000,1.07,1.09
1785958038.774,AAPL260807C00315000,1.07,1.09
1785958039.420,AAPL260807C00315000,1.07,1.09
1785958040.698,AAPL260807C00315000,1.07,1.09
1785958041.188,AAPL260807C00315000,1.07,1.09
1785958043.033,AAPL260807C00315000,1.07,1.09
1785958044.139,AAPL260807C00315000,1.07,1.09
1785958045.606,AAPL260807C00315000,1.08,1.09
1785958046.111,AAPL260807C00315000,1.08,1.09
1785958047.282,AAPL260807C00315000,1.08,1.09
1785958048.671,AAPL260807C00315000,1.08,1.09
1785958049.032,AAPL260807C00315000,1.08,1.09
1785958050.115,AAPL260807C00315000,1.08,1.09
1785958051.110,AAPL260807C00315000,1.08,1.09
1785958052.094,AAPL260807C00315000,1.07,1.09
1785958054.161,AAPL260807C00315000,1.07,1.08
1785958055.346,AAPL260807C00315000,1.07,1.08
1785958056.463,AAPL260807C00315000,1.07,1.08
1785958060.042,AAPL260807C00315000,1.07,1.08
1785958061.395,AAPL260807C00315000,1.07,1.08
1785958062.799,AAPL260807C00315000,1.07,1.08
1785958065.522,AAPL260807C00315000,1.07,1.08
1785958066.851,AAPL260807C00315000,1.07,1.08
1785958067.049,AAPL260807C00315000,1.07,1.08
1785958068.092,AAPL260807C00315000,1.07,1.08
1785958069.082,AAPL260807C00315000,1.07,1.08
1785958070.007,AAPL260807C00315000,1.07,1.08
1785958071.067,AAPL260807C00315000,1.07,1.08
1785958072.312,AAPL260807C00315000,1.06,1.08
1785958073.013,AAPL260807C00315000,1.06,1.08
1785958074.110,AAPL260807C00315000,1.06,1.08
1785958075.044,AAPL260807C00315000,1.06,1.07
1785958076.115,AAPL260807C00315000,1.05,1.07
1785958077.155,AAPL260807C00315000,1.05,1.06
1785958078.691,AAPL260807C00315000,1.05,1.06
1785958079.112,AAPL260807C00315000,1.05,1.06
1785958080.035,AAPL260807C00315000,1.06,1.07
1785958081.039,AAPL260807C00315000,1.05,1.07
1785958082.045,AAPL260807C00315000,1.05,1.07
1785958083.803,AAPL260807C00315000,1.05,1.07
1785958084.048,AAPL260807C00315000,1.05,1.07
1785958085.073,AAPL260807C00315000,1.05,1.07
1785958086.015,AAPL260807C00315000,1.04,1.06
1785958087.212,AAPL260807C00315000,1.04,1.06
1785958088.086,AAPL260807C00315000,1.04,1.06
1785958089.255,AAPL260807C00315000,1.04,1.06
1785958090.066,AAPL260807C00315000,1.04,1.06
1785958091.008,AAPL260807C00315000,1.03,1.06
1785958092.019,AAPL260807C00315000,1.03,1.04
1785958093.172,AAPL260807C00315000,1.04,1.06
1785958094.028,AAPL260807C00315000,1.04,1.06
1785958095.037,AAPL260807C00315000,1.04,1.06
1785958096.644,AAPL260807C00315000,1.03,1.06
1785958097.047,AAPL260807C00315000,1.04,1.06
1785958098.189,AAPL260807C00315000,1.05,1.06
1785958099.013,AAPL260807C00315000,1.05,1.06
1785958100.054,AAPL260807C00315000,1.05,1.06
1785958101.073,AAPL260807C00315000,1.05,1.06
1785958102.188,AAPL260807C00315000,1.05,1.06
1785958103.024,AAPL260807C00315000,1.05,1.06
1785958104.089,AAPL260807C00315000,1.05,1.06
1785958105.047,AAPL260807C00315000,1.05,1.06
1785958106.073,AAPL260807C00315000,1.05,1.06
1785958107.021,AAPL260807C00315000,1.05,1.06
1785958108.110,AAPL260807C00315000,1.05,1.06
1785958109.023,AAPL260807C00315000,1.05,1.06
1785958110.151,AAPL260807C00315000,1.05,1.06
1785958111.141,AAPL260807C00315000,1.05,1.06
1785958112.006,AAPL260807C00315000,1.05,1.06
1785958113.819,AAPL260807C00315000,1.05,1.06
1785958114.443,AAPL260807C00315000,1.05,1.06
1785958115.962,AAPL260807C00315000,1.05,1.06
1785958116.013,AAPL260807C00315000,1.06,1.07
1785958117.290,AAPL260807C00315000,1.06,1.07
1785958119.201,AAPL260807C00315000,1.06,1.07
1785958120.014,AAPL260807C00315000,1.05,1.06
1785958121.129,AAPL260807C00315000,1.05,1.06
1785958122.005,AAPL260807C00315000,1.05,1.06
1785958123.001,AAPL260807C00315000,1.05,1.06
1785958124.018,AAPL260807C00315000,1.05,1.06
1785958125.435,AAPL260807C00315000,1.06,1.07
1785958126.111,AAPL260807C00315000,1.05,1.07
1785958127.083,AAPL260807C00315000,1.05,1.07
1785958128.812,AAPL260807C00315000,1.06,1.07
1785958129.531,AAPL260807C00315000,1.06,1.07
1785958130.028,AAPL260807C00315000,1.05,1.07
1785958131.234,AAPL260807C00315000,1.05,1.07
1785958132.013,AAPL260807C00315000,1.05,1.07
1785958133.012,AAPL260807C00315000,1.05,1.07
1785958134.099,AAPL260807C00315000,1.05,1.06
1785958135.340,AAPL260807C00315000,1.05,1.06
1785958136.028,AAPL260807C00315000,1.05,1.07
1785958137.045,AAPL260807C00315000,1.05,1.07
1785958138.043,AAPL260807C00315000,1.06,1.07
1785958139.033,AAPL260807C00315000,1.06,1.07
1785958140.016,AAPL260807C00315000,1.05,1.07
1785958141.177,AAPL260807C00315000,1.06,1.07
1785958142.200,AAPL260807C00315000,1.05,1.07
1785958143.068,AAPL260807C00315000,1.06,1.07
1785958144.002,AAPL260807C00315000,1.07,1.08
1785958145.016,AAPL260807C00315000,1.07,1.09
1785958146.485,AAPL260807C00315000,1.07,1.09
1785958147.131,AAPL260807C00315000,1.07,1.09
1785958148.110,AAPL260807C00315000,1.07,1.09
1785958149.686,AAPL260807C00315000,1.06,1.07
1785958150.445,AAPL260807C00315000,1.06,1.07
1785958151.055,AAPL260807C00315000,1.06,1.07
1785958152.000,AAPL260807C00315000,1.05,1.07
1785958153.112,AAPL260807C00315000,1.05,1.07
1785958154.195,AAPL260807C00315000,1.05,1.07
1785958155.023,AAPL260807C00315000,1.05,1.07
1785958156.276,AAPL260807C00315000,1.05,1.07
1785958157.157,AAPL260807C00315000,1.05,1.07
1785958158.471,AAPL260807C00315000,1.05,1.07
1785958159.019,AAPL260807C00315000,1.06,1.07
1785958160.079,AAPL260807C00315000,1.06,1.07
1785958161.211,AAPL260807C00315000,1.06,1.08
1785958162.143,AAPL260807C00315000,1.06,1.08
1785958163.021,AAPL260807C00315000,1.07,1.08
1785958164.665,AAPL260807C00315000,1.06,1.08
1785958165.328,AAPL260807C00315000,1.06,1.08
1785958166.011,AAPL260807C00315000,1.07,1.08
1785958167.007,AAPL260807C00315000,1.07,1.09
1785958169.783,AAPL260807C00315000,1.07,1.09
1785958170.005,AAPL260807C00315000,1.05,1.08
1785958171.041,AAPL260807C00315000,1.05,1.08
1785958172.097,AAPL260807C00315000,1.05,1.08
1785958173.211,AAPL260807C00315000,1.06,1.08
1785958175.116,AAPL260807C00315000,1.06,1.08
1785958176.023,AAPL260807C00315000,1.06,1.08
1785958177.291,AAPL260807C00315000,1.06,1.08
1785958178.114,AAPL260807C00315000,1.06,1.08
1785958179.002,AAPL260807C00315000,1.06,1.08
1785958180.009,AAPL260807C00315000,1.04,1.06
1785958181.082,AAPL260807C00315000,1.05,1.07
1785958182.095,AAPL260807C00315000,1.05,1.07
1785958183.053,AAPL260807C00315000,1.03,1.05
1785958184.168,AAPL260807C00315000,1.04,1.06
1785958185.318,AAPL260807C00315000,1.04,1.06
1785958186.076,AAPL260807C00315000,1.04,1.06
1785958187.151,AAPL260807C00315000,1.04,1.06
1785958188.478,AAPL260807C00315000,1.04,1.06
1785958189.221,AAPL260807C00315000,1.04,1.05
1785958190.077,AAPL260807C00315000,1.04,1.05
1785958191.071,AAPL260807C00315000,1.04,1.05
1785958192.471,AAPL260807C00315000,1.04,1.05
1785958193.163,AAPL260807C00315000,1.03,1.04
1785958194.717,AAPL260807C00315000,1.03,1.04
1785958195.106,AAPL260807C00315000,1.03,1.04
1785958196.013,AAPL260807C00315000,1.03,1.05
1785958197.003,AAPL260807C00315000,1.03,1.05
1785958198.205,AAPL260807C00315000,1.03,1.05
1785958199.000,AAPL260807C00315000,1.04,1.05
1785958200.083,AAPL260807C00315000,1.03,1.05
1785958201.073,AAPL260807C00315000,1.03,1.05
1785958202.020,AAPL260807C00315000,1.04,1.06
1785958203.187,AAPL260807C00315000,1.05,1.08
1785958204.015,AAPL260807C00315000,1.06,1.08
1785958205.043,AAPL260807C00315000,1.07,1.08
1785958206.028,AAPL260807C00315000,1.07,1.08
1785958207.002,AAPL260807C00315000,1.07,1.08
1785958208.020,AAPL260807C00315000,1.06,1.08
1785958209.029,AAPL260807C00315000,1.07,1.08
1785958210.029,AAPL260807C00315000,1.07,1.08
1785958211.100,AAPL260807C00315000,1.06,1.08
1785958212.037,AAPL260807C00315000,1.06,1.08
1785958213.020,AAPL260807C00315000,1.06,1.08
1785958214.031,AAPL260807C00315000,1.06,1.08
1785958215.103,AAPL260807C00315000,1.07,1.08
1785958216.015,AAPL260807C00315000,1.07,1.08
1785958217.130,AAPL260807C00315000,1.07,1.09
1785958219.455,AAPL260807C00315000,1.08,1.09
1785958220.172,AAPL260807C00315000,1.08,1.09
1785958221.016,AAPL260807C00315000,1.08,1.09
1785958222.297,AAPL260807C00315000,1.08,1.09
1785958223.065,AAPL260807C00315000,1.08,1.1
1785958224.242,AAPL260807C00315000,1.08,1.1
1785958225.094,AAPL260807C00315000,1.08,1.1
1785958226.021,AAPL260807C00315000,1.08,1.1
1785958227.053,AAPL260807C00315000,1.08,1.1
1785958228.149,AAPL260807C00315000,1.08,1.1
1785958229.005,AAPL260807C00315000,1.08,1.1
1785958230.186,AAPL260807C00315000,1.08,1.1
1785958231.041,AAPL260807C00315000,1.09,1.1
1785958232.174,AAPL260807C00315000,1.1,1.11
1785958233.057,AAPL260807C00315000,1.1,1.11
1785958235.141,AAPL260807C00315000,1.1,1.11
1785958236.167,AAPL260807C00315000,1.1,1.11
1785958237.353,AAPL260807C00315000,1.1,1.11
1785958238.048,AAPL260807C00315000,1.1,1.11
1785958239.030,AAPL260807C00315000,1.1,1.12
1785958240.613,AAPL260807C00315000,1.11,1.12
1785958241.558,AAPL260807C00315000,1.11,1.12
1785958242.524,AAPL260807C00315000,1.11,1.12
1785958243.112,AAPL260807C00315000,1.11,1.12
1785958244.137,AAPL260807C00315000,1.11,1.12
1785958246.032,AAPL260807C00315000,1.11,1.12
1785958247.145,AAPL260807C00315000,1.1,1.11
1785958248.087,AAPL260807C00315000,1.1,1.11
1785958249.074,AAPL260807C00315000,1.09,1.1
1785958250.745,AAPL260807C00315000,1.09,1.11
1785958251.163,AAPL260807C00315000,1.09,1.11
1785958252.836,AAPL260807C00315000,1.09,1.11
1785958253.025,AAPL260807C00315000,1.09,1.11
1785958254.094,AAPL260807C00315000,1.09,1.12
1785958255.110,AAPL260807C00315000,1.09,1.12
1785958256.212,AAPL260807C00315000,1.09,1.12
1785958257.284,AAPL260807C00315000,1.09,1.12
1785958258.124,AAPL260807C00315000,1.09,1.12
1785958259.061,AAPL260807C00315000,1.11,1.12
1785958260.059,AAPL260807C00315000,1.11,1.12
1785958261.046,AAPL260807C00315000,1.11,1.12
1785958262.813,AAPL260807C00315000,1.11,1.12
1785958263.429,AAPL260807C00315000,1.11,1.12
1785958264.008,AAPL260807C00315000,1.11,1.12
1785958265.007,AAPL260807C00315000,1.1,1.11
1785958266.015,AAPL260807C00315000,1.1,1.12
1785958267.404,AAPL260807C00315000,1.1,1.12
1785958268.099,AAPL260807C00315000,1.1,1.12
1785958269.017,AAPL260807C00315000,1.1,1.12
1785958270.079,AAPL260807C00315000,1.1,1.12
1785958271.396,AAPL260807C00315000,1.1,1.12
1785958272.040,AAPL260807C00315000,1.1,1.12
1785958273.229,AAPL260807C00315000,1.12,1.13
1785958274.172,AAPL260807C00315000,1.11,1.13
1785958275.094,AAPL260807C00315000,1.1,1.13
1785958276.120,AAPL260807C00315000,1.1,1.13
1785958277.110,AAPL260807C00315000,1.1,1.13
1785958278.119,AAPL260807C00315000,1.1,1.12
1785958279.022,AAPL260807C00315000,1.1,1.13
1785958280.596,AAPL260807C00315000,1.1,1.13
1785958281.198,AAPL260807C00315000,1.1,1.13
1785958282.480,AAPL260807C00315000,1.11,1.13
1785958283.013,AAPL260807C00315000,1.11,1.13
1785958284.004,AAPL260807C00315000,1.11,1.13
1785958285.015,AAPL260807C00315000,1.13,1.14
1785958286.157,AAPL260807C00315000,1.11,1.13
1785958287.107,AAPL260807C00315000,1.11,1.13
1785958288.150,AAPL260807C00315000,1.11,1.14
1785958289.249,AAPL260807C00315000,1.11,1.14
1785958290.051,AAPL260807C00315000,1.11,1.14
1785958291.152,AAPL260807C00315000,1.11,1.14
1785958292.022,AAPL260807C00315000,1.11,1.14
1785958293.049,AAPL260807C00315000,1.11,1.14
1785958294.037,AAPL260807C00315000,1.11,1.14
1785958295.325,AAPL260807C00315000,1.11,1.14
1785958296.165,AAPL260807C00315000,1.11,1.14
1785958298.255,AAPL260807C00315000,1.13,1.14
1785958299.038,AAPL260807C00315000,1.13,1.14
1785958300.006,AAPL260807C00315000,1.13,1.15
1785958301.086,AAPL260807C00315000,1.13,1.15
1785958302.080,AAPL260807C00315000,1.13,1.15
1785958303.009,AAPL260807C00315000,1.13,1.15
1785958304.031,AAPL260807C00315000,1.13,1.15
1785958305.029,AAPL260807C00315000,1.13,1.15
1785958306.029,AAPL260807C00315000,1.13,1.15
1785958307.059,AAPL260807C00315000,1.13,1.15
1785958308.110,AAPL260807C00315000,1.13,1.15
1785958309.121,AAPL260807C00315000,1.13,1.15
1785958310.129,AAPL260807C00315000,1.13,1.15
1785958311.114,AAPL260807C00315000,1.13,1.15
1785958312.177,AAPL260807C00315000,1.13,1.14
1785958313.013,AAPL260807C00315000,1.13,1.14
1785958314.171,AAPL260807C00315000,1.13,1.14
1785958315.033,AAPL260807C00315000,1.13,1.14
1785958316.139,AAPL260807C00315000,1.13,1.14
1785958317.177,AAPL260807C00315000,1.13,1.14
1785958318.018,AAPL260807C00315000,1.13,1.14
1785958319.080,AAPL260807C00315000,1.13,1.14
1785958320.004,AAPL260807C00315000,1.13,1.15
1785958321.029,AAPL260807C00315000,1.13,1.15
1785958322.189,AAPL260807C00315000,1.13,1.15
1785958323.164,AAPL260807C00315000,1.13,1.15
1785958324.190,AAPL260807C00315000,1.14,1.15
1785958326.168,AAPL260807C00315000,1.14,1.15
1785958327.007,AAPL260807C00315000,1.13,1.14
1785958328.091,AAPL260807C00315000,1.13,1.14
1785958329.066,AAPL260807C00315000,1.13,1.14
1785958330.269,AAPL260807C00315000,1.13,1.14
1785958331.016,AAPL260807C00315000,1.13,1.14
1785958332.016,AAPL260807C00315000,1.13,1.14
1785958333.381,AAPL260807C00315000,1.13,1.14
1785958334.643,AAPL260807C00315000,1.13,1.14
1785958335.171,AAPL260807C00315000,1.13,1.14
1785958336.080,AAPL260807C00315000,1.13,1.15
1785958337.173,AAPL260807C00315000,1.13,1.15
1785958338.171,AAPL260807C00315000,1.13,1.15
1785958339.042,AAPL260807C00315000,1.13,1.14
1785958340.054,AAPL260807C00315000,1.13,1.14
1785958341.092,AAPL260807C00315000,1.13,1.14
1785958342.164,AAPL260807C00315000,1.13,1.14
1785958343.013,AAPL260807C00315000,1.13,1.14
1785958344.043,AAPL260807C00315000,1.13,1.15
1785958345.155,AAPL260807C00315000,1.13,1.14
1785958346.168,AAPL260807C00315000,1.13,1.14
1785958347.124,AAPL260807C00315000,1.13,1.14
1785958348.682,AAPL260807C00315000,1.13,1.14
1785958349.096,AAPL260807C00315000,1.13,1.14
1785958350.172,AAPL260807C00315000,1.13,1.14
1785958351.741,AAPL260807C00315000,1.13,1.14
1785958352.045,AAPL260807C00315000,1.14,1.19
1785958353.000,AAPL260807C00315000,1.14,1.17
1785958354.082,AAPL260807C00315000,1.13,1.16
1785958355.014,AAPL260807C00315000,1.13,1.16
1785958356.168,AAPL260807C00315000,1.13,1.16
1785958357.065,AAPL260807C00315000,1.13,1.16
1785958358.101,AAPL260807C00315000,1.14,1.16
1785958359.149,AAPL260807C00315000,1.14,1.16
1785958360.274,AAPL260807C00315000,1.14,1.16
1785958361.174,AAPL260807C00315000,1.14,1.16
1785958362.043,AAPL260807C00315000,1.14,1.16
1785958363.029,AAPL260807C00315000,1.14,1.15
1785958364.000,AAPL260807C00315000,1.14,1.16
1785958365.141,AAPL260807C00315000,1.14,1.16
1785958366.650,AAPL260807C00315000,1.14,1.16
1785958367.043,AAPL260807C00315000,1.14,1.16
1785958368.125,AAPL260807C00315000,1.14,1.16
1785958369.504,AAPL260807C00315000,1.14,1.16
1785958370.850,AAPL260807C00315000,1.14,1.16
1785958371.087,AAPL260807C00315000,1.12,1.14
1785958372.175,AAPL260807C00315000,1.11,1.14
1785958373.030,AAPL260807C00315000,1.11,1.14
1785958374.064,AAPL260807C00315000,1.11,1.14
1785958376.113,AAPL260807C00315000,1.11,1.14
1785958377.031,AAPL260807C00315000,1.11,1.15
1785958378.067,AAPL260807C00315000,1.11,1.13
1785958379.167,AAPL260807C00315000,1.11,1.13
1785958380.098,AAPL260807C00315000,1.11,1.13
1785958381.090,AAPL260807C00315000,1.11,1.13
1785958382.519,AAPL260807C00315000,1.11,1.13
1785958383.018,AAPL260807C00315000,1.11,1.13
1785958384.033,AAPL260807C00315000,1.11,1.13
1785958385.111,AAPL260807C00315000,1.1,1.13
1785958386.164,AAPL260807C00315000,1.1,1.13
1785958387.164,AAPL260807C00315000,1.1,1.13
1785958388.004,AAPL260807C00315000,1.1,1.13
1785958389.170,AAPL260807C00315000,1.1,1.13
1785958390.028,AAPL260807C00315000,1.1,1.13
1785958391.018,AAPL260807C00315000,1.1,1.13
1785958392.069,AAPL260807C00315000,1.1,1.13
1785958393.047,AAPL260807C00315000,1.1,1.13
1785958394.013,AAPL260807C00315000,1.12,1.13
1785958395.083,AAPL260807C00315000,1.11,1.13
1785958396.168,AAPL260807C00315000,1.11,1.13
1785958397.036,AAPL260807C00315000,1.12,1.13
1785958398.263,AAPL260807C00315000,1.12,1.13
1785958399.018,AAPL260807C00315000,1.12,1.14
1785958400.033,AAPL260807C00315000,1.12,1.14
1785958401.154,AAPL260807C00315000,1.12,1.14
1785958402.008,AAPL260807C00315000,1.12,1.14
1785958403.101,AAPL260807C00315000,1.12,1.14
1785958404.037,AAPL260807C00315000,1.12,1.14
1785958405.016,AAPL260807C00315000,1.12,1.14
1785958406.166,AAPL260807C00315000,1.12,1.14
1785958407.026,AAPL260807C00315000,1.12,1.14
1785958408.136,AAPL260807C00315000,1.12,1.14
1785958409.041,AAPL260807C00315000,1.12,1.14
1785958410.063,AAPL260807C00315000,1.12,1.14
1785958411.174,AAPL260807C00315000,1.12,1.14
1785958412.070,AAPL260807C00315000,1.12,1.14
1785958413.092,AAPL260807C00315000,1.12,1.14
1785958414.164,AAPL260807C00315000,1.13,1.14
1785958415.018,AAPL260807C00315000,1.11,1.13
1785958416.034,AAPL260807C00315000,1.11,1.13
1785958417.109,AAPL260807C00315000,1.11,1.13
1785958418.001,AAPL260807C00315000,1.11,1.13
1785958419.591,AAPL260807C00315000,1.11,1.13
1785958420.166,AAPL260807C00315000,1.11,1.13
1785958421.177,AAPL260807C00315000,1.11,1.13
1785958422.225,AAPL260807C00315000,1.11,1.13
1785958423.164,AAPL260807C00315000,1.11,1.13
1785958424.042,AAPL260807C00315000,1.11,1.13
1785958425.112,AAPL260807C00315000,1.11,1.13
1785958426.005,AAPL260807C00315000,1.1,1.14
1785958427.110,AAPL260807C00315000,1.1,1.14
1785958428.008,AAPL260807C00315000,1.13,1.18
1785958429.072,AAPL260807C00315000,1.13,1.18
1785958430.022,AAPL260807C00315000,1.13,1.18
1785958431.068,AAPL260807C00315000,1.13,1.18
1785958432.679,AAPL260807C00315000,1.13,1.18
1785958433.185,AAPL260807C00315000,1.13,1.18
1785958434.013,AAPL260807C00315000,1.13,1.16
1785958435.045,AAPL260807C00315000,1.13,1.17
1785958436.078,AAPL260807C00315000,1.13,1.17
1785958437.079,AAPL260807C00315000,1.13,1.17
1785958438.067,AAPL260807C00315000,1.13,1.15
1785958439.093,AAPL260807C00315000,1.13,1.15
1785958440.083,AAPL260807C00315000,1.13,1.15
1785958441.649,AAPL260807C00315000,1.13,1.15
1785958442.934,AAPL260807C00315000,1.14,1.15
1785958443.071,AAPL260807C00315000,1.14,1.15
1785958444.111,AAPL260807C00315000,1.14,1.15
1785958445.013,AAPL260807C00315000,1.13,1.15
1785958446.313,AAPL260807C00315000,1.13,1.15
1785958447.162,AAPL260807C00315000,1.13,1.15
1785958448.004,AAPL260807C00315000,1.13,1.15
1785958449.108,AAPL260807C00315000,1.14,1.15
1785958450.012,AAPL260807C00315000,1.14,1.15
1785958451.013,AAPL260807C00315000,1.15,1.17
1785958452.094,AAPL260807C00315000,1.14,1.17
1785958453.006,AAPL260807C00315000,1.14,1.17
1785958454.125,AAPL260807C00315000,1.15,1.17
1785958455.025,AAPL260807C00315000,1.15,1.17
1785958456.742,AAPL260807C00315000,1.15,1.17
1785958457.125,AAPL260807C00315000,1.15,1.17
1785958458.276,AAPL260807C00315000,1.15,1.17
1785958459.089,AAPL260807C00315000,1.15,1.17
1785958460.056,AAPL260807C00315000,1.15,1.17
1785958461.014,AAPL260807C00315000,1.15,1.18
1785958462.681,AAPL260807C00315000,1.15,1.17
1785958463.323,AAPL260807C00315000,1.15,1.17
1785958464.038,AAPL260807C00315000,1.15,1.17
1785958465.027,AAPL260807C00315000,1.15,1.17
1785958466.159,AAPL260807C00315000,1.15,1.17
1785958467.897,AAPL260807C00315000,1.15,1.17
1785958468.014,AAPL260807C00315000,1.15,1.17
1785958469.030,AAPL260807C00315000,1.15,1.17
1785958470.163,AAPL260807C00315000,1.15,1.17
1785958471.103,AAPL260807C00315000,1.15,1.17
1785958472.080,AAPL260807C00315000,1.15,1.17
1785958473.017,AAPL260807C00315000,1.15,1.17
1785958474.009,AAPL260807C00315000,1.16,1.18
1785958475.039,AAPL260807C00315000,1.16,1.18
1785958476.413,AAPL260807C00315000,1.17,1.18
1785958477.003,AAPL260807C00315000,1.17,1.18
1785958478.317,AAPL260807C00315000,1.17,1.19
1785958479.016,AAPL260807C00315000,1.17,1.19
1785958480.106,AAPL260807C00315000,1.17,1.19
1785958481.540,AAPL260807C00315000,1.17,1.18
1785958482.221,AAPL260807C00315000,1.17,1.18
1785958483.080,AAPL260807C00315000,1.15,1.17
1785958484.029,AAPL260807C00315000,1.15,1.17
1785958485.060,AAPL260807C00315000,1.15,1.17
1785958486.021,AAPL260807C00315000,1.15,1.18
1785958487.169,AAPL260807C00315000,1.15,1.18
1785958488.538,AAPL260807C00315000,1.16,1.17
1785958489.040,AAPL260807C00315000,1.16,1.17
1785958490.054,AAPL260807C00315000,1.16,1.18
1785958491.013,AAPL260807C00315000,1.15,1.18
1785958492.078,AAPL260807C00315000,1.15,1.18
1785958493.042,AAPL260807C00315000,1.15,1.18
1785958494.067,AAPL260807C00315000,1.15,1.18
1785958495.121,AAPL260807C00315000,1.15,1.18
1785958496.176,AAPL260807C00315000,1.15,1.18
1785958497.576,AAPL260807C00315000,1.15,1.18
1785958498.002,AAPL260807C00315000,1.15,1.18
1785958499.175,AAPL260807C00315000,1.15,1.18
1785958500.006,AAPL260807C00315000,1.15,1.18
1785958501.095,AAPL260807C00315000,1.14,1.17
1785958502.028,AAPL260807C00315000,1.14,1.17
1785958503.316,AAPL260807C00315000,1.14,1.17
1785958504.008,AAPL260807C00315000,1.14,1.17
1785958505.135,AAPL260807C00315000,1.13,1.16
1785958506.036,AAPL260807C00315000,1.14,1.15
1785958507.043,AAPL260807C00315000,1.13,1.15
1785958508.013,AAPL260807C00315000,1.13,1.15
1785958509.157,AAPL260807C00315000,1.12,1.15
1785958510.059,AAPL260807C00315000,1.12,1.15
1785958511.213,AAPL260807C00315000,1.12,1.15
1785958512.111,AAPL260807C00315000,1.12,1.15
1785958513.006,AAPL260807C00315000,1.12,1.15
1785958514.109,AAPL260807C00315000,1.12,1.15
1785958515.190,AAPL260807C00315000,1.12,1.14
1785958516.034,AAPL260807C00315000,1.12,1.14
1785958517.058,AAPL260807C00315000,1.12,1.14
1785958518.270,AAPL260807C00315000,1.12,1.14
1785958519.042,AAPL260807C00315000,1.12,1.14
1785958521.311,AAPL260807C00315000,1.12,1.14
1785958522.914,AAPL260807C00315000,1.13,1.14
1785958523.042,AAPL260807C00315000,1.13,1.14
1785958524.035,AAPL260807C00315000,1.13,1.14
1785958525.003,AAPL260807C00315000,1.13,1.14
1785958526.001,AAPL260807C00315000,1.13,1.15
1785958527.017,AAPL260807C00315000,1.13,1.15
1785958528.052,AAPL260807C00315000,1.14,1.15
1785958529.171,AAPL260807C00315000,1.14,1.16
1785958530.117,AAPL260807C00315000,1.14,1.16
1785958531.157,AAPL260807C00315000,1.14,1.16
1785958532.083,AAPL260807C00315000,1.14,1.16
1785958533.069,AAPL260807C00315000,1.14,1.16
1785958534.164,AAPL260807C00315000,1.14,1.16
1785958535.132,AAPL260807C00315000,1.14,1.16
1785958536.013,AAPL260807C00315000,1.14,1.16
1785958537.153,AAPL260807C00315000,1.14,1.16
1785958538.162,AAPL260807C00315000,1.14,1.16
1785958539.349,AAPL260807C00315000,1.14,1.16
1785958540.075,AAPL260807C00315000,1.14,1.16
1785958541.194,AAPL260807C00315000,1.14,1.16
1785958542.063,AAPL260807C00315000,1.14,1.16
1785958543.144,AAPL260807C00315000,1.13,1.15
1785958544.179,AAPL260807C00315000,1.12,1.15
1785958545.045,AAPL260807C00315000,1.12,1.15
1785958546.111,AAPL260807C00315000,1.12,1.15
1785958547.165,AAPL260807C00315000,1.12,1.15
1785958548.048,AAPL260807C00315000,1.12,1.15
1785958549.121,AAPL260807C00315000,1.12,1.14
1785958550.153,AAPL260807C00315000,1.12,1.14
1785958551.027,AAPL260807C00315000,1.12,1.14
1785958552.175,AAPL260807C00315000,1.12,1.13
1785958553.140,AAPL260807C00315000,1.12,1.14
1785958554.001,AAPL260807C00315000,1.12,1.15
1785958555.649,AAPL260807C00315000,1.12,1.15
1785958556.084,AAPL260807C00315000,1.12,1.15
1785958557.163,AAPL260807C00315000,1.12,1.15
1785958558.094,AAPL260807C00315000,1.13,1.15
1785958559.593,AAPL260807C00315000,1.13,1.15
1785958560.141,AAPL260807C00315000,1.13,1.15
1785958561.176,AAPL260807C00315000,1.13,1.14
1785958562.115,AAPL260807C00315000,1.13,1.14
1785958563.567,AAPL260807C00315000,1.12,1.14
1785958564.397,AAPL260807C00315000,1.12,1.14
1785958565.162,AAPL260807C00315000,1.12,1.14
1785958566.211,AAPL260807C00315000,1.12,1.14
1785958567.164,AAPL260807C00315000,1.12,1.14
1785958568.228,AAPL260807C00315000,1.12,1.14
1785958569.142,AAPL260807C00315000,1.12,1.14
1785958570.305,AAPL260807C00315000,1.09,1.11
1785958571.168,AAPL260807C00315000,1.09,1.11
1785958572.977,AAPL260807C00315000,1.09,1.11
1785958573.006,AAPL260807C00315000,1.09,1.11
1785958574.034,AAPL260807C00315000,1.08,1.09
1785958575.519,AAPL260807C00315000,1.08,1.09
1785958576.313,AAPL260807C00315000,1.08,1.09
1785958577.256,AAPL260807C00315000,1.09,1.1
1785958578.474,AAPL260807C00315000,1.09,1.1
1785958579.076,AAPL260807C00315000,1.09,1.1
1785958580.076,AAPL260807C00315000,1.09,1.1
1785958581.250,AAPL260807C00315000,1.09,1.1
1785958582.019,AAPL260807C00315000,1.09,1.1
1785958583.380,AAPL260807C00315000,1.09,1.1
1785958584.003,AAPL260807C00315000,1.09,1.1
1785958585.164,AAPL260807C00315000,1.09,1.1
1785958586.162,AAPL260807C00315000,1.09,1.1
1785958587.044,AAPL260807C00315000,1.09,1.1
1785958588.181,AAPL260807C00315000,1.09,1.1
1785958589.168,AAPL260807C00315000,1.09,1.1
1785958590.059,AAPL260807C00315000,1.09,1.1
1785958591.009,AAPL260807C00315000,1.1,1.13
1785958592.091,AAPL260807C00315000,1.1,1.13
1785958593.018,AAPL260807C00315000,1.1,1.13
1785958594.038,AAPL260807C00315000,1.1,1.13
1785958595.015,AAPL260807C00315000,1.1,1.13
1785958596.173,AAPL260807C00315000,1.1,1.13
1785958597.093,AAPL260807C00315000,1.1,1.13
1785958598.185,AAPL260807C00315000,1.1,1.13
1785958599.029,AAPL260807C00315000,1.1,1.13
1785958600.022,AAPL260807C00315000,1.1,1.13
1785958601.088,AAPL260807C00315000,1.1,1.13
1785958602.012,AAPL260807C00315000,1.1,1.13
1785958603.005,AAPL260807C00315000,1.1,1.13
1785958604.068,AAPL260807C00315000,1.1,1.13
1785958605.167,AAPL260807C00315000,1.1,1.13
1785958606.001,AAPL260807C00315000,1.1,1.13
1785958607.225,AAPL260807C00315000,1.1,1.13
1785958608.089,AAPL260807C00315000,1.1,1.13
1785958609.001,AAPL260807C00315000,1.1,1.13
1785958610.374,AAPL260807C00315000,1.09,1.1
1785958611.166,AAPL260807C00315000,1.09,1.1
1785958612.058,AAPL260807C00315000,1.09,1.1
1785958613.107,AAPL260807C00315000,1.09,1.1
1785958614.049,AAPL260807C00315000,1.09,1.1
1785958615.029,AAPL260807C00315000,1.09,1.1
1785958616.012,AAPL260807C00315000,1.09,1.1
1785958617.108,AAPL260807C00315000,1.07,1.09
1785958618.048,AAPL260807C00315000,1.07,1.09
1785958619.018,AAPL260807C00315000,1.06,1.09
1785958620.107,AAPL260807C00315000,1.06,1.09
1785958621.131,AAPL260807C00315000,1.06,1.09
1785958622.061,AAPL260807C00315000,1.06,1.09
1785958623.101,AAPL260807C00315000,1.06,1.09
1785958624.002,AAPL260807C00315000,1.06,1.09
1785958625.051,AAPL260807C00315000,1.06,1.09
1785958626.070,AAPL260807C00315000,1.05,1.09
1785958627.025,AAPL260807C00315000,1.05,1.08
1785958628.012,AAPL260807C00315000,1.05,1.08
1785958629.002,AAPL260807C00315000,1.05,1.07
1785958630.108,AAPL260807C00315000,1.04,1.07
1785958631.065,AAPL260807C00315000,1.04,1.06
1785958632.050,AAPL260807C00315000,1.04,1.06
1785958633.045,AAPL260807C00315000,1.04,1.06
1785958634.162,AAPL260807C00315000,1.04,1.06
1785958635.020,AAPL260807C00315000,1.03,1.06
1785958636.008,AAPL260807C00315000,1.03,1.05
1785958637.173,AAPL260807C00315000,1.03,1.05
1785958638.166,AAPL260807C00315000,1.03,1.05
1785958639.090,AAPL260807C00315000,1.03,1.05
1785958640.232,AAPL260807C00315000,1.03,1.04
1785958641.285,AAPL260807C00315000,1.03,1.04
1785958642.171,AAPL260807C00315000,1.03,1.04
1785958643.100,AAPL260807C00315000,1.03,1.04
1785958644.196,AAPL260807C00315000,1.03,1.04
1785958645.005,AAPL260807C00315000,1.03,1.04
1785958646.565,AAPL260807C00315000,1.03,1.04
1785958647.156,AAPL260807C00315000,1.03,1.04
1785958648.126,AAPL260807C00315000,1.03,1.04
1785958649.055,AAPL260807C00315000,1.02,1.04
1785958650.212,AAPL260807C00315000,1.03,1.04
1785958651.029,AAPL260807C00315000,1.03,1.04
1785958652.138,AAPL260807C00315000,1.03,1.04
1785958653.163,AAPL260807C00315000,1.03,1.04
1785958654.552,AAPL260807C00315000,1.03,1.04
1785958655.103,AAPL260807C00315000,1.03,1.04
1785958656.007,AAPL260807C00315000,1.03,1.04
1785958657.174,AAPL260807C00315000,1.03,1.04
1785958658.243,AAPL260807C00315000,1.03,1.04
1785958659.019,AAPL260807C00315000,1.02,1.03
1785958660.035,AAPL260807C00315000,1.02,1.03
1785958661.131,AAPL260807C00315000,1.03,1.04
1785958662.059,AAPL260807C00315000,1.03,1.04
1785958663.081,AAPL260807C00315000,1.03,1.04
1785958664.001,AAPL260807C00315000,1.04,1.06
1785958665.007,AAPL260807C00315000,1.03,1.06
1785958666.016,AAPL260807C00315000,1.03,1.06
1785958667.119,AAPL260807C00315000,1.03,1.06
1785958668.164,AAPL260807C00315000,1.03,1.06
1785958669.499,AAPL260807C00315000,1.03,1.06
1785958670.093,AAPL260807C00315000,1.03,1.06
1785958671.068,AAPL260807C00315000,1.05,1.1
1785958672.105,AAPL260807C00315000,1.05,1.1
1785958673.018,AAPL260807C00315000,1.05,1.1
1785958674.043,AAPL260807C00315000,1.01,1.06
1785958675.057,AAPL260807C00315000,1.01,1.06
1785958676.155,AAPL260807C00315000,1.01,1.06
1785958677.111,AAPL260807C00315000,1.01,1.06
1785958678.151,AAPL260807C00315000,1.0,1.05
1785958679.048,AAPL260807C00315000,1.0,1.04
1785958680.030,AAPL260807C00315000,1.0,1.02
1785958681.190,AAPL260807C00315000,1.0,1.02
1785958682.068,AAPL260807C00315000,1.0,1.03
1785958683.016,AAPL260807C00315000,1.02,1.04
1785958684.018,AAPL260807C00315000,1.02,1.04
1785958685.058,AAPL260807C00315000,1.02,1.04
1785958686.072,AAPL260807C00315000,1.02,1.04
1785958687.059,AAPL260807C00315000,1.01,1.04
1785958688.296,AAPL260807C00315000,1.01,1.04
1785958689.165,AAPL260807C00315000,1.01,1.04
1785958690.104,AAPL260807C00315000,1.02,1.05
1785958691.003,AAPL260807C00315000,1.02,1.06
1785958692.194,AAPL260807C00315000,1.04,1.06
1785958693.011,AAPL260807C00315000,1.04,1.06
1785958694.170,AAPL260807C00315000,1.04,1.06
1785958695.168,AAPL260807C00315000,1.04,1.06
1785958696.037,AAPL260807C00315000,1.04,1.06
1785958697.166,AAPL260807C00315000,1.04,1.06
1785958698.319,AAPL260807C00315000,1.04,1.05
1785958699.002,AAPL260807C00315000,1.04,1.05
1785958700.256,AAPL260807C00315000,1.04,1.05
1785958701.169,AAPL260807C00315000,1.04,1.05
1785958702.054,AAPL260807C00315000,1.04,1.05
1785958703.443,AAPL260807C00315000,1.04,1.05
1785958704.180,AAPL260807C00315000,1.04,1.05
1785958705.412,AAPL260807C00315000,1.04,1.05
1785958706.397,AAPL260807C00315000,1.04,1.05
1785958707.158,AAPL260807C00315000,1.04,1.05
1785958708.159,AAPL260807C00315000,1.03,1.05
1785958709.164,AAPL260807C00315000,1.03,1.04
1785958710.118,AAPL260807C00315000,1.03,1.04
1785958711.202,AAPL260807C00315000,1.03,1.04
1785958712.018,AAPL260807C00315000,1.04,1.05
1785958713.001,AAPL260807C00315000,1.03,1.05
1785958714.010,AAPL260807C00315000,1.03,1.05
1785958715.163,AAPL260807C00315000,1.03,1.05
1785958716.040,AAPL260807C00315000,1.03,1.05
1785958717.007,AAPL260807C00315000,1.03,1.05
1785958718.026,AAPL260807C00315000,1.03,1.05
1785958719.221,AAPL260807C00315000,1.03,1.05
1785958720.089,AAPL260807C00315000,1.03,1.05
1785958721.163,AAPL260807C00315000,1.03,1.05
1785958722.105,AAPL260807C00315000,1.03,1.05
1785958723.164,AAPL260807C00315000,1.03,1.05
1785958724.256,AAPL260807C00315000,1.03,1.05
1785958725.087,AAPL260807C00315000,1.03,1.05
1785958726.166,AAPL260807C00315000,1.03,1.06
1785958727.001,AAPL260807C00315000,1.03,1.06
1785958728.668,AAPL260807C00315000,1.03,1.06
1785958729.163,AAPL260807C00315000,1.03,1.06
1785958730.004,AAPL260807C00315000,1.03,1.06
1785958731.012,AAPL260807C00315000,1.03,1.06
1785958732.067,AAPL260807C00315000,1.03,1.06
1785958733.051,AAPL260807C00315000,1.03,1.06
1785958734.036,AAPL260807C00315000,1.03,1.06
1785958735.165,AAPL260807C00315000,1.03,1.06
1785958736.052,AAPL260807C00315000,1.03,1.06
1785958737.026,AAPL260807C00315000,1.05,1.06
1785958738.254,AAPL260807C00315000,1.05,1.06
1785958739.413,AAPL260807C00315000,1.05,1.06
1785958740.020,AAPL260807C00315000,1.05,1.06
1785958741.012,AAPL260807C00315000,1.05,1.06
1785958742.036,AAPL260807C00315000,1.05,1.07
1785958743.082,AAPL260807C00315000,1.05,1.07
1785958744.133,AAPL260807C00315000,1.05,1.07
1785958745.510,AAPL260807C00315000,1.06,1.07
1785958746.163,AAPL260807C00315000,1.06,1.07
1785958747.243,AAPL260807C00315000,1.06,1.07
1785958748.031,AAPL260807C00315000,1.06,1.07
1785958749.666,AAPL260807C00315000,1.05,1.06
1785958750.132,AAPL260807C00315000,1.05,1.06
1785958751.256,AAPL260807C00315000,1.05,1.06
1785958752.019,AAPL260807C00315000,1.03,1.05
1785958753.088,AAPL260807C00315000,1.03,1.05
1785958754.006,AAPL260807C00315000,1.03,1.05
1785958755.208,AAPL260807C00315000,1.03,1.05
1785958756.163,AAPL260807C00315000,1.03,1.05
1785958757.019,AAPL260807C00315000,1.03,1.05
1785958758.169,AAPL260807C00315000,1.03,1.05
1785958759.010,AAPL260807C00315000,1.03,1.05
1785958760.071,AAPL260807C00315000,1.03,1.05
1785958761.117,AAPL260807C00315000,1.03,1.06
1785958762.095,AAPL260807C00315000,1.05,1.07
1785958763.164,AAPL260807C00315000,1.05,1.07
1785958764.116,AAPL260807C00315000,1.05,1.07
1785958765.032,AAPL260807C00315000,1.05,1.07
1785958766.031,AAPL260807C00315000,1.05,1.08
1785958767.061,AAPL260807C00315000,1.05,1.08
1785958768.014,AAPL260807C00315000,1.05,1.09
1785958769.049,AAPL260807C00315000,1.05,1.09
1785958770.016,AAPL260807C00315000,1.05,1.08
1785958771.163,AAPL260807C00315000,1.05,1.08
1785958772.082,AAPL260807C00315000,1.05,1.08
1785958773.071,AAPL260807C00315000,1.05,1.08
1785958774.085,AAPL260807C00315000,1.05,1.08
1785958775.138,AAPL260807C00315000,1.05,1.08
1785958776.064,AAPL260807C00315000,1.05,1.08
1785958777.033,AAPL260807C00315000,1.05,1.08
1785958778.166,AAPL260807C00315000,1.05,1.08
1785958779.108,AAPL260807C00315000,1.06,1.08
1785958780.181,AAPL260807C00315000,1.06,1.08
1785958781.111,AAPL260807C00315000,1.06,1.08
1785958782.014,AAPL260807C00315000,1.06,1.08
1785958783.192,AAPL260807C00315000,1.06,1.08
1785958784.098,AAPL260807C00315000,1.06,1.08
1785958785.031,AAPL260807C00315000,1.06,1.08
1785958786.075,AAPL260807C00315000,1.06,1.08
1785958787.023,AAPL260807C00315000,1.07,1.08
1785958789.268,AAPL260807C00315000,1.07,1.08
1785958790.419,AAPL260807C00315000,1.07,1.08
1785958791.263,AAPL260807C00315000,1.07,1.08
1785958792.913,AAPL260807C00315000,1.07,1.08
1785958793.000,AAPL260807C00315000,1.08,1.1
1785958794.152,AAPL260807C00315000,1.08,1.1
1785958795.056,AAPL260807C00315000,1.08,1.1
1785958796.180,AAPL260807C00315000,1.08,1.1
1785958797.079,AAPL260807C00315000,1.08,1.1
1785958798.166,AAPL260807C00315000,1.08,1.1
1785958799.068,AAPL260807C00315000,1.08,1.1
1785958800.041,AAPL260807C00315000,1.08,1.1
1785958801.052,AAPL260807C00315000,1.08,1.11
1785958802.271,AAPL260807C00315000,1.08,1.11
1785958803.169,AAPL260807C00315000,1.08,1.11
1785958804.039,AAPL260807C00315000,1.08,1.1
1785958805.014,AAPL260807C00315000,1.08,1.1
1785958806.075,AAPL260807C00315000,1.08,1.1
1785958807.120,AAPL260807C00315000,1.07,1.09
1785958808.348,AAPL260807C00315000,1.07,1.09
1785958809.023,AAPL260807C00315000,1.07,1.09
1785958810.037,AAPL260807C00315000,1.07,1.09
1785958811.048,AAPL260807C00315000,1.07,1.09
1785958812.136,AAPL260807C00315000,1.07,1.1
1785958813.166,AAPL260807C00315000,1.07,1.09
1785958814.120,AAPL260807C00315000,1.07,1.09
1785958815.011,AAPL260807C00315000,1.07,1.09
1785958816.007,AAPL260807C00315000,1.07,1.09
1785958817.113,AAPL260807C00315000,1.07,1.09
1785958818.168,AAPL260807C00315000,1.07,1.09
1785958819.009,AAPL260807C00315000,1.07,1.1
1785958820.011,AAPL260807C00315000,1.07,1.09
1785958821.164,AAPL260807C00315000,1.07,1.1
1785958822.163,AAPL260807C00315000,1.09,1.1
1785958823.076,AAPL260807C00315000,1.09,1.1
1785958824.085,AAPL260807C00315000,1.08,1.1
1785958825.037,AAPL260807C00315000,1.08,1.1
1785958826.138,AAPL260807C00315000,1.08,1.1
1785958827.448,AAPL260807C00315000,1.08,1.1
1785958828.014,AAPL260807C00315000,1.08,1.1
1785958829.085,AAPL260807C00315000,1.08,1.1
1785958830.394,AAPL260807C00315000,1.08,1.1
1785958831.256,AAPL260807C00315000,1.08,1.1
1785958832.921,AAPL260807C00315000,1.08,1.1
1785958833.014,AAPL260807C00315000,1.08,1.1
1785958834.138,AAPL260807C00315000,1.08,1.09
1785958835.060,AAPL260807C00315000,1.07,1.09
1785958836.074,AAPL260807C00315000,1.07,1.09
1785958837.070,AAPL260807C00315000,1.07,1.09
1785958838.070,AAPL260807C00315000,1.06,1.09
1785958839.090,AAPL260807C00315000,1.06,1.08
1785958840.019,AAPL260807C00315000,1.06,1.08
1785958841.165,AAPL260807C00315000,1.06,1.08
1785958842.102,AAPL260807C00315000,1.06,1.08
1785958843.002,AAPL260807C00315000,1.06,1.08
1785958844.053,AAPL260807C00315000,1.06,1.08
1785958845.025,AAPL260807C00315000,1.06,1.08
1785958846.030,AAPL260807C00315000,1.06,1.08
1785958847.258,AAPL260807C00315000,1.06,1.08
1785958848.066,AAPL260807C00315000,1.06,1.08
1785958849.041,AAPL260807C00315000,1.05,1.07
1785958850.049,AAPL260807C00315000,1.05,1.08
1785958851.037,AAPL260807C00315000,1.05,1.08
1785958852.037,AAPL260807C00315000,1.05,1.08
1785958853.007,AAPL260807C00315000,1.05,1.08
1785958854.140,AAPL260807C00315000,1.07,1.08
1785958855.064,AAPL260807C00315000,1.07,1.08
1785958856.171,AAPL260807C00315000,1.07,1.08
1785958857.086,AAPL260807C00315000,1.07,1.08
1785958858.195,AAPL260807C00315000,1.07,1.08
1785958859.167,AAPL260807C00315000,1.07,1.08
1785958860.466,AAPL260807C00315000,1.07,1.08
1785958861.006,AAPL260807C00315000,1.08,1.1
1785958862.052,AAPL260807C00315000,1.08,1.1
1785958863.256,AAPL260807C00315000,1.08,1.1
1785958864.507,AAPL260807C00315000,1.08,1.1
1785958865.051,AAPL260807C00315000,1.07,1.1
1785958866.048,AAPL260807C00315000,1.06,1.07
1785958867.888,AAPL260807C00315000,1.06,1.07
1785958868.110,AAPL260807C00315000,1.06,1.07
1785958869.049,AAPL260807C00315000,1.06,1.08
1785958870.165,AAPL260807C00315000,1.06,1.08
1785958871.166,AAPL260807C00315000,1.06,1.08
1785958872.040,AAPL260807C00315000,1.06,1.08
1785958873.006,AAPL260807C00315000,1.06,1.08
1785958874.031,AAPL260807C00315000,1.06,1.08
1785958875.110,AAPL260807C00315000,1.06,1.08
1785958876.113,AAPL260807C00315000,1.06,1.08
1785958877.164,AAPL260807C00315000,1.06,1.08
1785958878.027,AAPL260807C00315000,1.06,1.08
1785958879.036,AAPL260807C00315000,1.06,1.08
1785958880.091,AAPL260807C00315000,1.06,1.08
1785958881.142,AAPL260807C00315000,1.06,1.08
1785958882.129,AAPL260807C00315000,1.06,1.08
1785958883.038,AAPL260807C00315000,1.06,1.08
1785958884.271,AAPL260807C00315000,1.06,1.08
1785958885.132,AAPL260807C00315000,1.06,1.08
1785958886.128,AAPL260807C00315000,1.06,1.08
1785958887.090,AAPL260807C00315000,1.05,1.08
1785958888.155,AAPL260807C00315000,1.05,1.08
1785958889.115,AAPL260807C00315000,1.05,1.08
1785958890.291,AAPL260807C00315000,1.05,1.08
1785958891.039,AAPL260807C00315000,1.05,1.08
1785958892.025,AAPL260807C00315000,1.05,1.08
1785958893.014,AAPL260807C00315000,1.05,1.08
1785958894.061,AAPL260807C00315000,1.05,1.08
1785958895.111,AAPL260807C00315000,1.05,1.08
1785958896.015,AAPL260807C00315000,1.05,1.08
1785958898.166,AAPL260807C00315000,1.05,1.08
1785958899.133,AAPL260807C00315000,1.05,1.08
1785958900.014,AAPL260807C00315000,1.05,1.08
1785958901.056,AAPL260807C00315000,1.05,1.08
1785958902.112,AAPL260807C00315000,1.05,1.08
1785958903.040,AAPL260807C00315000,1.05,1.08
1785958904.002,AAPL260807C00315000,1.05,1.08
1785958905.014,AAPL260807C00315000,1.05,1.08
1785958906.056,AAPL260807C00315000,1.05,1.08
1785958907.164,AAPL260807C00315000,1.05,1.08
1785958908.063,AAPL260807C00315000,1.05,1.08
1785958909.164,AAPL260807C00315000,1.05,1.08
1785958910.014,AAPL260807C00315000,1.05,1.08
1785958911.014,AAPL260807C00315000,1.05,1.06
1785958912.146,AAPL260807C00315000,1.05,1.06
1785958913.015,AAPL260807C00315000,1.05,1.06
1785958914.111,AAPL260807C00315000,1.05,1.06
1785958915.063,AAPL260807C00315000,1.05,1.06
1785958916.873,AAPL260807C00315000,1.05,1.06
1785958917.015,AAPL260807C00315000,1.05,1.06
1785958918.008,AAPL260807C00315000,1.05,1.06
1785958919.000,AAPL260807C00315000,1.04,1.06
1785958920.076,AAPL260807C00315000,1.03,1.05
1785958921.064,AAPL260807C00315000,1.03,1.05
1785958922.173,AAPL260807C00315000,1.05,1.06
1785958923.018,AAPL260807C00315000,1.04,1.06
1785958924.179,AAPL260807C00315000,1.05,1.06
1785958925.053,AAPL260807C00315000,1.04,1.06
1785958926.170,AAPL260807C00315000,1.04,1.06
1785958927.299,AAPL260807C00315000,1.04,1.06
1785958928.178,AAPL260807C00315000,1.04,1.06
1785958929.164,AAPL260807C00315000,1.04,1.06
1785958930.071,AAPL260807C00315000,1.04,1.06
1785958931.007,AAPL260807C00315000,1.04,1.06
1785958932.008,AAPL260807C00315000,1.04,1.06
1785958933.163,AAPL260807C00315000,1.04,1.06
1785958934.164,AAPL260807C00315000,1.04,1.06
1785958935.162,AAPL260807C00315000,1.04,1.06
1785958936.663,AAPL260807C00315000,1.04,1.06
1785958937.048,AAPL260807C00315000,1.04,1.06
1785958938.037,AAPL260807C00315000,1.04,1.06
1785958939.020,AAPL260807C00315000,1.04,1.06
1785958940.073,AAPL260807C00315000,1.04,1.06
1785958941.013,AAPL260807C00315000,1.04,1.06
1785958942.098,AAPL260807C00315000,1.04,1.06
1785958943.298,AAPL260807C00315000,1.04,1.06
1785958945.165,AAPL260807C00315000,1.05,1.06
1785958946.102,AAPL260807C00315000,1.05,1.06
1785958947.092,AAPL260807C00315000,1.05,1.06
1785958948.013,AAPL260807C00315000,1.05,1.06
1785958949.013,AAPL260807C00315000,1.05,1.06
1785958950.078,AAPL260807C00315000,1.05,1.06
1785958951.060,AAPL260807C00315000,1.05,1.06
1785958952.071,AAPL260807C00315000,1.05,1.06
1785958953.166,AAPL260807C00315000,1.05,1.06
1785958954.088,AAPL260807C00315000,1.05,1.06
1785958955.065,AAPL260807C00315000,1.04,1.06
1785958956.173,AAPL260807C00315000,1.04,1.06
1785958957.412,AAPL260807C00315000,1.04,1.06
1785958958.017,AAPL260807C00315000,1.04,1.06
1785958959.236,AAPL260807C00315000,1.04,1.06
1785958960.009,AAPL260807C00315000,1.04,1.06
1785958961.006,AAPL260807C00315000,1.04,1.06
1785958962.062,AAPL260807C00315000,1.04,1.06
1785958963.182,AAPL260807C00315000,1.04,1.06
1785958964.013,AAPL260807C00315000,1.04,1.06
1785958965.111,AAPL260807C00315000,1.04,1.06
1785958967.254,AAPL260807C00315000,1.05,1.06
1785958968.008,AAPL260807C00315000,1.04,1.06
1785958969.070,AAPL260807C00315000,1.04,1.06
1785958970.772,AAPL260807C00315000,1.04,1.06
1785958971.012,AAPL260807C00315000,1.04,1.06
1785958972.558,AAPL260807C00315000,1.04,1.06
1785958973.651,AAPL260807C00315000,1.04,1.06
1785958974.059,AAPL260807C00315000,1.06,1.08
1785958975.306,AAPL260807C00315000,1.06,1.08
1785958976.673,AAPL260807C00315000,1.05,1.08
1785958977.095,AAPL260807C00315000,1.05,1.08
1785958978.163,AAPL260807C00315000,1.05,1.08
1785958979.078,AAPL260807C00315000,1.05,1.08
1785958980.293,AAPL260807C00315000,1.05,1.08
1785958981.550,AAPL260807C00315000,1.05,1.08
1785958982.116,AAPL260807C00315000,1.05,1.08
1785958983.005,AAPL260807C00315000,1.05,1.08
1785958984.005,AAPL260807C00315000,1.05,1.08
1785958985.072,AAPL260807C00315000,1.05,1.08
1785958986.068,AAPL260807C00315000,1.05,1.08
1785958987.148,AAPL260807C00315000,1.05,1.08
1785958988.243,AAPL260807C00315000,1.05,1.08
1785958989.102,AAPL260807C00315000,1.05,1.08
1785958990.024,AAPL260807C00315000,1.05,1.08
1785958991.665,AAPL260807C00315000,1.06,1.08
1785958992.166,AAPL260807C00315000,1.06,1.08
1785958993.078,AAPL260807C00315000,1.06,1.08
1785958994.035,AAPL260807C00315000,1.06,1.08
1785958995.014,AAPL260807C00315000,1.06,1.08
1785958996.163,AAPL260807C00315000,1.06,1.07
1785958997.611,AAPL260807C00315000,1.06,1.07
1785958998.017,AAPL260807C00315000,1.06,1.08
1785958999.016,AAPL260807C00315000,1.06,1.08
1785959000.060,AAPL260807C00315000,1.06,1.09
1785959001.035,AAPL260807C00315000,1.06,1.1
1785959002.284,AAPL260807C00315000,1.06,1.1
1785959003.005,AAPL260807C00315000,1.06,1.1
1785959004.008,AAPL260807C00315000,1.06,1.1
1785959005.014,AAPL260807C00315000,1.06,1.1
1785959006.040,AAPL260807C00315000,1.06,1.1
1785959007.378,AAPL260807C00315000,1.06,1.1
1785959008.818,AAPL260807C00315000,1.06,1.1
1785959009.125,AAPL260807C00315000,1.06,1.1
1785959010.023,AAPL260807C00315000,1.1,1.11
1785959011.087,AAPL260807C00315000,1.09,1.11
1785959012.365,AAPL260807C00315000,1.09,1.11
1785959013.067,AAPL260807C00315000,1.09,1.11
1785959014.164,AAPL260807C00315000,1.09,1.11
1785959015.111,AAPL260807C00315000,1.09,1.11
1785959016.016,AAPL260807C00315000,1.09,1.11
1785959017.033,AAPL260807C00315000,1.09,1.11
1785959018.084,AAPL260807C00315000,1.08,1.1
1785959019.117,AAPL260807C00315000,1.08,1.1
1785959020.002,AAPL260807C00315000,1.07,1.1
1785959021.024,AAPL260807C00315000,1.07,1.1
1785959022.074,AAPL260807C00315000,1.07,1.1
1785959023.111,AAPL260807C00315000,1.07,1.1
1785959024.112,AAPL260807C00315000,1.07,1.1
1785959025.168,AAPL260807C00315000,1.07,1.1
1785959027.163,AAPL260807C00315000,1.07,1.1
1785959028.107,AAPL260807C00315000,1.07,1.1
1785959029.057,AAPL260807C00315000,1.07,1.1
1785959030.018,AAPL260807C00315000,1.07,1.1
1785959031.032,AAPL260807C00315000,1.07,1.1
1785959032.416,AAPL260807C00315000,1.07,1.11
1785959033.914,AAPL260807C00315000,1.07,1.11
1785959034.010,AAPL260807C00315000,1.07,1.11
1785959035.136,AAPL260807C00315000,1.07,1.11
1785959036.179,AAPL260807C00315000,1.07,1.11
1785959037.126,AAPL260807C00315000,1.07,1.11
1785959038.111,AAPL260807C00315000,1.07,1.11
1785959039.476,AAPL260807C00315000,1.07,1.11
1785959040.165,AAPL260807C00315000,1.07,1.11
1785959041.222,AAPL260807C00315000,1.07,1.11
1785959042.120,AAPL260807C00315000,1.07,1.11
1785959043.082,AAPL260807C00315000,1.07,1.11
1785959044.019,AAPL260807C00315000,1.07,1.11
1785959045.072,AAPL260807C00315000,1.1,1.12
1785959046.665,AAPL260807C00315000,1.1,1.12
1785959047.039,AAPL260807C00315000,1.1,1.12
1785959048.075,AAPL260807C00315000,1.1,1.12
1785959049.065,AAPL260807C00315000,1.1,1.12
1785959050.098,AAPL260807C00315000,1.1,1.12
1785959051.173,AAPL260807C00315000,1.1,1.12
1785959052.026,AAPL260807C00315000,1.1,1.12
1785959053.263,AAPL260807C00315000,1.11,1.12
1785959054.163,AAPL260807C00315000,1.11,1.12
1785959055.111,AAPL260807C00315000,1.11,1.13
1785959056.163,AAPL260807C00315000,1.11,1.13
1785959057.039,AAPL260807C00315000,1.11,1.13
1785959058.245,AAPL260807C00315000,1.11,1.13
1785959059.057,AAPL260807C00315000,1.11,1.13
1785959060.062,AAPL260807C00315000,1.12,1.13
1785959061.141,AAPL260807C00315000,1.12,1.13
1785959062.050,AAPL260807C00315000,1.12,1.13
1785959063.244,AAPL260807C00315000,1.12,1.15
1785959064.034,AAPL260807C00315000,1.12,1.15
1785959065.129,AAPL260807C00315000,1.12,1.15
1785959066.072,AAPL260807C00315000,1.12,1.15
1785959067.136,AAPL260807C00315000,1.12,1.14
1785959068.022,AAPL260807C00315000,1.12,1.15
1785959069.041,AAPL260807C00315000,1.12,1.15
1785959070.097,AAPL260807C00315000,1.12,1.15
1785959071.136,AAPL260807C00315000,1.12,1.15
1785959072.013,AAPL260807C00315000,1.12,1.15
1785959073.079,AAPL260807C00315000,1.12,1.15
1785959074.171,AAPL260807C00315000,1.12,1.15
1785959075.095,AAPL260807C00315000,1.12,1.15
1785959076.108,AAPL260807C00315000,1.12,1.15
1785959077.038,AAPL260807C00315000,1.12,1.15
1785959078.276,AAPL260807C00315000,1.12,1.15
1785959079.327,AAPL260807C00315000,1.14,1.17
1785959080.053,AAPL260807C00315000,1.14,1.17
1785959081.013,AAPL260807C00315000,1.14,1.16
1785959082.107,AAPL260807C00315000,1.14,1.16
1785959083.068,AAPL260807C00315000,1.14,1.15
1785959084.168,AAPL260807C00315000,1.14,1.15
1785959085.413,AAPL260807C00315000,1.14,1.15
1785959086.114,AAPL260807C00315000,1.14,1.15
1785959087.076,AAPL260807C00315000,1.14,1.15
1785959088.366,AAPL260807C00315000,1.14,1.15
1785959089.266,AAPL260807C00315000,1.14,1.16
1785959090.020,AAPL260807C00315000,1.14,1.15
1785959091.340,AAPL260807C00315000,1.14,1.15
1785959092.094,AAPL260807C00315000,1.15,1.17
1785959093.808,AAPL260807C00315000,1.15,1.17
1785959094.458,AAPL260807C00315000,1.15,1.16
1785959095.110,AAPL260807C00315000,1.15,1.16
1785959096.209,AAPL260807C00315000,1.14,1.15
1785959097.079,AAPL260807C00315000,1.14,1.15
1785959098.004,AAPL260807C00315000,1.14,1.15
1785959099.165,AAPL260807C00315000,1.13,1.15
1785959100.164,AAPL260807C00315000,1.13,1.15
1785959101.066,AAPL260807C00315000,1.14,1.16
1785959102.000,AAPL260807C00315000,1.15,1.18
1785959103.137,AAPL260807C00315000,1.15,1.18
1785959104.021,AAPL260807C00315000,1.15,1.18
1785959105.298,AAPL260807C00315000,1.15,1.18
1785959106.318,AAPL260807C00315000,1.17,1.19
1785959107.082,AAPL260807C00315000,1.17,1.19
1785959108.348,AAPL260807C00315000,1.17,1.19
1785959109.015,AAPL260807C00315000,1.18,1.19
1785959110.098,AAPL260807C00315000,1.16,1.19
1785959111.362,AAPL260807C00315000,1.16,1.19
1785959112.113,AAPL260807C00315000,1.16,1.19
1785959113.007,AAPL260807C00315000,1.16,1.18
1785959114.015,AAPL260807C00315000,1.16,1.18
1785959115.427,AAPL260807C00315000,1.16,1.18
1785959116.266,AAPL260807C00315000,1.16,1.19
1785959117.175,AAPL260807C00315000,1.16,1.19
1785959118.146,AAPL260807C00315000,1.18,1.19
1785959119.020,AAPL260807C00315000,1.18,1.19
1785959120.618,AAPL260807C00315000,1.18,1.19
1785959121.025,AAPL260807C00315000,1.19,1.19
1785959122.430,AAPL260807C00315000,1.19,1.2
1785959123.394,AAPL260807C00315000,1.19,1.2
1785959124.012,AAPL260807C00315000,1.2,1.24
1785959125.001,AAPL260807C00315000,1.2,1.24
1785959126.001,AAPL260807C00315000,1.2,1.24
1785959127.003,AAPL260807C00315000,1.2,1.24
1785959128.013,AAPL260807C00315000,1.2,1.24
1785959129.040,AAPL260807C00315000,1.2,1.24
1785959130.182,AAPL260807C00315000,1.2,1.24
1785959131.013,AAPL260807C00315000,1.19,1.2
1785959132.163,AAPL260807C00315000,1.19,1.2
1785959133.014,AAPL260807C00315000,1.19,1.2
1785959134.172,AAPL260807C00315000,1.19,1.2
1785959135.477,AAPL260807C00315000,1.19,1.22
1785959136.161,AAPL260807C00315000,1.19,1.22
1785959137.197,AAPL260807C00315000,1.19,1.2
1785959138.013,AAPL260807C00315000,1.19,1.21
1785959139.017,AAPL260807C00315000,1.19,1.21
1785959140.054,AAPL260807C00315000,1.19,1.21
1785959141.021,AAPL260807C00315000,1.18,1.19
1785959142.002,AAPL260807C00315000,1.18,1.2
1785959143.159,AAPL260807C00315000,1.18,1.2
1785959144.079,AAPL260807C00315000,1.18,1.19
1785959145.050,AAPL260807C00315000,1.18,1.19
1785959146.039,AAPL260807C00315000,1.18,1.19
1785959147.354,AAPL260807C00315000,1.17,1.19
1785959148.015,AAPL260807C00315000,1.17,1.19
1785959149.163,AAPL260807C00315000,1.16,1.19
1785959150.092,AAPL260807C00315000,1.16,1.19
1785959151.110,AAPL260807C00315000,1.16,1.19
1785959152.132,AAPL260807C00315000,1.16,1.19
1785959153.183,AAPL260807C00315000,1.16,1.19
1785959154.132,AAPL260807C00315000,1.16,1.19
1785959155.020,AAPL260807C00315000,1.16,1.19
1785959156.063,AAPL260807C00315000,1.16,1.19
1785959157.019,AAPL260807C00315000,1.16,1.19
1785959158.007,AAPL260807C00315000,1.16,1.19
1785959159.222,AAPL260807C00315000,1.18,1.19
1785959160.053,AAPL260807C00315000,1.16,1.19
1785959161.001,AAPL260807C00315000,1.17,1.19
1785959162.049,AAPL260807C00315000,1.17,1.19
1785959163.129,AAPL260807C00315000,1.17,1.19
1785959164.059,AAPL260807C00315000,1.17,1.18
1785959165.001,AAPL260807C00315000,1.16,1.18
1785959166.179,AAPL260807C00315000,1.16,1.18
1785959167.149,AAPL260807C00315000,1.16,1.18
1785959168.014,AAPL260807C00315000,1.16,1.18
1785959169.021,AAPL260807C00315000,1.15,1.17
1785959170.169,AAPL260807C00315000,1.15,1.17
1785959171.033,AAPL260807C00315000,1.15,1.17
1785959172.046,AAPL260807C00315000,1.16,1.18
1785959173.020,AAPL260807C00315000,1.17,1.18
1785959175.759,AAPL260807C00315000,1.16,1.18
1785959176.168,AAPL260807C00315000,1.16,1.17
1785959177.211,AAPL260807C00315000,1.15,1.17
1785959178.035,AAPL260807C00315000,1.15,1.17
1785959179.165,AAPL260807C00315000,1.15,1.17
1785959180.052,AAPL260807C00315000,1.15,1.18
1785959181.001,AAPL260807C00315000,1.15,1.18
1785959182.038,AAPL260807C00315000,1.15,1.18
1785959183.244,AAPL260807C00315000,1.15,1.18
1785959184.668,AAPL260807C00315000,1.15,1.16
1785959185.280,AAPL260807C00315000,1.15,1.16
1785959186.296,AAPL260807C00315000,1.16,1.18
1785959187.080,AAPL260807C00315000,1.16,1.18
1785959188.169,AAPL260807C00315000,1.16,1.18
1785959189.030,AAPL260807C00315000,1.15,1.18
1785959190.167,AAPL260807C00315000,1.15,1.18
1785959191.070,AAPL260807C00315000,1.15,1.17
1785959192.944,AAPL260807C00315000,1.15,1.17
1785959193.005,AAPL260807C00315000,1.15,1.17
1785959194.025,AAPL260807C00315000,1.15,1.17
1785959195.210,AAPL260807C00315000,1.16,1.18
1785959196.188,AAPL260807C00315000,1.16,1.18
1785959197.240,AAPL260807C00315000,1.16,1.18
1785959198.115,AAPL260807C00315000,1.15,1.17
1785959199.115,AAPL260807C00315000,1.15,1.17
1785959200.067,AAPL260807C00315000,1.15,1.17
1785959201.110,AAPL260807C00315000,1.15,1.17
1785959202.259,AAPL260807C00315000,1.15,1.16
1785959203.417,AAPL260807C00315000,1.15,1.16
1785959204.006,AAPL260807C00315000,1.15,1.16
1785959205.147,AAPL260807C00315000,1.15,1.16
1785959206.068,AAPL260807C00315000,1.15,1.16
1785959207.043,AAPL260807C00315000,1.15,1.16
1785959208.414,AAPL260807C00315000,1.15,1.16
1785959209.401,AAPL260807C00315000,1.15,1.16
1785959210.368,AAPL260807C00315000,1.15,1.16
1785959211.928,AAPL260807C00315000,1.15,1.16
1785959212.184,AAPL260807C00315000,1.15,1.16
1785959213.165,AAPL260807C00315000,1.15,1.16
1785959214.106,AAPL260807C00315000,1.15,1.16
1785959215.322,AAPL260807C00315000,1.16,1.17
1785959216.848,AAPL260807C00315000,1.16,1.17
1785959217.848,AAPL260807C00315000,1.16,1.17
1785959219.000,AAPL260807C00315000,1.16,1.17
1785959219.000,AAPL260807C00315000,1.16,1.17
1785959220.118,AAPL260807C00315000,1.16,1.17
1785959221.139,AAPL260807C00315000,1.16,1.18
1785959222.166,AAPL260807C00315000,1.16,1.18
1785959223.672,AAPL260807C00315000,1.16,1.18
1785959224.123,AAPL260807C00315000,1.16,1.18
1785959225.167,AAPL260807C00315000,1.16,1.18
1785959226.044,AAPL260807C00315000,1.16,1.18
1785959227.153,AAPL260807C00315000,1.16,1.18
1785959228.030,AAPL260807C00315000,1.16,1.18
1785959229.045,AAPL260807C00315000,1.16,1.18
1785959230.022,AAPL260807C00315000,1.17,1.18
1785959231.163,AAPL260807C00315000,1.17,1.18
1785959232.003,AAPL260807C00315000,1.18,1.2
1785959233.127,AAPL260807C00315000,1.18,1.2
1785959234.019,AAPL260807C00315000,1.18,1.2
1785959235.089,AAPL260807C00315000,1.18,1.2
1785959236.092,AAPL260807C00315000,1.17,1.2
1785959237.143,AAPL260807C00315000,1.17,1.2
1785959238.306,AAPL260807C00315000,1.17,1.2
1785959239.006,AAPL260807C00315000,1.17,1.2
1785959240.078,AAPL260807C00315000,1.17,1.19
1785959241.065,AAPL260807C00315000,1.17,1.19
1785959242.001,AAPL260807C00315000,1.17,1.2
1785959243.110,AAPL260807C00315000,1.17,1.2
1785959244.303,AAPL260807C00315000,1.17,1.2
1785959245.122,AAPL260807C00315000,1.17,1.2
1785959246.022,AAPL260807C00315000,1.17,1.2
1785959247.082,AAPL260807C00315000,1.17,1.2
1785959248.030,AAPL260807C00315000,1.17,1.2
1785959249.014,AAPL260807C00315000,1.17,1.2
1785959251.116,AAPL260807C00315000,1.2,1.21
1785959252.007,AAPL260807C00315000,1.19,1.21
1785959253.024,AAPL260807C00315000,1.19,1.21
1785959254.169,AAPL260807C00315000,1.19,1.21
1785959255.007,AAPL260807C00315000,1.19,1.21
1785959256.073,AAPL260807C00315000,1.19,1.21
1785959257.003,AAPL260807C00315000,1.18,1.21
1785959258.019,AAPL260807C00315000,1.18,1.2
1785959259.002,AAPL260807C00315000,1.18,1.2
1785959260.013,AAPL260807C00315000,1.18,1.21
1785959261.024,AAPL260807C00315000,1.18,1.21
1785959262.464,AAPL260807C00315000,1.18,1.21
1785959263.046,AAPL260807C00315000,1.18,1.21
1785959264.530,AAPL260807C00315000,1.18,1.2
1785959265.115,AAPL260807C00315000,1.18,1.2
1785959266.154,AAPL260807C00315000,1.19,1.21
1785959267.171,AAPL260807C00315000,1.18,1.2
1785959268.016,AAPL260807C00315000,1.18,1.2
1785959269.345,AAPL260807C00315000,1.18,1.19
1785959270.031,AAPL260807C00315000,1.18,1.19
1785959271.003,AAPL260807C00315000,1.18,1.19
1785959272.084,AAPL260807C00315000,1.17,1.19
1785959273.043,AAPL260807C00315000,1.18,1.19
1785959274.033,AAPL260807C00315000,1.17,1.19
1785959275.002,AAPL260807C00315000,1.17,1.19
1785959276.002,AAPL260807C00315000,1.17,1.19
1785959277.043,AAPL260807C00315000,1.17,1.2
1785959278.110,AAPL260807C00315000,1.17,1.2
1785959279.061,AAPL260807C00315000,1.18,1.2
1785959280.166,AAPL260807C00315000,1.18,1.2
1785959281.007,AAPL260807C00315000,1.16,1.2
1785959282.395,AAPL260807C00315000,1.16,1.19
1785959283.059,AAPL260807C00315000,1.16,1.19
1785959284.145,AAPL260807C00315000,1.16,1.19
1785959285.073,AAPL260807C00315000,1.16,1.19
1785959286.017,AAPL260807C00315000,1.16,1.19
1785959287.034,AAPL260807C00315000,1.16,1.19
1785959288.027,AAPL260807C00315000,1.16,1.18
1785959289.092,AAPL260807C00315000,1.16,1.18
1785959290.002,AAPL260807C00315000,1.15,1.17
1785959291.002,AAPL260807C00315000,1.14,1.16
1785959292.095,AAPL260807C00315000,1.14,1.15
1785959293.002,AAPL260807C00315000,1.13,1.15
1785959294.000,AAPL260807C00315000,1.13,1.15
1785959295.026,AAPL260807C00315000,1.13,1.15
1785959296.054,AAPL260807C00315000,1.13,1.15
1785959297.006,AAPL260807C00315000,1.13,1.15
1785959298.048,AAPL260807C00315000,1.13,1.15
1785959299.004,AAPL260807C00315000,1.13,1.15
1785959300.160,AAPL260807C00315000,1.13,1.15
1785959301.111,AAPL260807C00315000,1.13,1.14
1785959302.253,AAPL260807C00315000,1.13,1.14
1785959303.163,AAPL260807C00315000,1.13,1.14
1785959304.181,AAPL260807C00315000,1.14,1.15
1785959306.468,AAPL260807C00315000,1.14,1.15
1785959307.040,AAPL260807C00315000,1.13,1.15
1785959308.025,AAPL260807C00315000,1.13,1.15
1785959309.014,AAPL260807C00315000,1.13,1.15
1785959310.035,AAPL260807C00315000,1.13,1.14
1785959312.162,AAPL260807C00315000,1.13,1.14
1785959313.452,AAPL260807C00315000,1.13,1.14
1785959314.211,AAPL260807C00315000,1.13,1.14
1785959315.510,AAPL260807C00315000,1.13,1.14
1785959316.058,AAPL260807C00315000,1.12,1.13
1785959317.162,AAPL260807C00315000,1.12,1.14
1785959318.205,AAPL260807C00315000,1.12,1.14
1785959319.166,AAPL260807C00315000,1.12,1.14
1785959320.018,AAPL260807C00315000,1.12,1.14
1785959321.133,AAPL260807C00315000,1.12,1.14
1785959322.012,AAPL260807C00315000,1.12,1.14
1785959323.470,AAPL260807C00315000,1.12,1.14
1785959324.163,AAPL260807C00315000,1.12,1.14
1785959325.120,AAPL260807C00315000,1.12,1.15
1785959326.086,AAPL260807C00315000,1.12,1.15
1785959327.008,AAPL260807C00315000,1.12,1.15
1785959328.013,AAPL260807C00315000,1.12,1.15
1785959329.720,AAPL260807C00315000,1.12,1.15
1785959330.270,AAPL260807C00315000,1.12,1.15
1785959331.084,AAPL260807C00315000,1.12,1.15
1785959332.513,AAPL260807C00315000,1.12,1.15
1785959333.105,AAPL260807C00315000,1.12,1.15
1785959334.366,AAPL260807C00315000,1.12,1.15
1785959335.163,AAPL260807C00315000,1.12,1.15
1785959336.018,AAPL260807C00315000,1.12,1.15
1785959337.075,AAPL260807C00315000,1.12,1.14
1785959338.085,AAPL260807C00315000,1.12,1.14
1785959339.013,AAPL260807C00315000,1.12,1.14
1785959340.180,AAPL260807C00315000,1.12,1.14
1785959341.111,AAPL260807C00315000,1.12,1.14
1785959342.314,AAPL260807C00315000,1.12,1.14
1785959343.011,AAPL260807C00315000,1.12,1.15
1785959344.214,AAPL260807C00315000,1.12,1.15
1785959345.081,AAPL260807C00315000,1.12,1.15
1785959346.020,AAPL260807C00315000,1.12,1.15
1785959347.047,AAPL260807C00315000,1.12,1.15
1785959348.034,AAPL260807C00315000,1.12,1.15
1785959349.069,AAPL260807C00315000,1.12,1.15
1785959350.006,AAPL260807C00315000,1.12,1.15
1785959351.142,AAPL260807C00315000,1.12,1.15
1785959352.121,AAPL260807C00315000,1.12,1.15
1785959353.111,AAPL260807C00315000,1.12,1.15
1785959354.036,AAPL260807C00315000,1.12,1.15
1785959355.121,AAPL260807C00315000,1.12,1.15
1785959356.044,AAPL260807C00315000,1.11,1.15
1785959357.166,AAPL260807C00315000,1.11,1.15
1785959358.391,AAPL260807C00315000,1.1,1.11
1785959359.060,AAPL260807C00315000,1.1,1.12
1785959360.074,AAPL260807C00315000,1.1,1.13
1785959361.017,AAPL260807C00315000,1.1,1.13
1785959362.171,AAPL260807C00315000,1.1,1.13
1785959363.164,AAPL260807C00315000,1.1,1.13
1785959364.079,AAPL260807C00315000,1.1,1.13
1785959365.014,AAPL260807C00315000,1.1,1.13
1785959366.097,AAPL260807C00315000,1.1,1.13
1785959367.138,AAPL260807C00315000,1.1,1.13
1785959368.163,AAPL260807C00315000,1.1,1.13
1785959369.165,AAPL260807C00315000,1.1,1.13
1785959370.076,AAPL260807C00315000,1.1,1.11
1785959371.110,AAPL260807C00315000,1.11,1.13
1785959372.127,AAPL260807C00315000,1.11,1.13
1785959373.086,AAPL260807C00315000,1.11,1.13
1785959374.087,AAPL260807C00315000,1.11,1.13
1785959375.018,AAPL260807C00315000,1.11,1.14
1785959376.015,AAPL260807C00315000,1.12,1.13
1785959377.120,AAPL260807C00315000,1.11,1.12
1785959378.014,AAPL260807C00315000,1.12,1.14
1785959379.111,AAPL260807C00315000,1.12,1.15
1785959380.413,AAPL260807C00315000,1.12,1.15
1785959381.166,AAPL260807C00315000,1.12,1.15
1785959382.002,AAPL260807C00315000,1.12,1.15
1785959383.358,AAPL260807C00315000,1.12,1.15
1785959384.166,AAPL260807C00315000,1.12,1.15
1785959385.019,AAPL260807C00315000,1.12,1.15
1785959386.310,AAPL260807C00315000,1.12,1.15
1785959387.037,AAPL260807C00315000,1.15,1.17
1785959388.048,AAPL260807C00315000,1.14,1.17
1785959389.145,AAPL260807C00315000,1.14,1.17
1785959390.010,AAPL260807C00315000,1.14,1.18
1785959391.178,AAPL260807C00315000,1.15,1.18
1785959392.146,AAPL260807C00315000,1.15,1.18
1785959393.054,AAPL260807C00315000,1.15,1.18
1785959394.309,AAPL260807C00315000,1.15,1.18
1785959395.009,AAPL260807C00315000,1.15,1.18
1785959396.035,AAPL260807C00315000,1.15,1.18
1785959397.262,AAPL260807C00315000,1.15,1.18
1785959398.014,AAPL260807C00315000,1.15,1.18
1785959399.118,AAPL260807C00315000,1.15,1.18
1785959400.017,AAPL260807C00315000,1.15,1.18
1785959401.021,AAPL260807C00315000,1.15,1.21
1785959402.186,AAPL260807C00315000,1.16,1.22
1785959403.043,AAPL260807C00315000,1.16,1.24
1785959404.022,AAPL260807C00315000,1.18,1.24
1785959405.064,AAPL260807C00315000,1.18,1.24
1785959406.035,AAPL260807C00315000,1.18,1.24
1785959407.067,AAPL260807C00315000,1.2,1.24
1785959408.033,AAPL260807C00315000,1.2,1.24
1785959409.112,AAPL260807C00315000,1.2,1.24
1785959410.417,AAPL260807C00315000,1.2,1.24
1785959411.001,AAPL260807C00315000,1.2,1.24
1785959412.002,AAPL260807C00315000,1.2,1.24
1785959413.016,AAPL260807C00315000,1.2,1.24
1785959414.360,AAPL260807C00315000,1.22,1.24
1785959415.968,AAPL260807C00315000,1.22,1.24
1785959416.109,AAPL260807C00315000,1.22,1.24
1785959417.041,AAPL260807C00315000,1.22,1.24
1785959418.002,AAPL260807C00315000,1.22,1.25
1785959419.139,AAPL260807C00315000,1.22,1.25
1785959420.446,AAPL260807C00315000,1.22,1.25
1785959421.115,AAPL260807C00315000,1.22,1.25
1785959422.164,AAPL260807C00315000,1.22,1.25
1785959423.137,AAPL260807C00315000,1.22,1.25
1785959424.054,AAPL260807C00315000,1.23,1.25
1785959425.157,AAPL260807C00315000,1.25,1.27
1785959426.043,AAPL260807C00315000,1.25,1.27
1785959427.167,AAPL260807C00315000,1.25,1.26
1785959428.204,AAPL260807C00315000,1.25,1.27
1785959429.145,AAPL260807C00315000,1.26,1.27
1785959430.040,AAPL260807C00315000,1.25,1.27
1785959431.163,AAPL260807C00315000,1.24,1.27
1785959432.026,AAPL260807C00315000,1.24,1.27
1785959433.147,AAPL260807C00315000,1.24,1.27
1785959434.150,AAPL260807C00315000,1.24,1.27
1785959435.089,AAPL260807C00315000,1.24,1.26
1785959436.031,AAPL260807C00315000,1.23,1.26
1785959437.108,AAPL260807C00315000,1.23,1.26
1785959438.162,AAPL260807C00315000,1.23,1.26
1785959439.195,AAPL260807C00315000,1.23,1.25
1785959440.075,AAPL260807C00315000,1.24,1.26
1785959441.060,AAPL260807C00315000,1.24,1.26
1785959442.310,AAPL260807C00315000,1.25,1.26
1785959444.264,AAPL260807C00315000,1.25,1.26
1785959445.734,AAPL260807C00315000,1.25,1.26
1785959446.105,AAPL260807C00315000,1.25,1.26
1785959447.538,AAPL260807C00315000,1.25,1.27
1785959448.267,AAPL260807C00315000,1.25,1.27
1785959449.026,AAPL260807C00315000,1.24,1.26
1785959450.025,AAPL260807C00315000,1.23,1.25
1785959451.062,AAPL260807C00315000,1.23,1.25
1785959452.164,AAPL260807C00315000,1.23,1.25
1785959453.435,AAPL260807C00315000,1.23,1.25
1785959454.115,AAPL260807C00315000,1.23,1.25
1785959455.067,AAPL260807C00315000,1.23,1.25
1785959456.143,AAPL260807C00315000,1.25,1.27
1785959457.026,AAPL260807C00315000,1.25,1.27
1785959458.109,AAPL260807C00315000,1.25,1.27
1785959459.527,AAPL260807C00315000,1.25,1.27
1785959460.022,AAPL260807C00315000,1.25,1.27
1785959461.218,AAPL260807C00315000,1.26,1.28
1785959462.045,AAPL260807C00315000,1.26,1.28
1785959463.071,AAPL260807C00315000,1.27,1.3
1785959464.453,AAPL260807C00315000,1.27,1.3
1785959465.021,AAPL260807C00315000,1.27,1.3
1785959466.166,AAPL260807C00315000,1.27,1.28
1785959467.259,AAPL260807C00315000,1.27,1.28
1785959468.607,AAPL260807C00315000,1.27,1.28
1785959469.218,AAPL260807C00315000,1.27,1.28
1785959470.997,AAPL260807C00315000,1.27,1.28
1785959471.016,AAPL260807C00315000,1.26,1.28
1785959472.415,AAPL260807C00315000,1.27,1.28
1785959473.211,AAPL260807C00315000,1.27,1.29
1785959474.014,AAPL260807C00315000,1.27,1.29
1785959475.517,AAPL260807C00315000,1.27,1.29
1785959476.129,AAPL260807C00315000,1.27,1.29
1785959477.256,AAPL260807C00315000,1.27,1.29
1785959478.025,AAPL260807C00315000,1.27,1.28
1785959479.161,AAPL260807C00315000,1.27,1.28
1785959480.056,AAPL260807C00315000,1.27,1.28
1785959481.110,AAPL260807C00315000,1.28,1.29
1785959482.418,AAPL260807C00315000,1.28,1.29
1785959483.542,AAPL260807C00315000,1.28,1.3
1785959484.062,AAPL260807C00315000,1.28,1.3
1785959485.233,AAPL260807C00315000,1.28,1.3
1785959486.110,AAPL260807C00315000,1.28,1.3
1785959487.162,AAPL260807C00315000,1.28,1.29
1785959488.143,AAPL260807C00315000,1.28,1.29
1785959489.417,AAPL260807C00315000,1.27,1.29
1785959490.046,AAPL260807C00315000,1.27,1.29
1785959491.154,AAPL260807C00315000,1.27,1.3
1785959492.047,AAPL260807C00315000,1.28,1.3
1785959493.056,AAPL260807C00315000,1.29,1.3
1785959494.496,AAPL260807C00315000,1.29,1.3
1785959495.123,AAPL260807C00315000,1.29,1.3
1785959496.071,AAPL260807C00315000,1.29,1.3
1785959497.173,AAPL260807C00315000,1.29,1.3
1785959498.119,AAPL260807C00315000,1.29,1.3
1785959499.149,AAPL260807C00315000,1.29,1.3
1785959500.118,AAPL260807C00315000,1.29,1.3
1785959501.065,AAPL260807C00315000,1.28,1.3
1785959502.259,AAPL260807C00315000,1.28,1.3
1785959503.919,AAPL260807C00315000,1.28,1.3
1785959504.019,AAPL260807C00315000,1.28,1.3
1785959505.096,AAPL260807C00315000,1.28,1.3
1785959506.947,AAPL260807C00315000,1.28,1.3
1785959507.522,AAPL260807C00315000,1.28,1.3
1785959508.121,AAPL260807C00315000,1.28,1.3
1785959509.168,AAPL260807C00315000,1.28,1.3
1785959510.045,AAPL260807C00315000,1.28,1.3
1785959511.077,AAPL260807C00315000,1.28,1.3
1785959512.018,AAPL260807C00315000,1.29,1.3
1785959513.414,AAPL260807C00315000,1.29,1.3
1785959514.262,AAPL260807C00315000,1.29,1.3
1785959515.061,AAPL260807C00315000,1.29,1.3
1785959516.156,AAPL260807C00315000,1.29,1.3
1785959517.041,AAPL260807C00315000,1.28,1.29
1785959518.013,AAPL260807C00315000,1.27,1.29
1785959519.004,AAPL260807C00315000,1.27,1.29
1785959520.004,AAPL260807C00315000,1.27,1.29
1785959521.005,AAPL260807C00315000,1.27,1.29
1785959522.211,AAPL260807C00315000,1.27,1.29
1785959523.082,AAPL260807C00315000,1.27,1.29
1785959524.068,AAPL260807C00315000,1.27,1.3
1785959525.301,AAPL260807C00315000,1.27,1.29
1785959526.075,AAPL260807C00315000,1.27,1.29
1785959527.186,AAPL260807C00315000,1.27,1.28
1785959528.176,AAPL260807C00315000,1.27,1.28
1785959529.006,AAPL260807C00315000,1.27,1.28
1785959530.016,AAPL260807C00315000,1.27,1.28
1785959531.170,AAPL260807C00315000,1.26,1.28
1785959532.056,AAPL260807C00315000,1.26,1.27
1785959533.002,AAPL260807C00315000,1.25,1.27
1785959534.671,AAPL260807C00315000,1.25,1.27
1785959535.037,AAPL260807C00315000,1.25,1.27
1785959536.042,AAPL260807C00315000,1.26,1.27
1785959537.314,AAPL260807C00315000,1.26,1.28
1785959538.396,AAPL260807C00315000,1.27,1.28
1785959539.165,AAPL260807C00315000,1.27,1.28
1785959540.031,AAPL260807C00315000,1.27,1.28
1785959541.248,AAPL260807C00315000,1.27,1.28
1785959542.209,AAPL260807C00315000,1.27,1.28
1785959543.420,AAPL260807C00315000,1.27,1.28
1785959544.078,AAPL260807C00315000,1.27,1.28
1785959545.109,AAPL260807C00315000,1.27,1.28
1785959546.024,AAPL260807C00315000,1.27,1.28
1785959547.030,AAPL260807C00315000,1.27,1.28
1785959548.000,AAPL260807C00315000,1.27,1.28
1785959549.132,AAPL260807C00315000,1.27,1.28
1785959550.036,AAPL260807C00315000,1.27,1.28
1785959551.165,AAPL260807C00315000,1.27,1.28
1785959552.077,AAPL260807C00315000,1.25,1.27
1785959553.146,AAPL260807C00315000,1.25,1.27
1785959554.167,AAPL260807C00315000,1.25,1.27
1785959555.180,AAPL260807C00315000,1.25,1.27
1785959556.011,AAPL260807C00315000,1.25,1.27
1785959557.181,AAPL260807C00315000,1.25,1.27
1785959558.014,AAPL260807C00315000,1.25,1.27
1785959559.010,AAPL260807C00315000,1.25,1.27
1785959560.025,AAPL260807C00315000,1.25,1.26
1785959561.150,AAPL260807C00315000,1.25,1.28
1785959562.015,AAPL260807C00315000,1.25,1.28
1785959563.173,AAPL260807C00315000,1.25,1.28
1785959564.250,AAPL260807C00315000,1.25,1.28
1785959565.165,AAPL260807C00315000,1.25,1.29
1785959566.053,AAPL260807C00315000,1.25,1.29
1785959567.098,AAPL260807C00315000,1.25,1.29
1785959568.062,AAPL260807C00315000,1.25,1.29
1785959569.060,AAPL260807C00315000,1.25,1.29
1785959570.023,AAPL260807C00315000,1.26,1.29
1785959571.059,AAPL260807C00315000,1.26,1.29
1785959572.255,AAPL260807C00315000,1.27,1.29
1785959573.145,AAPL260807C00315000,1.28,1.3
1785959574.125,AAPL260807C00315000,1.28,1.3
1785959575.086,AAPL260807C00315000,1.28,1.3
1785959576.189,AAPL260807C00315000,1.28,1.3
1785959577.029,AAPL260807C00315000,1.28,1.3
1785959578.278,AAPL260807C00315000,1.28,1.3
1785959579.036,AAPL260807C00315000,1.28,1.3
1785959580.005,AAPL260807C00315000,1.28,1.3
1785959581.046,AAPL260807C00315000,1.29,1.31
1785959582.029,AAPL260807C00315000,1.3,1.31
1785959583.013,AAPL260807C00315000,1.3,1.31
1785959584.303,AAPL260807C00315000,1.3,1.31
1785959585.126,AAPL260807C00315000,1.3,1.31
1785959586.173,AAPL260807C00315000,1.3,1.31
1785959587.187,AAPL260807C00315000,1.3,1.31
1785959588.395,AAPL260807C00315000,1.3,1.32
1785959589.196,AAPL260807C00315000,1.3,1.32
1785959590.019,AAPL260807C00315000,1.3,1.32
1785959591.088,AAPL260807C00315000,1.3,1.32
1785959592.119,AAPL260807C00315000,1.3,1.32
1785959593.172,AAPL260807C00315000,1.3,1.32
1785959594.021,AAPL260807C00315000,1.3,1.32
1785959595.029,AAPL260807C00315000,1.3,1.32
1785959596.007,AAPL260807C00315000,1.31,1.34
1785959597.007,AAPL260807C00315000,1.3,1.33
1785959598.091,AAPL260807C00315000,1.3,1.33
1785959599.152,AAPL260807C00315000,1.31,1.33
1785959600.057,AAPL260807C00315000,1.3,1.31
1785959601.135,AAPL260807C00315000,1.3,1.33
1785959602.045,AAPL260807C00315000,1.3,1.33
1785959603.167,AAPL260807C00315000,1.3,1.33
1785959604.295,AAPL260807C00315000,1.3,1.33
1785959605.084,AAPL260807C00315000,1.3,1.33
1785959606.148,AAPL260807C00315000,1.3,1.33
1785959607.466,AAPL260807C00315000,1.3,1.33
1785959608.378,AAPL260807C00315000,1.3,1.33
1785959609.255,AAPL260807C00315000,1.3,1.33
1785959610.034,AAPL260807C00315000,1.31,1.33
1785959611.022,AAPL260807C00315000,1.32,1.34
1785959612.059,AAPL260807C00315000,1.32,1.34
1785959613.527,AAPL260807C00315000,1.31,1.33
1785959614.171,AAPL260807C00315000,1.3,1.32
1785959615.173,AAPL260807C00315000,1.3,1.32
1785959616.715,AAPL260807C00315000,1.3,1.32
1785959617.084,AAPL260807C00315000,1.3,1.32
1785959618.194,AAPL260807C00315000,1.3,1.32
1785959619.021,AAPL260807C00315000,1.3,1.32
1785959620.027,AAPL260807C00315000,1.3,1.32
1785959621.133,AAPL260807C00315000,1.3,1.32
1785959622.236,AAPL260807C00315000,1.3,1.32
1785959623.002,AAPL260807C00315000,1.3,1.32
1785959624.170,AAPL260807C00315000,1.3,1.31
1785959625.128,AAPL260807C00315000,1.3,1.32
1785959626.174,AAPL260807C00315000,1.29,1.32
1785959627.040,AAPL260807C00315000,1.29,1.32
1785959628.499,AAPL260807C00315000,1.3,1.32
1785959629.169,AAPL260807C00315000,1.3,1.32
1785959630.054,AAPL260807C00315000,1.29,1.32
1785959631.070,AAPL260807C00315000,1.3,1.34
1785959632.389,AAPL260807C00315000,1.3,1.34
1785959633.167,AAPL260807C00315000,1.3,1.34
1785959634.009,AAPL260807C00315000,1.3,1.34
1785959635.030,AAPL260807C00315000,1.3,1.34
1785959636.180,AAPL260807C00315000,1.3,1.34
1785959637.038,AAPL260807C00315000,1.32,1.34
1785959638.110,AAPL260807C00315000,1.32,1.34
1785959639.488,AAPL260807C00315000,1.32,1.34
1785959640.021,AAPL260807C00315000,1.31,1.34
1785959641.170,AAPL260807C00315000,1.3,1.34
1785959642.025,AAPL260807C00315000,1.3,1.34
1785959643.097,AAPL260807C00315000,1.29,1.34
1785959644.436,AAPL260807C00315000,1.29,1.34
1785959645.212,AAPL260807C00315000,1.29,1.34
1785959646.077,AAPL260807C00315000,1.29,1.34
1785959647.107,AAPL260807C00315000,1.29,1.32
1785959648.072,AAPL260807C00315000,1.29,1.31
1785959649.475,AAPL260807C00315000,1.31,1.33
1785959650.011,AAPL260807C00315000,1.3,1.33
1785959651.019,AAPL260807C00315000,1.31,1.35
1785959652.043,AAPL260807C00315000,1.31,1.35
1785959653.147,AAPL260807C00315000,1.33,1.35
1785959654.222,AAPL260807C00315000,1.33,1.37
1785959655.050,AAPL260807C00315000,1.33,1.37
1785959656.004,AAPL260807C00315000,1.33,1.37
1785959657.087,AAPL260807C00315000,1.33,1.37
1785959658.080,AAPL260807C00315000,1.34,1.37
1785959659.225,AAPL260807C00315000,1.34,1.37
1785959660.008,AAPL260807C00315000,1.34,1.37
1785959661.202,AAPL260807C00315000,1.36,1.37
1785959662.005,AAPL260807C00315000,1.38,1.4
1785959663.668,AAPL260807C00315000,1.37,1.4
1785959664.073,AAPL260807C00315000,1.37,1.4
1785959665.158,AAPL260807C00315000,1.37,1.4
1785959666.056,AAPL260807C00315000,1.37,1.4
1785959667.030,AAPL260807C00315000,1.37,1.4
1785959668.076,AAPL260807C00315000,1.37,1.4
1785959669.182,AAPL260807C00315000,1.37,1.4
1785959670.049,AAPL260807C00315000,1.37,1.4
1785959671.028,AAPL260807C00315000,1.39,1.42
1785959672.045,AAPL260807C00315000,1.39,1.42
1785959673.010,AAPL260807C00315000,1.38,1.42
1785959674.018,AAPL260807C00315000,1.38,1.42
1785959675.167,AAPL260807C00315000,1.38,1.42
1785959676.060,AAPL260807C00315000,1.38,1.42
1785959677.099,AAPL260807C00315000,1.4,1.42
1785959678.165,AAPL260807C00315000,1.4,1.42
1785959679.010,AAPL260807C00315000,1.4,1.42
1785959680.038,AAPL260807C00315000,1.4,1.42
1785959681.035,AAPL260807C00315000,1.33,1.37
1785959682.027,AAPL260807C00315000,1.34,1.37
1785959683.125,AAPL260807C00315000,1.34,1.39
1785959684.192,AAPL260807C00315000,1.34,1.39
1785959685.070,AAPL260807C00315000,1.34,1.39
1785959686.032,AAPL260807C00315000,1.34,1.39
1785959687.013,AAPL260807C00315000,1.34,1.39
1785959688.002,AAPL260807C00315000,1.34,1.39
1785959689.051,AAPL260807C00315000,1.34,1.39
1785959690.023,AAPL260807C00315000,1.34,1.38
1785959691.030,AAPL260807C00315000,1.39,1.4
1785959692.448,AAPL260807C00315000,1.39,1.4
1785959694.296,AAPL260807C00315000,1.39,1.4
1785959695.049,AAPL260807C00315000,1.39,1.42
1785959696.014,AAPL260807C00315000,1.39,1.42
1785959697.036,AAPL260807C00315000,1.39,1.42
1785959698.062,AAPL260807C00315000,1.4,1.42
1785959699.048,AAPL260807C00315000,1.41,1.45
1785959700.081,AAPL260807C00315000,1.4,1.45
1785959701.049,AAPL260807C00315000,1.4,1.57
1785959702.093,AAPL260807C00315000,1.45,1.57
1785959703.016,AAPL260807C00315000,1.53,1.56
1785959704.002,AAPL260807C00315000,1.5,1.6
1785959705.115,AAPL260807C00315000,1.5,1.6
1785959706.128,AAPL260807C00315000,1.5,1.6
1785959707.049,AAPL260807C00315000,1.51,1.6
1785959708.066,AAPL260807C00315000,1.51,1.6
1785959709.256,AAPL260807C00315000,1.51,1.6
1785959710.013,AAPL260807C00315000,1.51,1.58
1785959711.054,AAPL260807C00315000,1.51,1.58
1785959712.008,AAPL260807C00315000,1.51,1.6
1785959713.040,AAPL260807C00315000,1.51,1.6
1785959714.038,AAPL260807C00315000,1.56,1.6
1785959715.005,AAPL260807C00315000,1.56,1.59
1785959716.064,AAPL260807C00315000,1.56,1.59
1785959717.004,AAPL260807C00315000,1.55,1.59
1785959718.074,AAPL260807C00315000,1.56,1.59
1785959719.061,AAPL260807C00315000,1.56,1.57
1785959720.038,AAPL260807C00315000,1.56,1.59
1785959721.092,AAPL260807C00315000,1.56,1.59
1785959722.004,AAPL260807C00315000,1.56,1.59
1785959723.008,AAPL260807C00315000,1.58,1.6
1785959724.211,AAPL260807C00315000,1.58,1.6
1785959725.020,AAPL260807C00315000,1.59,1.62
1785959726.064,AAPL260807C00315000,1.59,1.62
1785959727.108,AAPL260807C00315000,1.59,1.62
1785959728.066,AAPL260807C00315000,1.59,1.62
1785959729.015,AAPL260807C00315000,1.59,1.64
1785959730.040,AAPL260807C00315000,1.62,1.64
1785959731.352,AAPL260807C00315000,1.62,1.63
1785959732.068,AAPL260807C00315000,1.62,1.64
1785959733.121,AAPL260807C00315000,1.62,1.64
1785959734.067,AAPL260807C00315000,1.63,1.64
1785959735.170,AAPL260807C00315000,1.63,1.64
1785959736.064,AAPL260807C00315000,1.61,1.64
1785959737.038,AAPL260807C00315000,1.61,1.64
1785959738.551,AAPL260807C00315000,1.61,1.64
1785959739.810,AAPL260807C00315000,1.63,1.64
1785959740.100,AAPL260807C00315000,1.63,1.64
1785959741.004,AAPL260807C00315000,1.61,1.64
1785959742.120,AAPL260807C00315000,1.61,1.64
1785959743.440,AAPL260807C00315000,1.61,1.63
1785959744.073,AAPL260807C00315000,1.61,1.63
1785959745.005,AAPL260807C00315000,1.62,1.64
1785959746.007,AAPL260807C00315000,1.62,1.65
1785959747.025,AAPL260807C00315000,1.61,1.64
1785959748.019,AAPL260807C00315000,1.6,1.63
1785959749.029,AAPL260807C00315000,1.58,1.61
1785959750.026,AAPL260807C00315000,1.58,1.61
1785959751.073,AAPL260807C00315000,1.59,1.61
1785959752.419,AAPL260807C00315000,1.58,1.6
1785959753.008,AAPL260807C00315000,1.58,1.6
1785959754.035,AAPL260807C00315000,1.56,1.6
1785959755.083,AAPL260807C00315000,1.56,1.6
1785959756.047,AAPL260807C00315000,1.55,1.59
1785959757.006,AAPL260807C00315000,1.55,1.59
1785959758.091,AAPL260807C00315000,1.56,1.58
1785959759.128,AAPL260807C00315000,1.55,1.58
1785959760.022,AAPL260807C00315000,1.52,1.55
1785959761.020,AAPL260807C00315000,1.55,1.58
1785959762.170,AAPL260807C00315000,1.54,1.56
1785959763.110,AAPL260807C00315000,1.53,1.55
1785959764.010,AAPL260807C00315000,1.52,1.55
1785959765.047,AAPL260807C00315000,1.52,1.55
1785959766.018,AAPL260807C00315000,1.52,1.55
1785959767.024,AAPL260807C00315000,1.5,1.55
1785959768.014,AAPL260807C00315000,1.47,1.54
1785959769.103,AAPL260807C00315000,1.48,1.51
1785959770.111,AAPL260807C00315000,1.48,1.5
1785959771.007,AAPL260807C00315000,1.45,1.48
1785959772.007,AAPL260807C00315000,1.45,1.48
1785959773.184,AAPL260807C00315000,1.46,1.48
1785959774.036,AAPL260807C00315000,1.46,1.48
1785959775.119,AAPL260807C00315000,1.45,1.48
1785959776.035,AAPL260807C00315000,1.46,1.5
1785959777.524,AAPL260807C00315000,1.46,1.48
1785959778.013,AAPL260807C00315000,1.46,1.48
1785959779.011,AAPL260807C00315000,1.45,1.48
1785959780.017,AAPL260807C00315000,1.41,1.48
1785959781.072,AAPL260807C00315000,1.41,1.48
1785959782.166,AAPL260807C00315000,1.41,1.45
1785959783.002,AAPL260807C00315000,1.41,1.45
1785959784.043,AAPL260807C00315000,1.41,1.44
1785959785.116,AAPL260807C00315000,1.41,1.45
1785959786.083,AAPL260807C00315000,1.41,1.45
1785959787.156,AAPL260807C00315000,1.41,1.43
1785959788.043,AAPL260807C00315000,1.41,1.45
1785959789.040,AAPL260807C00315000,1.36,1.45
1785959790.014,AAPL260807C00315000,1.36,1.4
1785959791.048,AAPL260807C00315000,1.36,1.41
1785959792.005,AAPL260807C00315000,1.36,1.42
1785959793.120,AAPL260807C00315000,1.38,1.43
1785959794.013,AAPL260807C00315000,1.38,1.45
1785959795.094,AAPL260807C00315000,1.42,1.45
1785959796.007,AAPL260807C00315000,1.42,1.45
1785959797.011,AAPL260807C00315000,1.42,1.45
1785959798.060,AAPL260807C00315000,1.42,1.45
1785959799.003,AAPL260807C00315000,1.41,1.44
1785959800.112,AAPL260807C00315000,1.41,1.44
1785959801.074,AAPL260807C00315000,1.41,1.44
1785959802.153,AAPL260807C00315000,1.41,1.43
1785959803.258,AAPL260807C00315000,1.4,1.43
1785959804.223,AAPL260807C00315000,1.4,1.41
1785959805.020,AAPL260807C00315000,1.38,1.41
1785959806.036,AAPL260807C00315000,1.37,1.41
1785959807.012,AAPL260807C00315000,1.37,1.4
1785959808.007,AAPL260807C00315000,1.37,1.41
1785959809.047,AAPL260807C00315000,1.37,1.4
1785959810.015,AAPL260807C00315000,1.38,1.41
1785959811.013,AAPL260807C00315000,1.38,1.41
1785959812.007,AAPL260807C00315000,1.38,1.41
1785959813.061,AAPL260807C00315000,1.38,1.41
1785959814.043,AAPL260807C00315000,1.38,1.41
1785959815.093,AAPL260807C00315000,1.38,1.41
1785959816.175,AAPL260807C00315000,1.38,1.41
1785959817.045,AAPL260807C00315000,1.38,1.41
1785959818.031,AAPL260807C00315000,1.37,1.41
1785959819.016,AAPL260807C00315000,1.37,1.4
1785959820.008,AAPL260807C00315000,1.37,1.4
1785959821.106,AAPL260807C00315000,1.37,1.4
1785959822.029,AAPL260807C00315000,1.37,1.4
1785959823.083,AAPL260807C00315000,1.37,1.4
1785959824.073,AAPL260807C00315000,1.37,1.4
1785959825.032,AAPL260807C00315000,1.38,1.41
1785959826.017,AAPL260807C00315000,1.37,1.41
1785959827.041,AAPL260807C00315000,1.37,1.41
1785959828.005,AAPL260807C00315000,1.37,1.4
1785959829.004,AAPL260807C00315000,1.37,1.4
1785959830.041,AAPL260807C00315000,1.37,1.39
1785959831.013,AAPL260807C00315000,1.37,1.39
1785959832.002,AAPL260807C00315000,1.37,1.41
1785959833.009,AAPL260807C00315000,1.38,1.4
1785959834.017,AAPL260807C00315000,1.39,1.42
1785959835.113,AAPL260807C00315000,1.38,1.4
1785959836.168,AAPL260807C00315000,1.38,1.4
1785959837.010,AAPL260807C00315000,1.38,1.41
1785959838.206,AAPL260807C00315000,1.38,1.42
1785959839.142,AAPL260807C00315000,1.38,1.42
1785959840.013,AAPL260807C00315000,1.38,1.42
1785959841.054,AAPL260807C00315000,1.4,1.42
1785959842.188,AAPL260807C00315000,1.38,1.41
1785959843.012,AAPL260807C00315000,1.4,1.42
1785959844.084,AAPL260807C00315000,1.4,1.42
1785959845.069,AAPL260807C00315000,1.42,1.44
1785959846.014,AAPL260807C00315000,1.42,1.44
1785959847.044,AAPL260807C00315000,1.42,1.44
1785959848.008,AAPL260807C00315000,1.4,1.43
1785959849.003,AAPL260807C00315000,1.4,1.44
1785959850.041,AAPL260807C00315000,1.4,1.44
1785959851.166,AAPL260807C00315000,1.4,1.44
1785959852.012,AAPL260807C00315000,1.42,1.44
1785959853.010,AAPL260807C00315000,1.39,1.42
1785959854.076,AAPL260807C00315000,1.39,1.42
1785959855.020,AAPL260807C00315000,1.39,1.42
1785959856.129,AAPL260807C00315000,1.39,1.41
1785959857.153,AAPL260807C00315000,1.39,1.4
1785959858.008,AAPL260807C00315000,1.39,1.4
1785959859.587,AAPL260807C00315000,1.39,1.4
1785959860.002,AAPL260807C00315000,1.4,1.42
1785959861.250,AAPL260807C00315000,1.4,1.43
1785959862.057,AAPL260807C00315000,1.42,1.43
1785959863.001,AAPL260807C00315000,1.4,1.42
1785959864.035,AAPL260807C00315000,1.42,1.43
1785959865.111,AAPL260807C00315000,1.42,1.43
1785959866.118,AAPL260807C00315000,1.42,1.44
1785959867.015,AAPL260807C00315000,1.43,1.46
1785959868.009,AAPL260807C00315000,1.43,1.46
1785959869.111,AAPL260807C00315000,1.43,1.46
1785959870.008,AAPL260807C00315000,1.43,1.46
1785959871.104,AAPL260807C00315000,1.43,1.46
1785959872.103,AAPL260807C00315000,1.43,1.45
1785959873.103,AAPL260807C00315000,1.43,1.46
1785959874.047,AAPL260807C00315000,1.45,1.5
1785959875.012,AAPL260807C00315000,1.45,1.5
1785959876.031,AAPL260807C00315000,1.47,1.52
1785959877.036,AAPL260807C00315000,1.47,1.53
1785959878.013,AAPL260807C00315000,1.5,1.54
1785959879.052,AAPL260807C00315000,1.52,1.54
1785959880.008,AAPL260807C00315000,1.52,1.58
1785959881.067,AAPL260807C00315000,1.52,1.58
1785959882.008,AAPL260807C00315000,1.51,1.53
1785959883.002,AAPL260807C00315000,1.51,1.53
1785959884.000,AAPL260807C00315000,1.5,1.51
1785959885.043,AAPL260807C00315000,1.5,1.52
1785959886.027,AAPL260807C00315000,1.5,1.53
1785959887.002,AAPL260807C00315000,1.5,1.54
1785959888.031,AAPL260807C00315000,1.5,1.54
1785959889.002,AAPL260807C00315000,1.51,1.53
1785959890.023,AAPL260807C00315000,1.51,1.54
1785959891.014,AAPL260807C00315000,1.5,1.54
1785959892.021,AAPL260807C00315000,1.5,1.54
1785959893.068,AAPL260807C00315000,1.5,1.54
1785959894.032,AAPL260807C00315000,1.52,1.54
1785959895.015,AAPL260807C00315000,1.51,1.55
1785959896.027,AAPL260807C00315000,1.54,1.55
1785959897.011,AAPL260807C00315000,1.52,1.54
1785959898.017,AAPL260807C00315000,1.52,1.54
1785959899.002,AAPL260807C00315000,1.52,1.55
1785959900.088,AAPL260807C00315000,1.52,1.55
1785959901.001,AAPL260807C00315000,1.52,1.55
1785959902.006,AAPL260807C00315000,1.52,1.55
1785959903.035,AAPL260807C00315000,1.52,1.54
1785959904.008,AAPL260807C00315000,1.53,1.54
1785959905.049,AAPL260807C00315000,1.52,1.54
1785959906.013,AAPL260807C00315000,1.52,1.54
1785959907.962,AAPL260807C00315000,1.52,1.54
1785959908.045,AAPL260807C00315000,1.52,1.54
1785959909.029,AAPL260807C00315000,1.52,1.54
1785959910.374,AAPL260807C00315000,1.52,1.53
1785959911.019,AAPL260807C00315000,1.53,1.54
1785959912.050,AAPL260807C00315000,1.52,1.55
1785959913.213,AAPL260807C00315000,1.53,1.55
1785959914.014,AAPL260807C00315000,1.55,1.56
1785959915.059,AAPL260807C00315000,1.54,1.56
1785959916.163,AAPL260807C00315000,1.54,1.56
1785959917.072,AAPL260807C00315000,1.54,1.56
1785959918.069,AAPL260807C00315000,1.54,1.56
1785959919.226,AAPL260807C00315000,1.54,1.56
1785959920.002,AAPL260807C00315000,1.54,1.56
1785959921.138,AAPL260807C00315000,1.55,1.56
1785959922.032,AAPL260807C00315000,1.55,1.58
1785959923.006,AAPL260807C00315000,1.55,1.58
1785959924.005,AAPL260807C00315000,1.55,1.58
1785959925.006,AAPL260807C00315000,1.55,1.58
1785959926.164,AAPL260807C00315000,1.55,1.58
1785959927.048,AAPL260807C00315000,1.55,1.58
1785959928.157,AAPL260807C00315000,1.56,1.58
1785959929.322,AAPL260807C00315000,1.56,1.58
1785959930.186,AAPL260807C00315000,1.56,1.58
1785959931.452,AAPL260807C00315000,1.56,1.59
1785959932.074,AAPL260807C00315000,1.57,1.6
1785959933.172,AAPL260807C00315000,1.57,1.6
1785959934.176,AAPL260807C00315000,1.59,1.6
1785959935.114,AAPL260807C00315000,1.57,1.59
1785959936.060,AAPL260807C00315000,1.57,1.59
1785959937.140,AAPL260807C00315000,1.57,1.59
1785959938.006,AAPL260807C00315000,1.56,1.6
1785959939.008,AAPL260807C00315000,1.56,1.6
1785959940.008,AAPL260807C00315000,1.57,1.6
1785959941.155,AAPL260807C00315000,1.56,1.6
1785959942.083,AAPL260807C00315000,1.56,1.6
1785959943.084,AAPL260807C00315000,1.55,1.56
1785959944.005,AAPL260807C00315000,1.53,1.58
1785959945.075,AAPL260807C00315000,1.53,1.58
1785959946.054,AAPL260807C00315000,1.53,1.56
1785959947.004,AAPL260807C00315000,1.52,1.53
1785959948.032,AAPL260807C00315000,1.52,1.55
1785959949.035,AAPL260807C00315000,1.52,1.54
1785959950.014,AAPL260807C00315000,1.5,1.52
1785959951.020,AAPL260807C00315000,1.5,1.53
1785959952.104,AAPL260807C00315000,1.5,1.52
1785959953.016,AAPL260807C00315000,1.5,1.52
1785959954.212,AAPL260807C00315000,1.5,1.52
1785959955.040,AAPL260807C00315000,1.5,1.52
1785959956.056,AAPL260807C00315000,1.51,1.54
1785959957.138,AAPL260807C00315000,1.53,1.54
1785959958.016,AAPL260807C00315000,1.51,1.54
1785959959.104,AAPL260807C00315000,1.53,1.54
1785959960.047,AAPL260807C00315000,1.53,1.54
1785959961.131,AAPL260807C00315000,1.53,1.54
1785959962.106,AAPL260807C00315000,1.53,1.54
1785959963.002,AAPL260807C00315000,1.53,1.54
1785959964.025,AAPL260807C00315000,1.54,1.56
1785959965.023,AAPL260807C00315000,1.53,1.55
1785959966.036,AAPL260807C00315000,1.53,1.55
1785959967.069,AAPL260807C00315000,1.51,1.53
1785959968.120,AAPL260807C00315000,1.51,1.54
1785959969.074,AAPL260807C00315000,1.51,1.54
1785959970.031,AAPL260807C00315000,1.51,1.54
1785959971.005,AAPL260807C00315000,1.51,1.53
1785959972.370,AAPL260807C00315000,1.51,1.53
1785959973.009,AAPL260807C00315000,1.5,1.53
1785959974.087,AAPL260807C00315000,1.5,1.52
1785959975.089,AAPL260807C00315000,1.5,1.52
1785959976.470,AAPL260807C00315000,1.5,1.51
1785959977.013,AAPL260807C00315000,1.5,1.51
1785959978.269,AAPL260807C00315000,1.52,1.53
1785959979.059,AAPL260807C00315000,1.51,1.53
1785959980.017,AAPL260807C00315000,1.51,1.53
1785959981.025,AAPL260807C00315000,1.48,1.52
1785959982.021,AAPL260807C00315000,1.48,1.52
1785959983.045,AAPL260807C00315000,1.48,1.5
1785959984.013,AAPL260807C00315000,1.46,1.5
1785959985.000,AAPL260807C00315000,1.45,1.5
1785959986.021,AAPL260807C00315000,1.45,1.48
1785959987.004,AAPL260807C00315000,1.45,1.48
1785959988.023,AAPL260807C00315000,1.44,1.45
1785959989.023,AAPL260807C00315000,1.44,1.46
1785959990.019,AAPL260807C00315000,1.44,1.45
1785959991.004,AAPL260807C00315000,1.42,1.44
1785959992.016,AAPL260807C00315000,1.41,1.43
1785959993.004,AAPL260807C00315000,1.38,1.42
1785959994.005,AAPL260807C00315000,1.37,1.42
1785959995.001,AAPL260807C00315000,1.36,1.41
1785959996.044,AAPL260807C00315000,1.36,1.41
1785959997.003,AAPL260807C00315000,1.39,1.41
1785959998.004,AAPL260807C00315000,1.39,1.43
1785959999.005,AAPL260807C00315000,1.41,1.44
1785960000.035,AAPL260807C00315000,1.41,1.45
