ts,o,h,l,c
1787319000,312.0200,312.0200,311.0300,311.4200
1787319001,311.4200,312.1500,311.0200,311.1300
1787319002,311.2200,311.5900,311.1500,311.4400
1787319003,311.4400,311.5400,311.3300,311.4800
1787319004,311.4500,311.7300,311.3400,311.6200
1787319005,311.6100,311.9100,311.6100,311.9100
1787319006,311.8800,311.8800,311.3400,311.3400
1787319007,311.3400,311.5000,311.1100,311.4300
1787319008,311.4000,311.5800,311.3500,311.5000
1787319009,311.6100,311.6100,311.6100,311.6100
1787319010,311.4900,311.6200,311.4900,311.6000
1787319011,311.6500,311.7900,311.6300,311.7900
1787319012,311.7600,312.0000,311.7600,311.9500
1787319013,311.9100,312.0400,311.8800,312.0400
1787319014,312.0400,312.0500,311.9200,311.9200
1787319015,311.8900,311.9100,311.8300,311.9100
1787319016,311.9600,312.1700,311.9500,312.0900
1787319017,312.1000,312.3700,312.0600,312.2700
1787319018,312.2200,312.2700,312.2200,312.2700
1787319019,312.2800,312.3800,311.9400,312.1600
1787319020,312.0500,312.0700,312.0000,312.0000
1787319022,312.0200,312.0200,311.7500,311.8300
1787319023,311.8300,311.8300,311.7600,311.8100
1787319024,311.7900,311.8100,311.7900,311.8100
1787319025,311.8850,311.8850,311.8850,311.8850
1787319026,311.9000,312.1000,311.9000,312.1000
1787319027,311.9800,311.9800,311.9800,311.9800
1787319028,311.9400,311.9400,311.9100,311.9100
1787319029,312.0600,312.2500,312.0600,312.1300
1787319030,312.0800,312.0800,312.0200,312.0800
1787319031,312.0800,312.2100,312.0800,312.1100
1787319032,312.0800,312.0800,312.0100,312.0100
1787319033,311.9300,311.9300,311.8300,311.8300
1787319034,311.8700,311.8700,311.8700,311.8700
1787319035,311.8700,311.9700,311.8200,311.9000
1787319036,311.8600,311.8600,311.8600,311.8600
1787319037,311.8900,311.9200,311.8600,311.8600
1787319039,311.9900,312.0400,311.9800,311.9800
1787319040,311.9100,311.9100,311.9000,311.9000
1787319041,312.0500,312.0500,312.0300,312.0300
1787319042,312.0100,312.0100,311.9300,311.9600
1787319044,312.0700,312.0900,311.9400,311.9400
1787319045,311.9100,311.9100,311.8000,311.8000
1787319046,311.8100,311.8200,311.7700,311.7700
1787319048,311.7900,311.7900,311.6600,311.6600
1787319049,311.6000,311.6000,311.4800,311.4800
1787319050,311.4300,311.4300,311.3000,311.3000
1787319053,311.3400,311.3400,311.3400,311.3400
1787319054,311.3400,311.3600,311.2000,311.2000
1787319055,311.1900,311.4500,311.1500,311.3600
1787319056,311.3700,311.4600,311.3700,311.4600
1787319057,311.4200,311.4200,311.3700,311.3800
1787319059,311.3650,311.3650,311.3650,311.3650
1787319060,311.3600,311.6800,311.3600,311.5200
1787319061,311.5400,311.5800,311.4900,311.5700
1787319062,311.5800,311.7100,311.5500,311.6900
1787319063,311.7700,312.0100,311.7700,312.0100
1787319064,312.0650,312.0650,312.0650,312.0650
1787319065,311.9800,311.9800,311.9400,311.9400
1787319066,311.8800,311.9200,311.3000,311.3300
1787319067,311.2300,311.3900,311.2300,311.3900
1787319069,311.3700,311.4000,311.3700,311.4000
1787319070,311.4000,311.4500,311.4000,311.4500
1787319071,311.2900,311.2900,311.2900,311.2900
1787319072,311.2600,311.2600,311.1600,311.2300
1787319073,311.2900,311.2900,311.2100,311.2200
1787319074,311.1500,311.1500,311.1300,311.1300
1787319075,311.1100,311.1100,310.9500,310.9700
1787319077,310.9300,310.9300,310.8200,310.8400
1787319078,310.9100,311.0000,310.9100,311.0000
1787319079,311.0000,311.0000,310.9400,310.9400
1787319080,310.9400,310.9400,310.9400,310.9400
1787319081,310.8800,310.8800,310.8400,310.8400
1787319082,310.9000,310.9000,310.7200,310.7500
1787319083,310.7000,310.7700,310.6500,310.6900
1787319087,310.6900,310.6900,310.4500,310.6000
1787319088,310.6400,310.6600,310.6000,310.6600
1787319089,310.6500,310.6500,310.6000,310.6000
1787319091,310.5300,310.5400,310.4900,310.5000
1787319092,310.4500,310.4500,310.3800,310.3900
1787319093,310.4100,310.4200,310.4000,310.4200
1787319094,310.3700,310.3700,310.1300,310.1900
1787319095,310.2200,310.2500,310.2200,310.2300
1787319097,310.2400,310.2500,310.2400,310.2500
1787319098,310.2600,310.2900,310.2600,310.2900
1787319099,310.3000,310.3400,310.2500,310.2500
1787319100,310.1900,310.1900,309.8000,309.8000
1787319101,309.7900,309.8200,309.7500,309.8200
1787319102,309.8800,309.8900,309.8200,309.8300
1787319103,309.8000,309.8000,309.8000,309.8000
1787319104,309.8800,310.1700,309.8800,310.1100
1787319105,310.0300,310.0300,309.9400,309.9400
1787319106,309.9000,309.9000,309.8500,309.8800
1787319107,309.8900,309.9200,309.8900,309.9200
1787319108,309.9800,310.0000,309.9800,309.9800
1787319109,309.9000,309.9200,309.9000,309.9200
1787319110,309.9000,309.9000,309.9000,309.9000
1787319111,309.9100,309.9100,309.7600,309.7900
1787319112,309.8100,309.8100,309.6800,309.6800
1787319113,309.6600,309.6800,309.6000,309.6800
1787319114,309.7000,309.7000,309.5900,309.5900
1787319115,309.5700,309.5900,309.5000,309.5000
1787319116,309.5400,309.5600,309.5300,309.5300
1787319117,309.4900,309.4900,309.2900,309.3100
1787319118,309.3000,309.3300,309.2600,309.2600
1787319119,309.2700,309.3100,309.2000,309.2000
1787319120,309.1900,309.1900,309.1000,309.1300
1787319121,309.1600,309.2200,309.1600,309.2200
1787319122,309.2800,309.3000,309.2800,309.3000
1787319123,309.3100,309.3600,309.3100,309.3600
1787319124,309.3400,309.3400,309.2700,309.2700
1787319125,309.2800,309.3200,309.2500,309.2500
1787319126,309.2500,309.2600,309.2500,309.2600
1787319127,309.2300,309.3000,309.2250,309.3000
1787319128,309.3000,309.3000,309.2400,309.2400
1787319129,309.2600,309.3100,309.2200,309.3000
1787319130,309.2800,309.2800,309.2100,309.2800
1787319131,309.2450,309.2700,309.2300,309.2300
1787319132,309.2300,309.3300,309.1900,309.3100
1787319133,309.3000,309.3000,309.1300,309.1400
1787319134,309.1200,309.1300,309.0600,309.0600
1787319135,309.0500,309.0500,308.5800,308.8800
1787319136,308.9150,308.9150,308.7900,308.7900
1787319137,308.7900,308.8500,308.7900,308.8000
1787319138,308.8000,308.9000,308.8000,308.8900
1787319139,308.8600,309.1400,308.8200,309.0800
1787319140,309.0600,309.0600,308.9900,308.9900
1787319141,309.0200,309.2300,309.0200,309.2300
1787319142,309.2200,309.4100,309.2200,309.3900
1787319143,309.3900,309.4000,309.3500,309.3600
1787319144,309.3800,309.3800,309.2700,309.3200
1787319145,309.3600,309.4100,309.3100,309.3100
1787319146,309.2800,309.2800,309.2800,309.2800
1787319147,309.2200,309.2200,309.1700,309.1700
1787319148,309.1900,309.2300,309.1800,309.1900
1787319149,309.2100,309.3000,309.1700,309.2600
1787319150,309.2200,309.2200,309.2000,309.2100
1787319151,309.2300,309.2400,309.2100,309.2200
1787319152,309.2800,309.3800,309.2800,309.3700
1787319153,309.3500,309.3500,309.3500,309.3500
1787319155,309.3600,309.3600,309.3200,309.3400
1787319156,309.3600,309.3800,309.2900,309.2900
1787319157,309.3000,309.3200,309.3000,309.3000
1787319158,309.3400,309.4300,309.3400,309.3700
1787319159,309.3600,309.4100,309.3500,309.4100
1787319160,309.3600,309.4400,309.3300,309.4400
1787319161,309.4400,309.4400,309.3900,309.3900
1787319162,309.4000,309.4000,309.4000,309.4000
1787319163,309.4200,309.4500,309.4000,309.4000
1787319164,309.4900,309.5700,309.4900,309.5600
1787319165,309.6000,309.6900,309.6000,309.6600
1787319166,309.7200,309.7200,309.7200,309.7200
1787319168,309.7300,309.7300,309.6300,309.6300
1787319169,309.6500,309.6850,309.6500,309.6850
1787319170,309.6900,309.7000,309.5700,309.6400
1787319171,309.6000,309.6300,309.5900,309.6000
1787319172,309.6100,309.6400,309.6050,309.6200
1787319173,309.6200,309.6200,309.6000,309.6100
1787319174,309.6300,309.8100,309.6300,309.7800
1787319175,309.7900,309.7900,309.7900,309.7900
1787319176,309.7600,309.7600,309.7400,309.7400
1787319177,309.7200,309.7200,309.7000,309.7000
1787319178,309.6700,309.6700,309.6700,309.6700
1787319180,309.6300,309.6500,309.6000,309.6500
1787319181,309.6900,309.6900,309.6700,309.6700
1787319182,309.6400,309.6400,309.4900,309.4900
1787319183,309.5000,309.5000,309.3200,309.3600
1787319184,309.3800,309.3800,309.3800,309.3800
1787319185,309.4200,309.4700,309.4200,309.4700
1787319186,309.4100,309.4100,309.3700,309.3700
1787319187,309.3300,309.3700,309.3200,309.3500
1787319189,309.3800,309.4300,309.3700,309.4300
1787319190,309.4600,309.4600,309.3300,309.3600
1787319193,309.3400,309.3400,309.1400,309.1400
1787319194,309.1500,309.1500,309.1200,309.1200
1787319195,309.1400,309.1400,309.1100,309.1100
1787319196,309.1000,309.1000,309.0700,309.0700
1787319198,309.1600,309.1600,309.1200,309.1200
1787319199,309.1300,309.1900,309.1100,309.1100
1787319200,309.1000,309.1000,309.0200,309.0200
1787319201,309.0500,309.1100,309.0100,309.1100
1787319202,309.0900,309.0900,309.0900,309.0900
1787319203,309.0600,309.1700,309.0600,309.1700
1787319204,309.1000,309.1500,309.0900,309.1500
1787319205,309.1200,309.1700,309.1200,309.1700
1787319206,309.1900,309.2300,309.1900,309.2300
1787319209,309.2700,309.2700,309.2700,309.2700
1787319210,309.2650,309.3000,309.2100,309.3000
1787319211,309.2800,309.2800,309.2400,309.2400
1787319212,309.2000,309.2000,309.1400,309.1400
1787319213,309.1900,309.2200,309.1500,309.1500
1787319214,309.1800,309.2100,309.1700,309.1700
1787319215,309.2100,309.2100,309.1400,309.1400
1787319216,309.1800,309.2000,309.1500,309.2000
1787319217,309.1800,309.1800,309.1500,309.1700
1787319218,309.1600,309.1600,309.0000,309.0350
1787319219,309.0200,309.0200,308.7800,308.8100
1787319220,308.8200,308.8200,308.7700,308.7800
1787319221,308.7700,308.7700,308.7700,308.7700
1787319222,308.7700,308.7700,308.6900,308.7000
1787319223,308.6900,308.6900,308.6400,308.6700
1787319224,308.6800,308.7000,308.6800,308.7000
1787319225,308.6750,308.7500,308.6750,308.7400
1787319226,308.7200,308.7200,308.6100,308.6800
1787319227,308.7500,308.7500,308.7500,308.7500
1787319228,308.7900,308.8100,308.7900,308.8100
1787319229,308.7900,308.8300,308.7500,308.7900
1787319230,308.8000,308.8000,308.7400,308.7500
1787319231,308.7400,308.7400,308.7000,308.7000
1787319232,308.6700,308.7000,308.6700,308.7000
1787319233,308.7000,308.8100,308.7000,308.7900
1787319235,308.7800,308.7800,308.6200,308.6500
1787319236,308.6500,308.6500,308.5800,308.5800
1787319237,308.5800,308.6200,308.5800,308.6200
1787319238,308.6100,308.6100,308.6100,308.6100
1787319239,308.6000,308.6700,308.5850,308.6700
1787319240,308.6700,308.6700,308.3600,308.4200
1787319241,308.4000,308.4700,308.4000,308.4400
1787319242,308.4400,308.4400,308.4200,308.4200
1787319243,308.3900,308.4900,308.3900,308.4900
1787319244,308.4700,308.5000,308.4600,308.5000
1787319245,308.4800,308.5200,308.4800,308.5200
1787319247,308.5550,308.6000,308.5550,308.6000
1787319248,308.5900,308.6500,308.5700,308.6500
1787319249,308.6500,308.6500,308.6200,308.6200
1787319250,308.6700,308.7400,308.6700,308.7300
1787319251,308.7400,308.8800,308.7400,308.8800
1787319252,308.8900,308.8900,308.8900,308.8900
1787319253,308.8500,308.8500,308.8500,308.8500
1787319254,308.8500,308.8500,308.7800,308.7800
1787319255,308.7450,308.7800,308.7450,308.7800
1787319256,308.7550,308.7800,308.7550,308.7800
1787319257,308.7900,308.8000,308.7900,308.8000
1787319258,308.7900,308.7900,308.7900,308.7900
1787319259,308.7300,308.7300,308.6400,308.6600
1787319260,308.6700,308.6900,308.6600,308.6900
1787319261,308.7300,308.7300,308.6700,308.6800
1787319262,308.6600,308.6700,308.6400,308.6700
1787319263,308.6600,308.6600,308.6600,308.6600
1787319264,308.6200,308.6200,308.5500,308.6100
1787319265,308.5700,308.5700,308.4400,308.4400
1787319266,308.4100,308.4100,308.3700,308.3900
1787319267,308.3900,308.4000,308.3850,308.3850
1787319268,308.3800,308.3900,308.3600,308.3800
1787319269,308.3900,308.3900,308.3000,308.3000
1787319270,308.3050,308.3100,308.3050,308.3100
1787319271,308.3100,308.3500,308.2400,308.2400
1787319272,308.2500,308.2500,308.1700,308.2000
1787319273,308.2400,308.2800,308.2300,308.2500
1787319274,308.2700,308.3100,308.2400,308.3100
1787319275,308.2650,308.2650,308.1300,308.1300
1787319276,308.1300,308.1800,308.1300,308.1800
1787319277,308.1700,308.2000,308.0900,308.0900
1787319278,308.1100,308.2800,308.1100,308.2800
1787319279,308.3150,308.3200,308.3150,308.3200
1787319280,308.3100,308.3900,308.3100,308.3300
1787319281,308.3100,308.3100,308.2300,308.2300
1787319282,308.2400,308.2400,308.2400,308.2400
1787319283,308.2400,308.2400,308.2200,308.2300
1787319284,308.2500,308.2500,308.2500,308.2500
1787319285,308.2400,308.2400,308.2400,308.2400
1787319286,308.2100,308.2100,307.8800,307.9100
1787319287,307.9000,307.9200,307.6800,307.7400
1787319288,307.7550,307.8400,307.7500,307.8400
1787319289,307.8400,307.8500,307.7850,307.8300
1787319290,307.8700,307.9100,307.8700,307.8800
1787319291,307.9300,307.9800,307.9300,307.9800
1787319292,307.9800,308.0200,307.9400,308.0000
1787319293,308.0000,308.0400,308.0000,308.0400
1787319294,308.0600,308.0600,308.0100,308.0100
1787319295,308.0100,308.1000,308.0100,308.1000
1787319296,308.0900,308.1200,308.0800,308.0800
1787319297,308.0700,308.0700,308.0200,308.0400
1787319298,308.0000,308.1100,308.0000,308.0600
1787319299,308.0750,308.0750,308.0750,308.0750
1787319300,308.0900,308.2600,308.0900,308.1900
1787319301,308.2200,308.5000,308.2200,308.5000
1787319302,308.4800,308.4900,308.3700,308.3900
1787319303,308.3800,308.3800,308.2500,308.2900
1787319304,308.2400,308.2400,308.1900,308.2100
1787319305,308.2500,308.2500,308.2000,308.2000
1787319307,308.1900,308.1900,308.1900,308.1900
1787319308,308.2000,308.2300,308.2000,308.2300
1787319309,308.2000,308.2000,308.1700,308.1900
1787319310,308.2300,308.2500,308.2150,308.2150
1787319311,308.2000,308.2300,308.1500,308.1500
1787319313,308.2100,308.2100,308.2100,308.2100
1787319314,308.2700,308.2700,308.2700,308.2700
1787319315,308.2800,308.3200,308.2800,308.3000
1787319316,308.3100,308.3100,308.2800,308.2800
1787319317,308.2900,308.3200,308.2900,308.3200
1787319320,308.3200,308.3500,308.3100,308.3500
1787319321,308.3400,308.3400,308.3400,308.3400
1787319322,308.3600,308.4500,308.3600,308.4300
1787319323,308.4200,308.4400,308.4100,308.4400
1787319324,308.4100,308.4100,308.4100,308.4100
1787319325,308.3800,308.3800,308.3700,308.3700
1787319326,308.4200,308.6700,308.4200,308.5700
1787319328,308.5900,308.6400,308.5300,308.5300
1787319330,308.5600,308.6100,308.4900,308.4900
1787319331,308.5000,308.5500,308.5000,308.5150
1787319332,308.5200,308.5400,308.4900,308.5300
1787319333,308.5400,308.5700,308.4900,308.5700
1787319334,308.5500,308.5500,308.5000,308.5300
1787319335,308.5200,308.6000,308.5200,308.5800
1787319336,308.6000,308.6650,308.6000,308.6500
1787319337,308.6500,308.6500,308.5700,308.5950
1787319338,308.5700,308.5700,308.4800,308.5200
1787319339,308.5800,308.6600,308.5800,308.6600
1787319340,308.6900,308.7000,308.6700,308.6700
1787319341,308.6900,308.6900,308.6300,308.6300
1787319343,308.6500,308.6600,308.6500,308.6600
1787319344,308.7000,308.7100,308.7000,308.7100
1787319345,308.7100,308.7100,308.6700,308.6700
1787319347,308.6000,308.6800,308.5900,308.6800
1787319348,308.6300,308.6300,308.5000,308.5000
1787319349,308.4500,308.4500,308.4000,308.4200
1787319351,308.4100,308.4100,308.2100,308.2400
1787319352,308.2700,308.2800,308.2100,308.2100
1787319353,308.2600,308.2800,308.2600,308.2800
1787319354,308.2500,308.2900,308.2500,308.2900
1787319355,308.2900,308.2900,308.2900,308.2900
1787319356,308.2800,308.2800,308.2500,308.2500
1787319357,308.2400,308.2400,308.1400,308.2000
1787319358,308.1850,308.2600,308.1600,308.2600
1787319359,308.2900,308.2900,308.2900,308.2900
1787319360,308.3100,308.3200,308.2500,308.2900
1787319361,308.3200,308.3900,308.3200,308.3700
1787319362,308.3200,308.4300,308.3200,308.3900
1787319364,308.3700,308.3700,308.2900,308.2900
1787319365,308.3200,308.3200,308.3200,308.3200
1787319366,308.3500,308.4300,308.3500,308.4300
1787319367,308.4300,308.4300,308.4300,308.4300
1787319368,308.4200,308.4600,308.4100,308.4100
1787319370,308.4600,308.4600,308.4300,308.4500
1787319371,308.4500,308.5600,308.4500,308.5600
1787319372,308.5700,308.5800,308.5400,308.5800
1787319373,308.6000,308.6400,308.5200,308.5200
1787319374,308.5200,308.6100,308.5100,308.5400
1787319375,308.5300,308.5300,308.4100,308.4300
1787319376,308.4100,308.4400,308.4100,308.4200
1787319378,308.4200,308.4200,308.4200,308.4200
1787319379,308.4200,308.4200,308.3600,308.3600
1787319380,308.3400,308.3400,308.3200,308.3400
1787319381,308.3200,308.3200,308.3200,308.3200
1787319382,308.3600,308.3600,308.3600,308.3600
1787319383,308.3600,308.3600,308.2900,308.3200
1787319384,308.3300,308.3300,308.3300,308.3300
1787319386,308.3200,308.3200,308.3200,308.3200
1787319387,308.3300,308.3300,308.3300,308.3300
1787319388,308.3500,308.3500,308.3500,308.3500
1787319389,308.3500,308.3500,308.3500,308.3500
1787319390,308.3400,308.3800,308.3300,308.3800
1787319391,308.3500,308.3500,308.3200,308.3200
1787319392,308.3300,308.3300,308.3100,308.3100
1787319393,308.3100,308.3100,308.1000,308.1100
1787319394,308.1300,308.1400,308.1300,308.1400
1787319395,308.1900,308.1900,308.1900,308.1900
1787319397,308.1900,308.1900,308.1600,308.1600
1787319398,308.1400,308.1400,308.1400,308.1400
1787319400,308.1400,308.1900,308.1400,308.1600
1787319401,308.1000,308.1000,307.7700,307.8600
1787319402,307.8600,307.9300,307.8600,307.9300
1787319403,307.9200,307.9200,307.8600,307.8700
1787319404,307.8400,307.8400,307.8200,307.8200
1787319405,307.8400,307.9150,307.8400,307.9150
1787319406,307.8800,307.9100,307.8550,307.9100
1787319407,307.9000,307.9000,307.9000,307.9000
1787319408,307.8700,307.8700,307.8700,307.8700
1787319409,307.8300,307.8300,307.8000,307.8100
1787319410,307.7800,307.7900,307.7800,307.7900
1787319411,307.7900,307.9000,307.7900,307.8600
1787319412,307.8400,307.8600,307.8400,307.8600
1787319413,307.9200,308.0000,307.9200,308.0000
1787319414,308.0300,308.0300,308.0300,308.0300
1787319415,308.0400,308.0500,308.0000,308.0000
1787319416,307.9950,307.9950,307.9100,307.9100
1787319418,307.9100,307.9100,307.9100,307.9100
1787319419,307.8900,307.9300,307.8650,307.9300
1787319420,307.9400,307.9600,307.9200,307.9200
1787319422,307.9400,307.9700,307.9400,307.9400
1787319423,307.9350,307.9800,307.9350,307.9800
1787319424,308.0000,308.1100,308.0000,308.1000
1787319425,308.1000,308.1200,308.1000,308.1200
1787319426,308.1000,308.1000,308.0900,308.0900
1787319427,308.0900,308.1000,308.0900,308.0900
1787319428,308.0900,308.0900,308.0850,308.0850
1787319429,308.1000,308.2100,308.1000,308.2100
1787319430,308.1900,308.1900,308.1600,308.1600
1787319431,308.1400,308.1500,308.1000,308.1400
1787319433,308.1600,308.3200,308.1600,308.2600
1787319434,308.2400,308.2400,308.1600,308.1800
1787319435,308.1700,308.1800,308.1400,308.1800
1787319436,308.2400,308.2400,308.2400,308.2400
1787319437,308.2600,308.2600,308.2400,308.2400
1787319438,308.2700,308.2700,308.2700,308.2700
1787319439,308.2300,308.2300,308.1600,308.1900
1787319440,308.1800,308.1900,308.1800,308.1900
1787319441,308.1900,308.1900,308.0600,308.0600
1787319442,308.0600,308.1100,308.0600,308.1100
1787319443,308.1300,308.1350,308.1200,308.1350
1787319444,308.1350,308.2200,308.1350,308.2200
1787319445,308.2200,308.2200,308.1600,308.1800
1787319446,308.1800,308.1800,308.1800,308.1800
1787319447,308.1800,308.1800,308.1800,308.1800
1787319448,308.1800,308.1800,308.1600,308.1600
1787319449,308.1800,308.1800,308.1500,308.1500
1787319450,308.1700,308.1700,308.1700,308.1700
1787319451,308.1700,308.2100,308.1700,308.2100
1787319452,308.2050,308.2200,308.1700,308.1700
1787319453,308.1600,308.2000,308.1500,308.2000
1787319454,308.2100,308.2800,308.2100,308.2800
1787319455,308.2800,308.3300,308.2800,308.3300
1787319456,308.3500,308.4500,308.3500,308.4500
1787319457,308.4700,308.4800,308.4300,308.4500
1787319458,308.4600,308.4600,308.4600,308.4600
1787319459,308.4800,308.4800,308.4200,308.4200
1787319460,308.4500,308.4750,308.4500,308.4600
1787319461,308.4900,308.5400,308.4900,308.5400
1787319462,308.5300,308.5800,308.4800,308.5800
1787319463,308.6500,308.6500,308.6000,308.6000
1787319464,308.6100,308.6100,308.5800,308.5800
1787319465,308.5100,308.5100,308.4900,308.4900
1787319466,308.5000,308.5600,308.5000,308.5600
1787319467,308.5500,308.5600,308.5300,308.5300
1787319468,308.5350,308.5450,308.5350,308.5450
1787319469,308.5450,308.5450,308.5000,308.5000
1787319470,308.5300,308.5300,308.4800,308.4850
1787319471,308.5100,308.5800,308.5100,308.5800
1787319472,308.6000,308.6300,308.5800,308.6100
1787319473,308.5900,308.5900,308.5900,308.5900
1787319474,308.5800,308.6350,308.5800,308.6350
1787319475,308.6100,308.6300,308.5900,308.6300
1787319476,308.6400,308.7300,308.6400,308.7250
1787319477,308.7200,308.7350,308.7000,308.7000
1787319478,308.7200,308.7900,308.7200,308.7850
1787319479,308.7700,308.7900,308.7700,308.7900
1787319480,308.8300,308.8300,308.8200,308.8200
1787319481,308.8100,308.8100,308.7200,308.7200
1787319482,308.7700,308.7800,308.7700,308.7800
1787319483,308.7400,308.7400,308.6900,308.6900
1787319484,308.6700,308.7300,308.6700,308.7100
1787319485,308.6600,308.6900,308.6300,308.6500
1787319486,308.6750,308.6900,308.6700,308.6700
1787319487,308.6400,308.6400,308.6200,308.6200
1787319488,308.6600,308.6600,308.6600,308.6600
1787319489,308.6400,308.6400,308.5800,308.6000
1787319490,308.5900,308.5900,308.5900,308.5900
1787319491,308.5900,308.6600,308.5900,308.6600
1787319492,308.6700,308.7300,308.6700,308.7300
1787319493,308.7300,308.7400,308.6700,308.7150
1787319494,308.7000,308.7000,308.7000,308.7000
1787319495,308.7250,308.7250,308.7100,308.7100
1787319496,308.7300,308.7300,308.7300,308.7300
1787319497,308.7400,308.7500,308.7200,308.7500
1787319498,308.7500,308.7500,308.7200,308.7200
1787319499,308.7400,308.8500,308.7400,308.7900
1787319500,308.7900,308.7900,308.7900,308.7900
1787319502,308.8150,308.8200,308.7800,308.8100
1787319503,308.8100,308.8100,308.7800,308.7800
1787319504,308.7800,308.8000,308.7800,308.7900
1787319506,308.8000,308.8850,308.8000,308.8500
1787319507,308.8300,308.8450,308.7500,308.7600
1787319508,308.7700,308.7700,308.7700,308.7700
1787319509,308.7900,308.7900,308.7900,308.7900
1787319510,308.7800,308.7800,308.7000,308.7200
1787319512,308.7400,308.7400,308.7400,308.7400
1787319513,308.7450,308.7700,308.7200,308.7500
1787319514,308.7400,308.7400,308.7400,308.7400
1787319515,308.7500,308.8300,308.7500,308.8300
1787319516,308.8500,308.8500,308.8500,308.8500
1787319517,308.8300,308.8400,308.8300,308.8400
1787319518,308.8400,308.9000,308.8400,308.8400
1787319519,308.8500,308.8500,308.8500,308.8500
1787319520,308.8500,308.8500,308.8400,308.8400
1787319521,308.8500,308.8500,308.6000,308.6000
1787319522,308.5800,308.5800,308.4600,308.5100
1787319523,308.5400,308.5400,308.5100,308.5100
1787319524,308.5400,308.5400,308.5300,308.5300
1787319525,308.5300,308.5300,308.4900,308.4900
1787319526,308.4900,308.4900,308.4700,308.4700
1787319527,308.4600,308.4700,308.4600,308.4700
1787319528,308.4900,308.5000,308.4900,308.5000
1787319529,308.5200,308.5500,308.5100,308.5500
1787319530,308.5500,308.5500,308.5000,308.5000
1787319531,308.4800,308.4800,308.4800,308.4800
1787319532,308.4900,308.4900,308.4900,308.4900
1787319533,308.4800,308.5200,308.4800,308.4900
1787319534,308.4700,308.4700,308.4200,308.4200
1787319535,308.4300,308.4800,308.4300,308.4800
1787319536,308.4800,308.4800,308.4500,308.4500
1787319537,308.5100,308.5100,308.4500,308.4500
1787319538,308.4700,308.4700,308.4400,308.4500
1787319539,308.4600,308.4700,308.4600,308.4700
1787319540,308.4900,308.4900,308.4650,308.4650
1787319541,308.4500,308.4500,308.4300,308.4500
1787319542,308.4900,308.5300,308.4900,308.5300
1787319543,308.5500,308.5700,308.5100,308.5200
1787319545,308.5000,308.5200,308.5000,308.5200
1787319546,308.4600,308.4600,308.4200,308.4200
1787319547,308.4250,308.4250,308.4250,308.4250
1787319548,308.4000,308.4000,308.3700,308.3700
1787319549,308.3900,308.4000,308.3900,308.4000
1787319551,308.4300,308.4300,308.4300,308.4300
1787319552,308.4600,308.4600,308.4600,308.4600
1787319553,308.4700,308.5300,308.4700,308.5200
1787319554,308.4900,308.4900,308.4800,308.4900
1787319555,308.4950,308.4950,308.4950,308.4950
1787319556,308.5100,308.5200,308.5100,308.5200
1787319557,308.5300,308.5300,308.4900,308.5200
1787319558,308.5000,308.5000,308.4500,308.4600
1787319559,308.4600,308.4800,308.4600,308.4800
1787319560,308.5000,308.5600,308.5000,308.5600
1787319561,308.5900,308.6300,308.5800,308.6000
1787319562,308.5600,308.5600,308.5400,308.5400
1787319563,308.4900,308.5000,308.4900,308.4900
1787319565,308.4850,308.5000,308.4850,308.4900
1787319566,308.5100,308.5100,308.4950,308.4950
1787319567,308.5100,308.5200,308.5100,308.5200
1787319568,308.5400,308.5600,308.5400,308.5600
1787319569,308.5900,308.5900,308.5700,308.5700
1787319570,308.5600,308.5600,308.4600,308.4600
1787319571,308.4500,308.5000,308.4500,308.4900
1787319572,308.5050,308.5100,308.4900,308.5100
1787319573,308.5000,308.5200,308.5000,308.5200
1787319574,308.4800,308.5300,308.4800,308.5200
1787319575,308.5300,308.5300,308.5300,308.5300
1787319576,308.5200,308.5200,308.4900,308.4900
1787319577,308.5100,308.5300,308.5100,308.5200
1787319578,308.5000,308.5000,308.4900,308.4900
1787319579,308.5000,308.5000,308.5000,308.5000
1787319580,308.5000,308.5300,308.4900,308.5300
1787319581,308.5000,308.5000,308.4700,308.4700
1787319582,308.4900,308.5100,308.4900,308.5100
1787319583,308.5200,308.5200,308.4900,308.5100
1787319584,308.5200,308.5400,308.5200,308.5200
1787319586,308.5000,308.5050,308.3800,308.3800
1787319587,308.3800,308.3800,308.3800,308.3800
1787319588,308.4000,308.4100,308.3400,308.3400
1787319589,308.3300,308.3700,308.3300,308.3700
1787319590,308.3900,308.5500,308.3900,308.5000
1787319591,308.4800,308.4850,308.4200,308.4200
1787319592,308.4200,308.4200,308.4200,308.4200
1787319593,308.4100,308.4100,308.2100,308.2100
1787319594,308.2400,308.2500,308.2400,308.2500
1787319595,308.2500,308.2700,308.1350,308.1400
1787319596,308.1700,308.1800,308.1700,308.1700
1787319597,308.2100,308.2100,308.2100,308.2100
1787319598,308.1900,308.1900,308.1900,308.1900
1787319600,308.1600,308.1700,308.1500,308.1700
1787319601,308.1700,308.2100,308.1700,308.2100
1787319602,308.1900,308.2100,308.1700,308.1900
1787319603,308.1500,308.1600,308.1500,308.1600
1787319604,308.1800,308.1800,308.1800,308.1800
1787319605,308.1850,308.1850,308.1850,308.1850
1787319607,308.1800,308.1800,308.0900,308.0900
1787319608,308.1000,308.1300,308.1000,308.1300
1787319609,308.1000,308.1000,308.1000,308.1000
1787319610,308.1100,308.1100,308.1000,308.1100
1787319611,308.1050,308.1400,308.0900,308.1400
1787319613,308.1600,308.1600,308.1400,308.1500
1787319614,308.1400,308.1700,308.1400,308.1700
1787319615,308.1500,308.1900,308.1400,308.1900
1787319616,308.2000,308.2000,308.2000,308.2000
1787319617,308.1200,308.1200,308.0800,308.0900
1787319618,308.1000,308.1000,308.1000,308.1000
1787319619,308.0800,308.0800,308.0800,308.0800
1787319620,308.0600,308.0700,308.0600,308.0700
1787319621,308.0600,308.0700,308.0200,308.0700
1787319622,308.0800,308.0800,308.0600,308.0600
1787319623,308.0700,308.0900,308.0700,308.0900
1787319624,308.0700,308.1100,308.0700,308.0900
1787319625,308.1000,308.1600,308.0950,308.1600
1787319626,308.1600,308.1600,308.1600,308.1600
1787319627,308.1500,308.1500,308.1200,308.1200
1787319629,308.1300,308.1300,308.1300,308.1300
1787319630,308.1200,308.1600,308.1200,308.1600
1787319631,308.1300,308.2100,308.1200,308.2000
1787319633,308.1800,308.1800,308.1800,308.1800
1787319634,308.1900,308.1900,308.1900,308.1900
1787319635,308.2050,308.2050,308.1800,308.1800
1787319636,308.1700,308.2450,308.1700,308.2450
1787319637,308.2400,308.2700,308.2400,308.2700
1787319638,308.2800,308.3300,308.2300,308.2300
1787319639,308.2000,308.2100,308.1900,308.2000
1787319640,308.1600,308.1700,308.1600,308.1700
1787319641,308.1500,308.1500,308.1300,308.1300
1787319643,308.1900,308.2400,308.1900,308.1900
1787319645,308.1400,308.1400,308.1100,308.1100
1787319646,308.0800,308.0900,308.0800,308.0900
1787319647,308.0500,308.0700,307.9800,308.0700
1787319648,308.1000,308.1000,308.1000,308.1000
1787319650,308.0700,308.0700,308.0700,308.0700
1787319651,308.0600,308.0700,308.0600,308.0700
1787319652,308.1000,308.1200,308.1000,308.1100
1787319653,308.0850,308.0850,308.0300,308.0300
1787319654,308.0400,308.0400,308.0400,308.0400
1787319656,308.0000,308.0000,307.9300,307.9400
1787319657,307.9200,307.9200,307.8900,307.8900
1787319658,307.9050,307.9300,307.8200,307.8300
1787319659,307.8900,307.8900,307.8900,307.8900
1787319660,307.8800,307.8900,307.8800,307.8900
1787319661,307.8900,307.8900,307.8100,307.8350
1787319662,307.8500,307.8500,307.8400,307.8400
1787319663,307.8000,307.8800,307.7900,307.8800
1787319665,307.9000,307.9300,307.9000,307.9300
1787319666,307.9300,307.9600,307.9300,307.9600
1787319667,307.9750,307.9900,307.9750,307.9900
1787319668,307.9800,308.0000,307.9500,307.9500
1787319669,307.9300,307.9300,307.8850,307.9100
1787319670,307.9400,307.9400,307.9400,307.9400
1787319672,307.9400,307.9400,307.8300,307.8300
1787319674,307.8050,307.8100,307.7300,307.7300
1787319675,307.7600,307.7600,307.7600,307.7600
1787319676,307.7300,307.7300,307.7300,307.7300
1787319677,307.7300,307.7300,307.7100,307.7200
1787319678,307.7150,307.7150,307.6200,307.6200
1787319679,307.6400,307.6500,307.6100,307.6500
1787319680,307.6100,307.6100,307.5600,307.5600
1787319681,307.6000,307.6100,307.5900,307.6000
1787319682,307.6000,307.6000,307.5800,307.5800
1787319684,307.5800,307.5800,307.5800,307.5800
1787319685,307.5700,307.5800,307.5500,307.5500
1787319686,307.5700,307.5900,307.5700,307.5900
1787319687,307.5600,307.6000,307.5550,307.6000
1787319688,307.5800,307.6000,307.5800,307.6000
1787319689,307.5800,307.5800,307.5800,307.5800
1787319690,307.5900,307.6000,307.5900,307.6000
1787319691,307.5800,307.6100,307.5700,307.5800
1787319692,307.5800,307.5800,307.5600,307.5700
1787319693,307.5650,307.6800,307.4800,307.4800
1787319694,307.4850,307.4850,307.4850,307.4850
1787319695,307.4750,307.5100,307.4750,307.5100
1787319696,307.5000,307.5000,307.5000,307.5000
1787319697,307.4900,307.4900,307.4800,307.4900
1787319699,307.5000,307.5800,307.5000,307.5800
1787319700,307.5650,307.5900,307.5650,307.5900
1787319702,307.5900,307.6100,307.5650,307.5850
1787319703,307.5900,307.5900,307.5900,307.5900
1787319704,307.5900,307.5900,307.5800,307.5800
1787319705,307.5900,307.6000,307.5700,307.5700
1787319707,307.5800,307.5900,307.5800,307.5900
1787319708,307.5900,307.6100,307.5850,307.6100
1787319709,307.6100,307.6300,307.6100,307.6300
1787319710,307.6300,307.6300,307.6200,307.6200
1787319711,307.6100,307.6100,307.6100,307.6100
1787319712,307.6300,307.6600,307.6300,307.6600
1787319713,307.6700,307.7200,307.6700,307.7200
1787319714,307.7300,307.7500,307.7300,307.7500
1787319715,307.7700,307.7700,307.7700,307.7700
1787319716,307.7700,307.7700,307.7200,307.7200
1787319717,307.6900,307.6900,307.6900,307.6900
1787319718,307.6600,307.6600,307.5600,307.5600
1787319719,307.5800,307.5800,307.5800,307.5800
1787319721,307.5900,307.5900,307.5800,307.5800
1787319722,307.5600,307.6000,307.5500,307.6000
1787319724,307.6000,308.0300,307.6000,308.0300
1787319725,308.0400,308.0500,307.9900,308.0000
1787319726,307.9900,308.0000,307.9800,307.9800
1787319727,307.9900,307.9900,307.9900,307.9900
1787319728,308.0400,308.1200,308.0400,308.0600
1787319729,308.0950,308.1500,308.0900,308.0900
1787319730,308.0500,308.0500,308.0300,308.0300
1787319731,307.9800,307.9800,307.9400,307.9400
1787319732,307.9500,307.9500,307.9500,307.9500
1787319733,307.9700,307.9700,307.9400,307.9400
1787319734,307.9600,307.9700,307.9600,307.9700
1787319735,307.9900,307.9900,307.9900,307.9900
1787319736,307.9900,308.0000,307.9900,308.0000
1787319737,308.0400,308.0400,308.0300,308.0300
1787319738,308.0400,308.0700,307.9800,307.9900
1787319739,308.0000,308.0800,308.0000,308.0600
1787319740,308.0900,308.0900,308.0900,308.0900
1787319741,308.0800,308.0900,308.0700,308.0900
1787319743,308.0800,308.1000,308.0800,308.1000
1787319744,308.0900,308.1300,308.0900,308.1200
1787319745,308.1200,308.1700,308.1200,308.1700
1787319746,308.1600,308.2400,308.1600,308.2300
1787319747,308.2100,308.2100,308.1650,308.2100
1787319749,308.2300,308.2300,308.2300,308.2300
1787319750,308.2200,308.2300,308.2200,308.2300
1787319752,308.2100,308.2100,308.2000,308.2000
1787319753,308.2000,308.2000,308.2000,308.2000
1787319754,308.1500,308.1500,308.1200,308.1200
1787319755,308.1000,308.1000,308.0400,308.1000
1787319757,308.1800,308.1900,308.1800,308.1900
1787319758,308.1800,308.1800,308.1800,308.1800
1787319759,308.1800,308.1900,308.1800,308.1900
1787319760,308.1900,308.2000,308.1900,308.2000
1787319761,308.2200,308.2900,308.2200,308.2900
1787319762,308.3000,308.3000,308.3000,308.3000
1787319763,308.2900,308.2900,308.2900,308.2900
1787319764,308.3000,308.3500,308.2600,308.2600
1787319765,308.2800,308.2800,308.2800,308.2800
1787319766,308.2900,308.2900,308.2900,308.2900
1787319767,308.2900,308.2900,308.2900,308.2900
1787319768,308.3300,308.3300,308.3300,308.3300
1787319769,308.3000,308.3000,308.2900,308.2900
1787319770,308.2900,308.2900,308.2800,308.2800
1787319771,308.2700,308.2700,308.2400,308.2400
1787319772,308.2400,308.2400,308.2100,308.2400
1787319773,308.2200,308.2400,308.2100,308.2400
1787319775,308.2300,308.2300,308.2300,308.2300
1787319776,308.2300,308.2300,308.2100,308.2200
1787319777,308.2200,308.2200,308.2200,308.2200
1787319778,308.2100,308.2200,308.1900,308.2100
1787319780,308.2100,308.2100,308.2100,308.2100
1787319781,308.1800,308.1800,308.1000,308.1000
1787319782,308.0800,308.1200,308.0600,308.1200
1787319783,308.1350,308.1350,308.0850,308.0850
1787319784,308.1000,308.1100,308.0600,308.1100
1787319785,308.1000,308.1000,308.0900,308.0900
1787319786,308.0700,308.1400,308.0700,308.1400
1787319787,308.1500,308.2200,308.1500,308.2100
1787319788,308.2100,308.2800,308.2100,308.2700
1787319790,308.2500,308.2500,308.2500,308.2500
1787319791,308.2600,308.2800,308.2300,308.2600
1787319792,308.2600,308.2600,308.2500,308.2500
1787319794,308.2200,308.2200,308.1500,308.1500
1787319795,308.1500,308.1700,308.1400,308.1400
1787319796,308.1200,308.1200,308.1100,308.1100
1787319797,308.1250,308.1250,308.1100,308.1100
1787319798,308.1300,308.1300,308.1300,308.1300
1787319799,308.1200,308.1200,308.1200,308.1200
1787319800,308.1200,308.1200,308.1200,308.1200
1787319801,308.1300,308.1500,308.1300,308.1500
1787319802,308.1800,308.1800,308.1800,308.1800
1787319804,308.1500,308.1500,308.1500,308.1500
1787319806,308.1300,308.1300,308.1300,308.1300
1787319807,308.1300,308.1300,308.1300,308.1300
1787319808,308.1400,308.1400,308.1400,308.1400
1787319810,308.1200,308.1200,308.0500,308.0500
1787319811,308.0900,308.1100,308.0900,308.1100
1787319812,308.1300,308.1600,308.1300,308.1600
1787319813,308.1700,308.1800,308.1700,308.1800
1787319815,308.1800,308.3400,308.1800,308.3000
1787319816,308.2800,308.2800,308.2800,308.2800
1787319817,308.2800,308.2800,308.2300,308.2300
1787319818,308.2500,308.2600,308.2500,308.2600
1787319819,308.2400,308.2400,308.2200,308.2200
1787319820,308.2200,308.2500,308.2200,308.2500
1787319821,308.2700,308.2700,308.2650,308.2700
1787319824,308.3100,308.3200,308.3100,308.3100
1787319827,308.3150,308.3300,308.3150,308.3300
1787319828,308.3100,308.3100,308.3100,308.3100
1787319829,308.3000,308.3000,308.2400,308.2400
1787319830,308.2800,308.2800,308.2800,308.2800
1787319831,308.2800,308.2800,308.2800,308.2800
1787319832,308.2800,308.2800,308.2800,308.2800
1787319833,308.2800,308.2900,308.2800,308.2900
1787319834,308.3000,308.3100,308.3000,308.3100
1787319835,308.3100,308.3200,308.3100,308.3200
1787319836,308.3400,308.3700,308.3400,308.3700
1787319837,308.3500,308.3500,308.1000,308.1000
1787319839,308.1100,308.1100,308.0800,308.0800
1787319840,308.1000,308.1000,308.0900,308.1000
1787319841,308.1000,308.1000,308.0500,308.0800
1787319842,308.0700,308.0700,308.0700,308.0700
1787319843,308.0400,308.0500,308.0400,308.0500
1787319844,308.0500,308.0500,308.0500,308.0500
1787319845,308.0300,308.0300,308.0200,308.0200
1787319846,308.0100,308.0300,307.9800,308.0300
1787319847,308.0400,308.1400,308.0400,308.1200
1787319848,308.1200,308.1400,308.1200,308.1400
1787319849,308.0800,308.0800,308.0800,308.0800
1787319850,308.1100,308.1300,308.1100,308.1300
1787319851,308.0700,308.0700,308.0700,308.0700
1787319854,308.0800,308.0800,308.0800,308.0800
1787319855,308.0700,308.0800,308.0500,308.0500
1787319856,308.0400,308.0400,308.0400,308.0400
1787319857,308.0600,308.0600,307.9000,307.9000
1787319858,307.9800,308.0600,307.9800,308.0600
1787319861,308.0200,308.0700,308.0100,308.0700
1787319863,308.0600,308.0800,308.0600,308.0800
1787319864,308.0900,308.0900,308.0900,308.0900
1787319865,308.0800,308.0800,308.0800,308.0800
1787319866,308.0800,308.0900,308.0800,308.0900
1787319868,308.0900,308.1100,308.0900,308.1000
1787319869,308.0700,308.0700,308.0700,308.0700
1787319872,308.0600,308.0600,308.0600,308.0600
1787319873,308.0800,308.0800,308.0800,308.0800
1787319874,308.0900,308.0900,308.0900,308.0900
1787319876,308.0700,308.1000,308.0700,308.1000
1787319877,308.1100,308.1100,308.1100,308.1100
1787319878,308.1100,308.1100,308.1100,308.1100
1787319879,308.1100,308.1100,308.1050,308.1050
1787319880,308.1200,308.1800,308.1200,308.1800
1787319881,308.1800,308.2100,308.1800,308.2100
1787319882,308.2200,308.2200,308.2200,308.2200
1787319883,308.2400,308.2500,308.2400,308.2500
1787319884,308.2700,308.2800,308.2500,308.2500
1787319885,308.2450,308.2450,308.2300,308.2300
1787319886,308.2600,308.2600,308.2600,308.2600
1787319887,308.2700,308.2700,308.2700,308.2700
1787319888,308.2600,308.2800,308.2600,308.2800
1787319889,308.2700,308.2700,308.2400,308.2400
1787319890,308.2900,308.3200,308.2900,308.3200
1787319891,308.3100,308.3100,308.3000,308.3000
1787319893,308.3200,308.3400,308.3200,308.3400
1787319894,308.3200,308.3200,308.2000,308.2600
1787319895,308.2750,308.3000,308.2750,308.3000
1787319896,308.2400,308.2400,308.2400,308.2400
1787319898,308.2000,308.2000,308.1500,308.1500
1787319899,308.1300,308.1650,308.1200,308.1200
1787319900,308.0900,308.0900,308.0400,308.0700
1787319901,308.0600,308.0800,308.0550,308.0800
1787319902,308.0300,308.0500,308.0300,308.0500
1787319903,308.1200,308.1200,308.0500,308.0500
1787319904,308.0800,308.1000,308.0800,308.1000
1787319905,308.1100,308.1700,308.1100,308.1700
1787319906,308.1650,308.2200,308.1650,308.2200
1787319908,308.2200,308.2300,308.2200,308.2300
1787319909,308.2400,308.2600,308.2400,308.2600
1787319910,308.2500,308.3200,308.2300,308.3200
1787319911,308.3200,308.3200,308.3000,308.3000
1787319912,308.2900,308.2900,308.2900,308.2900
1787319913,308.2900,308.3000,308.2900,308.3000
1787319914,308.2900,308.2900,308.2600,308.2600
1787319915,308.2800,308.2800,308.2300,308.2300
1787319917,308.2200,308.2200,308.1700,308.1700
1787319918,308.1300,308.1300,308.1000,308.1000
1787319919,308.0800,308.0900,308.0700,308.0900
1787319921,308.1100,308.1100,308.1000,308.1000
1787319922,308.0900,308.0900,308.0900,308.0900
1787319924,308.1000,308.1200,308.1000,308.1200
1787319925,308.1800,308.1900,308.1700,308.1700
1787319926,308.1800,308.1800,308.1800,308.1800
1787319927,308.1600,308.1700,308.1600,308.1700
1787319929,308.1550,308.1550,308.1550,308.1550
1787319930,308.1600,308.1600,308.0900,308.0900
1787319931,308.0800,308.1100,308.0500,308.1100
1787319932,308.1050,308.1050,308.1050,308.1050
1787319933,308.1000,308.1000,308.0800,308.1000
1787319934,308.0900,308.0900,308.0200,308.0200
1787319935,308.0100,308.0100,307.9400,307.9400
1787319936,307.9400,307.9400,307.9300,307.9400
1787319937,307.9500,307.9500,307.9400,307.9400
1787319938,307.9500,307.9500,307.9400,307.9500
1787319940,307.9400,307.9400,307.8400,307.8400
1787319941,307.8500,307.9000,307.8500,307.9000
1787319943,307.9000,307.9000,307.9000,307.9000
1787319944,307.8800,307.8800,307.8800,307.8800
1787319945,307.8700,307.8700,307.8700,307.8700
1787319947,307.8800,307.8900,307.8600,307.8900
1787319948,307.9100,307.9100,307.9100,307.9100
1787319949,307.9050,307.9200,307.9050,307.9200
1787319950,307.9200,307.9200,307.9100,307.9100
1787319951,307.9000,307.9000,307.7900,307.7900
1787319952,307.7600,307.7600,307.7100,307.7350
1787319953,307.7150,307.7200,307.7100,307.7100
1787319954,307.7150,307.7600,307.7150,307.7600
1787319956,307.7500,307.7600,307.7500,307.7600
1787319957,307.7500,307.7500,307.7300,307.7350
1787319958,307.7500,307.7500,307.7300,307.7300
1787319959,307.7450,307.7450,307.7350,307.7350
1787319960,307.7350,307.7350,307.7100,307.7100
1787319961,307.7200,307.7200,307.6700,307.6800
1787319962,307.7200,307.7300,307.7200,307.7300
1787319963,307.7200,307.7200,307.7000,307.7200
1787319965,307.7300,307.7300,307.7300,307.7300
1787319966,307.7400,307.9200,307.7400,307.9200
1787319967,307.9300,307.9600,307.9300,307.9400
1787319968,307.9600,308.0100,307.9600,308.0100
1787319969,308.0000,308.0000,308.0000,308.0000
1787319970,307.9700,307.9700,307.9500,307.9600
1787319971,307.9600,308.0200,307.9600,308.0000
1787319972,308.0000,308.0000,308.0000,308.0000
1787319973,308.0000,308.0000,308.0000,308.0000
1787319974,308.0100,308.0100,307.9700,307.9700
1787319975,307.9800,308.0100,307.9800,308.0100
1787319976,308.0300,308.0300,308.0300,308.0300
1787319977,308.1400,308.1400,308.1400,308.1400
1787319978,308.1200,308.1200,308.1000,308.1000
1787319979,308.1400,308.2100,308.1200,308.1700
1787319980,308.1400,308.1400,308.1300,308.1300
1787319981,308.0850,308.0900,308.0800,308.0800
1787319982,308.1000,308.1000,307.9500,307.9500
1787319983,307.9300,307.9300,307.8500,307.8500
1787319984,307.8350,307.8900,307.8350,307.8900
1787319986,307.9200,307.9200,307.8700,307.8700
1787319987,307.8900,307.8900,307.8900,307.8900
1787319988,307.8900,307.8900,307.8900,307.8900
1787319989,307.8700,307.8700,307.8500,307.8500
1787319990,307.8300,307.8300,307.8100,307.8100
1787319991,307.8000,307.8000,307.7800,307.7800
1787319993,307.7750,307.7750,307.7600,307.7600
1787319994,307.7500,307.7500,307.7000,307.7050
1787319995,307.7000,307.7100,307.7000,307.7100
1787319996,307.7100,307.7100,307.6600,307.6600
1787319997,307.6900,307.7000,307.6900,307.7000
1787319998,307.7100,307.7100,307.6900,307.6900
1787320000,307.7100,307.7100,307.7000,307.7100
1787320001,307.7150,307.7150,307.7000,307.7000
1787320002,307.6800,307.6800,307.6800,307.6800
1787320003,307.6900,307.7200,307.6900,307.7200
1787320004,307.7200,307.7300,307.7000,307.7000
1787320005,307.7000,307.7000,307.7000,307.7000
1787320006,307.7000,307.7000,307.7000,307.7000
1787320007,307.7100,307.7200,307.7100,307.7200
1787320008,307.7300,307.8300,307.7300,307.8000
1787320011,307.7600,307.7600,307.7400,307.7400
1787320012,307.7200,307.7200,307.6900,307.6900
1787320013,307.6600,307.6600,307.6100,307.6100
1787320014,307.6200,307.6300,307.6150,307.6250
1787320015,307.6200,307.6400,307.6000,307.6400
1787320016,307.6200,307.6200,307.6200,307.6200
1787320018,307.6400,307.6600,307.6400,307.6500
1787320019,307.6700,307.6800,307.6700,307.6800
1787320020,307.6700,307.6700,307.6600,307.6600
1787320021,307.6900,307.7500,307.6900,307.7500
1787320022,307.7400,307.8500,307.7400,307.8300
1787320024,307.8250,307.8250,307.8000,307.8000
1787320025,307.8100,307.8100,307.7700,307.7700
1787320027,307.7600,307.7600,307.7100,307.7200
1787320028,307.7150,307.7150,307.7150,307.7150
1787320029,307.7000,307.7000,307.6800,307.6850
1787320030,307.6700,307.6700,307.6100,307.6100
1787320031,307.6000,307.6100,307.6000,307.6100
1787320032,307.5900,307.6100,307.5900,307.6100
1787320033,307.5950,307.5950,307.5950,307.5950
1787320035,307.5900,307.5900,307.5500,307.5900
1787320036,307.5800,307.5800,307.5800,307.5800
1787320037,307.5800,307.5800,307.5800,307.5800
1787320038,307.5600,307.5600,307.5600,307.5600
1787320039,307.5700,307.5700,307.5700,307.5700
1787320040,307.5800,307.6600,307.5800,307.6600
1787320041,307.6850,307.6850,307.6700,307.6700
1787320042,307.6700,307.6700,307.6700,307.6700
1787320043,307.6800,307.6800,307.6700,307.6700
1787320044,307.6700,307.6700,307.6700,307.6700
1787320045,307.6900,307.7600,307.6900,307.7600
1787320046,307.7500,307.7900,307.7500,307.7800
1787320047,307.7600,307.7650,307.7600,307.7650
1787320049,307.7500,307.7500,307.7300,307.7300
1787320050,307.7300,307.7300,307.6700,307.6700
1787320052,307.6900,307.6900,307.6800,307.6900
1787320053,307.6700,307.6700,307.6500,307.6500
1787320055,307.6450,307.6600,307.6450,307.6600
1787320056,307.6300,307.6300,307.6300,307.6300
1787320057,307.6700,307.6700,307.6500,307.6600
1787320058,307.6600,307.6600,307.6600,307.6600
1787320059,307.6600,307.7000,307.6600,307.7000
1787320060,307.7300,307.7300,307.7200,307.7200
1787320062,307.7050,307.7050,307.7000,307.7000
1787320064,307.6800,307.6800,307.6800,307.6800
1787320065,307.6700,307.6700,307.6650,307.6650
1787320067,307.6600,307.6600,307.6400,307.6400
1787320068,307.6300,307.6300,307.5600,307.6000
1787320069,307.5900,307.6000,307.5900,307.6000
1787320070,307.6000,307.6000,307.5900,307.5900
1787320071,307.5900,307.6000,307.5900,307.6000
1787320072,307.5700,307.5700,307.5700,307.5700
1787320073,307.5800,307.5800,307.5800,307.5800
1787320074,307.5800,307.5800,307.5700,307.5700
1787320075,307.5650,307.5650,307.5650,307.5650
1787320076,307.5600,307.6300,307.5600,307.6300
1787320078,307.6500,307.6700,307.6500,307.6700
1787320079,307.6700,307.6700,307.6700,307.6700
1787320080,307.6700,307.6700,307.6700,307.6700
1787320081,307.6700,307.6800,307.6200,307.6200
1787320082,307.6400,307.6400,307.5400,307.5400
1787320083,307.5500,307.5500,307.5500,307.5500
1787320084,307.5100,307.5600,307.4700,307.4700
1787320085,307.4600,307.4600,307.4100,307.4450
1787320086,307.4600,307.4700,307.4600,307.4600
1787320087,307.4600,307.4600,307.4600,307.4600
1787320088,307.4550,307.4550,307.4400,307.4400
1787320089,307.4500,307.4900,307.4500,307.4900
1787320090,307.5100,307.5100,307.5100,307.5100
1787320091,307.5100,307.5100,307.5000,307.5000
1787320093,307.5000,307.5400,307.5000,307.5300
1787320094,307.5600,307.5600,307.5600,307.5600
1787320095,307.5050,307.5050,307.5050,307.5050
1787320096,307.5000,307.5000,307.4800,307.4900
1787320097,307.4850,307.4850,307.4850,307.4850
1787320098,307.4800,307.4800,307.4100,307.4250
1787320099,307.4300,307.4300,307.4300,307.4300
1787320100,307.4200,307.4200,307.3600,307.3600
1787320101,307.3800,307.4100,307.3800,307.4100
1787320102,307.4150,307.4500,307.4100,307.4100
1787320103,307.4000,307.4200,307.4000,307.4200
1787320104,307.4000,307.4000,307.4000,307.4000
1787320105,307.3900,307.3900,307.3600,307.3650
1787320106,307.3600,307.3600,307.3100,307.3100
1787320107,307.3100,307.3800,307.3100,307.3800
1787320108,307.4000,307.4200,307.3700,307.4100
1787320110,307.3900,307.3900,307.3700,307.3700
1787320111,307.3700,307.3700,307.3500,307.3500
1787320114,307.3000,307.3000,307.2800,307.2800
1787320115,307.3200,307.3600,307.3200,307.3300
1787320116,307.3250,307.3500,307.3250,307.3500
1787320117,307.3400,307.3400,307.3100,307.3100
1787320118,307.3400,307.3400,307.3400,307.3400
1787320119,307.3300,307.3400,307.3000,307.3400
1787320120,307.3300,307.3300,307.3300,307.3300
1787320121,307.3000,307.3000,307.3000,307.3000
1787320122,307.3000,307.3000,307.3000,307.3000
1787320123,307.3000,307.3200,307.3000,307.3200
1787320124,307.3200,307.3200,307.3000,307.3000
1787320125,307.3150,307.3150,307.3000,307.3000
1787320126,307.3000,307.3000,307.2500,307.2500
1787320127,307.2750,307.3000,307.2750,307.2900
1787320128,307.2700,307.2800,307.2700,307.2800
1787320130,307.2900,307.3200,307.2900,307.3200
1787320131,307.3200,307.3300,307.3000,307.3100
1787320132,307.3200,307.3200,307.3200,307.3200
1787320133,307.3100,307.3100,307.1200,307.1200
1787320134,307.1200,307.1200,307.0700,307.1100
1787320135,307.0600,307.0600,307.0600,307.0600
1787320136,307.0700,307.0800,307.0700,307.0800
1787320137,307.0600,307.0600,307.0500,307.0500
1787320139,307.0600,307.2000,307.0600,307.2000
1787320140,307.2100,307.2300,307.1500,307.1800
1787320142,307.1400,307.1400,307.1300,307.1300
1787320144,307.1100,307.1100,307.1100,307.1100
1787320145,307.1100,307.1100,307.1000,307.1000
1787320146,307.0950,307.1000,307.0700,307.0700
1787320147,307.0600,307.0700,307.0600,307.0700
1787320149,307.0800,307.0800,307.0800,307.0800
1787320150,307.0900,307.1100,307.0900,307.1100
1787320151,307.1000,307.1000,307.1000,307.1000
1787320152,307.1000,307.1000,307.1000,307.1000
1787320153,307.1200,307.1300,307.1200,307.1300
1787320154,307.1300,307.1300,307.0900,307.0900
1787320155,307.1100,307.1100,307.1100,307.1100
1787320156,307.0800,307.0800,307.0800,307.0800
1787320157,307.0900,307.1500,307.0900,307.1500
1787320158,307.1600,307.1600,307.1600,307.1600
1787320159,307.1700,307.2000,307.1700,307.2000
1787320160,307.2100,307.2300,307.2100,307.2200
1787320161,307.2100,307.2100,307.2100,307.2100
1787320162,307.2300,307.2400,307.2300,307.2300
1787320163,307.2100,307.2200,307.2100,307.2200
1787320164,307.2300,307.3000,307.2300,307.3000
1787320165,307.2800,307.2800,307.2800,307.2800
1787320166,307.3000,307.3500,307.3000,307.3500
1787320167,307.3600,307.3600,307.3500,307.3500
1787320168,307.3400,307.3700,307.3400,307.3700
1787320169,307.3600,307.3600,307.3600,307.3600
1787320170,307.3600,307.3900,307.3500,307.3900
1787320171,307.3900,307.4100,307.3900,307.4100
1787320172,307.4200,307.4200,307.4200,307.4200
1787320173,307.4100,307.4100,307.3800,307.3900
1787320174,307.3800,307.3800,307.3700,307.3700
1787320175,307.3700,307.3900,307.3700,307.3900
1787320176,307.3750,307.3750,307.3750,307.3750
1787320177,307.3800,307.3900,307.3800,307.3900
1787320178,307.4100,307.4100,307.3700,307.3700
1787320179,307.3800,307.3800,307.3800,307.3800
1787320180,307.3900,307.4100,307.3900,307.4000
1787320181,307.3900,307.3900,307.3900,307.3900
1787320182,307.4000,307.4000,307.4000,307.4000
1787320183,307.4100,307.4900,307.4100,307.4800
1787320184,307.4700,307.4800,307.4700,307.4800
1787320185,307.4600,307.4600,307.4600,307.4600
1787320186,307.4600,307.4700,307.4600,307.4700
1787320187,307.4700,307.4700,307.4700,307.4700
1787320188,307.4600,307.4600,307.4400,307.4400
1787320189,307.4300,307.4300,307.4200,307.4300
1787320190,307.4200,307.4200,307.4000,307.4000
1787320191,307.3800,307.3800,307.3700,307.3700
1787320192,307.3600,307.3600,307.3400,307.3400
1787320193,307.3200,307.3200,307.3200,307.3200
1787320194,307.3300,307.3500,307.3200,307.3200
1787320195,307.3300,307.3300,307.3300,307.3300
1787320196,307.3300,307.3700,307.3300,307.3600
1787320198,307.3700,307.4000,307.3700,307.4000
1787320200,307.4200,307.4200,307.4100,307.4100
1787320201,307.4100,307.4500,307.4100,307.4500
1787320202,307.4400,307.4400,307.4400,307.4400
1787320203,307.4300,307.4300,307.4300,307.4300
1787320205,307.4400,307.4600,307.4300,307.4300
1787320206,307.4200,307.4200,307.3750,307.3900
1787320207,307.3700,307.3700,307.3300,307.3300
1787320208,307.3400,307.3800,307.3400,307.3800
1787320210,307.3800,307.3800,307.3800,307.3800
1787320211,307.3800,307.3900,307.3800,307.3900
1787320213,307.3900,307.3900,307.3800,307.3900
1787320214,307.3900,307.3900,307.3900,307.3900
1787320215,307.4000,307.4100,307.2800,307.3000
1787320216,307.2950,307.3000,307.2800,307.3000
1787320217,307.2900,307.3000,307.2650,307.2650
1787320218,307.2800,307.3600,307.2800,307.3450
1787320219,307.3100,307.3100,307.2700,307.2800
1787320220,307.2700,307.2800,307.2700,307.2800
1787320221,307.2800,307.2800,307.2500,307.2500
1787320222,307.2300,307.2300,307.2300,307.2300
1787320223,307.2200,307.2200,307.2200,307.2200
1787320224,307.2000,307.2000,307.2000,307.2000
1787320225,307.2200,307.2200,307.1900,307.1900
1787320227,307.2000,307.2000,307.2000,307.2000
1787320228,307.2100,307.2200,307.1500,307.1550
1787320229,307.1800,307.1800,307.1800,307.1800
1787320230,307.1700,307.1700,307.1700,307.1700
1787320231,307.1500,307.1800,307.1500,307.1800
1787320232,307.1400,307.1600,307.1000,307.1000
1787320233,307.0900,307.0900,307.0500,307.0500
1787320235,307.0400,307.0400,307.0400,307.0400
1787320236,307.0300,307.0300,307.0300,307.0300
1787320237,307.0300,307.0700,307.0300,307.0700
1787320238,307.0450,307.0450,307.0450,307.0450
1787320239,307.0600,307.0700,307.0600,307.0600
1787320240,307.0500,307.0500,307.0200,307.0400
1787320241,307.0400,307.0500,307.0400,307.0500
1787320242,307.0500,307.0800,307.0500,307.0800
1787320243,307.0700,307.0700,307.0500,307.0500
1787320244,307.0600,307.0600,307.0600,307.0600
1787320245,307.0500,307.0800,307.0500,307.0800
1787320246,307.0900,307.1200,307.0900,307.1200
1787320247,307.1400,307.1500,307.1300,307.1300
1787320249,307.1200,307.2100,307.1200,307.2100
1787320250,307.2200,307.2200,307.2000,307.2100
1787320252,307.1900,307.1900,307.1800,307.1800
1787320253,307.1900,307.2000,307.1900,307.2000
1787320254,307.2100,307.2100,307.2100,307.2100
1787320256,307.2100,307.2100,307.1400,307.1400
1787320257,307.1300,307.1300,307.1200,307.1300
1787320258,307.1200,307.1200,307.1200,307.1200
1787320260,307.1300,307.1500,307.1300,307.1500
1787320261,307.1400,307.1400,307.1200,307.1350
1787320262,307.1100,307.1400,307.1100,307.1200
1787320263,307.1300,307.2000,307.1300,307.2000
1787320264,307.2100,307.2700,307.2100,307.2700
1787320265,307.2550,307.2600,307.2550,307.2600
1787320266,307.2700,307.2900,307.2700,307.2800
1787320267,307.2800,307.2800,307.2700,307.2700
1787320268,307.2750,307.3000,307.2750,307.3000
1787320269,307.3000,307.3100,307.3000,307.3100
1787320270,307.3050,307.3200,307.3050,307.3100
1787320271,307.3200,307.3200,307.3200,307.3200
1787320272,307.3300,307.3300,307.3300,307.3300
1787320273,307.3600,307.3800,307.3600,307.3700
1787320274,307.3700,307.3700,307.3600,307.3600
1787320276,307.3700,307.3700,307.3700,307.3700
1787320277,307.3600,307.3600,307.3600,307.3600
1787320278,307.3500,307.4000,307.3500,307.3700
1787320279,307.3700,307.3800,307.3300,307.3300
1787320280,307.3300,307.3500,307.3200,307.3400
1787320281,307.3200,307.3200,307.3200,307.3200
1787320282,307.3300,307.3400,307.3300,307.3300
1787320283,307.3400,307.3500,307.3350,307.3500
1787320284,307.3400,307.3800,307.3300,307.3800
1787320286,307.3600,307.3800,307.3600,307.3800
1787320287,307.3800,307.4600,307.3800,307.4500
1787320288,307.4400,307.4400,307.4300,307.4300
1787320289,307.4400,307.4400,307.4000,307.4000
1787320290,307.4100,307.4200,307.4000,307.4200
1787320291,307.4250,307.4700,307.4250,307.4700
1787320292,307.4800,307.5200,307.4800,307.5200
1787320293,307.5100,307.5800,307.5100,307.5800
1787320294,307.5700,307.5800,307.5700,307.5700
1787320295,307.5700,307.5700,307.5700,307.5700
1787320296,307.5500,307.5500,307.5500,307.5500
1787320297,307.5700,307.5700,307.5700,307.5700
1787320298,307.5550,307.5800,307.5550,307.5800
1787320299,307.5700,307.5700,307.5700,307.5700
1787320300,307.5800,307.5800,307.5800,307.5800
1787320301,307.5600,307.5600,307.5600,307.5600
1787320302,307.5750,307.5800,307.5400,307.5400
1787320303,307.5500,307.5500,307.5500,307.5500
1787320304,307.5600,307.5600,307.5600,307.5600
1787320305,307.5750,307.5750,307.5300,307.5300
1787320306,307.5100,307.5100,307.5000,307.5000
1787320307,307.5000,307.5000,307.4950,307.4950
1787320308,307.4800,307.4800,307.4500,307.4500
1787320310,307.4700,307.4700,307.4700,307.4700
1787320311,307.4700,307.4700,307.4700,307.4700
1787320312,307.4700,307.4800,307.4700,307.4800
1787320313,307.4850,307.4850,307.4600,307.4750
1787320314,307.4700,307.4700,307.4700,307.4700
1787320315,307.4600,307.4600,307.3800,307.4000
1787320316,307.3600,307.3600,307.3600,307.3600
1787320317,307.3800,307.4200,307.3800,307.4200
1787320319,307.4300,307.4300,307.4300,307.4300
1787320320,307.4400,307.4800,307.4400,307.4800
1787320321,307.4800,307.4800,307.4400,307.4400
1787320323,307.4400,307.4500,307.4400,307.4400
1787320324,307.4400,307.4400,307.3700,307.3900
1787320326,307.4400,307.4400,307.4400,307.4400
1787320327,307.4600,307.4600,307.4600,307.4600
1787320328,307.4650,307.4650,307.4650,307.4650
1787320329,307.4700,307.4700,307.4600,307.4600
1787320330,307.4600,307.4600,307.4600,307.4600
1787320331,307.4600,307.4700,307.4500,307.4500
1787320332,307.4600,307.4750,307.4550,307.4750
1787320333,307.4700,307.5000,307.4500,307.5000
1787320334,307.5200,307.5200,307.5200,307.5200
1787320335,307.5400,307.5500,307.5400,307.5500
1787320336,307.5500,307.5500,307.5500,307.5500
1787320337,307.5300,307.5300,307.5300,307.5300
1787320338,307.5200,307.5200,307.5200,307.5200
1787320339,307.5100,307.5100,307.5100,307.5100
1787320340,307.5200,307.5400,307.5200,307.5400
1787320341,307.5600,307.6100,307.5600,307.6100
1787320342,307.6200,307.6800,307.6200,307.6700
1787320344,307.6700,307.6700,307.6700,307.6700
1787320345,307.6500,307.6500,307.6300,307.6300
1787320346,307.6400,307.6400,307.6300,307.6300
1787320347,307.6500,307.7300,307.6500,307.7200
1787320348,307.7250,307.7800,307.7200,307.7700
1787320350,307.7500,307.7500,307.7300,307.7300
1787320351,307.7300,307.7900,307.7300,307.7900
1787320352,307.8000,307.8100,307.7700,307.7700
1787320353,307.7400,307.7400,307.7200,307.7200
1787320355,307.7300,307.7300,307.7300,307.7300
1787320356,307.7200,307.7200,307.7200,307.7200
1787320357,307.7000,307.7000,307.6800,307.6800
1787320358,307.6750,307.6750,307.6750,307.6750
1787320360,307.6800,307.6800,307.6700,307.6700
1787320361,307.6600,307.7000,307.6500,307.7000
1787320362,307.7300,307.7500,307.7200,307.7200
1787320364,307.7400,307.7700,307.7400,307.7600
1787320367,307.7800,307.7900,307.7800,307.7900
1787320368,307.7950,307.8000,307.7700,307.7700
1787320369,307.7800,307.7800,307.7800,307.7800
1787320370,307.7600,307.7600,307.7400,307.7400
1787320371,307.7600,307.7600,307.7500,307.7500
1787320373,307.7500,307.7500,307.7500,307.7500
1787320374,307.7500,307.7500,307.7500,307.7500
1787320375,307.7600,307.7700,307.7600,307.7700
1787320376,307.7700,307.7700,307.7700,307.7700
1787320377,307.7550,307.7550,307.7300,307.7300
1787320378,307.7800,307.9200,307.7700,307.8950
1787320379,307.9100,307.9100,307.9100,307.9100
1787320380,307.9200,307.9400,307.9200,307.9300
1787320381,307.9300,307.9500,307.9300,307.9500
1787320382,307.9400,307.9400,307.9400,307.9400
1787320383,307.9300,307.9300,307.9200,307.9300
1787320384,307.9400,307.9800,307.9400,307.9700
1787320385,307.9750,307.9750,307.9700,307.9700
1787320386,307.9800,308.0100,307.9800,308.0100
1787320387,308.0100,308.0200,307.9600,307.9600
1787320388,307.9650,307.9650,307.9650,307.9650
1787320389,307.9650,307.9650,307.9650,307.9650
1787320390,307.9800,308.0000,307.9800,307.9800
1787320391,307.9700,307.9700,307.9200,307.9200
1787320392,307.9000,307.9000,307.8600,307.8600
1787320393,307.8700,307.8700,307.8700,307.8700
1787320394,307.8700,307.8700,307.8200,307.8250
1787320395,307.8400,307.8450,307.8400,307.8450
1787320396,307.8100,307.8100,307.8000,307.8000
1787320397,307.7900,307.7900,307.7900,307.7900
1787320398,307.7900,307.7900,307.7200,307.7200
1787320399,307.7100,307.7100,307.7000,307.7000
1787320400,307.6900,307.6900,307.6600,307.6600
1787320402,307.6800,307.7200,307.6800,307.7200
1787320403,307.7100,307.7100,307.7100,307.7100
1787320405,307.7200,307.7200,307.7200,307.7200
1787320406,307.7400,307.7400,307.7300,307.7400
1787320407,307.7400,307.7700,307.6950,307.6950
1787320408,307.7000,307.7000,307.6900,307.6900
1787320410,307.7000,307.7000,307.7000,307.7000
1787320411,307.6700,307.6700,307.6400,307.6400
1787320412,307.6500,307.6900,307.6500,307.6900
1787320413,307.6800,307.6800,307.6800,307.6800
1787320414,307.6800,307.7650,307.6800,307.7650
1787320415,307.7500,307.7700,307.7500,307.7700
1787320418,307.7700,307.7700,307.7700,307.7700
1787320419,307.7600,307.7600,307.7500,307.7500
1787320421,307.7600,307.7600,307.7600,307.7600
1787320422,307.7600,307.7600,307.7300,307.7300
1787320423,307.7300,307.7300,307.7100,307.7100
1787320424,307.7100,307.7200,307.7100,307.7200
1787320426,307.7600,307.7600,307.7200,307.7200
1787320427,307.7200,307.7250,307.7200,307.7250
1787320429,307.7000,307.7000,307.6800,307.6800
1787320430,307.6800,307.6800,307.6800,307.6800
1787320431,307.6800,307.6900,307.6250,307.6250
1787320432,307.6100,307.6300,307.6000,307.6300
1787320433,307.6200,307.6300,307.6200,307.6300
1787320434,307.6100,307.6100,307.6100,307.6100
1787320435,307.6100,307.6100,307.6100,307.6100
1787320436,307.5900,307.5900,307.5800,307.5800
1787320437,307.5800,307.5900,307.5600,307.5600
1787320438,307.5700,307.5700,307.5700,307.5700
1787320439,307.5700,307.5700,307.4900,307.5000
1787320441,307.5100,307.5400,307.5100,307.5400
1787320442,307.5500,307.5650,307.5400,307.5400
1787320443,307.5300,307.5400,307.5100,307.5100
1787320444,307.5000,307.5200,307.4500,307.4500
1787320445,307.4600,307.4600,307.4600,307.4600
1787320446,307.4600,307.4600,307.4600,307.4600
1787320447,307.4400,307.4900,307.4300,307.4800
1787320448,307.4800,307.4800,307.4800,307.4800
1787320449,307.4900,307.4900,307.4900,307.4900
1787320450,307.5000,307.5200,307.5000,307.5200
1787320451,307.5300,307.5700,307.5300,307.5700
1787320452,307.5700,307.5800,307.5600,307.5700
1787320453,307.5500,307.5550,307.5300,307.5300
1787320456,307.5200,307.5200,307.5200,307.5200
1787320457,307.5200,307.5200,307.5200,307.5200
1787320458,307.5000,307.5300,307.5000,307.5300
1787320459,307.5300,307.5300,307.5100,307.5300
1787320460,307.5200,307.5200,307.4600,307.4600
1787320461,307.4500,307.4500,307.4000,307.4000
1787320462,307.4000,307.4000,307.3900,307.3900
1787320463,307.4000,307.4000,307.4000,307.4000
1787320464,307.3900,307.3900,307.3900,307.3900
1787320465,307.4000,307.4400,307.4000,307.4400
1787320466,307.4300,307.4300,307.4200,307.4200
1787320467,307.4250,307.4800,307.4000,307.4800
1787320469,307.4500,307.4500,307.4500,307.4500
1787320470,307.4400,307.4400,307.4300,307.4300
1787320471,307.4300,307.4300,307.4300,307.4300
1787320472,307.4300,307.4400,307.4300,307.4400
1787320473,307.4400,307.4500,307.4100,307.4100
1787320475,307.4000,307.4000,307.3800,307.3800
1787320478,307.3800,307.3900,307.3300,307.3400
1787320479,307.3400,307.3400,307.3300,307.3300
1787320480,307.3200,307.3200,307.2800,307.2800
1787320481,307.2900,307.2900,307.2900,307.2900
1787320482,307.2900,307.2900,307.2800,307.2800
1787320483,307.2600,307.2600,307.2200,307.2500
1787320484,307.2500,307.3000,307.2500,307.3000
1787320485,307.2800,307.2900,307.2800,307.2900
1787320487,307.3000,307.3400,307.3000,307.3400
1787320488,307.3200,307.3300,307.3200,307.3300
1787320489,307.3200,307.3200,307.3000,307.3200
1787320490,307.3200,307.3200,307.3000,307.3000
1787320491,307.3300,307.3400,307.3300,307.3400
1787320492,307.3400,307.3400,307.3400,307.3400
1787320493,307.3200,307.3300,307.3200,307.3300
1787320495,307.3200,307.3200,307.2900,307.2900
1787320496,307.2900,307.3000,307.2900,307.3000
1787320497,307.3200,307.3200,307.3200,307.3200
1787320499,307.3400,307.3400,307.3400,307.3400
1787320501,307.3400,307.3400,307.3400,307.3400
1787320502,307.3300,307.3300,307.2200,307.2200
1787320503,307.2100,307.2100,307.2000,307.2000
1787320504,307.1900,307.1900,307.1500,307.1700
1787320505,307.1800,307.1800,307.1800,307.1800
1787320506,307.2000,307.2000,307.2000,307.2000
1787320508,307.1800,307.1950,307.1800,307.1950
1787320509,307.2100,307.2100,307.2100,307.2100
1787320511,307.2100,307.2100,307.2100,307.2100
1787320512,307.2000,307.2000,307.2000,307.2000
1787320513,307.1700,307.1700,307.1600,307.1600
1787320515,307.1700,307.1800,307.1700,307.1800
1787320517,307.1900,307.2000,307.1900,307.2000
1787320518,307.1800,307.1800,307.1800,307.1800
1787320519,307.1900,307.1900,307.1900,307.1900
1787320520,307.1850,307.1850,307.1850,307.1850
1787320521,307.1700,307.1700,307.1600,307.1600
1787320522,307.1600,307.1900,307.1600,307.1900
1787320523,307.1900,307.1900,307.1900,307.1900
1787320524,307.1900,307.1900,307.1800,307.1800
1787320525,307.1900,307.2000,307.1900,307.2000
1787320526,307.2100,307.2100,307.2100,307.2100
1787320527,307.2200,307.2200,307.2200,307.2200
1787320528,307.2300,307.2500,307.2300,307.2500
1787320529,307.2500,307.2500,307.2500,307.2500
1787320530,307.2450,307.2450,307.2450,307.2450
1787320532,307.2500,307.2500,307.2500,307.2500
1787320533,307.2600,307.2600,307.2400,307.2400
1787320534,307.2600,307.2800,307.2600,307.2600
1787320535,307.2600,307.2600,307.2600,307.2600
1787320536,307.2600,307.2600,307.2250,307.2250
1787320537,307.2400,307.2400,307.2200,307.2200
1787320539,307.2200,307.2200,307.2200,307.2200
1787320542,307.2200,307.2200,307.2200,307.2200
1787320543,307.2100,307.2100,307.1900,307.1900
1787320545,307.1800,307.1800,307.1800,307.1800
1787320546,307.1800,307.1800,307.0800,307.1400
1787320547,307.1500,307.1600,307.1500,307.1600
1787320549,307.1500,307.1500,307.1500,307.1500
1787320550,307.1500,307.1500,307.1200,307.1200
1787320551,307.1100,307.1100,307.1100,307.1100
1787320552,307.1100,307.1100,307.1100,307.1100
1787320553,307.1000,307.1000,307.1000,307.1000
1787320554,307.1150,307.1200,307.1100,307.1200
1787320555,307.1100,307.1200,307.1100,307.1200
1787320556,307.1200,307.1200,307.1200,307.1200
1787320558,307.1200,307.1200,307.1100,307.1100
1787320559,307.1300,307.1400,307.1300,307.1400
1787320560,307.1400,307.1600,307.1400,307.1600
1787320561,307.1700,307.1800,307.1700,307.1800
1787320562,307.2000,307.2100,307.2000,307.2100
1787320563,307.2100,307.2100,307.2100,307.2100
1787320564,307.2100,307.2800,307.2100,307.2700
1787320565,307.2700,307.2900,307.2700,307.2900
1787320567,307.2700,307.2700,307.2200,307.2600
1787320568,307.2800,307.2900,307.2800,307.2900
1787320569,307.2900,307.2900,307.2900,307.2900
1787320570,307.2900,307.3100,307.2900,307.3100
1787320571,307.3100,307.3600,307.3100,307.3600
1787320572,307.3750,307.4000,307.3700,307.3700
1787320573,307.3700,307.4000,307.3700,307.4000
1787320574,307.3950,307.4200,307.3950,307.4200
1787320575,307.4300,307.4300,307.4300,307.4300
1787320576,307.4400,307.4400,307.4350,307.4350
1787320577,307.4500,307.4500,307.4500,307.4500
1787320578,307.4450,307.4600,307.4450,307.4600
1787320579,307.4550,307.4600,307.4400,307.4400
1787320581,307.4200,307.4300,307.4200,307.4300
1787320583,307.4300,307.4300,307.4200,307.4200
1787320584,307.4300,307.4300,307.4200,307.4200
1787320585,307.4200,307.4400,307.4200,307.4400
1787320586,307.4600,307.4700,307.4500,307.4550
1787320587,307.4600,307.4800,307.4500,307.4500
1787320589,307.4600,307.4600,307.4600,307.4600
1787320590,307.4600,307.4600,307.4450,307.4450
1787320591,307.4500,307.4600,307.4500,307.4600
1787320592,307.4600,307.4800,307.4600,307.4700
1787320593,307.4850,307.4850,307.4600,307.4600
1787320594,307.4600,307.4600,307.3800,307.3800
1787320595,307.3700,307.3700,307.3600,307.3600
1787320597,307.3700,307.3700,307.3700,307.3700
1787320598,307.3900,307.3900,307.3900,307.3900
1787320599,307.3900,307.3900,307.3900,307.3900
1787320600,307.3900,307.3900,307.3900,307.3900
1787320601,307.3900,307.4000,307.3900,307.4000
1787320602,307.4100,307.4200,307.4100,307.4200
1787320603,307.4200,307.4550,307.4200,307.4550
1787320604,307.4600,307.4600,307.4600,307.4600
1787320605,307.4800,307.4800,307.4800,307.4800
1787320606,307.4800,307.5100,307.4800,307.5100
1787320607,307.5100,307.5400,307.5100,307.5400
1787320608,307.5400,307.5600,307.5400,307.5600
1787320609,307.5800,307.5800,307.5550,307.5600
1787320610,307.5600,307.5700,307.5200,307.5200
1787320612,307.4700,307.4700,307.4000,307.4000
1787320613,307.3900,307.3900,307.3800,307.3800
1787320614,307.3400,307.3500,307.3400,307.3500
1787320615,307.3900,307.4100,307.3900,307.4100
1787320617,307.4000,307.4000,307.3300,307.3300
1787320619,307.3000,307.3000,307.2900,307.2900
1787320620,307.3300,307.3400,307.3300,307.3300
1787320621,307.3250,307.3250,307.3250,307.3250
1787320622,307.3500,307.3500,307.3500,307.3500
1787320623,307.3600,307.3600,307.3200,307.3200
1787320624,307.3400,307.3400,307.3400,307.3400
1787320625,307.3550,307.3550,307.3500,307.3500
1787320626,307.3400,307.3400,307.3400,307.3400
1787320628,307.3400,307.3400,307.3400,307.3400
1787320629,307.3400,307.3400,307.3400,307.3400
1787320630,307.3100,307.3100,307.3000,307.3100
1787320631,307.2950,307.3100,307.2950,307.3100
1787320632,307.3500,307.3500,307.3400,307.3400
1787320633,307.3400,307.3900,307.3300,307.3800
1787320634,307.3700,307.3700,307.3700,307.3700
1787320635,307.3750,307.3750,307.3750,307.3750
1787320636,307.3300,307.3300,307.3300,307.3300
1787320637,307.3300,307.3300,307.3300,307.3300
1787320638,307.3550,307.3550,307.3550,307.3550
1787320640,307.4000,307.4000,307.4000,307.4000
1787320641,307.4000,307.4400,307.4000,307.4400
1787320642,307.4400,307.4400,307.4200,307.4200
1787320643,307.4100,307.4100,307.3900,307.3900
1787320644,307.3600,307.3700,307.3400,307.3700
1787320645,307.3700,307.4000,307.3700,307.4000
1787320646,307.4150,307.4150,307.3950,307.4000
1787320647,307.4100,307.4100,307.4100,307.4100
1787320648,307.3900,307.3900,307.3900,307.3900
1787320649,307.3700,307.3700,307.3600,307.3600
1787320650,307.3650,307.3900,307.3500,307.3900
1787320651,307.3900,307.3900,307.3600,307.3600
1787320652,307.3600,307.4200,307.3600,307.4200
1787320653,307.4200,307.4600,307.4200,307.4200
1787320654,307.4100,307.4100,307.3550,307.3700
1787320655,307.3700,307.3900,307.3700,307.3900
1787320656,307.3850,307.3900,307.3850,307.3850
1787320657,307.3750,307.3750,307.3750,307.3750
1787320658,307.3700,307.3700,307.3500,307.3500
1787320659,307.3800,307.3800,307.3600,307.3600
1787320660,307.3700,307.3700,307.3700,307.3700
1787320661,307.3500,307.3500,307.3100,307.3100
1787320663,307.3000,307.3000,307.2900,307.2900
1787320665,307.2800,307.2800,307.2800,307.2800
1787320666,307.2700,307.2700,307.2600,307.2650
1787320667,307.2900,307.2900,307.2900,307.2900
1787320668,307.3100,307.3100,307.2900,307.3000
1787320669,307.2600,307.2600,307.2400,307.2400
1787320671,307.2300,307.2300,307.2300,307.2300
1787320672,307.2000,307.2100,307.2000,307.2100
1787320673,307.2100,307.2100,307.2000,307.2000
1787320674,307.1950,307.2000,307.1950,307.2000
1787320675,307.1900,307.2100,307.1800,307.2100
1787320677,307.2200,307.2500,307.2200,307.2500
1787320678,307.2500,307.2600,307.2500,307.2600
1787320681,307.2600,307.2700,307.2600,307.2700
1787320682,307.2800,307.2800,307.2800,307.2800
1787320684,307.2750,307.2950,307.2700,307.2950
1787320685,307.3000,307.3000,307.3000,307.3000
1787320686,307.3050,307.3050,307.3000,307.3000
1787320687,307.2900,307.2900,307.2900,307.2900
1787320688,307.2800,307.3250,307.2800,307.3250
1787320689,307.3200,307.3700,307.3200,307.3700
1787320690,307.3800,307.3800,307.3800,307.3800
1787320691,307.3700,307.3700,307.3700,307.3700
1787320693,307.3450,307.3450,307.3200,307.3200
1787320694,307.3200,307.3200,307.3100,307.3100
1787320695,307.3100,307.3400,307.3100,307.3400
1787320696,307.3500,307.3500,307.3500,307.3500
1787320697,307.3600,307.3600,307.3500,307.3500
1787320698,307.3400,307.3400,307.3300,307.3300
1787320699,307.3400,307.3400,307.3300,307.3300
1787320702,307.3100,307.3150,307.3100,307.3100
1787320703,307.3150,307.3150,307.3000,307.3000
1787320704,307.2900,307.3000,307.2800,307.3000
1787320707,307.2700,307.2800,307.2700,307.2700
1787320708,307.2700,307.2700,307.2500,307.2500
1787320709,307.2500,307.2600,307.2400,307.2600
1787320711,307.2300,307.2700,307.2100,307.2700
1787320712,307.2700,307.3100,307.2700,307.3100
1787320714,307.3250,307.3400,307.3250,307.3400
1787320715,307.2800,307.3000,307.2800,307.3000
1787320716,307.3000,307.3000,307.3000,307.3000
1787320717,307.2900,307.2900,307.2400,307.2400
1787320718,307.2400,307.2400,307.2400,307.2400
1787320720,307.2500,307.3300,307.2500,307.3300
1787320721,307.3200,307.3200,307.3200,307.3200
1787320722,307.3300,307.3500,307.3300,307.3500
1787320723,307.3800,307.4000,307.3800,307.4000
1787320724,307.3900,307.3900,307.3850,307.3850
1787320725,307.3600,307.3600,307.3600,307.3600
1787320726,307.3600,307.3600,307.3600,307.3600
1787320727,307.3600,307.3700,307.3600,307.3700
1787320728,307.3550,307.3550,307.3200,307.3300
1787320729,307.3400,307.3400,307.3400,307.3400
1787320730,307.3300,307.3500,307.3200,307.3500
1787320733,307.3400,307.3400,307.3300,307.3300
1787320734,307.3000,307.3000,307.3000,307.3000
1787320735,307.2950,307.3000,307.2900,307.3000
1787320736,307.3000,307.3000,307.3000,307.3000
1787320737,307.2800,307.2800,307.2800,307.2800
1787320739,307.2800,307.3400,307.2800,307.3400
1787320740,307.3100,307.3800,307.3000,307.3800
1787320741,307.3900,307.4000,307.3800,307.4000
1787320742,307.3900,307.3900,307.3700,307.3700
1787320745,307.3700,307.3900,307.3600,307.3600
1787320746,307.3800,307.3900,307.3800,307.3900
1787320747,307.3800,307.4050,307.3800,307.4050
1787320748,307.4100,307.4100,307.4100,307.4100
1787320750,307.4000,307.4100,307.4000,307.4100
1787320751,307.4100,307.4100,307.3800,307.3800
1787320753,307.4200,307.4200,307.3950,307.3950
1787320754,307.4100,307.4100,307.4100,307.4100
1787320755,307.3700,307.3700,307.3700,307.3700
1787320756,307.3600,307.3600,307.3600,307.3600
1787320757,307.3600,307.3600,307.3550,307.3550
1787320758,307.3600,307.3600,307.3600,307.3600
1787320760,307.3600,307.3650,307.3600,307.3600
1787320762,307.3600,307.3600,307.3600,307.3600
1787320763,307.4000,307.4300,307.4000,307.4300
1787320764,307.4500,307.4700,307.4500,307.4700
1787320765,307.4700,307.4700,307.4700,307.4700
1787320766,307.4600,307.4800,307.4600,307.4800
1787320767,307.5000,307.5000,307.4800,307.4900
1787320768,307.4900,307.4900,307.4750,307.4750
1787320769,307.4750,307.4850,307.4750,307.4850
1787320770,307.4600,307.4600,307.4450,307.4450
1787320773,307.4500,307.4500,307.4500,307.4500
1787320774,307.4500,307.4500,307.4400,307.4400
1787320775,307.4500,307.4500,307.4500,307.4500
1787320776,307.4500,307.4600,307.4500,307.4500
1787320778,307.4600,307.5200,307.4600,307.5200
1787320779,307.5050,307.5050,307.5000,307.5000
1787320780,307.5000,307.5000,307.5000,307.5000
1787320781,307.5200,307.5750,307.5200,307.5750
1787320782,307.5850,307.5900,307.5700,307.5700
1787320783,307.5650,307.5650,307.5650,307.5650
1787320784,307.5700,307.5800,307.5650,307.5800
1787320786,307.5800,307.5800,307.5800,307.5800
1787320787,307.5800,307.5800,307.5600,307.5600
1787320788,307.5700,307.5700,307.5700,307.5700
1787320790,307.5300,307.5300,307.5100,307.5200
1787320791,307.5100,307.5100,307.4700,307.4700
1787320792,307.4600,307.4600,307.4400,307.4400
1787320793,307.4200,307.4200,307.4100,307.4100
1787320794,307.3900,307.4200,307.3900,307.4200
1787320796,307.3950,307.3950,307.3950,307.3950
1787320798,307.3700,307.3700,307.3700,307.3700
1787320799,307.3700,307.3700,307.3400,307.3400
1787320800,307.3600,307.3600,307.3000,307.3200
1787320801,307.3300,307.4000,307.3200,307.3200
1787320802,307.3400,307.3400,307.3050,307.3050
1787320803,307.2800,307.3050,307.2800,307.3000
1787320804,307.3000,307.3000,307.2800,307.3000
1787320805,307.3100,307.3300,307.3100,307.3300
1787320806,307.3450,307.3450,307.3250,307.3250
1787320807,307.3100,307.3100,307.3100,307.3100
1787320808,307.3100,307.3100,307.3100,307.3100
1787320809,307.3100,307.3100,307.3100,307.3100
1787320810,307.3100,307.3300,307.3100,307.3200
1787320811,307.3300,307.3400,307.3300,307.3300
1787320812,307.3300,307.3300,307.3000,307.3000
1787320813,307.2900,307.3200,307.2900,307.3200
1787320814,307.3200,307.3400,307.3200,307.3400
1787320815,307.3500,307.3500,307.3500,307.3500
1787320816,307.3500,307.3600,307.3500,307.3600
1787320819,307.3550,307.3550,307.3550,307.3550
1787320820,307.3400,307.3400,307.3200,307.3300
1787320821,307.3400,307.3400,307.3400,307.3400
1787320822,307.3300,307.3300,307.3300,307.3300
1787320823,307.3300,307.3300,307.3300,307.3300
1787320824,307.3400,307.3600,307.3400,307.3600
1787320825,307.3400,307.3400,307.3400,307.3400
1787320826,307.3450,307.3450,307.3300,307.3300
1787320827,307.3300,307.3300,307.3300,307.3300
1787320828,307.3400,307.3650,307.3400,307.3500
1787320829,307.3600,307.3600,307.3600,307.3600
1787320830,307.3700,307.3700,307.3700,307.3700
1787320831,307.3500,307.3500,307.2600,307.2600
1787320832,307.2600,307.2600,307.2400,307.2400
1787320833,307.2500,307.2800,307.2500,307.2800
1787320834,307.2800,307.2800,307.2500,307.2500
1787320835,307.2400,307.2400,307.2400,307.2400
1787320836,307.2500,307.2500,307.2200,307.2200
1787320837,307.2000,307.2000,307.1800,307.1800
1787320838,307.1700,307.1700,307.1700,307.1700
1787320839,307.1700,307.1750,307.1700,307.1700
1787320840,307.1700,307.1800,307.1700,307.1800
1787320841,307.2000,307.2300,307.2000,307.2300
1787320842,307.2750,307.2750,307.2750,307.2750
1787320846,307.2900,307.2900,307.2900,307.2900
1787320848,307.2900,307.2900,307.2500,307.2500
1787320849,307.2100,307.2100,307.2100,307.2100
1787320850,307.2050,307.2100,307.2050,307.2100
1787320851,307.2300,307.2500,307.2200,307.2500
1787320853,307.2550,307.2700,307.2550,307.2700
1787320854,307.2700,307.2700,307.2700,307.2700
1787320855,307.2800,307.3100,307.2800,307.3100
1787320856,307.3150,307.3150,307.2900,307.3000
1787320857,307.2700,307.2700,307.2700,307.2700
1787320859,307.2700,307.2700,307.2600,307.2600
1787320861,307.2650,307.2650,307.2650,307.2650
1787320862,307.2700,307.2800,307.2700,307.2800
1787320864,307.2900,307.2900,307.2900,307.2900
1787320865,307.2950,307.2950,307.2950,307.2950
1787320866,307.2800,307.2800,307.2400,307.2400
1787320867,307.2400,307.2500,307.2400,307.2500
1787320868,307.2500,307.2500,307.2400,307.2400
1787320869,307.2400,307.2600,307.2400,307.2600
1787320870,307.2500,307.2600,307.2400,307.2400
1787320871,307.2300,307.2300,307.2100,307.2100
1787320873,307.2400,307.2500,307.2400,307.2400
1787320874,307.2400,307.2400,307.2300,307.2300
1787320875,307.2200,307.2200,307.1100,307.1200
1787320876,307.1400,307.1400,307.1400,307.1400
1787320877,307.1200,307.1200,307.1200,307.1200
1787320878,307.1000,307.1000,307.0900,307.1000
1787320879,307.0900,307.1100,307.0900,307.1100
1787320880,307.0900,307.0900,307.0900,307.0900
1787320881,307.1000,307.1100,307.1000,307.1050
1787320882,307.1200,307.1900,307.1200,307.1400
1787320883,307.1400,307.1800,307.1400,307.1800
1787320884,307.1800,307.1800,307.1600,307.1600
1787320885,307.1600,307.1600,307.1500,307.1500
1787320886,307.1600,307.2700,307.1600,307.2500
1787320888,307.2800,307.2800,307.2800,307.2800
1787320889,307.2800,307.2800,307.2800,307.2800
1787320891,307.2800,307.2800,307.2800,307.2800
1787320892,307.2800,307.2800,307.2800,307.2800
1787320893,307.2800,307.2800,307.2700,307.2700
1787320894,307.2900,307.3900,307.2900,307.3900
1787320895,307.3800,307.3900,307.3800,307.3900
1787320896,307.3600,307.3600,307.3500,307.3500
1787320897,307.3450,307.3700,307.3450,307.3700
1787320898,307.3800,307.3900,307.3400,307.3500
1787320899,307.3650,307.3650,307.3650,307.3650
1787320900,307.3800,307.3800,307.3800,307.3800
1787320902,307.3800,307.3900,307.3800,307.3900
1787320905,307.3700,307.3700,307.3700,307.3700
1787320906,307.3700,307.4900,307.3700,307.4700
1787320908,307.4800,307.4800,307.4800,307.4800
1787320909,307.4900,307.5000,307.4900,307.5000
1787320910,307.5100,307.5150,307.4900,307.5000
1787320912,307.5000,307.5000,307.5000,307.5000
1787320913,307.4900,307.4900,307.4800,307.4900
1787320915,307.4900,307.5000,307.4900,307.4900
1787320916,307.4800,307.5000,307.4800,307.5000
1787320917,307.5100,307.5300,307.5100,307.5100
1787320918,307.5100,307.5100,307.5100,307.5100
1787320919,307.5000,307.5000,307.5000,307.5000
1787320920,307.4900,307.4900,307.4900,307.4900
1787320922,307.5000,307.5000,307.4650,307.4650
1787320924,307.4450,307.4450,307.4450,307.4450
1787320925,307.4200,307.4200,307.4200,307.4200
1787320927,307.4200,307.4300,307.4200,307.4300
1787320928,307.4400,307.4450,307.4400,307.4450
1787320929,307.4300,307.4300,307.4200,307.4300
1787320930,307.4200,307.4200,307.4000,307.4150
1787320931,307.4100,307.4100,307.3400,307.3400
1787320932,307.3100,307.3100,307.2800,307.2800
1787320934,307.2800,307.3000,307.2800,307.3000
1787320935,307.3200,307.3200,307.3150,307.3150
1787320937,307.2900,307.2900,307.2900,307.2900
1787320939,307.2800,307.2800,307.2600,307.2600
1787320940,307.2500,307.2500,307.2400,307.2400
1787320942,307.2400,307.2400,307.2400,307.2400
1787320943,307.2600,307.2600,307.2600,307.2600
1787320945,307.2600,307.2600,307.2500,307.2600
1787320946,307.2600,307.2900,307.2600,307.2900
1787320948,307.3000,307.3300,307.3000,307.3300
1787320949,307.3350,307.3350,307.3350,307.3350
1787320950,307.3100,307.3100,307.3000,307.3000
1787320951,307.3000,307.3000,307.3000,307.3000
1787320953,307.3050,307.3500,307.3050,307.3500
1787320954,307.3900,307.4000,307.3900,307.3900
1787320955,307.3850,307.3850,307.3850,307.3850
1787320956,307.3900,307.3900,307.3800,307.3800
1787320957,307.3800,307.3800,307.3700,307.3700
1787320958,307.3600,307.3600,307.3250,307.3300
1787320959,307.3500,307.3500,307.3500,307.3500
1787320960,307.3700,307.3700,307.3700,307.3700
1787320961,307.3600,307.3600,307.3600,307.3600
1787320962,307.3700,307.3800,307.3700,307.3800
1787320963,307.3700,307.3700,307.3700,307.3700
1787320966,307.3650,307.3800,307.3650,307.3800
1787320967,307.4000,307.4000,307.4000,307.4000
1787320968,307.3950,307.3950,307.3700,307.3700
1787320969,307.4000,307.4000,307.4000,307.4000
1787320970,307.3700,307.3700,307.3700,307.3700
1787320971,307.4000,307.4000,307.4000,307.4000
1787320972,307.4150,307.4150,307.4100,307.4100
1787320973,307.3900,307.3900,307.3300,307.3300
1787320974,307.3400,307.3400,307.3300,307.3300
1787320975,307.3200,307.3500,307.3200,307.3500
1787320976,307.3500,307.3600,307.3500,307.3600
1787320978,307.3700,307.4300,307.3700,307.4100
1787320979,307.4100,307.5000,307.4100,307.4700
1787320980,307.4500,307.4500,307.4500,307.4500
1787320984,307.4800,307.5000,307.4800,307.4800
1787320985,307.5100,307.5500,307.5100,307.5500
1787320986,307.5000,307.5000,307.4600,307.4600
1787320987,307.4850,307.4900,307.4800,307.4900
1787320988,307.4700,307.4700,307.4400,307.4400
1787320989,307.4600,307.4600,307.4600,307.4600
1787320992,307.4500,307.4500,307.4300,307.4300
1787320993,307.4200,307.4500,307.4200,307.4500
1787320994,307.4600,307.4700,307.4600,307.4700
1787320997,307.4500,307.4500,307.4500,307.4500
1787320998,307.4600,307.4600,307.4600,307.4600
1787321001,307.4600,307.4600,307.4600,307.4600
1787321003,307.4600,307.4600,307.4600,307.4600
1787321006,307.4600,307.4600,307.4600,307.4600
1787321007,307.4600,307.4700,307.4500,307.4700
1787321008,307.4300,307.4300,307.4300,307.4300
1787321010,307.4200,307.4200,307.4200,307.4200
1787321011,307.4100,307.4100,307.4100,307.4100
1787321012,307.4200,307.4300,307.4200,307.4200
1787321013,307.4200,307.4200,307.4200,307.4200
1787321014,307.4200,307.4200,307.4200,307.4200
1787321016,307.4200,307.4600,307.4200,307.4600
1787321017,307.4500,307.4500,307.4200,307.4200
1787321018,307.4100,307.4150,307.4100,307.4150
1787321019,307.4300,307.4300,307.4300,307.4300
1787321022,307.4300,307.4550,307.4300,307.4400
1787321023,307.4400,307.4400,307.4400,307.4400
1787321024,307.4400,307.4500,307.4400,307.4500
1787321025,307.4600,307.4600,307.4600,307.4600
1787321026,307.4600,307.4600,307.4400,307.4400
1787321027,307.4400,307.4400,307.4400,307.4400
1787321028,307.4400,307.4400,307.4400,307.4400
1787321029,307.4400,307.4400,307.4400,307.4400
1787321030,307.4400,307.4400,307.4100,307.4100
1787321031,307.4100,307.4100,307.4000,307.4000
1787321032,307.4100,307.4100,307.4100,307.4100
1787321033,307.4400,307.4600,307.4400,307.4600
1787321035,307.4600,307.4600,307.4600,307.4600
1787321036,307.4400,307.4400,307.4400,307.4400
1787321038,307.4200,307.4300,307.4100,307.4200
1787321039,307.4400,307.4400,307.4400,307.4400
1787321040,307.4600,307.4600,307.3700,307.3800
1787321041,307.4000,307.4000,307.3350,307.3350
1787321042,307.3600,307.3600,307.3600,307.3600
1787321043,307.3400,307.3700,307.3400,307.3600
1787321044,307.3550,307.4200,307.3550,307.4200
1787321045,307.4100,307.4200,307.3900,307.3900
1787321047,307.3500,307.3500,307.3200,307.3300
1787321050,307.3250,307.3250,307.3250,307.3250
1787321051,307.3300,307.3300,307.3300,307.3300
1787321053,307.3300,307.3800,307.3300,307.3800
1787321054,307.3900,307.3900,307.3900,307.3900
1787321057,307.4100,307.4100,307.4100,307.4100
1787321058,307.4200,307.4200,307.4200,307.4200
1787321059,307.4200,307.4200,307.4200,307.4200
1787321062,307.4200,307.4500,307.4200,307.4500
1787321064,307.4600,307.4600,307.4600,307.4600
1787321065,307.4400,307.4400,307.4400,307.4400
1787321066,307.4400,307.4400,307.4400,307.4400
1787321067,307.4500,307.4800,307.4500,307.4800
1787321069,307.4600,307.4600,307.4400,307.4400
1787321071,307.4600,307.4750,307.4600,307.4750
1787321073,307.4900,307.4900,307.4900,307.4900
1787321074,307.4900,307.5100,307.4900,307.5100
1787321075,307.5200,307.5200,307.5200,307.5200
1787321076,307.5200,307.5200,307.5200,307.5200
1787321077,307.5400,307.5400,307.5400,307.5400
1787321078,307.5450,307.5700,307.5450,307.5700
1787321079,307.5800,307.6500,307.5800,307.6500
1787321080,307.6200,307.6300,307.6200,307.6300
1787321082,307.6500,307.7200,307.6500,307.7200
1787321083,307.7300,307.7600,307.7100,307.7400
1787321084,307.7500,307.7500,307.7400,307.7400
1787321086,307.7600,307.7600,307.7400,307.7400
1787321087,307.7500,307.7800,307.7500,307.7800
1787321088,307.8000,307.8600,307.8000,307.8600
1787321089,307.8700,307.8700,307.8600,307.8700
1787321091,307.9000,307.9100,307.9000,307.9000
1787321092,307.9000,307.9000,307.9000,307.9000
1787321093,307.8900,307.8900,307.8500,307.8600
1787321094,307.8400,307.8400,307.8400,307.8400
1787321095,307.8400,307.8400,307.8400,307.8400
1787321096,307.8300,307.8800,307.8300,307.8700
1787321097,307.8750,307.8750,307.8750,307.8750
1787321098,307.8800,307.8800,307.8700,307.8700
1787321099,307.8900,307.8900,307.8900,307.8900
1787321100,307.8800,307.8800,307.8100,307.8100
1787321101,307.7800,307.8000,307.7800,307.7800
1787321102,307.7900,307.7900,307.7900,307.7900
1787321103,307.8200,307.8200,307.8200,307.8200
1787321104,307.8200,307.8400,307.7700,307.7700
1787321105,307.7400,307.7400,307.7200,307.7400
1787321107,307.7400,307.7400,307.7200,307.7200
1787321108,307.7500,307.7800,307.7500,307.7800
1787321109,307.7700,307.7700,307.7600,307.7700
1787321110,307.7700,307.7800,307.7100,307.7200
1787321112,307.7300,307.7500,307.7300,307.7500
1787321114,307.8500,307.8700,307.8500,307.8700
1787321117,307.8600,307.8600,307.8300,307.8300
1787321118,307.8100,307.8100,307.8000,307.8000
1787321119,307.8150,307.8150,307.8100,307.8100
1787321120,307.8200,307.8200,307.8200,307.8200
1787321121,307.8200,307.8200,307.7800,307.7800
1787321122,307.8000,307.8000,307.8000,307.8000
1787321123,307.8000,307.8000,307.8000,307.8000
1787321124,307.8000,307.8150,307.8000,307.8150
1787321125,307.8000,307.8100,307.8000,307.8100
1787321126,307.8250,307.8250,307.8250,307.8250
1787321127,307.8300,307.9000,307.8300,307.9000
1787321128,307.9000,307.9100,307.9000,307.9100
1787321129,307.9000,307.9000,307.8950,307.9000
1787321130,307.9100,307.9100,307.9100,307.9100
1787321131,307.9100,307.9200,307.9050,307.9100
1787321132,307.9200,307.9300,307.9200,307.9300
1787321133,307.9200,307.9200,307.8700,307.8700
1787321134,307.8750,307.8750,307.8750,307.8750
1787321135,307.8800,307.8800,307.8700,307.8800
1787321136,307.8600,307.8600,307.8600,307.8600
1787321137,307.8000,307.8000,307.7900,307.8000
1787321139,307.8000,307.8000,307.8000,307.8000
1787321140,307.7800,307.7800,307.7100,307.7100
1787321141,307.7200,307.7300,307.7200,307.7250
1787321142,307.7400,307.7400,307.7400,307.7400
1787321143,307.7400,307.7400,307.7300,307.7300
1787321145,307.7300,307.7300,307.7250,307.7250
1787321146,307.7500,307.7500,307.7500,307.7500
1787321147,307.7500,307.7500,307.7500,307.7500
1787321149,307.7300,307.7300,307.7100,307.7100
1787321150,307.7200,307.7200,307.7200,307.7200
1787321151,307.7200,307.7200,307.7200,307.7200
1787321152,307.7300,307.7400,307.7300,307.7400
1787321154,307.7600,307.8100,307.7600,307.8100
1787321155,307.8300,307.8300,307.8300,307.8300
1787321157,307.8400,307.8400,307.8200,307.8200
1787321159,307.8400,307.8400,307.8400,307.8400
1787321160,307.7800,307.7800,307.7800,307.7800
1787321161,307.8100,307.8100,307.8100,307.8100
1787321162,307.8300,307.8300,307.8300,307.8300
1787321163,307.8400,307.8900,307.8200,307.8200
1787321165,307.8100,307.8100,307.8100,307.8100
1787321166,307.8100,307.8100,307.8100,307.8100
1787321167,307.8150,307.8150,307.7800,307.7800
1787321168,307.7900,307.8100,307.7900,307.8100
1787321169,307.8000,307.8000,307.8000,307.8000
1787321170,307.8100,307.8100,307.8100,307.8100
1787321171,307.8100,307.8100,307.8100,307.8100
1787321173,307.8100,307.8100,307.8100,307.8100
1787321175,307.8200,307.8400,307.8200,307.8400
1787321176,307.8500,307.8550,307.8300,307.8400
1787321177,307.8500,307.8500,307.8500,307.8500
1787321178,307.8600,307.8700,307.8600,307.8700
1787321179,307.8800,307.8800,307.8700,307.8700
1787321180,307.8400,307.8400,307.7300,307.7300
1787321181,307.7200,307.7400,307.7000,307.7400
1787321182,307.7500,307.7700,307.7250,307.7700
1787321185,307.8300,307.8300,307.7700,307.7700
1787321187,307.8200,307.8700,307.8200,307.8300
1787321188,307.8100,307.8200,307.8100,307.8200
1787321189,307.7900,307.7900,307.7900,307.7900
1787321190,307.7800,307.7800,307.7400,307.7400
1787321191,307.7500,307.7600,307.7400,307.7400
1787321192,307.7400,307.7400,307.7100,307.7200
1787321193,307.7000,307.8300,307.7000,307.8000
1787321194,307.8150,307.8300,307.8150,307.8300
1787321195,307.8400,307.8400,307.8400,307.8400
1787321196,307.8500,307.8500,307.8500,307.8500
1787321197,307.8300,307.8800,307.8300,307.8800
1787321198,307.8800,307.8800,307.8800,307.8800
1787321199,307.8800,307.8900,307.8800,307.8900
1787321200,307.9000,307.9100,307.9000,307.9100
1787321201,307.9100,307.9100,307.9000,307.9000
1787321202,307.9000,307.9000,307.8800,307.8800
1787321203,307.8600,307.8800,307.8500,307.8700
1787321204,307.8800,307.8800,307.8800,307.8800
1787321205,307.8800,307.9700,307.8800,307.9700
1787321206,307.9800,307.9800,307.9300,307.9300
1787321207,307.9600,307.9600,307.9600,307.9600
1787321208,307.9550,307.9550,307.9550,307.9550
1787321209,307.9600,307.9750,307.9600,307.9750
1787321210,307.9900,308.0400,307.9900,308.0300
1787321211,308.0000,308.0150,307.9800,307.9800
1787321212,307.9600,307.9600,307.9500,307.9500
1787321213,307.9400,307.9400,307.9300,307.9400
1787321214,307.9400,307.9500,307.9400,307.9500
1787321215,307.9600,307.9700,307.9600,307.9700
1787321216,307.9800,307.9800,307.9600,307.9650
1787321217,307.9600,307.9600,307.9400,307.9400
1787321218,307.9400,307.9400,307.9400,307.9400
1787321219,307.9300,307.9300,307.9100,307.9100
1787321220,307.8900,307.9000,307.8900,307.9000
1787321221,307.9200,307.9200,307.9000,307.9000
1787321222,307.8800,307.8800,307.8600,307.8600
1787321223,307.8600,307.8600,307.8200,307.8200
1787321224,307.8500,307.8900,307.8500,307.8900
1787321225,307.8600,307.8800,307.8600,307.8700
1787321226,307.8600,307.8600,307.8600,307.8600
1787321227,307.8750,307.8800,307.8300,307.8300
1787321228,307.8100,307.8700,307.7900,307.8700
1787321230,307.8900,307.8900,307.8900,307.8900
1787321231,307.8800,307.8800,307.8800,307.8800
1787321232,307.8600,307.8650,307.8600,307.8650
1787321233,307.8900,307.9000,307.8900,307.9000
1787321234,307.9100,307.9100,307.9000,307.9000
1787321235,307.9200,307.9200,307.9200,307.9200
1787321236,307.9300,307.9300,307.9200,307.9300
1787321237,307.9200,307.9200,307.9200,307.9200
1787321239,307.9100,307.9200,307.9100,307.9200
1787321240,307.9200,307.9200,307.9100,307.9100
1787321241,307.9100,307.9200,307.9100,307.9200
1787321243,307.9200,307.9200,307.9200,307.9200
1787321244,307.9100,307.9100,307.9000,307.9000
1787321246,307.9100,307.9100,307.8900,307.8900
1787321247,307.9000,307.9000,307.9000,307.9000
1787321248,307.9000,307.9100,307.9000,307.9100
1787321250,307.9100,307.9700,307.9100,307.9700
1787321251,307.9700,307.9700,307.9700,307.9700
1787321252,307.9550,307.9700,307.9550,307.9700
1787321253,307.9800,307.9900,307.9800,307.9900
1787321254,307.9900,307.9900,307.9900,307.9900
1787321255,307.9900,307.9900,307.9900,307.9900
1787321256,307.9900,307.9900,307.9900,307.9900
1787321257,307.9900,307.9900,307.9700,307.9800
1787321258,307.9850,307.9850,307.9850,307.9850
1787321259,307.9800,307.9800,307.9600,307.9600
1787321260,307.9500,307.9600,307.9500,307.9600
1787321261,307.9800,307.9800,307.9800,307.9800
1787321262,307.9700,307.9700,307.9600,307.9600
1787321263,307.9600,307.9600,307.9500,307.9550
1787321264,307.9600,307.9700,307.9600,307.9700
1787321265,307.9400,307.9400,307.8800,307.8800
1787321266,307.8750,307.9100,307.8750,307.9100
1787321267,307.9300,307.9300,307.9300,307.9300
1787321268,307.9500,307.9500,307.9300,307.9300
1787321269,307.9200,307.9300,307.9200,307.9300
1787321270,307.9200,307.9200,307.9200,307.9200
1787321272,307.9200,307.9200,307.9200,307.9200
1787321273,307.9400,307.9800,307.9400,307.9700
1787321274,307.9700,307.9700,307.9500,307.9500
1787321277,307.9600,307.9600,307.9600,307.9600
1787321278,307.9600,307.9650,307.9600,307.9650
1787321279,307.9500,307.9500,307.9200,307.9200
1787321280,307.9150,307.9150,307.9150,307.9150
1787321281,307.9000,307.9000,307.8200,307.8200
1787321283,307.8300,307.8300,307.8300,307.8300
1787321284,307.8400,307.8600,307.8400,307.8600
1787321286,307.8900,307.8900,307.8300,307.8300
1787321289,307.8500,307.8900,307.8500,307.8900
1787321290,307.8900,307.8900,307.8800,307.8800
1787321291,307.8400,307.8400,307.8200,307.8250
1787321293,307.8200,307.8200,307.8100,307.8100
1787321294,307.8100,307.8100,307.8100,307.8100
1787321295,307.8000,307.8000,307.7700,307.7700
1787321296,307.7800,307.7900,307.7600,307.7900
1787321297,307.8000,307.8100,307.8000,307.8100
1787321298,307.8100,307.8100,307.8100,307.8100
1787321299,307.8100,307.8100,307.8100,307.8100
1787321300,307.8200,307.8200,307.8200,307.8200
1787321302,307.8400,307.8500,307.8400,307.8500
1787321303,307.8500,307.8600,307.8500,307.8500
1787321307,307.8200,307.8200,307.8100,307.8100
1787321308,307.8200,307.8200,307.8200,307.8200
1787321309,307.8200,307.8200,307.8200,307.8200
1787321311,307.8000,307.8000,307.7900,307.7900
1787321315,307.7900,307.7900,307.7900,307.7900
1787321316,307.8000,307.8000,307.8000,307.8000
1787321317,307.7900,307.7900,307.7400,307.7400
1787321318,307.7100,307.7100,307.7100,307.7100
1787321319,307.7200,307.7200,307.7200,307.7200
1787321320,307.7400,307.7400,307.7400,307.7400
1787321322,307.7200,307.7200,307.7200,307.7200
1787321323,307.7200,307.7200,307.7200,307.7200
1787321324,307.7200,307.7200,307.7200,307.7200
1787321326,307.7400,307.7600,307.7400,307.7600
1787321327,307.7400,307.7400,307.7200,307.7200
1787321329,307.7300,307.7300,307.7300,307.7300
1787321330,307.7400,307.7400,307.7400,307.7400
1787321331,307.7100,307.7100,307.6800,307.6800
1787321332,307.6800,307.6850,307.6800,307.6850
1787321333,307.7050,307.7050,307.6900,307.6900
1787321334,307.6800,307.6800,307.6800,307.6800
1787321335,307.6900,307.6900,307.6900,307.6900
1787321336,307.6900,307.6900,307.6800,307.6800
1787321337,307.6700,307.6700,307.6700,307.6700
1787321338,307.6600,307.6700,307.6600,307.6700
1787321340,307.6800,307.6800,307.6800,307.6800
1787321341,307.7100,307.7400,307.7100,307.7400
1787321342,307.7200,307.7200,307.6700,307.6900
1787321343,307.6800,307.6800,307.6800,307.6800
1787321344,307.6600,307.6600,307.6500,307.6500
1787321345,307.6700,307.6700,307.6700,307.6700
1787321346,307.6850,307.6850,307.6300,307.6800
1787321347,307.6900,307.7300,307.6900,307.7300
1787321348,307.7400,307.7800,307.7400,307.7800
1787321349,307.7900,307.7900,307.7900,307.7900
1787321353,307.8300,307.8500,307.8300,307.8500
1787321354,307.8500,307.8500,307.8200,307.8500
1787321355,307.8500,307.8600,307.8500,307.8600
1787321357,307.8700,307.8700,307.8700,307.8700
1787321358,307.8700,307.8700,307.8500,307.8500
1787321359,307.8300,307.8300,307.8300,307.8300
1787321360,307.8600,307.8600,307.8600,307.8600
1787321361,307.8500,307.8500,307.8300,307.8300
1787321362,307.8300,307.8300,307.8300,307.8300
1787321364,307.8400,307.8400,307.8400,307.8400
1787321365,307.8300,307.8300,307.8300,307.8300
1787321366,307.8400,307.8400,307.8400,307.8400
1787321367,307.8250,307.8500,307.8200,307.8500
1787321368,307.8600,307.8600,307.8600,307.8600
1787321369,307.8650,307.8650,307.8600,307.8600
1787321371,307.8500,307.8500,307.8500,307.8500
1787321372,307.8400,307.8400,307.8400,307.8400
1787321373,307.8200,307.8200,307.8200,307.8200
1787321374,307.8200,307.8200,307.8200,307.8200
1787321375,307.8200,307.8300,307.8200,307.8300
1787321376,307.8200,307.8200,307.8200,307.8200
1787321377,307.8150,307.8150,307.7900,307.7900
1787321378,307.8100,307.8100,307.8050,307.8050
1787321379,307.8100,307.8100,307.8000,307.8000
1787321380,307.7900,307.7900,307.7900,307.7900
1787321381,307.8000,307.8000,307.8000,307.8000
1787321382,307.7800,307.7800,307.7700,307.7800
1787321383,307.7900,307.7900,307.7900,307.7900
1787321384,307.7900,307.7900,307.7900,307.7900
1787321387,307.8000,307.9000,307.8000,307.9000
1787321388,307.9250,307.9400,307.9250,307.9400
1787321389,307.9500,307.9500,307.9500,307.9500
1787321390,307.9400,307.9400,307.9100,307.9100
1787321391,307.9200,307.9200,307.9200,307.9200
1787321392,307.9000,307.9000,307.9000,307.9000
1787321393,307.8600,307.8800,307.8600,307.8800
1787321394,307.8700,307.8700,307.8500,307.8500
1787321395,307.8500,307.8500,307.8200,307.8200
1787321396,307.8100,307.8200,307.8000,307.8100
1787321397,307.8400,307.8500,307.8300,307.8300
1787321399,307.8200,307.8200,307.8100,307.8100
1787321400,307.8000,307.8000,307.7600,307.7600
1787321401,307.7900,307.7900,307.7900,307.7900
1787321403,307.7750,307.7750,307.7750,307.7750
1787321404,307.7750,307.7750,307.7750,307.7750
1787321405,307.7900,307.7900,307.7900,307.7900
1787321406,307.8000,307.8000,307.8000,307.8000
1787321408,307.8400,307.8500,307.8400,307.8500
1787321409,307.8700,307.8700,307.8700,307.8700
1787321410,307.8600,307.8600,307.8200,307.8200
1787321411,307.8300,307.8300,307.8300,307.8300
1787321412,307.8500,307.8900,307.8500,307.8900
1787321413,307.9000,307.9000,307.8800,307.8900
1787321414,307.8850,307.8850,307.7500,307.7500
1787321415,307.7200,307.7200,307.6800,307.6800
1787321417,307.6800,307.6800,307.6800,307.6800
1787321418,307.7000,307.7100,307.7000,307.7100
1787321419,307.7100,307.7200,307.7100,307.7200
1787321420,307.7300,307.7300,307.7300,307.7300
1787321421,307.7400,307.7400,307.7400,307.7400
1787321422,307.7700,307.7700,307.7700,307.7700
1787321423,307.7800,307.7800,307.7800,307.7800
1787321425,307.7700,307.7700,307.7650,307.7650
1787321426,307.7500,307.7700,307.7500,307.7700
1787321427,307.7900,307.8200,307.7900,307.8200
1787321429,307.8300,307.8400,307.8300,307.8400
1787321431,307.8300,307.8300,307.8300,307.8300
1787321432,307.8400,307.8400,307.8400,307.8400
1787321435,307.8400,307.8400,307.8400,307.8400
1787321436,307.8500,307.8700,307.8500,307.8700
1787321439,307.8900,307.9000,307.8900,307.8900
1787321440,307.8800,307.8800,307.8800,307.8800
1787321441,307.8800,307.8800,307.8800,307.8800
1787321442,307.8800,307.8800,307.8800,307.8800
1787321443,307.8900,307.8900,307.8800,307.8800
1787321444,307.8500,307.8500,307.8500,307.8500
1787321446,307.8500,307.8500,307.8450,307.8450
1787321448,307.8500,307.8500,307.8300,307.8300
1787321449,307.8300,307.8300,307.8000,307.8200
1787321450,307.8400,307.8600,307.8400,307.8600
1787321453,307.8600,307.8600,307.8500,307.8500
1787321456,307.8500,307.8500,307.8500,307.8500
1787321457,307.8400,307.8400,307.8300,307.8300
1787321459,307.8350,307.8350,307.8050,307.8150
1787321460,307.8200,307.8200,307.7900,307.8050
1787321461,307.8200,307.8200,307.8200,307.8200
1787321462,307.8150,307.8150,307.7800,307.7800
1787321463,307.7900,307.8100,307.7900,307.8100
1787321464,307.8050,307.8050,307.8000,307.8000
1787321466,307.7700,307.7700,307.7700,307.7700
1787321467,307.7700,307.7700,307.7700,307.7700
1787321468,307.7700,307.8200,307.7700,307.8200
1787321469,307.8200,307.8200,307.8100,307.8100
1787321470,307.8200,307.8300,307.8200,307.8300
1787321472,307.8400,307.8500,307.8400,307.8500
1787321473,307.8500,307.8500,307.8500,307.8500
1787321474,307.8300,307.8300,307.8300,307.8300
1787321475,307.8500,307.8500,307.8500,307.8500
1787321476,307.8450,307.8450,307.8450,307.8450
1787321477,307.8200,307.8200,307.8000,307.8200
1787321478,307.8000,307.8000,307.7700,307.7700
1787321479,307.7700,307.7700,307.7500,307.7500
1787321480,307.7200,307.7200,307.6900,307.6900
1787321482,307.6800,307.6800,307.6600,307.6600
1787321485,307.6750,307.6750,307.6500,307.6500
1787321487,307.6500,307.6500,307.6500,307.6500
1787321489,307.6500,307.6500,307.6500,307.6500
1787321490,307.6500,307.7000,307.6500,307.7000
1787321491,307.6800,307.6800,307.6800,307.6800
1787321493,307.6800,307.6800,307.6800,307.6800
1787321494,307.6800,307.6800,307.6800,307.6800
1787321497,307.7000,307.7000,307.7000,307.7000
1787321498,307.7100,307.7300,307.7100,307.7200
1787321499,307.7000,307.7000,307.6900,307.6900
1787321500,307.6800,307.6800,307.6500,307.6500
1787321504,307.6700,307.6900,307.6700,307.6900
1787321506,307.6800,307.6800,307.6750,307.6750
1787321508,307.6800,307.6800,307.6800,307.6800
1787321514,307.6900,307.7100,307.6900,307.7100
1787321515,307.7200,307.7200,307.7200,307.7200
1787321517,307.7300,307.7300,307.6900,307.6900
1787321518,307.6900,307.6900,307.6900,307.6900
1787321520,307.6700,307.6700,307.6700,307.6700
1787321521,307.6700,307.6700,307.6700,307.6700
1787321522,307.6800,307.7000,307.6500,307.6500
1787321523,307.6400,307.6400,307.6300,307.6300
1787321524,307.6350,307.6500,307.6300,307.6500
1787321525,307.6600,307.6600,307.6600,307.6600
1787321527,307.6800,307.6800,307.6700,307.6700
1787321528,307.6800,307.6800,307.6000,307.6100
1787321531,307.6200,307.6400,307.6200,307.6300
1787321532,307.6000,307.6000,307.5800,307.5800
1787321533,307.6050,307.6400,307.6050,307.6400
1787321534,307.6500,307.7300,307.6500,307.7000
1787321535,307.6900,307.6900,307.6900,307.6900
1787321539,307.6600,307.6700,307.6500,307.6700
1787321540,307.6700,307.9400,307.6700,307.8900
1787321541,307.8950,307.8950,307.8800,307.8800
1787321542,307.8950,307.9200,307.8850,307.9200
1787321543,307.9200,307.9200,307.9200,307.9200
1787321544,307.9100,307.9100,307.9100,307.9100
1787321546,307.9200,307.9200,307.9200,307.9200
1787321547,307.9100,307.9100,307.8800,307.8800
1787321548,307.8500,307.8500,307.8500,307.8500
1787321549,307.8700,307.8700,307.8700,307.8700
1787321550,307.8300,307.8300,307.8300,307.8300
1787321551,307.8000,307.8000,307.7900,307.7900
1787321552,307.7900,307.7900,307.7700,307.7700
1787321553,307.7900,307.7900,307.7900,307.7900
1787321556,307.7900,307.7900,307.7700,307.7800
1787321557,307.7750,307.7800,307.7600,307.7800
1787321558,307.7800,307.7800,307.7600,307.7600
1787321559,307.7700,307.7700,307.7600,307.7600
1787321560,307.7500,307.7500,307.7500,307.7500
1787321563,307.7600,307.7600,307.7600,307.7600
1787321564,307.7400,307.7400,307.7400,307.7400
1787321566,307.7000,307.7150,307.6800,307.6800
1787321567,307.7200,307.7200,307.7200,307.7200
1787321570,307.7200,307.7200,307.7200,307.7200
1787321571,307.7000,307.7000,307.6900,307.7000
1787321572,307.7150,307.7600,307.7100,307.7600
1787321573,307.7800,307.7900,307.7800,307.7900
1787321574,307.7700,307.7700,307.7700,307.7700
1787321576,307.7700,307.7700,307.7700,307.7700
1787321578,307.7700,307.7700,307.7300,307.7300
1787321579,307.7300,307.7300,307.7300,307.7300
1787321580,307.7500,307.7500,307.7300,307.7300
1787321581,307.7000,307.7000,307.7000,307.7000
1787321582,307.7100,307.7100,307.7000,307.7000
1787321583,307.7050,307.7050,307.7050,307.7050
1787321584,307.7000,307.7000,307.7000,307.7000
1787321585,307.7200,307.7200,307.7200,307.7200
1787321586,307.6900,307.6900,307.6800,307.6800
1787321588,307.7200,307.7200,307.7200,307.7200
1787321589,307.7100,307.7200,307.7100,307.7200
1787321590,307.7300,307.7400,307.7300,307.7400
1787321591,307.7200,307.7200,307.7200,307.7200
1787321593,307.7000,307.7000,307.7000,307.7000
1787321594,307.7200,307.7200,307.7200,307.7200
1787321595,307.7100,307.7100,307.7000,307.7000
1787321596,307.6900,307.6900,307.6400,307.6600
1787321597,307.6800,307.6900,307.6800,307.6900
1787321600,307.6650,307.6650,307.6300,307.6300
1787321601,307.6200,307.6200,307.5900,307.5900
1787321602,307.5800,307.5800,307.5300,307.5300
1787321603,307.5200,307.5400,307.5100,307.5400
1787321606,307.5500,307.5900,307.5350,307.5900
1787321607,307.6000,307.6000,307.6000,307.6000
1787321610,307.5900,307.5900,307.5900,307.5900
1787321611,307.5700,307.5700,307.5700,307.5700
1787321612,307.5900,307.5900,307.5900,307.5900
1787321614,307.5500,307.5800,307.5500,307.5800
1787321616,307.6000,307.6000,307.6000,307.6000
1787321617,307.6300,307.6350,307.6300,307.6350
1787321618,307.6400,307.6500,307.6400,307.6500
1787321619,307.6300,307.6400,307.6300,307.6400
1787321621,307.6200,307.6300,307.6200,307.6300
1787321622,307.6500,307.6500,307.6500,307.6500
1787321625,307.6400,307.6600,307.6400,307.6600
1787321626,307.6600,307.6600,307.6600,307.6600
1787321627,307.6400,307.6400,307.6200,307.6400
1787321629,307.6550,307.6700,307.6550,307.6700
1787321630,307.6700,307.6850,307.6700,307.6800
1787321635,307.6500,307.6500,307.6400,307.6500
1787321636,307.6400,307.6400,307.6200,307.6200
1787321637,307.6400,307.6600,307.6400,307.6450
1787321638,307.6400,307.6600,307.6300,307.6500
1787321640,307.6500,307.6500,307.6500,307.6500
1787321641,307.6300,307.6400,307.6200,307.6300
1787321643,307.6100,307.6100,307.6000,307.6000
1787321644,307.6300,307.6700,307.6100,307.6600
1787321645,307.6400,307.6400,307.6400,307.6400
1787321647,307.6400,307.6400,307.6400,307.6400
1787321648,307.6500,307.6600,307.6500,307.6600
1787321649,307.6500,307.6500,307.6500,307.6500
1787321650,307.6600,307.6800,307.6300,307.6500
1787321651,307.6900,307.7500,307.6900,307.7500
1787321652,307.7500,307.7900,307.7400,307.7900
1787321653,307.7750,307.7750,307.7750,307.7750
1787321654,307.8000,307.8100,307.7100,307.7500
1787321655,307.7500,307.7600,307.7500,307.7600
1787321657,307.7100,307.7300,307.7100,307.7300
1787321659,307.7100,307.7100,307.7100,307.7100
1787321660,307.7100,307.7100,307.7100,307.7100
1787321662,307.7200,307.7200,307.7200,307.7200
1787321665,307.7400,307.7400,307.7000,307.7000
1787321666,307.6950,307.7200,307.6950,307.7200
1787321667,307.7100,307.7100,307.7100,307.7100
1787321669,307.7200,307.7200,307.7200,307.7200
1787321670,307.7100,307.7100,307.6600,307.6600
1787321672,307.6200,307.6200,307.6200,307.6200
1787321673,307.6400,307.6400,307.6400,307.6400
1787321677,307.6500,307.6500,307.6500,307.6500
1787321678,307.6200,307.6300,307.6100,307.6300
1787321680,307.6200,307.6200,307.6200,307.6200
1787321681,307.6600,307.6700,307.6600,307.6600
1787321682,307.6600,307.6600,307.6600,307.6600
1787321683,307.6900,307.7400,307.6800,307.7400
1787321685,307.7500,307.7500,307.7200,307.7200
1787321686,307.7100,307.7300,307.7100,307.7300
1787321687,307.7500,307.7500,307.7500,307.7500
1787321689,307.7700,307.7700,307.7700,307.7700
1787321690,307.7800,307.7900,307.7800,307.7900
1787321691,307.7900,307.7900,307.7800,307.7800
1787321692,307.7400,307.7400,307.7400,307.7400
1787321696,307.7000,307.7200,307.7000,307.7200
1787321697,307.7100,307.7200,307.6900,307.7200
1787321700,307.7000,307.7050,307.7000,307.7000
1787321701,307.7200,307.7400,307.7200,307.7400
1787321702,307.7600,307.7700,307.7600,307.7700
1787321703,307.7600,307.8050,307.7600,307.8050
1787321704,307.7950,307.8100,307.7800,307.7800
1787321705,307.7900,307.8500,307.7900,307.8500
1787321706,307.8700,307.8700,307.8700,307.8700
1787321707,307.8600,307.9500,307.8600,307.9450
1787321708,307.9700,308.1000,307.9700,308.0400
1787321709,308.0600,308.0600,308.0600,308.0600
1787321710,308.0400,308.0400,307.9950,308.0200
1787321711,308.0200,308.0500,308.0200,308.0500
1787321712,308.0600,308.0800,308.0600,308.0800
1787321714,308.0800,308.0800,308.0800,308.0800
1787321715,308.0700,308.0900,308.0700,308.0900
1787321716,308.1100,308.1200,308.1100,308.1100
1787321717,308.1100,308.1100,308.1100,308.1100
1787321718,308.1100,308.1100,308.1100,308.1100
1787321719,308.1200,308.1500,308.1200,308.1500
1787321720,308.1500,308.1500,308.1500,308.1500
1787321721,308.1500,308.1500,308.1200,308.1200
1787321722,308.1300,308.1300,308.1300,308.1300
1787321723,308.1100,308.1100,308.0400,308.0500
1787321725,308.0800,308.0900,308.0500,308.0800
1787321726,308.0700,308.1100,308.0700,308.1100
1787321727,308.1100,308.1100,308.1100,308.1100
1787321729,308.1100,308.1100,308.1100,308.1100
1787321730,308.0900,308.1000,308.0900,308.0900
1787321732,308.0800,308.0800,308.0300,308.0400
1787321734,308.0700,308.1000,308.0700,308.1000
1787321735,308.1100,308.1100,308.1000,308.1000
1787321736,308.1200,308.1200,308.1000,308.1000
1787321737,308.0900,308.1000,308.0900,308.1000
1787321738,308.1000,308.1000,308.1000,308.1000
1787321739,308.0800,308.0800,308.0700,308.0700
1787321741,308.0700,308.0700,308.0500,308.0500
1787321743,308.0500,308.0500,308.0500,308.0500
1787321744,308.0600,308.0600,308.0600,308.0600
1787321745,308.0600,308.0600,308.0300,308.0500
1787321746,308.0700,308.0800,308.0700,308.0800
1787321748,308.1000,308.1200,308.1000,308.1200
1787321749,308.0900,308.0900,308.0500,308.0600
1787321750,308.0600,308.0600,308.0600,308.0600
1787321751,308.0600,308.0600,308.0500,308.0500
1787321752,308.0500,308.0700,308.0500,308.0600
1787321754,308.0550,308.0550,308.0500,308.0500
1787321755,308.0500,308.0600,308.0500,308.0600
1787321756,308.0400,308.0500,308.0400,308.0500
1787321757,308.0500,308.0500,308.0500,308.0500
1787321758,308.0400,308.0400,308.0300,308.0300
1787321759,308.0100,308.0250,308.0100,308.0250
1787321760,308.0150,308.0150,308.0150,308.0150
1787321762,308.0200,308.0400,308.0200,308.0300
1787321763,308.0500,308.0500,308.0450,308.0450
1787321764,308.0600,308.0600,308.0600,308.0600
1787321766,308.0400,308.1500,308.0400,308.1500
1787321767,308.1100,308.1200,308.1100,308.1200
1787321769,308.0900,308.0900,308.0800,308.0800
1787321770,308.0900,308.1100,308.0900,308.1100
1787321771,308.0700,308.0700,308.0500,308.0500
1787321772,308.0600,308.0600,308.0500,308.0500
1787321773,308.0600,308.0600,308.0400,308.0400
1787321774,308.0500,308.0550,308.0500,308.0500
1787321778,308.0500,308.0800,308.0500,308.0800
1787321779,308.0900,308.0900,308.0300,308.0300
1787321780,308.0100,308.0300,308.0000,308.0300
1787321781,308.0300,308.0400,308.0300,308.0400
1787321782,308.0400,308.0400,308.0400,308.0400
1787321783,308.0300,308.0300,308.0300,308.0300
1787321784,308.0500,308.0500,308.0500,308.0500
1787321785,308.0600,308.0600,308.0500,308.0500
1787321786,308.0500,308.0500,308.0500,308.0500
1787321789,308.0400,308.0400,308.0400,308.0400
1787321790,308.0400,308.0400,308.0400,308.0400
1787321791,308.0400,308.0400,308.0400,308.0400
1787321792,308.0450,308.0450,308.0200,308.0400
1787321793,308.0300,308.0300,308.0300,308.0300
1787321794,308.0500,308.0600,308.0500,308.0600
1787321796,308.0600,308.0700,308.0600,308.0700
1787321797,308.0800,308.0800,308.0600,308.0600
1787321798,308.0500,308.0500,308.0400,308.0400
1787321800,308.0500,308.0500,308.0500,308.0500
1787321801,308.0600,308.0700,308.0600,308.0700
1787321802,308.0800,308.1000,308.0800,308.1000
1787321804,308.1100,308.1100,308.1100,308.1100
1787321806,308.0900,308.1000,308.0800,308.1000
1787321807,308.1100,308.1100,308.1100,308.1100
1787321809,308.1200,308.1200,308.1200,308.1200
1787321812,308.1200,308.1200,308.1200,308.1200
1787321813,308.1200,308.1200,308.1200,308.1200
1787321814,308.1300,308.1300,308.1100,308.1100
1787321815,308.0900,308.0900,308.0900,308.0900
1787321817,308.1000,308.1000,308.1000,308.1000
1787321818,308.1100,308.1200,308.1100,308.1200
1787321819,308.1300,308.1300,308.1300,308.1300
1787321820,308.1300,308.1400,308.1100,308.1100
1787321822,308.1400,308.1400,308.1400,308.1400
1787321823,308.1400,308.1700,308.1400,308.1700
1787321825,308.1900,308.2000,308.1400,308.1400
1787321827,308.1600,308.1600,308.1600,308.1600
1787321828,308.1400,308.1400,308.1100,308.1100
1787321829,308.1400,308.1400,308.1300,308.1300
1787321830,308.1500,308.1600,308.1500,308.1600
1787321832,308.1400,308.1400,308.1300,308.1300
1787321834,308.0900,308.0900,308.0700,308.0700
1787321835,308.0900,308.0900,308.0900,308.0900
1787321839,308.0900,308.1000,308.0900,308.1000
1787321841,308.1100,308.1100,308.1100,308.1100
1787321842,308.1100,308.1100,308.0900,308.0900
1787321843,308.1100,308.1100,308.0800,308.0800
1787321845,308.0900,308.0900,308.0900,308.0900
1787321846,308.1100,308.1100,308.1100,308.1100
1787321847,308.1000,308.1000,308.1000,308.1000
1787321848,308.0800,308.1300,308.0700,308.1300
1787321850,308.1200,308.1200,308.1100,308.1100
1787321851,308.1000,308.1000,308.0800,308.0800
1787321852,308.1000,308.1200,308.0700,308.1200
1787321853,308.1400,308.1400,308.1400,308.1400
1787321855,308.1500,308.1700,308.1500,308.1700
1787321856,308.1600,308.1600,308.1600,308.1600
1787321857,308.1300,308.1300,308.1000,308.1000
1787321858,308.1100,308.1100,308.1100,308.1100
1787321859,308.1200,308.1200,308.1100,308.1100
1787321861,308.1500,308.1500,308.1500,308.1500
1787321862,308.1500,308.1600,308.1500,308.1500
1787321863,308.1500,308.1500,308.1500,308.1500
1787321864,308.1600,308.1600,308.1600,308.1600
1787321865,308.1600,308.1600,308.1600,308.1600
1787321868,308.1600,308.1600,308.1600,308.1600
1787321869,308.1500,308.1700,308.1500,308.1700
1787321872,308.1500,308.1500,308.1500,308.1500
1787321873,308.1300,308.1300,308.1200,308.1200
1787321874,308.1100,308.1100,308.1000,308.1100
1787321876,308.1100,308.1100,308.0950,308.0950
1787321878,308.1100,308.1100,308.1100,308.1100
1787321879,308.0800,308.0800,308.0800,308.0800
1787321881,308.0800,308.0800,308.0600,308.0600
1787321882,308.0700,308.0700,308.0700,308.0700
1787321883,308.0600,308.0600,308.0100,308.0100
1787321885,308.0300,308.0300,307.9800,307.9800
1787321886,307.9600,307.9900,307.9600,307.9900
1787321887,307.9500,307.9500,307.9400,307.9400
1787321889,307.9600,307.9600,307.9500,307.9500
1787321890,307.9700,307.9800,307.9600,307.9600
1787321891,307.9900,307.9900,307.9900,307.9900
1787321892,307.9950,307.9950,307.9950,307.9950
1787321894,308.0000,308.0100,308.0000,308.0100
1787321895,307.9900,307.9900,307.9800,307.9800
1787321896,308.0100,308.0100,308.0100,308.0100
1787321897,308.0000,308.0000,308.0000,308.0000
1787321899,308.0150,308.0300,308.0150,308.0300
1787321901,308.0200,308.0350,308.0200,308.0350
1787321904,308.0400,308.0500,308.0400,308.0450
1787321905,308.0300,308.0300,308.0300,308.0300
1787321906,308.0300,308.0300,308.0200,308.0200
1787321908,308.0250,308.0250,308.0000,308.0000
1787321909,307.9800,307.9800,307.9800,307.9800
1787321910,307.9600,307.9700,307.9500,307.9500
1787321911,307.9500,307.9500,307.8600,307.8600
1787321913,307.9000,307.9000,307.9000,307.9000
1787321916,307.8800,307.8800,307.8700,307.8700
1787321917,307.8800,307.8800,307.8800,307.8800
1787321918,307.8800,307.8800,307.8800,307.8800
1787321919,307.8600,307.8600,307.8300,307.8300
1787321920,307.8400,307.8400,307.8000,307.8000
1787321921,307.8000,307.8000,307.8000,307.8000
1787321922,307.8200,307.8200,307.8200,307.8200
1787321923,307.8200,307.8200,307.8100,307.8100
1787321924,307.8300,307.8300,307.8300,307.8300
1787321925,307.8300,307.8350,307.8000,307.8000
1787321928,307.8200,307.8200,307.8000,307.8000
1787321929,307.8200,307.8200,307.8200,307.8200
1787321930,307.8000,307.8000,307.8000,307.8000
1787321933,307.7900,307.7900,307.7700,307.7700
1787321934,307.7600,307.7700,307.7500,307.7700
1787321935,307.7900,307.8150,307.7900,307.8150
1787321936,307.8100,307.8100,307.8000,307.8000
1787321937,307.8000,307.8000,307.8000,307.8000
1787321938,307.8100,307.8100,307.8100,307.8100
1787321939,307.8100,307.8100,307.8100,307.8100
1787321940,307.8100,307.8100,307.8100,307.8100
1787321941,307.8050,307.8200,307.8000,307.8200
1787321942,307.8200,307.8200,307.8100,307.8100
1787321944,307.8100,307.8100,307.8000,307.8000
1787321945,307.8100,307.8200,307.8100,307.8100
1787321946,307.8100,307.8100,307.8100,307.8100
1787321947,307.8200,307.8400,307.8200,307.8400
1787321950,307.8500,307.8500,307.8400,307.8400
1787321951,307.8500,307.8500,307.8500,307.8500
1787321952,307.8600,307.8600,307.8600,307.8600
1787321953,307.8500,307.9000,307.8400,307.8800
1787321954,307.9000,307.9000,307.8900,307.8900
1787321955,307.8800,307.8800,307.8800,307.8800
1787321957,307.8900,307.8900,307.8900,307.8900
1787321958,307.9100,307.9200,307.9100,307.9200
1787321959,307.9300,307.9300,307.9300,307.9300
1787321960,307.9300,307.9300,307.9300,307.9300
1787321961,307.9300,307.9300,307.9300,307.9300
1787321962,307.9400,307.9400,307.9400,307.9400
1787321963,307.9200,307.9300,307.9200,307.9300
1787321964,307.9400,307.9600,307.9350,307.9500
1787321965,307.9600,307.9600,307.9500,307.9500
1787321966,307.9450,307.9450,307.9450,307.9450
1787321967,307.9450,307.9450,307.9450,307.9450
1787321968,307.9600,307.9800,307.9600,307.9800
1787321969,307.9800,307.9800,307.9800,307.9800
1787321970,307.9800,307.9800,307.9800,307.9800
1787321972,307.9700,307.9800,307.9700,307.9800
1787321973,307.9900,308.0000,307.9900,307.9900
1787321974,308.0000,308.0000,308.0000,308.0000
1787321975,308.0100,308.0100,308.0100,308.0100
1787321976,308.0200,308.0200,308.0100,308.0100
1787321977,307.9800,307.9800,307.9800,307.9800
1787321979,307.9800,307.9800,307.9800,307.9800
1787321980,307.9900,307.9900,307.9900,307.9900
1787321981,308.0050,308.0100,308.0050,308.0100
1787321982,308.0200,308.0400,308.0200,308.0400
1787321985,308.0200,308.0200,308.0200,308.0200
1787321986,308.0000,308.0000,307.9600,307.9600
1787321987,307.9800,307.9800,307.9800,307.9800
1787321988,307.9500,307.9500,307.9300,307.9300
1787321989,307.9300,307.9300,307.9300,307.9300
1787321990,307.9300,307.9300,307.9300,307.9300
1787321991,307.9400,307.9400,307.9400,307.9400
1787321992,307.9400,307.9400,307.9400,307.9400
1787321993,307.9500,307.9600,307.9500,307.9600
1787321994,307.9500,307.9600,307.9500,307.9600
1787321997,307.9700,307.9700,307.9700,307.9700
1787321998,307.9900,307.9900,307.9900,307.9900
1787322001,307.9650,307.9650,307.9650,307.9650
1787322002,307.9800,307.9800,307.9400,307.9400
1787322006,307.9300,307.9300,307.9300,307.9300
1787322007,307.9500,307.9600,307.9500,307.9600
1787322008,307.9600,307.9600,307.9400,307.9400
1787322009,307.9400,307.9500,307.9400,307.9500
1787322010,307.9500,307.9800,307.9500,307.9800
1787322011,307.9800,307.9800,307.9600,307.9600
1787322012,307.9550,307.9550,307.8900,307.9000
1787322014,307.9200,307.9200,307.9200,307.9200
1787322015,307.9200,307.9200,307.9000,307.9000
1787322018,307.9200,307.9200,307.9200,307.9200
1787322019,307.9000,307.9000,307.8900,307.8900
1787322022,307.9100,307.9100,307.9100,307.9100
1787322024,307.9100,307.9100,307.9100,307.9100
1787322025,307.8800,307.8800,307.8600,307.8800
1787322026,307.8500,307.8500,307.8500,307.8500
1787322027,307.8400,307.8500,307.8300,307.8500
1787322028,307.8550,307.8550,307.8400,307.8400
1787322029,307.8600,307.8800,307.8600,307.8800
1787322030,307.8800,307.8900,307.8700,307.8700
1787322031,307.8600,307.8600,307.8600,307.8600
1787322032,307.8600,307.8700,307.8600,307.8700
1787322034,307.8500,307.8500,307.8400,307.8400
1787322038,307.8400,307.8400,307.8400,307.8400
1787322039,307.8200,307.8200,307.7900,307.7950
1787322040,307.8000,307.8200,307.8000,307.8200
1787322042,307.8100,307.8300,307.8100,307.8300
1787322043,307.8100,307.8100,307.8100,307.8100
1787322044,307.8100,307.8200,307.7700,307.7900
1787322045,307.8000,307.8100,307.8000,307.8100
1787322046,307.8000,307.8000,307.8000,307.8000
1787322047,307.8000,307.8100,307.8000,307.8100
1787322048,307.7700,307.7900,307.7700,307.7800
1787322049,307.7750,307.7900,307.7750,307.7900
1787322050,307.7500,307.7700,307.7400,307.7700
1787322051,307.7600,307.7700,307.7600,307.7700
1787322052,307.7800,307.7800,307.7500,307.7500
1787322054,307.7600,307.7650,307.7500,307.7650
1787322055,307.7550,307.7700,307.7550,307.7700
1787322056,307.7800,307.7900,307.7800,307.7850
1787322058,307.7550,307.7550,307.7400,307.7400
1787322059,307.7300,307.7300,307.6800,307.6800
1787322060,307.6800,307.6800,307.6700,307.6800
1787322061,307.7000,307.7400,307.7000,307.7400
1787322062,307.7400,307.7400,307.7300,307.7300
1787322063,307.7300,307.7300,307.7000,307.7000
1787322064,307.7100,307.7300,307.7100,307.7300
1787322065,307.7400,307.7500,307.7400,307.7500
1787322066,307.7300,307.7300,307.7100,307.7100
1787322067,307.7300,307.7300,307.7200,307.7300
1787322069,307.7300,307.7300,307.7200,307.7200
1787322070,307.7300,307.7500,307.7300,307.7500
1787322072,307.7500,307.7500,307.7500,307.7500
1787322073,307.7600,307.8100,307.7600,307.7800
1787322074,307.7500,307.7500,307.7500,307.7500
1787322075,307.7500,307.7500,307.7500,307.7500
1787322076,307.7500,307.7500,307.7500,307.7500
1787322077,307.7500,307.7500,307.7500,307.7500
1787322078,307.7500,307.7600,307.7400,307.7400
1787322079,307.7300,307.7400,307.7250,307.7250
1787322081,307.7500,307.7500,307.7500,307.7500
1787322082,307.7400,307.7400,307.7400,307.7400
1787322083,307.7500,307.7500,307.7500,307.7500
1787322084,307.7500,307.7600,307.7500,307.7600
1787322085,307.8000,307.8000,307.8000,307.8000
1787322087,307.7800,307.7800,307.7800,307.7800
1787322091,307.7700,307.7700,307.7500,307.7500
1787322092,307.7600,307.7600,307.7600,307.7600
1787322093,307.7500,307.7500,307.7300,307.7300
1787322094,307.7300,307.7400,307.7300,307.7400
1787322095,307.7500,307.7600,307.7300,307.7600
1787322096,307.7500,307.7700,307.7400,307.7400
1787322099,307.7350,307.7350,307.7350,307.7350
1787322100,307.7500,307.7500,307.7500,307.7500
1787322101,307.7300,307.7300,307.5900,307.5900
1787322102,307.6400,307.6600,307.6400,307.6500
1787322106,307.6500,307.6500,307.6500,307.6500
1787322108,307.6200,307.6300,307.5600,307.5600
1787322109,307.5650,307.5650,307.5400,307.5450
1787322110,307.5550,307.5700,307.5550,307.5700
1787322112,307.5600,307.5600,307.5400,307.5400
1787322113,307.5400,307.5400,307.5350,307.5350
1787322114,307.5300,307.5300,307.5100,307.5300
1787322115,307.5000,307.5000,307.4600,307.4600
1787322116,307.4800,307.5000,307.4600,307.4900
1787322117,307.5100,307.5350,307.5100,307.5350
1787322119,307.5200,307.5200,307.5200,307.5200
1787322121,307.5500,307.5600,307.5500,307.5500
1787322126,307.5400,307.5400,307.5400,307.5400
1787322127,307.5500,307.5500,307.5200,307.5200
1787322130,307.5400,307.5400,307.5000,307.5000
1787322132,307.5100,307.5100,307.5100,307.5100
1787322133,307.5000,307.5200,307.4700,307.5200
1787322134,307.5150,307.5150,307.5150,307.5150
1787322137,307.5150,307.5200,307.5150,307.5150
1787322138,307.5300,307.5600,307.5300,307.5600
1787322139,307.5800,307.5800,307.5800,307.5800
1787322141,307.5800,307.5900,307.5800,307.5900
1787322142,307.6000,307.6000,307.5900,307.5900
1787322145,307.6300,307.6300,307.6200,307.6200
1787322146,307.6300,307.6400,307.6300,307.6400
1787322149,307.6600,307.6600,307.6600,307.6600
1787322150,307.6800,307.6800,307.6800,307.6800
1787322151,307.6800,307.7200,307.6750,307.7200
1787322152,307.7300,307.7300,307.7300,307.7300
1787322153,307.7600,307.8100,307.7600,307.8100
1787322154,307.8200,307.8200,307.8200,307.8200
1787322155,307.8400,307.8500,307.8400,307.8500
1787322156,307.8600,307.8800,307.8600,307.8800
1787322157,307.8900,307.8900,307.8700,307.8700
1787322158,307.8500,307.8500,307.8000,307.8000
1787322159,307.8100,307.8500,307.8100,307.8500
1787322160,307.8150,307.8150,307.8150,307.8150
1787322162,307.8000,307.8000,307.7800,307.7800
1787322165,307.7900,307.8200,307.7900,307.8200
1787322169,307.8000,307.8000,307.8000,307.8000
1787322170,307.8000,307.8100,307.8000,307.8100
1787322171,307.8000,307.8000,307.8000,307.8000
1787322173,307.8000,307.8000,307.7900,307.7900
1787322174,307.7900,307.8000,307.7900,307.8000
1787322176,307.7900,307.7900,307.7500,307.7500
1787322178,307.7450,307.7450,307.7400,307.7400
1787322180,307.7500,307.7500,307.7500,307.7500
1787322181,307.7500,307.7800,307.7500,307.7800
1787322182,307.8200,307.8200,307.8000,307.8000
1787322183,307.8000,307.8000,307.7800,307.8000
1787322184,307.8000,307.8100,307.8000,307.8100
1787322185,307.8000,307.8000,307.7850,307.7850
1787322186,307.8000,307.8000,307.8000,307.8000
1787322187,307.7900,307.7900,307.7700,307.7700
1787322188,307.7550,307.7700,307.7550,307.7700
1787322190,307.7650,307.7650,307.7250,307.7250
1787322191,307.7400,307.7400,307.7300,307.7300
1787322192,307.7200,307.7200,307.7200,307.7200
1787322193,307.7400,307.7500,307.7400,307.7500
1787322194,307.7600,307.7900,307.7600,307.7900
1787322196,307.8300,307.8300,307.8300,307.8300
1787322197,307.8300,307.8400,307.8300,307.8400
1787322198,307.8400,307.8400,307.8400,307.8400
1787322199,307.8400,307.8500,307.8400,307.8500
1787322200,307.8800,307.8800,307.8800,307.8800
1787322202,307.8800,307.8800,307.8500,307.8500
1787322204,307.8700,307.8700,307.8700,307.8700
1787322206,307.8700,307.8700,307.8700,307.8700
1787322207,307.8500,307.8500,307.7800,307.8200
1787322208,307.8300,307.8300,307.8200,307.8200
1787322210,307.8100,307.8100,307.8000,307.8000
1787322212,307.8000,307.8000,307.7900,307.7900
1787322213,307.7700,307.7800,307.7600,307.7700
1787322214,307.7750,307.7800,307.7700,307.7700
1787322215,307.7600,307.7600,307.7600,307.7600
1787322217,307.7700,307.7700,307.7700,307.7700
1787322218,307.7800,307.8100,307.7800,307.8100
1787322219,307.8100,307.8100,307.8100,307.8100
1787322220,307.8000,307.8000,307.7850,307.8000
1787322222,307.8000,307.8000,307.8000,307.8000
1787322224,307.8050,307.8300,307.8050,307.8100
1787322225,307.8100,307.8100,307.8000,307.8100
1787322226,307.8100,307.8100,307.8000,307.8000
1787322227,307.8100,307.8100,307.8100,307.8100
1787322228,307.8200,307.8400,307.8200,307.8400
1787322229,307.8600,307.8600,307.8500,307.8500
1787322230,307.8600,307.8600,307.8600,307.8600
1787322232,307.8300,307.8300,307.8300,307.8300
1787322234,307.8100,307.8100,307.7800,307.7800
1787322235,307.7600,307.7700,307.7500,307.7700
1787322237,307.7600,307.7900,307.7600,307.7900
1787322238,307.8000,307.8100,307.8000,307.8000
1787322240,307.7800,307.7800,307.7700,307.7700
1787322241,307.7800,307.8000,307.7800,307.8000
1787322242,307.8150,307.8150,307.8150,307.8150
1787322243,307.8200,307.8250,307.8200,307.8200
1787322244,307.8300,307.8300,307.8300,307.8300
1787322245,307.8500,307.8500,307.8500,307.8500
1787322246,307.8500,307.8500,307.8500,307.8500
1787322249,307.8400,307.8400,307.8400,307.8400
1787322250,307.8400,307.8400,307.8400,307.8400
1787322251,307.8400,307.8400,307.8400,307.8400
1787322252,307.8450,307.8500,307.8450,307.8500
1787322253,307.8500,307.8500,307.8500,307.8500
1787322254,307.8500,307.8600,307.8500,307.8600
1787322255,307.8500,307.8500,307.8450,307.8450
1787322257,307.8700,307.8800,307.8700,307.8800
1787322258,307.8800,308.0300,307.8800,308.0300
1787322259,308.0450,308.0700,308.0450,308.0700
1787322260,308.0600,308.0800,308.0600,308.0800
1787322261,308.0850,308.0900,308.0500,308.0500
1787322263,308.0400,308.0400,308.0300,308.0300
1787322264,308.0300,308.0300,308.0300,308.0300
1787322267,308.0400,308.0400,308.0400,308.0400
1787322268,308.0400,308.0400,308.0100,308.0100
1787322269,308.0150,308.0200,308.0150,308.0200
1787322270,308.0300,308.0400,308.0300,308.0300
1787322271,308.0200,308.0200,308.0200,308.0200
1787322273,308.0300,308.0300,308.0200,308.0200
1787322277,308.0400,308.0600,308.0400,308.0600
1787322278,308.0600,308.0600,308.0500,308.0500
1787322279,308.0500,308.0500,308.0500,308.0500
1787322281,308.0600,308.0600,308.0600,308.0600
1787322282,308.0500,308.0700,308.0450,308.0700
1787322283,308.0450,308.0450,308.0450,308.0450
1787322287,308.0500,308.0500,308.0500,308.0500
1787322288,308.0700,308.0700,308.0700,308.0700
1787322289,308.0700,308.0700,308.0500,308.0500
1787322292,308.0650,308.0800,308.0650,308.0700
1787322293,308.0400,308.0400,307.9400,307.9400
1787322294,307.9500,307.9500,307.9500,307.9500
1787322296,307.9300,307.9300,307.9200,307.9300
1787322297,307.9300,307.9300,307.9300,307.9300
1787322299,307.9000,307.9000,307.8750,307.8800
1787322300,307.8950,307.8950,307.8950,307.8950
1787322301,307.9000,307.9200,307.9000,307.9100
1787322302,307.8900,307.8900,307.8900,307.8900
1787322303,307.8900,307.8950,307.8900,307.8950
1787322304,307.9200,307.9200,307.9150,307.9150
1787322305,307.9000,307.9000,307.8800,307.8800
1787322306,307.8700,307.8700,307.8700,307.8700
1787322307,307.8750,307.8750,307.8700,307.8700
1787322308,307.8600,307.8700,307.8500,307.8700
1787322309,307.8700,307.8700,307.8700,307.8700
1787322310,307.8600,307.8600,307.8500,307.8600
1787322311,307.8400,307.8400,307.8400,307.8400
1787322312,307.8600,307.8600,307.8600,307.8600
1787322314,307.8550,307.8900,307.8550,307.8700
1787322315,307.8900,307.8900,307.8600,307.8600
1787322316,307.8300,307.8400,307.8200,307.8400
1787322317,307.8000,307.8000,307.8000,307.8000
1787322318,307.7850,307.8200,307.7850,307.8200
1787322319,307.8200,307.8200,307.8200,307.8200
1787322320,307.8100,307.8200,307.8000,307.8050
1787322321,307.8200,307.8400,307.8200,307.8400
1787322322,307.9000,307.9100,307.8750,307.8750
1787322323,307.8900,307.8900,307.8800,307.8900
1787322324,307.9000,307.9000,307.8800,307.8800
1787322326,307.8700,307.8800,307.8600,307.8800
1787322327,307.9000,307.9000,307.8950,307.8950
1787322329,307.9100,307.9100,307.9100,307.9100
1787322332,307.8900,307.8900,307.8900,307.8900
1787322333,307.9050,307.9050,307.9050,307.9050
1787322335,307.8900,307.8900,307.8800,307.8800
1787322340,307.8900,307.9100,307.8900,307.9100
1787322345,307.9000,307.9000,307.8850,307.8900
1787322347,307.8900,307.9100,307.8900,307.9100
1787322348,307.9150,307.9150,307.9150,307.9150
1787322349,307.9150,307.9150,307.9100,307.9100
1787322350,307.9150,307.9150,307.9150,307.9150
1787322351,307.9150,307.9200,307.9150,307.9200
1787322352,307.9150,307.9150,307.9150,307.9150
1787322353,307.9200,307.9200,307.9200,307.9200
1787322355,307.9150,307.9150,307.9000,307.9000
1787322358,307.9200,307.9200,307.9200,307.9200
1787322359,307.9150,307.9150,307.9150,307.9150
1787322360,307.9000,307.9000,307.9000,307.9000
1787322361,307.8900,307.9000,307.8800,307.9000
1787322362,307.9200,307.9300,307.9200,307.9300
1787322365,307.9200,307.9200,307.9200,307.9200
1787322366,307.9300,307.9300,307.9300,307.9300
1787322367,307.9300,307.9400,307.9300,307.9400
1787322368,307.9300,307.9300,307.9300,307.9300
1787322369,307.9300,307.9300,307.9300,307.9300
1787322371,307.9300,307.9300,307.9300,307.9300
1787322373,307.9200,307.9200,307.8600,307.8650
1787322374,307.8800,307.8800,307.8800,307.8800
1787322375,307.9000,307.9000,307.9000,307.9000
1787322377,307.9200,307.9200,307.9200,307.9200
1787322378,307.9200,307.9200,307.9200,307.9200
1787322379,307.9100,307.9500,307.9100,307.9400
1787322380,307.9400,308.0500,307.9400,308.0400
1787322381,308.0400,308.0500,308.0400,308.0500
1787322382,308.0450,308.0450,308.0450,308.0450
1787322383,308.0400,308.0450,308.0200,308.0200
1787322384,308.0100,308.0100,308.0100,308.0100
1787322385,308.0200,308.0200,308.0200,308.0200
1787322386,308.0000,308.0000,307.9900,307.9900
1787322387,308.0200,308.0200,308.0000,308.0000
1787322388,307.9600,307.9600,307.9600,307.9600
1787322389,307.9500,307.9700,307.9400,307.9700
1787322390,307.9800,307.9800,307.9800,307.9800
1787322391,308.0000,308.0000,308.0000,308.0000
1787322392,308.0100,308.0200,308.0100,308.0200
1787322394,308.0200,308.0200,308.0200,308.0200
1787322395,308.0200,308.0200,308.0200,308.0200
1787322397,308.0200,308.0200,308.0200,308.0200
1787322398,308.0200,308.0200,308.0200,308.0200
1787322399,308.0200,308.0200,308.0200,308.0200
1787322400,308.0000,308.0000,308.0000,308.0000
1787322401,308.0000,308.0000,307.9700,307.9700
1787322405,307.9400,307.9400,307.9200,307.9200
1787322406,307.9100,307.9100,307.9100,307.9100
1787322407,307.9300,307.9400,307.9300,307.9400
1787322408,307.9600,307.9600,307.9600,307.9600
1787322410,307.9550,307.9600,307.9550,307.9600
1787322413,307.9700,307.9700,307.9600,307.9600
1787322415,307.9400,307.9400,307.9400,307.9400
1787322416,307.9500,307.9500,307.9450,307.9450
1787322418,307.9400,307.9400,307.9100,307.9100
1787322419,307.9000,307.9000,307.8800,307.8800
1787322420,307.8900,307.9000,307.8900,307.9000
1787322421,307.9000,307.9000,307.9000,307.9000
1787322422,307.8950,307.8950,307.8950,307.8950
1787322423,307.8900,307.8900,307.8800,307.8800
1787322425,307.8800,307.8900,307.8800,307.8900
1787322427,307.8600,307.8600,307.8200,307.8200
1787322428,307.8250,307.8250,307.8250,307.8250
1787322430,307.8300,307.8300,307.8000,307.8000
1787322432,307.7900,307.7900,307.7750,307.7750
1787322433,307.7600,307.7600,307.7600,307.7600
1787322436,307.7700,307.7800,307.7600,307.7800
1787322437,307.7300,307.7400,307.6900,307.7200
1787322438,307.7200,307.7200,307.7200,307.7200
1787322439,307.7500,307.7800,307.7500,307.7800
1787322440,307.7900,307.7900,307.7900,307.7900
1787322441,307.7900,307.7900,307.7900,307.7900
1787322448,307.7950,307.8300,307.7950,307.8250
1787322450,307.8500,307.8500,307.8500,307.8500
1787322454,307.8550,307.8550,307.8550,307.8550
1787322455,307.8700,307.8800,307.8500,307.8600
1787322457,307.8400,307.8400,307.8100,307.8300
1787322459,307.8000,307.8000,307.8000,307.8000
1787322460,307.8100,307.8100,307.8100,307.8100
1787322461,307.8100,307.8100,307.7500,307.7500
1787322463,307.7500,307.7500,307.7500,307.7500
1787322464,307.7200,307.7200,307.7200,307.7200
1787322465,307.7150,307.7150,307.7150,307.7150
1787322467,307.7100,307.7200,307.7100,307.7200
1787322468,307.7200,307.7200,307.7200,307.7200
1787322470,307.7000,307.7350,307.7000,307.7350
1787322472,307.7400,307.7400,307.7400,307.7400
1787322474,307.7400,307.7400,307.7400,307.7400
1787322476,307.7500,307.7500,307.7500,307.7500
1787322477,307.7450,307.7450,307.7450,307.7450
1787322478,307.7450,307.7500,307.7450,307.7500
1787322479,307.7600,307.8000,307.7600,307.8000
1787322483,307.7700,307.7700,307.7500,307.7650
1787322484,307.7400,307.7400,307.7400,307.7400
1787322485,307.7400,307.7400,307.7300,307.7350
1787322487,307.7350,307.7400,307.7350,307.7400
1787322488,307.7400,307.7400,307.7000,307.7250
1787322489,307.7250,307.7250,307.7250,307.7250
1787322490,307.7150,307.7150,307.7150,307.7150
1787322491,307.7400,307.7400,307.7400,307.7400
1787322492,307.7400,307.7400,307.7250,307.7250
1787322494,307.7100,307.7100,307.6800,307.6800
1787322495,307.7000,307.7000,307.6900,307.6900
1787322496,307.7000,307.7300,307.7000,307.7300
1787322497,307.7400,307.7400,307.7400,307.7400
1787322498,307.7300,307.7300,307.7100,307.7100
1787322499,307.7100,307.7100,307.7000,307.7000
1787322501,307.7300,307.7400,307.7300,307.7400
1787322502,307.7300,307.7350,307.7300,307.7350
1787322503,307.7200,307.7200,307.7200,307.7200
1787322504,307.7200,307.7200,307.6900,307.6900
1787322510,307.6900,307.6900,307.6900,307.6900
1787322511,307.6900,307.7200,307.6900,307.7200
1787322512,307.7200,307.7450,307.7200,307.7400
1787322513,307.7400,307.7400,307.7400,307.7400
1787322515,307.7350,307.7350,307.7100,307.7100
1787322516,307.7100,307.7100,307.7100,307.7100
1787322517,307.6700,307.6700,307.6700,307.6700
1787322518,307.6600,307.6600,307.6600,307.6600
1787322519,307.6700,307.6800,307.6700,307.6750
1787322520,307.6900,307.6900,307.6900,307.6900
1787322521,307.7000,307.7000,307.7000,307.7000
1787322522,307.7000,307.7150,307.7000,307.7150
1787322523,307.7000,307.7000,307.7000,307.7000
1787322524,307.7050,307.7050,307.7050,307.7050
1787322525,307.7100,307.7100,307.7050,307.7050
1787322527,307.7050,307.7100,307.7050,307.7100
1787322528,307.7100,307.7100,307.7100,307.7100
1787322529,307.7000,307.7000,307.6800,307.6800
1787322530,307.6850,307.6850,307.6800,307.6800
1787322532,307.6800,307.6800,307.6800,307.6800
1787322533,307.6900,307.6900,307.6900,307.6900
1787322534,307.7000,307.7100,307.7000,307.7100
1787322535,307.7100,307.7100,307.7100,307.7100
1787322537,307.7100,307.7100,307.7000,307.7000
1787322538,307.7100,307.7100,307.7100,307.7100
1787322539,307.6900,307.6900,307.6700,307.6700
1787322540,307.6700,307.6800,307.6700,307.6800
1787322541,307.7100,307.7100,307.6900,307.6900
1787322542,307.6800,307.6800,307.6700,307.6800
1787322543,307.7100,307.7100,307.7100,307.7100
1787322544,307.7200,307.7200,307.6900,307.6900
1787322546,307.6900,307.6900,307.6900,307.6900
1787322547,307.6900,307.7000,307.6900,307.7000
1787322548,307.6700,307.6800,307.6700,307.6800
1787322549,307.6900,307.6900,307.6900,307.6900
1787322550,307.6800,307.6800,307.6800,307.6800
1787322551,307.6600,307.6600,307.6300,307.6450
1787322552,307.6400,307.6400,307.6400,307.6400
1787322553,307.6400,307.7000,307.6300,307.7000
1787322554,307.6800,307.6800,307.6700,307.6700
1787322555,307.6600,307.6600,307.6200,307.6200
1787322556,307.6300,307.6300,307.6300,307.6300
1787322557,307.6400,307.6400,307.6400,307.6400
1787322559,307.6350,307.6400,307.6200,307.6200
1787322560,307.6200,307.6200,307.6100,307.6100
1787322561,307.6100,307.6100,307.5950,307.5950
1787322562,307.6100,307.6100,307.6100,307.6100
1787322563,307.6100,307.6100,307.6100,307.6100
1787322565,307.6200,307.6200,307.6200,307.6200
1787322566,307.6100,307.6200,307.6100,307.6200
1787322568,307.6300,307.6300,307.6300,307.6300
1787322569,307.6300,307.6700,307.6300,307.6700
1787322570,307.6600,307.6600,307.6600,307.6600
1787322571,307.6800,307.6800,307.6700,307.6700
1787322573,307.6500,307.6500,307.6200,307.6200
1787322576,307.6500,307.6500,307.6500,307.6500
1787322577,307.6600,307.6700,307.6600,307.6700
1787322578,307.6700,307.6700,307.6700,307.6700
1787322579,307.6800,307.6900,307.6800,307.6900
1787322580,307.6900,307.7000,307.6900,307.7000
1787322581,307.7100,307.7100,307.7100,307.7100
1787322582,307.7100,307.7100,307.6900,307.6900
1787322584,307.6900,307.6900,307.6900,307.6900
1787322585,307.7000,307.7500,307.7000,307.7500
1787322586,307.7800,307.7900,307.7800,307.7900
1787322589,307.7800,307.7800,307.7800,307.7800
1787322590,307.7900,307.7900,307.7600,307.7900
1787322591,307.7900,307.7900,307.7900,307.7900
1787322593,307.7600,307.7600,307.7500,307.7600
1787322594,307.7700,307.7700,307.7600,307.7600
1787322595,307.7700,307.7700,307.7400,307.7400
1787322596,307.7500,307.7500,307.7000,307.7100
1787322598,307.7400,307.7600,307.7400,307.7600
1787322599,307.7700,307.7900,307.7700,307.7900
1787322600,307.7900,307.7900,307.7900,307.7900
1787322602,307.7700,307.7700,307.7600,307.7600
1787322603,307.7800,307.7800,307.7800,307.7800
1787322605,307.7700,307.7700,307.7700,307.7700
1787322606,307.7800,307.7800,307.7600,307.7600
1787322607,307.7500,307.7500,307.7000,307.7000
1787322610,307.6900,307.6900,307.6900,307.6900
1787322611,307.6700,307.6800,307.6500,307.6800
1787322613,307.6600,307.6600,307.6600,307.6600
1787322615,307.6700,307.6700,307.6700,307.6700
1787322616,307.6600,307.6600,307.6500,307.6500
1787322617,307.6400,307.6400,307.6400,307.6400
1787322619,307.6600,307.6600,307.6600,307.6600
1787322620,307.6600,307.6800,307.6400,307.6400
1787322621,307.6300,307.6300,307.6100,307.6100
1787322622,307.6150,307.6400,307.6150,307.6400
1787322623,307.6200,307.6200,307.6200,307.6200
1787322624,307.6200,307.6200,307.6200,307.6200
1787322625,307.6200,307.6300,307.6200,307.6300
1787322626,307.6100,307.6100,307.6000,307.6000
1787322628,307.6300,307.6500,307.6300,307.6500
1787322629,307.6700,307.6900,307.6700,307.6850
1787322630,307.6600,307.6600,307.6600,307.6600
1787322631,307.6550,307.6800,307.6550,307.6800
1787322632,307.6900,307.7200,307.6900,307.7200
1787322634,307.7500,307.7600,307.7500,307.7600
1787322636,307.8000,307.8300,307.8000,307.8300
1787322638,307.8350,307.8350,307.8350,307.8350
1787322639,307.8100,307.8100,307.8100,307.8100
1787322640,307.8100,307.8100,307.8100,307.8100
1787322642,307.8000,307.8300,307.8000,307.8100
1787322643,307.8300,307.8350,307.8300,307.8350
1787322647,307.8350,307.8400,307.8300,307.8300
1787322648,307.8100,307.8100,307.8000,307.8000
1787322650,307.7600,307.7600,307.7600,307.7600
1787322654,307.7600,307.7700,307.7600,307.7700
1787322655,307.7600,307.7600,307.7600,307.7600
1787322656,307.7700,307.7700,307.7700,307.7700
1787322657,307.7900,307.7900,307.7900,307.7900
1787322660,307.7850,307.7850,307.7850,307.7850
1787322662,307.7800,307.7900,307.7800,307.7900
1787322663,307.7800,307.7800,307.7800,307.7800
1787322666,307.7900,307.8100,307.7900,307.8100
1787322667,307.8200,307.8800,307.8200,307.8650
1787322668,307.8650,307.8650,307.8650,307.8650
1787322669,307.8550,307.8550,307.8550,307.8550
1787322670,307.8500,307.8500,307.8500,307.8500
1787322671,307.8450,307.8450,307.8450,307.8450
1787322672,307.8450,307.8450,307.8400,307.8400
1787322673,307.8400,307.8600,307.8400,307.8600
1787322674,307.8500,307.8500,307.8500,307.8500
1787322675,307.8400,307.8400,307.8400,307.8400
1787322676,307.8200,307.8200,307.8000,307.8000
1787322677,307.7900,307.7900,307.7900,307.7900
1787322678,307.7900,307.7900,307.7900,307.7900
1787322679,307.7900,307.7900,307.7800,307.7800
1787322680,307.8000,307.8300,307.7900,307.8150
1787322681,307.8150,307.8300,307.8150,307.8250
1787322682,307.8200,307.8200,307.8100,307.8100
1787322683,307.8200,307.8700,307.8200,307.8650
1787322685,307.8650,307.8650,307.8650,307.8650
1787322686,307.8700,307.9000,307.8700,307.9000
1787322687,307.9100,307.9750,307.9100,307.9700
1787322688,307.9750,308.0150,307.9700,308.0000
1787322689,308.0000,308.0000,308.0000,308.0000
1787322690,307.9900,307.9950,307.9900,307.9950
1787322692,308.0100,308.0100,308.0000,308.0000
1787322693,307.9800,307.9800,307.9600,307.9600
1787322694,307.9500,307.9500,307.9400,307.9400
1787322695,307.9300,307.9300,307.9300,307.9300
1787322698,307.9200,307.9400,307.9200,307.9400
1787322699,307.9400,308.0100,307.9300,308.0100
1787322700,308.0100,308.0100,308.0100,308.0100
1787322702,308.0000,308.0000,308.0000,308.0000
1787322703,308.0000,308.0000,308.0000,308.0000
1787322704,308.0100,308.0300,308.0100,308.0300
1787322705,308.0200,308.0200,307.9800,307.9800
1787322710,307.9600,307.9700,307.9600,307.9700
1787322711,307.9800,307.9900,307.9800,307.9900
1787322712,307.9900,307.9900,307.9600,307.9600
1787322713,307.9600,307.9600,307.9600,307.9600
1787322715,307.9400,307.9400,307.9200,307.9200
1787322717,307.9200,307.9200,307.9200,307.9200
1787322718,307.9200,307.9200,307.9200,307.9200
1787322719,307.9100,307.9100,307.9100,307.9100
1787322720,307.9000,307.9100,307.8900,307.9100
1787322722,307.8800,307.8800,307.8700,307.8700
1787322726,307.8400,307.8400,307.8400,307.8400
1787322727,307.8500,307.8500,307.8400,307.8400
1787322728,307.8500,307.8800,307.8500,307.8800
1787322729,307.8800,307.8800,307.8700,307.8700
1787322730,307.8700,307.8900,307.8600,307.8900
1787322731,307.8900,307.8900,307.8900,307.8900
1787322732,307.9000,307.9000,307.8600,307.8600
1787322734,307.8500,307.8500,307.8500,307.8500
1787322735,307.8550,307.8550,307.8550,307.8550
1787322736,307.8550,307.8550,307.8550,307.8550
1787322737,307.8400,307.8400,307.8400,307.8400
1787322739,307.8400,307.8400,307.8400,307.8400
1787322740,307.8500,307.8500,307.8500,307.8500
1787322741,307.8600,307.8600,307.8500,307.8500
1787322744,307.8600,307.8600,307.8600,307.8600
1787322747,307.8500,307.8500,307.8400,307.8400
1787322748,307.8300,307.8300,307.8300,307.8300
1787322749,307.8200,307.8200,307.8200,307.8200
1787322750,307.8500,307.8500,307.8350,307.8350
1787322751,307.8500,307.8500,307.8400,307.8400
1787322752,307.8400,307.8400,307.8400,307.8400
1787322753,307.8400,307.8900,307.8400,307.8850
1787322757,307.8800,307.8800,307.8600,307.8600
1787322763,307.8500,307.8500,307.8500,307.8500
1787322765,307.8650,307.8650,307.8600,307.8600
1787322766,307.8700,307.8700,307.8700,307.8700
1787322767,307.8800,307.8800,307.8700,307.8700
1787322768,307.8700,307.8700,307.8700,307.8700
1787322771,307.8700,307.8700,307.8700,307.8700
1787322772,307.8800,307.8900,307.8800,307.8900
1787322774,307.9000,307.9000,307.9000,307.9000
1787322775,307.9100,307.9200,307.9100,307.9200
1787322776,307.9150,307.9150,307.9000,307.9000
1787322777,307.9100,307.9100,307.9100,307.9100
1787322778,307.9300,307.9600,307.9300,307.9600
1787322780,307.9400,307.9400,307.9400,307.9400
1787322782,307.9500,308.0000,307.9500,308.0000
1787322783,308.0400,308.1000,308.0400,308.0900
1787322784,308.0900,308.0900,308.0900,308.0900
1787322786,308.1000,308.1000,308.1000,308.1000
1787322787,308.0900,308.0900,308.0900,308.0900
1787322789,308.0950,308.1000,308.0950,308.1000
1787322790,308.1050,308.1700,308.1050,308.1700
1787322791,308.1600,308.1600,308.1100,308.1300
1787322793,308.1000,308.1000,308.1000,308.1000
1787322800,308.1400,308.1400,308.1400,308.1400
1787322801,308.1400,308.1400,308.1400,308.1400
1787322802,308.1400,308.1700,308.1300,308.1500
1787322803,308.1600,308.1900,308.1600,308.1900
1787322804,308.1900,308.1900,308.1900,308.1900
1787322805,308.2000,308.2200,308.2000,308.2200
1787322806,308.2200,308.2200,308.1900,308.1900
1787322808,308.1850,308.1850,308.1850,308.1850
1787322809,308.1700,308.1700,308.1700,308.1700
1787322810,308.1300,308.1300,308.1000,308.1000
1787322812,308.1400,308.1400,308.1400,308.1400
1787322815,308.1500,308.1600,308.1500,308.1600
1787322818,308.1500,308.1500,308.1400,308.1400
1787322819,308.1600,308.1600,308.1600,308.1600
1787322820,308.1700,308.2100,308.1700,308.2100
1787322823,308.2200,308.2200,308.2200,308.2200
1787322825,308.2200,308.2200,308.2000,308.2000
1787322827,308.2000,308.2100,308.2000,308.2100
1787322829,308.2150,308.2150,308.1900,308.1900
1787322830,308.1800,308.1800,308.1600,308.1600
1787322833,308.1900,308.1900,308.1900,308.1900
1787322834,308.2000,308.2700,308.2000,308.2600
1787322835,308.2600,308.2600,308.2550,308.2550
1787322836,308.2700,308.2900,308.2700,308.2900
1787322837,308.2800,308.2800,308.2800,308.2800
1787322838,308.2600,308.2600,308.2500,308.2600
1787322839,308.2750,308.2750,308.1300,308.2050
1787322841,308.2050,308.2050,308.1900,308.1900
1787322842,308.1800,308.1800,308.1700,308.1700
1787322843,308.1600,308.1650,308.1600,308.1600
1787322844,308.1600,308.1650,308.1600,308.1650
1787322845,308.1650,308.1650,308.1500,308.1500
1787322846,308.1500,308.1500,308.0800,308.0800
1787322847,308.1000,308.1000,308.1000,308.1000
1787322848,308.1250,308.1300,308.1250,308.1300
1787322849,308.1150,308.1150,308.1150,308.1150
1787322851,308.1300,308.1300,308.1300,308.1300
1787322852,308.1400,308.1800,308.1400,308.1800
1787322853,308.1800,308.1800,308.1800,308.1800
1787322854,308.1800,308.1800,308.1750,308.1750
1787322855,308.1700,308.2100,308.1700,308.2100
1787322856,308.2200,308.2200,308.2200,308.2200
1787322857,308.2250,308.2250,308.2000,308.2000
1787322858,308.1900,308.1900,308.1850,308.1850
1787322860,308.1800,308.1800,308.1400,308.1400
1787322862,308.1500,308.1500,308.1500,308.1500
1787322863,308.1500,308.1500,308.1500,308.1500
1787322865,308.1700,308.1800,308.1700,308.1800
1787322866,308.1700,308.1750,308.1700,308.1750
1787322872,308.1800,308.1800,308.1800,308.1800
1787322874,308.1900,308.2300,308.1900,308.2300
1787322875,308.2500,308.2500,308.2200,308.2200
1787322876,308.2200,308.2200,308.2200,308.2200
1787322877,308.2200,308.2200,308.2200,308.2200
1787322880,308.2200,308.2600,308.2200,308.2600
1787322881,308.2800,308.2800,308.2800,308.2800
1787322882,308.2900,308.2900,308.2900,308.2900
1787322883,308.2900,308.2900,308.2900,308.2900
1787322884,308.2900,308.2900,308.2900,308.2900
1787322885,308.3100,308.3100,308.3100,308.3100
1787322886,308.3100,308.3100,308.3000,308.3000
1787322887,308.2900,308.2900,308.2600,308.2600
1787322888,308.2600,308.2600,308.2400,308.2550
1787322890,308.2600,308.2850,308.2600,308.2850
1787322891,308.2800,308.2800,308.2800,308.2800
1787322892,308.2900,308.2900,308.2900,308.2900
1787322893,308.2800,308.2800,308.2400,308.2400
1787322894,308.2300,308.2300,308.2300,308.2300
1787322895,308.2100,308.2100,308.2000,308.2000
1787322896,308.1900,308.1900,308.1900,308.1900
1787322897,308.1700,308.1700,308.1000,308.1000
1787322898,308.0950,308.0950,308.0950,308.0950
1787322900,308.1100,308.1300,308.1000,308.1300
1787322903,308.1200,308.1200,308.1200,308.1200
1787322904,308.1100,308.1100,308.1000,308.1000
1787322905,308.1000,308.1300,308.1000,308.1300
1787322908,308.1100,308.1100,308.1100,308.1100
1787322910,308.1200,308.1200,308.1200,308.1200
1787322911,308.1150,308.1300,308.1150,308.1300
1787322912,308.1400,308.1400,308.1400,308.1400
1787322913,308.2050,308.2050,308.1900,308.1900
1787322915,308.1700,308.1700,308.1700,308.1700
1787322917,308.1400,308.1400,308.1400,308.1400
1787322918,308.1800,308.1800,308.1800,308.1800
1787322919,308.1750,308.1750,308.1750,308.1750
1787322920,308.1500,308.1500,308.1500,308.1500
1787322924,308.1500,308.1500,308.1500,308.1500
1787322925,308.1350,308.1350,308.1350,308.1350
1787322928,308.1100,308.1200,308.0100,308.0500
1787322929,308.0600,308.0600,308.0600,308.0600
1787322930,308.1000,308.1200,308.0700,308.0700
1787322931,308.1000,308.1000,308.1000,308.1000
1787322932,308.1000,308.1000,308.1000,308.1000
1787322934,308.1100,308.1500,308.1100,308.1500
1787322935,308.1400,308.1400,308.1400,308.1400
1787322940,308.1400,308.1400,308.1350,308.1350
1787322941,308.1600,308.1600,308.1600,308.1600
1787322942,308.1600,308.1600,308.1600,308.1600
1787322945,308.1600,308.1600,308.1600,308.1600
1787322946,308.1300,308.1800,308.1300,308.1800
1787322947,308.1700,308.1700,308.1650,308.1650
1787322948,308.1600,308.1600,308.1250,308.1250
1787322949,308.1300,308.1300,308.1300,308.1300
1787322950,308.1400,308.1400,308.1400,308.1400
1787322951,308.1350,308.1350,308.1000,308.1000
1787322952,308.0700,308.0700,308.0700,308.0700
1787322955,308.0400,308.0400,308.0200,308.0200
1787322957,308.0400,308.0400,308.0400,308.0400
1787322958,308.0200,308.0200,308.0200,308.0200
1787322959,308.0250,308.0250,308.0200,308.0200
1787322960,308.0300,308.0400,308.0300,308.0350
1787322961,308.0350,308.0350,308.0100,308.0100
1787322962,308.0200,308.0300,308.0000,308.0300
1787322963,308.0300,308.0500,308.0000,308.0500
1787322964,308.0600,308.0800,308.0600,308.0800
1787322965,308.0900,308.0900,308.0900,308.0900
1787322968,308.1200,308.1200,308.1150,308.1150
1787322969,308.1200,308.1200,308.1200,308.1200
1787322970,308.1200,308.1500,308.1200,308.1500
1787322972,308.1700,308.1700,308.1700,308.1700
1787322973,308.1800,308.2100,308.1800,308.2000
1787322974,308.1900,308.2050,308.1900,308.2050
1787322975,308.2200,308.2200,308.2200,308.2200
1787322976,308.1800,308.1800,308.1600,308.1600
1787322979,308.0700,308.0700,308.0700,308.0700
1787322981,308.0600,308.0700,308.0600,308.0700
1787322982,308.0700,308.0700,308.0700,308.0700
1787322983,308.0700,308.0700,308.0700,308.0700
1787322984,308.0700,308.0700,308.0700,308.0700
1787322985,308.0800,308.0800,308.0800,308.0800
1787322986,308.0600,308.0600,308.0600,308.0600
1787322988,308.0800,308.0800,308.0800,308.0800
1787322989,308.0800,308.0800,308.0800,308.0800
1787322990,308.0500,308.0500,308.0500,308.0500
1787322991,308.0600,308.1000,308.0600,308.1000
1787322992,308.1200,308.1300,308.1200,308.1300
1787322993,308.1400,308.1400,308.1400,308.1400
1787322995,308.1700,308.1700,308.1700,308.1700
1787322996,308.1700,308.1700,308.1600,308.1600
1787322997,308.1600,308.1600,308.1600,308.1600
1787322998,308.1700,308.1700,308.1700,308.1700
1787323000,308.1800,308.1800,308.1800,308.1800
1787323002,308.1900,308.2000,308.1800,308.2000
1787323003,308.2100,308.2300,308.2100,308.2300
1787323004,308.2250,308.2250,308.2250,308.2250
1787323005,308.2300,308.2700,308.2200,308.2700
1787323006,308.2700,308.2800,308.2700,308.2800
1787323007,308.2800,308.2900,308.2600,308.2600
1787323010,308.2500,308.2500,308.2500,308.2500
1787323012,308.2500,308.2800,308.2500,308.2800
1787323013,308.2900,308.2950,308.2900,308.2950
1787323014,308.2950,308.3200,308.2900,308.3200
1787323015,308.3300,308.3300,308.3300,308.3300
1787323016,308.3300,308.3300,308.3300,308.3300
1787323017,308.3200,308.3200,308.3200,308.3200
1787323019,308.3100,308.3100,308.3100,308.3100
1787323020,308.3200,308.3300,308.3200,308.3300
1787323021,308.3300,308.3300,308.3300,308.3300
1787323022,308.3200,308.3200,308.3100,308.3100
1787323026,308.3100,308.3100,308.3000,308.3000
1787323027,308.2900,308.2900,308.2900,308.2900
1787323028,308.3000,308.3000,308.3000,308.3000
1787323029,308.3000,308.3000,308.3000,308.3000
1787323030,308.3000,308.3000,308.2900,308.2900
1787323031,308.2900,308.2900,308.2900,308.2900
1787323032,308.2900,308.2900,308.2900,308.2900
1787323033,308.2800,308.2800,308.2700,308.2700
1787323037,308.2400,308.2400,308.2400,308.2400
1787323038,308.2400,308.2400,308.2400,308.2400
1787323039,308.2450,308.2600,308.2450,308.2500
1787323040,308.2600,308.2700,308.2600,308.2700
1787323042,308.2900,308.2900,308.2900,308.2900
1787323044,308.2800,308.2800,308.2800,308.2800
1787323046,308.2900,308.3600,308.2900,308.3600
1787323047,308.3700,308.3700,308.3400,308.3400
1787323048,308.3500,308.3600,308.3500,308.3600
1787323049,308.3500,308.3650,308.3500,308.3650
1787323050,308.3700,308.3800,308.3700,308.3800
1787323051,308.3900,308.4000,308.3900,308.4000
1787323052,308.4000,308.4000,308.4000,308.4000
1787323053,308.3950,308.4000,308.3950,308.4000
1787323054,308.3800,308.3800,308.3700,308.3700
1787323056,308.3800,308.3800,308.3800,308.3800
1787323057,308.3900,308.4000,308.3900,308.4000
1787323058,308.3950,308.4000,308.3950,308.4000
1787323059,308.4000,308.4000,308.4000,308.4000
1787323061,308.4100,308.4500,308.4100,308.4400
1787323062,308.4300,308.4300,308.4300,308.4300
1787323065,308.4300,308.4400,308.4300,308.4400
1787323066,308.4200,308.4200,308.4200,308.4200
1787323067,308.4200,308.4200,308.4200,308.4200
1787323068,308.4400,308.4400,308.4400,308.4400
1787323069,308.4400,308.4400,308.4100,308.4100
1787323070,308.4300,308.4300,308.4300,308.4300
1787323071,308.4400,308.4500,308.4400,308.4500
1787323072,308.4600,308.4700,308.3700,308.3700
1787323073,308.3800,308.3800,308.3800,308.3800
1787323074,308.3600,308.3600,308.3600,308.3600
1787323076,308.3600,308.3600,308.3600,308.3600
1787323078,308.3750,308.3750,308.3750,308.3750
1787323079,308.3850,308.3850,308.3500,308.3500
1787323081,308.3700,308.3800,308.3700,308.3800
1787323082,308.3900,308.3900,308.3700,308.3700
1787323083,308.3700,308.3700,308.3700,308.3700
1787323084,308.3700,308.3950,308.3700,308.3950
1787323085,308.3900,308.3950,308.3800,308.3800
1787323086,308.3900,308.4000,308.3900,308.4000
1787323087,308.3900,308.3900,308.3800,308.3800
1787323089,308.3600,308.3600,308.3600,308.3600
1787323090,308.3800,308.3800,308.3800,308.3800
1787323091,308.3900,308.3900,308.3900,308.3900
1787323092,308.3950,308.3950,308.3950,308.3950
1787323093,308.4000,308.4000,308.4000,308.4000
1787323094,308.4100,308.4300,308.4100,308.4300
1787323095,308.4300,308.4300,308.4200,308.4300
1787323096,308.4300,308.4300,308.4200,308.4200
1787323097,308.4200,308.4200,308.4200,308.4200
1787323098,308.4200,308.4200,308.3900,308.3900
1787323099,308.3600,308.3600,308.3300,308.3300
1787323100,308.3600,308.3600,308.3600,308.3600
1787323102,308.3550,308.3600,308.3550,308.3600
1787323106,308.3800,308.3800,308.3600,308.3800
1787323107,308.3900,308.4050,308.3800,308.4000
1787323110,308.4050,308.4100,308.4050,308.4100
1787323111,308.4300,308.4300,308.4300,308.4300
1787323112,308.4200,308.4200,308.4200,308.4200
1787323115,308.4150,308.4150,308.4150,308.4150
1787323116,308.4000,308.4000,308.4000,308.4000
1787323118,308.4100,308.4100,308.4100,308.4100
1787323119,308.4000,308.4000,308.3700,308.3700
1787323123,308.3600,308.3600,308.3500,308.3600
1787323125,308.3400,308.3550,308.3400,308.3550
1787323127,308.3400,308.3400,308.3300,308.3300
1787323128,308.3100,308.3100,308.2900,308.2900
1787323129,308.2600,308.2600,308.2600,308.2600
1787323130,308.2650,308.2850,308.2650,308.2850
1787323131,308.2700,308.2700,308.2500,308.2500
1787323132,308.2600,308.2700,308.2600,308.2700
1787323133,308.2800,308.2900,308.2800,308.2900
1787323134,308.2700,308.2700,308.2300,308.2300
1787323136,308.2400,308.2600,308.2400,308.2600
1787323137,308.2800,308.2900,308.2800,308.2800
1787323138,308.2900,308.3000,308.2900,308.3000
1787323139,308.3000,308.3400,308.2900,308.3400
1787323140,308.3200,308.3200,308.3200,308.3200
1787323141,308.3100,308.3100,308.3100,308.3100
1787323142,308.3200,308.3200,308.2900,308.2900
1787323143,308.3000,308.3000,308.2800,308.2800
1787323145,308.2800,308.2800,308.2700,308.2700
1787323149,308.2900,308.3000,308.2800,308.2800
1787323154,308.3100,308.3200,308.3100,308.3200
1787323155,308.3400,308.3400,308.3200,308.3200
1787323157,308.3000,308.3000,308.2900,308.2900
1787323158,308.3000,308.3000,308.3000,308.3000
1787323161,308.3100,308.3100,308.3100,308.3100
1787323163,308.3200,308.3200,308.3200,308.3200
1787323164,308.3200,308.3200,308.3200,308.3200
1787323165,308.3250,308.3250,308.3250,308.3250
1787323166,308.3100,308.3200,308.3100,308.3200
1787323167,308.3200,308.3300,308.3000,308.3000
1787323168,308.3000,308.3000,308.2800,308.2800
1787323170,308.2900,308.2900,308.2800,308.2800
1787323172,308.2900,308.3000,308.2900,308.3000
1787323173,308.3050,308.3100,308.3050,308.3100
1787323175,308.3200,308.3200,308.3000,308.3000
1787323176,308.3000,308.3000,308.2900,308.2900
1787323179,308.2700,308.2700,308.2500,308.2500
1787323180,308.2600,308.2600,308.2600,308.2600
1787323181,308.2600,308.2700,308.2600,308.2600
1787323183,308.2400,308.2400,308.2300,308.2300
1787323184,308.2200,308.2200,308.1550,308.1600
1787323186,308.1800,308.1900,308.1600,308.1800
1787323187,308.1800,308.1800,308.1800,308.1800
1787323188,308.1900,308.1900,308.1700,308.1700
1787323191,308.1650,308.1650,308.1650,308.1650
1787323192,308.1650,308.1650,308.1650,308.1650
1787323193,308.1600,308.1600,308.1500,308.1500
1787323195,308.1550,308.1550,308.1550,308.1550
1787323196,308.1600,308.1800,308.1550,308.1800
1787323197,308.1900,308.1900,308.1900,308.1900
1787323198,308.2000,308.2200,308.2000,308.2200
1787323199,308.2200,308.2200,308.2200,308.2200
1787323200,308.2200,308.2200,308.2200,308.2200
1787323201,308.2300,308.2300,308.2300,308.2300
1787323202,308.2350,308.2400,308.2300,308.2400
1787323203,308.2500,308.2500,308.2500,308.2500
1787323204,308.2450,308.2450,308.2450,308.2450
1787323205,308.2500,308.2500,308.2500,308.2500
1787323206,308.2550,308.2550,308.2550,308.2550
1787323207,308.2600,308.2600,308.2200,308.2200
1787323209,308.1900,308.1900,308.1500,308.1500
1787323210,308.1600,308.1600,308.1600,308.1600
1787323211,308.1500,308.1500,308.1500,308.1500
1787323213,308.1700,308.1700,308.1700,308.1700
1787323214,308.1700,308.1700,308.1700,308.1700
1787323215,308.1700,308.1700,308.1700,308.1700
1787323216,308.1800,308.1800,308.1800,308.1800
1787323217,308.1800,308.1800,308.1800,308.1800
1787323218,308.1800,308.1800,308.1800,308.1800
1787323219,308.1700,308.1700,308.1700,308.1700
1787323224,308.1650,308.1650,308.1650,308.1650
1787323225,308.1500,308.1500,308.1300,308.1300
1787323226,308.1400,308.1400,308.1400,308.1400
1787323227,308.1500,308.1500,308.1500,308.1500
1787323231,308.1500,308.1500,308.1500,308.1500
1787323232,308.1400,308.1400,308.0800,308.0800
1787323233,308.0900,308.1000,308.0900,308.1000
1787323235,308.0700,308.0700,308.0600,308.0600
1787323238,308.0700,308.0700,308.0700,308.0700
1787323239,308.0500,308.0500,308.0500,308.0500
1787323241,308.0700,308.0700,308.0500,308.0500
1787323242,308.0500,308.0500,308.0500,308.0500
1787323244,308.0650,308.0700,308.0650,308.0700
1787323245,308.0800,308.0900,308.0800,308.0900
1787323247,308.0800,308.0800,308.0500,308.0500
1787323255,308.0600,308.0600,308.0100,308.0150
1787323256,308.0000,308.0000,307.9800,308.0000
1787323257,307.9800,307.9900,307.9800,307.9900
1787323258,307.9900,308.0000,307.9900,308.0000
1787323259,308.0300,308.0300,308.0200,308.0200
1787323260,308.0250,308.0250,308.0250,308.0250
1787323261,308.0300,308.0300,308.0300,308.0300
1787323262,308.0200,308.0200,308.0200,308.0200
1787323263,308.0200,308.0200,308.0200,308.0200
1787323264,308.0300,308.0500,308.0300,308.0500
1787323267,308.0500,308.0500,308.0500,308.0500
1787323268,308.0200,308.0200,308.0200,308.0200
1787323271,308.0300,308.0300,308.0200,308.0200
1787323272,308.0200,308.0200,308.0000,308.0000
1787323273,308.0000,308.0200,308.0000,308.0200
1787323276,308.0100,308.0100,308.0000,308.0000
1787323277,308.0000,308.0000,308.0000,308.0000
1787323278,308.0100,308.0100,308.0100,308.0100
1787323280,308.0100,308.0100,308.0100,308.0100
1787323281,308.0200,308.0700,308.0200,308.0700
1787323282,308.0700,308.0700,308.0700,308.0700
1787323283,308.0700,308.0700,308.0600,308.0600
1787323284,308.0700,308.0700,308.0700,308.0700
1787323286,308.0700,308.0700,308.0700,308.0700
1787323288,308.0800,308.1000,308.0800,308.1000
1787323289,308.0900,308.0900,308.0800,308.0800
1787323291,308.1000,308.1300,308.1000,308.1300
1787323292,308.1500,308.2100,308.1500,308.2100
1787323296,308.1800,308.1800,308.1800,308.1800
1787323299,308.1400,308.1400,308.1000,308.1000
1787323302,308.1100,308.1100,308.0700,308.0700
1787323303,308.0500,308.0500,308.0500,308.0500
1787323305,308.0700,308.0700,308.0700,308.0700
1787323308,308.0600,308.0600,308.0600,308.0600
1787323312,308.0600,308.0600,308.0600,308.0600
1787323314,308.0500,308.0500,308.0200,308.0200
1787323315,308.0100,308.0100,308.0100,308.0100
1787323317,308.0300,308.0300,308.0300,308.0300
1787323318,308.0100,308.0400,308.0100,308.0400
1787323321,308.0500,308.0500,308.0500,308.0500
1787323322,308.0350,308.1000,308.0350,308.1000
1787323324,308.1200,308.1300,308.1200,308.1300
1787323327,308.1200,308.1200,308.1200,308.1200
1787323329,308.1200,308.1400,308.1100,308.1400
1787323330,308.1600,308.1700,308.1600,308.1700
1787323331,308.1900,308.1900,308.1900,308.1900
1787323332,308.2100,308.3300,308.2100,308.3300
1787323333,308.3500,308.3500,308.3500,308.3500
1787323334,308.3600,308.3600,308.3600,308.3600
1787323335,308.3600,308.3600,308.3500,308.3500
1787323336,308.3700,308.3800,308.3700,308.3800
1787323337,308.3700,308.3700,308.3550,308.3700
1787323338,308.3800,308.3800,308.3800,308.3800
1787323339,308.3800,308.4000,308.3800,308.4000
1787323342,308.4200,308.4400,308.4200,308.4400
1787323343,308.4400,308.4700,308.4400,308.4700
1787323344,308.4500,308.4500,308.4400,308.4400
1787323345,308.4100,308.4200,308.4100,308.4200
1787323349,308.4400,308.4500,308.4400,308.4500
1787323350,308.4700,308.4800,308.4700,308.4800
1787323351,308.4900,308.5700,308.4900,308.5700
1787323352,308.5500,308.5500,308.5500,308.5500
1787323353,308.5550,308.5600,308.5400,308.5400
1787323354,308.5400,308.5400,308.5300,308.5300
1787323355,308.5350,308.5350,308.5350,308.5350
1787323356,308.5300,308.5300,308.5100,308.5100
1787323357,308.4800,308.4800,308.4800,308.4800
1787323358,308.4800,308.4800,308.4800,308.4800
1787323360,308.5000,308.5100,308.5000,308.5100
1787323362,308.5300,308.5300,308.5300,308.5300
1787323363,308.5400,308.5400,308.5200,308.5200
1787323365,308.5300,308.5400,308.5000,308.5000
1787323367,308.5000,308.5000,308.5000,308.5000
1787323369,308.5100,308.5400,308.5100,308.5400
1787323370,308.5500,308.5500,308.5450,308.5450
1787323371,308.5400,308.5400,308.5250,308.5250
1787323374,308.5500,308.5500,308.5500,308.5500
1787323376,308.5300,308.5600,308.5300,308.5600
1787323378,308.5600,308.5600,308.5500,308.5500
1787323379,308.5400,308.5400,308.5400,308.5400
1787323380,308.5500,308.5500,308.5500,308.5500
1787323381,308.5700,308.5800,308.5700,308.5800
1787323382,308.5800,308.5800,308.5800,308.5800
1787323383,308.5750,308.5750,308.5600,308.5700
1787323384,308.5600,308.6000,308.5600,308.6000
1787323385,308.6000,308.6000,308.5650,308.5650
1787323387,308.5600,308.5600,308.5600,308.5600
1787323388,308.5600,308.5600,308.5500,308.5500
1787323389,308.5400,308.5400,308.5300,308.5300
1787323390,308.5400,308.5600,308.5400,308.5600
1787323391,308.5600,308.5700,308.5600,308.5700
1787323392,308.5700,308.5700,308.5700,308.5700
1787323393,308.5800,308.6500,308.5800,308.6400
1787323394,308.6300,308.6300,308.6200,308.6200
1787323395,308.6400,308.6400,308.6300,308.6300
1787323396,308.6100,308.6100,308.6000,308.6000
1787323397,308.6000,308.6000,308.6000,308.6000
1787323398,308.5800,308.5800,308.5600,308.5600
1787323399,308.5500,308.5550,308.5500,308.5550
1787323400,308.5500,308.5500,308.5300,308.5300
1787323401,308.5400,308.5400,308.5400,308.5400
1787323402,308.5300,308.5300,308.5300,308.5300
1787323403,308.5400,308.5500,308.5400,308.5500
1787323404,308.5700,308.5700,308.5700,308.5700
1787323405,308.5800,308.6600,308.5800,308.6600
1787323406,308.7000,308.7200,308.7000,308.7200
1787323407,308.7200,308.7250,308.7200,308.7250
1787323408,308.7200,308.7200,308.7200,308.7200
1787323409,308.7200,308.7250,308.7200,308.7250
1787323410,308.7250,308.7400,308.7250,308.7400
1787323411,308.7000,308.7000,308.7000,308.7000
1787323413,308.7100,308.7100,308.7100,308.7100
1787323414,308.7000,308.7150,308.7000,308.7100
1787323415,308.7000,308.7200,308.7000,308.7100
1787323416,308.6800,308.6800,308.6600,308.6600
1787323417,308.6300,308.6300,308.6200,308.6200
1787323419,308.6200,308.6200,308.6200,308.6200
1787323420,308.6600,308.6600,308.6600,308.6600
1787323421,308.6600,308.6700,308.6450,308.6450
1787323422,308.6600,308.6600,308.6600,308.6600
1787323423,308.6600,308.6600,308.6600,308.6600
1787323424,308.6700,308.6700,308.6700,308.6700
1787323425,308.6700,308.6700,308.6700,308.6700
1787323426,308.6700,308.7200,308.6700,308.7100
1787323427,308.7200,308.7200,308.7100,308.7150
1787323428,308.6900,308.6900,308.6900,308.6900
1787323429,308.6800,308.6800,308.6800,308.6800
1787323430,308.6800,308.6800,308.6800,308.6800
1787323431,308.6900,308.6900,308.6900,308.6900
1787323432,308.6600,308.6600,308.6600,308.6600
1787323433,308.6500,308.6600,308.6500,308.6500
1787323434,308.6650,308.6700,308.6650,308.6700
1787323435,308.6800,308.6800,308.6800,308.6800
1787323436,308.6600,308.6600,308.6400,308.6600
1787323437,308.6800,308.6800,308.6800,308.6800
1787323439,308.7000,308.7000,308.6900,308.6900
1787323440,308.7100,308.7100,308.7100,308.7100
1787323441,308.7200,308.7300,308.7200,308.7300
1787323442,308.7000,308.7000,308.6800,308.6800
1787323443,308.7000,308.7000,308.7000,308.7000
1787323444,308.7000,308.7100,308.6900,308.7100
1787323445,308.7000,308.7100,308.7000,308.7100
1787323447,308.7100,308.7100,308.6900,308.6900
1787323448,308.7100,308.7200,308.7100,308.7200
1787323449,308.7000,308.7000,308.7000,308.7000
1787323450,308.6900,308.6900,308.6900,308.6900
1787323451,308.6700,308.6700,308.6600,308.6600
1787323452,308.6700,308.6900,308.6700,308.6900
1787323454,308.6850,308.6850,308.6800,308.6800
1787323455,308.6900,308.7100,308.6900,308.7000
1787323457,308.7000,308.7000,308.7000,308.7000
1787323458,308.6700,308.6800,308.6700,308.6800
1787323459,308.6600,308.6600,308.6150,308.6150
1787323460,308.6300,308.6300,308.6300,308.6300
1787323463,308.6350,308.6400,308.6350,308.6400
1787323464,308.6300,308.6300,308.6300,308.6300
1787323466,308.6250,308.6250,308.6250,308.6250
1787323467,308.6200,308.6200,308.6200,308.6200
1787323468,308.6000,308.6000,308.5800,308.5800
1787323469,308.5800,308.5800,308.5800,308.5800
1787323470,308.5700,308.5700,308.5400,308.5400
1787323471,308.5100,308.5100,308.4700,308.4700
1787323472,308.4900,308.5300,308.4900,308.5300
1787323473,308.5200,308.5200,308.5200,308.5200
1787323476,308.5100,308.5150,308.5100,308.5150
1787323480,308.4900,308.4900,308.4900,308.4900
1787323482,308.4900,308.4900,308.4900,308.4900
1787323484,308.5200,308.5200,308.5000,308.5000
1787323485,308.4800,308.4800,308.4800,308.4800
1787323487,308.4800,308.4800,308.4800,308.4800
1787323488,308.5000,308.5000,308.5000,308.5000
1787323489,308.4700,308.4700,308.4700,308.4700
1787323492,308.4400,308.4400,308.4400,308.4400
1787323493,308.4700,308.4900,308.4700,308.4850
1787323494,308.4900,308.5000,308.4900,308.5000
1787323495,308.4800,308.4800,308.4800,308.4800
1787323496,308.4900,308.4900,308.4900,308.4900
1787323497,308.4900,308.5200,308.4900,308.5200
1787323498,308.5200,308.5200,308.5200,308.5200
1787323499,308.5200,308.5750,308.5200,308.5750
1787323500,308.5500,308.5500,308.5100,308.5200
1787323501,308.5300,308.5500,308.5300,308.5500
1787323502,308.5400,308.5600,308.5400,308.5600
1787323503,308.5650,308.5650,308.5600,308.5600
1787323504,308.5600,308.5750,308.5600,308.5750
1787323505,308.5900,308.5900,308.5500,308.5500
1787323506,308.5600,308.5600,308.5600,308.5600
1787323507,308.5550,308.5550,308.5400,308.5400
1787323510,308.5300,308.5400,308.5300,308.5400
1787323514,308.5200,308.5200,308.5200,308.5200
1787323515,308.5400,308.5600,308.5400,308.5600
1787323517,308.5600,308.5600,308.5600,308.5600
1787323518,308.5500,308.5500,308.5400,308.5500
1787323519,308.5000,308.5100,308.5000,308.5100
1787323520,308.5100,308.5600,308.4550,308.5600
1787323521,308.5700,308.5800,308.5700,308.5800
1787323522,308.5700,308.5700,308.5700,308.5700
1787323524,308.5600,308.5600,308.5600,308.5600
1787323526,308.5300,308.5300,308.5300,308.5300
1787323527,308.5100,308.5700,308.5100,308.5700
1787323528,308.6000,308.6100,308.6000,308.6050
1787323529,308.5900,308.5900,308.5900,308.5900
1787323530,308.6200,308.6200,308.5700,308.6100
1787323531,308.5700,308.5700,308.5600,308.5600
1787323532,308.5400,308.5400,308.5300,308.5300
1787323533,308.5300,308.5300,308.5300,308.5300
1787323534,308.5150,308.5150,308.5100,308.5100
1787323535,308.5000,308.5100,308.5000,308.5100
1787323537,308.5100,308.5100,308.5100,308.5100
1787323538,308.4600,308.4600,308.4200,308.4350
1787323539,308.4500,308.4600,308.4500,308.4600
1787323540,308.4500,308.4500,308.4500,308.4500
1787323541,308.4700,308.4700,308.4700,308.4700
1787323546,308.4500,308.4500,308.4500,308.4500
1787323548,308.4600,308.4600,308.4600,308.4600
1787323549,308.4600,308.4600,308.4600,308.4600
1787323551,308.4700,308.4700,308.4600,308.4600
1787323553,308.4100,308.4100,308.3850,308.4100
1787323556,308.3700,308.3700,308.3500,308.3500
1787323560,308.3600,308.3700,308.3600,308.3700
1787323562,308.3650,308.3650,308.3650,308.3650
1787323563,308.3500,308.3500,308.3400,308.3400
1787323564,308.3300,308.3300,308.3300,308.3300
1787323565,308.3300,308.3300,308.3300,308.3300
1787323566,308.3400,308.3400,308.3400,308.3400
1787323567,308.3400,308.3400,308.3400,308.3400
1787323568,308.3300,308.3500,308.3300,308.3500
1787323569,308.3700,308.3700,308.3700,308.3700
1787323570,308.3700,308.3700,308.3500,308.3500
1787323571,308.3200,308.3200,308.3100,308.3100
1787323573,308.3000,308.3000,308.2800,308.3000
1787323575,308.3300,308.3300,308.3300,308.3300
1787323576,308.3400,308.4000,308.3400,308.3700
1787323577,308.3900,308.3900,308.3900,308.3900
1787323583,308.3700,308.3900,308.3700,308.3900
1787323584,308.3800,308.3800,308.3800,308.3800
1787323587,308.3700,308.3700,308.3700,308.3700
1787323588,308.3600,308.3900,308.3600,308.3900
1787323590,308.3900,308.3900,308.3900,308.3900
1787323591,308.3900,308.3900,308.3900,308.3900
1787323592,308.4000,308.4200,308.4000,308.4200
1787323594,308.4600,308.4600,308.4500,308.4500
1787323595,308.4300,308.4300,308.4300,308.4300
1787323597,308.4500,308.4500,308.4300,308.4300
1787323600,308.4400,308.4400,308.4400,308.4400
1787323601,308.4400,308.4400,308.4400,308.4400
1787323602,308.4350,308.4350,308.4350,308.4350
1787323603,308.4450,308.4450,308.4450,308.4450
1787323604,308.4500,308.4500,308.4500,308.4500
1787323605,308.4600,308.4700,308.4600,308.4700
1787323606,308.4800,308.4800,308.4800,308.4800
1787323607,308.4900,308.5000,308.4800,308.5000
1787323608,308.4850,308.4850,308.4850,308.4850
1787323610,308.5000,308.5100,308.5000,308.5100
1787323614,308.5100,308.5100,308.5000,308.5000
1787323615,308.5000,308.5000,308.5000,308.5000
1787323616,308.4900,308.4900,308.4800,308.4800
1787323620,308.5100,308.5100,308.5100,308.5100
1787323621,308.5300,308.5300,308.5300,308.5300
1787323622,308.5450,308.5600,308.5400,308.5600
1787323623,308.6000,308.6000,308.6000,308.6000
1787323624,308.5700,308.5700,308.5700,308.5700
1787323627,308.5400,308.5400,308.5300,308.5300
1787323628,308.5200,308.5200,308.5200,308.5200
1787323630,308.5300,308.5300,308.5300,308.5300
1787323631,308.5300,308.5300,308.5300,308.5300
1787323632,308.5300,308.5300,308.5300,308.5300
1787323633,308.5300,308.5300,308.5250,308.5250
1787323636,308.5300,308.5300,308.4900,308.4900
1787323637,308.5000,308.5300,308.5000,308.5300
1787323638,308.5300,308.5400,308.5300,308.5400
1787323639,308.5350,308.5400,308.5300,308.5400
1787323640,308.5350,308.5350,308.5350,308.5350
1787323643,308.5200,308.5200,308.5200,308.5200
1787323648,308.5200,308.5200,308.5200,308.5200
1787323649,308.4900,308.4900,308.4700,308.4800
1787323650,308.4800,308.4800,308.4800,308.4800
1787323651,308.4800,308.4800,308.4800,308.4800
1787323652,308.4900,308.4900,308.4900,308.4900
1787323653,308.5000,308.5000,308.5000,308.5000
1787323654,308.5200,308.5300,308.5200,308.5300
1787323655,308.5400,308.5500,308.5400,308.5500
1787323656,308.5300,308.5300,308.5200,308.5200
1787323657,308.5250,308.5300,308.5250,308.5300
1787323658,308.5400,308.5400,308.5350,308.5350
1787323659,308.5300,308.5300,308.5300,308.5300
1787323664,308.5500,308.5500,308.5500,308.5500
1787323666,308.5600,308.5600,308.5500,308.5500
1787323667,308.5300,308.5300,308.5300,308.5300
1787323668,308.5300,308.5300,308.5300,308.5300
1787323669,308.5300,308.5300,308.5000,308.5000
1787323672,308.5000,308.5300,308.5000,308.5300
1787323673,308.5200,308.5300,308.5200,308.5300
1787323676,308.5400,308.5700,308.5400,308.5700
1787323677,308.5900,308.6000,308.5900,308.6000
1787323678,308.6100,308.6100,308.6100,308.6100
1787323679,308.6200,308.6200,308.6200,308.6200
1787323680,308.6300,308.6300,308.6300,308.6300
1787323681,308.6200,308.6200,308.6100,308.6100
1787323683,308.6050,308.6200,308.6050,308.6200
1787323684,308.6200,308.6200,308.6200,308.6200
1787323685,308.6300,308.6300,308.6300,308.6300
1787323686,308.6200,308.6300,308.6150,308.6150
1787323688,308.6200,308.6200,308.6000,308.6000
1787323689,308.6300,308.6400,308.6300,308.6400
1787323690,308.6700,308.7000,308.6700,308.7000
1787323692,308.7100,308.7100,308.7100,308.7100
1787323695,308.7200,308.7200,308.7200,308.7200
1787323696,308.7200,308.7200,308.7200,308.7200
1787323698,308.7100,308.7200,308.7100,308.7200
1787323699,308.7200,308.7200,308.7200,308.7200
1787323700,308.7300,308.7300,308.7300,308.7300
1787323702,308.7500,308.8000,308.7500,308.8000
1787323705,308.7800,308.7900,308.7800,308.7900
1787323706,308.8000,308.8000,308.8000,308.8000
1787323707,308.8100,308.8100,308.8100,308.8100
1787323708,308.8000,308.8000,308.7800,308.7900
1787323709,308.7900,308.8000,308.7900,308.8000
1787323712,308.8000,308.8000,308.8000,308.8000
1787323714,308.8100,308.8200,308.8100,308.8200
1787323715,308.8300,308.8300,308.8300,308.8300
1787323719,308.8500,308.8500,308.8500,308.8500
1787323720,308.8600,308.8600,308.8600,308.8600
1787323721,308.8500,308.8500,308.8500,308.8500
1787323722,308.8400,308.8400,308.8400,308.8400
1787323723,308.8400,308.8400,308.8400,308.8400
1787323724,308.8500,308.8500,308.8500,308.8500
1787323725,308.8300,308.8300,308.7400,308.7400
1787323726,308.7400,308.7500,308.7400,308.7500
1787323727,308.7600,308.7600,308.7600,308.7600
1787323729,308.7500,308.7500,308.7500,308.7500
1787323731,308.7500,308.7500,308.7500,308.7500
1787323732,308.7300,308.7300,308.7300,308.7300
1787323733,308.7100,308.7100,308.6900,308.6900
1787323736,308.6900,308.6900,308.6900,308.6900
1787323738,308.6950,308.6950,308.6950,308.6950
1787323739,308.6900,308.6900,308.6500,308.6500
1787323743,308.6700,308.6800,308.6700,308.6800
1787323744,308.7000,308.7100,308.7000,308.7100
1787323745,308.6700,308.6700,308.6650,308.6650
1787323746,308.6800,308.6800,308.6600,308.6600
1787323747,308.6600,308.6600,308.6600,308.6600
1787323749,308.6800,308.6800,308.6800,308.6800
1787323750,308.7100,308.7500,308.7100,308.7500
1787323752,308.7800,308.7800,308.7800,308.7800
1787323753,308.8000,308.8000,308.7900,308.7900
1787323755,308.7800,308.7800,308.7700,308.7700
1787323757,308.7900,308.8000,308.7800,308.8000
1787323760,308.7700,308.7700,308.7600,308.7600
1787323764,308.7900,308.7900,308.7300,308.7300
1787323768,308.7400,308.7400,308.7300,308.7300
1787323770,308.7300,308.7300,308.7300,308.7300
1787323772,308.7400,308.7400,308.7400,308.7400
1787323775,308.7400,308.7400,308.7400,308.7400
1787323776,308.7300,308.7300,308.7300,308.7300
1787323777,308.7500,308.7700,308.7500,308.7700
1787323778,308.7800,308.7800,308.7800,308.7800
1787323779,308.7800,308.7800,308.7800,308.7800
1787323780,308.7850,308.7850,308.7850,308.7850
1787323782,308.7900,308.8000,308.7900,308.8000
1787323783,308.7900,308.7900,308.7600,308.7600
1787323784,308.7600,308.7600,308.7600,308.7600
1787323785,308.7800,308.7800,308.7800,308.7800
1787323787,308.7900,308.7900,308.7900,308.7900
1787323790,308.8000,308.8000,308.8000,308.8000
1787323791,308.7900,308.8100,308.7900,308.8100
1787323792,308.8200,308.8300,308.8200,308.8250
1787323793,308.8300,308.8300,308.8300,308.8300
1787323794,308.8400,308.8500,308.8400,308.8500
1787323795,308.8400,308.8400,308.8300,308.8300
1787323797,308.8500,308.8500,308.8500,308.8500
1787323798,308.8400,308.8400,308.8400,308.8400
1787323799,308.8400,308.8400,308.8400,308.8400
1787323800,308.8500,308.8500,308.8200,308.8200
1787323801,308.8000,308.8000,308.7800,308.7900
1787323803,308.7800,308.7800,308.7700,308.7700
1787323804,308.7600,308.7700,308.7500,308.7700
1787323805,308.7700,308.7700,308.7700,308.7700
1787323806,308.7800,308.7900,308.7800,308.7900
1787323807,308.7900,308.7900,308.7900,308.7900
1787323809,308.7900,308.8000,308.7900,308.8000
1787323810,308.7900,308.8100,308.7900,308.8100
1787323813,308.8600,308.8600,308.8400,308.8400
1787323814,308.8500,308.8500,308.8500,308.8500
1787323815,308.8300,308.8700,308.8300,308.8700
1787323819,308.8600,308.8600,308.8600,308.8600
1787323820,308.8800,308.8800,308.8800,308.8800
1787323823,308.8700,308.8700,308.8700,308.8700
1787323826,308.8600,308.8600,308.8600,308.8600
1787323827,308.8550,308.8550,308.8500,308.8500
1787323828,308.8400,308.8400,308.8400,308.8400
1787323830,308.8350,308.8350,308.8350,308.8350
1787323831,308.8350,308.8350,308.8350,308.8350
1787323833,308.8400,308.8400,308.8400,308.8400
1787323834,308.8200,308.8200,308.8200,308.8200
1787323835,308.8000,308.8000,308.7800,308.7800
1787323837,308.7900,308.7900,308.7900,308.7900
1787323840,308.7800,308.7800,308.7600,308.7600
1787323841,308.7500,308.7500,308.7500,308.7500
1787323844,308.7300,308.7300,308.7200,308.7200
1787323845,308.7400,308.7400,308.7400,308.7400
1787323846,308.7600,308.7700,308.7500,308.7700
1787323847,308.7600,308.7600,308.7600,308.7600
1787323850,308.7500,308.7500,308.7500,308.7500
1787323851,308.7500,308.7500,308.7500,308.7500
1787323853,308.7450,308.7450,308.7450,308.7450
1787323856,308.7500,308.7500,308.7500,308.7500
1787323857,308.7400,308.7400,308.7400,308.7400
1787323859,308.7300,308.7400,308.7300,308.7400
1787323860,308.7300,308.7300,308.7100,308.7100
1787323862,308.7200,308.7300,308.7200,308.7300
1787323866,308.7200,308.7200,308.7100,308.7100
1787323870,308.7100,308.7100,308.7100,308.7100
1787323873,308.7200,308.7200,308.7200,308.7200
1787323874,308.7200,308.7300,308.7200,308.7200
1787323875,308.7400,308.7400,308.7400,308.7400
1787323881,308.7500,308.7500,308.7500,308.7500
1787323883,308.7400,308.7400,308.7400,308.7400
1787323884,308.7550,308.7550,308.7550,308.7550
1787323885,308.7600,308.7600,308.7550,308.7600
1787323886,308.7600,308.7600,308.7600,308.7600
1787323888,308.7500,308.7600,308.7500,308.7500
1787323890,308.7400,308.7400,308.7100,308.7100
1787323891,308.7100,308.7100,308.7000,308.7000
1787323893,308.7200,308.7200,308.7200,308.7200
1787323895,308.7100,308.7100,308.7100,308.7100
1787323896,308.6900,308.6900,308.6800,308.6800
1787323897,308.6900,308.6900,308.6800,308.6800
1787323898,308.6800,308.6800,308.6800,308.6800
1787323899,308.6700,308.6700,308.6500,308.6700
1787323901,308.6600,308.6600,308.6600,308.6600
1787323902,308.6700,308.6700,308.6700,308.6700
1787323906,308.6800,308.6800,308.6800,308.6800
1787323910,308.6900,308.7100,308.6900,308.7100
1787323911,308.7000,308.7000,308.6600,308.6600
1787323913,308.6550,308.6550,308.6550,308.6550
1787323920,308.6800,308.6900,308.6800,308.6900
1787323922,308.6800,308.6800,308.6800,308.6800
1787323923,308.6900,308.6900,308.6900,308.6900
1787323924,308.7000,308.7000,308.7000,308.7000
1787323925,308.7200,308.8100,308.7200,308.8100
1787323926,308.8200,308.8200,308.8200,308.8200
1787323928,308.8350,308.8400,308.8300,308.8400
1787323931,308.8200,308.8200,308.8200,308.8200
1787323933,308.8300,308.8400,308.8300,308.8400
1787323934,308.8200,308.8200,308.8200,308.8200
1787323935,308.8100,308.8100,308.8000,308.8000
1787323936,308.7600,308.7600,308.7600,308.7600
1787323939,308.7600,308.7600,308.7600,308.7600
1787323940,308.7550,308.7550,308.7550,308.7550
1787323942,308.7600,308.7600,308.7600,308.7600
1787323944,308.7800,308.7800,308.7800,308.7800
1787323947,308.7900,308.8000,308.7900,308.8000
1787323949,308.8100,308.8100,308.8100,308.8100
1787323950,308.8200,308.8200,308.8200,308.8200
1787323951,308.8200,308.8300,308.8200,308.8200
1787323953,308.8200,308.8300,308.8100,308.8150
1787323956,308.8200,308.8200,308.8200,308.8200
1787323957,308.8150,308.8150,308.8150,308.8150
1787323959,308.8300,308.8300,308.8300,308.8300
1787323962,308.8400,308.8400,308.8400,308.8400
1787323963,308.8300,308.8300,308.8200,308.8200
1787323964,308.8300,308.8600,308.8300,308.8600
1787323965,308.8700,308.9200,308.8700,308.9200
1787323966,308.9200,308.9200,308.9000,308.9000
1787323967,308.9000,308.9000,308.9000,308.9000
1787323969,308.8800,308.8800,308.8800,308.8800
1787323971,308.9100,308.9100,308.9000,308.9000
1787323972,308.8800,308.8800,308.8700,308.8700
1787323974,308.8600,308.8600,308.8600,308.8600
1787323975,308.8700,308.8700,308.8700,308.8700
1787323977,308.8650,308.8650,308.8650,308.8650
1787323978,308.8650,308.8650,308.8600,308.8600
1787323979,308.8700,308.8700,308.8700,308.8700
1787323981,308.8700,308.8800,308.8700,308.8800
1787323982,308.8800,308.8800,308.8800,308.8800
1787323984,308.8650,308.8700,308.8650,308.8700
1787323985,308.8600,308.8600,308.8600,308.8600
1787323987,308.8800,308.8800,308.8800,308.8800
1787323989,308.8900,308.9100,308.8900,308.9100
1787323993,308.9100,308.9100,308.9100,308.9100
1787323994,308.9100,308.9100,308.9100,308.9100
1787323995,308.9100,308.9200,308.9100,308.9200
1787323996,308.9000,308.9000,308.9000,308.9000
1787323999,308.9100,308.9100,308.9100,308.9100
1787324001,308.9100,308.9100,308.9100,308.9100
1787324003,308.9200,308.9300,308.9200,308.9300
1787324005,308.9400,308.9400,308.9300,308.9300
1787324008,308.9400,308.9400,308.9400,308.9400
1787324009,308.9500,308.9500,308.9500,308.9500
1787324010,308.9400,308.9500,308.9300,308.9300
1787324011,308.9200,308.9200,308.9100,308.9150
1787324012,308.9000,308.9000,308.9000,308.9000
1787324014,308.9100,308.9100,308.9100,308.9100
1787324015,308.8900,308.9000,308.8700,308.8800
1787324019,308.9200,308.9200,308.9200,308.9200
1787324021,308.9200,308.9200,308.9200,308.9200
1787324023,308.9200,308.9200,308.9200,308.9200
1787324025,308.9000,308.9000,308.8600,308.8600
1787324026,308.8500,308.8500,308.8500,308.8500
1787324027,308.8600,308.8600,308.8400,308.8400
1787324028,308.8400,308.8400,308.8400,308.8400
1787324035,308.8600,308.8600,308.8600,308.8600
1787324036,308.8500,308.8700,308.8500,308.8700
1787324037,308.8700,308.8700,308.8700,308.8700
1787324038,308.8700,308.8700,308.8700,308.8700
1787324039,308.8600,308.8600,308.8600,308.8600
1787324040,308.8600,308.8600,308.8600,308.8600
1787324041,308.8800,308.8900,308.8800,308.8900
1787324043,308.9000,308.9000,308.9000,308.9000
1787324044,308.9000,308.9000,308.9000,308.9000
1787324045,308.9100,308.9100,308.9100,308.9100
1787324049,308.9200,308.9300,308.9200,308.9300
1787324050,308.9100,308.9100,308.9100,308.9100
1787324051,308.9200,308.9200,308.9200,308.9200
1787324053,308.9200,308.9200,308.9200,308.9200
1787324054,308.9250,308.9400,308.9250,308.9400
1787324055,308.9450,308.9600,308.9300,308.9300
1787324056,308.9300,308.9300,308.9200,308.9200
1787324057,308.9200,308.9200,308.9200,308.9200
1787324059,308.9400,308.9500,308.9400,308.9500
1787324060,308.9700,308.9700,308.9500,308.9500
1787324061,308.9700,308.9700,308.9700,308.9700
1787324062,308.9550,308.9550,308.9550,308.9550
1787324065,308.9700,308.9900,308.9700,308.9800
1787324067,309.0000,309.0000,309.0000,309.0000
1787324068,308.9950,308.9950,308.9950,308.9950
1787324069,308.9900,308.9900,308.9700,308.9700
1787324071,308.9500,308.9500,308.9300,308.9300
1787324072,308.9400,308.9400,308.9400,308.9400
1787324075,308.9400,308.9400,308.9400,308.9400
1787324076,308.9300,308.9300,308.9250,308.9250
1787324077,308.9200,308.9200,308.9100,308.9100
1787324078,308.9300,308.9300,308.9300,308.9300
1787324081,308.9400,308.9500,308.9400,308.9500
1787324082,308.9500,308.9500,308.9500,308.9500
1787324084,308.9700,308.9700,308.9700,308.9700
1787324085,308.9500,308.9500,308.9500,308.9500
1787324087,308.9500,308.9500,308.9500,308.9500
1787324088,308.9500,308.9500,308.9300,308.9300
1787324089,308.9300,308.9300,308.9300,308.9300
1787324090,308.9300,308.9300,308.9000,308.9000
1787324091,308.8800,308.8800,308.8800,308.8800
1787324092,308.8800,308.9000,308.8800,308.9000
1787324093,308.9000,308.9000,308.8950,308.8950
1787324094,308.8900,308.8900,308.8800,308.8800
1787324096,308.8800,308.8800,308.8800,308.8800
1787324099,308.8850,308.9100,308.8850,308.9000
1787324100,308.8700,308.8900,308.8600,308.8900
1787324101,308.8900,308.9100,308.8900,308.9000
1787324102,308.9100,308.9400,308.9100,308.9400
1787324103,308.9400,308.9400,308.9400,308.9400
1787324104,308.9400,308.9400,308.9400,308.9400
1787324106,308.9500,308.9500,308.9500,308.9500
1787324107,308.9300,308.9300,308.9100,308.9100
1787324108,308.9000,308.9000,308.9000,308.9000
1787324111,308.9200,308.9500,308.9200,308.9500
1787324112,308.9500,308.9500,308.9400,308.9500
1787324118,308.9300,308.9300,308.9300,308.9300
1787324119,308.9500,308.9500,308.9200,308.9200
1787324122,308.9000,308.9000,308.9000,308.9000
1787324123,308.8800,308.8800,308.8800,308.8800
1787324124,308.8800,308.8900,308.8800,308.8900
1787324125,308.8900,308.8900,308.8900,308.8900
1787324128,308.9000,308.9000,308.9000,308.9000
1787324129,308.9000,308.9000,308.9000,308.9000
1787324131,308.9100,308.9100,308.9100,308.9100
1787324134,308.9200,308.9200,308.9200,308.9200
1787324136,308.9300,308.9300,308.9300,308.9300
1787324137,308.9400,308.9600,308.9400,308.9600
1787324138,308.9600,308.9600,308.9600,308.9600
1787324143,308.9800,308.9800,308.9750,308.9800
1787324144,309.0000,309.0000,309.0000,309.0000
1787324145,308.9700,308.9700,308.9700,308.9700
1787324146,308.9600,308.9600,308.9600,308.9600
1787324148,308.9600,308.9600,308.9600,308.9600
1787324149,308.9500,308.9500,308.9400,308.9400
1787324150,308.9300,308.9300,308.9300,308.9300
1787324152,308.9400,308.9500,308.9400,308.9500
1787324157,308.9400,308.9400,308.9400,308.9400
1787324159,308.9700,308.9700,308.9700,308.9700
1787324160,308.9600,308.9600,308.9500,308.9500
1787324161,308.9500,308.9500,308.9500,308.9500
1787324162,308.9600,308.9600,308.9600,308.9600
1787324163,308.9550,308.9700,308.9550,308.9700
1787324164,308.9700,308.9850,308.9700,308.9850
1787324165,308.9900,309.0500,308.9900,309.0500
1787324166,309.0500,309.0600,309.0500,309.0600
1787324167,309.0800,309.0900,309.0800,309.0900
1787324168,309.0900,309.0950,309.0900,309.0900
1787324169,309.0900,309.0900,309.0500,309.0500
1787324171,309.0500,309.0500,309.0400,309.0400
1787324172,309.0200,309.0200,309.0200,309.0200
1787324175,309.0300,309.0300,309.0300,309.0300
1787324176,309.0300,309.0300,309.0300,309.0300
1787324177,309.0300,309.0400,309.0300,309.0400
1787324178,309.0600,309.0600,309.0600,309.0600
1787324180,309.0900,309.1300,309.0900,309.1150
1787324181,309.1250,309.1300,309.1250,309.1300
1787324183,309.1200,309.1200,309.1100,309.1100
1787324190,309.1050,309.1050,309.1050,309.1050
1787324192,309.1100,309.1100,309.1100,309.1100
1787324194,309.1000,309.1000,309.1000,309.1000
1787324195,309.1100,309.1200,309.1100,309.1200
1787324196,309.1200,309.1300,309.1200,309.1300
1787324197,309.1400,309.1400,309.1400,309.1400
1787324198,309.1400,309.1400,309.1300,309.1300
1787324199,309.1100,309.1100,309.1000,309.1100
1787324201,309.1200,309.1200,309.1200,309.1200
1787324202,309.1200,309.1200,309.1100,309.1100
1787324204,309.1200,309.1200,309.1200,309.1200
1787324205,309.1200,309.1300,309.1200,309.1300
1787324206,309.1300,309.1300,309.1200,309.1200
1787324210,309.1300,309.1300,309.1200,309.1200
1787324211,309.1050,309.1050,309.1050,309.1050
1787324212,309.0900,309.0900,309.0900,309.0900
1787324215,309.0800,309.0800,309.0800,309.0800
1787324219,309.0800,309.0850,309.0700,309.0700
1787324220,309.0700,309.0700,309.0700,309.0700
1787324221,309.0900,309.1200,309.0900,309.1200
1787324222,309.1200,309.1200,309.1200,309.1200
1787324223,309.1300,309.2000,309.1300,309.2000
1787324224,309.1900,309.2050,309.1900,309.2050
1787324225,309.2000,309.2000,309.2000,309.2000
1787324226,309.1900,309.1900,309.1800,309.1850
1787324227,309.1800,309.2000,309.1800,309.2000
1787324228,309.2100,309.2100,309.2100,309.2100
1787324229,309.2000,309.2000,309.2000,309.2000
1787324230,309.2000,309.2000,309.2000,309.2000
1787324231,309.2000,309.2000,309.1900,309.1900
1787324232,309.1850,309.1850,309.1850,309.1850
1787324233,309.2000,309.2200,309.2000,309.2200
1787324234,309.2300,309.2700,309.2300,309.2700
1787324235,309.2800,309.2950,309.2700,309.2700
1787324238,309.3000,309.3000,309.2900,309.2900
1787324239,309.3200,309.3200,309.3200,309.3200
1787324240,309.3300,309.3400,309.3300,309.3400
1787324241,309.3350,309.3350,309.3350,309.3350
1787324242,309.3400,309.3400,309.3300,309.3300
1787324243,309.3400,309.3400,309.3300,309.3300
1787324245,309.3300,309.3300,309.3200,309.3200
1787324246,309.3300,309.3300,309.3300,309.3300
1787324249,309.3300,309.3400,309.3300,309.3300
1787324250,309.3200,309.3200,309.3200,309.3200
1787324251,309.3150,309.3150,309.3150,309.3150
1787324255,309.3000,309.3100,309.3000,309.3100
1787324256,309.3000,309.3000,309.3000,309.3000
1787324257,309.3100,309.3100,309.3100,309.3100
1787324259,309.3300,309.3300,309.3300,309.3300
1787324260,309.3350,309.4000,309.3350,309.4000
1787324261,309.3800,309.3800,309.3400,309.3400
1787324262,309.3400,309.3400,309.3400,309.3400
1787324264,309.3400,309.3400,309.3400,309.3400
1787324265,309.3500,309.3500,309.3500,309.3500
1787324267,309.3400,309.3400,309.3300,309.3300
1787324268,309.3500,309.3500,309.3500,309.3500
1787324269,309.3700,309.4000,309.3700,309.3900
1787324270,309.4000,309.4900,309.4000,309.4900
1787324271,309.4900,309.4900,309.4900,309.4900
1787324272,309.4900,309.4900,309.4900,309.4900
1787324273,309.4600,309.4600,309.4600,309.4600
1787324275,309.4500,309.4500,309.4400,309.4400
1787324278,309.4100,309.4100,309.3600,309.3600
1787324279,309.3900,309.3900,309.3900,309.3900
1787324282,309.4100,309.4100,309.4100,309.4100
1787324283,309.4100,309.4100,309.4050,309.4100
1787324285,309.3900,309.3900,309.3900,309.3900
1787324286,309.4000,309.4000,309.4000,309.4000
1787324287,309.3900,309.3900,309.3700,309.3700
1787324290,309.3800,309.3800,309.3800,309.3800
1787324291,309.3700,309.3700,309.3700,309.3700
1787324292,309.3400,309.3500,309.3300,309.3400
1787324293,309.3400,309.3400,309.3400,309.3400
1787324295,309.3700,309.3800,309.3600,309.3800
1787324297,309.3800,309.3800,309.3600,309.3600
1787324298,309.3700,309.3700,309.3700,309.3700
1787324299,309.3500,309.3500,309.3400,309.3500
1787324301,309.3600,309.3600,309.3600,309.3600
1787324302,309.3600,309.3600,309.3600,309.3600
1787324303,309.3600,309.3800,309.3600,309.3800
1787324304,309.3800,309.4000,309.3800,309.4000
1787324305,309.4100,309.4200,309.4100,309.4200
1787324306,309.4250,309.4250,309.3300,309.3600
1787324307,309.3450,309.3900,309.3450,309.3700
1787324308,309.3600,309.3600,309.3600,309.3600
1787324309,309.3500,309.3500,309.3500,309.3500
1787324310,309.3500,309.3500,309.3500,309.3500
1787324312,309.3600,309.3600,309.3600,309.3600
1787324313,309.3500,309.3500,309.3500,309.3500
1787324314,309.3600,309.3700,309.3600,309.3700
1787324315,309.3800,309.3800,309.3800,309.3800
1787324316,309.3800,309.3800,309.3800,309.3800
1787324317,309.3700,309.3900,309.3700,309.3900
1787324318,309.4000,309.4000,309.3900,309.3900
1787324319,309.4000,309.4000,309.4000,309.4000
1787324320,309.4000,309.4100,309.4000,309.4100
1787324321,309.4300,309.4300,309.4300,309.4300
1787324322,309.4400,309.4400,309.4100,309.4200
1787324323,309.4100,309.4100,309.4000,309.4000
1787324324,309.4000,309.4000,309.3900,309.3900
1787324325,309.3900,309.3900,309.3900,309.3900
1787324327,309.3800,309.3800,309.3800,309.3800
1787324329,309.3700,309.3750,309.3700,309.3750
1787324330,309.3800,309.3800,309.3800,309.3800
1787324331,309.3800,309.3850,309.3800,309.3850
1787324332,309.3800,309.3800,309.3700,309.3700
1787324333,309.3700,309.3700,309.3600,309.3600
1787324334,309.3600,309.3600,309.3400,309.3400
1787324335,309.3400,309.3400,309.3100,309.3100
1787324336,309.3300,309.3700,309.3300,309.3700
1787324337,309.3500,309.3500,309.3450,309.3450
1787324338,309.3500,309.3500,309.3500,309.3500
1787324339,309.3700,309.3700,309.3700,309.3700
1787324340,309.3700,309.3700,309.3600,309.3600
1787324341,309.3600,309.3600,309.3500,309.3600
1787324342,309.3800,309.3800,309.3800,309.3800
1787324343,309.3900,309.3900,309.3900,309.3900
1787324344,309.3900,309.3900,309.3900,309.3900
1787324345,309.4000,309.4000,309.4000,309.4000
1787324346,309.4200,309.4200,309.4200,309.4200
1787324347,309.4300,309.4400,309.4200,309.4400
1787324351,309.4100,309.4100,309.4000,309.4000
1787324353,309.3900,309.3900,309.3800,309.3800
1787324354,309.3700,309.3700,309.3700,309.3700
1787324355,309.3800,309.3800,309.3800,309.3800
1787324356,309.3900,309.3900,309.3700,309.3700
1787324357,309.3800,309.3800,309.3800,309.3800
1787324358,309.3750,309.3750,309.3750,309.3750
1787324359,309.3900,309.4450,309.3900,309.4450
1787324360,309.4300,309.4350,309.4300,309.4350
1787324362,309.4400,309.4400,309.4200,309.4200
1787324363,309.4200,309.4200,309.4100,309.4100
1787324364,309.4400,309.4400,309.4400,309.4400
1787324365,309.4400,309.4400,309.4400,309.4400
1787324366,309.4500,309.4600,309.4500,309.4500
1787324367,309.4400,309.4500,309.4300,309.4300
1787324368,309.4300,309.4500,309.4000,309.4000
1787324370,309.4000,309.4100,309.4000,309.4100
1787324371,309.4300,309.4300,309.4300,309.4300
1787324372,309.3900,309.4000,309.3800,309.3800
1787324373,309.3700,309.3750,309.3700,309.3750
1787324374,309.3700,309.3800,309.3700,309.3800
1787324378,309.3900,309.4000,309.3900,309.4000
1787324379,309.4000,309.4200,309.4000,309.4100
1787324382,309.3900,309.3900,309.3900,309.3900
1787324383,309.3900,309.3900,309.3900,309.3900
1787324384,309.3900,309.3900,309.3900,309.3900
1787324385,309.3900,309.3900,309.3800,309.3800
1787324386,309.3850,309.4400,309.3850,309.4400
1787324387,309.4700,309.4700,309.4400,309.4400
1787324392,309.4300,309.4300,309.4300,309.4300
1787324393,309.4200,309.4200,309.4200,309.4200
1787324394,309.4400,309.4600,309.4400,309.4600
1787324395,309.4500,309.4500,309.4500,309.4500
1787324397,309.4500,309.4500,309.4500,309.4500
1787324400,309.4600,309.4700,309.4400,309.4400
1787324401,309.4300,309.4400,309.4200,309.4400
1787324402,309.4200,309.4200,309.4200,309.4200
1787324403,309.4100,309.4100,309.4100,309.4100
1787324406,309.3900,309.4200,309.3800,309.3900
1787324407,309.4000,309.4000,309.4000,309.4000
1787324408,309.4100,309.4100,309.4000,309.4000
1787324409,309.4200,309.4500,309.4100,309.4500
1787324410,309.4500,309.4500,309.4300,309.4500
1787324411,309.4500,309.4500,309.4500,309.4500
1787324413,309.4600,309.4600,309.4500,309.4500
1787324414,309.4400,309.4400,309.4300,309.4300
1787324415,309.4100,309.4100,309.3900,309.3900
1787324418,309.4200,309.4300,309.4200,309.4300
1787324420,309.4500,309.4500,309.4500,309.4500
1787324421,309.4800,309.4850,309.4700,309.4700
1787324422,309.4700,309.4700,309.4700,309.4700
1787324424,309.4600,309.4600,309.4600,309.4600
1787324425,309.4900,309.5700,309.4900,309.5700
1787324426,309.5600,309.5900,309.5600,309.5900
1787324427,309.5900,309.5900,309.5800,309.5800
1787324429,309.5800,309.5800,309.5800,309.5800
1787324430,309.5700,309.5800,309.5700,309.5800
1787324432,309.5800,309.5800,309.5800,309.5800
1787324433,309.5950,309.5950,309.5950,309.5950
1787324434,309.5950,309.5950,309.5800,309.5800
1787324435,309.5900,309.5900,309.5900,309.5900
1787324437,309.5900,309.5900,309.4900,309.5100
1787324438,309.5200,309.5200,309.5200,309.5200
1787324439,309.5300,309.5300,309.5200,309.5200
1787324442,309.5100,309.5300,309.5000,309.5000
1787324443,309.5400,309.5600,309.5400,309.5600
1787324444,309.5600,309.5600,309.5500,309.5500
1787324445,309.5600,309.5600,309.5600,309.5600
1787324446,309.5600,309.5600,309.5600,309.5600
1787324447,309.5700,309.5700,309.5700,309.5700
1787324448,309.5600,309.5600,309.5600,309.5600
1787324449,309.5500,309.5500,309.5500,309.5500
1787324451,309.5700,309.5700,309.5700,309.5700
1787324452,309.5700,309.5700,309.5700,309.5700
1787324453,309.5800,309.6500,309.5800,309.6300
1787324455,309.6300,309.6300,309.6000,309.6000
1787324456,309.5900,309.5900,309.5900,309.5900
1787324457,309.6000,309.6000,309.5900,309.5900
1787324459,309.5900,309.5900,309.5800,309.5800
1787324460,309.6000,309.6200,309.6000,309.6200
1787324461,309.6300,309.6300,309.6300,309.6300
1787324463,309.6450,309.6500,309.6450,309.6500
1787324464,309.6600,309.6700,309.6600,309.6700
1787324465,309.6700,309.6700,309.6600,309.6600
1787324467,309.6500,309.6600,309.6500,309.6600
1787324468,309.6700,309.6700,309.6700,309.6700
1787324469,309.6800,309.6800,309.6800,309.6800
1787324470,309.6800,309.6800,309.6800,309.6800
1787324471,309.6850,309.6900,309.6800,309.6900
1787324472,309.6900,309.6900,309.6800,309.6800
1787324474,309.6800,309.6800,309.6500,309.6500
1787324475,309.6400,309.6400,309.6200,309.6250
1787324478,309.6400,309.6400,309.6400,309.6400
1787324479,309.6300,309.6300,309.6300,309.6300
1787324481,309.6000,309.6000,309.5200,309.5400
1787324482,309.5700,309.5700,309.5700,309.5700
1787324483,309.5700,309.5700,309.5700,309.5700
1787324485,309.5600,309.5600,309.5500,309.5500
1787324486,309.5400,309.5400,309.5400,309.5400
1787324488,309.5900,309.5900,309.5900,309.5900
1787324489,309.6000,309.6000,309.6000,309.6000
1787324490,309.6000,309.6000,309.5900,309.5900
1787324492,309.5700,309.5700,309.5500,309.5500
1787324494,309.5600,309.5600,309.5600,309.5600
1787324495,309.5500,309.5500,309.5300,309.5300
1787324496,309.5200,309.5300,309.5200,309.5200
1787324499,309.5250,309.5250,309.5250,309.5250
1787324500,309.5250,309.5250,309.5250,309.5250
1787324503,309.5400,309.5600,309.5400,309.5600
1787324505,309.5600,309.5600,309.5600,309.5600
1787324506,309.5700,309.5700,309.5700,309.5700
1787324507,309.5700,309.5700,309.5700,309.5700
1787324508,309.5600,309.5600,309.5600,309.5600
1787324510,309.5550,309.5550,309.5550,309.5550
1787324511,309.5700,309.5700,309.5700,309.5700
1787324512,309.5800,309.5800,309.5800,309.5800
1787324513,309.5900,309.7200,309.5900,309.7100
1787324514,309.7000,309.7000,309.6850,309.7000
1787324515,309.7000,309.7000,309.7000,309.7000
1787324516,309.7100,309.7100,309.7100,309.7100
1787324519,309.7200,309.7200,309.7200,309.7200
1787324521,309.7400,309.7400,309.7400,309.7400
1787324522,309.7300,309.7300,309.7100,309.7100
1787324523,309.7100,309.7100,309.7100,309.7100
1787324524,309.7050,309.7050,309.7050,309.7050
1787324527,309.6900,309.7000,309.6900,309.7000
1787324530,309.7100,309.7100,309.7100,309.7100
1787324532,309.7000,309.7000,309.7000,309.7000
1787324533,309.6900,309.6900,309.6800,309.6800
1787324534,309.6700,309.6700,309.6400,309.6400
1787324535,309.6600,309.6700,309.6600,309.6700
1787324536,309.6500,309.6600,309.6450,309.6600
1787324538,309.6500,309.6500,309.5850,309.6000
1787324539,309.6100,309.6200,309.6100,309.6200
1787324540,309.6100,309.6100,309.5900,309.6000
1787324541,309.6000,309.6000,309.5900,309.5900
1787324542,309.6000,309.6000,309.6000,309.6000
1787324543,309.5900,309.5900,309.5900,309.5900
1787324545,309.5800,309.5800,309.5800,309.5800
1787324546,309.5700,309.5700,309.5700,309.5700
1787324548,309.5650,309.5650,309.4700,309.4700
1787324549,309.4800,309.4800,309.4600,309.4600
1787324550,309.4500,309.4500,309.4400,309.4450
1787324552,309.4400,309.4400,309.4400,309.4400
1787324553,309.4300,309.4500,309.4100,309.4300
1787324555,309.4500,309.4500,309.4500,309.4500
1787324556,309.4600,309.4600,309.4600,309.4600
1787324557,309.4600,309.4700,309.4600,309.4700
1787324558,309.4800,309.4800,309.4800,309.4800
1787324560,309.4800,309.4800,309.4800,309.4800
1787324561,309.4700,309.4700,309.4700,309.4700
1787324562,309.4800,309.4900,309.4800,309.4900
1787324564,309.4900,309.5100,309.4900,309.5100
1787324565,309.5300,309.5300,309.5300,309.5300
1787324566,309.5200,309.5200,309.5200,309.5200
1787324567,309.5100,309.5100,309.4800,309.4800
1787324569,309.4900,309.4900,309.4900,309.4900
1787324571,309.4600,309.4600,309.4600,309.4600
1787324572,309.4500,309.4500,309.4000,309.4000
1787324575,309.3900,309.3900,309.3800,309.3800
1787324576,309.3700,309.3700,309.3700,309.3700
1787324577,309.3800,309.3800,309.3600,309.3600
1787324578,309.3600,309.3700,309.3400,309.3700
1787324580,309.3700,309.3700,309.3700,309.3700
1787324581,309.3600,309.3600,309.3600,309.3600
1787324582,309.3700,309.3700,309.3700,309.3700
1787324583,309.3700,309.3700,309.3300,309.3300
1787324584,309.3300,309.3300,309.3300,309.3300
1787324585,309.3600,309.3600,309.3600,309.3600
1787324588,309.3600,309.3600,309.3500,309.3500
1787324589,309.3300,309.3300,309.3300,309.3300
1787324592,309.2750,309.3000,309.2750,309.3000
1787324593,309.3000,309.3300,309.2900,309.3300
1787324594,309.3400,309.3800,309.3400,309.3800
1787324595,309.3800,309.3800,309.3700,309.3700
1787324596,309.3650,309.3650,309.3650,309.3650
1787324598,309.3600,309.3600,309.3500,309.3500
1787324599,309.3500,309.3500,309.3500,309.3500
1787324600,309.3600,309.3600,309.3600,309.3600
1787324606,309.3900,309.3900,309.3900,309.3900
1787324607,309.4000,309.4000,309.4000,309.4000
1787324608,309.4000,309.4000,309.4000,309.4000
1787324609,309.3900,309.3900,309.3900,309.3900
1787324611,309.3900,309.3900,309.3900,309.3900
1787324612,309.3800,309.3800,309.3700,309.3700
1787324614,309.3800,309.3800,309.3800,309.3800
1787324615,309.3600,309.3600,309.3500,309.3600
1787324616,309.3700,309.3700,309.3700,309.3700
1787324617,309.3800,309.4000,309.3800,309.3900
1787324618,309.3900,309.3900,309.3900,309.3900
1787324619,309.3800,309.3800,309.3800,309.3800
1787324620,309.3900,309.3900,309.3900,309.3900
1787324621,309.3900,309.4200,309.3900,309.4200
1787324622,309.4350,309.4700,309.4350,309.4700
1787324623,309.4700,309.5100,309.4700,309.5100
1787324625,309.5300,309.5300,309.5300,309.5300
1787324626,309.5500,309.5600,309.5500,309.5600
1787324627,309.5400,309.5400,309.5300,309.5400
1787324629,309.5700,309.6000,309.5700,309.6000
1787324630,309.5800,309.6000,309.5800,309.6000
1787324631,309.6050,309.6050,309.5000,309.5000
1787324632,309.5000,309.5000,309.5000,309.5000
1787324633,309.5300,309.5300,309.5300,309.5300
1787324636,309.5300,309.5300,309.5300,309.5300
1787324639,309.5300,309.5300,309.5300,309.5300
1787324640,309.5400,309.5500,309.5400,309.5500
1787324641,309.5700,309.5700,309.5400,309.5400
1787324642,309.5400,309.5600,309.5400,309.5600
1787324646,309.5700,309.5900,309.5700,309.5900
1787324647,309.6100,309.6100,309.6100,309.6100
1787324648,309.6100,309.6100,309.5900,309.6100
1787324649,309.6000,309.6000,309.6000,309.6000
1787324650,309.6200,309.6200,309.6200,309.6200
1787324651,309.6250,309.6250,309.6250,309.6250
1787324657,309.6000,309.6000,309.5900,309.5900
1787324658,309.6200,309.6200,309.6200,309.6200
1787324659,309.6000,309.6500,309.6000,309.6500
1787324660,309.6600,309.6700,309.6600,309.6600
1787324661,309.6700,309.6800,309.6700,309.6800
1787324662,309.6700,309.6800,309.6700,309.6800
1787324663,309.6750,309.6750,309.6600,309.6600
1787324666,309.6600,309.6600,309.6300,309.6300
1787324668,309.6300,309.6300,309.6300,309.6300
1787324670,309.6300,309.6300,309.6300,309.6300
1787324672,309.6500,309.6500,309.6500,309.6500
1787324675,309.6600,309.6700,309.6600,309.6700
1787324676,309.6900,309.7200,309.6900,309.7200
1787324677,309.7100,309.7300,309.6900,309.7300
1787324679,309.7500,309.7550,309.7500,309.7500
1787324680,309.7450,309.7600,309.7450,309.7600
1787324681,309.7600,309.8000,309.7600,309.7800
1787324682,309.7800,309.7800,309.7800,309.7800
1787324683,309.7800,309.7800,309.7600,309.7600
1787324684,309.7700,309.7700,309.7700,309.7700
1787324685,309.7700,309.7700,309.7700,309.7700
1787324688,309.7700,309.7700,309.7500,309.7500
1787324689,309.7400,309.7400,309.7400,309.7400
1787324690,309.7200,309.7200,309.7000,309.7000
1787324691,309.7100,309.7100,309.7100,309.7100
1787324693,309.7200,309.7400,309.7200,309.7400
1787324694,309.7300,309.7300,309.7300,309.7300
1787324695,309.7350,309.7350,309.7350,309.7350
1787324702,309.7300,309.7300,309.7300,309.7300
1787324703,309.7200,309.7200,309.6900,309.6900
1787324704,309.7100,309.7300,309.7100,309.7200
1787324705,309.7200,309.7200,309.7100,309.7100
1787324706,309.7100,309.7100,309.7100,309.7100
1787324707,309.7100,309.7100,309.7100,309.7100
1787324712,309.7200,309.7200,309.7200,309.7200
1787324713,309.7200,309.7400,309.7200,309.7400
1787324714,309.7500,309.7700,309.7400,309.7700
1787324715,309.7800,309.7800,309.7800,309.7800
1787324716,309.7850,309.7850,309.7800,309.7800
1787324718,309.7800,309.7800,309.7700,309.7700
1787324719,309.7900,309.7900,309.7900,309.7900
1787324720,309.8000,309.8000,309.8000,309.8000
1787324721,309.8200,309.8400,309.8200,309.8250
1787324722,309.8400,309.8500,309.8400,309.8500
1787324725,309.8600,309.8600,309.8600,309.8600
1787324726,309.8600,309.8600,309.8500,309.8500
1787324727,309.8700,309.9200,309.8700,309.8950
1787324728,309.8950,309.8950,309.8800,309.8800
1787324731,309.8700,309.8700,309.8600,309.8600
1787324733,309.8400,309.8400,309.8200,309.8200
1787324734,309.7900,309.7900,309.7900,309.7900
1787324735,309.8000,309.8000,309.8000,309.8000
1787324736,309.8100,309.8300,309.8100,309.8300
1787324737,309.8300,309.8300,309.8300,309.8300
1787324739,309.8400,309.8400,309.8400,309.8400
1787324740,309.8500,309.8500,309.8500,309.8500
1787324741,309.8500,309.8500,309.8500,309.8500
1787324743,309.8300,309.8300,309.8300,309.8300
1787324749,309.8400,309.8400,309.8400,309.8400
1787324750,309.8100,309.8100,309.8000,309.8000
1787324751,309.8100,309.8100,309.8000,309.8000
1787324752,309.8200,309.8200,309.8200,309.8200
1787324753,309.8200,309.8200,309.8100,309.8100
1787324755,309.8300,309.8700,309.8300,309.8600
1787324756,309.8400,309.8400,309.8400,309.8400
1787324757,309.8100,309.8100,309.8000,309.8000
1787324758,309.7900,309.7900,309.7900,309.7900
1787324759,309.7800,309.7850,309.7800,309.7850
1787324761,309.7800,309.7800,309.7800,309.7800
1787324762,309.7900,309.7950,309.7900,309.7950
1787324765,309.7900,309.7900,309.7800,309.7800
1787324766,309.7750,309.7750,309.7750,309.7750
1787324769,309.7600,309.7600,309.7200,309.7200
1787324771,309.7500,309.7500,309.7500,309.7500
1787324772,309.7700,309.7700,309.7700,309.7700
1787324773,309.7800,309.8250,309.7800,309.8250
1787324776,309.8100,309.8100,309.8100,309.8100
1787324777,309.8300,309.8400,309.8300,309.8400
1787324779,309.8500,309.8600,309.8500,309.8600
1787324780,309.8900,309.8900,309.8900,309.8900
1787324782,309.8900,309.8900,309.8900,309.8900
1787324783,309.8900,309.8900,309.8900,309.8900
1787324788,309.8900,309.9200,309.8900,309.9100
1787324789,309.9100,309.9100,309.9100,309.9100
1787324790,309.9100,309.9200,309.9100,309.9100
1787324791,309.9200,309.9200,309.9200,309.9200
1787324792,309.9200,309.9200,309.9200,309.9200
1787324794,309.9100,309.9100,309.9100,309.9100
1787324795,309.9100,309.9300,309.9100,309.9300
1787324798,309.9200,309.9200,309.9150,309.9200
1787324799,309.9300,309.9400,309.9300,309.9300
1787324800,309.9200,309.9200,309.9200,309.9200
1787324801,309.9200,309.9200,309.9200,309.9200
1787324802,309.9100,309.9100,309.8800,309.8800
1787324804,309.8600,309.8600,309.8500,309.8600
1787324806,309.8500,309.8500,309.8400,309.8400
1787324810,309.8550,309.8550,309.8500,309.8500
1787324811,309.8400,309.8400,309.8300,309.8350
1787324814,309.8350,309.8350,309.8350,309.8350
1787324815,309.8400,309.8500,309.8400,309.8500
1787324816,309.8600,309.8700,309.8600,309.8700
1787324817,309.8650,309.8650,309.8650,309.8650
1787324819,309.8600,309.8600,309.8500,309.8600
1787324820,309.8700,309.8700,309.8700,309.8700
1787324821,309.8550,309.8550,309.8550,309.8550
1787324822,309.8400,309.8400,309.7900,309.7900
1787324823,309.8100,309.8100,309.8100,309.8100
1787324824,309.8200,309.8200,309.8200,309.8200
1787324825,309.8200,309.8200,309.8200,309.8200
1787324826,309.8100,309.8100,309.8100,309.8100
1787324827,309.8100,309.8100,309.8100,309.8100
1787324828,309.8000,309.8100,309.7600,309.7600
1787324832,309.7800,309.7800,309.7800,309.7800
1787324835,309.7900,309.8000,309.7900,309.7900
1787324839,309.7700,309.7700,309.7600,309.7600
1787324841,309.7400,309.7400,309.7400,309.7400
1787324843,309.7400,309.7400,309.7000,309.7000
1787324844,309.7200,309.7200,309.7200,309.7200
1787324849,309.7000,309.8200,309.6900,309.8200
1787324851,309.8400,309.8600,309.8400,309.8600
1787324852,309.8900,309.9100,309.8900,309.9100
1787324853,309.9200,309.9200,309.8600,309.8600
1787324854,309.8850,309.8900,309.8850,309.8900
1787324855,309.9000,309.9000,309.9000,309.9000
1787324856,309.9000,309.9100,309.8800,309.8800
1787324858,309.9200,309.9200,309.9200,309.9200
1787324859,309.9050,309.9050,309.9050,309.9050
1787324860,309.8700,309.8700,309.8400,309.8400
1787324861,309.8200,309.8200,309.7950,309.7950
1787324862,309.8100,309.8100,309.8000,309.8000
1787324863,309.7900,309.7900,309.7900,309.7900
1787324865,309.7700,309.7700,309.7700,309.7700
1787324866,309.7750,309.7750,309.7750,309.7750
1787324869,309.7700,309.7700,309.7600,309.7600
1787324870,309.7800,309.7900,309.7500,309.7500
1787324871,309.7650,309.7650,309.7400,309.7400
1787324873,309.7900,309.7900,309.7100,309.7100
1787324876,309.7100,309.7100,309.7100,309.7100
1787324877,309.7200,309.7200,309.7100,309.7100
1787324878,309.7200,309.7200,309.7200,309.7200
1787324882,309.7400,309.7500,309.7400,309.7500
1787324883,309.7400,309.7400,309.7400,309.7400
1787324886,309.7250,309.7250,309.7250,309.7250
1787324888,309.7100,309.7100,309.7100,309.7100
1787324889,309.7200,309.7200,309.7200,309.7200
1787324890,309.7000,309.7000,309.7000,309.7000
1787324891,309.6800,309.6800,309.6800,309.6800
1787324893,309.6900,309.6900,309.6900,309.6900
1787324895,309.6700,309.6700,309.6600,309.6600
1787324897,309.7000,309.7100,309.7000,309.7100
1787324902,309.6600,309.6600,309.6600,309.6600
1787324903,309.6900,309.6900,309.6900,309.6900
1787324907,309.6850,309.6850,309.6850,309.6850
1787324908,309.6850,309.6850,309.6850,309.6850
1787324909,309.6700,309.6700,309.6700,309.6700
1787324910,309.6600,309.6600,309.6600,309.6600
1787324911,309.6600,309.6600,309.6600,309.6600
1787324912,309.6600,309.6700,309.6600,309.6650
1787324913,309.6650,309.6650,309.6650,309.6650
1787324914,309.6600,309.6600,309.6600,309.6600
1787324915,309.6500,309.6500,309.6200,309.6200
1787324916,309.6000,309.6000,309.6000,309.6000
1787324918,309.6100,309.6100,309.6100,309.6100
1787324920,309.6200,309.6300,309.6200,309.6300
1787324922,309.5900,309.5900,309.5600,309.5600
1787324924,309.5400,309.5400,309.5400,309.5400
1787324927,309.5500,309.5500,309.5500,309.5500
1787324928,309.5600,309.5600,309.5600,309.5600
1787324929,309.5900,309.6000,309.5900,309.6000
1787324932,309.5900,309.5900,309.5900,309.5900
1787324933,309.6100,309.6200,309.6100,309.6200
1787324936,309.6000,309.6000,309.6000,309.6000
1787324939,309.6550,309.6550,309.6550,309.6550
1787324946,309.6650,309.6650,309.6550,309.6550
1787324948,309.6600,309.6600,309.6600,309.6600
1787324949,309.6500,309.6500,309.6400,309.6400
1787324950,309.6300,309.6300,309.6300,309.6300
1787324951,309.6100,309.6100,309.6000,309.6000
1787324952,309.5900,309.5900,309.5900,309.5900
1787324955,309.6100,309.6100,309.6100,309.6100
1787324956,309.6000,309.6000,309.6000,309.6000
1787324959,309.5950,309.5950,309.5950,309.5950
1787324960,309.6000,309.6000,309.6000,309.6000
1787324961,309.5900,309.5900,309.5900,309.5900
1787324966,309.6000,309.6000,309.6000,309.6000
1787324967,309.6100,309.6200,309.5800,309.5800
1787324968,309.6100,309.6100,309.6100,309.6100
1787324970,309.6200,309.6200,309.6200,309.6200
1787324974,309.6000,309.6000,309.6000,309.6000
1787324976,309.6000,309.6000,309.6000,309.6000
1787324978,309.6000,309.6000,309.6000,309.6000
1787324980,309.6000,309.6000,309.6000,309.6000
1787324981,309.5900,309.5900,309.5800,309.5800
1787324982,309.5600,309.5600,309.5600,309.5600
1787324983,309.5400,309.5400,309.5400,309.5400
1787324984,309.5600,309.5600,309.5600,309.5600
1787324985,309.5500,309.5600,309.5500,309.5600
1787324986,309.5700,309.5750,309.5700,309.5750
1787324989,309.5700,309.5700,309.5500,309.5500
1787324991,309.5400,309.5400,309.5400,309.5400
1787324993,309.5500,309.5500,309.5500,309.5500
1787324994,309.5600,309.5600,309.5400,309.5400
1787324995,309.5200,309.5200,309.5200,309.5200
1787324998,309.5100,309.5100,309.5000,309.5000
1787324999,309.5300,309.5400,309.5300,309.5400
1787325001,309.5200,309.5200,309.5100,309.5100
1787325002,309.5000,309.5000,309.4900,309.5000
1787325003,309.5000,309.5000,309.4800,309.4900
1787325005,309.5000,309.5000,309.5000,309.5000
1787325006,309.5000,309.5000,309.5000,309.5000
1787325007,309.4800,309.4800,309.4800,309.4800
1787325009,309.5100,309.5100,309.5100,309.5100
1787325010,309.5200,309.5200,309.5200,309.5200
1787325011,309.5300,309.5500,309.5300,309.5500
1787325014,309.5400,309.5400,309.5400,309.5400
1787325015,309.5400,309.5400,309.5400,309.5400
1787325016,309.5300,309.5300,309.5100,309.5100
1787325019,309.5100,309.5100,309.4900,309.4900
1787325020,309.4700,309.4700,309.4700,309.4700
1787325022,309.4700,309.4700,309.4400,309.4500
1787325024,309.4900,309.4900,309.4700,309.4700
1787325026,309.4800,309.4800,309.4800,309.4800
1787325028,309.4500,309.4500,309.4500,309.4500
1787325029,309.4600,309.4700,309.4600,309.4700
1787325033,309.4600,309.4600,309.4400,309.4400
1787325034,309.4300,309.4300,309.4300,309.4300
1787325036,309.4400,309.4500,309.4400,309.4500
1787325037,309.4600,309.5100,309.4600,309.5100
1787325039,309.5200,309.5200,309.5200,309.5200
1787325041,309.5300,309.5300,309.5300,309.5300
1787325042,309.5300,309.5400,309.5300,309.5400
1787325043,309.5400,309.5400,309.5400,309.5400
1787325045,309.5400,309.5400,309.5300,309.5300
1787325046,309.5200,309.5200,309.5200,309.5200
1787325047,309.5200,309.5200,309.5200,309.5200
1787325048,309.5200,309.5200,309.5200,309.5200
1787325049,309.5300,309.5300,309.5200,309.5200
1787325052,309.5050,309.5050,309.5050,309.5050
1787325055,309.4700,309.4700,309.4700,309.4700
1787325056,309.4900,309.4900,309.4900,309.4900
1787325057,309.5000,309.5100,309.5000,309.5100
1787325058,309.5000,309.5000,309.5000,309.5000
1787325059,309.5000,309.5000,309.4900,309.4900
1787325060,309.5000,309.5000,309.5000,309.5000
1787325063,309.5000,309.5000,309.5000,309.5000
1787325064,309.4900,309.4900,309.4800,309.4800
1787325067,309.5000,309.5300,309.5000,309.5300
1787325068,309.5300,309.5300,309.5300,309.5300
1787325069,309.5250,309.5250,309.5250,309.5250
1787325070,309.5200,309.5200,309.5200,309.5200
1787325071,309.5300,309.5300,309.5300,309.5300
1787325075,309.5300,309.5300,309.5300,309.5300
1787325076,309.5300,309.5300,309.5000,309.5100
1787325080,309.5000,309.5000,309.4900,309.4900
1787325081,309.4900,309.4900,309.4900,309.4900
1787325082,309.4850,309.5000,309.4850,309.5000
1787325083,309.5000,309.5000,309.4900,309.4900
1787325085,309.4900,309.4900,309.4900,309.4900
1787325088,309.5000,309.5000,309.5000,309.5000
1787325089,309.5200,309.5200,309.5200,309.5200
1787325090,309.5200,309.5200,309.5200,309.5200
1787325092,309.5300,309.5350,309.5300,309.5350
1787325093,309.5200,309.5200,309.5000,309.5000
1787325096,309.5000,309.5000,309.4900,309.4900
1787325098,309.5000,309.5200,309.5000,309.5200
1787325099,309.5300,309.6100,309.5300,309.6100
1787325100,309.6200,309.6300,309.6200,309.6200
1787325102,309.6300,309.6300,309.6300,309.6300
1787325104,309.6100,309.6100,309.5900,309.5900
1787325105,309.5800,309.5800,309.5800,309.5800
1787325106,309.5700,309.5700,309.5700,309.5700
1787325109,309.5800,309.5800,309.5800,309.5800
1787325111,309.6000,309.6100,309.6000,309.6100
1787325113,309.6100,309.6400,309.6100,309.6400
1787325115,309.6300,309.6300,309.6200,309.6200
1787325116,309.6200,309.6200,309.6200,309.6200
1787325117,309.6200,309.6200,309.6200,309.6200
1787325119,309.6300,309.6300,309.6200,309.6200
1787325120,309.6300,309.6300,309.6250,309.6250
1787325121,309.6300,309.6300,309.6100,309.6100
1787325122,309.5900,309.5900,309.5900,309.5900
1787325124,309.5900,309.6450,309.5900,309.6400
1787325126,309.6200,309.6200,309.6000,309.6000
1787325127,309.6200,309.6200,309.6200,309.6200
1787325128,309.6300,309.6300,309.6300,309.6300
1787325129,309.6100,309.6100,309.6000,309.6000
1787325131,309.6100,309.6100,309.6100,309.6100
1787325132,309.6100,309.6100,309.6100,309.6100
1787325133,309.6100,309.6100,309.6100,309.6100
1787325134,309.6100,309.6100,309.6100,309.6100
1787325135,309.6100,309.6100,309.6100,309.6100
1787325136,309.6200,309.6200,309.6200,309.6200
1787325137,309.6200,309.6200,309.6200,309.6200
1787325138,309.6200,309.6200,309.6200,309.6200
1787325139,309.6200,309.6200,309.6200,309.6200
1787325140,309.6300,309.6300,309.6300,309.6300
1787325141,309.6500,309.6500,309.6500,309.6500
1787325142,309.6550,309.6600,309.6550,309.6600
1787325143,309.6700,309.6800,309.6700,309.6800
1787325147,309.6900,309.6900,309.6900,309.6900
1787325148,309.7000,309.7000,309.7000,309.7000
1787325149,309.7000,309.7000,309.6900,309.7000
1787325150,309.7000,309.7000,309.6800,309.6800
1787325152,309.7000,309.7100,309.7000,309.7100
1787325153,309.7100,309.7100,309.7100,309.7100
1787325154,309.7050,309.7050,309.7050,309.7050
1787325156,309.7100,309.7100,309.7100,309.7100
1787325157,309.7100,309.7100,309.7100,309.7100
1787325158,309.7050,309.7050,309.6900,309.6900
1787325159,309.6850,309.6850,309.6500,309.6500
1787325161,309.6500,309.6500,309.6500,309.6500
1787325162,309.6500,309.6500,309.6500,309.6500
1787325164,309.6300,309.6300,309.6200,309.6200
1787325165,309.6200,309.6200,309.6200,309.6200
1787325167,309.6300,309.6300,309.6300,309.6300
1787325169,309.6600,309.6700,309.6600,309.6700
1787325170,309.6600,309.6600,309.6600,309.6600
1787325172,309.6600,309.6600,309.6600,309.6600
1787325174,309.6600,309.6700,309.6600,309.6700
1787325176,309.6800,309.6800,309.6800,309.6800
1787325177,309.6800,309.6800,309.6800,309.6800
1787325178,309.6700,309.6700,309.6500,309.6500
1787325179,309.6450,309.6450,309.6450,309.6450
1787325182,309.6100,309.6100,309.6000,309.6000
1787325184,309.6100,309.6100,309.6100,309.6100
1787325185,309.6100,309.6100,309.6100,309.6100
1787325186,309.6100,309.6100,309.6100,309.6100
1787325190,309.6200,309.6200,309.6200,309.6200
1787325191,309.6300,309.6300,309.6300,309.6300
1787325192,309.6250,309.6250,309.6100,309.6100
1787325193,309.6100,309.6100,309.6100,309.6100
1787325194,309.6200,309.6200,309.6150,309.6150
1787325195,309.6200,309.6200,309.6100,309.6100
1787325196,309.6100,309.6100,309.6000,309.6000
1787325197,309.6000,309.6000,309.6000,309.6000
1787325199,309.5900,309.5900,309.5900,309.5900
1787325200,309.5800,309.5800,309.5800,309.5800
1787325201,309.5500,309.5600,309.5500,309.5600
1787325202,309.5600,309.5600,309.5600,309.5600
1787325206,309.5600,309.5600,309.5500,309.5500
1787325207,309.5550,309.5700,309.5550,309.5700
1787325209,309.5800,309.5800,309.5800,309.5800
1787325210,309.5800,309.5800,309.5800,309.5800
1787325211,309.5800,309.5800,309.5800,309.5800
1787325214,309.5700,309.5700,309.5700,309.5700
1787325215,309.5800,309.5800,309.5800,309.5800
1787325220,309.5800,309.5800,309.5800,309.5800
1787325223,309.5900,309.6000,309.5900,309.6000
1787325224,309.6300,309.6500,309.6300,309.6500
1787325225,309.6900,309.6900,309.6900,309.6900
1787325226,309.7000,309.7000,309.7000,309.7000
1787325227,309.7100,309.7100,309.7000,309.7000
1787325228,309.6950,309.7100,309.6950,309.7100
1787325229,309.7100,309.7100,309.7100,309.7100
1787325230,309.7300,309.7300,309.7300,309.7300
1787325231,309.7300,309.7300,309.7300,309.7300
1787325232,309.7400,309.7400,309.7400,309.7400
1787325235,309.7600,309.7600,309.7600,309.7600
1787325237,309.7700,309.7700,309.7700,309.7700
1787325239,309.8000,309.8000,309.7600,309.7600
1787325240,309.7800,309.7800,309.7800,309.7800
1787325242,309.8000,309.8200,309.8000,309.8200
1787325244,309.7900,309.7900,309.7700,309.7700
1787325247,309.7700,309.7700,309.7650,309.7650
1787325250,309.7700,309.7700,309.7600,309.7600
1787325252,309.7400,309.7400,309.7400,309.7400
1787325253,309.7400,309.7400,309.7300,309.7300
1787325254,309.6900,309.6900,309.6800,309.6800
1787325256,309.7100,309.7100,309.6800,309.6900
1787325257,309.6800,309.6800,309.6800,309.6800
1787325258,309.6800,309.6800,309.6800,309.6800
1787325261,309.7000,309.7300,309.7000,309.7300
1787325262,309.7200,309.7200,309.7200,309.7200
1787325264,309.7100,309.7100,309.7100,309.7100
1787325267,309.7300,309.7300,309.7200,309.7200
1787325268,309.7100,309.7100,309.7100,309.7100
1787325270,309.7100,309.7100,309.7100,309.7100
1787325271,309.7200,309.7200,309.7200,309.7200
1787325272,309.7000,309.7000,309.7000,309.7000
1787325273,309.7200,309.7200,309.7200,309.7200
1787325274,309.7100,309.7100,309.7100,309.7100
1787325275,309.7100,309.7100,309.7100,309.7100
1787325276,309.6900,309.6900,309.6800,309.6800
1787325282,309.6900,309.6900,309.6900,309.6900
1787325283,309.6900,309.6900,309.6900,309.6900
1787325284,309.6900,309.6900,309.6900,309.6900
1787325285,309.6900,309.6900,309.6900,309.6900
1787325286,309.6800,309.6800,309.6700,309.6700
1787325287,309.6700,309.6800,309.6700,309.6800
1787325288,309.6800,309.7000,309.6800,309.7000
1787325289,309.7100,309.7100,309.7000,309.7000
1787325291,309.7100,309.7100,309.7100,309.7100
1787325295,309.7000,309.7000,309.7000,309.7000
1787325296,309.6900,309.6900,309.6900,309.6900
1787325300,309.7000,309.7000,309.6800,309.6800
1787325303,309.6600,309.6600,309.6600,309.6600
1787325305,309.6400,309.6400,309.6200,309.6200
1787325307,309.6000,309.6300,309.5900,309.6300
1787325308,309.6500,309.6700,309.6400,309.6500
1787325310,309.6400,309.6400,309.6400,309.6400
1787325312,309.6200,309.6200,309.6100,309.6200
1787325313,309.6000,309.6000,309.6000,309.6000
1787325314,309.5900,309.5900,309.5900,309.5900
1787325315,309.5900,309.5900,309.5900,309.5900
1787325316,309.5850,309.6000,309.5400,309.6000
1787325319,309.6000,309.6200,309.6000,309.6200
1787325320,309.6150,309.6400,309.6000,309.6400
1787325321,309.6500,309.6700,309.6500,309.6700
1787325322,309.7100,309.7300,309.7100,309.7300
1787325323,309.7300,309.7300,309.7000,309.7000
1787325325,309.7100,309.7100,309.7100,309.7100
1787325326,309.7200,309.7200,309.7200,309.7200
1787325330,309.7300,309.7300,309.7300,309.7300
1787325331,309.7300,309.7300,309.7300,309.7300
1787325332,309.7400,309.7500,309.7400,309.7500
1787325333,309.7700,309.7800,309.7700,309.7800
1787325334,309.7850,309.8000,309.7850,309.8000
1787325335,309.8050,309.8050,309.8050,309.8050
1787325336,309.8200,309.8200,309.8200,309.8200
1787325337,309.8200,309.8200,309.8000,309.8000
1787325339,309.8150,309.8150,309.8100,309.8100
1787325340,309.8200,309.8200,309.8100,309.8100
1787325341,309.8200,309.8200,309.8200,309.8200
1787325343,309.8200,309.8500,309.8200,309.8500
1787325344,309.8700,309.8900,309.8700,309.8900
1787325345,309.8900,309.8900,309.8600,309.8600
1787325350,309.8850,309.9100,309.8800,309.9100
1787325351,309.9200,309.9200,309.9200,309.9200
1787325352,309.9200,309.9200,309.9200,309.9200
1787325354,309.9300,309.9400,309.9300,309.9400
1787325355,309.9400,309.9600,309.9400,309.9600
1787325356,309.9800,309.9800,309.9800,309.9800
1787325359,309.9900,310.0800,309.9900,310.0800
1787325361,310.0900,310.1000,310.0900,310.1000
1787325364,310.1000,310.1100,310.1000,310.1100
1787325365,310.1000,310.1000,310.0800,310.0800
1787325366,310.0600,310.0600,310.0600,310.0600
1787325369,310.0300,310.0300,310.0200,310.0200
1787325370,310.0100,310.0100,310.0000,310.0000
1787325371,309.9900,309.9900,309.9900,309.9900
1787325374,310.0100,310.0100,310.0100,310.0100
1787325375,310.0200,310.0200,310.0200,310.0200
1787325376,310.0250,310.0250,310.0250,310.0250
1787325377,310.0300,310.0500,310.0300,310.0500
1787325378,310.0600,310.0700,310.0600,310.0600
1787325382,310.0300,310.0300,310.0300,310.0300
1787325384,310.0300,310.0300,309.9900,309.9900
1787325386,309.9800,309.9800,309.9800,309.9800
1787325389,309.9700,309.9700,309.9700,309.9700
1787325390,309.9700,309.9700,309.9500,309.9500
1787325392,309.9200,309.9200,309.9000,309.9000
1787325393,309.9050,309.9200,309.9050,309.9050
1787325394,309.9200,309.9200,309.9200,309.9200
1787325395,309.8900,309.9000,309.8900,309.9000
1787325398,309.9100,309.9100,309.8800,309.8800
1787325399,309.8700,309.8700,309.8700,309.8700
1787325400,309.8900,309.9100,309.8900,309.9100
1787325402,309.9000,309.9000,309.9000,309.9000
1787325403,309.9000,309.9050,309.9000,309.9050
1787325404,309.9250,309.9250,309.9250,309.9250
1787325405,309.9300,309.9600,309.9300,309.9600
1787325408,309.9600,309.9600,309.9600,309.9600
1787325409,309.9700,309.9700,309.9300,309.9300
1787325410,309.9300,309.9400,309.9300,309.9400
1787325414,309.9450,309.9500,309.9450,309.9500
1787325416,309.9700,309.9700,309.9700,309.9700
1787325417,309.9800,309.9800,309.9800,309.9800
1787325423,310.0000,310.0200,310.0000,310.0200
1787325424,310.0350,310.0500,310.0350,310.0500
1787325430,310.0350,310.0400,310.0300,310.0300
1787325432,310.0300,310.0300,310.0300,310.0300
1787325433,310.0400,310.0700,310.0400,310.0700
1787325434,310.0900,310.0900,310.0900,310.0900
1787325435,310.0900,310.0900,310.0900,310.0900
1787325436,310.0800,310.0800,310.0700,310.0700
1787325438,310.0800,310.0800,310.0800,310.0800
1787325439,310.0900,310.0900,310.0900,310.0900
1787325440,310.0800,310.0800,310.0800,310.0800
1787325441,310.0900,310.0900,310.0900,310.0900
1787325443,310.0900,310.0900,310.0700,310.0700
1787325445,310.1000,310.1000,310.1000,310.1000
1787325446,310.1000,310.1000,310.1000,310.1000
1787325447,310.0600,310.0700,310.0400,310.0400
1787325451,310.0400,310.0600,310.0400,310.0600
1787325452,310.0900,310.0900,310.0900,310.0900
1787325454,310.0700,310.0700,310.0650,310.0650
1787325455,310.0650,310.0800,310.0650,310.0650
1787325456,310.0800,310.1000,310.0800,310.1000
1787325457,310.1050,310.1050,310.1050,310.1050
1787325458,310.1100,310.1100,310.1100,310.1100
1787325459,310.1100,310.1100,310.0800,310.1100
1787325460,310.0900,310.0900,310.0900,310.0900
1787325462,310.0400,310.0400,310.0300,310.0300
1787325464,310.0400,310.0400,310.0400,310.0400
1787325465,310.0400,310.0400,310.0250,310.0400
1787325466,310.0350,310.0350,310.0350,310.0350
1787325467,310.0300,310.0300,310.0300,310.0300
1787325468,310.0400,310.0500,310.0400,310.0500
1787325473,310.0000,310.0000,310.0000,310.0000
1787325475,309.9800,309.9800,309.9800,309.9800
1787325476,309.9850,309.9900,309.9800,309.9800
1787325477,309.9850,309.9850,309.9800,309.9800
1787325478,309.9700,309.9900,309.9700,309.9900
1787325479,310.0000,310.0000,309.9600,309.9600
1787325480,309.9600,309.9600,309.9500,309.9500
1787325481,309.9400,309.9400,309.9400,309.9400
1787325482,309.9400,309.9400,309.9400,309.9400
1787325483,309.9500,309.9600,309.9000,309.9000
1787325484,309.9100,309.9100,309.9100,309.9100
1787325485,309.9200,309.9200,309.9200,309.9200
1787325487,309.9200,309.9200,309.9200,309.9200
1787325488,309.9150,309.9150,309.9150,309.9150
1787325490,309.9300,309.9300,309.9300,309.9300
1787325492,309.9200,309.9200,309.9200,309.9200
1787325494,309.9150,309.9150,309.9150,309.9150
1787325495,309.9200,309.9200,309.9200,309.9200
1787325499,309.9200,309.9200,309.9200,309.9200
1787325500,309.9250,309.9250,309.9200,309.9200
1787325501,309.9200,309.9200,309.9200,309.9200
1787325502,309.9000,309.9000,309.8800,309.8800
1787325503,309.9000,309.9000,309.9000,309.9000
1787325506,309.9100,309.9100,309.9100,309.9100
1787325507,309.9050,309.9050,309.9050,309.9050
1787325508,309.9200,309.9400,309.9200,309.9400
1787325510,309.9600,309.9650,309.9600,309.9650
1787325511,309.9650,309.9650,309.9650,309.9650
1787325512,309.9700,309.9700,309.9700,309.9700
1787325513,309.9800,309.9900,309.9800,309.9900
1787325514,310.0000,310.0100,310.0000,310.0100
1787325517,310.0350,310.0350,310.0200,310.0200
1787325518,309.9950,309.9950,309.9950,309.9950
1787325519,309.9950,309.9950,309.9950,309.9950
1787325520,309.9900,309.9900,309.9700,309.9700
1787325521,309.9600,309.9600,309.9600,309.9600
1787325525,309.9950,309.9950,309.9900,309.9900
1787325526,309.9900,309.9900,309.9900,309.9900
1787325527,309.9900,309.9900,309.9900,309.9900
1787325530,309.9900,309.9900,309.9800,309.9850
1787325531,309.9900,310.0000,309.9900,310.0000
1787325532,310.0000,310.0300,310.0000,310.0300
1787325534,310.0000,310.0000,310.0000,310.0000
1787325537,310.0000,310.0000,309.9600,309.9800
1787325538,309.9900,309.9950,309.9800,309.9950
1787325539,309.9900,309.9900,309.9900,309.9900
1787325540,309.9800,309.9800,309.9600,309.9600
1787325541,309.9500,309.9500,309.8700,309.9150
1787325546,309.9400,309.9400,309.9300,309.9300
1787325547,309.9100,309.9700,309.9100,309.9700
1787325551,309.9800,309.9800,309.9800,309.9800
1787325552,309.9850,309.9850,309.9700,309.9800
1787325553,309.9800,309.9800,309.9800,309.9800
1787325554,309.9900,309.9900,309.9900,309.9900
1787325555,310.0000,310.0200,310.0000,310.0200
1787325558,310.0000,310.0000,309.9800,310.0000
1787325559,310.0200,310.0200,310.0200,310.0200
1787325560,310.0200,310.0200,310.0200,310.0200
1787325561,310.0200,310.0200,310.0200,310.0200
1787325564,310.0300,310.0500,310.0300,310.0500
1787325565,310.0600,310.0800,310.0500,310.0500
1787325568,310.0900,310.1100,310.0900,310.1100
1787325569,310.1100,310.1100,310.1100,310.1100
1787325571,310.1200,310.1200,310.0900,310.0900
1787325572,310.1000,310.1000,310.1000,310.1000
1787325573,310.0800,310.0800,310.0600,310.0600
1787325576,310.0550,310.0550,310.0550,310.0550
1787325577,310.0300,310.0500,310.0300,310.0500
1787325578,310.0450,310.0600,310.0450,310.0600
1787325580,310.0500,310.0600,310.0500,310.0600
1787325582,310.0600,310.0800,310.0600,310.0800
1787325584,310.0900,310.0950,310.0700,310.0900
1787325585,310.1000,310.1000,310.1000,310.1000
1787325586,310.1200,310.1200,310.1200,310.1200
1787325587,310.1300,310.1300,310.1300,310.1300
1787325588,310.1100,310.1100,310.1000,310.1000
1787325589,310.0950,310.1000,310.0950,310.1000
1787325590,310.1000,310.1000,310.0900,310.0900
1787325592,310.0700,310.0700,310.0600,310.0600
1787325598,310.0400,310.0500,310.0400,310.0500
1787325601,310.0700,310.0700,310.0700,310.0700
1787325602,310.0500,310.0500,310.0400,310.0400
1787325605,310.0500,310.0500,310.0500,310.0500
1787325608,310.0500,310.0500,310.0500,310.0500
1787325609,310.0500,310.0500,310.0500,310.0500
1787325611,310.0400,310.0400,310.0400,310.0400
1787325612,310.0500,310.0600,310.0500,310.0600
1787325616,310.0400,310.0500,310.0400,310.0500
1787325619,310.0400,310.0400,310.0300,310.0300
1787325621,310.0450,310.0450,309.9800,310.0000
1787325622,310.0100,310.0100,310.0100,310.0100
1787325623,309.9800,309.9800,309.9600,309.9600
1787325624,309.9900,309.9900,309.9900,309.9900
1787325626,310.0200,310.0300,310.0200,310.0300
1787325627,310.0000,310.0000,310.0000,310.0000
1787325628,310.0200,310.0200,310.0200,310.0200
1787325629,309.9900,309.9900,309.9900,309.9900
1787325632,310.0000,310.0400,310.0000,310.0400
1787325635,310.0300,310.0300,310.0300,310.0300
1787325642,310.0350,310.0350,310.0300,310.0300
1787325643,310.0300,310.0300,310.0300,310.0300
1787325644,310.0300,310.0300,310.0300,310.0300
1787325646,310.0400,310.0900,310.0400,310.0800
1787325647,310.0600,310.0600,310.0600,310.0600
1787325649,310.0650,310.0650,310.0650,310.0650
1787325650,310.0500,310.0500,310.0500,310.0500
1787325652,310.0300,310.0300,310.0200,310.0200
1787325653,310.0300,310.0300,310.0300,310.0300
1787325655,310.0400,310.0400,310.0400,310.0400
1787325660,310.0500,310.0600,310.0500,310.0600
1787325661,310.0700,310.0750,310.0700,310.0750
1787325663,310.0800,310.0800,310.0000,310.0000
1787325665,310.0100,310.0200,310.0100,310.0200
1787325666,310.0250,310.0250,310.0200,310.0200
1787325668,310.0000,310.0000,310.0000,310.0000
1787325669,309.9900,309.9900,309.9900,309.9900
1787325670,310.0000,310.0000,310.0000,310.0000
1787325671,310.0000,310.0000,310.0000,310.0000
1787325674,309.9900,309.9900,309.9900,309.9900
1787325675,310.0000,310.0100,310.0000,310.0050
1787325676,310.0100,310.0450,310.0100,310.0450
1787325677,310.0400,310.0400,310.0300,310.0300
1787325682,310.0400,310.0400,310.0400,310.0400
1787325683,310.0500,310.0600,310.0500,310.0600
1787325685,310.0800,310.0800,310.0800,310.0800
1787325686,310.0900,310.1300,310.0900,310.1300
1787325688,310.1100,310.1100,310.1100,310.1100
1787325689,310.1300,310.1300,310.1300,310.1300
1787325691,310.1300,310.1300,310.1300,310.1300
1787325692,310.1300,310.1300,310.1300,310.1300
1787325694,310.1300,310.1300,310.1200,310.1250
1787325695,310.1250,310.1250,310.1250,310.1250
1787325696,310.1200,310.1400,310.1200,310.1400
1787325697,310.1300,310.1300,310.1100,310.1100
1787325698,310.1100,310.1100,310.1100,310.1100
1787325699,310.1100,310.1200,310.1100,310.1200
1787325705,310.1200,310.1200,310.1200,310.1200
1787325706,310.1200,310.1200,310.1200,310.1200
1787325707,310.1200,310.1300,310.0900,310.1300
1787325708,310.1200,310.1200,310.1200,310.1200
1787325709,310.1250,310.1400,310.1250,310.1400
1787325710,310.1450,310.1450,310.1400,310.1400
1787325711,310.1400,310.1400,310.1400,310.1400
1787325712,310.1400,310.1400,310.1350,310.1400
1787325713,310.1300,310.1300,310.1200,310.1200
1787325717,310.1150,310.1150,310.1150,310.1150
1787325719,310.1200,310.1200,310.0800,310.0800
1787325722,310.0900,310.0900,310.0800,310.0800
1787325723,310.0800,310.0800,310.0800,310.0800
1787325724,310.0700,310.0700,310.0700,310.0700
1787325725,310.0800,310.0950,310.0800,310.0950
1787325726,310.0950,310.0950,310.0800,310.0800
1787325727,310.0900,310.1500,310.0900,310.1400
1787325730,310.1200,310.1200,310.1200,310.1200
1787325732,310.1400,310.1400,310.1400,310.1400
1787325734,310.1400,310.1400,310.1400,310.1400
1787325736,310.1450,310.1450,310.1450,310.1450
1787325737,310.1450,310.1450,310.1200,310.1200
1787325739,310.1100,310.1100,310.1000,310.1000
1787325740,310.0900,310.1000,310.0900,310.1000
1787325742,310.1100,310.1100,310.1100,310.1100
1787325746,310.1050,310.1050,310.1050,310.1050
1787325748,310.0900,310.0900,310.0900,310.0900
1787325754,310.0900,310.0900,310.0800,310.0800
1787325756,310.0900,310.0900,310.0900,310.0900
1787325758,310.0800,310.0800,310.0700,310.0700
1787325759,310.0600,310.0600,310.0350,310.0500
1787325765,310.0400,310.0400,310.0000,310.0000
1787325766,310.0050,310.0050,310.0050,310.0050
1787325773,310.0000,310.0000,309.9600,309.9600
1787325774,309.9400,309.9400,309.9400,309.9400
1787325775,309.9600,309.9800,309.9600,309.9800
1787325777,310.0100,310.0100,309.9900,309.9900
1787325778,310.0000,310.0000,310.0000,310.0000
1787325779,310.0000,310.0000,310.0000,310.0000
1787325780,310.0000,310.0000,310.0000,310.0000
1787325781,309.9900,309.9900,309.9900,309.9900
1787325782,309.9700,309.9700,309.9700,309.9700
1787325783,309.9700,309.9700,309.9700,309.9700
1787325785,309.9800,309.9800,309.9700,309.9700
1787325787,309.9600,309.9600,309.9600,309.9600
1787325788,309.9600,309.9600,309.9600,309.9600
1787325789,309.9700,309.9700,309.9700,309.9700
1787325791,309.9900,309.9900,309.9900,309.9900
1787325793,310.0000,310.0000,310.0000,310.0000
1787325794,310.0100,310.0100,310.0100,310.0100
1787325797,310.0300,310.0300,310.0300,310.0300
1787325798,310.0400,310.0400,310.0000,310.0000
1787325799,309.9900,309.9900,309.9900,309.9900
1787325801,309.9900,309.9900,309.9900,309.9900
1787325803,310.0000,310.0000,309.9900,309.9900
1787325804,310.0000,310.0000,309.9900,309.9900
1787325806,309.9800,309.9800,309.9700,309.9700
1787325808,309.9600,309.9600,309.9600,309.9600
1787325809,309.9600,309.9600,309.9600,309.9600
1787325810,309.9500,309.9500,309.9500,309.9500
1787325811,309.9600,309.9600,309.9600,309.9600
1787325812,309.9400,309.9550,309.9400,309.9500
1787325813,309.9700,309.9700,309.9600,309.9600
1787325814,309.9750,309.9750,309.9750,309.9750
1787325815,309.9650,309.9800,309.9650,309.9700
1787325818,309.9700,309.9800,309.9700,309.9800
1787325819,309.9700,309.9700,309.9700,309.9700
1787325820,309.9800,309.9800,309.9800,309.9800
1787325824,309.9550,309.9550,309.9550,309.9550
1787325826,309.9500,309.9500,309.9500,309.9500
1787325828,309.9500,309.9600,309.9500,309.9600
1787325831,309.9700,309.9800,309.9700,309.9700
1787325833,309.9850,309.9850,309.9850,309.9850
1787325836,309.9900,310.0000,309.9900,310.0000
1787325837,310.0100,310.0200,310.0100,310.0200
1787325838,310.0300,310.0300,309.9900,309.9900
1787325839,309.9900,309.9900,309.9900,309.9900
1787325840,310.0000,310.0000,310.0000,310.0000
1787325842,309.9900,310.0100,309.9800,310.0100
1787325845,310.0100,310.0100,310.0100,310.0100
1787325848,310.0100,310.0100,310.0100,310.0100
1787325849,309.9900,309.9900,309.9900,309.9900
1787325851,309.9850,309.9850,309.9850,309.9850
1787325852,309.9800,309.9850,309.9800,309.9850
1787325853,309.9900,309.9900,309.9900,309.9900
1787325854,309.9900,310.0000,309.9900,310.0000
1787325856,309.9900,309.9900,309.9900,309.9900
1787325857,309.9800,309.9800,309.9000,309.9500
1787325860,309.9500,309.9500,309.9500,309.9500
1787325864,309.9500,309.9500,309.9500,309.9500
1787325866,309.9500,309.9500,309.9500,309.9500
1787325867,309.9450,309.9550,309.9450,309.9550
1787325868,309.9600,309.9700,309.9600,309.9700
1787325869,309.9600,309.9600,309.9500,309.9500
1787325870,309.9500,309.9600,309.9500,309.9600
1787325871,309.9750,309.9750,309.9750,309.9750
1787325875,309.9700,309.9700,309.9600,309.9600
1787325876,309.9400,309.9400,309.9300,309.9300
1787325882,309.9300,309.9300,309.9300,309.9300
1787325885,309.9000,309.9000,309.9000,309.9000
1787325886,309.8700,309.8700,309.8700,309.8700
1787325887,309.8600,309.8600,309.8300,309.8300
1787325893,309.8400,309.8400,309.8400,309.8400
1787325894,309.8200,309.8200,309.8100,309.8100
1787325895,309.8300,309.8300,309.8300,309.8300
1787325896,309.8000,309.8000,309.8000,309.8000
1787325897,309.8000,309.8000,309.8000,309.8000
1787325898,309.8100,309.8100,309.8100,309.8100
1787325899,309.8200,309.8200,309.8200,309.8200
1787325901,309.8300,309.8800,309.8300,309.8800
1787325902,309.8800,309.8800,309.8800,309.8800
1787325904,309.8900,309.8900,309.8900,309.8900
1787325905,309.9000,309.9100,309.9000,309.9100
1787325906,309.9000,309.9000,309.9000,309.9000
1787325908,309.8700,309.8700,309.8700,309.8700
1787325910,309.8600,309.8600,309.8600,309.8600
1787325911,309.8600,309.8600,309.8600,309.8600
1787325912,309.8500,309.8500,309.8500,309.8500
1787325913,309.8500,309.8500,309.8500,309.8500
1787325915,309.8600,309.8600,309.8600,309.8600
1787325917,309.8700,309.9000,309.8700,309.9000
1787325918,309.9200,309.9200,309.9200,309.9200
1787325919,309.9300,309.9300,309.9300,309.9300
1787325920,309.9200,309.9400,309.9100,309.9300
1787325922,309.9300,309.9300,309.9300,309.9300
1787325924,309.9500,309.9500,309.9500,309.9500
1787325927,309.9700,309.9800,309.9500,309.9500
1787325928,309.9500,309.9500,309.9500,309.9500
1787325930,309.9400,309.9400,309.9400,309.9400
1787325932,309.9400,309.9400,309.9200,309.9200
1787325933,309.9100,309.9100,309.9100,309.9100
1787325936,309.9000,309.9000,309.8900,309.8900
1787325940,309.8800,309.9000,309.8800,309.9000
1787325941,309.9000,309.9000,309.9000,309.9000
1787325942,309.9000,309.9000,309.9000,309.9000
1787325947,309.9150,309.9150,309.9150,309.9150
1787325949,309.9200,309.9200,309.9050,309.9050
1787325950,309.9100,309.9100,309.9100,309.9100
1787325951,309.9200,309.9200,309.9200,309.9200
1787325952,309.9200,309.9200,309.9200,309.9200
1787325954,309.9300,309.9300,309.9300,309.9300
1787325955,309.9300,309.9300,309.9300,309.9300
1787325957,309.9400,309.9400,309.9400,309.9400
1787325959,309.9200,309.9200,309.9100,309.9100
1787325960,309.9100,309.9100,309.9000,309.9000
1787325961,309.9000,309.9000,309.9000,309.9000
1787325962,309.8900,309.8900,309.8900,309.8900
1787325963,309.9000,309.9000,309.9000,309.9000
1787325964,309.9100,309.9100,309.9100,309.9100
1787325965,309.9000,309.9000,309.8800,309.8800
1787325967,309.8800,309.8800,309.8800,309.8800
1787325974,309.8850,309.9000,309.8850,309.9000
1787325976,309.8900,309.8900,309.8900,309.8900
1787325977,309.8900,309.8900,309.8900,309.8900
1787325979,309.9000,309.9000,309.9000,309.9000
1787325980,309.9050,309.9300,309.9050,309.9300
1787325983,309.9300,309.9400,309.9300,309.9400
1787325984,309.9300,309.9300,309.8900,309.9050
1787325987,309.9100,309.9100,309.9100,309.9100
1787325988,309.9150,309.9200,309.9000,309.9200
1787325990,309.9050,309.9050,309.9050,309.9050
1787325992,309.9200,309.9200,309.9000,309.9200
1787325999,309.9300,309.9300,309.9300,309.9300
1787326000,309.9400,309.9400,309.9400,309.9400
1787326001,309.9500,309.9500,309.9500,309.9500
1787326002,309.9400,309.9400,309.9200,309.9200
1787326008,309.9200,309.9200,309.9200,309.9200
1787326010,309.9250,309.9250,309.9250,309.9250
1787326012,309.9300,309.9500,309.9300,309.9500
1787326013,309.9500,309.9600,309.9200,309.9200
1787326015,309.9400,309.9400,309.9400,309.9400
1787326018,309.9600,309.9600,309.9600,309.9600
1787326020,309.9700,309.9700,309.9700,309.9700
1787326021,309.9750,309.9800,309.9750,309.9800
1787326022,309.9800,310.0100,309.9800,310.0100
1787326023,310.0200,310.0200,310.0200,310.0200
1787326024,310.0100,310.0100,310.0100,310.0100
1787326029,309.9700,309.9700,309.9700,309.9700
1787326030,309.9800,309.9800,309.9800,309.9800
1787326033,309.9700,309.9700,309.9700,309.9700
1787326034,309.9800,309.9800,309.9800,309.9800
1787326036,309.9800,309.9900,309.9800,309.9900
1787326039,310.0000,310.0200,310.0000,310.0200
1787326041,310.0500,310.0500,310.0500,310.0500
1787326042,310.0500,310.0500,310.0500,310.0500
1787326046,310.1000,310.1000,310.1000,310.1000
1787326048,310.1100,310.1700,310.1100,310.1700
1787326049,310.1400,310.1400,310.1300,310.1300
1787326050,310.1200,310.1200,310.1200,310.1200
1787326051,310.1200,310.1200,310.1200,310.1200
1787326053,310.1400,310.1400,310.1400,310.1400
1787326054,310.1300,310.1300,310.1300,310.1300
1787326055,310.1200,310.1200,310.1200,310.1200
1787326056,310.1400,310.1400,310.1400,310.1400
1787326059,310.1700,310.1700,310.1700,310.1700
1787326061,310.1700,310.1700,310.1700,310.1700
1787326062,310.1700,310.2400,310.1700,310.2400
1787326064,310.2500,310.2500,310.2500,310.2500
1787326065,310.2600,310.2600,310.2600,310.2600
1787326066,310.2700,310.2800,310.2650,310.2800
1787326069,310.2700,310.2700,310.2600,310.2600
1787326073,310.2900,310.2900,310.2900,310.2900
1787326074,310.3000,310.3000,310.3000,310.3000
1787326075,310.3100,310.3100,310.3100,310.3100
1787326076,310.3200,310.3200,310.3100,310.3100
1787326077,310.3000,310.3000,310.2800,310.2800
1787326078,310.3100,310.3100,310.3100,310.3100
1787326081,310.3100,310.3100,310.3000,310.3000
1787326083,310.3100,310.3100,310.3100,310.3100
1787326084,310.3200,310.3300,310.3200,310.3300
1787326085,310.3300,310.3600,310.3200,310.3600
1787326087,310.3650,310.3650,310.3650,310.3650
1787326089,310.3500,310.3500,310.3500,310.3500
1787326090,310.3600,310.3600,310.3600,310.3600
1787326091,310.3600,310.3600,310.3300,310.3300
1787326095,310.3400,310.3700,310.3400,310.3700
1787326097,310.3900,310.3900,310.3900,310.3900
1787326098,310.3900,310.3900,310.3900,310.3900
1787326099,310.3900,310.4000,310.3900,310.4000
1787326103,310.3800,310.3800,310.3800,310.3800
1787326105,310.3800,310.3800,310.3700,310.3700
1787326106,310.3600,310.3600,310.3600,310.3600
1787326109,310.3900,310.3900,310.3900,310.3900
1787326113,310.3800,310.3800,310.3800,310.3800
1787326114,310.3800,310.3800,310.3800,310.3800
1787326115,310.3800,310.4000,310.3800,310.4000
1787326116,310.4100,310.4100,310.4100,310.4100
1787326117,310.4200,310.4400,310.4200,310.4400
1787326119,310.4500,310.4500,310.4500,310.4500
1787326120,310.4700,310.4900,310.4700,310.4900
1787326121,310.5000,310.5100,310.4900,310.4900
1787326130,310.5200,310.5200,310.5200,310.5200
1787326131,310.5200,310.5300,310.5200,310.5300
1787326132,310.5300,310.5600,310.5300,310.5600
1787326135,310.5600,310.5600,310.5600,310.5600
1787326136,310.5400,310.5400,310.5400,310.5400
1787326137,310.5400,310.5700,310.5400,310.5700
1787326140,310.5600,310.5600,310.5600,310.5600
1787326141,310.5750,310.5750,310.5750,310.5750
1787326143,310.5500,310.5600,310.5500,310.5600
1787326144,310.5750,310.5750,310.5650,310.5650
1787326145,310.5600,310.5600,310.5500,310.5500
1787326146,310.5700,310.5800,310.5600,310.5800
1787326147,310.6000,310.6400,310.6000,310.6100
1787326150,310.5800,310.5900,310.5800,310.5900
1787326151,310.6000,310.6000,310.6000,310.6000
1787326153,310.5700,310.5700,310.5600,310.5600
1787326154,310.5700,310.5700,310.5700,310.5700
1787326155,310.5500,310.5500,310.5300,310.5300
1787326156,310.5300,310.5300,310.5300,310.5300
1787326158,310.5100,310.5100,310.5100,310.5100
1787326160,310.5400,310.5400,310.5400,310.5400
1787326161,310.5500,310.5500,310.5500,310.5500
1787326162,310.5600,310.5800,310.5600,310.5800
1787326163,310.5700,310.5700,310.5700,310.5700
1787326165,310.5800,310.5800,310.5800,310.5800
1787326167,310.5900,310.5900,310.5900,310.5900
1787326169,310.6000,310.6000,310.5300,310.5800
1787326174,310.5800,310.5800,310.5500,310.5500
1787326175,310.5200,310.5200,310.5200,310.5200
1787326176,310.5400,310.5400,310.5400,310.5400
1787326180,310.5500,310.5800,310.5500,310.5800
1787326182,310.5800,310.5800,310.5800,310.5800
1787326185,310.6150,310.6200,310.6100,310.6100
1787326186,310.6100,310.6100,310.6100,310.6100
1787326188,310.6000,310.6100,310.5900,310.6100
1787326191,310.6200,310.6200,310.6200,310.6200
1787326192,310.6350,310.6350,310.6300,310.6300
1787326193,310.6200,310.6200,310.6200,310.6200
1787326195,310.6300,310.6300,310.6300,310.6300
1787326196,310.6200,310.6200,310.6200,310.6200
1787326197,310.6100,310.6100,310.6100,310.6100
1787326200,310.6300,310.6400,310.5900,310.5900
1787326201,310.5950,310.5950,310.5700,310.5950
1787326203,310.6000,310.6000,310.5700,310.5700
1787326204,310.5900,310.5900,310.5900,310.5900
1787326205,310.5700,310.5900,310.5700,310.5900
1787326207,310.5950,310.5950,310.5950,310.5950
1787326211,310.5700,310.5700,310.5700,310.5700
1787326212,310.5700,310.5700,310.5700,310.5700
1787326214,310.5700,310.5700,310.5600,310.5600
1787326216,310.5400,310.5400,310.5300,310.5350
1787326217,310.5350,310.5600,310.5350,310.5600
1787326219,310.5500,310.5500,310.5400,310.5400
1787326220,310.5450,310.5500,310.5450,310.5500
1787326222,310.5500,310.5500,310.5400,310.5400
1787326224,310.5300,310.5300,310.5300,310.5300
1787326225,310.5400,310.5500,310.5400,310.5400
1787326226,310.5550,310.5550,310.5500,310.5500
1787326227,310.5600,310.5600,310.5600,310.5600
1787326228,310.5700,310.5700,310.5700,310.5700
1787326229,310.5500,310.5550,310.5400,310.5550
1787326231,310.5500,310.5500,310.5500,310.5500
1787326233,310.5500,310.5500,310.5500,310.5500
1787326234,310.5500,310.5500,310.5500,310.5500
1787326235,310.5400,310.5800,310.5400,310.5800
1787326237,310.5650,310.5650,310.5500,310.5500
1787326238,310.5600,310.5600,310.5600,310.5600
1787326240,310.5550,310.5550,310.5550,310.5550
1787326241,310.5550,310.5550,310.5550,310.5550
1787326244,310.5750,310.5750,310.5750,310.5750
1787326245,310.5750,310.5750,310.5750,310.5750
1787326246,310.5700,310.5900,310.5700,310.5900
1787326247,310.6000,310.6000,310.6000,310.6000
1787326251,310.6300,310.6300,310.6100,310.6100
1787326253,310.6000,310.6000,310.6000,310.6000
1787326254,310.5900,310.5900,310.5900,310.5900
1787326257,310.5900,310.5900,310.5900,310.5900
1787326262,310.5700,310.5700,310.4800,310.5000
1787326263,310.4900,310.4900,310.4800,310.4800
1787326264,310.4500,310.4800,310.4500,310.4800
1787326266,310.5250,310.5350,310.5250,310.5350
1787326270,310.5400,310.5400,310.5400,310.5400
1787326272,310.5200,310.5200,310.5200,310.5200
1787326273,310.5200,310.5200,310.5200,310.5200
1787326274,310.5300,310.5300,310.5300,310.5300
1787326275,310.5300,310.5300,310.5300,310.5300
1787326276,310.5100,310.5100,310.5100,310.5100
1787326277,310.5100,310.5100,310.5100,310.5100
1787326279,310.5200,310.5200,310.5000,310.5000
1787326280,310.5000,310.5000,310.4900,310.4900
1787326282,310.5000,310.5400,310.5000,310.5400
1787326284,310.5500,310.5500,310.5500,310.5500
1787326288,310.5300,310.5300,310.5200,310.5200
1787326291,310.5200,310.5200,310.5200,310.5200
1787326292,310.5100,310.5100,310.5000,310.5100
1787326294,310.5300,310.5300,310.5300,310.5300
1787326295,310.5300,310.5300,310.5300,310.5300
1787326296,310.5100,310.5100,310.5100,310.5100
1787326297,310.4700,310.4700,310.4200,310.4200
1787326298,310.4200,310.4200,310.4200,310.4200
1787326300,310.4500,310.4500,310.4500,310.4500
1787326301,310.4500,310.4500,310.4500,310.4500
1787326303,310.4300,310.4300,310.4300,310.4300
1787326305,310.4400,310.4400,310.4400,310.4400
1787326307,310.4400,310.4400,310.4300,310.4300
1787326312,310.4300,310.4300,310.4300,310.4300
1787326313,310.4400,310.4400,310.4400,310.4400
1787326315,310.4300,310.4500,310.4300,310.4400
1787326316,310.4600,310.4750,310.4600,310.4750
1787326317,310.4900,310.5400,310.4900,310.5400
1787326319,310.5500,310.6100,310.5500,310.6100
1787326320,310.6200,310.6200,310.6200,310.6200
1787326321,310.6100,310.6100,310.6100,310.6100
1787326322,310.6200,310.6200,310.6200,310.6200
1787326323,310.6200,310.6200,310.5600,310.5750
1787326325,310.5700,310.5700,310.5700,310.5700
1787326326,310.5700,310.5700,310.5400,310.5400
1787326327,310.5150,310.5150,310.4900,310.4900
1787326330,310.5100,310.5900,310.5100,310.5900
1787326331,310.5800,310.5800,310.5800,310.5800
1787326332,310.5800,310.5800,310.5500,310.5500
1787326333,310.5750,310.5900,310.5750,310.5900
1787326337,310.6000,310.6100,310.6000,310.6100
1787326338,310.6400,310.6600,310.6400,310.6600
1787326339,310.6800,310.6800,310.6800,310.6800
1787326340,310.6900,310.6900,310.6900,310.6900
1787326342,310.6800,310.6900,310.6800,310.6900
1787326343,310.7000,310.7000,310.7000,310.7000
1787326344,310.7100,310.7100,310.7100,310.7100
1787326345,310.7000,310.7100,310.7000,310.7000
1787326346,310.7200,310.7200,310.7200,310.7200
1787326347,310.7300,310.7300,310.7300,310.7300
1787326348,310.7400,310.7400,310.7400,310.7400
1787326349,310.7500,310.7500,310.7500,310.7500
1787326350,310.7700,310.7700,310.7700,310.7700
1787326351,310.7900,310.8900,310.7900,310.8900
1787326352,310.9000,310.9000,310.9000,310.9000
1787326353,310.9000,310.9200,310.9000,310.9100
1787326354,310.9100,310.9400,310.9100,310.9400
1787326355,310.9350,310.9350,310.9150,310.9150
1787326356,310.9300,310.9300,310.9300,310.9300
1787326357,310.9400,310.9400,310.9400,310.9400
1787326358,310.9400,310.9400,310.9350,310.9350
1787326360,310.9300,310.9300,310.9200,310.9200
1787326364,310.9450,310.9450,310.9450,310.9450
1787326366,310.9450,310.9450,310.9400,310.9400
1787326367,310.9500,310.9700,310.9500,310.9700
1787326369,311.0000,311.0200,311.0000,311.0200
1787326370,311.0200,311.0200,311.0150,311.0200
1787326371,311.0350,311.0350,310.9900,310.9900
1787326377,311.0500,311.0500,311.0500,311.0500
1787326378,311.0550,311.0550,311.0550,311.0550
1787326379,311.0600,311.0600,311.0600,311.0600
1787326380,311.0750,311.0750,311.0750,311.0750
1787326381,311.0800,311.1200,311.0800,311.1200
1787326383,311.1150,311.1200,311.1100,311.1200
1787326384,311.1400,311.1400,311.1400,311.1400
1787326386,311.1300,311.1500,311.1300,311.1500
1787326388,311.1500,311.1500,311.1500,311.1500
1787326389,311.1600,311.1600,311.1500,311.1500
1787326390,311.1600,311.1600,311.1600,311.1600
1787326391,311.1600,311.1600,311.1600,311.1600
1787326392,311.1700,311.1700,311.1700,311.1700
1787326393,311.1800,311.2250,311.1800,311.2100
1787326394,311.2400,311.2600,311.2400,311.2600
1787326397,311.2700,311.2800,311.2700,311.2800
1787326398,311.2800,311.2900,311.2800,311.2900
1787326399,311.2900,311.3000,311.2700,311.3000
1787326400,311.3000,311.3050,311.2800,311.2800
1787326402,311.3100,311.3100,311.3100,311.3100
1787326403,311.2950,311.2950,311.2500,311.2500
1787326405,311.2400,311.2400,311.2000,311.2000
1787326406,311.2200,311.2300,311.2200,311.2300
1787326408,311.2200,311.2200,311.1900,311.1900
1787326412,311.2000,311.2000,311.1700,311.1700
1787326413,311.1800,311.1800,311.1800,311.1800
1787326415,311.1600,311.1600,311.1600,311.1600
1787326416,311.1500,311.1500,311.1500,311.1500
1787326417,311.0950,311.0950,311.0950,311.0950
1787326418,311.1100,311.1100,311.1100,311.1100
1787326419,311.1200,311.1400,311.1200,311.1400
1787326420,311.1600,311.1600,311.1300,311.1300
1787326421,311.1500,311.1500,311.1500,311.1500
1787326423,311.1600,311.1700,311.1600,311.1700
1787326426,311.1700,311.1700,311.1600,311.1700
1787326427,311.1500,311.1500,311.1500,311.1500
1787326428,311.1500,311.1550,311.1500,311.1550
1787326429,311.1400,311.1600,311.1400,311.1600
1787326430,311.1700,311.1700,311.1700,311.1700
1787326433,311.1800,311.1800,311.1800,311.1800
1787326436,311.1700,311.1800,311.1700,311.1800
1787326438,311.1800,311.1800,311.1800,311.1800
1787326440,311.1800,311.1800,311.1800,311.1800
1787326442,311.1900,311.1900,311.1900,311.1900
1787326443,311.1900,311.1900,311.1900,311.1900
1787326444,311.1900,311.2400,311.1900,311.2400
1787326445,311.2350,311.2350,311.2350,311.2350
1787326447,311.2200,311.2200,311.2100,311.2100
1787326448,311.2000,311.2000,311.1800,311.1800
1787326454,311.1800,311.1800,311.1100,311.1100
1787326455,311.1400,311.1400,311.1400,311.1400
1787326457,311.1600,311.1600,311.1600,311.1600
1787326458,311.1400,311.1500,311.1400,311.1500
1787326460,311.1100,311.1100,311.0600,311.0900
1787326461,311.1100,311.1100,311.1100,311.1100
1787326462,311.1200,311.1200,311.0900,311.0900
1787326463,311.1200,311.1200,311.1200,311.1200
1787326464,311.1300,311.1400,311.1300,311.1400
1787326465,311.1300,311.1300,311.1300,311.1300
1787326466,311.1150,311.1200,311.1100,311.1200
1787326467,311.1300,311.1300,311.1300,311.1300
1787326469,311.1100,311.1100,311.1100,311.1100
1787326470,311.1100,311.1100,311.1100,311.1100
1787326471,311.1100,311.1300,311.1100,311.1300
1787326472,311.1300,311.1300,311.1300,311.1300
1787326473,311.1100,311.1150,311.1100,311.1150
1787326474,311.1200,311.1200,311.1200,311.1200
1787326475,311.1300,311.1300,311.1300,311.1300
1787326476,311.1150,311.1150,311.1150,311.1150
1787326477,311.1100,311.1100,311.0700,311.0700
1787326478,311.0600,311.0600,311.0400,311.0400
1787326479,311.0100,311.0100,310.9800,310.9800
1787326480,310.9900,310.9900,310.9900,310.9900
1787326482,310.9900,310.9900,310.9700,310.9700
1787326484,311.0050,311.0050,311.0050,311.0050
1787326485,311.0100,311.0100,311.0100,311.0100
1787326486,311.0500,311.0500,311.0500,311.0500
1787326487,311.0300,311.0300,311.0300,311.0300
1787326488,311.0500,311.0500,311.0500,311.0500
1787326491,311.0700,311.0800,311.0700,311.0800
1787326494,311.0800,311.0800,311.0800,311.0800
1787326495,311.0900,311.0900,311.0900,311.0900
1787326496,311.1000,311.1000,311.1000,311.1000
1787326500,311.0900,311.0900,311.0350,311.0450
1787326501,311.0600,311.0600,311.0600,311.0600
1787326502,311.0800,311.0800,311.0800,311.0800
1787326505,311.0400,311.0600,311.0400,311.0600
1787326506,311.0700,311.0700,311.0700,311.0700
1787326507,311.0700,311.0700,311.0600,311.0600
1787326510,311.0700,311.0700,311.0700,311.0700
1787326511,311.0700,311.0900,311.0700,311.0900
1787326512,311.0900,311.0900,311.0900,311.0900
1787326513,311.0950,311.0950,311.0900,311.0950
1787326514,311.1000,311.1100,311.1000,311.1100
1787326515,311.1300,311.1300,311.1300,311.1300
1787326516,311.1400,311.1500,311.1400,311.1500
1787326517,311.1600,311.1600,311.1600,311.1600
1787326518,311.1700,311.1700,311.1700,311.1700
1787326519,311.1800,311.1800,311.1800,311.1800
1787326520,311.1600,311.1600,311.1200,311.1200
1787326522,311.1600,311.1600,311.1600,311.1600
1787326524,311.1600,311.1600,311.1500,311.1500
1787326525,311.1550,311.1700,311.1550,311.1700
1787326527,311.1800,311.1900,311.1700,311.1900
1787326528,311.1900,311.1900,311.1900,311.1900
1787326529,311.1900,311.2000,311.1900,311.2000
1787326531,311.2200,311.2200,311.2200,311.2200
1787326532,311.2000,311.2000,311.2000,311.2000
1787326535,311.2100,311.2100,311.2100,311.2100
1787326536,311.2000,311.2000,311.1500,311.1500
1787326538,311.1700,311.1700,311.1700,311.1700
1787326539,311.1800,311.1800,311.1800,311.1800
1787326540,311.1800,311.1800,311.1800,311.1800
1787326541,311.1700,311.1700,311.1700,311.1700
1787326542,311.1800,311.1800,311.1800,311.1800
1787326543,311.1800,311.1800,311.1800,311.1800
1787326544,311.1800,311.1800,311.1800,311.1800
1787326545,311.1900,311.1900,311.1900,311.1900
1787326546,311.2100,311.2200,311.2100,311.2200
1787326548,311.2100,311.2200,311.2100,311.2200
1787326549,311.2300,311.2300,311.2300,311.2300
1787326550,311.2400,311.2400,311.2400,311.2400
1787326553,311.2400,311.2400,311.2400,311.2400
1787326554,311.2400,311.2700,311.2400,311.2700
1787326555,311.2600,311.2600,311.2400,311.2450
1787326556,311.2300,311.2300,311.2300,311.2300
1787326557,311.2300,311.2300,311.1900,311.1900
1787326564,311.1800,311.2200,311.1600,311.2200
1787326565,311.2600,311.2600,311.2600,311.2600
1787326567,311.2600,311.2700,311.2600,311.2700
1787326568,311.2750,311.2750,311.2750,311.2750
1787326573,311.2900,311.4250,311.2900,311.4250
1787326575,311.3900,311.3950,311.3600,311.3700
1787326576,311.4000,311.4000,311.4000,311.4000
1787326577,311.4100,311.4100,311.4100,311.4100
1787326578,311.4000,311.4000,311.3900,311.3900
1787326579,311.4100,311.4200,311.4000,311.4200
1787326581,311.4300,311.4300,311.4300,311.4300
1787326583,311.4500,311.4600,311.4500,311.4600
1787326584,311.4500,311.4700,311.4500,311.4700
1787326585,311.4900,311.4900,311.4800,311.4800
1787326586,311.4900,311.4900,311.4900,311.4900
1787326587,311.4900,311.4900,311.4700,311.4700
1787326588,311.4700,311.4700,311.4700,311.4700
1787326589,311.4800,311.4800,311.4800,311.4800
1787326591,311.4700,311.4700,311.4100,311.4100
1787326592,311.4200,311.4200,311.4200,311.4200
1787326593,311.4300,311.4300,311.4300,311.4300
1787326594,311.4300,311.4300,311.4300,311.4300
1787326596,311.4400,311.4400,311.4350,311.4350
1787326597,311.4400,311.4600,311.4400,311.4600
1787326600,311.4500,311.4500,311.4400,311.4400
1787326601,311.4400,311.4400,311.4400,311.4400
1787326602,311.4300,311.4300,311.4300,311.4300
1787326603,311.4300,311.4300,311.4300,311.4300
1787326606,311.4200,311.4300,311.4200,311.4300
1787326607,311.4100,311.4100,311.4100,311.4100
1787326608,311.4200,311.4200,311.4200,311.4200
1787326609,311.4100,311.4100,311.3700,311.3900
1787326613,311.3600,311.3600,311.3100,311.3100
1787326618,311.3000,311.3000,311.3000,311.3000
1787326619,311.3200,311.3200,311.3200,311.3200
1787326620,311.3300,311.3300,311.3200,311.3200
1787326621,311.3300,311.3400,311.3300,311.3400
1787326622,311.3500,311.3500,311.3500,311.3500
1787326623,311.3300,311.3300,311.3100,311.3100
1787326625,311.3200,311.3200,311.3200,311.3200
1787326626,311.3400,311.3400,311.3200,311.3200
1787326627,311.3500,311.3700,311.3500,311.3700
1787326628,311.3600,311.3800,311.3600,311.3750
1787326629,311.3500,311.3500,311.3400,311.3400
1787326630,311.3400,311.3700,311.3000,311.3700
1787326631,311.3800,311.3800,311.3800,311.3800
1787326633,311.3500,311.3500,311.3500,311.3500
1787326634,311.3150,311.3150,311.3150,311.3150
1787326635,311.3100,311.3100,311.3100,311.3100
1787326637,311.3150,311.3200,311.3150,311.3200
1787326638,311.3000,311.3000,311.3000,311.3000
1787326640,311.3000,311.3000,311.3000,311.3000
1787326642,311.3050,311.3050,311.3050,311.3050
1787326643,311.3000,311.3000,311.3000,311.3000
1787326644,311.3200,311.3200,311.3200,311.3200
1787326649,311.3150,311.3150,311.3150,311.3150
1787326652,311.3100,311.3100,311.2900,311.2900
1787326655,311.2900,311.2900,311.2900,311.2900
1787326659,311.3100,311.3200,311.3100,311.3150
1787326660,311.3000,311.3000,311.2900,311.2900
1787326661,311.2900,311.2900,311.2900,311.2900
1787326662,311.2800,311.2800,311.2800,311.2800
1787326663,311.2900,311.2900,311.2900,311.2900
1787326664,311.2900,311.3000,311.2900,311.2900
1787326665,311.2800,311.2800,311.2700,311.2700
1787326666,311.2600,311.2600,311.2600,311.2600
1787326667,311.2500,311.2500,311.2100,311.2100
1787326668,311.2000,311.2050,311.2000,311.2000
1787326669,311.1900,311.1900,311.1900,311.1900
1787326671,311.2200,311.2400,311.2200,311.2400
1787326672,311.2600,311.2700,311.2600,311.2700
1787326676,311.2900,311.3000,311.2900,311.3000
1787326677,311.3100,311.3100,311.3100,311.3100
1787326678,311.3000,311.3000,311.3000,311.3000
1787326679,311.3200,311.3650,311.3200,311.3650
1787326680,311.3800,311.3900,311.3800,311.3900
1787326681,311.3950,311.3950,311.3950,311.3950
1787326682,311.3900,311.3900,311.3700,311.3700
1787326683,311.3800,311.3800,311.3800,311.3800
1787326684,311.3800,311.3800,311.3800,311.3800
1787326687,311.3700,311.3700,311.3700,311.3700
1787326688,311.3600,311.3600,311.3500,311.3500
1787326689,311.3600,311.3600,311.3600,311.3600
1787326690,311.3500,311.3700,311.3500,311.3700
1787326691,311.3800,311.3800,311.3800,311.3800
1787326693,311.3800,311.3800,311.3800,311.3800
1787326694,311.3800,311.3800,311.3800,311.3800
1787326696,311.3800,311.3800,311.3800,311.3800
1787326697,311.3700,311.3700,311.3700,311.3700
1787326698,311.3500,311.3650,311.3500,311.3650
1787326703,311.3500,311.3500,311.3400,311.3400
1787326704,311.3400,311.3450,311.3400,311.3450
1787326705,311.3500,311.3500,311.3500,311.3500
1787326706,311.3400,311.3400,311.3400,311.3400
1787326707,311.3500,311.3600,311.3500,311.3600
1787326708,311.3600,311.3700,311.3600,311.3700
1787326709,311.3700,311.3700,311.3700,311.3700
1787326712,311.3600,311.3600,311.3400,311.3400
1787326713,311.3500,311.3500,311.3500,311.3500
1787326714,311.3300,311.3300,311.3000,311.3100
1787326716,311.3200,311.3200,311.3200,311.3200
1787326719,311.3400,311.3400,311.3400,311.3400
1787326721,311.3600,311.3800,311.3600,311.3800
1787326722,311.3900,311.3900,311.3900,311.3900
1787326724,311.3900,311.3900,311.3500,311.3800
1787326726,311.3800,311.3800,311.3700,311.3700
1787326730,311.3600,311.3600,311.3600,311.3600
1787326731,311.3300,311.3300,311.3300,311.3300
1787326732,311.3300,311.3300,311.3300,311.3300
1787326735,311.3300,311.3300,311.3250,311.3250
1787326736,311.3100,311.3100,311.3000,311.3000
1787326737,311.2900,311.2900,311.2800,311.2800
1787326738,311.2700,311.2700,311.2700,311.2700
1787326739,311.2800,311.2800,311.2800,311.2800
1787326740,311.2800,311.2800,311.2800,311.2800
1787326741,311.2900,311.3200,311.2900,311.3200
1787326747,311.3100,311.3100,311.3100,311.3100
1787326748,311.3300,311.3300,311.3300,311.3300
1787326750,311.3500,311.3500,311.3500,311.3500
1787326755,311.3700,311.4100,311.3700,311.4050
1787326756,311.4300,311.4300,311.4100,311.4100
1787326761,311.4300,311.4400,311.4300,311.4400
1787326762,311.4500,311.5300,311.4500,311.5300
1787326763,311.5300,311.5900,311.5300,311.5900
1787326764,311.6000,311.6250,311.6000,311.6100
1787326765,311.6150,311.6150,311.5400,311.5400
1787326767,311.5000,311.5000,311.4900,311.4900
1787326768,311.4800,311.4800,311.4800,311.4800
1787326770,311.5100,311.5200,311.5000,311.5000
1787326772,311.5000,311.5100,311.5000,311.5100
1787326773,311.4800,311.4800,311.4600,311.4600
1787326777,311.4500,311.4500,311.4400,311.4400
1787326779,311.4300,311.4300,311.4300,311.4300
1787326784,311.4300,311.4300,311.4300,311.4300
1787326786,311.4500,311.4600,311.4500,311.4600
1787326787,311.4700,311.4700,311.4700,311.4700
1787326788,311.4900,311.5000,311.4900,311.5000
1787326790,311.5150,311.5250,311.5100,311.5100
1787326793,311.5000,311.5000,311.4750,311.4750
1787326795,311.4600,311.4800,311.4600,311.4800
1787326798,311.4700,311.4700,311.4700,311.4700
1787326799,311.4600,311.4600,311.4600,311.4600
1787326800,311.4400,311.4400,311.4300,311.4300
1787326801,311.4500,311.4500,311.4400,311.4400
1787326802,311.4600,311.4600,311.4600,311.4600
1787326808,311.4400,311.4400,311.4350,311.4350
1787326809,311.4350,311.4350,311.4350,311.4350
1787326810,311.4300,311.4300,311.3800,311.3800
1787326812,311.3800,311.3800,311.3500,311.3500
1787326813,311.3400,311.3400,311.3400,311.3400
1787326814,311.3100,311.3100,311.3100,311.3100
1787326816,311.3300,311.3300,311.3300,311.3300
1787326817,311.3300,311.3300,311.3300,311.3300
1787326818,311.3300,311.3300,311.3300,311.3300
1787326819,311.3400,311.3600,311.3400,311.3600
1787326821,311.3700,311.3700,311.3600,311.3600
1787326823,311.3800,311.3800,311.3800,311.3800
1787326824,311.3750,311.3750,311.3750,311.3750
1787326827,311.3900,311.3900,311.3900,311.3900
1787326829,311.3900,311.3900,311.3900,311.3900
1787326830,311.4000,311.4200,311.4000,311.4200
1787326831,311.4200,311.4200,311.4200,311.4200
1787326833,311.4200,311.4200,311.4200,311.4200
1787326834,311.4300,311.4300,311.4300,311.4300
1787326835,311.4200,311.4200,311.4200,311.4200
1787326836,311.4100,311.4100,311.4000,311.4000
1787326839,311.4000,311.4000,311.4000,311.4000
1787326842,311.3800,311.3800,311.3800,311.3800
1787326843,311.3600,311.3600,311.3500,311.3500
1787326845,311.3700,311.3700,311.3700,311.3700
1787326846,311.3800,311.4000,311.3800,311.4000
1787326849,311.3900,311.3900,311.3900,311.3900
1787326850,311.4000,311.4000,311.4000,311.4000
1787326852,311.3950,311.3950,311.3950,311.3950
1787326853,311.3900,311.3900,311.3800,311.3800
1787326855,311.3700,311.3700,311.3700,311.3700
1787326856,311.3600,311.3700,311.3600,311.3700
1787326858,311.3900,311.3900,311.3800,311.3900
1787326859,311.3900,311.4000,311.3900,311.4000
1787326861,311.4000,311.4000,311.4000,311.4000
1787326863,311.4000,311.4000,311.3900,311.3900
1787326864,311.4000,311.4000,311.3900,311.3900
1787326867,311.4000,311.4200,311.4000,311.4000
1787326868,311.4000,311.4000,311.3800,311.3800
1787326869,311.4000,311.4000,311.3800,311.3800
1787326871,311.4000,311.4000,311.3900,311.4000
1787326874,311.4000,311.4000,311.4000,311.4000
1787326875,311.3900,311.3900,311.3900,311.3900
1787326876,311.3800,311.3800,311.3500,311.3600
1787326878,311.3600,311.3600,311.3600,311.3600
1787326880,311.3800,311.3800,311.3800,311.3800
1787326881,311.3800,311.3800,311.3800,311.3800
1787326883,311.3800,311.3800,311.3800,311.3800
1787326884,311.3900,311.3900,311.3900,311.3900
1787326885,311.3900,311.3900,311.3900,311.3900
1787326886,311.3800,311.3800,311.3800,311.3800
1787326887,311.3800,311.3800,311.3800,311.3800
1787326889,311.3700,311.3700,311.3500,311.3500
1787326890,311.3300,311.3400,311.3300,311.3300
1787326891,311.3300,311.3300,311.3300,311.3300
1787326892,311.3400,311.3400,311.3400,311.3400
1787326893,311.3200,311.3200,311.3200,311.3200
1787326894,311.3500,311.3800,311.3500,311.3800
1787326895,311.3900,311.3900,311.3900,311.3900
1787326898,311.3700,311.3700,311.3700,311.3700
1787326901,311.3900,311.3900,311.3900,311.3900
1787326904,311.3900,311.3900,311.3700,311.3700
1787326907,311.3800,311.3800,311.3800,311.3800
1787326908,311.3800,311.3800,311.3700,311.3700
1787326910,311.3900,311.3900,311.3900,311.3900
1787326912,311.3900,311.3900,311.3800,311.3800
1787326914,311.3700,311.3700,311.3700,311.3700
1787326915,311.3600,311.3600,311.3500,311.3500
1787326917,311.3500,311.3500,311.3500,311.3500
1787326920,311.3600,311.3600,311.3200,311.3200
1787326921,311.3100,311.3100,311.3100,311.3100
1787326927,311.3200,311.3200,311.3000,311.3100
1787326928,311.3100,311.3100,311.3100,311.3100
1787326932,311.3100,311.3100,311.3100,311.3100
1787326933,311.3100,311.3100,311.3100,311.3100
1787326936,311.3100,311.3100,311.3100,311.3100
1787326938,311.3100,311.3100,311.2600,311.2600
1787326940,311.2700,311.2700,311.2700,311.2700
1787326941,311.2700,311.2700,311.2700,311.2700
1787326942,311.2600,311.2600,311.2600,311.2600
1787326943,311.2700,311.2700,311.2700,311.2700
1787326944,311.2800,311.3000,311.2800,311.3000
1787326945,311.3100,311.3100,311.3100,311.3100
1787326948,311.3200,311.3200,311.3200,311.3200
1787326950,311.3400,311.3500,311.3400,311.3500
1787326954,311.3500,311.3500,311.3500,311.3500
1787326956,311.3600,311.3700,311.3600,311.3700
1787326957,311.3750,311.3750,311.3750,311.3750
1787326958,311.3800,311.3800,311.3800,311.3800
1787326962,311.3900,311.3900,311.3800,311.3900
1787326964,311.3800,311.3800,311.3800,311.3800
1787326965,311.3750,311.3750,311.3600,311.3600
1787326966,311.3550,311.3550,311.3550,311.3550
1787326967,311.3600,311.3600,311.3600,311.3600
1787326968,311.3700,311.4000,311.3700,311.4000
1787326971,311.4000,311.4000,311.3900,311.3900
1787326972,311.3800,311.3800,311.3800,311.3800
1787326973,311.3500,311.3500,311.3400,311.3400
1787326974,311.3400,311.3400,311.3400,311.3400
1787326975,311.3500,311.3500,311.3500,311.3500
1787326976,311.3500,311.3500,311.3500,311.3500
1787326977,311.3400,311.3400,311.3100,311.3200
1787326978,311.3200,311.3200,311.3000,311.3000
1787326979,311.3100,311.3100,311.3100,311.3100
1787326982,311.3100,311.3200,311.3100,311.3200
1787326983,311.3600,311.3600,311.3600,311.3600
1787326985,311.3500,311.3500,311.3500,311.3500
1787326987,311.3450,311.3450,311.3450,311.3450
1787326991,311.3300,311.3300,311.3100,311.3100
1787326992,311.3100,311.3100,311.2800,311.2800
1787326993,311.2850,311.3000,311.2850,311.3000
1787326995,311.3300,311.3300,311.3300,311.3300
1787326999,311.3400,311.3400,311.3400,311.3400
1787327003,311.3250,311.3300,311.3100,311.3100
1787327005,311.3300,311.3300,311.2500,311.2500
1787327006,311.2500,311.2700,311.2300,311.2600
1787327015,311.2700,311.2700,311.2700,311.2700
1787327017,311.2400,311.2400,311.2300,311.2300
1787327018,311.2400,311.2400,311.2400,311.2400
1787327019,311.2300,311.2300,311.2300,311.2300
1787327022,311.2200,311.2200,311.2200,311.2200
1787327025,311.1900,311.1900,311.1900,311.1900
1787327026,311.2000,311.2000,311.2000,311.2000
1787327028,311.2100,311.2400,311.2100,311.2300
1787327030,311.2500,311.2600,311.2500,311.2600
1787327031,311.2550,311.2550,311.2550,311.2550
1787327035,311.2400,311.2400,311.2400,311.2400
1787327036,311.2400,311.2500,311.2400,311.2500
1787327037,311.2400,311.2500,311.2400,311.2500
1787327039,311.2500,311.2500,311.2500,311.2500
1787327044,311.2500,311.2500,311.2500,311.2500
1787327046,311.2500,311.2500,311.2500,311.2500
1787327047,311.2600,311.2900,311.2500,311.2900
1787327048,311.3000,311.3000,311.3000,311.3000
1787327050,311.2900,311.2900,311.2900,311.2900
1787327054,311.2700,311.2700,311.2700,311.2700
1787327055,311.2700,311.2700,311.2700,311.2700
1787327061,311.3000,311.3000,311.3000,311.3000
1787327063,311.3000,311.3000,311.3000,311.3000
1787327065,311.3000,311.3000,311.3000,311.3000
1787327067,311.2900,311.2900,311.2900,311.2900
1787327068,311.2700,311.2700,311.2600,311.2600
1787327075,311.2800,311.2800,311.2500,311.2500
1787327078,311.2500,311.2500,311.2500,311.2500
1787327082,311.2600,311.2600,311.2600,311.2600
1787327083,311.2600,311.2600,311.2400,311.2500
1787327084,311.2700,311.2700,311.2700,311.2700
1787327086,311.2600,311.2600,311.2600,311.2600
1787327089,311.2550,311.2550,311.2550,311.2550
1787327091,311.2600,311.2600,311.2600,311.2600
1787327092,311.2550,311.2550,311.2550,311.2550
1787327093,311.2600,311.2700,311.2500,311.2700
1787327094,311.2800,311.2800,311.2800,311.2800
1787327097,311.3000,311.3200,311.3000,311.3200
1787327098,311.3000,311.3000,311.3000,311.3000
1787327102,311.3000,311.3000,311.3000,311.3000
1787327103,311.3050,311.3050,311.3050,311.3050
1787327104,311.3000,311.3100,311.3000,311.3100
1787327105,311.3200,311.3200,311.3000,311.3000
1787327107,311.3100,311.3100,311.3000,311.3000
1787327109,311.2950,311.2950,311.2900,311.2900
1787327110,311.2900,311.2900,311.2900,311.2900
1787327111,311.2800,311.2800,311.2600,311.2600
1787327116,311.2450,311.2500,311.2450,311.2500
1787327117,311.2400,311.2400,311.2400,311.2400
1787327120,311.2500,311.2500,311.2500,311.2500
1787327121,311.2400,311.2450,311.2400,311.2450
1787327123,311.2300,311.2300,311.2200,311.2200
1787327124,311.2300,311.2300,311.2250,311.2250
1787327128,311.2500,311.2700,311.2500,311.2700
1787327129,311.2800,311.2900,311.2800,311.2900
1787327133,311.3000,311.3200,311.3000,311.3200
1787327139,311.2900,311.2900,311.2900,311.2900
1787327140,311.3000,311.3100,311.3000,311.3100
1787327142,311.3300,311.3400,311.3300,311.3400
1787327143,311.3200,311.3200,311.3200,311.3200
1787327145,311.3000,311.3200,311.3000,311.3200
1787327148,311.3400,311.3500,311.3400,311.3500
1787327149,311.3500,311.3500,311.3500,311.3500
1787327150,311.3500,311.3600,311.3500,311.3600
1787327151,311.3750,311.3750,311.3750,311.3750
1787327157,311.3900,311.3900,311.3900,311.3900
1787327158,311.3900,311.4000,311.3900,311.4000
1787327159,311.4100,311.4100,311.4100,311.4100
1787327160,311.3900,311.3900,311.3900,311.3900
1787327163,311.4000,311.4000,311.4000,311.4000
1787327164,311.4000,311.4000,311.4000,311.4000
1787327166,311.4000,311.4000,311.4000,311.4000
1787327167,311.3800,311.3800,311.3800,311.3800
1787327168,311.3300,311.3600,311.3300,311.3600
1787327172,311.3700,311.3900,311.3700,311.3900
1787327174,311.3900,311.3900,311.3900,311.3900
1787327176,311.4000,311.4000,311.4000,311.4000
1787327178,311.4000,311.4000,311.4000,311.4000
1787327179,311.4000,311.4000,311.4000,311.4000
1787327180,311.3900,311.3900,311.3900,311.3900
1787327182,311.4000,311.4000,311.4000,311.4000
1787327187,311.3700,311.3700,311.3700,311.3700
1787327191,311.3900,311.4000,311.3900,311.4000
1787327192,311.4000,311.4000,311.4000,311.4000
1787327193,311.4000,311.4000,311.3800,311.3800
1787327194,311.3700,311.3700,311.3500,311.3500
1787327198,311.3100,311.3100,311.3000,311.3000
1787327200,311.3200,311.3200,311.3200,311.3200
1787327202,311.3600,311.3600,311.3600,311.3600
1787327203,311.3700,311.3700,311.3700,311.3700
1787327205,311.3700,311.3700,311.3700,311.3700
1787327206,311.3700,311.4000,311.3700,311.4000
1787327208,311.3800,311.3800,311.3800,311.3800
1787327209,311.3900,311.3900,311.3900,311.3900
1787327210,311.3800,311.3800,311.3800,311.3800
1787327214,311.3900,311.3900,311.3800,311.3800
1787327215,311.4000,311.4000,311.4000,311.4000
1787327216,311.3900,311.3900,311.3900,311.3900
1787327217,311.3800,311.3800,311.3800,311.3800
1787327221,311.3650,311.3700,311.3600,311.3700
1787327223,311.3800,311.3800,311.3800,311.3800
1787327225,311.3800,311.3800,311.3800,311.3800
1787327228,311.3800,311.3800,311.3800,311.3800
1787327230,311.3700,311.3700,311.3700,311.3700
1787327234,311.3800,311.3800,311.3800,311.3800
1787327236,311.3800,311.3800,311.3700,311.3700
1787327237,311.3600,311.3600,311.3200,311.3400
1787327238,311.3500,311.3500,311.3400,311.3400
1787327241,311.3450,311.3450,311.3450,311.3450
1787327242,311.3500,311.3500,311.3400,311.3400
1787327244,311.3400,311.3400,311.3400,311.3400
1787327245,311.3400,311.3400,311.3400,311.3400
1787327247,311.3400,311.3400,311.3400,311.3400
1787327249,311.3400,311.3400,311.3400,311.3400
1787327251,311.3400,311.3400,311.3400,311.3400
1787327252,311.3300,311.3300,311.3100,311.3100
1787327253,311.3150,311.3150,311.3000,311.3000
1787327254,311.3000,311.3000,311.2800,311.2800
1787327256,311.2800,311.2800,311.2800,311.2800
1787327258,311.2600,311.2600,311.2600,311.2600
1787327260,311.2650,311.2650,311.2650,311.2650
1787327262,311.2600,311.2600,311.2600,311.2600
1787327265,311.2450,311.2450,311.2450,311.2450
1787327267,311.2350,311.2350,311.2200,311.2200
1787327268,311.2300,311.2300,311.1600,311.1600
1787327269,311.1500,311.1500,311.1400,311.1400
1787327270,311.1400,311.1500,311.1400,311.1500
1787327271,311.1400,311.1400,311.1300,311.1300
1787327273,311.1300,311.1300,311.1200,311.1300
1787327275,311.1500,311.1500,311.1200,311.1200
1787327276,311.1400,311.1400,311.1400,311.1400
1787327277,311.1500,311.1500,311.1500,311.1500
1787327278,311.1500,311.1500,311.1500,311.1500
1787327279,311.1500,311.1500,311.1500,311.1500
1787327280,311.1500,311.1500,311.1500,311.1500
1787327282,311.1600,311.1600,311.1600,311.1600
1787327284,311.1700,311.1700,311.1700,311.1700
1787327286,311.1500,311.1500,311.1400,311.1400
1787327288,311.1400,311.1400,311.1300,311.1300
1787327289,311.1300,311.1300,311.1250,311.1250
1787327290,311.1200,311.1200,311.1200,311.1200
1787327291,311.1050,311.1050,311.0900,311.0900
1787327293,311.0900,311.1000,311.0900,311.1000
1787327294,311.0950,311.0950,311.0950,311.0950
1787327295,311.1000,311.1000,311.1000,311.1000
1787327300,311.0950,311.1000,311.0950,311.1000
1787327301,311.0900,311.0900,311.0900,311.0900
1787327303,311.0700,311.0700,311.0400,311.0600
1787327304,311.0800,311.0800,311.0800,311.0800
1787327306,311.0700,311.0800,311.0700,311.0800
1787327308,311.0800,311.0800,311.0800,311.0800
1787327309,311.0800,311.1000,311.0750,311.1000
1787327310,311.0800,311.0800,311.0800,311.0800
1787327311,311.0900,311.0900,311.0900,311.0900
1787327312,311.0900,311.0900,311.0800,311.0900
1787327314,311.0900,311.0900,311.0900,311.0900
1787327315,311.0800,311.0800,311.0800,311.0800
1787327316,311.0700,311.0700,311.0400,311.0400
1787327318,311.0200,311.0200,311.0200,311.0200
1787327319,311.0200,311.0200,311.0000,311.0000
1787327323,311.0000,311.0000,311.0000,311.0000
1787327324,310.9900,310.9900,310.9900,310.9900
1787327325,310.9900,310.9900,310.9900,310.9900
1787327326,310.9800,310.9800,310.9400,310.9400
1787327327,310.9500,310.9500,310.9500,310.9500
1787327328,310.9600,310.9800,310.9600,310.9800
1787327329,310.9700,310.9700,310.9500,310.9500
1787327330,310.9600,310.9600,310.9600,310.9600
1787327331,310.9600,311.0000,310.9600,311.0000
1787327334,311.0200,311.0400,311.0200,311.0400
1787327335,311.0400,311.0600,311.0400,311.0600
1787327336,311.0600,311.0600,311.0600,311.0600
1787327337,311.0700,311.0750,311.0700,311.0700
1787327338,311.0600,311.0600,311.0500,311.0550
1787327342,311.0700,311.0900,311.0650,311.0700
1787327344,311.1000,311.1000,311.1000,311.1000
1787327346,311.0950,311.0950,311.0800,311.0950
1787327349,311.0900,311.0900,311.0900,311.0900
1787327352,311.0700,311.0700,311.0500,311.0500
1787327354,311.0600,311.0600,311.0500,311.0500
1787327355,311.0500,311.0500,311.0500,311.0500
1787327357,311.0500,311.0500,311.0200,311.0200
1787327358,311.0000,311.0000,311.0000,311.0000
1787327359,311.0100,311.0150,311.0100,311.0100
1787327360,311.0100,311.0300,311.0100,311.0300
1787327361,311.0300,311.0300,311.0300,311.0300
1787327363,311.0200,311.0200,311.0200,311.0200
1787327364,311.0200,311.0300,311.0200,311.0300
1787327366,311.0400,311.0400,311.0400,311.0400
1787327367,311.0450,311.0500,311.0450,311.0500
1787327368,311.0200,311.0200,311.0200,311.0200
1787327370,311.0050,311.0200,311.0050,311.0200
1787327371,311.0250,311.0250,311.0250,311.0250
1787327372,311.0400,311.0600,311.0400,311.0500
1787327373,311.0500,311.0500,311.0500,311.0500
1787327376,311.0500,311.0500,311.0500,311.0500
1787327378,311.0600,311.0700,311.0600,311.0700
1787327381,311.0500,311.0500,311.0500,311.0500
1787327383,311.0500,311.0500,311.0500,311.0500
1787327385,311.0200,311.0200,311.0000,311.0000
1787327386,311.0100,311.0100,311.0100,311.0100
1787327387,311.0300,311.0300,311.0300,311.0300
1787327388,311.0200,311.0200,311.0200,311.0200
1787327389,311.0200,311.0200,311.0200,311.0200
1787327390,311.0200,311.0200,311.0200,311.0200
1787327394,311.0300,311.0700,311.0300,311.0700
1787327395,311.0800,311.0900,311.0800,311.0900
1787327396,311.1000,311.1100,311.1000,311.1100
1787327401,311.1200,311.1200,311.1100,311.1100
1787327402,311.1300,311.1400,311.1300,311.1400
1787327403,311.1500,311.1500,311.1500,311.1500
1787327404,311.1600,311.1600,311.1500,311.1500
1787327405,311.1400,311.1400,311.1400,311.1400
1787327406,311.1300,311.1300,311.1100,311.1150
1787327408,311.1150,311.1150,311.1150,311.1150
1787327409,311.1150,311.1150,311.1150,311.1150
1787327410,311.1200,311.1200,311.1200,311.1200
1787327411,311.1300,311.1300,311.1300,311.1300
1787327413,311.1400,311.1500,311.1400,311.1500
1787327414,311.1500,311.1500,311.1500,311.1500
1787327418,311.1550,311.1650,311.1550,311.1650
1787327420,311.1700,311.1700,311.1700,311.1700
1787327421,311.1800,311.2100,311.1800,311.2100
1787327422,311.2300,311.2350,311.2100,311.2200
1787327423,311.2100,311.2100,311.2100,311.2100
1787327424,311.2100,311.2100,311.1900,311.1900
1787327425,311.1900,311.2100,311.1900,311.2100
1787327426,311.2050,311.2050,311.1900,311.1900
1787327427,311.2000,311.2000,311.2000,311.2000
1787327428,311.2100,311.2100,311.2000,311.2000
1787327429,311.2000,311.2200,311.2000,311.2200
1787327431,311.2400,311.2800,311.2400,311.2800
1787327433,311.2800,311.2900,311.2800,311.2900
1787327435,311.3000,311.3000,311.3000,311.3000
1787327437,311.2800,311.3000,311.2700,311.3000
1787327438,311.3000,311.3000,311.3000,311.3000
1787327439,311.3200,311.3300,311.3200,311.3300
1787327440,311.3400,311.3400,311.3400,311.3400
1787327441,311.3400,311.3400,311.3400,311.3400
1787327444,311.3500,311.3500,311.3500,311.3500
1787327445,311.3600,311.3600,311.3600,311.3600
1787327446,311.3700,311.3700,311.3700,311.3700
1787327447,311.3700,311.3700,311.3700,311.3700
1787327450,311.3800,311.3900,311.3800,311.3900
1787327451,311.3800,311.3900,311.3500,311.3900
1787327453,311.3900,311.3900,311.3900,311.3900
1787327454,311.3950,311.4000,311.3950,311.4000
1787327455,311.4100,311.4100,311.4100,311.4100
1787327456,311.4200,311.4200,311.4200,311.4200
1787327457,311.4300,311.4300,311.3900,311.3900
1787327458,311.3900,311.3900,311.3900,311.3900
1787327460,311.4100,311.4100,311.4100,311.4100
1787327461,311.4100,311.4100,311.4100,311.4100
1787327463,311.4100,311.4200,311.4100,311.4200
1787327464,311.4400,311.4400,311.4400,311.4400
1787327465,311.4300,311.4300,311.4100,311.4100
1787327468,311.4500,311.4700,311.4500,311.4700
1787327470,311.4900,311.4950,311.4800,311.4800
1787327472,311.4500,311.4500,311.4300,311.4300
1787327474,311.4400,311.4400,311.4400,311.4400
1787327476,311.4500,311.4500,311.4500,311.4500
1787327477,311.4400,311.4400,311.4300,311.4350
1787327478,311.4400,311.4500,311.4400,311.4500
1787327481,311.4400,311.4400,311.4400,311.4400
1787327484,311.4400,311.4400,311.4400,311.4400
1787327486,311.4400,311.4400,311.4300,311.4300
1787327487,311.4300,311.4300,311.4300,311.4300
1787327489,311.4500,311.4500,311.4400,311.4400
1787327491,311.4450,311.4500,311.4450,311.4500
1787327492,311.4700,311.4700,311.4700,311.4700
1787327493,311.4800,311.4800,311.4800,311.4800
1787327494,311.5000,311.5000,311.5000,311.5000
1787327495,311.5300,311.5400,311.5300,311.5400
1787327497,311.5500,311.5500,311.5500,311.5500
1787327498,311.5700,311.5700,311.5700,311.5700
1787327499,311.5700,311.5700,311.5700,311.5700
1787327500,311.5700,311.5700,311.5600,311.5600
1787327502,311.5600,311.5700,311.5500,311.5700
1787327503,311.5600,311.6100,311.5500,311.5900
1787327504,311.6000,311.6200,311.5800,311.5800
1787327507,311.6400,311.6400,311.6400,311.6400
1787327508,311.6400,311.6450,311.6400,311.6450
1787327509,311.6600,311.6600,311.6600,311.6600
1787327510,311.6500,311.6700,311.6500,311.6600
1787327511,311.6500,311.6500,311.6400,311.6400
1787327514,311.6400,311.6400,311.6300,311.6300
1787327515,311.6500,311.7000,311.6500,311.6900
1787327516,311.6650,311.6650,311.6200,311.6600
1787327520,311.6000,311.6000,311.5800,311.5800
1787327521,311.5750,311.5750,311.5750,311.5750
1787327528,311.5750,311.5750,311.5750,311.5750
1787327529,311.5750,311.5750,311.5750,311.5750
1787327533,311.5800,311.5900,311.5800,311.5900
1787327534,311.6000,311.6200,311.5900,311.6000
1787327536,311.6000,311.6000,311.6000,311.6000
1787327537,311.5700,311.5700,311.5500,311.5500
1787327538,311.5400,311.5400,311.5400,311.5400
1787327540,311.5200,311.5200,311.5000,311.5000
1787327541,311.4900,311.5000,311.4900,311.5000
1787327545,311.5000,311.5200,311.5000,311.5200
1787327547,311.5100,311.5200,311.5100,311.5200
1787327548,311.5000,311.5400,311.5000,311.5400
1787327549,311.5500,311.5500,311.5400,311.5400
1787327550,311.5600,311.5600,311.5600,311.5600
1787327553,311.5600,311.5850,311.5600,311.5850
1787327554,311.6100,311.6100,311.6100,311.6100
1787327557,311.6200,311.6200,311.6100,311.6100
1787327560,311.6000,311.6000,311.5900,311.5900
1787327563,311.6300,311.6400,311.6300,311.6400
1787327564,311.6400,311.6400,311.6000,311.6000
1787327567,311.6100,311.6100,311.6100,311.6100
1787327568,311.6000,311.6050,311.5900,311.5900
1787327571,311.6100,311.6200,311.6100,311.6200
1787327572,311.6100,311.6100,311.6000,311.6000
1787327574,311.6000,311.6000,311.6000,311.6000
1787327581,311.6100,311.6150,311.6100,311.6150
1787327582,311.6200,311.6200,311.6200,311.6200
1787327583,311.6400,311.6700,311.6400,311.6700
1787327585,311.6700,311.6700,311.6500,311.6500
1787327586,311.6400,311.6400,311.6100,311.6100
1787327589,311.6200,311.6200,311.6200,311.6200
1787327590,311.6200,311.6200,311.6200,311.6200
1787327592,311.6300,311.6300,311.6300,311.6300
1787327593,311.6200,311.6200,311.6100,311.6100
1787327594,311.6000,311.6000,311.5900,311.5900
1787327597,311.6000,311.6000,311.5800,311.5800
1787327599,311.5700,311.5700,311.5700,311.5700
1787327603,311.5900,311.6000,311.5800,311.5800
1787327605,311.6000,311.6200,311.6000,311.6200
1787327607,311.6300,311.6450,311.6300,311.6450
1787327612,311.6400,311.6400,311.6200,311.6300
1787327613,311.6200,311.6200,311.6200,311.6200
1787327615,311.6200,311.6200,311.6100,311.6100
1787327616,311.6200,311.6200,311.6200,311.6200
1787327617,311.6250,311.6250,311.5900,311.6200
1787327618,311.6100,311.6100,311.6100,311.6100
1787327624,311.6300,311.6300,311.6200,311.6200
1787327625,311.6100,311.6100,311.6100,311.6100
1787327628,311.6000,311.6000,311.5550,311.5550
1787327629,311.5600,311.5600,311.5600,311.5600
1787327631,311.5800,311.5900,311.5800,311.5900
1787327632,311.6100,311.6100,311.6100,311.6100
1787327633,311.6000,311.6000,311.6000,311.6000
1787327634,311.6100,311.6100,311.6100,311.6100
1787327638,311.6100,311.6100,311.6100,311.6100
1787327639,311.5900,311.5900,311.5600,311.5600
1787327640,311.5800,311.5800,311.5800,311.5800
1787327641,311.5750,311.5800,311.5750,311.5800
1787327643,311.5600,311.5600,311.5500,311.5600
1787327644,311.5650,311.5650,311.5650,311.5650
1787327645,311.5650,311.5900,311.5650,311.5900
1787327646,311.6000,311.6000,311.6000,311.6000
1787327647,311.6100,311.6100,311.6100,311.6100
1787327649,311.6100,311.6100,311.6100,311.6100
1787327652,311.6150,311.6300,311.6150,311.6300
1787327653,311.6350,311.6350,311.6350,311.6350
1787327655,311.6500,311.6800,311.6500,311.6800
1787327656,311.7100,311.7100,311.7100,311.7100
1787327657,311.7100,311.7100,311.7100,311.7100
1787327660,311.7200,311.7200,311.7200,311.7200
1787327662,311.7150,311.7150,311.7100,311.7100
1787327663,311.7000,311.7500,311.6900,311.7500
1787327664,311.7600,311.7600,311.7600,311.7600
1787327666,311.7800,311.7800,311.7800,311.7800
1787327667,311.7700,311.7700,311.7400,311.7400
1787327668,311.7400,311.7400,311.7400,311.7400
1787327670,311.7400,311.7400,311.7400,311.7400
1787327671,311.7700,311.7700,311.7700,311.7700
1787327672,311.7600,311.7600,311.7600,311.7600
1787327673,311.7500,311.7500,311.7500,311.7500
1787327674,311.7600,311.7650,311.7600,311.7600
1787327675,311.7700,311.7700,311.7500,311.7500
1787327677,311.7600,311.7900,311.7600,311.7900
1787327678,311.8000,311.8200,311.8000,311.8200
1787327679,311.8400,311.8400,311.8100,311.8100
1787327680,311.8100,311.8100,311.8100,311.8100
1787327681,311.8000,311.8100,311.8000,311.8100
1787327682,311.7900,311.7900,311.7900,311.7900
1787327685,311.7900,311.7900,311.7900,311.7900
1787327686,311.7900,311.7900,311.7800,311.7800
1787327687,311.7700,311.7700,311.7700,311.7700
1787327688,311.7600,311.7600,311.7600,311.7600
1787327690,311.7600,311.7600,311.7500,311.7500
1787327691,311.7450,311.7450,311.7400,311.7400
1787327693,311.7500,311.7500,311.7500,311.7500
1787327694,311.7550,311.7600,311.7550,311.7600
1787327699,311.7700,311.7900,311.7700,311.7900
1787327700,311.7900,311.8000,311.7900,311.8000
1787327701,311.7950,311.7950,311.7950,311.7950
1787327702,311.7900,311.7900,311.7900,311.7900
1787327703,311.7900,311.8050,311.7900,311.8000
1787327704,311.8000,311.8000,311.8000,311.8000
1787327707,311.7900,311.7900,311.7900,311.7900
1787327708,311.7900,311.8100,311.7900,311.8100
1787327709,311.8000,311.8000,311.7900,311.7900
1787327710,311.7900,311.7900,311.7900,311.7900
1787327711,311.7800,311.7800,311.7800,311.7800
1787327712,311.7700,311.7700,311.7700,311.7700
1787327713,311.7900,311.7900,311.7900,311.7900
1787327714,311.7900,311.7900,311.7900,311.7900
1787327715,311.7900,311.7900,311.7900,311.7900
1787327716,311.7900,311.8100,311.7900,311.8100
1787327718,311.8100,311.8100,311.8100,311.8100
1787327719,311.8100,311.8100,311.7900,311.7900
1787327723,311.8300,311.8500,311.8300,311.8500
1787327724,311.8800,311.9100,311.8800,311.9100
1787327725,311.9100,311.9100,311.9100,311.9100
1787327727,311.9100,311.9100,311.9100,311.9100
1787327728,311.9200,311.9200,311.9000,311.9000
1787327729,311.8850,311.8850,311.8850,311.8850
1787327730,311.8800,311.8800,311.8800,311.8800
1787327731,311.8700,311.8700,311.8700,311.8700
1787327732,311.8400,311.8400,311.8400,311.8400
1787327734,311.8200,311.8200,311.8200,311.8200
1787327736,311.8000,311.8000,311.8000,311.8000
1787327737,311.8000,311.8000,311.7900,311.7900
1787327738,311.8000,311.8100,311.8000,311.8100
1787327739,311.8150,311.8150,311.7800,311.7900
1787327744,311.8100,311.8300,311.8100,311.8300
1787327748,311.8200,311.8200,311.8200,311.8200
1787327749,311.8300,311.8300,311.8300,311.8300
1787327755,311.8400,311.8500,311.8400,311.8500
1787327760,311.8500,311.8500,311.8000,311.8000
1787327761,311.7900,311.7900,311.7900,311.7900
1787327762,311.7900,311.7900,311.7900,311.7900
1787327763,311.7500,311.7500,311.7100,311.7100
1787327764,311.7300,311.7300,311.7200,311.7200
1787327765,311.7200,311.7200,311.6600,311.6600
1787327766,311.6900,311.7000,311.6900,311.7000
1787327767,311.6900,311.6900,311.6800,311.6800
1787327769,311.6700,311.6700,311.6600,311.6600
1787327771,311.6500,311.6500,311.6400,311.6500
1787327772,311.6600,311.6600,311.6600,311.6600
1787327774,311.6400,311.6400,311.6300,311.6300
1787327776,311.6100,311.6100,311.6000,311.6000
1787327777,311.6100,311.6100,311.6100,311.6100
1787327782,311.5700,311.5700,311.5300,311.5300
1787327783,311.5300,311.5300,311.5300,311.5300
1787327784,311.5500,311.5500,311.5500,311.5500
1787327785,311.5600,311.5600,311.5600,311.5600
1787327787,311.5500,311.5500,311.5200,311.5400
1787327790,311.5300,311.5300,311.5300,311.5300
1787327791,311.5100,311.5100,311.5000,311.5000
1787327792,311.4900,311.5000,311.4900,311.5000
1787327793,311.5000,311.5000,311.5000,311.5000
1787327794,311.5000,311.5000,311.4900,311.4900
1787327795,311.5000,311.5000,311.5000,311.5000
1787327796,311.4900,311.4900,311.4900,311.4900
1787327797,311.4900,311.4900,311.4900,311.4900
1787327799,311.5000,311.5000,311.5000,311.5000
1787327802,311.4900,311.5000,311.4800,311.5000
1787327803,311.5100,311.5400,311.5100,311.5400
1787327805,311.5700,311.5800,311.5500,311.5500
1787327809,311.5600,311.5600,311.5600,311.5600
1787327810,311.5700,311.5700,311.5700,311.5700
1787327811,311.5700,311.5700,311.5700,311.5700
1787327812,311.5600,311.5600,311.5600,311.5600
1787327814,311.5750,311.5750,311.5400,311.5400
1787327819,311.5500,311.5500,311.5500,311.5500
1787327820,311.5400,311.5400,311.5300,311.5300
1787327821,311.5150,311.5300,311.5150,311.5300
1787327824,311.5400,311.5400,311.5400,311.5400
1787327825,311.5300,311.5300,311.5300,311.5300
1787327827,311.5400,311.5400,311.5400,311.5400
1787327829,311.5500,311.5500,311.5500,311.5500
1787327830,311.5500,311.5500,311.5500,311.5500
1787327832,311.5500,311.5500,311.5500,311.5500
1787327834,311.5400,311.5400,311.5200,311.5200
1787327835,311.5100,311.5100,311.5000,311.5000
1787327836,311.5100,311.5200,311.5100,311.5200
1787327837,311.4900,311.4900,311.4900,311.4900
1787327838,311.4700,311.4700,311.4350,311.4350
1787327839,311.4400,311.4600,311.4400,311.4600
1787327840,311.4500,311.4500,311.4500,311.4500
1787327842,311.4350,311.4400,311.4350,311.4400
1787327843,311.4500,311.4500,311.4500,311.4500
1787327845,311.4600,311.4600,311.4600,311.4600
1787327846,311.4550,311.4550,311.4550,311.4550
1787327848,311.4500,311.4500,311.4100,311.4400
1787327852,311.4500,311.4500,311.4200,311.4200
1787327853,311.4200,311.4200,311.4200,311.4200
1787327854,311.4300,311.4300,311.4300,311.4300
1787327856,311.4300,311.4300,311.4300,311.4300
1787327858,311.4400,311.4500,311.4400,311.4500
1787327859,311.4500,311.4500,311.4500,311.4500
1787327861,311.4500,311.4500,311.4500,311.4500
1787327863,311.4600,311.4600,311.4600,311.4600
1787327866,311.4500,311.4500,311.4500,311.4500
1787327867,311.4400,311.4400,311.4300,311.4300
1787327869,311.4400,311.4400,311.4400,311.4400
1787327872,311.4400,311.4400,311.4400,311.4400
1787327876,311.4500,311.4600,311.4500,311.4600
1787327879,311.4700,311.4700,311.4700,311.4700
1787327881,311.4500,311.4500,311.4200,311.4300
1787327882,311.4400,311.4400,311.4400,311.4400
1787327883,311.4600,311.4600,311.3300,311.3900
1787327884,311.4300,311.4300,311.4300,311.4300
1787327885,311.4400,311.4400,311.4400,311.4400
1787327886,311.4400,311.4400,311.4400,311.4400
1787327890,311.4100,311.4200,311.4100,311.4200
1787327891,311.4200,311.4400,311.4200,311.4400
1787327893,311.4400,311.4500,311.4400,311.4500
1787327894,311.4700,311.4700,311.4700,311.4700
1787327895,311.4900,311.4900,311.4900,311.4900
1787327896,311.4950,311.4950,311.4950,311.4950
1787327898,311.4950,311.5100,311.4950,311.5100
1787327899,311.5000,311.5000,311.5000,311.5000
1787327901,311.5100,311.5350,311.5100,311.5350
1787327905,311.5500,311.5600,311.5500,311.5600
1787327908,311.5250,311.5250,311.5250,311.5250
1787327910,311.5100,311.5150,311.5100,311.5150
1787327911,311.5250,311.5250,311.5250,311.5250
1787327913,311.5300,311.5300,311.5300,311.5300
1787327915,311.5200,311.5200,311.5200,311.5200
1787327916,311.5200,311.5200,311.5200,311.5200
1787327917,311.5300,311.5300,311.5300,311.5300
1787327919,311.5350,311.5350,311.5350,311.5350
1787327920,311.5400,311.5400,311.5400,311.5400
1787327923,311.5200,311.5200,311.5200,311.5200
1787327927,311.5200,311.5200,311.5200,311.5200
1787327928,311.5000,311.5000,311.5000,311.5000
1787327931,311.5000,311.5000,311.5000,311.5000
1787327932,311.5100,311.5100,311.5100,311.5100
1787327934,311.5150,311.5150,311.5150,311.5150
1787327935,311.5150,311.5150,311.5150,311.5150
1787327937,311.5150,311.5150,311.5150,311.5150
1787327938,311.5200,311.5350,311.5200,311.5300
1787327939,311.5300,311.5300,311.5300,311.5300
1787327942,311.5300,311.5600,311.5300,311.5600
1787327943,311.5800,311.5850,311.5800,311.5850
1787327945,311.5700,311.5700,311.5700,311.5700
1787327947,311.5500,311.5500,311.5500,311.5500
1787327950,311.5600,311.5600,311.5600,311.5600
1787327951,311.5300,311.5300,311.5000,311.5200
1787327952,311.5300,311.5300,311.5300,311.5300
1787327953,311.5300,311.5300,311.5300,311.5300
1787327955,311.5400,311.5700,311.5400,311.5700
1787327956,311.5700,311.5700,311.5600,311.5600
1787327957,311.5600,311.5600,311.5600,311.5600
1787327959,311.5600,311.5600,311.5600,311.5600
1787327962,311.5600,311.5600,311.5600,311.5600
1787327963,311.5500,311.5500,311.5500,311.5500
1787327964,311.5400,311.5400,311.5400,311.5400
1787327966,311.5400,311.5400,311.5400,311.5400
1787327969,311.5600,311.5600,311.5600,311.5600
1787327971,311.5400,311.5400,311.5400,311.5400
1787327974,311.5400,311.5400,311.5400,311.5400
1787327975,311.5400,311.5400,311.5400,311.5400
1787327981,311.5200,311.5200,311.5200,311.5200
1787327982,311.5400,311.5400,311.5400,311.5400
1787327984,311.5250,311.5250,311.5250,311.5250
1787327985,311.5200,311.5200,311.5200,311.5200
1787327989,311.5300,311.5300,311.5300,311.5300
1787327990,311.5100,311.5100,311.5100,311.5100
1787327992,311.5200,311.5300,311.5200,311.5300
1787327996,311.5300,311.5300,311.5300,311.5300
1787327998,311.5300,311.5300,311.5300,311.5300
1787328000,311.5250,311.5250,311.5200,311.5200
1787328002,311.5300,311.5300,311.5300,311.5300
1787328003,311.5300,311.5300,311.5100,311.5100
1787328004,311.5150,311.5150,311.5100,311.5100
1787328006,311.5000,311.5000,311.5000,311.5000
1787328008,311.5000,311.5000,311.4800,311.4900
1787328009,311.5000,311.5000,311.5000,311.5000
1787328012,311.4900,311.4900,311.4900,311.4900
1787328013,311.5000,311.5100,311.5000,311.5100
1787328014,311.5200,311.5300,311.5200,311.5300
1787328017,311.5350,311.5350,311.5350,311.5350
1787328018,311.5400,311.5400,311.5400,311.5400
1787328022,311.5400,311.5400,311.5400,311.5400
1787328023,311.5400,311.5400,311.5400,311.5400
1787328026,311.5500,311.5500,311.5500,311.5500
1787328027,311.5600,311.5600,311.5600,311.5600
1787328028,311.5700,311.5700,311.5700,311.5700
1787328030,311.5800,311.5900,311.5800,311.5900
1787328031,311.6000,311.6500,311.6000,311.6500
1787328032,311.6600,311.7000,311.6600,311.6800
1787328033,311.6900,311.6900,311.6900,311.6900
1787328034,311.6800,311.6800,311.6600,311.6700
1787328035,311.6800,311.6800,311.6800,311.6800
1787328036,311.7100,311.7100,311.7100,311.7100
1787328037,311.7300,311.7300,311.7300,311.7300
1787328038,311.7400,311.7400,311.7400,311.7400
1787328039,311.7500,311.7500,311.7500,311.7500
1787328040,311.7400,311.7400,311.7400,311.7400
1787328041,311.7300,311.7300,311.7200,311.7200
1787328042,311.6700,311.6700,311.6700,311.6700
1787328043,311.6700,311.6700,311.6700,311.6700
1787328044,311.6700,311.6800,311.6700,311.6800
1787328045,311.6900,311.6900,311.6900,311.6900
1787328048,311.6950,311.6950,311.6950,311.6950
1787328049,311.7000,311.7200,311.7000,311.7200
1787328050,311.7400,311.7400,311.7400,311.7400
1787328053,311.7400,311.7400,311.7400,311.7400
1787328056,311.7400,311.7400,311.7400,311.7400
1787328058,311.7350,311.7350,311.7200,311.7200
1787328059,311.7100,311.7100,311.7000,311.7000
1787328067,311.7100,311.7200,311.7100,311.7200
1787328069,311.7300,311.7300,311.7300,311.7300
1787328070,311.7400,311.7450,311.7400,311.7450
1787328071,311.7500,311.8100,311.7500,311.8000
1787328074,311.8000,311.8000,311.7800,311.7800
1787328079,311.7750,311.7750,311.7750,311.7750
1787328080,311.7600,311.7600,311.7400,311.7400
1787328082,311.7500,311.7600,311.7500,311.7600
1787328083,311.7700,311.7700,311.7700,311.7700
1787328084,311.7700,311.7700,311.7650,311.7650
1787328085,311.7700,311.7700,311.7700,311.7700
1787328086,311.7650,311.7650,311.7500,311.7500
1787328088,311.7500,311.7500,311.7500,311.7500
1787328089,311.7400,311.7400,311.7400,311.7400
1787328090,311.7300,311.7300,311.7200,311.7200
1787328091,311.7000,311.7000,311.7000,311.7000
1787328093,311.6900,311.6900,311.6700,311.6900
1787328099,311.6900,311.6900,311.6800,311.6800
1787328105,311.6650,311.6650,311.6600,311.6600
1787328107,311.6500,311.6500,311.6500,311.6500
1787328109,311.6650,311.6650,311.6600,311.6600
1787328111,311.6650,311.6650,311.6600,311.6600
1787328112,311.6600,311.6600,311.6600,311.6600
1787328113,311.6600,311.6600,311.6600,311.6600
1787328115,311.6500,311.6500,311.6500,311.6500
1787328116,311.6500,311.6500,311.6500,311.6500
1787328117,311.6400,311.6400,311.6200,311.6200
1787328118,311.6300,311.6300,311.6200,311.6200
1787328119,311.6300,311.6300,311.6300,311.6300
1787328121,311.6100,311.6100,311.6100,311.6100
1787328122,311.6150,311.6300,311.6150,311.6300
1787328123,311.6350,311.6350,311.6350,311.6350
1787328124,311.6300,311.6300,311.6300,311.6300
1787328125,311.6400,311.6500,311.6400,311.6500
1787328128,311.6500,311.6500,311.6400,311.6400
1787328130,311.6400,311.6400,311.6400,311.6400
1787328132,311.6500,311.6500,311.6500,311.6500
1787328134,311.6600,311.6600,311.6600,311.6600
1787328135,311.6500,311.6500,311.6500,311.6500
1787328136,311.6400,311.6400,311.6400,311.6400
1787328141,311.6600,311.6600,311.6600,311.6600
1787328144,311.6700,311.6700,311.6700,311.6700
1787328145,311.6800,311.6800,311.6500,311.6500
1787328146,311.6500,311.6500,311.6500,311.6500
1787328149,311.6700,311.6700,311.6700,311.6700
1787328150,311.6600,311.6600,311.6600,311.6600
1787328152,311.6850,311.6900,311.6850,311.6900
1787328155,311.7000,311.7000,311.7000,311.7000
1787328156,311.6900,311.6900,311.6900,311.6900
1787328160,311.6800,311.6800,311.6800,311.6800
1787328163,311.6600,311.6600,311.6300,311.6300
1787328165,311.6200,311.6200,311.6200,311.6200
1787328166,311.6200,311.6200,311.6200,311.6200
1787328169,311.6300,311.6300,311.6000,311.6000
1787328171,311.5900,311.5900,311.5700,311.5700
1787328172,311.5500,311.5500,311.5500,311.5500
1787328173,311.5300,311.5300,311.4950,311.4950
1787328174,311.5400,311.5500,311.5300,311.5300
1787328178,311.5300,311.5300,311.5300,311.5300
1787328179,311.5000,311.5200,311.5000,311.5200
1787328180,311.5200,311.5200,311.5200,311.5200
1787328181,311.5200,311.5200,311.5200,311.5200
1787328182,311.4900,311.4900,311.4900,311.4900
1787328183,311.5200,311.5200,311.5200,311.5200
1787328185,311.5300,311.5300,311.5300,311.5300
1787328186,311.5400,311.5400,311.5400,311.5400
1787328195,311.5400,311.5400,311.5400,311.5400
1787328199,311.5300,311.5300,311.5300,311.5300
1787328202,311.5300,311.5300,311.5200,311.5200
1787328203,311.5200,311.5200,311.4900,311.4900
1787328206,311.4900,311.5100,311.4900,311.5100
1787328208,311.5100,311.5100,311.5100,311.5100
1787328210,311.5100,311.5100,311.5100,311.5100
1787328212,311.5100,311.5100,311.5100,311.5100
1787328213,311.5200,311.5200,311.5200,311.5200
1787328214,311.5200,311.5500,311.5200,311.5250
1787328215,311.5250,311.5250,311.5200,311.5200
1787328216,311.5100,311.5100,311.4500,311.4600
1787328219,311.4400,311.4400,311.4400,311.4400
1787328220,311.4300,311.4300,311.4300,311.4300
1787328221,311.4400,311.4400,311.4400,311.4400
1787328223,311.4200,311.4200,311.4100,311.4100
1787328224,311.4100,311.4100,311.4000,311.4000
1787328225,311.3900,311.3900,311.3900,311.3900
1787328226,311.3700,311.3700,311.3700,311.3700
1787328227,311.3800,311.3800,311.3800,311.3800
1787328229,311.3700,311.3700,311.3700,311.3700
1787328230,311.3700,311.3700,311.3700,311.3700
1787328231,311.3700,311.3700,311.3700,311.3700
1787328235,311.3700,311.3700,311.3700,311.3700
1787328236,311.3700,311.3700,311.3700,311.3700
1787328237,311.3800,311.3800,311.3800,311.3800
1787328239,311.3800,311.3800,311.3800,311.3800
1787328240,311.3700,311.3700,311.3700,311.3700
1787328241,311.3700,311.3800,311.3700,311.3700
1787328243,311.3700,311.3700,311.3700,311.3700
1787328244,311.3800,311.3900,311.3800,311.3900
1787328245,311.4000,311.4600,311.4000,311.4450
1787328249,311.4400,311.4400,311.4400,311.4400
1787328250,311.4200,311.4200,311.4000,311.4000
1787328251,311.4100,311.4100,311.4100,311.4100
1787328253,311.4000,311.4000,311.4000,311.4000
1787328255,311.4200,311.4450,311.4200,311.4300
1787328256,311.4200,311.4200,311.4200,311.4200
1787328258,311.4050,311.4100,311.4050,311.4100
1787328261,311.4300,311.4400,311.4300,311.4400
1787328265,311.4600,311.4600,311.4600,311.4600
1787328266,311.4500,311.4500,311.4300,311.4300
1787328267,311.4200,311.4200,311.4200,311.4200
1787328274,311.4300,311.4300,311.4300,311.4300
1787328275,311.4200,311.4200,311.3700,311.3700
1787328276,311.3400,311.3400,311.3400,311.3400
1787328279,311.3450,311.3450,311.3450,311.3450
1787328280,311.3450,311.3450,311.3450,311.3450
1787328282,311.3500,311.3500,311.3300,311.3300
1787328283,311.3200,311.3400,311.3200,311.3400
1787328285,311.3200,311.3200,311.3100,311.3100
1787328286,311.3000,311.3000,311.3000,311.3000
1787328290,311.2900,311.3100,311.2900,311.3100
1787328292,311.3400,311.3500,311.3400,311.3500
1787328294,311.3600,311.3600,311.3400,311.3400
1787328295,311.3700,311.3700,311.3700,311.3700
1787328298,311.3750,311.3750,311.3750,311.3750
1787328299,311.3700,311.3750,311.3700,311.3750
1787328300,311.3600,311.3600,311.3400,311.3400
1787328301,311.3500,311.3500,311.3500,311.3500
1787328302,311.3600,311.3700,311.3600,311.3650
1787328303,311.3650,311.3650,311.3500,311.3500
1787328306,311.3500,311.3600,311.3500,311.3600
1787328307,311.3700,311.3700,311.3700,311.3700
1787328308,311.3700,311.4000,311.3700,311.3800
1787328309,311.3800,311.3800,311.3600,311.3600
1787328310,311.3600,311.3800,311.3600,311.3800
1787328312,311.3600,311.3600,311.3600,311.3600
1787328314,311.3600,311.3600,311.3600,311.3600
1787328315,311.3600,311.3600,311.3600,311.3600
1787328316,311.3600,311.3600,311.3600,311.3600
1787328320,311.3600,311.3800,311.3600,311.3800
1787328321,311.3900,311.3900,311.3900,311.3900
1787328322,311.3800,311.3800,311.3800,311.3800
1787328323,311.3900,311.3900,311.3900,311.3900
1787328325,311.3900,311.3900,311.3900,311.3900
1787328326,311.3950,311.4100,311.3950,311.4100
1787328327,311.4400,311.4500,311.4400,311.4500
1787328331,311.4100,311.4100,311.4100,311.4100
1787328332,311.4100,311.4100,311.4100,311.4100
1787328335,311.3900,311.3900,311.3700,311.3700
1787328336,311.3600,311.3600,311.3600,311.3600
1787328340,311.3400,311.3400,311.3400,311.3400
1787328343,311.3450,311.3900,311.3450,311.3800
1787328345,311.3700,311.3700,311.3500,311.3500
1787328346,311.3400,311.3400,311.3400,311.3400
1787328347,311.3500,311.3500,311.3500,311.3500
1787328349,311.3400,311.3400,311.3300,311.3300
1787328350,311.3300,311.3800,311.3300,311.3800
1787328351,311.3600,311.3600,311.3300,311.3300
1787328355,311.3700,311.3700,311.3700,311.3700
1787328356,311.3800,311.3800,311.3800,311.3800
1787328358,311.3800,311.4000,311.3800,311.4000
1787328359,311.3900,311.3900,311.3900,311.3900
1787328360,311.4100,311.4100,311.4100,311.4100
1787328363,311.4200,311.4300,311.4200,311.4300
1787328364,311.4300,311.4300,311.4200,311.4200
1787328368,311.4000,311.4000,311.3900,311.3900
1787328369,311.3800,311.3800,311.3500,311.3500
1787328370,311.3200,311.3200,311.3100,311.3100
1787328371,311.3000,311.3000,311.2900,311.2900
1787328372,311.3000,311.3000,311.3000,311.3000
1787328374,311.3100,311.3100,311.3100,311.3100
1787328375,311.3100,311.3100,311.3100,311.3100
1787328377,311.3000,311.3000,311.3000,311.3000
1787328378,311.3100,311.3100,311.2800,311.3000
1787328379,311.3000,311.3000,311.3000,311.3000
1787328380,311.3100,311.3300,311.3100,311.3300
1787328381,311.3400,311.3700,311.3400,311.3700
1787328382,311.3700,311.3700,311.3700,311.3700
1787328383,311.3700,311.3700,311.3700,311.3700
1787328387,311.3800,311.3800,311.3800,311.3800
1787328388,311.3900,311.4000,311.3900,311.4000
1787328391,311.4200,311.4300,311.4200,311.4300
1787328392,311.4250,311.4250,311.4200,311.4200
1787328395,311.4300,311.4300,311.4300,311.4300
1787328396,311.4300,311.4500,311.4300,311.4500
1787328397,311.4400,311.4400,311.4400,311.4400
1787328398,311.4400,311.4400,311.4400,311.4400
1787328399,311.4500,311.4500,311.4500,311.4500
1787328401,311.4500,311.4500,311.4500,311.4500
1787328402,311.4400,311.4400,311.4300,311.4300
1787328404,311.4200,311.4400,311.4200,311.4400
1787328405,311.4300,311.4300,311.4000,311.4000
1787328408,311.3800,311.3900,311.3800,311.3900
1787328413,311.3500,311.3500,311.3500,311.3500
1787328414,311.3500,311.3500,311.3500,311.3500
1787328415,311.3500,311.3500,311.3500,311.3500
1787328417,311.3300,311.3300,311.3300,311.3300
1787328418,311.3400,311.3500,311.3400,311.3500
1787328425,311.3500,311.3500,311.3300,311.3400
1787328426,311.3500,311.3500,311.3500,311.3500
1787328427,311.3600,311.3800,311.3600,311.3800
1787328428,311.3800,311.3800,311.3800,311.3800
1787328430,311.3500,311.3500,311.3500,311.3500
1787328433,311.3900,311.3900,311.3900,311.3900
1787328434,311.3900,311.3900,311.3900,311.3900
1787328435,311.3600,311.3600,311.3600,311.3600
1787328436,311.3900,311.3900,311.3900,311.3900
1787328437,311.3900,311.3900,311.3900,311.3900
1787328438,311.3900,311.3900,311.3900,311.3900
1787328439,311.3800,311.3800,311.3600,311.3600
1787328440,311.3600,311.3900,311.3600,311.3900
1787328441,311.3900,311.4000,311.3900,311.4000
1787328446,311.3900,311.3900,311.3900,311.3900
1787328447,311.3800,311.3800,311.3600,311.3600
1787328448,311.3500,311.3500,311.3500,311.3500
1787328450,311.3500,311.3500,311.3500,311.3500
1787328453,311.3500,311.3500,311.3500,311.3500
1787328454,311.3500,311.3900,311.3500,311.3600
1787328456,311.3700,311.3800,311.3700,311.3800
1787328457,311.3900,311.3900,311.3900,311.3900
1787328458,311.3900,311.4100,311.3900,311.4100
1787328459,311.4000,311.4000,311.4000,311.4000
1787328463,311.4000,311.4000,311.4000,311.4000
1787328464,311.3900,311.3900,311.3800,311.3900
1787328466,311.4100,311.4100,311.4100,311.4100
1787328468,311.4300,311.4300,311.4300,311.4300
1787328469,311.4300,311.4300,311.4300,311.4300
1787328471,311.4400,311.4400,311.4400,311.4400
1787328475,311.4300,311.4300,311.4200,311.4200
1787328479,311.4250,311.4250,311.4250,311.4250
1787328480,311.4300,311.4500,311.4300,311.4500
1787328481,311.4600,311.4700,311.4600,311.4700
1787328482,311.4750,311.4750,311.4650,311.4650
1787328487,311.4800,311.4800,311.4800,311.4800
1787328488,311.4900,311.5000,311.4900,311.5000
1787328492,311.4900,311.4900,311.4300,311.4300
1787328494,311.4400,311.4400,311.4400,311.4400
1787328495,311.4400,311.4400,311.4400,311.4400
1787328503,311.4300,311.4300,311.4300,311.4300
1787328505,311.4100,311.4100,311.4100,311.4100
1787328509,311.4100,311.4100,311.4100,311.4100
1787328512,311.4300,311.4400,311.4300,311.4400
1787328513,311.4450,311.4450,311.4450,311.4450
1787328514,311.4500,311.4600,311.4500,311.4600
1787328516,311.4600,311.4600,311.4500,311.4500
1787328519,311.4600,311.4600,311.4600,311.4600
1787328520,311.4600,311.4600,311.4600,311.4600
1787328521,311.4700,311.4700,311.4700,311.4700
1787328524,311.4700,311.4900,311.4600,311.4600
1787328526,311.4800,311.4800,311.4800,311.4800
1787328528,311.4900,311.4900,311.4900,311.4900
1787328529,311.4800,311.4800,311.4800,311.4800
1787328533,311.4800,311.4800,311.4800,311.4800
1787328535,311.4900,311.4900,311.4900,311.4900
1787328537,311.4900,311.4900,311.4900,311.4900
1787328539,311.4900,311.4900,311.4900,311.4900
1787328540,311.4950,311.4950,311.4900,311.4900
1787328541,311.5000,311.5300,311.5000,311.5300
1787328543,311.5200,311.5200,311.5000,311.5000
1787328545,311.5050,311.5050,311.5050,311.5050
1787328546,311.5000,311.5100,311.5000,311.5050
1787328548,311.5050,311.5050,311.5050,311.5050
1787328549,311.5000,311.5000,311.5000,311.5000
1787328550,311.5100,311.5100,311.5100,311.5100
1787328551,311.5200,311.5300,311.5200,311.5300
1787328557,311.5300,311.5300,311.5100,311.5100
1787328558,311.5000,311.5000,311.5000,311.5000
1787328559,311.5200,311.5300,311.5200,311.5300
1787328560,311.5300,311.5300,311.5300,311.5300
1787328561,311.5400,311.5400,311.5400,311.5400
1787328564,311.5500,311.5500,311.5300,311.5300
1787328565,311.5300,311.5300,311.5300,311.5300
1787328569,311.5300,311.5300,311.5300,311.5300
1787328571,311.5300,311.5300,311.5100,311.5100
1787328575,311.4500,311.4700,311.4500,311.4700
1787328578,311.4700,311.4700,311.4700,311.4700
1787328579,311.4800,311.4800,311.4700,311.4700
1787328582,311.4500,311.4500,311.4300,311.4300
1787328583,311.4300,311.4300,311.4300,311.4300
1787328584,311.4400,311.4400,311.4400,311.4400
1787328585,311.4500,311.4500,311.4500,311.4500
1787328586,311.4600,311.4700,311.4600,311.4700
1787328587,311.4700,311.4700,311.4700,311.4700
1787328588,311.4600,311.4600,311.4600,311.4600
1787328592,311.4800,311.4800,311.4800,311.4800
1787328593,311.5000,311.5100,311.5000,311.5100
1787328594,311.5100,311.5100,311.5100,311.5100
1787328597,311.5000,311.5000,311.5000,311.5000
1787328600,311.5100,311.5100,311.5100,311.5100
1787328603,311.5100,311.5100,311.5100,311.5100
1787328605,311.5100,311.5100,311.5100,311.5100
1787328606,311.5200,311.5400,311.5200,311.5400
1787328607,311.5400,311.5600,311.5400,311.5600
1787328608,311.5600,311.5600,311.5500,311.5500
1787328612,311.5600,311.5700,311.5600,311.5700
1787328613,311.5600,311.5600,311.5600,311.5600
1787328617,311.5800,311.5800,311.5800,311.5800
1787328619,311.5900,311.5900,311.5900,311.5900
1787328622,311.6000,311.6000,311.5800,311.5800
1787328623,311.5800,311.5800,311.5700,311.5700
1787328625,311.5600,311.5600,311.5600,311.5600
1787328626,311.5600,311.5600,311.5600,311.5600
1787328627,311.5500,311.5500,311.5500,311.5500
1787328628,311.5400,311.5400,311.5300,311.5300
1787328631,311.5200,311.5400,311.5000,311.5300
1787328633,311.5450,311.5450,311.5400,311.5400
1787328635,311.5400,311.5500,311.5400,311.5500
1787328636,311.5600,311.5600,311.5600,311.5600
1787328637,311.5450,311.5450,311.5450,311.5450
1787328640,311.5500,311.5500,311.5500,311.5500
1787328642,311.5600,311.5600,311.5600,311.5600
1787328643,311.5300,311.5300,311.5300,311.5300
1787328659,311.5100,311.5100,311.5000,311.5000
1787328662,311.5200,311.5200,311.5100,311.5200
1787328665,311.5200,311.5200,311.5050,311.5100
1787328669,311.4800,311.4800,311.4300,311.4300
1787328670,311.4300,311.4300,311.4300,311.4300
1787328671,311.4400,311.4400,311.4400,311.4400
1787328674,311.4400,311.4600,311.4400,311.4600
1787328677,311.4700,311.4700,311.4700,311.4700
1787328683,311.4900,311.5000,311.4900,311.5000
1787328689,311.5050,311.5050,311.5000,311.5000
1787328690,311.4700,311.4800,311.4700,311.4800
1787328692,311.4900,311.4900,311.4900,311.4900
1787328693,311.4900,311.4900,311.4900,311.4900
1787328694,311.4900,311.4900,311.4900,311.4900
1787328695,311.4800,311.4800,311.4800,311.4800
1787328696,311.4700,311.4700,311.4700,311.4700
1787328698,311.4600,311.4600,311.4600,311.4600
1787328700,311.4700,311.4700,311.4700,311.4700
1787328708,311.4700,311.4800,311.4700,311.4800
1787328709,311.4900,311.5300,311.4900,311.5300
1787328710,311.5400,311.5400,311.5400,311.5400
1787328712,311.5700,311.5700,311.5700,311.5700
1787328717,311.5600,311.5600,311.5400,311.5400
1787328721,311.5300,311.5300,311.5300,311.5300
1787328722,311.5300,311.5300,311.5300,311.5300
1787328723,311.5400,311.5500,311.5400,311.5500
1787328724,311.5450,311.5500,311.5450,311.5500
1787328725,311.5500,311.5500,311.5500,311.5500
1787328726,311.5400,311.5400,311.5400,311.5400
1787328728,311.5300,311.5300,311.5200,311.5200
1787328729,311.5100,311.5100,311.5100,311.5100
1787328730,311.5100,311.5100,311.5100,311.5100
1787328734,311.5100,311.5100,311.5100,311.5100
1787328735,311.5150,311.5200,311.5150,311.5200
1787328736,311.5300,311.5300,311.5300,311.5300
1787328738,311.5200,311.5200,311.5000,311.5100
1787328739,311.5100,311.5200,311.5100,311.5200
1787328740,311.5400,311.5400,311.5400,311.5400
1787328742,311.5400,311.5400,311.5400,311.5400
1787328745,311.5300,311.5300,311.5300,311.5300
1787328749,311.5000,311.5000,311.4800,311.4800
1787328751,311.4900,311.4900,311.4800,311.4800
1787328754,311.4850,311.4850,311.4850,311.4850
1787328756,311.4850,311.4850,311.4850,311.4850
1787328761,311.4800,311.4800,311.4700,311.4700
1787328766,311.4700,311.4700,311.4700,311.4700
1787328767,311.4700,311.4700,311.4700,311.4700
1787328769,311.4500,311.4500,311.4500,311.4500
1787328770,311.4500,311.4500,311.4500,311.4500
1787328775,311.4500,311.4600,311.4500,311.4600
1787328776,311.4600,311.4600,311.4600,311.4600
1787328778,311.4600,311.4600,311.4600,311.4600
1787328779,311.4500,311.4500,311.4300,311.4300
1787328780,311.4200,311.4200,311.4200,311.4200
1787328782,311.4250,311.4250,311.4250,311.4250
1787328786,311.4300,311.4300,311.4300,311.4300
1787328788,311.4300,311.4300,311.4300,311.4300
1787328791,311.4300,311.4300,311.4300,311.4300
1787328792,311.4250,311.4250,311.4250,311.4250
1787328794,311.4200,311.4200,311.3800,311.3800
1787328795,311.3900,311.4000,311.3900,311.4000
1787328796,311.3900,311.3900,311.3900,311.3900
1787328800,311.3800,311.3800,311.3800,311.3800
1787328801,311.3700,311.3700,311.3700,311.3700
1787328806,311.3700,311.3700,311.3600,311.3600
1787328808,311.3500,311.3500,311.3500,311.3500
1787328809,311.3500,311.3500,311.3500,311.3500
1787328811,311.3600,311.3600,311.3600,311.3600
1787328812,311.3500,311.3500,311.3500,311.3500
1787328813,311.3500,311.3600,311.3500,311.3600
1787328814,311.3600,311.3600,311.3600,311.3600
1787328815,311.3400,311.3600,311.3400,311.3600
1787328816,311.3600,311.3600,311.3600,311.3600
1787328817,311.3450,311.3450,311.3450,311.3450
1787328818,311.3500,311.3500,311.3450,311.3450
1787328822,311.3600,311.3600,311.3600,311.3600
1787328827,311.3700,311.3700,311.3600,311.3600
1787328828,311.3300,311.3300,311.3300,311.3300
1787328832,311.3200,311.3300,311.3200,311.3300
1787328834,311.3300,311.3300,311.3300,311.3300
1787328835,311.3300,311.3300,311.3300,311.3300
1787328837,311.3100,311.3100,311.3100,311.3100
1787328838,311.3000,311.3100,311.2800,311.3100
1787328839,311.3100,311.3100,311.3100,311.3100
1787328841,311.2800,311.2800,311.2800,311.2800
1787328843,311.2700,311.2700,311.2700,311.2700
1787328844,311.2800,311.2800,311.2800,311.2800
1787328845,311.2700,311.2700,311.2700,311.2700
1787328846,311.2750,311.2750,311.2750,311.2750
1787328847,311.2750,311.2750,311.2750,311.2750
1787328848,311.2700,311.2700,311.2700,311.2700
1787328850,311.2600,311.2600,311.2400,311.2400
1787328852,311.2500,311.2500,311.2500,311.2500
1787328853,311.2450,311.2450,311.2450,311.2450
1787328858,311.2550,311.2600,311.2550,311.2600
1787328859,311.2600,311.2600,311.2600,311.2600
1787328860,311.2600,311.2600,311.2600,311.2600
1787328862,311.2600,311.2700,311.2600,311.2700
1787328866,311.2600,311.2600,311.2500,311.2500
1787328868,311.2500,311.2500,311.2500,311.2500
1787328872,311.2600,311.2600,311.2400,311.2400
1787328877,311.2400,311.2400,311.2400,311.2400
1787328878,311.2300,311.2400,311.2300,311.2400
1787328879,311.2400,311.2400,311.2400,311.2400
1787328882,311.2300,311.2300,311.2300,311.2300
1787328884,311.2100,311.2100,311.2000,311.2000
1787328886,311.2000,311.2000,311.2000,311.2000
1787328887,311.2100,311.2100,311.2100,311.2100
1787328888,311.2200,311.2300,311.2200,311.2300
1787328890,311.2300,311.2300,311.2200,311.2200
1787328895,311.2000,311.2000,311.2000,311.2000
1787328898,311.1900,311.1900,311.1900,311.1900
1787328899,311.1900,311.1900,311.1900,311.1900
1787328900,311.1900,311.1900,311.1900,311.1900
1787328901,311.2000,311.2100,311.1900,311.1900
1787328903,311.1900,311.1900,311.1900,311.1900
1787328904,311.1700,311.1700,311.1600,311.1600
1787328906,311.1900,311.1900,311.1900,311.1900
1787328907,311.1900,311.1900,311.1900,311.1900
1787328908,311.1900,311.1900,311.1900,311.1900
1787328909,311.1900,311.1900,311.1900,311.1900
1787328910,311.1800,311.1800,311.1500,311.1700
1787328912,311.1700,311.1700,311.1700,311.1700
1787328913,311.1800,311.1900,311.1800,311.1900
1787328914,311.2000,311.2100,311.2000,311.2100
1787328916,311.2200,311.2200,311.2200,311.2200
1787328917,311.2200,311.2200,311.2200,311.2200
1787328923,311.2000,311.2000,311.2000,311.2000
1787328924,311.2000,311.2000,311.1900,311.1900
1787328925,311.1800,311.1800,311.1800,311.1800
1787328926,311.1900,311.1900,311.1900,311.1900
1787328930,311.1800,311.1800,311.1800,311.1800
1787328931,311.1800,311.1800,311.1800,311.1800
1787328935,311.1900,311.2100,311.1900,311.2100
1787328937,311.2300,311.2400,311.2300,311.2400
1787328940,311.2600,311.2600,311.2600,311.2600
1787328943,311.2700,311.2700,311.2700,311.2700
1787328944,311.2500,311.2500,311.2300,311.2300
1787328945,311.2400,311.2500,311.2400,311.2400
1787328946,311.2400,311.2400,311.2400,311.2400
1787328947,311.2300,311.2300,311.2300,311.2300
1787328949,311.2300,311.2300,311.2300,311.2300
1787328950,311.2400,311.2400,311.2350,311.2350
1787328954,311.2300,311.2300,311.2300,311.2300
1787328955,311.2300,311.2300,311.2100,311.2100
1787328957,311.2200,311.2200,311.2200,311.2200
1787328958,311.2200,311.2200,311.2200,311.2200
1787328961,311.2200,311.2200,311.2200,311.2200
1787328964,311.2300,311.2300,311.2300,311.2300
1787328965,311.2400,311.2400,311.2200,311.2200
1787328966,311.2200,311.2200,311.2100,311.2100
1787328967,311.2100,311.2300,311.2100,311.2300
1787328969,311.2400,311.2800,311.2400,311.2800
1787328970,311.2900,311.2900,311.2900,311.2900
1787328973,311.3000,311.3000,311.3000,311.3000
1787328978,311.3200,311.3400,311.3200,311.3400
1787328979,311.3600,311.3800,311.3600,311.3800
1787328982,311.3600,311.3600,311.3600,311.3600
1787328983,311.3500,311.3500,311.3500,311.3500
1787328985,311.3500,311.3500,311.3500,311.3500
1787328986,311.3500,311.3500,311.3500,311.3500
1787328987,311.3500,311.3500,311.3500,311.3500
1787328991,311.3600,311.3600,311.3600,311.3600
1787328994,311.3800,311.3800,311.3800,311.3800
1787328995,311.3750,311.3750,311.3750,311.3750
1787328996,311.3600,311.3600,311.3500,311.3500
1787328998,311.3600,311.3600,311.3600,311.3600
1787328999,311.3600,311.3600,311.3600,311.3600
1787329001,311.3400,311.3400,311.3300,311.3300
1787329002,311.3350,311.3350,311.3350,311.3350
1787329004,311.3500,311.3600,311.3500,311.3500
1787329008,311.3500,311.3500,311.3500,311.3500
1787329010,311.3700,311.3900,311.3700,311.3900
1787329012,311.4000,311.4000,311.4000,311.4000
1787329013,311.3900,311.3900,311.3800,311.3800
1787329015,311.3950,311.3950,311.3950,311.3950
1787329022,311.3650,311.3700,311.3650,311.3700
1787329030,311.3600,311.3800,311.3600,311.3800
1787329031,311.3900,311.3900,311.3900,311.3900
1787329032,311.4000,311.4000,311.3900,311.3900
1787329033,311.3900,311.3900,311.3800,311.3800
1787329034,311.3700,311.3700,311.3500,311.3500
1787329040,311.3500,311.3700,311.3400,311.3400
1787329041,311.3400,311.3400,311.3100,311.3350
1787329042,311.3500,311.3500,311.3300,311.3300
1787329044,311.3300,311.3300,311.3100,311.3100
1787329047,311.3000,311.3300,311.3000,311.3300
1787329049,311.3500,311.3500,311.3500,311.3500
1787329050,311.3100,311.3100,311.3100,311.3100
1787329051,311.2900,311.2900,311.2900,311.2900
1787329052,311.3100,311.3100,311.3100,311.3100
1787329054,311.3200,311.3200,311.3200,311.3200
1787329056,311.3000,311.3000,311.3000,311.3000
1787329061,311.2950,311.3100,311.2800,311.2800
1787329062,311.2700,311.2700,311.2700,311.2700
1787329067,311.2700,311.2700,311.2700,311.2700
1787329068,311.2700,311.2700,311.2700,311.2700
1787329071,311.2700,311.2700,311.2700,311.2700
1787329076,311.2700,311.2700,311.2700,311.2700
1787329077,311.2600,311.2600,311.2600,311.2600
1787329080,311.2500,311.2500,311.2200,311.2300
1787329083,311.2450,311.2450,311.2450,311.2450
1787329084,311.2400,311.2400,311.2400,311.2400
1787329087,311.2300,311.2300,311.2300,311.2300
1787329088,311.2300,311.2300,311.2300,311.2300
1787329090,311.2400,311.2500,311.2400,311.2500
1787329091,311.2600,311.2800,311.2600,311.2800
1787329092,311.2900,311.2900,311.2900,311.2900
1787329096,311.2600,311.2600,311.2400,311.2400
1787329097,311.2250,311.2250,311.1650,311.1650
1787329098,311.1700,311.1700,311.1700,311.1700
1787329099,311.1800,311.1800,311.1800,311.1800
1787329102,311.1600,311.1600,311.1600,311.1600
1787329103,311.1500,311.1500,311.1500,311.1500
1787329104,311.1500,311.1500,311.1500,311.1500
1787329105,311.1500,311.1500,311.1500,311.1500
1787329107,311.1500,311.1500,311.1500,311.1500
1787329108,311.1500,311.1500,311.1500,311.1500
1787329111,311.1600,311.1600,311.1600,311.1600
1787329112,311.1600,311.1600,311.1600,311.1600
1787329113,311.1400,311.1400,311.1200,311.1200
1787329114,311.1300,311.1300,311.1300,311.1300
1787329116,311.1400,311.1400,311.1400,311.1400
1787329119,311.1300,311.1300,311.1200,311.1200
1787329122,311.1100,311.1100,311.1000,311.1000
1787329123,311.1100,311.1300,311.1100,311.1300
1787329127,311.1300,311.1300,311.1300,311.1300
1787329129,311.1200,311.1200,311.1150,311.1150
1787329130,311.1200,311.1200,311.1200,311.1200
1787329132,311.1050,311.1100,311.1050,311.1100
1787329133,311.1200,311.1200,311.1200,311.1200
1787329134,311.1100,311.1100,311.1100,311.1100
1787329135,311.1200,311.1200,311.1200,311.1200
1787329136,311.1100,311.1100,311.0900,311.0900
1787329139,311.0800,311.0800,311.0800,311.0800
1787329140,311.0900,311.1000,311.0900,311.0950
1787329142,311.1050,311.1050,311.0900,311.0900
1787329146,311.0800,311.0800,311.0800,311.0800
1787329147,311.0700,311.0700,311.0700,311.0700
1787329148,311.0700,311.0900,311.0700,311.0700
1787329150,311.0600,311.0700,311.0600,311.0700
1787329151,311.0800,311.0800,311.0800,311.0800
1787329152,311.0800,311.0800,311.0800,311.0800
1787329153,311.0800,311.0800,311.0800,311.0800
1787329156,311.0800,311.0800,311.0800,311.0800
1787329158,311.0800,311.0800,311.0800,311.0800
1787329159,311.0700,311.0700,311.0400,311.0500
1787329160,311.0300,311.0500,311.0100,311.0500
1787329161,311.0600,311.0700,311.0600,311.0600
1787329164,311.0700,311.0900,311.0700,311.0800
1787329165,311.0700,311.0700,311.0400,311.0600
1787329167,311.0600,311.0600,311.0600,311.0600
1787329169,311.0650,311.0800,311.0650,311.0800
1787329170,311.0800,311.0800,311.0600,311.0600
1787329178,311.0600,311.0600,311.0600,311.0600
1787329179,311.0700,311.0700,311.0700,311.0700
1787329180,311.0700,311.1300,311.0700,311.1300
1787329182,311.1400,311.1400,311.1300,311.1300
1787329183,311.1200,311.1200,311.1000,311.1100
1787329186,311.1000,311.1000,311.1000,311.1000
1787329187,311.1200,311.1200,311.1200,311.1200
1787329188,311.1050,311.1050,311.1050,311.1050
1787329191,311.0800,311.0800,311.0800,311.0800
1787329194,311.0850,311.0850,311.0850,311.0850
1787329195,311.1000,311.1100,311.1000,311.1100
1787329199,311.1100,311.1100,311.1100,311.1100
1787329200,311.1000,311.1000,311.1000,311.1000
1787329201,311.1200,311.1200,311.1200,311.1200
1787329205,311.1200,311.1200,311.1200,311.1200
1787329206,311.1200,311.1200,311.1200,311.1200
1787329207,311.1200,311.1200,311.1200,311.1200
1787329208,311.1200,311.1200,311.1200,311.1200
1787329209,311.1300,311.1300,311.1300,311.1300
1787329210,311.1400,311.1600,311.1400,311.1600
1787329213,311.1700,311.1700,311.1700,311.1700
1787329214,311.1700,311.1700,311.1600,311.1600
1787329217,311.1550,311.1550,311.1550,311.1550
1787329219,311.1600,311.1600,311.1600,311.1600
1787329221,311.1600,311.1600,311.1500,311.1550
1787329224,311.1700,311.1700,311.1700,311.1700
1787329226,311.1700,311.1700,311.1700,311.1700
1787329228,311.1700,311.1700,311.1700,311.1700
1787329230,311.1800,311.1800,311.1650,311.1650
1787329232,311.1500,311.1500,311.1400,311.1400
1787329233,311.1200,311.1300,311.1200,311.1300
1787329234,311.1300,311.1300,311.1300,311.1300
1787329235,311.1300,311.1300,311.1300,311.1300
1787329238,311.1300,311.1300,311.1300,311.1300
1787329240,311.1500,311.1500,311.1500,311.1500
1787329241,311.1600,311.1600,311.1600,311.1600
1787329243,311.1600,311.1600,311.1600,311.1600
1787329246,311.1700,311.2000,311.1700,311.2000
1787329247,311.2000,311.2000,311.2000,311.2000
1787329249,311.1800,311.1800,311.1800,311.1800
1787329252,311.1800,311.1800,311.1700,311.1700
1787329258,311.1500,311.1600,311.1500,311.1600
1787329259,311.1700,311.1700,311.1700,311.1700
1787329262,311.1700,311.1700,311.1700,311.1700
1787329263,311.1600,311.1600,311.1600,311.1600
1787329264,311.1700,311.2700,311.1700,311.2700
1787329265,311.2500,311.3200,311.2500,311.2500
1787329266,311.2700,311.3500,311.2700,311.3300
1787329267,311.3500,311.3500,311.3500,311.3500
1787329268,311.3200,311.3600,311.3000,311.3600
1787329269,311.3800,311.4400,311.3400,311.3500
1787329270,311.3700,311.3700,311.3100,311.3150
1787329271,311.3600,311.3600,311.3600,311.3600
1787329272,311.3400,311.3400,311.3400,311.3400
1787329273,311.3350,311.3350,311.3000,311.3000
1787329274,311.2900,311.2900,311.2900,311.2900
1787329276,311.3100,311.3100,311.2900,311.2900
1787329277,311.2400,311.2400,311.2400,311.2400
1787329278,311.2300,311.2700,311.2300,311.2700
1787329280,311.2800,311.2900,311.2800,311.2900
1787329281,311.3100,311.3100,311.2300,311.2400
1787329282,311.2400,311.2500,311.2400,311.2500
1787329283,311.2650,311.2650,311.2650,311.2650
1787329286,311.2800,311.3000,311.2800,311.3000
1787329287,311.3000,311.3000,311.2700,311.2700
1787329289,311.2800,311.2800,311.2800,311.2800
1787329290,311.2950,311.2950,311.2950,311.2950
1787329291,311.3100,311.3100,311.2800,311.2800
1787329293,311.2900,311.2900,311.2900,311.2900
1787329294,311.2900,311.2900,311.2900,311.2900
1787329295,311.2900,311.2900,311.2900,311.2900
1787329296,311.3000,311.3000,311.3000,311.3000
1787329298,311.3100,311.3200,311.3100,311.3200
1787329303,311.3200,311.3300,311.3200,311.3300
1787329304,311.3400,311.3400,311.3400,311.3400
1787329306,311.3200,311.3200,311.3100,311.3100
1787329307,311.2900,311.2900,311.2900,311.2900
1787329310,311.2900,311.2900,311.2900,311.2900
1787329311,311.2800,311.2900,311.2800,311.2900
1787329312,311.3000,311.3000,311.3000,311.3000
1787329313,311.2850,311.2850,311.2850,311.2850
1787329315,311.2900,311.2900,311.2900,311.2900
1787329316,311.3000,311.3200,311.3000,311.3200
1787329317,311.3300,311.3300,311.3200,311.3200
1787329319,311.3100,311.3100,311.3100,311.3100
1787329320,311.3000,311.3000,311.3000,311.3000
1787329321,311.2900,311.2900,311.2800,311.2800
1787329322,311.2800,311.2800,311.2800,311.2800
1787329323,311.2700,311.2700,311.2700,311.2700
1787329324,311.2600,311.2600,311.2600,311.2600
1787329328,311.2700,311.2800,311.2700,311.2800
1787329329,311.2700,311.2750,311.2700,311.2750
1787329330,311.2700,311.2700,311.2700,311.2700
1787329331,311.2700,311.2700,311.2700,311.2700
1787329332,311.2600,311.2600,311.2600,311.2600
1787329334,311.2500,311.2500,311.2400,311.2400
1787329335,311.2700,311.2700,311.2700,311.2700
1787329336,311.2800,311.2800,311.2800,311.2800
1787329338,311.3000,311.3000,311.3000,311.3000
1787329339,311.3100,311.3200,311.3100,311.3200
1787329340,311.3100,311.3100,311.3100,311.3100
1787329341,311.3100,311.3100,311.3100,311.3100
1787329342,311.3200,311.3200,311.3200,311.3200
1787329343,311.3200,311.3200,311.3100,311.3100
1787329346,311.3100,311.3100,311.3000,311.3000
1787329347,311.2700,311.2700,311.2700,311.2700
1787329348,311.2800,311.2800,311.2700,311.2700
1787329350,311.2900,311.2900,311.2900,311.2900
1787329351,311.2900,311.2900,311.2900,311.2900
1787329354,311.2900,311.2900,311.2900,311.2900
1787329357,311.2600,311.2600,311.2600,311.2600
1787329359,311.2650,311.2650,311.2650,311.2650
1787329360,311.2600,311.2600,311.2100,311.2100
1787329361,311.2000,311.2200,311.2000,311.2200
1787329362,311.2150,311.2400,311.2150,311.2400
1787329363,311.2500,311.2500,311.2500,311.2500
1787329365,311.2600,311.2700,311.2500,311.2500
1787329371,311.2000,311.2000,311.1900,311.1900
1787329372,311.1900,311.1900,311.1900,311.1900
1787329375,311.2100,311.2100,311.2100,311.2100
1787329376,311.2300,311.2300,311.2300,311.2300
1787329381,311.2300,311.2300,311.2300,311.2300
1787329384,311.2300,311.2300,311.2300,311.2300
1787329385,311.2300,311.2300,311.2300,311.2300
1787329386,311.2300,311.2300,311.2200,311.2200
1787329389,311.2200,311.2200,311.2200,311.2200
1787329394,311.2100,311.2100,311.1900,311.1900
1787329396,311.1900,311.1900,311.1900,311.1900
1787329398,311.1900,311.1900,311.1900,311.1900
1787329402,311.1800,311.1800,311.1700,311.1700
1787329403,311.1800,311.1800,311.1800,311.1800
1787329406,311.1800,311.1800,311.1800,311.1800
1787329408,311.1700,311.1700,311.1700,311.1700
1787329412,311.1600,311.1600,311.1600,311.1600
1787329413,311.1600,311.1800,311.1600,311.1800
1787329414,311.2000,311.2000,311.2000,311.2000
1787329415,311.2100,311.2100,311.2100,311.2100
1787329416,311.2200,311.2200,311.2200,311.2200
1787329417,311.2300,311.2300,311.2300,311.2300
1787329418,311.2300,311.2300,311.2300,311.2300
1787329422,311.2300,311.2300,311.2300,311.2300
1787329423,311.2400,311.2500,311.2400,311.2500
1787329431,311.2200,311.2200,311.2200,311.2200
1787329434,311.2400,311.2400,311.2400,311.2400
1787329438,311.2500,311.2600,311.2500,311.2600
1787329440,311.2600,311.2600,311.2600,311.2600
1787329443,311.2700,311.2900,311.2700,311.2900
1787329445,311.2700,311.2700,311.2700,311.2700
1787329446,311.2300,311.2300,311.2300,311.2300
1787329452,311.2600,311.2600,311.2600,311.2600
1787329453,311.2500,311.2500,311.2500,311.2500
1787329454,311.2600,311.2600,311.2600,311.2600
1787329456,311.2650,311.2650,311.2650,311.2650
1787329459,311.2700,311.2800,311.2700,311.2700
1787329460,311.2700,311.2700,311.2600,311.2600
1787329461,311.2400,311.2500,311.2400,311.2500
1787329462,311.2500,311.2500,311.2500,311.2500
1787329464,311.2600,311.2600,311.2600,311.2600
1787329468,311.2700,311.2700,311.2700,311.2700
1787329472,311.2700,311.2900,311.2700,311.2900
1787329474,311.3000,311.3000,311.3000,311.3000
1787329475,311.2900,311.2900,311.2900,311.2900
1787329476,311.2800,311.2800,311.2800,311.2800
1787329478,311.2600,311.2600,311.2600,311.2600
1787329482,311.2600,311.2800,311.2600,311.2800
1787329483,311.2800,311.2800,311.2800,311.2800
1787329484,311.2800,311.2800,311.2800,311.2800
1787329485,311.2900,311.3100,311.2900,311.3100
1787329486,311.3150,311.3700,311.3150,311.3700
1787329487,311.3800,311.3800,311.3800,311.3800
1787329488,311.3700,311.3700,311.3700,311.3700
1787329489,311.3600,311.3600,311.3500,311.3500
1787329491,311.3400,311.3400,311.3400,311.3400
1787329493,311.3300,311.3500,311.3300,311.3500
1787329495,311.3400,311.3500,311.3400,311.3500
1787329498,311.3600,311.3600,311.3600,311.3600
1787329500,311.3700,311.3700,311.3700,311.3700
1787329501,311.3750,311.3750,311.3750,311.3750
1787329504,311.3800,311.4000,311.3800,311.3900
1787329509,311.3900,311.3900,311.3600,311.3600
1787329511,311.3600,311.3700,311.3600,311.3700
1787329516,311.4200,311.4200,311.4200,311.4200
1787329518,311.4300,311.4300,311.4300,311.4300
1787329520,311.4300,311.4300,311.4300,311.4300
1787329522,311.4000,311.4000,311.3900,311.3900
1787329531,311.3600,311.3600,311.3600,311.3600
1787329532,311.3500,311.3500,311.3300,311.3300
1787329535,311.3400,311.3500,311.3400,311.3500
1787329536,311.3400,311.3400,311.3400,311.3400
1787329540,311.3300,311.3300,311.3300,311.3300
1787329542,311.3400,311.3400,311.3400,311.3400
1787329545,311.3400,311.3400,311.3400,311.3400
1787329547,311.3400,311.3400,311.3400,311.3400
1787329548,311.3000,311.3000,311.2600,311.2600
1787329550,311.2700,311.2700,311.2700,311.2700
1787329551,311.2900,311.2900,311.2900,311.2900
1787329555,311.3000,311.3200,311.3000,311.3200
1787329556,311.3200,311.3400,311.3200,311.3400
1787329559,311.3200,311.3200,311.3200,311.3200
1787329560,311.3100,311.3100,311.3100,311.3100
1787329562,311.3000,311.3000,311.3000,311.3000
1787329566,311.3200,311.3200,311.3200,311.3200
1787329567,311.3100,311.3100,311.3100,311.3100
1787329570,311.3000,311.3000,311.2900,311.2900
1787329574,311.2800,311.2800,311.2100,311.2100
1787329575,311.2400,311.2400,311.2400,311.2400
1787329579,311.2400,311.2400,311.2400,311.2400
1787329580,311.2300,311.2300,311.2300,311.2300
1787329581,311.2100,311.2100,311.2100,311.2100
1787329583,311.1500,311.1500,311.1300,311.1300
1787329584,311.1400,311.1500,311.1400,311.1500
1787329586,311.1700,311.1700,311.1700,311.1700
1787329587,311.1600,311.1600,311.1500,311.1500
1787329589,311.1300,311.1300,311.1100,311.1100
1787329590,311.1300,311.1400,311.1300,311.1400
1787329591,311.1300,311.1300,311.1100,311.1100
1787329593,311.1200,311.1200,311.1200,311.1200
1787329594,311.1250,311.1300,311.1200,311.1300
1787329595,311.1200,311.1400,311.1200,311.1400
1787329597,311.1400,311.1400,311.1400,311.1400
1787329603,311.1400,311.1400,311.1400,311.1400
1787329605,311.1300,311.1300,311.1300,311.1300
1787329608,311.1200,311.1200,311.1200,311.1200
1787329609,311.1000,311.1100,311.1000,311.1100
1787329611,311.1000,311.1000,311.1000,311.1000
1787329613,311.1100,311.1100,311.1100,311.1100
1787329614,311.1100,311.1100,311.1100,311.1100
1787329615,311.1100,311.1100,311.1100,311.1100
1787329616,311.1200,311.1400,311.1200,311.1400
1787329617,311.1400,311.1400,311.1400,311.1400
1787329620,311.1400,311.1400,311.1400,311.1400
1787329627,311.1200,311.1200,311.1100,311.1100
1787329629,311.1100,311.1100,311.1100,311.1100
1787329631,311.1050,311.1100,311.0900,311.0900
1787329633,311.1000,311.1000,311.1000,311.1000
1787329634,311.1100,311.1100,311.1100,311.1100
1787329635,311.1100,311.1100,311.1100,311.1100
1787329636,311.1200,311.1200,311.1200,311.1200
1787329640,311.1300,311.1300,311.1300,311.1300
1787329643,311.1400,311.1400,311.1400,311.1400
1787329644,311.1250,311.1300,311.1250,311.1300
1787329645,311.1200,311.1200,311.1000,311.1000
1787329647,311.1300,311.1300,311.1300,311.1300
1787329648,311.1400,311.1400,311.1400,311.1400
1787329649,311.1300,311.1300,311.1300,311.1300
1787329651,311.1450,311.1700,311.1450,311.1700
1787329657,311.2000,311.2100,311.2000,311.2100
1787329658,311.2200,311.2400,311.2150,311.2200
1787329660,311.2500,311.2500,311.2500,311.2500
1787329663,311.2500,311.2500,311.2500,311.2500
1787329665,311.2500,311.2500,311.2500,311.2500
1787329667,311.2600,311.2600,311.2600,311.2600
1787329668,311.2550,311.2550,311.2550,311.2550
1787329670,311.2550,311.2550,311.2400,311.2400
1787329671,311.2400,311.2400,311.2400,311.2400
1787329674,311.2500,311.2700,311.2500,311.2700
1787329676,311.2700,311.2700,311.2700,311.2700
1787329678,311.2600,311.2600,311.2600,311.2600
1787329680,311.2400,311.2400,311.2400,311.2400
1787329681,311.2400,311.2400,311.2300,311.2300
1787329684,311.2500,311.2500,311.2500,311.2500
1787329685,311.2600,311.2600,311.2600,311.2600
1787329686,311.2600,311.2600,311.2600,311.2600
1787329687,311.2600,311.2600,311.2600,311.2600
1787329689,311.2650,311.2650,311.2600,311.2600
1787329691,311.2700,311.2900,311.2700,311.2900
1787329692,311.2900,311.2900,311.2900,311.2900
1787329693,311.2950,311.2950,311.2900,311.2900
1787329694,311.2900,311.3000,311.2900,311.3000
1787329695,311.3000,311.3000,311.3000,311.3000
1787329696,311.2900,311.2900,311.2700,311.2700
1787329697,311.2700,311.2700,311.2700,311.2700
1787329698,311.2800,311.2800,311.2800,311.2800
1787329699,311.2900,311.2900,311.2900,311.2900
1787329701,311.2700,311.2700,311.2700,311.2700
1787329702,311.2800,311.2800,311.2800,311.2800
1787329706,311.2700,311.2700,311.2700,311.2700
1787329707,311.2800,311.2800,311.2800,311.2800
1787329708,311.2700,311.2700,311.2700,311.2700
1787329711,311.2600,311.2600,311.2500,311.2500
1787329714,311.2600,311.2600,311.2600,311.2600
1787329718,311.2700,311.2800,311.2700,311.2800
1787329720,311.2800,311.2800,311.2800,311.2800
1787329722,311.2500,311.2500,311.2400,311.2400
1787329724,311.2500,311.2600,311.2500,311.2600
1787329727,311.2600,311.2600,311.2600,311.2600
1787329729,311.2600,311.2600,311.2600,311.2600
1787329733,311.2600,311.2600,311.2600,311.2600
1787329734,311.2400,311.2400,311.2400,311.2400
1787329735,311.2200,311.2200,311.2200,311.2200
1787329737,311.2250,311.2250,311.2250,311.2250
1787329740,311.2200,311.2200,311.2200,311.2200
1787329743,311.2400,311.2400,311.2300,311.2400
1787329745,311.2350,311.2350,311.2350,311.2350
1787329748,311.2350,311.2350,311.2300,311.2300
1787329751,311.2200,311.2200,311.2200,311.2200
1787329753,311.2300,311.2300,311.2300,311.2300
1787329754,311.2300,311.2300,311.2300,311.2300
1787329756,311.2100,311.2200,311.2100,311.2200
1787329757,311.2200,311.2200,311.2200,311.2200
1787329758,311.2100,311.2100,311.2100,311.2100
1787329759,311.2100,311.2100,311.2100,311.2100
1787329760,311.2000,311.2000,311.2000,311.2000
1787329761,311.2100,311.2100,311.2100,311.2100
1787329763,311.2100,311.2100,311.2100,311.2100
1787329767,311.2100,311.2100,311.2100,311.2100
1787329769,311.2100,311.2100,311.2100,311.2100
1787329771,311.2100,311.2100,311.2100,311.2100
1787329772,311.2200,311.2200,311.2200,311.2200
1787329773,311.2100,311.2100,311.2100,311.2100
1787329776,311.2050,311.2050,311.2050,311.2050
1787329784,311.2200,311.2200,311.2200,311.2200
1787329785,311.2200,311.2200,311.2200,311.2200
1787329787,311.2100,311.2100,311.2100,311.2100
1787329789,311.2100,311.2100,311.2100,311.2100
1787329790,311.2200,311.2200,311.2200,311.2200
1787329791,311.2300,311.2400,311.2300,311.2400
1787329793,311.2400,311.2400,311.2400,311.2400
1787329794,311.2300,311.2300,311.1900,311.2000
1787329795,311.2000,311.2000,311.2000,311.2000
1787329797,311.1900,311.1900,311.1900,311.1900
1787329799,311.2000,311.2000,311.2000,311.2000
1787329800,311.2000,311.2000,311.1800,311.1800
1787329801,311.1700,311.1700,311.1700,311.1700
1787329803,311.1950,311.1950,311.1950,311.1950
1787329804,311.1950,311.1950,311.1950,311.1950
1787329810,311.1900,311.1900,311.1900,311.1900
1787329812,311.1900,311.1900,311.1900,311.1900
1787329815,311.1800,311.1800,311.1700,311.1700
1787329820,311.1600,311.1600,311.1600,311.1600
1787329821,311.1400,311.1400,311.1400,311.1400
1787329823,311.1500,311.1600,311.1500,311.1600
1787329827,311.1200,311.1200,311.1200,311.1200
1787329830,311.1400,311.1500,311.1400,311.1500
1787329831,311.1600,311.1800,311.1600,311.1800
1787329832,311.1950,311.1950,311.1950,311.1950
1787329833,311.2000,311.2000,311.2000,311.2000
1787329835,311.2100,311.2100,311.2100,311.2100
1787329836,311.2300,311.2300,311.2300,311.2300
1787329838,311.2400,311.2400,311.2400,311.2400
1787329839,311.2300,311.2300,311.2300,311.2300
1787329840,311.2300,311.2300,311.2200,311.2200
1787329841,311.1900,311.1900,311.1800,311.1800
1787329842,311.1800,311.1800,311.1800,311.1800
1787329843,311.1800,311.1800,311.1800,311.1800
1787329844,311.1800,311.1800,311.1800,311.1800
1787329845,311.1800,311.1800,311.1800,311.1800
1787329847,311.1700,311.1700,311.1700,311.1700
1787329849,311.1700,311.1700,311.1600,311.1600
1787329853,311.1800,311.1800,311.1800,311.1800
1787329855,311.1900,311.1900,311.1900,311.1900
1787329856,311.2000,311.2200,311.2000,311.2100
1787329860,311.2000,311.2000,311.1900,311.1900
1787329867,311.1950,311.1950,311.1700,311.1700
1787329868,311.1800,311.1800,311.1800,311.1800
1787329869,311.1800,311.1800,311.1800,311.1800
1787329870,311.1800,311.1800,311.1500,311.1500
1787329873,311.1500,311.1500,311.1500,311.1500
1787329874,311.1600,311.1600,311.1600,311.1600
1787329878,311.1400,311.1400,311.1400,311.1400
1787329879,311.1500,311.1500,311.1500,311.1500
1787329883,311.1500,311.1500,311.1400,311.1400
1787329885,311.1200,311.1200,311.1200,311.1200
1787329887,311.1300,311.1300,311.1300,311.1300
1787329888,311.1350,311.1350,311.1350,311.1350
1787329892,311.1400,311.1400,311.1400,311.1400
1787329893,311.1500,311.1500,311.1500,311.1500
1787329896,311.1400,311.1400,311.1400,311.1400
1787329897,311.1300,311.1300,311.0900,311.1200
1787329898,311.1300,311.1300,311.1300,311.1300
1787329899,311.1400,311.1400,311.1400,311.1400
1787329900,311.1500,311.1700,311.1500,311.1700
1787329905,311.1200,311.1200,311.0800,311.0800
1787329906,311.0700,311.0800,311.0700,311.0800
1787329912,311.0900,311.0900,310.8900,310.9300
1787329913,310.9500,310.9500,310.8600,310.8700
1787329918,310.8600,310.8600,310.8100,310.8300
1787329919,310.8500,310.8500,310.8500,310.8500
1787329920,310.8600,310.8600,310.8600,310.8600
1787329921,310.8400,310.8400,310.8400,310.8400
1787329922,310.8600,310.8600,310.8600,310.8600
1787329923,310.8400,310.8400,310.8400,310.8400
1787329924,310.8400,310.8400,310.8400,310.8400
1787329925,310.8500,310.8500,310.8500,310.8500
1787329926,310.8600,310.8600,310.8400,310.8400
1787329929,310.8500,310.8500,310.8500,310.8500
1787329932,310.8550,310.9100,310.8550,310.8650
1787329933,310.8800,310.8800,310.8800,310.8800
1787329936,310.8900,310.8900,310.8900,310.8900
1787329937,310.8800,310.8800,310.8700,310.8700
1787329939,310.8700,310.8700,310.8700,310.8700
1787329941,310.8700,310.8800,310.8700,310.8800
1787329942,310.8800,310.8800,310.8800,310.8800
1787329943,310.8700,310.8700,310.8700,310.8700
1787329944,310.8600,310.8600,310.8500,310.8600
1787329946,310.8900,310.8900,310.8900,310.8900
1787329947,310.8900,310.8900,310.8900,310.8900
1787329949,310.8800,310.8800,310.8700,310.8700
1787329950,310.8500,310.8500,310.7650,310.7650
1787329952,310.7650,310.7650,310.7400,310.7400
1787329953,310.7400,310.7400,310.7400,310.7400
1787329955,310.7300,310.7300,310.7300,310.7300
1787329956,310.7100,310.7200,310.7100,310.7200
1787329957,310.7000,310.7300,310.6900,310.7300
1787329958,310.7100,310.7100,310.6950,310.6950
1787329959,310.7150,310.7150,310.7150,310.7150
1787329960,310.6800,310.6800,310.6800,310.6800
1787329962,310.7000,310.7000,310.7000,310.7000
1787329964,310.6900,310.6900,310.6800,310.6900
1787329967,310.7000,310.7000,310.6900,310.7000
1787329968,310.7000,310.7000,310.7000,310.7000
1787329970,310.7000,310.7400,310.7000,310.7300
1787329971,310.7250,310.7600,310.7200,310.7600
1787329973,310.7700,310.7700,310.7600,310.7600
1787329974,310.7400,310.7400,310.7300,310.7300
1787329976,310.7200,310.7200,310.7200,310.7200
1787329977,310.7000,310.7000,310.6900,310.6900
1787329979,310.7100,310.7200,310.7100,310.7150
1787329980,310.7200,310.7300,310.7000,310.7200
1787329981,310.6800,310.6800,310.6000,310.6000
1787329982,310.6000,310.6600,310.6000,310.6600
1787329986,310.6500,310.6500,310.6500,310.6500
1787329988,310.6300,310.6300,310.6300,310.6300
1787329989,310.6300,310.6300,310.6300,310.6300
1787329990,310.6400,310.6600,310.6400,310.6600
1787329991,310.6700,310.6900,310.6700,310.6900
1787329993,310.6700,310.6700,310.6700,310.6700
1787329994,310.6600,310.6600,310.6600,310.6600
1787329995,310.6500,310.6700,310.6500,310.6700
1787329996,310.6800,310.6800,310.6800,310.6800
1787329997,310.6600,310.6600,310.6600,310.6600
1787329998,310.6600,310.6600,310.6500,310.6500
1787329999,310.6600,310.6600,310.6500,310.6500
1787330000,310.6400,310.6500,310.6400,310.6500
1787330003,310.6700,310.6700,310.6700,310.6700
1787330004,310.6600,310.6600,310.6600,310.6600
1787330006,310.6500,310.6500,310.6500,310.6500
1787330007,310.6600,310.6600,310.6600,310.6600
1787330008,310.6700,310.6700,310.6700,310.6700
1787330011,310.6650,310.6650,310.6500,310.6500
1787330012,310.6600,310.6600,310.6600,310.6600
1787330013,310.6500,310.6500,310.6100,310.6100
1787330014,310.6100,310.6200,310.5950,310.6200
1787330016,310.6300,310.6400,310.6300,310.6400
1787330017,310.6300,310.6300,310.6200,310.6200
1787330018,310.6100,310.6100,310.6100,310.6100
1787330021,310.6200,310.6300,310.6200,310.6300
1787330022,310.6200,310.6200,310.6200,310.6200
1787330025,310.6100,310.6100,310.6100,310.6100
1787330028,310.6050,310.6050,310.6050,310.6050
1787330029,310.6100,310.6100,310.5500,310.5600
1787330030,310.5900,310.5900,310.5900,310.5900
1787330031,310.5800,310.5800,310.5800,310.5800
1787330032,310.5800,310.5800,310.5800,310.5800
1787330034,310.5800,310.5800,310.5800,310.5800
1787330039,310.5700,310.5750,310.5700,310.5750
1787330040,310.5800,310.5800,310.5600,310.5600
1787330042,310.5700,310.5700,310.5700,310.5700
1787330044,310.5700,310.5700,310.5700,310.5700
1787330045,310.5600,310.5600,310.5400,310.5400
1787330046,310.5300,310.5300,310.5300,310.5300
1787330047,310.5400,310.5400,310.5400,310.5400
1787330048,310.5300,310.5300,310.5300,310.5300
1787330049,310.5400,310.5400,310.5400,310.5400
1787330050,310.5300,310.5300,310.5300,310.5300
1787330051,310.5400,310.5400,310.5400,310.5400
1787330053,310.5500,310.5500,310.5500,310.5500
1787330056,310.5500,310.5500,310.5400,310.5500
1787330058,310.5400,310.5400,310.5000,310.5100
1787330060,310.5000,310.5000,310.5000,310.5000
1787330063,310.5100,310.5100,310.5100,310.5100
1787330064,310.5200,310.5200,310.5200,310.5200
1787330066,310.5300,310.5300,310.5300,310.5300
1787330067,310.5400,310.5500,310.5400,310.5500
1787330068,310.5300,310.5300,310.5200,310.5200
1787330071,310.5400,310.5400,310.5400,310.5400
1787330072,310.5500,310.5500,310.5500,310.5500
1787330074,310.5450,310.5450,310.5450,310.5450
1787330075,310.5300,310.5300,310.5200,310.5200
1787330077,310.5100,310.5100,310.5000,310.5000
1787330079,310.4900,310.4900,310.4900,310.4900
1787330080,310.4800,310.4800,310.4800,310.4800
1787330081,310.4700,310.4700,310.4600,310.4700
1787330082,310.4700,310.4700,310.4700,310.4700
1787330084,310.4500,310.4500,310.4400,310.4400
1787330085,310.4350,310.4350,310.4350,310.4350
1787330088,310.4500,310.4500,310.4500,310.4500
1787330089,310.4550,310.4550,310.4550,310.4550
1787330090,310.4600,310.4700,310.4600,310.4700
1787330091,310.4700,310.4800,310.4700,310.4800
1787330092,310.4800,310.4800,310.4800,310.4800
1787330093,310.4700,310.4700,310.4700,310.4700
1787330095,310.4700,310.4700,310.4500,310.4500
1787330096,310.4600,310.4600,310.4600,310.4600
1787330097,310.4500,310.4500,310.4500,310.4500
1787330098,310.4500,310.4500,310.4300,310.4300
1787330102,310.4200,310.4400,310.4200,310.4400
1787330103,310.4400,310.4600,310.4400,310.4600
1787330104,310.4600,310.4700,310.4600,310.4700
1787330107,310.4600,310.4600,310.4400,310.4400
1787330108,310.4400,310.4400,310.4400,310.4400
1787330109,310.4200,310.4200,310.4200,310.4200
1787330112,310.4300,310.4300,310.4300,310.4300
1787330115,310.4400,310.4500,310.4400,310.4500
1787330116,310.4600,310.5700,310.4600,310.5700
1787330117,310.5900,310.6000,310.5900,310.5900
1787330118,310.5900,310.5900,310.5900,310.5900
1787330123,310.5900,310.6000,310.5900,310.6000
1787330124,310.6000,310.6000,310.6000,310.6000
1787330127,310.5800,310.5800,310.5750,310.5750
1787330130,310.5900,310.5900,310.5900,310.5900
1787330132,310.5800,310.5800,310.5450,310.5450
1787330133,310.5500,310.5500,310.5500,310.5500
1787330136,310.5600,310.5600,310.5600,310.5600
1787330137,310.5400,310.5600,310.5400,310.5600
1787330139,310.5700,310.5700,310.5700,310.5700
1787330141,310.5700,310.5700,310.5700,310.5700
1787330146,310.5800,310.5800,310.5600,310.5600
1787330148,310.5500,310.5500,310.5500,310.5500
1787330151,310.5400,310.5400,310.5400,310.5400
1787330153,310.5300,310.5300,310.5000,310.5000
1787330157,310.4600,310.4600,310.4600,310.4600
1787330158,310.4400,310.4500,310.4400,310.4500
1787330159,310.4400,310.4400,310.4200,310.4200
1787330163,310.4300,310.4300,310.4200,310.4200
1787330165,310.4300,310.4300,310.4200,310.4200
1787330166,310.4200,310.4200,310.4200,310.4200
1787330167,310.4200,310.4200,310.4000,310.4000
1787330168,310.3900,310.4300,310.3900,310.4200
1787330171,310.4000,310.4000,310.3900,310.3900
1787330172,310.3900,310.3900,310.3900,310.3900
1787330173,310.4000,310.4000,310.4000,310.4000
1787330175,310.4000,310.4000,310.4000,310.4000
1787330176,310.3900,310.3900,310.3900,310.3900
1787330177,310.3800,310.3800,310.3800,310.3800
1787330178,310.3700,310.3800,310.3700,310.3800
1787330180,310.3700,310.3700,310.3700,310.3700
1787330181,310.3750,310.3750,310.3750,310.3750
1787330183,310.3700,310.3700,310.3700,310.3700
1787330184,310.3600,310.3600,310.3500,310.3500
1787330185,310.3500,310.3500,310.3400,310.3400
1787330186,310.3350,310.3350,310.3300,310.3300
1787330187,310.3300,310.3300,310.3300,310.3300
1787330188,310.3200,310.3500,310.3000,310.3500
1787330189,310.3350,310.3500,310.3350,310.3500
1787330190,310.3400,310.3500,310.3400,310.3400
1787330193,310.3500,310.3600,310.2600,310.2850
1787330194,310.3000,310.3000,310.3000,310.3000
1787330195,310.2800,310.2800,310.2700,310.2800
1787330196,310.2900,310.3100,310.2900,310.3100
1787330198,310.3100,310.3100,310.3000,310.3000
1787330199,310.3000,310.3000,310.3000,310.3000
1787330200,310.3200,310.3400,310.3200,310.3400
1787330201,310.3500,310.3600,310.3500,310.3600
1787330204,310.3900,310.3900,310.3900,310.3900
1787330207,310.4000,310.4000,310.4000,310.4000
1787330208,310.4100,310.4400,310.4100,310.4300
1787330209,310.4300,310.4300,310.4300,310.4300
1787330210,310.4300,310.4300,310.4000,310.4000
1787330211,310.4100,310.4200,310.4100,310.4200
1787330212,310.4250,310.4250,310.4250,310.4250
1787330213,310.4300,310.4300,310.4300,310.4300
1787330217,310.4300,310.4300,310.4300,310.4300
1787330220,310.4200,310.4200,310.4000,310.4000
1787330222,310.4150,310.4150,310.4150,310.4150
1787330223,310.4250,310.4300,310.4250,310.4250
1787330225,310.4250,310.4250,310.4250,310.4250
1787330229,310.4250,310.4400,310.4250,310.4300
1787330230,310.4400,310.4500,310.4400,310.4500
1787330232,310.4300,310.4300,310.4300,310.4300
1787330234,310.4400,310.4400,310.4400,310.4400
1787330236,310.4300,310.4300,310.4200,310.4250
1787330238,310.4300,310.4300,310.4300,310.4300
1787330242,310.4300,310.4300,310.4300,310.4300
1787330243,310.4350,310.4400,310.4350,310.4400
1787330244,310.4400,310.4600,310.4400,310.4400
1787330245,310.4300,310.4300,310.4300,310.4300
1787330246,310.4300,310.4300,310.4200,310.4200
1787330247,310.4400,310.4400,310.4300,310.4400
1787330248,310.4400,310.4400,310.4400,310.4400
1787330250,310.4500,310.5200,310.4500,310.5200
1787330251,310.5100,310.5100,310.5000,310.5000
1787330252,310.4900,310.5000,310.4900,310.5000
1787330254,310.4900,310.4900,310.4900,310.4900
1787330255,310.4800,310.4800,310.4750,310.4750
1787330257,310.4600,310.4700,310.4600,310.4700
1787330259,310.4800,310.4800,310.4800,310.4800
1787330262,310.4900,310.5000,310.4900,310.5000
1787330265,310.5000,310.5000,310.5000,310.5000
1787330267,310.5050,310.5050,310.5050,310.5050
1787330268,310.5050,310.5050,310.4900,310.4900
1787330269,310.5000,310.5000,310.4900,310.4900
1787330270,310.5000,310.5100,310.5000,310.5100
1787330275,310.4900,310.4900,310.4800,310.4800
1787330280,310.4500,310.4600,310.4500,310.4600
1787330281,310.4500,310.4500,310.4400,310.4400
1787330285,310.4500,310.4500,310.4500,310.4500
1787330288,310.4500,310.4500,310.4400,310.4400
1787330290,310.4650,310.4650,310.4600,310.4600
1787330291,310.4650,310.4700,310.4650,310.4700
1787330292,310.4800,310.4800,310.4800,310.4800
1787330294,310.4900,310.4900,310.4900,310.4900
1787330296,310.5000,310.5100,310.5000,310.5100
1787330297,310.5250,310.5250,310.5100,310.5100
1787330299,310.5000,310.5300,310.4850,310.5300
1787330300,310.5500,310.5700,310.5500,310.5700
1787330301,310.5700,310.5800,310.5700,310.5800
1787330302,310.5900,310.5900,310.5900,310.5900
1787330303,310.6000,310.6000,310.6000,310.6000
1787330304,310.6100,310.6100,310.5900,310.6000
1787330307,310.6100,310.6100,310.6100,310.6100
1787330308,310.6200,310.6200,310.6100,310.6100
1787330314,310.6300,310.6600,310.6300,310.6600
1787330320,310.6600,310.6600,310.6600,310.6600
1787330321,310.6600,310.6600,310.6600,310.6600
1787330325,310.6600,310.6700,310.6600,310.6700
1787330326,310.6800,310.6800,310.6600,310.6700
1787330328,310.6700,310.6700,310.6700,310.6700
1787330330,310.6800,310.6800,310.6800,310.6800
1787330331,310.6800,310.6900,310.6750,310.6900
1787330332,310.7000,310.7000,310.7000,310.7000
1787330334,310.7100,310.7100,310.7100,310.7100
1787330335,310.7200,310.7200,310.7200,310.7200
1787330336,310.7100,310.7100,310.7100,310.7100
1787330344,310.7100,310.7100,310.6950,310.7000
1787330345,310.7100,310.7100,310.7100,310.7100
1787330348,310.7050,310.7050,310.7000,310.7000
1787330350,310.7000,310.7050,310.7000,310.7050
1787330352,310.7100,310.7200,310.7100,310.7150
1787330355,310.7200,310.7200,310.7200,310.7200
1787330362,310.7200,310.7300,310.7200,310.7200
1787330364,310.7100,310.7100,310.7100,310.7100
1787330366,310.7000,310.7000,310.6700,310.6700
1787330371,310.6800,310.6800,310.6800,310.6800
1787330372,310.6900,310.6900,310.6900,310.6900
1787330373,310.6900,310.6900,310.6900,310.6900
1787330374,310.6950,310.6950,310.6950,310.6950
1787330375,310.7000,310.7000,310.7000,310.7000
1787330377,310.7000,310.7000,310.6950,310.6950
1787330382,310.7000,310.7000,310.7000,310.7000
1787330384,310.7100,310.7300,310.7100,310.7300
1787330385,310.7300,310.7300,310.7300,310.7300
1787330393,310.7250,310.7400,310.7250,310.7400
1787330394,310.7400,310.7400,310.7350,310.7350
1787330397,310.7300,310.7300,310.7100,310.7100
1787330401,310.7000,310.7000,310.6900,310.6900
1787330404,310.6700,310.6700,310.6700,310.6700
1787330405,310.6600,310.6600,310.6300,310.6300
1787330406,310.6400,310.6400,310.6400,310.6400
1787330410,310.6400,310.6400,310.6400,310.6400
1787330411,310.6400,310.6500,310.6400,310.6500
1787330412,310.6500,310.6500,310.6500,310.6500
1787330413,310.6200,310.6200,310.6200,310.6200
1787330414,310.6200,310.6200,310.6100,310.6100
1787330415,310.6200,310.6200,310.6200,310.6200
1787330417,310.6200,310.6200,310.6200,310.6200
1787330418,310.6000,310.6000,310.5900,310.5900
1787330420,310.6000,310.6000,310.6000,310.6000
1787330421,310.6000,310.6100,310.6000,310.6100
1787330422,310.6000,310.6200,310.6000,310.6200
1787330424,310.6400,310.6400,310.6400,310.6400
1787330425,310.6300,310.6300,310.6200,310.6200
1787330428,310.6200,310.6200,310.6200,310.6200
1787330430,310.6100,310.6100,310.6000,310.6000
1787330431,310.6100,310.6100,310.6100,310.6100
1787330433,310.6150,310.6150,310.6150,310.6150
1787330434,310.6150,310.6200,310.6150,310.6200
1787330438,310.6150,310.6150,310.6150,310.6150
1787330439,310.6300,310.6300,310.6300,310.6300
1787330440,310.6400,310.6500,310.6400,310.6500
1787330441,310.6500,310.6500,310.6500,310.6500
1787330442,310.6550,310.6550,310.6550,310.6550
1787330445,310.6500,310.6500,310.6500,310.6500
1787330449,310.6600,310.6600,310.6600,310.6600
1787330453,310.6500,310.6500,310.6400,310.6400
1787330456,310.6300,310.6300,310.6300,310.6300
1787330457,310.6250,310.6300,310.6250,310.6300
1787330460,310.6400,310.6400,310.6400,310.6400
1787330461,310.6400,310.6400,310.6400,310.6400
1787330465,310.6450,310.6450,310.6450,310.6450
1787330469,310.6450,310.6450,310.6400,310.6400
1787330472,310.6300,310.6500,310.6200,310.6500
1787330476,310.6600,310.6600,310.6600,310.6600
1787330477,310.6650,310.6650,310.6650,310.6650
1787330478,310.6700,310.7400,310.6700,310.7400
1787330479,310.7500,310.7700,310.7500,310.7700
1787330480,310.7700,310.7800,310.7700,310.7800
1787330481,310.7800,310.7800,310.7800,310.7800
1787330482,310.7800,310.7800,310.7600,310.7600
1787330485,310.7700,310.7700,310.7700,310.7700
1787330489,310.7700,310.8300,310.7700,310.8300
1787330491,310.7900,310.7900,310.7900,310.7900
1787330492,310.8000,310.8000,310.7800,310.7800
1787330494,310.7800,310.7800,310.7800,310.7800
1787330497,310.8000,310.8000,310.7900,310.7900
1787330499,310.8100,310.8100,310.8100,310.8100
1787330500,310.8200,310.8200,310.8200,310.8200
1787330501,310.8100,310.8100,310.8100,310.8100
1787330505,310.8100,310.8100,310.8100,310.8100
1787330507,310.8000,310.8000,310.8000,310.8000
1787330508,310.8000,310.8000,310.8000,310.8000
1787330509,310.7950,310.8100,310.7950,310.8100
1787330512,310.8100,310.8150,310.8100,310.8150
1787330513,310.8000,310.8000,310.7700,310.7700
1787330515,310.7650,310.7650,310.7650,310.7650
1787330518,310.7500,310.7500,310.7500,310.7500
1787330519,310.7700,310.7700,310.7700,310.7700
1787330523,310.7700,310.7800,310.7700,310.7800
1787330524,310.7500,310.7500,310.7200,310.7400
1787330526,310.7400,310.7400,310.7200,310.7200
1787330528,310.7100,310.7200,310.7100,310.7200
1787330532,310.7200,310.7200,310.7200,310.7200
1787330534,310.7400,310.7400,310.7400,310.7400
1787330535,310.7300,310.7450,310.7300,310.7400
1787330538,310.7400,310.7400,310.7400,310.7400
1787330540,310.7500,310.7500,310.7300,310.7350
1787330543,310.7300,310.7300,310.7200,310.7200
1787330547,310.7400,310.7400,310.7400,310.7400
1787330548,310.7300,310.7300,310.7300,310.7300
1787330550,310.7300,310.7300,310.7000,310.7100
1787330551,310.7100,310.7100,310.7100,310.7100
1787330555,310.7300,310.7300,310.7300,310.7300
1787330556,310.7300,310.7500,310.7300,310.7500
1787330557,310.7500,310.7500,310.7400,310.7400
1787330559,310.7500,310.7500,310.7500,310.7500
1787330560,310.7600,310.7600,310.7600,310.7600
1787330567,310.7750,310.7800,310.7700,310.7800
1787330568,310.7800,310.7800,310.7800,310.7800
1787330572,310.7700,310.8300,310.7700,310.8100
1787330573,310.8050,310.8050,310.8050,310.8050
1787330574,310.8050,310.8100,310.8000,310.8100
1787330577,310.8100,310.8200,310.8100,310.8200
1787330578,310.8300,310.8300,310.8200,310.8300
1787330582,310.8250,310.8400,310.8250,310.8400
1787330583,310.8350,310.8600,310.8350,310.8600
1787330584,310.8500,310.8500,310.8500,310.8500
1787330585,310.8600,310.8600,310.8400,310.8400
1787330586,310.8400,310.8500,310.8400,310.8500
1787330587,310.8600,310.8600,310.8600,310.8600
1787330588,310.8600,310.8600,310.8600,310.8600
1787330589,310.8700,310.8700,310.8600,310.8600
1787330590,310.8800,310.8800,310.8800,310.8800
1787330591,310.8600,310.8600,310.8600,310.8600
1787330593,310.8500,310.8500,310.8500,310.8500
1787330594,310.8500,310.8500,310.8500,310.8500
1787330597,310.8400,310.8400,310.7900,310.7900
1787330598,310.8000,310.8100,310.8000,310.8100
1787330599,310.8350,310.8600,310.8350,310.8600
1787330601,310.8500,310.8500,310.8500,310.8500
1787330602,310.8300,310.8300,310.8300,310.8300
1787330607,310.8300,310.8300,310.8300,310.8300
1787330608,310.8500,310.8500,310.8500,310.8500
1787330609,310.8500,310.8500,310.8500,310.8500
1787330612,310.8400,310.8400,310.8400,310.8400
1787330616,310.8600,310.8600,310.8500,310.8500
1787330622,310.8650,310.8700,310.8600,310.8600
1787330623,310.8400,310.8400,310.8350,310.8350
1787330624,310.8400,310.8400,310.8400,310.8400
1787330626,310.8300,310.8300,310.8200,310.8200
1787330627,310.8000,310.8000,310.7700,310.7700
1787330629,310.7900,310.7900,310.7900,310.7900
1787330630,310.7800,310.7800,310.7800,310.7800
1787330631,310.7700,310.7700,310.7500,310.7500
1787330633,310.7300,310.7300,310.7300,310.7300
1787330634,310.7300,310.7300,310.7300,310.7300
1787330635,310.7200,310.7200,310.7200,310.7200
1787330636,310.7000,310.7000,310.6900,310.6900
1787330637,310.7100,310.7100,310.7100,310.7100
1787330639,310.7400,310.7400,310.7400,310.7400
1787330640,310.7300,310.7300,310.7100,310.7100
1787330641,310.7100,310.7300,310.7100,310.7300
1787330643,310.7250,310.7250,310.7250,310.7250
1787330645,310.7350,310.7350,310.7350,310.7350
1787330647,310.7300,310.7300,310.7300,310.7300
1787330652,310.7100,310.7100,310.7100,310.7100
1787330656,310.6800,310.6800,310.6800,310.6800
1787330657,310.6900,310.6900,310.6800,310.6800
1787330660,310.6900,310.6900,310.6900,310.6900
1787330663,310.6800,310.6900,310.6800,310.6900
1787330665,310.6950,310.6950,310.6950,310.6950
1787330666,310.6900,310.6900,310.6900,310.6900
1787330669,310.6900,310.6900,310.6900,310.6900
1787330670,310.6900,310.7000,310.6900,310.7000
1787330672,310.6800,310.6800,310.6700,310.6700
1787330674,310.6600,310.6600,310.6600,310.6600
1787330675,310.6500,310.6500,310.6300,310.6300
1787330676,310.6300,310.6300,310.6300,310.6300
1787330678,310.6400,310.6400,310.6400,310.6400
1787330680,310.6500,310.6700,310.6500,310.6700
1787330681,310.6600,310.6600,310.6600,310.6600
1787330682,310.6500,310.6500,310.6500,310.6500
1787330686,310.6500,310.6500,310.6500,310.6500
1787330687,310.6600,310.6600,310.6600,310.6600
1787330692,310.6800,310.6900,310.6800,310.6900
1787330693,310.7000,310.7000,310.7000,310.7000
1787330694,310.7000,310.7000,310.7000,310.7000
1787330695,310.7100,310.7400,310.7100,310.7400
1787330696,310.7500,310.7500,310.7400,310.7400
1787330697,310.7300,310.7300,310.7300,310.7300
1787330698,310.7100,310.7100,310.7100,310.7100
1787330699,310.7200,310.7200,310.7200,310.7200
1787330700,310.7200,310.7300,310.7200,310.7300
1787330701,310.7400,310.7400,310.7300,310.7300
1787330702,310.7200,310.7200,310.7200,310.7200
1787330703,310.7300,310.7300,310.7300,310.7300
1787330704,310.7400,310.7400,310.7400,310.7400
1787330705,310.7400,310.7400,310.7400,310.7400
1787330706,310.7300,310.7300,310.7200,310.7200
1787330711,310.7200,310.7200,310.7200,310.7200
1787330712,310.7100,310.7100,310.6850,310.6900
1787330713,310.7100,310.7150,310.7100,310.7150
1787330717,310.7100,310.7100,310.7100,310.7100
1787330719,310.7100,310.7100,310.7100,310.7100
1787330720,310.7100,310.7100,310.7100,310.7100
1787330722,310.7150,310.7150,310.7150,310.7150
1787330724,310.7100,310.7100,310.7100,310.7100
1787330725,310.7100,310.7100,310.7100,310.7100
1787330726,310.7100,310.7100,310.7100,310.7100
1787330727,310.7000,310.7000,310.6800,310.6800
1787330728,310.6900,310.6900,310.6900,310.6900
1787330729,310.6700,310.6700,310.6700,310.6700
1787330730,310.6600,310.6600,310.6600,310.6600
1787330731,310.6500,310.6500,310.6500,310.6500
1787330732,310.6500,310.6600,310.6500,310.6600
1787330734,310.6400,310.6400,310.6200,310.6200
1787330735,310.6200,310.6200,310.6200,310.6200
1787330736,310.6000,310.6000,310.5900,310.5900
1787330737,310.6000,310.6100,310.6000,310.6100
1787330742,310.6150,310.6200,310.6150,310.6200
1787330743,310.6200,310.6200,310.6200,310.6200
1787330745,310.6200,310.6200,310.6200,310.6200
1787330746,310.6300,310.6600,310.6300,310.6600
1787330747,310.6600,310.6600,310.6600,310.6600
1787330750,310.6700,310.6700,310.6700,310.6700
1787330751,310.6800,310.6800,310.6800,310.6800
1787330753,310.6900,310.6900,310.6900,310.6900
1787330755,310.6900,310.6900,310.6850,310.6850
1787330759,310.6700,310.6700,310.6600,310.6600
1787330762,310.6700,310.6800,310.6700,310.6800
1787330764,310.6800,310.6800,310.6800,310.6800
1787330765,310.6900,310.7200,310.6900,310.7200
1787330766,310.7200,310.7200,310.7200,310.7200
1787330767,310.7250,310.7300,310.7250,310.7300
1787330769,310.7300,310.7400,310.7300,310.7300
1787330774,310.7400,310.7400,310.7400,310.7400
1787330775,310.7500,310.7500,310.7500,310.7500
1787330777,310.7500,310.7600,310.7500,310.7600
1787330779,310.7900,310.8000,310.7900,310.7900
1787330780,310.7500,310.7500,310.7500,310.7500
1787330782,310.7500,310.7500,310.7500,310.7500
1787330784,310.7600,310.7600,310.7600,310.7600
1787330785,310.7600,310.7600,310.7550,310.7550
1787330788,310.7600,310.7600,310.7600,310.7600
1787330790,310.7700,310.7700,310.7700,310.7700
1787330792,310.7800,310.7800,310.7800,310.7800
1787330794,310.7900,310.8000,310.7900,310.8000
1787330795,310.8100,310.8100,310.8100,310.8100
1787330798,310.8100,310.8100,310.8000,310.8000
1787330799,310.8000,310.8000,310.8000,310.8000
1787330801,310.8000,310.8000,310.8000,310.8000
1787330802,310.7900,310.7900,310.7600,310.7600
1787330803,310.7800,310.7800,310.7700,310.7700
1787330804,310.7800,310.7800,310.7800,310.7800
1787330805,310.7800,310.7800,310.7800,310.7800
1787330808,310.7700,310.7700,310.7700,310.7700
1787330810,310.7700,310.7700,310.7700,310.7700
1787330815,310.7800,310.7800,310.7800,310.7800
1787330816,310.7900,310.7950,310.7900,310.7950
1787330817,310.7800,310.7800,310.7800,310.7800
1787330818,310.7700,310.7700,310.7600,310.7600
1787330819,310.7700,310.7700,310.7500,310.7500
1787330820,310.7400,310.7400,310.7400,310.7400
1787330822,310.7400,310.7400,310.7400,310.7400
1787330823,310.7350,310.7350,310.7350,310.7350
1787330825,310.7200,310.7500,310.7200,310.7450
1787330831,310.7400,310.7400,310.7350,310.7350
1787330835,310.7350,310.7500,310.7350,310.7500
1787330836,310.7500,310.7500,310.7500,310.7500
1787330840,310.7400,310.7400,310.7400,310.7400
1787330842,310.7300,310.7300,310.7200,310.7200
1787330843,310.7100,310.7100,310.7100,310.7100
1787330845,310.7150,310.7200,310.7150,310.7200
1787330846,310.7100,310.7100,310.7100,310.7100
1787330847,310.7200,310.7200,310.7200,310.7200
1787330848,310.7300,310.7300,310.7300,310.7300
1787330849,310.7300,310.7400,310.7300,310.7400
1787330856,310.7400,310.7400,310.7400,310.7400
1787330857,310.7400,310.7400,310.7400,310.7400
1787330859,310.7500,310.7500,310.7500,310.7500
1787330860,310.7600,310.7700,310.7600,310.7700
1787330864,310.7850,310.7850,310.7850,310.7850
1787330865,310.7700,310.7700,310.7700,310.7700
1787330868,310.7600,310.7600,310.7600,310.7600
1787330869,310.7400,310.7400,310.7400,310.7400
1787330871,310.7300,310.7300,310.7300,310.7300
1787330874,310.7300,310.7300,310.7300,310.7300
1787330875,310.7300,310.7300,310.7300,310.7300
1787330883,310.7400,310.7400,310.7400,310.7400
1787330887,310.7400,310.7400,310.7400,310.7400
1787330888,310.7300,310.7300,310.7300,310.7300
1787330889,310.7200,310.7300,310.7200,310.7300
1787330891,310.7500,310.7600,310.7500,310.7600
1787330893,310.7700,310.7700,310.7700,310.7700
1787330894,310.7700,310.7800,310.7700,310.7700
1787330895,310.7600,310.7600,310.7600,310.7600
1787330897,310.7650,310.7650,310.7650,310.7650
1787330898,310.7700,310.7700,310.7700,310.7700
1787330900,310.7900,310.7900,310.7900,310.7900
1787330910,310.7900,310.7900,310.7800,310.7800
1787330912,310.7900,310.7900,310.7900,310.7900
1787330914,310.7800,310.7800,310.7800,310.7800
1787330915,310.7800,310.7800,310.7800,310.7800
1787330916,310.7800,310.7800,310.7800,310.7800
1787330919,310.7800,310.7900,310.7800,310.7900
1787330927,310.7800,310.7800,310.7600,310.7600
1787330928,310.7600,310.7600,310.7550,310.7550
1787330930,310.7600,310.7600,310.7600,310.7600
1787330933,310.7500,310.7500,310.7400,310.7400
1787330934,310.7400,310.7400,310.7300,310.7300
1787330935,310.7300,310.7400,310.7300,310.7400
1787330943,310.7500,310.8000,310.7500,310.8000
1787330944,310.7900,310.7900,310.7900,310.7900
1787330949,310.7900,310.7900,310.7800,310.7800
1787330951,310.7900,310.7900,310.7900,310.7900
1787330952,310.7900,310.7900,310.7900,310.7900
1787330953,310.7800,310.7800,310.7800,310.7800
1787330954,310.7800,310.7800,310.7800,310.7800
1787330955,310.7800,310.7800,310.7800,310.7800
1787330957,310.7800,310.7800,310.7800,310.7800
1787330958,310.7800,310.7850,310.7800,310.7850
1787330959,310.7800,310.7800,310.7800,310.7800
1787330960,310.7800,310.7800,310.7800,310.7800
1787330961,310.7800,310.7900,310.7800,310.7900
1787330962,310.8000,310.8100,310.8000,310.8100
1787330963,310.8100,310.8100,310.8100,310.8100
1787330968,310.8300,310.8300,310.8200,310.8200
1787330974,310.8200,310.8200,310.8200,310.8200
1787330975,310.8100,310.8100,310.8100,310.8100
1787330981,310.7900,310.7900,310.7500,310.7500
1787330982,310.7700,310.7750,310.7700,310.7750
1787330983,310.7750,310.7750,310.7750,310.7750
1787330989,310.7900,310.7900,310.7900,310.7900
1787330991,310.8000,310.8100,310.8000,310.8100
1787330992,310.8100,310.8100,310.8100,310.8100
1787330993,310.8100,310.8100,310.8100,310.8100
1787330995,310.8100,310.8100,310.8100,310.8100
1787330996,310.8100,310.8100,310.8100,310.8100
1787330997,310.8000,310.8000,310.8000,310.8000
1787331000,310.7900,310.7900,310.7800,310.7800
1787331001,310.7850,310.7850,310.7850,310.7850
1787331002,310.7800,310.7800,310.7800,310.7800
1787331003,310.7700,310.7700,310.7700,310.7700
1787331006,310.7300,310.7300,310.7300,310.7300
1787331007,310.7200,310.7200,310.7200,310.7200
1787331010,310.7100,310.7100,310.7000,310.7000
1787331011,310.6900,310.6900,310.6900,310.6900
1787331012,310.6850,310.6900,310.6850,310.6900
1787331013,310.6800,310.6800,310.6700,310.6750
1787331015,310.6600,310.6800,310.6600,310.6800
1787331016,310.7000,310.7000,310.7000,310.7000
1787331017,310.6950,310.6950,310.6950,310.6950
1787331019,310.7000,310.7000,310.7000,310.7000
1787331020,310.7100,310.7500,310.7100,310.7500
1787331021,310.7700,310.7700,310.7500,310.7500
1787331027,310.7400,310.7500,310.7400,310.7500
1787331029,310.7350,310.7350,310.7350,310.7350
1787331030,310.7400,310.7400,310.7400,310.7400
1787331031,310.7200,310.7300,310.7200,310.7300
1787331033,310.7300,310.7300,310.7200,310.7200
1787331034,310.7050,310.7150,310.7050,310.7150
1787331035,310.7300,310.7300,310.7300,310.7300
1787331036,310.7300,310.7300,310.7300,310.7300
1787331037,310.7400,310.7400,310.7400,310.7400
1787331038,310.7450,310.7450,310.7450,310.7450
1787331039,310.7500,310.7500,310.7450,310.7450
1787331040,310.7400,310.7400,310.7400,310.7400
1787331041,310.7400,310.7400,310.7400,310.7400
1787331042,310.7400,310.7400,310.7400,310.7400
1787331044,310.7400,310.7400,310.7400,310.7400
1787331047,310.7500,310.7500,310.7500,310.7500
1787331049,310.7500,310.7700,310.7500,310.7700
1787331052,310.7700,310.7700,310.7600,310.7600
1787331055,310.7700,310.7700,310.7400,310.7400
1787331056,310.7200,310.7200,310.7100,310.7100
1787331057,310.7200,310.7200,310.7200,310.7200
1787331058,310.7200,310.7300,310.7200,310.7300
1787331059,310.7300,310.7300,310.7300,310.7300
1787331062,310.7200,310.7200,310.7200,310.7200
1787331065,310.7250,310.7250,310.7250,310.7250
1787331066,310.7300,310.7300,310.7300,310.7300
1787331068,310.7300,310.7300,310.7300,310.7300
1787331070,310.7250,310.7300,310.7250,310.7300
1787331071,310.7300,310.7300,310.7300,310.7300
1787331073,310.7400,310.7500,310.7400,310.7500
1787331078,310.7500,310.7500,310.7400,310.7500
1787331079,310.7450,310.7500,310.7450,310.7500
1787331080,310.7500,310.7500,310.7500,310.7500
1787331085,310.7300,310.7300,310.7300,310.7300
1787331086,310.7400,310.7400,310.7400,310.7400
1787331090,310.7450,310.7500,310.7450,310.7500
1787331093,310.7500,310.7500,310.7500,310.7500
1787331096,310.7500,310.7500,310.7400,310.7400
1787331099,310.7500,310.7500,310.7500,310.7500
1787331101,310.7700,310.7800,310.7700,310.7800
1787331106,310.7800,310.7800,310.7700,310.7700
1787331107,310.7700,310.7700,310.7700,310.7700
1787331108,310.7700,310.7700,310.7700,310.7700
1787331109,310.7700,310.7700,310.7700,310.7700
1787331110,310.7700,310.7700,310.7700,310.7700
1787331112,310.7700,310.7700,310.7700,310.7700
1787331113,310.7650,310.7700,310.7650,310.7700
1787331117,310.7800,310.7800,310.7800,310.7800
1787331120,310.7900,310.7900,310.7900,310.7900
1787331122,310.7900,310.7900,310.7800,310.7800
1787331125,310.7900,310.7900,310.7900,310.7900
1787331127,310.8000,310.8000,310.8000,310.8000
1787331128,310.7900,310.7900,310.7900,310.7900
1787331131,310.7800,310.7800,310.7800,310.7800
1787331135,310.7800,310.7800,310.7700,310.7700
1787331136,310.7500,310.7500,310.7500,310.7500
1787331137,310.7400,310.7400,310.7400,310.7400
1787331138,310.7300,310.7300,310.7300,310.7300
1787331139,310.7200,310.7200,310.7200,310.7200
1787331140,310.7400,310.7400,310.7400,310.7400
1787331142,310.7400,310.7500,310.7400,310.7500
1787331143,310.7600,310.7600,310.7600,310.7600
1787331144,310.7700,310.7800,310.7700,310.7800
1787331145,310.7800,310.7800,310.7800,310.7800
1787331150,310.7900,310.7900,310.7900,310.7900
1787331151,310.8000,310.8000,310.8000,310.8000
1787331153,310.8100,310.8400,310.8100,310.8400
1787331154,310.8400,310.8400,310.8400,310.8400
1787331155,310.8300,310.8300,310.8300,310.8300
1787331158,310.8400,310.8400,310.8400,310.8400
1787331164,310.8300,310.8300,310.8300,310.8300
1787331166,310.8200,310.8200,310.8100,310.8100
1787331173,310.8100,310.8100,310.8100,310.8100
1787331175,310.8100,310.8100,310.8100,310.8100
1787331180,310.7900,310.7900,310.7800,310.7800
1787331181,310.8000,310.8000,310.8000,310.8000
1787331184,310.8100,310.8100,310.8100,310.8100
1787331191,310.8250,310.8300,310.8250,310.8300
1787331192,310.8300,310.8300,310.8100,310.8150
1787331196,310.8400,310.8500,310.8400,310.8500
1787331198,310.8700,310.8700,310.8700,310.8700
1787331199,310.8900,310.8900,310.8900,310.8900
1787331202,310.8950,310.8950,310.8950,310.8950
1787331203,310.8950,310.9000,310.8950,310.9000
1787331204,310.9100,310.9100,310.9100,310.9100
1787331205,310.9100,310.9100,310.9100,310.9100
1787331210,310.9100,310.9200,310.9100,310.9200
1787331211,310.9100,310.9100,310.9100,310.9100
1787331212,310.9200,310.9200,310.9200,310.9200
1787331213,310.9200,310.9200,310.9200,310.9200
1787331214,310.9300,310.9600,310.9300,310.9500
1787331217,310.9500,310.9500,310.9400,310.9400
1787331219,310.9300,310.9300,310.9300,310.9300
1787331220,310.9200,310.9200,310.9200,310.9200
1787331221,310.9400,310.9400,310.9400,310.9400
1787331223,310.9200,310.9200,310.9200,310.9200
1787331226,310.9300,310.9500,310.9300,310.9500
1787331227,310.9500,310.9600,310.9500,310.9500
1787331231,310.9400,310.9400,310.9400,310.9400
1787331235,310.9600,310.9600,310.9600,310.9600
1787331237,310.9550,310.9550,310.9550,310.9550
1787331240,310.9700,310.9800,310.9650,310.9650
1787331241,310.9700,310.9700,310.9550,310.9550
1787331242,310.9700,310.9700,310.9700,310.9700
1787331243,310.9900,310.9900,310.9900,310.9900
1787331246,310.9900,310.9900,310.9800,310.9800
1787331247,310.9800,310.9800,310.9700,310.9700
1787331250,310.9800,310.9800,310.9800,310.9800
1787331251,310.9700,310.9700,310.9700,310.9700
1787331256,310.9800,310.9800,310.9800,310.9800
1787331258,310.9900,310.9900,310.9500,310.9500
1787331259,310.9550,310.9550,310.9550,310.9550
1787331260,310.9600,310.9600,310.9600,310.9600
1787331264,310.9700,310.9700,310.9700,310.9700
1787331267,310.9700,310.9800,310.9700,310.9800
1787331268,310.9800,310.9800,310.9700,310.9700
1787331270,310.9900,311.0000,310.9900,311.0000
1787331271,311.0100,311.0100,311.0100,311.0100
1787331272,311.0200,311.0200,311.0200,311.0200
1787331273,311.0100,311.0100,311.0100,311.0100
1787331274,310.9900,310.9900,310.9700,310.9700
1787331275,310.9800,310.9800,310.9800,310.9800
1787331277,310.9800,310.9900,310.9800,310.9800
1787331279,310.9750,310.9750,310.9750,310.9750
1787331280,310.9700,310.9800,310.9600,310.9800
1787331281,310.9800,310.9800,310.9800,310.9800
1787331282,310.9900,310.9900,310.9900,310.9900
1787331285,310.9950,311.0100,310.9900,311.0100
1787331286,311.0000,311.0000,311.0000,311.0000
1787331287,310.9900,310.9900,310.9900,310.9900
1787331289,310.9800,310.9800,310.9600,310.9600
1787331290,310.9600,310.9600,310.9600,310.9600
1787331297,310.9700,310.9700,310.9700,310.9700
1787331298,310.9700,310.9700,310.9700,310.9700
1787331299,310.9700,310.9700,310.9700,310.9700
1787331300,310.9600,310.9600,310.9600,310.9600
1787331301,310.9600,310.9600,310.9400,310.9400
1787331303,310.9400,310.9400,310.9300,310.9300
1787331304,310.9300,310.9300,310.9300,310.9300
1787331306,310.9300,310.9300,310.9300,310.9300
1787331307,310.9200,310.9200,310.9100,310.9100
1787331308,310.9000,310.9000,310.9000,310.9000
1787331311,310.9000,310.9000,310.9000,310.9000
1787331315,310.9100,310.9400,310.9100,310.9400
1787331316,310.9400,310.9400,310.9400,310.9400
1787331318,310.9400,310.9400,310.9300,310.9400
1787331320,310.9300,310.9300,310.9100,310.9100
1787331322,310.9100,310.9100,310.9100,310.9100
1787331325,310.9100,310.9100,310.9100,310.9100
1787331326,310.9100,310.9100,310.9100,310.9100
1787331331,310.9100,310.9100,310.9000,310.9000
1787331332,310.9000,310.9000,310.9000,310.9000
1787331335,310.9050,310.9050,310.9000,310.9000
1787331337,310.9100,310.9100,310.9100,310.9100
1787331340,310.9050,310.9050,310.9050,310.9050
1787331341,310.9100,310.9100,310.9050,310.9050
1787331345,310.8900,310.8900,310.8800,310.8800
1787331347,310.8800,310.9100,310.8800,310.9100
1787331348,310.9150,310.9150,310.9150,310.9150
1787331349,310.9200,310.9200,310.9200,310.9200
1787331350,310.9300,310.9300,310.9300,310.9300
1787331355,310.9300,310.9300,310.9300,310.9300
1787331356,310.9250,310.9250,310.9250,310.9250
1787331358,310.9350,310.9350,310.9350,310.9350
1787331361,310.9100,310.9100,310.9100,310.9100
1787331362,310.9100,310.9100,310.9100,310.9100
1787331363,310.9100,310.9100,310.9100,310.9100
1787331367,310.9150,310.9150,310.9100,310.9100
1787331368,310.9100,310.9100,310.9100,310.9100
1787331369,310.9100,310.9100,310.9100,310.9100
1787331370,310.9000,310.9000,310.9000,310.9000
1787331371,310.8900,310.8900,310.8800,310.8800
1787331372,310.9000,310.9100,310.9000,310.9100
1787331373,310.9150,310.9150,310.9150,310.9150
1787331374,310.9200,310.9200,310.9200,310.9200
1787331375,310.9300,310.9400,310.9300,310.9400
1787331376,310.9400,310.9650,310.9400,310.9650
1787331378,310.9600,310.9600,310.9100,310.9100
1787331382,310.9250,310.9250,310.9250,310.9250
1787331387,310.9000,310.9000,310.9000,310.9000
1787331388,310.9000,310.9000,310.9000,310.9000
1787331389,310.9000,310.9000,310.9000,310.9000
1787331390,310.9000,310.9000,310.9000,310.9000
1787331394,310.8900,310.9000,310.8900,310.9000
1787331399,310.8900,310.9000,310.8900,310.9000
1787331401,310.9000,310.9000,310.9000,310.9000
1787331402,310.8900,310.8900,310.8900,310.8900
1787331404,310.9000,310.9000,310.9000,310.9000
1787331407,310.8950,310.8950,310.8950,310.8950
1787331408,310.8800,310.8800,310.8800,310.8800
1787331409,310.8900,310.9000,310.8900,310.9000
1787331411,310.9000,310.9000,310.9000,310.9000
1787331412,310.8900,310.8900,310.8900,310.8900
1787331425,310.8900,310.8900,310.8900,310.8900
1787331426,310.8900,310.8900,310.8900,310.8900
1787331427,310.8900,310.8900,310.8900,310.8900
1787331428,310.8900,310.8900,310.8900,310.8900
1787331432,310.9000,310.9100,310.9000,310.9100
1787331433,310.9200,310.9300,310.9200,310.9300
1787331435,310.9300,310.9300,310.9300,310.9300
1787331436,310.9200,310.9200,310.9200,310.9200
1787331438,310.9200,310.9200,310.9200,310.9200
1787331441,310.9200,310.9200,310.9200,310.9200
1787331445,310.9000,310.9000,310.8950,310.8950
1787331446,310.9100,310.9150,310.9100,310.9150
1787331450,310.9100,310.9100,310.9000,310.9000
1787331451,310.9100,310.9400,310.9100,310.9300
1787331452,310.9600,310.9600,310.9600,310.9600
1787331453,310.9500,310.9500,310.9500,310.9500
1787331461,310.9600,310.9600,310.9600,310.9600
1787331463,310.9600,310.9600,310.9600,310.9600
1787331467,310.9600,310.9600,310.9600,310.9600
1787331471,310.9600,310.9600,310.9600,310.9600
1787331473,310.9700,310.9800,310.9700,310.9800
1787331474,310.9500,310.9500,310.9500,310.9500
1787331475,310.9500,310.9500,310.9400,310.9400
1787331477,310.9600,310.9600,310.9600,310.9600
1787331478,310.9800,311.0000,310.9800,311.0000
1787331480,310.9900,310.9900,310.9800,310.9800
1787331483,310.9850,310.9850,310.9850,310.9850
1787331486,310.9800,310.9800,310.9800,310.9800
1787331490,310.9800,310.9800,310.9800,310.9800
1787331491,310.9800,310.9800,310.9800,310.9800
1787331494,310.9900,311.0000,310.9900,311.0000
1787331496,311.0100,311.0300,311.0100,311.0300
1787331497,311.0300,311.0300,311.0300,311.0300
1787331498,311.0300,311.0300,311.0300,311.0300
1787331499,311.0200,311.0200,310.9900,310.9900
1787331500,310.9900,310.9900,310.9800,310.9800
1787331501,311.0000,311.0000,311.0000,311.0000
1787331503,310.9900,310.9900,310.9900,310.9900
1787331504,310.9800,310.9800,310.9800,310.9800
1787331506,310.9800,310.9800,310.9700,310.9700
1787331507,310.9900,310.9900,310.9900,310.9900
1787331510,310.9850,310.9850,310.9850,310.9850
1787331513,311.0000,311.0000,311.0000,311.0000
1787331514,310.9800,310.9800,310.9800,310.9800
1787331515,310.9800,310.9800,310.9800,310.9800
1787331516,310.9800,310.9800,310.9800,310.9800
1787331517,310.9700,310.9700,310.9700,310.9700
1787331519,310.9700,310.9700,310.9700,310.9700
1787331523,310.9800,310.9800,310.9800,310.9800
1787331524,310.9850,310.9900,310.9800,310.9800
1787331525,310.9800,310.9800,310.9800,310.9800
1787331526,310.9700,310.9700,310.9700,310.9700
1787331527,310.9600,310.9600,310.9500,310.9500
1787331528,310.9500,310.9500,310.9500,310.9500
1787331529,310.9500,310.9500,310.9400,310.9400
1787331531,310.9300,310.9300,310.9000,310.9100
1787331534,310.9200,310.9200,310.9000,310.9000
1787331536,310.9300,310.9300,310.9300,310.9300
1787331537,310.9300,310.9300,310.9300,310.9300
1787331539,310.9300,310.9300,310.9300,310.9300
1787331540,310.9300,310.9400,310.9300,310.9400
1787331543,310.9300,310.9500,310.9300,310.9500
1787331544,310.9500,310.9500,310.9400,310.9400
1787331547,310.9500,310.9500,310.9500,310.9500
1787331550,310.9600,310.9600,310.9600,310.9600
1787331553,310.9600,310.9600,310.9600,310.9600
1787331555,310.9600,310.9600,310.9600,310.9600
1787331556,310.9700,310.9700,310.9700,310.9700
1787331559,310.9700,310.9700,310.9700,310.9700
1787331565,310.9700,310.9700,310.9700,310.9700
1787331566,310.9800,310.9900,310.9800,310.9900
1787331567,310.9900,310.9900,310.9800,310.9800
1787331571,310.9850,310.9900,310.9850,310.9900
1787331574,310.9800,310.9800,310.9300,310.9300
1787331575,310.9500,310.9500,310.9500,310.9500
1787331578,310.9200,310.9200,310.9200,310.9200
1787331580,310.9200,310.9200,310.9200,310.9200
1787331581,310.9300,310.9300,310.9300,310.9300
1787331584,310.9400,310.9400,310.9400,310.9400
1787331587,310.9600,310.9600,310.9600,310.9600
1787331594,310.9800,311.0000,310.9800,311.0000
1787331596,310.9900,310.9900,310.9900,310.9900
1787331597,310.9800,310.9800,310.9800,310.9800
1787331598,310.9800,310.9800,310.9800,310.9800
1787331599,310.9900,310.9900,310.9900,310.9900
1787331600,311.0100,311.0100,311.0100,311.0100
1787331601,311.0100,311.0100,311.0100,311.0100
1787331602,311.0100,311.0150,311.0100,311.0150
1787331604,311.0200,311.0500,311.0200,311.0500
1787331605,311.0700,311.0800,311.0700,311.0800
1787331607,311.0900,311.1000,311.0900,311.0900
1787331608,311.0900,311.1100,311.0900,311.1100
1787331609,311.1100,311.1100,311.1100,311.1100
1787331610,311.1200,311.1500,311.1200,311.1500
1787331611,311.1600,311.1600,311.1600,311.1600
1787331613,311.1700,311.1700,311.1700,311.1700
1787331614,311.1600,311.1600,311.1500,311.1500
1787331619,311.1400,311.1400,311.1200,311.1200
1787331621,311.1300,311.1800,311.1300,311.1700
1787331622,311.1800,311.1800,311.1700,311.1700
1787331623,311.1600,311.1600,311.1500,311.1500
1787331624,311.1550,311.1550,311.1550,311.1550
1787331625,311.1600,311.1600,311.1600,311.1600
1787331627,311.1700,311.1700,311.1700,311.1700
1787331628,311.1800,311.1800,311.1800,311.1800
1787331629,311.1800,311.1800,311.1800,311.1800
1787331631,311.1850,311.1850,311.1800,311.1800
1787331634,311.1900,311.2000,311.1900,311.2000
1787331635,311.2150,311.2150,311.2000,311.2000
1787331636,311.1900,311.1900,311.1900,311.1900
1787331637,311.1900,311.1900,311.1900,311.1900
1787331638,311.1800,311.1800,311.1600,311.1600
1787331639,311.1500,311.1550,311.1500,311.1500
1787331640,311.1500,311.1500,311.1000,311.1100
1787331641,311.1200,311.1200,311.1200,311.1200
1787331643,311.1200,311.1300,311.1200,311.1300
1787331644,311.1200,311.1200,311.1200,311.1200
1787331645,311.1200,311.1250,311.1200,311.1250
1787331647,311.1300,311.1300,311.1300,311.1300
1787331648,311.1400,311.1500,311.1400,311.1500
1787331649,311.1500,311.1500,311.1500,311.1500
1787331650,311.1600,311.1600,311.1600,311.1600
1787331651,311.1650,311.1700,311.1650,311.1700
1787331657,311.1700,311.1700,311.1700,311.1700
1787331660,311.1600,311.1600,311.1600,311.1600
1787331661,311.1600,311.1600,311.1600,311.1600
1787331662,311.1600,311.1600,311.1600,311.1600
1787331664,311.1650,311.1650,311.1600,311.1600
1787331665,311.1600,311.1600,311.1600,311.1600
1787331667,311.1600,311.1600,311.1500,311.1500
1787331668,311.1400,311.1400,311.1400,311.1400
1787331675,311.1450,311.2700,311.1400,311.2650
1787331676,311.2650,311.2700,311.2600,311.2600
1787331677,311.2600,311.2600,311.2600,311.2600
1787331678,311.2600,311.2600,311.2600,311.2600
1787331680,311.2600,311.2600,311.2600,311.2600
1787331683,311.2600,311.2600,311.2600,311.2600
1787331685,311.2600,311.2600,311.2600,311.2600
1787331686,311.2500,311.2500,311.2400,311.2400
1787331687,311.2300,311.2300,311.2300,311.2300
1787331688,311.2600,311.2900,311.2600,311.2900
1787331691,311.2700,311.2700,311.2700,311.2700
1787331692,311.2500,311.2500,311.2300,311.2300
1787331695,311.2400,311.2400,311.2300,311.2300
1787331696,311.2200,311.2200,311.2200,311.2200
1787331697,311.2200,311.2200,311.1900,311.1900
1787331698,311.1700,311.1700,311.1700,311.1700
1787331700,311.1800,311.1800,311.1800,311.1800
1787331701,311.1700,311.1700,311.1600,311.1600
1787331703,311.1400,311.1400,311.1400,311.1400
1787331704,311.1500,311.1500,311.1500,311.1500
1787331706,311.1300,311.1300,311.1200,311.1250
1787331707,311.1300,311.1300,311.1300,311.1300
1787331708,311.1400,311.1400,311.1400,311.1400
1787331709,311.1500,311.1500,311.1500,311.1500
1787331711,311.1600,311.1700,311.1600,311.1700
1787331712,311.1700,311.1700,311.1700,311.1700
1787331713,311.1700,311.1700,311.1700,311.1700
1787331716,311.1500,311.1500,311.1500,311.1500
1787331719,311.1500,311.1500,311.1500,311.1500
1787331720,311.1500,311.1700,311.1500,311.1700
1787331721,311.1800,311.1800,311.1800,311.1800
1787331723,311.1800,311.1800,311.1800,311.1800
1787331724,311.1800,311.1800,311.1800,311.1800
1787331725,311.1700,311.1700,311.1700,311.1700
1787331727,311.1700,311.1700,311.1700,311.1700
1787331728,311.1800,311.1800,311.1800,311.1800
1787331729,311.1800,311.1800,311.1800,311.1800
1787331730,311.1700,311.1700,311.1700,311.1700
1787331731,311.1650,311.1650,311.1650,311.1650
1787331732,311.1700,311.1700,311.1700,311.1700
1787331733,311.1700,311.1700,311.1700,311.1700
1787331734,311.1600,311.1600,311.1600,311.1600
1787331735,311.1500,311.1500,311.1500,311.1500
1787331738,311.1600,311.1600,311.1600,311.1600
1787331741,311.1600,311.1600,311.1600,311.1600
1787331742,311.1550,311.1550,311.1550,311.1550
1787331743,311.1600,311.1700,311.1500,311.1500
1787331745,311.1500,311.1500,311.1500,311.1500
1787331747,311.1500,311.1700,311.1500,311.1700
1787331749,311.1600,311.1600,311.1600,311.1600
1787331750,311.1600,311.1600,311.1600,311.1600
1787331751,311.1700,311.1700,311.1700,311.1700
1787331752,311.1600,311.1600,311.1300,311.1300
1787331754,311.1400,311.1600,311.1400,311.1600
1787331757,311.1500,311.1500,311.1350,311.1350
1787331760,311.1400,311.1600,311.1400,311.1600
1787331761,311.1600,311.1600,311.1600,311.1600
1787331763,311.1500,311.1500,311.1500,311.1500
1787331764,311.1300,311.1300,311.1300,311.1300
1787331766,311.1200,311.1200,311.1200,311.1200
1787331769,311.1200,311.1200,311.1100,311.1100
1787331771,311.1100,311.1100,311.1100,311.1100
1787331777,311.1100,311.1100,311.1100,311.1100
1787331780,311.1050,311.1200,311.1050,311.1200
1787331782,311.1200,311.1300,311.1200,311.1300
1787331783,311.1300,311.1300,311.1300,311.1300
1787331785,311.1250,311.1250,311.1250,311.1250
1787331786,311.1200,311.1200,311.1100,311.1100
1787331787,311.1150,311.1150,311.1150,311.1150
1787331789,311.1100,311.1100,310.8900,310.9200
1787331790,310.9200,310.9800,310.9200,310.9800
1787331794,310.9600,310.9600,310.9350,310.9550
1787331795,310.9500,310.9500,310.9500,310.9500
1787331796,310.9300,311.0100,310.9250,311.0000
1787331799,310.9950,311.0200,310.9950,311.0100
1787331800,311.0100,311.0400,310.9900,310.9900
1787331801,310.9800,310.9800,310.9800,310.9800
1787331803,310.9800,310.9800,310.9700,310.9700
1787331804,310.9700,310.9700,310.9700,310.9700
1787331806,310.9750,310.9800,310.9750,310.9800
1787331807,310.9800,310.9800,310.9800,310.9800
1787331808,310.9700,310.9700,310.9700,310.9700
1787331810,310.9800,310.9800,310.9800,310.9800
1787331811,310.9700,310.9700,310.9600,310.9600
1787331812,310.9600,310.9600,310.9600,310.9600
1787331813,310.9500,310.9600,310.9500,310.9600
1787331815,310.9600,310.9600,310.9600,310.9600
1787331817,310.9600,310.9600,310.9600,310.9600
1787331820,310.9500,310.9500,310.9500,310.9500
1787331822,310.9500,310.9500,310.9400,310.9400
1787331823,310.9500,310.9600,310.9500,310.9600
1787331824,310.9550,310.9600,310.9550,310.9600
1787331826,310.9700,310.9800,310.9700,310.9800
1787331827,310.9800,310.9800,310.9800,310.9800
1787331828,310.9900,310.9900,310.9900,310.9900
1787331829,311.0000,311.0000,311.0000,311.0000
1787331830,311.0100,311.0100,311.0100,311.0100
1787331833,311.0400,311.0400,311.0400,311.0400
1787331836,311.0350,311.0600,311.0350,311.0600
1787331838,311.0750,311.0750,311.0700,311.0700
1787331839,311.0700,311.0700,311.0700,311.0700
1787331841,311.0700,311.0700,311.0700,311.0700
1787331843,311.0750,311.0800,311.0700,311.0700
1787331844,311.0700,311.0700,311.0700,311.0700
1787331845,311.0700,311.0700,311.0700,311.0700
1787331848,311.0700,311.0700,311.0700,311.0700
1787331849,311.0600,311.0600,311.0600,311.0600
1787331851,311.0400,311.0400,311.0400,311.0400
1787331856,311.0100,311.0100,310.9700,310.9900
1787331857,310.9900,311.0100,310.9900,311.0100
1787331860,311.0100,311.0100,311.0100,311.0100
1787331861,311.0200,311.0300,311.0200,311.0300
1787331863,311.0300,311.0300,311.0300,311.0300
1787331866,311.0400,311.0400,311.0400,311.0400
1787331867,311.0400,311.0500,311.0400,311.0500
1787331868,311.0600,311.0600,311.0600,311.0600
1787331876,311.0800,311.0800,311.0800,311.0800
1787331877,311.0800,311.0900,311.0800,311.0900
1787331878,311.0700,311.0700,311.0700,311.0700
1787331881,311.0800,311.0800,311.0800,311.0800
1787331884,311.0800,311.0800,311.0700,311.0700
1787331888,311.0700,311.0700,311.0700,311.0700
1787331890,311.0700,311.0800,311.0700,311.0800
1787331891,311.0800,311.0800,311.0800,311.0800
1787331892,311.0800,311.0800,311.0800,311.0800
1787331893,311.0800,311.0800,311.0600,311.0600
1787331897,311.0300,311.0300,311.0300,311.0300
1787331899,311.0200,311.0300,311.0100,311.0300
1787331901,311.0400,311.0400,311.0400,311.0400
1787331904,311.0500,311.0500,311.0400,311.0400
1787331905,311.0300,311.0300,311.0300,311.0300
1787331909,311.0550,311.0550,311.0500,311.0500
1787331911,311.0600,311.0900,311.0600,311.0900
1787331912,311.0850,311.0850,311.0850,311.0850
1787331918,311.0700,311.0700,311.0700,311.0700
1787331919,311.0800,311.0800,311.0800,311.0800
1787331923,311.0800,311.0800,311.0800,311.0800
1787331924,311.0700,311.0700,311.0600,311.0600
1787331926,311.0600,311.0600,311.0600,311.0600
1787331930,311.0600,311.0600,311.0600,311.0600
1787331934,311.0650,311.0650,311.0600,311.0600
1787331936,311.0600,311.0600,311.0600,311.0600
1787331938,311.0650,311.0650,311.0650,311.0650
1787331940,311.0700,311.0800,311.0700,311.0800
1787331942,311.1000,311.1000,311.1000,311.1000
1787331946,311.1100,311.1300,311.1100,311.1300
1787331947,311.1400,311.1700,311.1400,311.1650
1787331948,311.1600,311.1600,311.1600,311.1600
1787331949,311.1600,311.1600,311.1600,311.1600
1787331951,311.1500,311.1500,311.1400,311.1400
1787331952,311.1400,311.1400,311.1400,311.1400
1787331953,311.1300,311.1300,311.1000,311.1000
1787331954,311.0850,311.0850,311.0850,311.0850
1787331957,311.0800,311.1000,311.0800,311.0900
1787331960,311.1100,311.1100,311.1100,311.1100
1787331961,311.1200,311.1400,311.1200,311.1400
1787331962,311.1300,311.1400,311.1300,311.1400
1787331963,311.1350,311.1350,311.1350,311.1350
1787331965,311.1200,311.1200,311.0800,311.0800
1787331966,311.0850,311.0850,311.0850,311.0850
1787331967,311.0850,311.0850,311.0850,311.0850
1787331968,311.0900,311.0900,311.0900,311.0900
1787331974,311.0950,311.0950,311.0950,311.0950
1787331975,311.0900,311.1100,311.0900,311.1100
1787331976,311.1200,311.1200,311.1100,311.1100
1787331980,311.1200,311.1300,311.1200,311.1200
1787331982,311.1300,311.1300,311.1300,311.1300
1787331985,311.1400,311.1500,311.1400,311.1500
1787331988,311.1600,311.1600,311.1600,311.1600
1787331990,311.1600,311.1600,311.1600,311.1600
1787331992,311.1700,311.1700,311.1700,311.1700
1787331993,311.1800,311.2100,311.1800,311.2100
1787331997,311.2200,311.2200,311.2200,311.2200
1787331998,311.2300,311.2400,311.2200,311.2200
1787331999,311.2200,311.2200,311.2200,311.2200
1787332000,311.2200,311.2200,311.2200,311.2200
1787332003,311.2200,311.2200,311.2200,311.2200
1787332005,311.2200,311.2200,311.2200,311.2200
1787332008,311.2200,311.2200,311.2200,311.2200
1787332009,311.2200,311.2200,311.2200,311.2200
1787332012,311.2100,311.2100,311.2100,311.2100
1787332013,311.2100,311.2100,311.2100,311.2100
1787332016,311.2050,311.2200,311.2050,311.2200
1787332019,311.2100,311.2100,311.2100,311.2100
1787332020,311.2100,311.2100,311.2100,311.2100
1787332021,311.2100,311.2100,311.2100,311.2100
1787332023,311.2200,311.2300,311.2200,311.2300
1787332024,311.2300,311.2300,311.2300,311.2300
1787332025,311.2200,311.2200,311.1600,311.1600
1787332028,311.1800,311.1800,311.1800,311.1800
1787332032,311.1900,311.1900,311.1900,311.1900
1787332036,311.1900,311.1900,311.1900,311.1900
1787332038,311.1900,311.1900,311.1900,311.1900
1787332041,311.1950,311.2100,311.1950,311.2000
1787332042,311.2100,311.2300,311.2100,311.2300
1787332043,311.2300,311.2300,311.2300,311.2300
1787332044,311.2400,311.2400,311.2400,311.2400
1787332046,311.2600,311.2650,311.2600,311.2600
1787332048,311.2650,311.2650,311.2650,311.2650
1787332051,311.2700,311.3050,311.2700,311.3050
1787332052,311.3100,311.3150,311.3100,311.3100
1787332053,311.3100,311.3100,311.3000,311.3000
1787332054,311.3100,311.3100,311.3100,311.3100
1787332058,311.3100,311.3100,311.3000,311.3000
1787332059,311.3100,311.3100,311.3100,311.3100
1787332060,311.3000,311.3000,311.3000,311.3000
1787332062,311.3000,311.3000,311.3000,311.3000
1787332063,311.3050,311.3050,311.3050,311.3050
1787332066,311.3000,311.3000,311.3000,311.3000
1787332067,311.3100,311.3100,311.3100,311.3100
1787332068,311.3000,311.3000,311.2900,311.2900
1787332069,311.2800,311.2800,311.2800,311.2800
1787332071,311.2800,311.2800,311.2800,311.2800
1787332075,311.2700,311.2700,311.2700,311.2700
1787332076,311.2600,311.2600,311.2600,311.2600
1787332077,311.2600,311.2600,311.2600,311.2600
1787332078,311.2700,311.2800,311.2700,311.2800
1787332080,311.2700,311.2700,311.2700,311.2700
1787332081,311.2700,311.2700,311.2700,311.2700
1787332084,311.2700,311.2700,311.2700,311.2700
1787332086,311.2750,311.2800,311.2750,311.2800
1787332088,311.2800,311.2800,311.2800,311.2800
1787332090,311.2750,311.2750,311.2750,311.2750
1787332092,311.2700,311.2700,311.2600,311.2600
1787332094,311.2550,311.2550,311.2550,311.2550
1787332096,311.2500,311.2500,311.2500,311.2500
1787332097,311.2600,311.2700,311.2600,311.2700
1787332098,311.2800,311.2800,311.2800,311.2800
1787332100,311.2850,311.2850,311.2850,311.2850
1787332101,311.2800,311.2800,311.2650,311.2650
1787332102,311.2900,311.2900,311.2900,311.2900
1787332107,311.2900,311.2900,311.2800,311.2800
1787332110,311.2850,311.2850,311.2850,311.2850
1787332113,311.2900,311.2900,311.2900,311.2900
1787332115,311.2800,311.2800,311.2800,311.2800
1787332118,311.2900,311.2900,311.2900,311.2900
1787332124,311.2900,311.2900,311.2900,311.2900
1787332128,311.3000,311.3000,311.3000,311.3000
1787332130,311.3150,311.3300,311.3100,311.3300
1787332132,311.3500,311.3500,311.3500,311.3500
1787332135,311.3600,311.3600,311.3600,311.3600
1787332136,311.3700,311.4000,311.3700,311.4000
1787332137,311.3900,311.3900,311.3800,311.3800
1787332140,311.3900,311.3900,311.3900,311.3900
1787332142,311.3950,311.4500,311.3900,311.4500
1787332143,311.4600,311.5100,311.4600,311.5100
1787332144,311.5400,311.5750,311.5400,311.5750
1787332145,311.5500,311.5500,311.5300,311.5300
1787332146,311.5450,311.5500,311.5450,311.5450
1787332147,311.5500,311.5500,311.5500,311.5500
1787332148,311.5500,311.5500,311.5400,311.5400
1787332149,311.5600,311.5800,311.5600,311.5600
1787332151,311.5700,311.5700,311.5700,311.5700
1787332152,311.5650,311.5650,311.5650,311.5650
1787332154,311.5600,311.5600,311.5600,311.5600
1787332155,311.5400,311.5600,311.5400,311.5600
1787332157,311.5500,311.5600,311.5500,311.5600
1787332158,311.5600,311.5600,311.5600,311.5600
1787332159,311.5700,311.5800,311.5700,311.5800
1787332160,311.6000,311.6000,311.6000,311.6000
1787332161,311.6000,311.6000,311.5900,311.6000
1787332162,311.6000,311.6100,311.6000,311.6100
1787332165,311.6050,311.6050,311.6050,311.6050
1787332167,311.5900,311.6000,311.5900,311.6000
1787332168,311.5900,311.5900,311.5800,311.5800
1787332169,311.6000,311.6000,311.5800,311.5800
1787332171,311.5700,311.5850,311.5700,311.5850
1787332172,311.5700,311.5700,311.5700,311.5700
1787332178,311.5700,311.5700,311.5700,311.5700
1787332180,311.5600,311.5600,311.5600,311.5600
1787332181,311.5700,311.5700,311.5700,311.5700
1787332183,311.5700,311.5700,311.5600,311.5600
1787332184,311.5650,311.5650,311.5650,311.5650
1787332186,311.5650,311.5650,311.5650,311.5650
1787332189,311.5750,311.5750,311.5750,311.5750
1787332195,311.5700,311.5700,311.5500,311.5500
1787332197,311.5500,311.5500,311.5500,311.5500
1787332198,311.5600,311.5800,311.5600,311.5800
1787332200,311.5600,311.5600,311.5600,311.5600
1787332204,311.5700,311.5700,311.5700,311.5700
1787332205,311.5700,311.5700,311.5700,311.5700
1787332207,311.5600,311.5600,311.5550,311.5550
1787332212,311.5400,311.5400,311.5300,311.5300
1787332213,311.5100,311.5100,311.5000,311.5000
1787332215,311.5000,311.5000,311.5000,311.5000
1787332216,311.5000,311.5000,311.5000,311.5000
1787332221,311.5000,311.5000,311.4900,311.4900
1787332223,311.4900,311.4900,311.4900,311.4900
1787332225,311.4800,311.4800,311.4700,311.4700
1787332226,311.4650,311.4650,311.4650,311.4650
1787332227,311.4700,311.4700,311.4700,311.4700
1787332230,311.4700,311.4700,311.4700,311.4700
1787332232,311.4600,311.4600,311.4600,311.4600
1787332234,311.4700,311.5200,311.4700,311.5200
1787332235,311.5200,311.5200,311.5200,311.5200
1787332240,311.5100,311.5100,311.5100,311.5100
1787332241,311.5100,311.5200,311.5100,311.5200
1787332242,311.5200,311.5200,311.5200,311.5200
1787332243,311.5200,311.5200,311.5200,311.5200
1787332244,311.5200,311.5200,311.5200,311.5200
1787332252,311.5200,311.5200,311.5200,311.5200
1787332254,311.5200,311.5400,311.5200,311.5400
1787332255,311.5500,311.5500,311.5500,311.5500
1787332256,311.5500,311.5500,311.5400,311.5400
1787332257,311.5500,311.5500,311.5500,311.5500
1787332260,311.5500,311.5500,311.5400,311.5400
1787332261,311.5400,311.5400,311.5400,311.5400
1787332264,311.5500,311.5500,311.5500,311.5500
1787332265,311.5400,311.5400,311.5400,311.5400
1787332266,311.5300,311.5300,311.5300,311.5300
1787332267,311.5100,311.5100,311.5100,311.5100
1787332269,311.4900,311.4900,311.4900,311.4900
1787332271,311.4800,311.4800,311.4600,311.4600
1787332277,311.4800,311.4900,311.4800,311.4900
1787332280,311.5000,311.5400,311.5000,311.5400
1787332283,311.5300,311.5300,311.5300,311.5300
1787332284,311.5200,311.5200,311.5200,311.5200
1787332286,311.5200,311.5200,311.5100,311.5100
1787332289,311.5100,311.5100,311.5100,311.5100
1787332290,311.5100,311.5100,311.5100,311.5100
1787332291,311.5100,311.5100,311.5000,311.5000
1787332294,311.5100,311.5100,311.5000,311.5000
1787332299,311.5100,311.5100,311.5100,311.5100
1787332300,311.5000,311.5000,311.5000,311.5000
1787332301,311.4900,311.4900,311.4900,311.4900
1787332305,311.4950,311.4950,311.4950,311.4950
1787332306,311.4950,311.4950,311.4800,311.4800
1787332308,311.4600,311.4600,311.4600,311.4600
1787332310,311.4600,311.4600,311.4600,311.4600
1787332313,311.4500,311.4500,311.4500,311.4500
1787332314,311.4500,311.4500,311.4500,311.4500
1787332316,311.4500,311.4500,311.4500,311.4500
1787332317,311.4400,311.4400,311.4400,311.4400
1787332320,311.4400,311.4400,311.4400,311.4400
1787332323,311.4500,311.4500,311.4500,311.4500
1787332324,311.4400,311.4600,311.4400,311.4600
1787332325,311.4700,311.4700,311.4700,311.4700
1787332332,311.4650,311.4650,311.4650,311.4650
1787332335,311.4700,311.4700,311.4700,311.4700
1787332336,311.4700,311.4700,311.4700,311.4700
1787332337,311.4700,311.4700,311.4700,311.4700
1787332338,311.4700,311.4700,311.4700,311.4700
1787332339,311.4700,311.4700,311.4600,311.4600
1787332342,311.4600,311.4600,311.4600,311.4600
1787332343,311.4600,311.4600,311.4400,311.4400
1787332344,311.4400,311.4400,311.4400,311.4400
1787332346,311.4500,311.4500,311.4500,311.4500
1787332347,311.4500,311.4500,311.4500,311.4500
1787332349,311.4500,311.4500,311.4500,311.4500
1787332350,311.4450,311.4600,311.4450,311.4600
1787332351,311.4400,311.4500,311.4200,311.4400
1787332352,311.4500,311.4500,311.4500,311.4500
1787332353,311.4600,311.4900,311.4600,311.4900
1787332355,311.4950,311.4950,311.4950,311.4950
1787332356,311.4900,311.4900,311.4900,311.4900
1787332357,311.4900,311.4900,311.4900,311.4900
1787332358,311.5000,311.5000,311.5000,311.5000
1787332362,311.5000,311.5000,311.5000,311.5000
1787332364,311.5000,311.5000,311.5000,311.5000
1787332368,311.5100,311.5100,311.5100,311.5100
1787332373,311.5300,311.5400,311.5300,311.5400
1787332375,311.5400,311.5400,311.5300,311.5300
1787332376,311.5300,311.5300,311.5300,311.5300
1787332377,311.5100,311.5100,311.5100,311.5100
1787332382,311.5000,311.5000,311.5000,311.5000
1787332383,311.5100,311.5300,311.5100,311.5300
1787332384,311.5200,311.5200,311.5200,311.5200
1787332388,311.5300,311.5300,311.5300,311.5300
1787332390,311.5200,311.5200,311.5000,311.5000
1787332392,311.5000,311.5000,311.5000,311.5000
1787332396,311.4900,311.4900,311.4750,311.4750
1787332398,311.4900,311.4900,311.4800,311.4800
1787332399,311.4800,311.4800,311.4800,311.4800
1787332400,311.4800,311.4950,311.4800,311.4800
1787332402,311.5000,311.5100,311.5000,311.5100
1787332406,311.5100,311.5100,311.5100,311.5100
1787332408,311.5200,311.5200,311.5200,311.5200
1787332409,311.5200,311.5200,311.5200,311.5200
1787332412,311.5300,311.5400,311.5300,311.5400
1787332414,311.5400,311.5400,311.5400,311.5400
1787332415,311.5200,311.5200,311.5200,311.5200
1787332416,311.5200,311.5200,311.5200,311.5200
1787332418,311.5250,311.5250,311.5200,311.5200
1787332419,311.5100,311.5100,311.4600,311.4900
1787332420,311.5100,311.5100,311.5100,311.5100
1787332425,311.4950,311.5100,311.4950,311.5100
1787332426,311.5100,311.5100,311.5100,311.5100
1787332427,311.5100,311.5100,311.5100,311.5100
1787332430,311.5100,311.5100,311.5100,311.5100
1787332431,311.5100,311.5100,311.5100,311.5100
1787332432,311.5100,311.5100,311.5100,311.5100
1787332434,311.5100,311.5100,311.5000,311.5000
1787332440,311.5000,311.5100,311.5000,311.5100
1787332441,311.5100,311.5100,311.5100,311.5100
1787332446,311.5000,311.5000,311.4900,311.4900
1787332448,311.4900,311.5000,311.4900,311.5000
1787332450,311.5100,311.5500,311.5100,311.5300
1787332454,311.5300,311.5300,311.5300,311.5300
1787332455,311.5200,311.5200,311.5200,311.5200
1787332457,311.5200,311.5200,311.5100,311.5100
1787332458,311.5200,311.5600,311.5200,311.5500
1787332459,311.5600,311.6400,311.5600,311.6000
1787332460,311.6000,311.6100,311.6000,311.6100
1787332464,311.5800,311.5800,311.5800,311.5800
1787332465,311.5700,311.5700,311.5600,311.5700
1787332466,311.5700,311.5800,311.5700,311.5800
1787332467,311.5800,311.5800,311.5700,311.5700
1787332468,311.5600,311.5600,311.5600,311.5600
1787332469,311.5500,311.5500,311.5200,311.5200
1787332470,311.4900,311.4900,311.4700,311.4900
1787332471,311.5100,311.5300,311.5100,311.5300
1787332472,311.5350,311.5350,311.5350,311.5350
1787332474,311.5400,311.5400,311.5300,311.5300
1787332475,311.5500,311.5800,311.5500,311.5800
1787332477,311.5850,311.5850,311.5800,311.5800
1787332479,311.5750,311.5750,311.5750,311.5750
1787332482,311.5800,311.5800,311.5800,311.5800
1787332483,311.5750,311.5750,311.5750,311.5750
1787332485,311.5650,311.5750,311.5500,311.5500
1787332486,311.5450,311.5450,311.5450,311.5450
1787332488,311.5450,311.5450,311.5450,311.5450
1787332491,311.5400,311.5400,311.5400,311.5400
1787332492,311.5300,311.5300,311.5100,311.5100
1787332493,311.5200,311.5300,311.5200,311.5300
1787332494,311.5400,311.5400,311.5400,311.5400
1787332496,311.5450,311.5450,311.5400,311.5400
1787332498,311.5450,311.5500,311.5450,311.5500
1787332500,311.5400,311.5400,311.5400,311.5400
1787332501,311.5200,311.5200,311.5200,311.5200
1787332502,311.5250,311.5250,311.5250,311.5250
1787332503,311.5200,311.5200,311.5200,311.5200
1787332504,311.5100,311.5100,311.5100,311.5100
1787332505,311.5200,311.5200,311.5200,311.5200
1787332506,311.5200,311.5200,311.5200,311.5200
1787332507,311.5300,311.5300,311.5300,311.5300
1787332508,311.5100,311.5100,311.4900,311.4900
1787332509,311.4800,311.4800,311.4400,311.4400
1787332510,311.4700,311.4900,311.4700,311.4900
1787332511,311.4900,311.4900,311.4900,311.4900
1787332512,311.4800,311.4800,311.4800,311.4800
1787332513,311.5000,311.5000,311.5000,311.5000
1787332514,311.5050,311.5050,311.4950,311.4950
1787332515,311.5000,311.5000,311.5000,311.5000
1787332517,311.5000,311.5000,311.5000,311.5000
1787332518,311.5000,311.5000,311.5000,311.5000
1787332520,311.4800,311.4800,311.4800,311.4800
1787332521,311.4900,311.4900,311.4900,311.4900
1787332523,311.4900,311.4900,311.4900,311.4900
1787332524,311.4900,311.4900,311.4900,311.4900
1787332526,311.4900,311.4900,311.4900,311.4900
1787332527,311.4900,311.5000,311.4900,311.5000
1787332529,311.5000,311.5050,311.5000,311.5050
1787332530,311.5100,311.5400,311.5100,311.5400
1787332531,311.5300,311.5300,311.5300,311.5300
1787332532,311.5200,311.5200,311.5200,311.5200
1787332533,311.5200,311.5400,311.5200,311.5400
1787332534,311.5400,311.5700,311.5400,311.5700
1787332537,311.5700,311.5700,311.5700,311.5700
1787332538,311.5800,311.6000,311.5800,311.5900
1787332540,311.5800,311.5800,311.5600,311.5600
1787332541,311.5800,311.6100,311.5800,311.6100
1787332542,311.6000,311.6000,311.6000,311.6000
1787332543,311.5900,311.5900,311.5700,311.5700
1787332547,311.5800,311.5800,311.5800,311.5800
1787332553,311.5900,311.5900,311.5800,311.5800
1787332554,311.5800,311.5800,311.5800,311.5800
1787332555,311.5800,311.5800,311.5800,311.5800
1787332556,311.5800,311.5800,311.5800,311.5800
1787332559,311.5750,311.5750,311.5750,311.5750
1787332561,311.5700,311.5700,311.5500,311.5600
1787332562,311.5500,311.5500,311.5500,311.5500
1787332563,311.5500,311.5500,311.5500,311.5500
1787332567,311.5600,311.5600,311.5600,311.5600
1787332568,311.5600,311.5600,311.5400,311.5400
1787332569,311.5400,311.5400,311.5400,311.5400
1787332573,311.5300,311.5400,311.5300,311.5300
1787332574,311.5300,311.5300,311.5300,311.5300
1787332576,311.5300,311.5300,311.5300,311.5300
1787332582,311.5300,311.5300,311.5300,311.5300
1787332583,311.5300,311.5300,311.5100,311.5100
1787332585,311.5150,311.5300,311.5150,311.5300
1787332586,311.5400,311.5500,311.5400,311.5500
1787332587,311.5500,311.5500,311.5500,311.5500
1787332588,311.5600,311.5600,311.5600,311.5600
1787332590,311.5550,311.5600,311.5550,311.5600
1787332591,311.5500,311.5600,311.5500,311.5600
1787332592,311.5700,311.5750,311.5700,311.5750
1787332594,311.5800,311.5900,311.5800,311.5900
1787332596,311.5800,311.5800,311.5800,311.5800
1787332598,311.5850,311.5850,311.5850,311.5850
1787332600,311.5850,311.5850,311.5850,311.5850
1787332602,311.5850,311.5850,311.5800,311.5800
1787332603,311.5700,311.5700,311.5700,311.5700
1787332605,311.5700,311.5700,311.5700,311.5700
1787332606,311.5600,311.5600,311.5600,311.5600
1787332607,311.5500,311.5500,311.5100,311.5400
1787332611,311.5500,311.5500,311.5500,311.5500
1787332612,311.5500,311.5500,311.5500,311.5500
1787332613,311.5400,311.5400,311.5200,311.5350
1787332614,311.5400,311.5600,311.5400,311.5600
1787332618,311.5400,311.5400,311.5400,311.5400
1787332620,311.5200,311.5200,311.4900,311.5000
1787332621,311.4800,311.4900,311.4600,311.4900
1787332622,311.4900,311.4900,311.4900,311.4900
1787332626,311.4900,311.4900,311.4900,311.4900
1787332628,311.4700,311.4700,311.4700,311.4700
1787332629,311.4400,311.4400,311.4400,311.4400
1787332630,311.4450,311.4450,311.4450,311.4450
1787332631,311.4600,311.4600,311.4600,311.4600
1787332632,311.4500,311.4700,311.4500,311.4700
1787332637,311.4600,311.4600,311.4550,311.4550
1787332639,311.4600,311.4600,311.4600,311.4600
1787332641,311.4600,311.4700,311.4600,311.4700
1787332643,311.4650,311.4650,311.4650,311.4650
1787332644,311.4650,311.4650,311.4400,311.4400
1787332645,311.4100,311.4100,311.4000,311.4000
1787332647,311.4000,311.4000,311.4000,311.4000
1787332648,311.4000,311.4000,311.3700,311.3700
1787332650,311.3700,311.3700,311.3700,311.3700
1787332652,311.3600,311.3600,311.3600,311.3600
1787332653,311.3600,311.3600,311.3600,311.3600
1787332654,311.3500,311.3500,311.3500,311.3500
1787332655,311.3500,311.3600,311.3500,311.3600
1787332656,311.3700,311.3700,311.3700,311.3700
1787332658,311.3650,311.3650,311.3650,311.3650
1787332659,311.3800,311.3800,311.3800,311.3800
1787332660,311.3800,311.3850,311.3800,311.3800
1787332661,311.3900,311.4000,311.3900,311.4000
1787332664,311.4100,311.4100,311.4100,311.4100
1787332665,311.4000,311.4000,311.4000,311.4000
1787332668,311.4050,311.4050,311.3900,311.3900
1787332669,311.4000,311.4000,311.4000,311.4000
1787332671,311.4000,311.4000,311.4000,311.4000
1787332672,311.4000,311.4000,311.4000,311.4000
1787332673,311.4000,311.4000,311.4000,311.4000
1787332674,311.4000,311.4000,311.4000,311.4000
1787332676,311.4100,311.4100,311.4100,311.4100
1787332678,311.4000,311.4000,311.4000,311.4000
1787332679,311.4000,311.4000,311.3900,311.3900
1787332680,311.3800,311.3800,311.3800,311.3800
1787332681,311.3750,311.3750,311.3750,311.3750
1787332682,311.3750,311.3800,311.3750,311.3800
1787332683,311.3800,311.3900,311.3800,311.3900
1787332684,311.3900,311.3900,311.3900,311.3900
1787332685,311.4000,311.4000,311.4000,311.4000
1787332687,311.4000,311.4000,311.4000,311.4000
1787332688,311.3850,311.3850,311.3850,311.3850
1787332691,311.3800,311.3800,311.3800,311.3800
1787332692,311.3800,311.3800,311.3800,311.3800
1787332695,311.3700,311.3700,311.3700,311.3700
1787332697,311.3700,311.3700,311.3700,311.3700
1787332698,311.3600,311.3600,311.3500,311.3500
1787332702,311.3400,311.3500,311.3200,311.3500
1787332703,311.3400,311.3400,311.3400,311.3400
1787332704,311.3400,311.3400,311.3400,311.3400
1787332706,311.3300,311.3300,311.2900,311.2900
1787332707,311.2800,311.2800,311.2800,311.2800
1787332708,311.2800,311.2800,311.2800,311.2800
1787332709,311.2700,311.2700,311.2250,311.2600
1787332711,311.2700,311.2800,311.2500,311.2800
1787332713,311.2400,311.2400,311.2300,311.2400
1787332714,311.2600,311.2600,311.2600,311.2600
1787332715,311.2700,311.2700,311.2700,311.2700
1787332719,311.2300,311.2300,311.2300,311.2300
1787332720,311.2200,311.2200,311.2200,311.2200
1787332721,311.2300,311.2400,311.2250,311.2300
1787332722,311.2100,311.2100,311.2100,311.2100
1787332727,311.2300,311.2300,311.2300,311.2300
1787332728,311.2300,311.2500,311.2300,311.2500
1787332731,311.2400,311.2400,311.2400,311.2400
1787332732,311.2400,311.2400,311.2400,311.2400
1787332734,311.2400,311.2400,311.2200,311.2200
1787332737,311.2300,311.2300,311.2300,311.2300
1787332741,311.2350,311.2350,311.2300,311.2300
1787332742,311.2350,311.2350,311.2350,311.2350
1787332743,311.2400,311.2400,311.2400,311.2400
1787332744,311.2300,311.2400,311.2300,311.2400
1787332747,311.2350,311.2350,311.2350,311.2350
1787332748,311.2200,311.2200,311.2200,311.2200
1787332749,311.2200,311.2200,311.2200,311.2200
1787332750,311.2200,311.2200,311.2200,311.2200
1787332751,311.2200,311.2200,311.2200,311.2200
1787332752,311.2200,311.2200,311.2200,311.2200
1787332753,311.2100,311.2100,311.2100,311.2100
1787332754,311.2100,311.2100,311.1900,311.1900
1787332758,311.2000,311.2000,311.2000,311.2000
1787332760,311.2000,311.2000,311.2000,311.2000
1787332762,311.2000,311.2000,311.2000,311.2000
1787332763,311.2000,311.2000,311.2000,311.2000
1787332764,311.2100,311.2200,311.2100,311.2200
1787332769,311.2200,311.2200,311.2200,311.2200
1787332771,311.2250,311.2250,311.2250,311.2250
1787332775,311.2200,311.2200,311.2000,311.2000
1787332777,311.2000,311.2000,311.2000,311.2000
1787332781,311.2100,311.2200,311.2100,311.2200
1787332782,311.2300,311.3400,311.2300,311.3400
1787332788,311.3400,311.3600,311.3400,311.3600
1787332789,311.3650,311.3800,311.3650,311.3800
1787332792,311.4050,311.4150,311.4050,311.4100
1787332793,311.4000,311.4000,311.3700,311.3700
1787332795,311.3850,311.3850,311.3850,311.3850
1787332796,311.3900,311.3900,311.3900,311.3900
1787332797,311.4000,311.4000,311.4000,311.4000
1787332798,311.4100,311.4400,311.4100,311.4400
1787332799,311.4300,311.4300,311.4300,311.4300
1787332800,311.4400,311.4400,311.4400,311.4400
1787332801,311.4400,311.4400,311.4400,311.4400
1787332803,311.4600,311.4600,311.4600,311.4600
1787332804,311.4700,311.4700,311.4700,311.4700
1787332805,311.4800,311.4800,311.4800,311.4800
1787332806,311.4800,311.4900,311.4800,311.4900
1787332807,311.4850,311.4850,311.4700,311.4700
1787332808,311.4450,311.4450,311.4450,311.4450
1787332809,311.4300,311.4300,311.4300,311.4300
1787332810,311.4400,311.4400,311.4400,311.4400
1787332812,311.4200,311.4200,311.4200,311.4200
1787332814,311.3900,311.3900,311.3700,311.3700
1787332816,311.3800,311.3800,311.3750,311.3750
1787332817,311.3600,311.3600,311.3600,311.3600
1787332819,311.3800,311.4200,311.3800,311.4200
1787332820,311.4250,311.4250,311.4250,311.4250
1787332823,311.4050,311.4050,311.4050,311.4050
1787332824,311.4100,311.4200,311.4100,311.4200
1787332825,311.4100,311.4100,311.4100,311.4100
1787332826,311.4200,311.4200,311.4200,311.4200
1787332827,311.4100,311.4100,311.4100,311.4100
1787332832,311.4100,311.4200,311.4100,311.4200
1787332833,311.4300,311.4300,311.4300,311.4300
1787332834,311.4300,311.4400,311.4300,311.4300
1787332836,311.4300,311.4300,311.4300,311.4300
1787332837,311.4300,311.4300,311.4300,311.4300
1787332840,311.4200,311.4200,311.4200,311.4200
1787332841,311.4300,311.4300,311.4300,311.4300
1787332842,311.4300,311.4300,311.4300,311.4300
1787332844,311.4400,311.4700,311.4400,311.4700
1787332845,311.4700,311.4700,311.4700,311.4700
1787332847,311.4800,311.4800,311.4700,311.4800
1787332848,311.4800,311.4800,311.4800,311.4800
1787332851,311.4800,311.4800,311.4800,311.4800
1787332853,311.4800,311.4800,311.4800,311.4800
1787332855,311.4700,311.4700,311.4700,311.4700
1787332856,311.4600,311.4600,311.4500,311.4500
1787332860,311.4700,311.4800,311.4700,311.4800
1787332861,311.4900,311.5200,311.4900,311.5100
1787332863,311.5200,311.5200,311.5200,311.5200
1787332867,311.5200,311.5200,311.5200,311.5200
1787332869,311.5200,311.5200,311.5200,311.5200
1787332870,311.5000,311.5000,311.5000,311.5000
1787332871,311.5100,311.5100,311.5100,311.5100
1787332872,311.5200,311.5200,311.5150,311.5200
1787332873,311.5000,311.5000,311.5000,311.5000
1787332876,311.5000,311.5000,311.4900,311.4900
1787332877,311.5000,311.5100,311.5000,311.5100
1787332878,311.5200,311.5400,311.5100,311.5300
1787332880,311.5500,311.5700,311.5500,311.5700
1787332881,311.5700,311.5700,311.5700,311.5700
1787332882,311.5700,311.5700,311.5700,311.5700
1787332884,311.5900,311.6100,311.5900,311.6100
1787332887,311.6300,311.6300,311.6300,311.6300
1787332888,311.6300,311.6300,311.6300,311.6300
1787332889,311.6250,311.6250,311.6000,311.6000
1787332891,311.6000,311.6000,311.6000,311.6000
1787332894,311.6000,311.6000,311.6000,311.6000
1787332896,311.6300,311.6400,311.6300,311.6300
1787332897,311.6400,311.6500,311.6400,311.6500
1787332898,311.6200,311.6200,311.6200,311.6200
1787332899,311.6100,311.6100,311.6100,311.6100
1787332901,311.6100,311.6100,311.6100,311.6100
1787332907,311.5800,311.5800,311.5700,311.5700
1787332908,311.5700,311.5700,311.5600,311.5600
1787332909,311.5550,311.5550,311.5550,311.5550
1787332911,311.5400,311.5400,311.5400,311.5400
1787332912,311.5550,311.5550,311.5550,311.5550
1787332913,311.5300,311.5300,311.5300,311.5300
1787332915,311.5300,311.5300,311.5300,311.5300
1787332917,311.5250,311.5250,311.5250,311.5250
1787332921,311.5350,311.5600,311.5350,311.5500
1787332926,311.5100,311.5100,311.5000,311.5000
1787332927,311.5000,311.5000,311.4900,311.4900
1787332928,311.4600,311.4600,311.4400,311.4400
1787332930,311.4300,311.4300,311.4200,311.4300
1787332934,311.4100,311.4100,311.4100,311.4100
1787332940,311.4000,311.4000,311.3500,311.3500
1787332942,311.3600,311.3950,311.3600,311.3950
1787332943,311.3900,311.3900,311.3900,311.3900
1787332945,311.4300,311.4300,311.4300,311.4300
1787332946,311.4100,311.4100,311.4100,311.4100
1787332948,311.3700,311.3700,311.3600,311.3600
1787332955,311.3600,311.3600,311.3600,311.3600
1787332956,311.3750,311.3750,311.3750,311.3750
1787332959,311.3750,311.3750,311.3750,311.3750
1787332960,311.3850,311.4000,311.3850,311.4000
1787332962,311.3900,311.3900,311.3900,311.3900
1787332964,311.3900,311.3900,311.3900,311.3900
1787332965,311.3800,311.3800,311.3800,311.3800
1787332968,311.3800,311.3800,311.3800,311.3800
1787332969,311.3600,311.3600,311.3400,311.3400
1787332973,311.3300,311.3300,311.3200,311.3200
1787332974,311.3150,311.3150,311.3150,311.3150
1787332975,311.3300,311.3300,311.3100,311.3100
1787332978,311.3250,311.3250,311.3250,311.3250
1787332979,311.3400,311.3400,311.3400,311.3400
1787332980,311.3500,311.3500,311.3500,311.3500
1787332981,311.3600,311.3600,311.3600,311.3600
1787332984,311.3900,311.3900,311.3900,311.3900
1787332986,311.3700,311.3800,311.3700,311.3800
1787332987,311.3900,311.4000,311.3900,311.4000
1787332989,311.3900,311.4100,311.3900,311.4100
1787332990,311.4000,311.4000,311.4000,311.4000
1787332991,311.4000,311.4000,311.4000,311.4000
1787332992,311.4000,311.4000,311.4000,311.4000
1787332993,311.4100,311.4100,311.4100,311.4100
1787332994,311.4300,311.4300,311.4300,311.4300
1787332995,311.4200,311.4200,311.4150,311.4150
1787332996,311.4200,311.4200,311.4200,311.4200
1787332998,311.4400,311.4500,311.4400,311.4500
1787332999,311.4600,311.4600,311.4600,311.4600
1787333000,311.4700,311.4700,311.4700,311.4700
1787333002,311.4700,311.4700,311.4700,311.4700
1787333003,311.4700,311.4900,311.4700,311.4900
1787333004,311.4700,311.4700,311.4700,311.4700
1787333005,311.4600,311.4600,311.4500,311.4500
1787333006,311.4500,311.4500,311.4500,311.4500
1787333008,311.4600,311.4600,311.4600,311.4600
1787333010,311.4600,311.4600,311.4600,311.4600
1787333012,311.4700,311.4700,311.4700,311.4700
1787333014,311.4700,311.5000,311.4700,311.5000
1787333015,311.5100,311.5100,311.4800,311.4800
1787333016,311.4800,311.4800,311.4800,311.4800
1787333017,311.4850,311.4850,311.4850,311.4850
1787333018,311.4800,311.4900,311.4800,311.4800
1787333019,311.4800,311.4800,311.4800,311.4800
1787333020,311.4900,311.4900,311.4800,311.4800
1787333021,311.5000,311.5000,311.5000,311.5000
1787333022,311.5100,311.5100,311.5100,311.5100
1787333023,311.5000,311.5000,311.5000,311.5000
1787333024,311.4900,311.4900,311.4900,311.4900
1787333025,311.5100,311.5100,311.5100,311.5100
1787333026,311.4950,311.4950,311.4950,311.4950
1787333027,311.5000,311.5000,311.5000,311.5000
1787333029,311.5050,311.5200,311.5000,311.5050
1787333031,311.5150,311.5200,311.5100,311.5200
1787333033,311.5300,311.5300,311.5300,311.5300
1787333035,311.5400,311.5550,311.5400,311.5550
1787333036,311.5600,311.5600,311.5500,311.5600
1787333037,311.5500,311.5500,311.5500,311.5500
1787333039,311.5500,311.5500,311.5300,311.5300
1787333040,311.5100,311.5100,311.5100,311.5100
1787333041,311.5100,311.5100,311.5100,311.5100
1787333042,311.5100,311.5100,311.5000,311.5050
1787333043,311.5000,311.5000,311.5000,311.5000
1787333045,311.4800,311.4800,311.4800,311.4800
1787333050,311.4500,311.4500,311.3000,311.3000
1787333051,311.2500,311.2500,311.2400,311.2400
1787333052,311.2900,311.3100,311.2900,311.3000
1787333055,311.2800,311.2800,311.2800,311.2800
1787333057,311.2800,311.2800,311.2800,311.2800
1787333060,311.2700,311.2800,311.2700,311.2800
1787333062,311.2500,311.2500,311.2450,311.2450
1787333064,311.2450,311.2450,311.2450,311.2450
1787333065,311.2550,311.2600,311.2550,311.2600
1787333066,311.2700,311.2700,311.2700,311.2700
1787333068,311.2800,311.2800,311.2800,311.2800
1787333071,311.2700,311.2700,311.2500,311.2500
1787333073,311.2450,311.2450,311.2400,311.2400
1787333074,311.2200,311.2200,311.2200,311.2200
1787333075,311.2100,311.2100,311.2100,311.2100
1787333076,311.2150,311.2150,311.1200,311.1300
1787333077,311.1300,311.1300,311.1200,311.1200
1787333078,311.1000,311.1000,311.1000,311.1000
1787333079,311.1200,311.1800,311.1200,311.1800
1787333080,311.1700,311.1700,311.1700,311.1700
1787333082,311.1500,311.1500,311.1500,311.1500
1787333085,311.1550,311.1550,311.1550,311.1550
1787333086,311.1550,311.1700,311.1550,311.1700
1787333087,311.1800,311.1950,311.1800,311.1950
1787333088,311.1900,311.2000,311.1900,311.2000
1787333090,311.2300,311.2600,311.2300,311.2600
1787333091,311.2600,311.2600,311.2600,311.2600
1787333092,311.2600,311.2600,311.2600,311.2600
1787333093,311.2700,311.3000,311.2700,311.3000
1787333094,311.3100,311.3200,311.3100,311.3200
1787333095,311.3400,311.3400,311.3400,311.3400
1787333097,311.3000,311.3000,311.3000,311.3000
1787333098,311.2800,311.2800,311.2800,311.2800
1787333100,311.2950,311.3100,311.2950,311.3100
1787333101,311.3000,311.3000,311.3000,311.3000
1787333105,311.2800,311.2800,311.2800,311.2800
1787333107,311.3000,311.3400,311.3000,311.3400
1787333108,311.3500,311.3600,311.3500,311.3600
1787333109,311.3450,311.3450,311.3450,311.3450
1787333110,311.3700,311.3700,311.3700,311.3700
1787333111,311.4000,311.4000,311.3700,311.3700
1787333113,311.3500,311.3500,311.3500,311.3500
1787333117,311.3600,311.3600,311.3500,311.3500
1787333118,311.3600,311.3600,311.3600,311.3600
1787333120,311.3400,311.3400,311.3400,311.3400
1787333122,311.3400,311.3400,311.3400,311.3400
1787333123,311.3400,311.3400,311.3400,311.3400
1787333127,311.3400,311.3400,311.3200,311.3300
1787333129,311.3400,311.3600,311.3400,311.3600
1787333133,311.3550,311.3550,311.3400,311.3400
1787333136,311.3300,311.3300,311.3000,311.3000
1787333139,311.2200,311.2200,311.2000,311.2200
1787333143,311.2400,311.2400,311.2400,311.2400
1787333147,311.2200,311.2400,311.2100,311.2400
1787333148,311.2500,311.2600,311.2100,311.2100
1787333152,311.2200,311.2200,311.2200,311.2200
1787333153,311.2100,311.2100,311.2100,311.2100
1787333155,311.1700,311.1700,311.1700,311.1700
1787333156,311.1700,311.1800,311.1700,311.1800
1787333157,311.1600,311.1600,311.1600,311.1600
1787333161,311.1700,311.1700,311.1700,311.1700
1787333162,311.1800,311.1800,311.1800,311.1800
1787333163,311.1700,311.1700,311.1700,311.1700
1787333164,311.1800,311.1800,311.1800,311.1800
1787333165,311.1700,311.1700,311.1700,311.1700
1787333166,311.1700,311.2000,311.1700,311.2000
1787333168,311.2000,311.2000,311.2000,311.2000
1787333169,311.2000,311.2000,311.2000,311.2000
1787333170,311.2000,311.2000,311.1700,311.1900
1787333171,311.1800,311.2100,311.1800,311.2100
1787333173,311.2100,311.2300,311.2100,311.2300
1787333176,311.2100,311.2100,311.1800,311.1800
1787333179,311.1600,311.1600,311.1600,311.1600
1787333181,311.1600,311.1700,311.1600,311.1600
1787333183,311.1600,311.1600,311.1600,311.1600
1787333185,311.1600,311.1700,311.1600,311.1700
1787333186,311.1800,311.1800,311.1800,311.1800
1787333187,311.1600,311.1600,311.1600,311.1600
1787333188,311.1500,311.1500,311.1500,311.1500
1787333189,311.1400,311.1400,311.1400,311.1400
1787333190,311.1000,311.1000,311.0700,311.0700
1787333191,311.0800,311.0800,311.0800,311.0800
1787333192,311.0700,311.0700,311.0600,311.0600
1787333193,311.0700,311.0700,311.0500,311.0500
1787333194,311.0600,311.0600,311.0300,311.0300
1787333197,311.0500,311.0500,311.0500,311.0500
1787333198,311.0600,311.0600,311.0600,311.0600
1787333199,311.0700,311.1100,311.0700,311.1100
1787333200,311.1000,311.1000,311.1000,311.1000
1787333201,311.1100,311.1100,311.1100,311.1100
1787333206,311.1100,311.1100,311.1100,311.1100
1787333207,311.1100,311.1100,311.1100,311.1100
1787333208,311.1000,311.1000,311.0800,311.0800
1787333210,311.0900,311.0900,311.0900,311.0900
1787333211,311.0700,311.0700,311.0600,311.0600
1787333214,311.0500,311.0500,311.0500,311.0500
1787333221,311.0400,311.0500,311.0400,311.0500
1787333223,311.0600,311.0600,311.0500,311.0500
1787333224,311.0400,311.0400,311.0400,311.0400
1787333225,311.0300,311.0350,311.0300,311.0350
1787333226,311.0200,311.0200,311.0200,311.0200
1787333229,311.0200,311.0200,311.0200,311.0200
1787333230,311.0400,311.0400,311.0300,311.0300
1787333232,311.0400,311.0400,311.0400,311.0400
1787333233,311.0200,311.0200,311.0200,311.0200
1787333236,311.0300,311.0500,311.0300,311.0450
1787333239,311.0200,311.0500,311.0200,311.0450
1787333243,311.0500,311.0500,311.0400,311.0400
1787333244,311.0300,311.0300,311.0200,311.0200
1787333247,311.0400,311.0400,311.0400,311.0400
1787333249,311.0500,311.0500,311.0500,311.0500
1787333251,311.0600,311.0600,311.0600,311.0600
1787333253,311.0700,311.0700,311.0700,311.0700
1787333255,311.0700,311.0700,311.0700,311.0700
1787333257,311.0700,311.0700,311.0600,311.0700
1787333258,311.0700,311.0700,311.0700,311.0700
1787333259,311.0650,311.0650,311.0650,311.0650
1787333260,311.0800,311.0800,311.0800,311.0800
1787333261,311.0800,311.0800,311.0800,311.0800
1787333262,311.0800,311.0800,311.0800,311.0800
1787333263,311.0750,311.0750,311.0750,311.0750
1787333266,311.0800,311.0800,311.0700,311.0700
1787333268,311.0650,311.0650,311.0650,311.0650
1787333269,311.0600,311.0600,311.0600,311.0600
1787333270,311.0650,311.0650,311.0650,311.0650
1787333271,311.0600,311.0600,311.0400,311.0400
1787333273,311.0300,311.0300,311.0200,311.0200
1787333274,311.0200,311.0200,311.0200,311.0200
1787333276,311.0100,311.1200,310.9800,311.1000
1787333279,311.1200,311.1600,311.1200,311.1600
1787333280,311.1700,311.1800,311.1700,311.1800
1787333281,311.1500,311.1500,311.1500,311.1500
1787333282,311.1350,311.1350,311.1350,311.1350
1787333283,311.1400,311.1400,311.1300,311.1400
1787333284,311.1400,311.1500,311.1400,311.1500
1787333285,311.1600,311.1700,311.1600,311.1700
1787333286,311.1700,311.1700,311.1700,311.1700
1787333287,311.1800,311.1900,311.1800,311.1900
1787333288,311.1900,311.1900,311.1800,311.1800
1787333289,311.1900,311.1900,311.1900,311.1900
1787333292,311.1600,311.1700,311.1600,311.1700
1787333293,311.1600,311.1700,311.1500,311.1700
1787333294,311.1800,311.1800,311.1800,311.1800
1787333296,311.1650,311.1800,311.1650,311.1700
1787333297,311.1700,311.1700,311.1700,311.1700
1787333302,311.1600,311.1600,311.1500,311.1500
1787333303,311.1500,311.1500,311.1400,311.1400
1787333304,311.1500,311.1500,311.1500,311.1500
1787333305,311.1500,311.1500,311.1500,311.1500
1787333307,311.1500,311.1500,311.1500,311.1500
1787333309,311.1300,311.1300,311.1300,311.1300
1787333310,311.1100,311.1100,311.1100,311.1100
1787333311,311.1200,311.1700,311.1200,311.1700
1787333313,311.1900,311.2000,311.1900,311.2000
1787333314,311.2000,311.2000,311.2000,311.2000
1787333317,311.2100,311.2100,311.2100,311.2100
1787333318,311.2200,311.2300,311.2200,311.2300
1787333319,311.2200,311.2200,311.2000,311.2000
1787333321,311.1900,311.1900,311.1800,311.1800
1787333322,311.2200,311.2200,311.2200,311.2200
1787333323,311.2100,311.2100,311.2000,311.2000
1787333324,311.2000,311.2000,311.2000,311.2000
1787333327,311.2000,311.2200,311.2000,311.2200
1787333328,311.2300,311.2300,311.2300,311.2300
1787333333,311.2000,311.2000,311.2000,311.2000
1787333337,311.1900,311.1900,311.1700,311.1700
1787333338,311.1700,311.1700,311.1700,311.1700
1787333340,311.1700,311.1700,311.1400,311.1400
1787333342,311.2000,311.2000,311.1900,311.1900
1787333343,311.1800,311.1800,311.1800,311.1800
1787333344,311.1700,311.1700,311.1700,311.1700
1787333348,311.1750,311.1750,311.1750,311.1750
1787333351,311.1700,311.1700,311.1500,311.1500
1787333358,311.1400,311.1400,311.1300,311.1300
1787333359,311.1500,311.1500,311.1500,311.1500
1787333360,311.1400,311.1400,311.1400,311.1400
1787333363,311.1500,311.1500,311.1500,311.1500
1787333367,311.1400,311.1400,311.1400,311.1400
1787333368,311.1400,311.1400,311.1400,311.1400
1787333369,311.1500,311.1500,311.1500,311.1500
1787333372,311.1500,311.1500,311.1400,311.1400
1787333373,311.1400,311.1400,311.1400,311.1400
1787333375,311.1300,311.1300,311.1300,311.1300
1787333378,311.1100,311.1100,311.1000,311.1000
1787333379,311.1000,311.1000,311.0700,311.0800
1787333380,311.1000,311.1300,311.1000,311.1300
1787333381,311.1200,311.1200,311.1200,311.1200
1787333383,311.1100,311.1100,311.1100,311.1100
1787333385,311.1000,311.1000,311.0900,311.0900
1787333387,311.0900,311.0900,311.0900,311.0900
1787333388,311.0950,311.0950,311.0900,311.0900
1787333389,311.0800,311.0900,311.0600,311.0600
1787333391,311.0900,311.1000,311.0900,311.0900
1787333394,311.0500,311.0500,311.0250,311.0500
1787333398,311.0700,311.0700,311.0600,311.0600
1787333400,311.0200,311.0200,311.0200,311.0200
1787333402,311.0100,311.0300,311.0100,311.0300
1787333403,311.0200,311.0200,311.0200,311.0200
1787333404,311.0300,311.0300,311.0200,311.0200
1787333405,311.0200,311.0400,311.0200,311.0400
1787333406,311.0600,311.1100,311.0600,311.1100
1787333407,311.1100,311.1100,311.1100,311.1100
1787333408,311.1100,311.1100,311.1100,311.1100
1787333410,311.1100,311.1100,311.1100,311.1100
1787333411,311.1200,311.1200,311.1200,311.1200
1787333413,311.1100,311.1100,311.1100,311.1100
1787333414,311.1100,311.1100,311.1100,311.1100
1787333415,311.1100,311.1100,311.1100,311.1100
1787333416,311.1100,311.1100,311.1100,311.1100
1787333417,311.1000,311.1200,311.1000,311.1200
1787333418,311.1300,311.1300,311.1300,311.1300
1787333419,311.1400,311.1400,311.1300,311.1300
1787333421,311.1200,311.1200,311.1200,311.1200
1787333422,311.1100,311.1100,311.0900,311.1000
1787333423,311.1000,311.1000,311.1000,311.1000
1787333424,311.1000,311.1000,311.1000,311.1000
1787333425,311.1100,311.1100,311.1100,311.1100
1787333426,311.1200,311.1200,311.1200,311.1200
1787333428,311.1200,311.1300,311.1200,311.1300
1787333429,311.1300,311.1300,311.1300,311.1300
1787333430,311.1300,311.1300,311.1300,311.1300
1787333431,311.1300,311.1300,311.1300,311.1300
1787333433,311.1200,311.1200,311.1200,311.1200
1787333437,311.1300,311.1300,311.1300,311.1300
1787333438,311.1100,311.1100,311.1100,311.1100
1787333441,311.1100,311.1300,311.1100,311.1300
1787333444,311.1300,311.1300,311.1300,311.1300
1787333445,311.1200,311.1200,311.1200,311.1200
1787333450,311.1200,311.1200,311.1200,311.1200
1787333451,311.1100,311.1100,311.0900,311.1000
1787333458,311.1100,311.1100,311.1000,311.1000
1787333461,311.1150,311.1300,311.1150,311.1300
1787333464,311.1200,311.1200,311.1200,311.1200
1787333467,311.1200,311.1200,311.1200,311.1200
1787333469,311.1200,311.1200,311.1100,311.1100
1787333470,311.1200,311.1200,311.1200,311.1200
1787333473,311.1200,311.1200,311.1200,311.1200
1787333474,311.1200,311.1200,311.1200,311.1200
1787333478,311.1000,311.1000,311.1000,311.1000
1787333480,311.0800,311.0900,311.0750,311.0850
1787333483,311.1000,311.1400,311.0900,311.1400
1787333486,311.1550,311.1550,311.1550,311.1550
1787333491,311.1600,311.1600,311.1500,311.1500
1787333494,311.1400,311.1400,311.1400,311.1400
1787333496,311.1400,311.1400,311.1400,311.1400
1787333499,311.1200,311.1200,311.1200,311.1200
1787333501,311.1200,311.1200,311.1200,311.1200
1787333502,311.1000,311.1100,311.1000,311.1100
1787333503,311.1200,311.1300,311.1200,311.1300
1787333506,311.1300,311.1300,311.1300,311.1300
1787333508,311.1300,311.1300,311.1300,311.1300
1787333509,311.1200,311.1250,311.1200,311.1200
1787333511,311.1100,311.1100,311.1000,311.1000
1787333512,311.0900,311.0900,311.0900,311.0900
1787333518,311.0700,311.0700,311.0700,311.0700
1787333524,311.0600,311.0600,311.0600,311.0600
1787333529,311.0200,311.0200,311.0100,311.0100
1787333530,311.0000,311.0000,311.0000,311.0000
1787333532,311.0000,311.0000,310.9900,310.9900
1787333533,310.9900,310.9900,310.9900,310.9900
1787333534,311.0000,311.0000,311.0000,311.0000
1787333540,311.0050,311.0100,311.0050,311.0100
1787333542,311.0000,311.0000,311.0000,311.0000
1787333544,310.9900,310.9900,310.9900,310.9900
1787333545,310.9900,310.9900,310.9900,310.9900
1787333546,310.9900,310.9900,310.9800,310.9900
1787333547,310.9700,311.0000,310.9700,311.0000
1787333548,311.0100,311.0100,311.0100,311.0100
1787333550,311.0200,311.0200,311.0200,311.0200
1787333553,311.0100,311.0100,311.0100,311.0100
1787333554,311.0050,311.0050,311.0050,311.0050
1787333557,311.0000,311.0000,311.0000,311.0000
1787333559,311.0000,311.0000,311.0000,311.0000
1787333560,311.0000,311.0000,311.0000,311.0000
1787333563,311.0050,311.0050,311.0050,311.0050
1787333565,311.0000,311.0000,310.9900,310.9900
1787333566,310.9950,310.9950,310.9950,310.9950
1787333567,311.0000,311.0000,311.0000,311.0000
1787333568,310.9950,311.0400,310.9950,311.0400
1787333571,311.0250,311.0250,311.0250,311.0250
1787333572,311.0100,311.0100,311.0100,311.0100
1787333573,311.0000,311.0100,311.0000,311.0100
1787333576,311.0000,311.0000,311.0000,311.0000
1787333577,311.0200,311.0300,310.9900,311.0050
1787333581,311.0200,311.0200,311.0200,311.0200
1787333583,311.0400,311.0600,311.0400,311.0400
1787333584,311.0100,311.0250,311.0100,311.0250
1787333585,311.0350,311.0500,311.0350,311.0500
1787333586,311.0600,311.0600,311.0600,311.0600
1787333588,311.0700,311.0800,311.0700,311.0800
1787333590,311.0800,311.0800,311.0800,311.0800
1787333592,311.0600,311.0600,311.0600,311.0600
1787333593,311.0400,311.0400,311.0100,311.0100
1787333594,311.0300,311.0300,311.0300,311.0300
1787333596,311.0100,311.0100,310.9950,311.0100
1787333597,311.0100,311.0100,311.0100,311.0100
1787333600,311.0150,311.0200,311.0150,311.0200
1787333601,311.0300,311.0400,311.0200,311.0200
1787333602,311.0500,311.0500,311.0500,311.0500
1787333603,311.0400,311.0500,311.0350,311.0500
1787333604,311.0500,311.0500,311.0500,311.0500
1787333606,311.0350,311.0400,311.0350,311.0400
1787333607,311.0400,311.0400,311.0400,311.0400
1787333608,311.0400,311.0400,311.0400,311.0400
1787333609,311.0350,311.0350,311.0350,311.0350
1787333611,311.0200,311.0200,311.0200,311.0200
1787333613,311.0150,311.0200,311.0000,311.0200
1787333614,311.0100,311.0100,311.0100,311.0100
1787333616,311.0100,311.0100,311.0100,311.0100
1787333617,311.0150,311.0150,311.0150,311.0150
1787333618,311.0200,311.0300,311.0200,311.0300
1787333619,311.0200,311.0200,311.0200,311.0200
1787333621,311.0250,311.0250,311.0250,311.0250
1787333622,311.0250,311.0250,311.0250,311.0250
1787333624,311.0200,311.0200,310.9900,310.9900
1787333625,310.9700,310.9900,310.9700,310.9900
1787333627,310.9950,310.9950,310.9600,310.9600
1787333628,310.9600,310.9600,310.9600,310.9600
1787333629,310.9500,310.9500,310.9500,310.9500
1787333630,310.9500,310.9600,310.9500,310.9600
1787333631,310.9600,310.9600,310.9600,310.9600
1787333634,310.9600,310.9600,310.9500,310.9500
1787333636,310.9550,310.9550,310.9550,310.9550
1787333637,310.9500,310.9550,310.9500,310.9550
1787333638,310.9600,311.0800,310.9600,311.0800
1787333639,311.0700,311.0700,311.0700,311.0700
1787333641,311.0700,311.0700,311.0500,311.0500
1787333642,311.0500,311.0500,311.0500,311.0500
1787333643,311.0500,311.0500,311.0500,311.0500
1787333646,311.0300,311.0300,311.0300,311.0300
1787333650,311.0400,311.0450,311.0400,311.0400
1787333655,311.0400,311.0400,311.0300,311.0300
1787333657,311.0200,311.0200,311.0200,311.0200
1787333658,311.0000,311.0000,311.0000,311.0000
1787333659,311.0200,311.0200,311.0200,311.0200
1787333660,311.0200,311.0300,311.0200,311.0300
1787333661,311.0250,311.0250,311.0250,311.0250
1787333662,311.0100,311.0100,311.0100,311.0100
1787333663,311.0100,311.0100,310.9900,310.9900
1787333664,311.0000,311.0000,311.0000,311.0000
1787333667,311.0050,311.0050,311.0050,311.0050
1787333669,310.9700,310.9700,310.9700,310.9700
1787333670,310.9600,310.9600,310.9600,310.9600
1787333671,310.9600,310.9600,310.9600,310.9600
1787333672,310.9700,310.9800,310.9700,310.9800
1787333676,310.9800,310.9800,310.9800,310.9800
1787333678,310.9600,310.9600,310.9500,310.9500
1787333679,310.9500,310.9500,310.8700,310.8750
1787333680,310.8800,310.8800,310.8750,310.8750
1787333681,310.8900,310.9000,310.8800,310.8800
1787333684,310.9000,310.9000,310.9000,310.9000
1787333688,310.8800,310.9000,310.8800,310.9000
1787333690,310.8600,310.8600,310.8400,310.8600
1787333692,310.8600,310.8600,310.8600,310.8600
1787333693,310.8500,310.8500,310.8500,310.8500
1787333694,310.8500,310.8500,310.8200,310.8200
1787333695,310.8200,310.8200,310.8000,310.8000
1787333696,310.8100,310.8100,310.8100,310.8100
1787333697,310.8000,310.8000,310.7900,310.8000
1787333699,310.7800,310.7800,310.7800,310.7800
1787333702,310.7600,310.7600,310.7500,310.7500
1787333703,310.7500,310.7500,310.7100,310.7100
1787333705,310.7100,310.7100,310.7000,310.7000
1787333706,310.6900,310.6900,310.6900,310.6900
1787333707,310.7000,310.7000,310.7000,310.7000
1787333709,310.7100,310.7100,310.7100,310.7100
1787333711,310.7200,310.7200,310.7200,310.7200
1787333713,310.7000,310.7000,310.7000,310.7000
1787333714,310.7200,310.7200,310.7200,310.7200
1787333715,310.7200,310.7200,310.7200,310.7200
1787333716,310.7300,310.7500,310.7300,310.7500
1787333721,310.7300,310.7300,310.7300,310.7300
1787333724,310.7200,310.7200,310.7200,310.7200
1787333725,310.7000,310.7000,310.7000,310.7000
1787333726,310.6900,310.6900,310.6900,310.6900
1787333727,310.6800,310.6800,310.6700,310.6700
1787333728,310.6600,310.6600,310.3800,310.4100
1787333729,310.3900,310.4100,310.3900,310.4100
1787333730,310.3950,310.6300,310.3800,310.5600
1787333731,310.5300,310.5300,310.5200,310.5200
1787333734,310.5000,310.5000,310.5000,310.5000
1787333735,310.5050,310.5400,310.5050,310.5400
1787333736,310.5550,310.5550,310.5400,310.5550
1787333737,310.5400,310.5400,310.5200,310.5300
1787333739,310.5100,310.5100,310.5100,310.5100
1787333740,310.5050,310.5500,310.5050,310.5100
1787333741,310.5050,310.5050,310.5050,310.5050
1787333742,310.4800,310.5500,310.4800,310.5500
1787333743,310.5600,310.5700,310.5600,310.5700
1787333744,310.5800,310.6800,310.5800,310.6500
1787333747,310.6700,310.6800,310.6700,310.6800
1787333749,310.7300,310.7300,310.6900,310.6900
1787333751,310.7000,310.7000,310.7000,310.7000
1787333752,310.7200,310.7300,310.7200,310.7200
1787333754,310.7000,310.7000,310.7000,310.7000
1787333755,310.7100,310.7100,310.6800,310.6800
1787333756,310.6900,310.6900,310.6900,310.6900
1787333757,310.7000,310.7000,310.7000,310.7000
1787333759,310.6900,310.6900,310.6900,310.6900
1787333760,310.7000,310.7100,310.7000,310.7100
1787333762,310.7100,310.7100,310.6900,310.6900
1787333763,310.6700,310.6700,310.6600,310.6600
1787333765,310.6800,310.6800,310.6800,310.6800
1787333767,310.6750,310.6750,310.6750,310.6750
1787333768,310.6600,310.6600,310.6400,310.6400
1787333771,310.6300,310.6500,310.6300,310.6500
1787333772,310.6500,310.6500,310.6500,310.6500
1787333773,310.6200,310.6200,310.6200,310.6200
1787333774,310.6200,310.6200,310.6200,310.6200
1787333775,310.6200,310.6300,310.6200,310.6200
1787333777,310.6400,310.6700,310.6400,310.6700
1787333778,310.6800,310.6800,310.6800,310.6800
1787333779,310.6800,310.6800,310.6800,310.6800
1787333780,310.6600,310.6600,310.6500,310.6500
1787333781,310.6300,310.6400,310.6300,310.6400
1787333782,310.6400,310.6400,310.6400,310.6400
1787333784,310.6400,310.6400,310.6400,310.6400
1787333785,310.6200,310.6200,310.6200,310.6200
1787333786,310.6200,310.6300,310.6200,310.6300
1787333787,310.6200,310.6300,310.6200,310.6200
1787333789,310.6350,310.6800,310.6350,310.6600
1787333790,310.6400,310.6400,310.6400,310.6400
1787333791,310.6300,310.6350,310.6300,310.6350
1787333792,310.6500,310.6500,310.6300,310.6300
1787333793,310.6600,310.6700,310.6500,310.6500
1787333796,310.6400,310.6400,310.6400,310.6400
1787333802,310.6200,310.6200,310.6000,310.6000
1787333805,310.6200,310.6200,310.6200,310.6200
1787333806,310.6000,310.6000,310.6000,310.6000
1787333808,310.6400,310.6400,310.6400,310.6400
1787333809,310.6350,310.6350,310.6100,310.6100
1787333813,310.6200,310.6200,310.6200,310.6200
1787333815,310.6200,310.6200,310.6200,310.6200
1787333817,310.6200,310.6200,310.6200,310.6200
1787333818,310.6100,310.6300,310.6000,310.6300
1787333822,310.6100,310.6100,310.6100,310.6100
1787333823,310.6050,310.6050,310.6050,310.6050
1787333824,310.6100,310.6100,310.6100,310.6100
1787333825,310.6050,310.6050,310.6000,310.6000
1787333827,310.6000,310.6000,310.6000,310.6000
1787333829,310.6000,310.6000,310.6000,310.6000
1787333831,310.6000,310.6100,310.6000,310.6100
1787333832,310.6100,310.6100,310.6100,310.6100
1787333833,310.6000,310.6100,310.6000,310.6100
1787333834,310.6100,310.6100,310.6100,310.6100
1787333835,310.5800,310.6000,310.5700,310.5700
1787333836,310.5800,310.5800,310.5600,310.5600
1787333837,310.5600,310.5600,310.5500,310.5500
1787333838,310.5400,310.5600,310.5400,310.5600
1787333839,310.5650,310.5650,310.5650,310.5650
1787333840,310.5650,310.5650,310.5650,310.5650
1787333842,310.5700,310.5700,310.5700,310.5700
1787333844,310.5700,310.5700,310.5600,310.5600
1787333846,310.5600,310.5600,310.5400,310.5400
1787333847,310.5700,310.5700,310.5700,310.5700
1787333849,310.5650,310.5700,310.5650,310.5700
1787333852,310.5700,310.5700,310.5700,310.5700
1787333855,310.5600,310.5700,310.5600,310.5700
1787333857,310.5700,310.5700,310.5700,310.5700
1787333858,310.5650,310.5650,310.5600,310.5600
1787333859,310.5500,310.5500,310.5500,310.5500
1787333862,310.5300,310.5600,310.5300,310.5600
1787333863,310.5500,310.5500,310.5500,310.5500
1787333867,310.5300,310.5300,310.4900,310.4900
1787333870,310.4550,310.4550,310.4550,310.4550
1787333872,310.4400,310.4400,310.4200,310.4200
1787333873,310.4300,310.4300,310.4300,310.4300
1787333874,310.4600,310.4600,310.4600,310.4600
1787333875,310.4400,310.4400,310.4250,310.4250
1787333878,310.4500,310.4500,310.4500,310.4500
1787333880,310.4250,310.4250,310.4250,310.4250
1787333881,310.4300,310.4300,310.4300,310.4300
1787333883,310.4100,310.4100,310.4000,310.4000
1787333884,310.4200,310.4200,310.4200,310.4200
1787333886,310.4200,310.4200,310.4000,310.4000
1787333887,310.3800,310.4000,310.3800,310.4000
1787333888,310.3900,310.3900,310.3900,310.3900
1787333889,310.4000,310.4100,310.4000,310.4100
1787333894,310.4150,310.4200,310.4150,310.4200
1787333895,310.4200,310.4200,310.4200,310.4200
1787333896,310.4000,310.4000,310.4000,310.4000
1787333897,310.4100,310.4200,310.4100,310.4200
1787333898,310.4050,310.4400,310.4050,310.4400
1787333903,310.4100,310.4100,310.4100,310.4100
1787333905,310.4150,310.4150,310.4000,310.4000
1787333906,310.4100,310.4100,310.4100,310.4100
1787333909,310.4200,310.4200,310.4200,310.4200
1787333911,310.4200,310.4200,310.4200,310.4200
1787333912,310.4300,310.4300,310.4300,310.4300
1787333914,310.4300,310.4300,310.4300,310.4300
1787333915,310.4200,310.4200,310.4200,310.4200
1787333916,310.4200,310.4200,310.4200,310.4200
1787333918,310.4300,310.4300,310.4300,310.4300
1787333919,310.4200,310.4200,310.4100,310.4100
1787333925,310.4150,310.4150,310.4150,310.4150
1787333926,310.4100,310.4100,310.4100,310.4100
1787333927,310.4100,310.4100,310.4000,310.4100
1787333930,310.4000,310.4000,310.3200,310.3200
1787333931,310.3150,310.3150,310.3150,310.3150
1787333932,310.3100,310.3150,310.3100,310.3150
1787333933,310.3150,310.3150,310.3150,310.3150
1787333934,310.3300,310.3500,310.3300,310.3500
1787333935,310.3550,310.3550,310.3500,310.3500
1787333937,310.3500,310.3500,310.3500,310.3500
1787333939,310.3300,310.3300,310.3300,310.3300
1787333941,310.3500,310.3500,310.3400,310.3400
1787333945,310.3400,310.3400,310.3400,310.3400
1787333947,310.3500,310.3550,310.3500,310.3550
1787333948,310.3500,310.3500,310.3500,310.3500
1787333953,310.3600,310.3700,310.3600,310.3700
1787333955,310.3700,310.3800,310.3700,310.3800
1787333956,310.3900,310.3900,310.3900,310.3900
1787333958,310.3850,310.3850,310.3800,310.3800
1787333961,310.3800,310.3800,310.3800,310.3800
1787333962,310.3800,310.3800,310.3800,310.3800
1787333963,310.3800,310.3800,310.3800,310.3800
1787333964,310.3700,310.3700,310.3600,310.3600
1787333966,310.3400,310.3400,310.3400,310.3400
1787333967,310.3450,310.3450,310.3450,310.3450
1787333970,310.3550,310.3550,310.3500,310.3500
1787333971,310.3500,310.3500,310.3500,310.3500
1787333973,310.3500,310.3700,310.3500,310.3700
1787333974,310.3700,310.3700,310.3700,310.3700
1787333977,310.3400,310.3400,310.3350,310.3400
1787333979,310.3500,310.3500,310.3300,310.3300
1787333986,310.3400,310.3400,310.3300,310.3400
1787333987,310.3300,310.3300,310.3200,310.3250
1787333988,310.3300,310.3300,310.3300,310.3300
1787333995,310.3200,310.3200,310.3200,310.3200
1787333996,310.3100,310.3100,310.3100,310.3100
1787333997,310.3000,310.3000,310.2800,310.2800
1787333999,310.2800,310.3300,310.2800,310.3200
1787334000,310.3150,310.3150,310.3100,310.3100
1787334004,310.3150,310.3200,310.3150,310.3200
1787334008,310.3000,310.3000,310.3000,310.3000
1787334009,310.2800,310.2800,310.2800,310.2800
1787334010,310.2650,310.2900,310.2650,310.2900
1787334011,310.2800,310.2800,310.2800,310.2800
1787334014,310.2900,310.2900,310.2900,310.2900
1787334017,310.2900,310.2900,310.2800,310.2800
1787334018,310.2800,310.3100,310.2750,310.3100
1787334019,310.3300,310.3300,310.3300,310.3300
1787334023,310.3200,310.3200,310.3000,310.3000
1787334026,310.2700,310.2700,310.2450,310.2450
1787334027,310.2700,310.2800,310.2700,310.2800
1787334028,310.2800,310.2800,310.2600,310.2600
1787334030,310.2600,310.2600,310.2600,310.2600
1787334031,310.2700,310.2700,310.2700,310.2700
1787334032,310.2700,310.2900,310.2700,310.2900
1787334033,310.3000,310.3000,310.3000,310.3000
1787334034,310.2900,310.2950,310.2900,310.2950
1787334035,310.3000,310.3000,310.3000,310.3000
1787334036,310.3000,310.3000,310.3000,310.3000
1787334037,310.2900,310.2900,310.2900,310.2900
1787334038,310.3000,310.3000,310.3000,310.3000
1787334039,310.2900,310.2900,310.2900,310.2900
1787334047,310.2800,310.2800,310.2800,310.2800
1787334052,310.2650,310.2650,310.2650,310.2650
1787334054,310.2700,310.2800,310.2700,310.2800
1787334055,310.2700,310.2700,310.2500,310.2600
1787334056,310.2400,310.2400,310.1900,310.1900
1787334057,310.2000,310.2000,310.2000,310.2000
1787334059,310.2100,310.2100,310.2100,310.2100
1787334061,310.2100,310.2100,310.2100,310.2100
1787334063,310.2000,310.2000,310.2000,310.2000
1787334065,310.2000,310.2000,310.2000,310.2000
1787334067,310.2100,310.2100,310.2100,310.2100
1787334068,310.2000,310.2000,310.2000,310.2000
1787334069,310.1900,310.1900,310.1800,310.1800
1787334073,310.1900,310.1900,310.1900,310.1900
1787334076,310.1800,310.1800,310.1800,310.1800
1787334078,310.1900,310.1900,310.1900,310.1900
1787334079,310.1800,310.1800,310.1800,310.1800
1787334082,310.1800,310.1800,310.1600,310.1700
1787334084,310.1650,310.1800,310.1600,310.1800
1787334085,310.1800,310.1800,310.1700,310.1700
1787334088,310.1750,310.1750,310.1750,310.1750
1787334089,310.1800,310.1900,310.1800,310.1900
1787334092,310.2000,310.2100,310.2000,310.2100
1787334095,310.2150,310.2150,310.2100,310.2100
1787334097,310.2200,310.2200,310.2200,310.2200
1787334098,310.2100,310.2100,310.2100,310.2100
1787334100,310.2000,310.2000,310.2000,310.2000
1787334101,310.1900,310.1900,310.1700,310.1700
1787334103,310.2100,310.2100,310.2000,310.2000
1787334104,310.2100,310.2100,310.2100,310.2100
1787334110,310.2100,310.2100,310.1900,310.1900
1787334111,310.1850,310.1850,310.1850,310.1850
1787334114,310.1900,310.1900,310.1800,310.1800
1787334117,310.1700,310.1700,310.1700,310.1700
1787334118,310.1600,310.1600,310.1600,310.1600
1787334120,310.1500,310.1500,310.1500,310.1500
1787334121,310.1500,310.1500,310.1500,310.1500
1787334123,310.1550,310.1550,310.1550,310.1550
1787334124,310.1500,310.1500,310.1500,310.1500
1787334125,310.1600,310.1750,310.1600,310.1600
1787334126,310.1400,310.1400,310.1100,310.1100
1787334127,310.1300,310.1300,310.1300,310.1300
1787334133,310.1300,310.1300,310.1300,310.1300
1787334134,310.1300,310.1300,310.1300,310.1300
1787334138,310.1300,310.1300,310.1300,310.1300
1787334139,310.1350,310.1350,310.1300,310.1300
1787334140,310.1400,310.1400,310.1400,310.1400
1787334141,310.1300,310.1300,310.1200,310.1200
1787334142,310.1100,310.1100,310.1000,310.1050
1787334145,310.1050,310.1050,310.1050,310.1050
1787334148,310.1000,310.1000,310.0750,310.0800
1787334149,310.0850,310.1000,310.0700,310.0700
1787334151,310.0750,310.0750,310.0500,310.0500
1787334152,310.0600,310.0800,310.0600,310.0800
1787334153,310.0700,310.0700,310.0700,310.0700
1787334155,310.0400,310.0400,310.0400,310.0400
1787334156,310.0450,310.0500,310.0450,310.0500
1787334157,310.0600,310.0600,310.0600,310.0600
1787334158,310.0750,310.0750,310.0750,310.0750
1787334159,310.0800,310.0900,310.0800,310.0900
1787334160,310.0900,310.0900,310.0900,310.0900
1787334161,310.0800,310.0800,310.0800,310.0800
1787334162,310.0700,310.0700,310.0650,310.0650
1787334165,310.0800,310.0800,310.0800,310.0800
1787334166,310.0900,310.0900,310.0900,310.0900
1787334167,310.0900,310.0900,310.0900,310.0900
1787334169,310.0700,310.0700,310.0700,310.0700
1787334170,310.0900,310.0900,310.0900,310.0900
1787334171,310.0800,310.0800,310.0800,310.0800
1787334176,310.0700,310.0700,310.0700,310.0700
1787334180,310.0900,310.0900,310.0900,310.0900
1787334182,310.1000,310.1000,310.1000,310.1000
1787334183,310.0900,310.0900,310.0700,310.0700
1787334185,310.0900,310.0900,310.0900,310.0900
1787334190,310.0800,310.0800,310.0800,310.0800
1787334191,310.0600,310.0600,310.0450,310.0450
1787334192,310.0450,310.0450,310.0450,310.0450
1787334194,310.0400,310.0400,310.0400,310.0400
1787334196,310.0400,310.0400,310.0300,310.0300
1787334197,310.0200,310.0200,310.0200,310.0200
1787334199,310.0200,310.0200,310.0200,310.0200
1787334200,310.0200,310.0200,310.0200,310.0200
1787334202,310.0100,310.0100,309.9700,309.9900
1787334203,309.9600,309.9600,309.9600,309.9600
1787334207,309.9650,309.9800,309.9600,309.9600
1787334208,309.9500,309.9500,309.9100,309.9100
1787334211,309.9200,309.9200,309.9200,309.9200
1787334212,309.9200,309.9200,309.9200,309.9200
1787334215,309.9350,309.9350,309.9300,309.9300
1787334217,309.9300,309.9600,309.9300,309.9500
1787334218,309.9700,309.9700,309.9700,309.9700
1787334220,309.9550,309.9550,309.9550,309.9550
1787334223,309.9500,309.9500,309.9200,309.9500
1787334227,309.9400,309.9400,309.9400,309.9400
1787334228,309.9300,309.9300,309.9300,309.9300
1787334229,309.9300,309.9300,309.9300,309.9300
1787334230,309.9200,309.9200,309.9200,309.9200
1787334231,309.9000,309.9000,309.8800,309.8900
1787334234,309.8800,309.8800,309.8800,309.8800
1787334235,309.8700,309.8700,309.8600,309.8600
1787334240,309.8600,309.8700,309.8600,309.8700
1787334241,309.8750,309.9200,309.8750,309.9100
1787334242,309.9400,309.9400,309.9300,309.9300
1787334246,309.9400,309.9500,309.9400,309.9400
1787334247,309.9500,309.9900,309.9500,309.9900
1787334248,310.0000,310.0000,310.0000,310.0000
1787334249,310.0150,310.0150,310.0150,310.0150
1787334251,310.0300,310.0300,310.0000,310.0000
1787334252,310.0300,310.0300,310.0100,310.0100
1787334254,309.9950,309.9950,309.9950,309.9950
1787334255,310.0000,310.0300,310.0000,310.0250
1787334260,310.0300,310.0300,310.0300,310.0300
1787334262,310.0300,310.0300,310.0300,310.0300
1787334263,310.0350,310.0400,310.0100,310.0100
1787334264,310.0000,310.0100,309.9900,310.0000
1787334268,310.0150,310.0150,310.0000,310.0000
1787334270,310.0000,310.0000,310.0000,310.0000
1787334272,309.9900,309.9900,309.9900,309.9900
1787334273,309.9700,310.0100,309.9700,310.0100
1787334278,309.9950,309.9950,309.9700,309.9800
1787334279,309.9900,309.9900,309.9900,309.9900
1787334282,309.9800,309.9800,309.9800,309.9800
1787334284,309.9700,309.9700,309.9700,309.9700
1787334285,309.9700,309.9700,309.9700,309.9700
1787334286,309.9600,309.9600,309.9600,309.9600
1787334287,309.9700,309.9700,309.9700,309.9700
1787334288,309.9850,309.9850,309.9750,309.9750
1787334289,309.9700,309.9700,309.9700,309.9700
1787334290,309.9800,309.9800,309.9800,309.9800
1787334292,309.9800,309.9800,309.9800,309.9800
1787334294,309.9700,309.9700,309.9700,309.9700
1787334295,309.9700,309.9800,309.9700,309.9700
1787334296,309.9700,309.9800,309.9700,309.9800
1787334297,309.9900,309.9900,309.9900,309.9900
1787334298,310.0000,310.0000,310.0000,310.0000
1787334299,310.0100,310.0300,310.0100,310.0200
1787334300,310.0200,310.0200,309.9500,309.9600
1787334301,309.9700,309.9700,309.9700,309.9700
1787334302,309.9700,309.9700,309.9700,309.9700
1787334304,309.9700,309.9700,309.9700,309.9700
1787334305,309.9700,309.9700,309.9700,309.9700
1787334306,309.9800,309.9900,309.9800,309.9900
1787334307,310.0000,310.0000,310.0000,310.0000
1787334310,310.0000,310.0000,310.0000,310.0000
1787334311,310.0000,310.0000,310.0000,310.0000
1787334312,310.0050,310.0050,310.0050,310.0050
1787334313,310.0100,310.0100,310.0100,310.0100
1787334314,310.0200,310.0200,310.0200,310.0200
1787334315,310.0300,310.0400,310.0300,310.0400
1787334316,310.0400,310.0400,310.0400,310.0400
1787334318,310.0400,310.0950,310.0400,310.0950
1787334320,310.0800,310.0800,310.0800,310.0800
1787334321,310.0600,310.0600,310.0600,310.0600
1787334322,310.0700,310.0700,310.0700,310.0700
1787334323,310.0800,310.0800,310.0800,310.0800
1787334325,310.0900,310.0900,310.0900,310.0900
1787334326,310.0900,310.0900,310.0800,310.0800
1787334328,310.1000,310.1000,310.1000,310.1000
1787334330,310.1000,310.1050,310.1000,310.1050
1787334333,310.1000,310.1400,310.1000,310.1300
1787334334,310.1300,310.1300,310.1300,310.1300
1787334335,310.1100,310.1100,310.0900,310.0900
1787334337,310.1000,310.1000,310.1000,310.1000
1787334342,310.0900,310.0900,310.0900,310.0900
1787334345,310.0900,310.0900,310.0700,310.0700
1787334346,310.0500,310.0500,310.0300,310.0300
1787334347,310.0200,310.0200,310.0200,310.0200
1787334348,310.0150,310.0150,310.0150,310.0150
1787334349,310.0000,310.0000,310.0000,310.0000
1787334350,309.9900,309.9900,309.9900,309.9900
1787334351,310.0000,310.0000,310.0000,310.0000
1787334352,309.9900,309.9900,309.9800,309.9800
1787334354,309.9900,309.9900,309.9900,309.9900
1787334355,309.9950,310.0000,309.9950,310.0000
1787334365,310.0000,310.0000,309.9900,310.0000
1787334369,309.9800,309.9800,309.9800,309.9800
1787334371,309.9700,309.9700,309.9700,309.9700
1787334372,309.9500,309.9500,309.9500,309.9500
1787334373,309.9600,309.9900,309.9600,309.9600
1787334374,309.9700,309.9700,309.9700,309.9700
1787334377,309.9700,309.9700,309.9600,309.9600
1787334378,309.9500,309.9550,309.9500,309.9550
1787334380,309.9400,309.9400,309.9300,309.9300
1787334381,309.9000,309.9100,309.9000,309.9100
1787334382,309.9100,309.9100,309.9100,309.9100
1787334383,309.9100,309.9100,309.9100,309.9100
1787334384,309.8900,309.8900,309.8800,309.8800
1787334386,309.8600,309.8600,309.8500,309.8500
1787334388,309.8700,309.8800,309.8700,309.8700
1787334389,309.8700,309.8800,309.8700,309.8800
1787334392,309.9000,309.9000,309.9000,309.9000
1787334394,309.9100,309.9100,309.9100,309.9100
1787334397,309.9250,309.9300,309.9200,309.9200
1787334399,309.9000,309.9000,309.9000,309.9000
1787334404,309.9100,309.9400,309.9100,309.9100
1787334406,309.9400,309.9400,309.9000,309.9000
1787334409,309.9000,309.9000,309.9000,309.9000
1787334411,309.9100,309.9100,309.9100,309.9100
1787334414,309.9100,309.9100,309.9100,309.9100
1787334416,309.9200,309.9200,309.9100,309.9100
1787334419,309.9100,309.9100,309.9000,309.9000
1787334423,309.9100,309.9100,309.9100,309.9100
1787334424,309.9200,309.9200,309.9200,309.9200
1787334426,309.9200,309.9200,309.9200,309.9200
1787334428,309.9300,309.9400,309.9300,309.9400
1787334430,309.9500,309.9500,309.9500,309.9500
1787334432,309.9400,309.9400,309.9400,309.9400
1787334433,309.9500,309.9500,309.9500,309.9500
1787334435,309.9500,309.9500,309.9500,309.9500
1787334436,309.9500,309.9500,309.9500,309.9500
1787334438,309.9400,309.9400,309.9400,309.9400
1787334439,309.9400,309.9500,309.9300,309.9500
1787334440,309.9500,309.9500,309.9500,309.9500
1787334441,309.9300,309.9300,309.9200,309.9200
1787334446,309.9450,309.9600,309.9450,309.9600
1787334447,309.9700,309.9800,309.9700,309.9800
1787334452,309.9600,309.9600,309.9300,309.9300
1787334453,309.9300,309.9300,309.9300,309.9300
1787334455,309.9300,309.9500,309.9300,309.9500
1787334456,309.9400,309.9400,309.9400,309.9400
1787334458,309.9350,309.9350,309.9300,309.9300
1787334461,309.9400,309.9400,309.9400,309.9400
1787334463,309.9400,309.9400,309.9400,309.9400
1787334465,309.9450,309.9450,309.9400,309.9400
1787334466,309.9300,309.9350,309.9300,309.9350
1787334467,309.9300,309.9300,309.9300,309.9300
1787334468,309.9300,309.9300,309.9300,309.9300
1787334469,309.9300,309.9300,309.9150,309.9150
1787334470,309.9250,309.9300,309.9250,309.9300
1787334471,309.9400,309.9400,309.9400,309.9400
1787334473,309.9200,309.9200,309.9200,309.9200
1787334474,309.9100,309.9100,309.9100,309.9100
1787334476,309.9100,309.9200,309.9100,309.9200
1787334481,309.9200,309.9200,309.9200,309.9200
1787334483,309.9300,309.9300,309.9300,309.9300
1787334486,309.9250,309.9400,309.9250,309.9400
1787334487,309.9450,309.9700,309.9450,309.9650
1787334488,309.9600,309.9600,309.9300,309.9300
1787334490,309.9200,309.9200,309.9200,309.9200
1787334491,309.9200,309.9200,309.9200,309.9200
1787334493,309.9200,309.9200,309.9200,309.9200
1787334498,309.9100,309.9100,309.9000,309.9100
1787334499,309.9150,309.9200,309.9150,309.9150
1787334500,309.9200,309.9200,309.9200,309.9200
1787334501,309.9200,309.9200,309.9200,309.9200
1787334505,309.9200,309.9200,309.9200,309.9200
1787334507,309.9250,309.9300,309.9250,309.9300
1787334508,309.9300,309.9300,309.9200,309.9200
1787334509,309.9200,309.9200,309.9200,309.9200
1787334512,309.9000,309.9000,309.8900,309.8900
1787334515,309.8700,309.8700,309.8700,309.8700
1787334517,309.8500,309.8500,309.8400,309.8450
1787334518,309.8500,309.8500,309.8500,309.8500
1787334520,309.8650,309.8800,309.8650,309.8800
1787334521,309.8800,309.9000,309.8800,309.9000
1787334525,309.8700,309.8700,309.8600,309.8600
1787334528,309.8600,309.8600,309.8600,309.8600
1787334530,309.8550,309.8800,309.8550,309.8800
1787334531,309.8600,309.8600,309.8600,309.8600
1787334534,309.8400,309.8400,309.7100,309.7250
1787334535,309.7100,309.7200,309.7100,309.7200
1787334536,309.7300,309.7700,309.7300,309.7700
1787334537,309.7700,309.7700,309.7700,309.7700
1787334541,309.7500,309.7500,309.7500,309.7500
1787334542,309.7400,309.7400,309.7400,309.7400
1787334545,309.7400,309.7400,309.7400,309.7400
1787334546,309.7350,309.7350,309.7350,309.7350
1787334547,309.7400,309.7800,309.7400,309.7800
1787334549,309.7800,309.7800,309.7700,309.7700
1787334550,309.7750,309.7800,309.7750,309.7800
1787334554,309.7750,309.7800,309.7750,309.7800
1787334556,309.7800,309.7800,309.7700,309.7700
1787334557,309.7600,309.7600,309.7600,309.7600
1787334559,309.7500,309.7500,309.7500,309.7500
1787334560,309.7500,309.7500,309.7500,309.7500
1787334561,309.7550,309.7600,309.7550,309.7600
1787334563,309.7600,309.7600,309.7600,309.7600
1787334565,309.7700,309.7700,309.7700,309.7700
1787334568,309.7600,309.7600,309.7600,309.7600
1787334569,309.7500,309.7500,309.7400,309.7400
1787334572,309.7500,309.7500,309.7450,309.7500
1787334573,309.7500,309.7500,309.7500,309.7500
1787334574,309.7600,309.7600,309.7600,309.7600
1787334575,309.7500,309.7500,309.7500,309.7500
1787334577,309.7400,309.7400,309.7300,309.7300
1787334579,309.7000,309.7000,309.6900,309.7000
1787334580,309.7050,309.7050,309.7050,309.7050
1787334581,309.7000,309.7000,309.6900,309.6900
1787334583,309.6800,309.6800,309.6600,309.6600
1787334584,309.6500,309.6500,309.6500,309.6500
1787334585,309.6400,309.6600,309.6300,309.6600
1787334586,309.6600,309.6600,309.6600,309.6600
1787334588,309.6600,309.6600,309.6600,309.6600
1787334589,309.6650,309.6800,309.6650,309.6800
1787334590,309.7000,309.7000,309.7000,309.7000
1787334591,309.7100,309.7100,309.7100,309.7100
1787334593,309.7100,309.7100,309.7100,309.7100
1787334594,309.7000,309.7200,309.7000,309.7200
1787334596,309.7100,309.7100,309.7000,309.7000
1787334597,309.7050,309.7050,309.7050,309.7050
1787334598,309.7000,309.7000,309.6900,309.7000
1787334599,309.7100,309.7100,309.7100,309.7100
1787334600,309.7100,309.7100,309.7100,309.7100
1787334601,309.7150,309.7400,309.7150,309.7400
1787334603,309.7500,309.7800,309.7500,309.7800
1787334607,309.7800,309.7800,309.7800,309.7800
1787334608,309.7900,309.7900,309.7900,309.7900
1787334610,309.7900,309.7900,309.7900,309.7900
1787334613,309.7900,309.8200,309.7800,309.7800
1787334615,309.8000,309.8000,309.8000,309.8000
1787334616,309.7800,309.7800,309.7600,309.7600
1787334617,309.7550,309.7550,309.7550,309.7550
1787334618,309.7550,309.7550,309.7550,309.7550
1787334619,309.7500,309.7500,309.7400,309.7400
1787334625,309.7100,309.7100,309.7100,309.7100
1787334626,309.7100,309.7100,309.7100,309.7100
1787334631,309.6800,309.6800,309.6600,309.6600
1787334634,309.6500,309.6500,309.6400,309.6400
1787334635,309.6450,309.6450,309.6450,309.6450
1787334636,309.6450,309.6450,309.6450,309.6450
1787334637,309.6450,309.6450,309.6450,309.6450
1787334638,309.6300,309.6300,309.6100,309.6100
1787334639,309.6000,309.6000,309.5900,309.6000
1787334641,309.5800,309.5800,309.5700,309.5700
1787334642,309.5650,309.5650,309.5650,309.5650
1787334643,309.5600,309.5650,309.5600,309.5650
1787334644,309.5700,309.5700,309.5700,309.5700
1787334646,309.5800,309.5800,309.5800,309.5800
1787334647,309.5800,309.5800,309.5800,309.5800
1787334648,309.5700,309.5700,309.5700,309.5700
1787334650,309.5750,309.5750,309.5750,309.5750
1787334651,309.5700,309.6100,309.5700,309.6100
1787334652,309.6400,309.6400,309.6400,309.6400
1787334655,309.6300,309.6300,309.6200,309.6200
1787334656,309.6300,309.6300,309.6300,309.6300
1787334659,309.6300,309.6300,309.6300,309.6300
1787334660,309.6300,309.6300,309.6300,309.6300
1787334662,309.6200,309.6200,309.6200,309.6200
1787334663,309.6300,309.6400,309.6300,309.6400
1787334665,309.6400,309.6600,309.6400,309.6600
1787334671,309.6500,309.6500,309.6500,309.6500
1787334673,309.6300,309.6300,309.6300,309.6300
1787334677,309.6400,309.6600,309.6400,309.6600
1787334679,309.6600,309.6800,309.6600,309.6800
1787334684,309.6900,309.6900,309.6900,309.6900
1787334686,309.6900,309.6900,309.6900,309.6900
1787334688,309.7000,309.7000,309.7000,309.7000
1787334690,309.6800,309.6800,309.6800,309.6800
1787334692,309.7000,309.7000,309.7000,309.7000
1787334698,309.6900,309.6900,309.6900,309.6900
1787334701,309.7000,309.7000,309.7000,309.7000
1787334704,309.6800,309.6800,309.6800,309.6800
1787334705,309.6700,309.6700,309.6500,309.6500
1787334707,309.6500,309.6500,309.6500,309.6500
1787334709,309.6300,309.6300,309.6300,309.6300
1787334714,309.6100,309.6100,309.6100,309.6100
1787334719,309.6200,309.6200,309.6000,309.6000
1787334727,309.5800,309.5800,309.5800,309.5800
1787334731,309.5700,309.5700,309.5600,309.5600
1787334733,309.5600,309.5600,309.5400,309.5500
1787334734,309.5600,309.5600,309.5600,309.5600
1787334735,309.5300,309.5300,309.4900,309.4900
1787334736,309.4900,309.4900,309.4900,309.4900
1787334737,309.4900,309.5100,309.4900,309.5000
1787334738,309.4900,309.4900,309.4900,309.4900
1787334739,309.4800,309.4800,309.4700,309.4700
1787334741,309.4800,309.4800,309.4800,309.4800
1787334743,309.4750,309.4800,309.4750,309.4800
1787334744,309.4800,309.4800,309.4500,309.4600
1787334745,309.4500,309.4500,309.4500,309.4500
1787334747,309.4400,309.4400,309.4300,309.4300
1787334748,309.4400,309.4400,309.4400,309.4400
1787334750,309.4400,309.4400,309.4400,309.4400
1787334754,309.4400,309.4400,309.4400,309.4400
1787334755,309.4400,309.4400,309.4400,309.4400
1787334756,309.4400,309.4400,309.4400,309.4400
1787334757,309.4400,309.4400,309.4400,309.4400
1787334759,309.4300,309.4700,309.4300,309.4600
1787334760,309.4800,309.5000,309.4800,309.5000
1787334761,309.5200,309.5200,309.5200,309.5200
1787334762,309.4950,309.4950,309.4950,309.4950
1787334766,309.5000,309.5300,309.5000,309.5300
1787334769,309.5300,309.5300,309.5300,309.5300
1787334770,309.5200,309.5200,309.5200,309.5200
1787334771,309.5000,309.5000,309.5000,309.5000
1787334773,309.5300,309.5300,309.5300,309.5300
1787334774,309.5400,309.5400,309.5400,309.5400
1787334776,309.5300,309.5300,309.5200,309.5200
1787334781,309.5300,309.5300,309.5200,309.5200
1787334782,309.5100,309.5100,309.5100,309.5100
1787334784,309.5300,309.5500,309.5300,309.5500
1787334786,309.5500,309.5500,309.5500,309.5500
1787334787,309.5400,309.5400,309.5400,309.5400
1787334790,309.5500,309.5500,309.5500,309.5500
1787334791,309.5550,309.5600,309.5550,309.5600
1787334793,309.5550,309.5550,309.5400,309.5400
1787334796,309.5400,309.5400,309.5400,309.5400
1787334799,309.5400,309.5800,309.5400,309.5600
1787334802,309.5600,309.5600,309.5600,309.5600
1787334803,309.5600,309.5600,309.5600,309.5600
1787334805,309.5800,309.6000,309.5800,309.6000
1787334806,309.6400,309.6400,309.6400,309.6400
1787334808,309.6600,309.6600,309.6600,309.6600
1787334809,309.6700,309.6700,309.6700,309.6700
1787334810,309.6800,309.6800,309.6800,309.6800
1787334811,309.6800,309.7100,309.6800,309.7100
1787334812,309.7200,309.7200,309.7050,309.7100
1787334813,309.6900,309.6900,309.6500,309.6500
1787334814,309.6700,309.6700,309.6700,309.6700
1787334817,309.6750,309.6750,309.6750,309.6750
1787334818,309.6800,309.6800,309.6800,309.6800
1787334819,309.6800,309.6900,309.6800,309.6900
1787334826,309.7250,309.7250,309.7250,309.7250
1787334827,309.7200,309.7200,309.7200,309.7200
1787334828,309.7000,309.7000,309.6900,309.6900
1787334829,309.7000,309.7000,309.7000,309.7000
1787334834,309.7000,309.7000,309.7000,309.7000
1787334836,309.6900,309.6900,309.6900,309.6900
1787334837,309.6900,309.6900,309.6900,309.6900
1787334838,309.6700,309.6700,309.6700,309.6700
1787334839,309.6750,309.6750,309.6750,309.6750
1787334840,309.6900,309.6900,309.6750,309.6750
1787334841,309.6800,309.6800,309.6800,309.6800
1787334842,309.6800,309.6800,309.6800,309.6800
1787334843,309.6700,309.6800,309.6700,309.6750
1787334844,309.6700,309.6700,309.6700,309.6700
1787334847,309.6900,309.7000,309.6900,309.7000
1787334848,309.6900,309.7000,309.6900,309.7000
1787334852,309.7000,309.7000,309.7000,309.7000
1787334853,309.6900,309.6900,309.6900,309.6900
1787334854,309.6900,309.7000,309.6900,309.7000
1787334855,309.7000,309.7000,309.7000,309.7000
1787334857,309.6900,309.6900,309.6900,309.6900
1787334860,309.6900,309.6900,309.6900,309.6900
1787334861,309.6900,309.6900,309.6900,309.6900
1787334862,309.6700,309.6700,309.6700,309.6700
1787334865,309.6800,309.6800,309.6800,309.6800
1787334867,309.6850,309.6850,309.6850,309.6850
1787334868,309.6850,309.7200,309.6850,309.7200
1787334869,309.7300,309.7300,309.7300,309.7300
1787334871,309.7500,309.7500,309.7500,309.7500
1787334874,309.7500,309.7500,309.7400,309.7400
1787334875,309.7500,309.7500,309.7500,309.7500
1787334878,309.7400,309.7400,309.7400,309.7400
1787334879,309.7500,309.7700,309.7500,309.7700
1787334881,309.7800,309.7800,309.7800,309.7800
1787334885,309.7700,309.7700,309.7700,309.7700
1787334886,309.7700,309.7700,309.7700,309.7700
1787334888,309.7800,309.8500,309.7800,309.8350
1787334890,309.8500,309.8600,309.8500,309.8600
1787334891,309.8600,309.8600,309.8400,309.8400
1787334893,309.8200,309.8200,309.7500,309.7900
1787334896,309.7900,309.7900,309.7700,309.7700
1787334898,309.7900,309.7900,309.7900,309.7900
1787334902,309.8000,309.8300,309.8000,309.8300
1787334904,309.8300,309.8300,309.8300,309.8300
1787334905,309.8200,309.8200,309.8200,309.8200
1787334906,309.8000,309.8000,309.7800,309.7800
1787334908,309.7850,309.7850,309.7850,309.7850
1787334909,309.7900,309.7900,309.7900,309.7900
1787334912,309.7950,309.7950,309.7950,309.7950
1787334913,309.7900,309.7900,309.7900,309.7900
1787334915,309.7900,309.7900,309.7900,309.7900
1787334916,309.7800,309.8100,309.7800,309.8100
1787334917,309.8100,309.8100,309.8100,309.8100
1787334919,309.8000,309.8000,309.8000,309.8000
1787334921,309.7900,309.7900,309.7700,309.7700
1787334922,309.7600,309.7600,309.7600,309.7600
1787334924,309.7800,309.7800,309.7500,309.7500
1787334925,309.7200,309.7200,309.7200,309.7200
1787334929,309.7100,309.7100,309.7000,309.7000
1787334931,309.7100,309.7100,309.7000,309.7000
1787334934,309.7000,309.7000,309.6900,309.6900
1787334940,309.6800,309.6800,309.6700,309.6700
1787334944,309.6750,309.6750,309.6200,309.6600
1787334945,309.6600,309.6800,309.6600,309.6800
1787334949,309.6550,309.6550,309.6550,309.6550
1787334950,309.6600,309.6600,309.6600,309.6600
1787334952,309.6600,309.6600,309.6450,309.6450
1787334953,309.6600,309.6600,309.6600,309.6600
1787334954,309.6600,309.6600,309.6600,309.6600
1787334956,309.6550,309.6550,309.6400,309.6400
1787334957,309.6500,309.6500,309.6500,309.6500
1787334958,309.6400,309.6500,309.6400,309.6500
1787334959,309.6350,309.6500,309.6350,309.6500
1787334962,309.6500,309.6500,309.6500,309.6500
1787334963,309.6500,309.6500,309.6500,309.6500
1787334967,309.6500,309.6500,309.6500,309.6500
1787334968,309.6400,309.6400,309.6300,309.6300
1787334969,309.6400,309.6400,309.6400,309.6400
1787334971,309.6400,309.6400,309.6400,309.6400
1787334973,309.6400,309.6400,309.6300,309.6300
1787334978,309.6350,309.6350,309.6350,309.6350
1787334980,309.6200,309.6200,309.6200,309.6200
1787334982,309.6250,309.6300,309.6100,309.6300
1787334983,309.6200,309.6200,309.6200,309.6200
1787334987,309.6400,309.6400,309.6400,309.6400
1787334988,309.6400,309.6400,309.6300,309.6300
1787334989,309.6250,309.6250,309.6250,309.6250
1787334993,309.6300,309.6300,309.6300,309.6300
1787334994,309.6300,309.6400,309.6300,309.6300
1787334996,309.6350,309.6400,309.6350,309.6400
1787335000,309.6400,309.6400,309.6400,309.6400
1787335001,309.6400,309.6400,309.6400,309.6400
1787335002,309.6300,309.6300,309.6100,309.6100
1787335005,309.6200,309.6300,309.6200,309.6300
1787335007,309.6300,309.6300,309.6300,309.6300
1787335008,309.6300,309.6300,309.6300,309.6300
1787335010,309.6300,309.6300,309.6300,309.6300
1787335012,309.6100,309.6100,309.6100,309.6100
1787335013,309.6200,309.6200,309.6200,309.6200
1787335016,309.6400,309.6400,309.6400,309.6400
1787335018,309.6300,309.6300,309.6300,309.6300
1787335019,309.6400,309.6400,309.6400,309.6400
1787335022,309.6300,309.6300,309.6300,309.6300
1787335023,309.6400,309.6400,309.6400,309.6400
1787335025,309.6400,309.6400,309.6400,309.6400
1787335028,309.6400,309.6400,309.6400,309.6400
1787335029,309.6500,309.6500,309.6450,309.6450
1787335030,309.6400,309.6400,309.6400,309.6400
1787335033,309.6350,309.6350,309.6350,309.6350
1787335034,309.6350,309.6350,309.6350,309.6350
1787335035,309.6350,309.6350,309.6200,309.6200
1787335038,309.6250,309.6250,309.5800,309.5800
1787335039,309.6000,309.6000,309.5700,309.5700
1787335041,309.5750,309.5750,309.5750,309.5750
1787335042,309.5700,309.5700,309.5500,309.5500
1787335044,309.5300,309.5300,309.5300,309.5300
1787335048,309.5500,309.5500,309.5500,309.5500
1787335049,309.5600,309.5650,309.5600,309.5650
1787335051,309.5700,309.5700,309.5500,309.5500
1787335055,309.5450,309.5600,309.5450,309.5600
1787335056,309.5700,309.5800,309.5500,309.5500
1787335059,309.5450,309.5450,309.5450,309.5450
1787335060,309.5450,309.5450,309.5450,309.5450
1787335063,309.5500,309.5500,309.5500,309.5500
1787335064,309.5550,309.5600,309.5550,309.5600
1787335065,309.5700,309.5700,309.5700,309.5700
1787335067,309.5700,309.5700,309.5700,309.5700
1787335069,309.5800,309.5900,309.5800,309.5900
1787335070,309.5900,309.5900,309.5900,309.5900
1787335071,309.5800,309.5800,309.5700,309.5700
1787335073,309.5900,309.6000,309.5900,309.6000
1787335074,309.6100,309.6100,309.6000,309.6000
1787335075,309.6000,309.6000,309.5900,309.6000
1787335083,309.6000,309.6000,309.6000,309.6000
1787335090,309.6050,309.6050,309.6050,309.6050
1787335091,309.6200,309.6200,309.6200,309.6200
1787335102,309.6300,309.6300,309.6200,309.6200
1787335103,309.6100,309.6100,309.6000,309.6000
1787335108,309.6150,309.6150,309.6100,309.6100
1787335109,309.6100,309.6100,309.6100,309.6100
1787335110,309.6200,309.6300,309.6200,309.6300
1787335113,309.6300,309.6300,309.6300,309.6300
1787335115,309.6300,309.6400,309.6200,309.6200
1787335116,309.6200,309.6200,309.6200,309.6200
1787335117,309.6100,309.6100,309.6100,309.6100
1787335118,309.6050,309.6050,309.6050,309.6050
1787335119,309.6050,309.6050,309.6050,309.6050
1787335122,309.6150,309.6250,309.6150,309.6250
1787335128,309.6100,309.6100,309.5900,309.5900
1787335134,309.6100,309.6100,309.6100,309.6100
1787335138,309.6100,309.6100,309.6100,309.6100
1787335139,309.6000,309.6000,309.5800,309.5800
1787335141,309.5700,309.5700,309.5700,309.5700
1787335144,309.5700,309.5700,309.5700,309.5700
1787335145,309.5700,309.5700,309.5700,309.5700
1787335146,309.5600,309.5600,309.5600,309.5600
1787335148,309.5650,309.5650,309.5650,309.5650
1787335150,309.5600,309.5600,309.5600,309.5600
1787335154,309.5450,309.5450,309.5300,309.5300
1787335156,309.5300,309.5500,309.5300,309.5350
1787335158,309.5100,309.5100,309.5100,309.5100
1787335159,309.5200,309.5200,309.5200,309.5200
1787335164,309.5250,309.5700,309.5250,309.5700
1787335165,309.5900,309.6000,309.5800,309.5850
1787335168,309.5850,309.5850,309.5850,309.5850
1787335170,309.5900,309.5950,309.5900,309.5950
1787335171,309.6000,309.6000,309.5950,309.6000
1787335172,309.6100,309.6200,309.6100,309.6200
1787335173,309.6150,309.6200,309.6150,309.6200
1787335174,309.6100,309.6100,309.5850,309.5900
1787335175,309.5900,309.5900,309.5900,309.5900
1787335179,309.5800,309.5800,309.5650,309.5650
1787335183,309.5600,309.5600,309.5600,309.5600
1787335184,309.5700,309.5700,309.5700,309.5700
1787335185,309.5700,309.5700,309.5700,309.5700
1787335186,309.5600,309.5600,309.5600,309.5600
1787335187,309.5500,309.5500,309.5500,309.5500
1787335189,309.5400,309.5400,309.5400,309.5400
1787335190,309.5200,309.5200,309.5100,309.5100
1787335191,309.5100,309.5100,309.5000,309.5000
1787335192,309.5100,309.5100,309.5100,309.5100
1787335193,309.5000,309.5000,309.4900,309.4900
1787335194,309.4900,309.5400,309.4900,309.5400
1787335195,309.5400,309.5800,309.5400,309.5400
1787335196,309.5500,309.5500,309.5500,309.5500
1787335197,309.5600,309.5600,309.5600,309.5600
1787335200,309.5300,309.5600,309.5300,309.5600
1787335202,309.5500,309.5500,309.5400,309.5500
1787335204,309.5600,309.5600,309.5600,309.5600
1787335205,309.5600,309.5600,309.5600,309.5600
1787335206,309.5600,309.5600,309.5300,309.5300
1787335207,309.5300,309.5300,309.5200,309.5200
1787335208,309.5200,309.5200,309.5200,309.5200
1787335214,309.5200,309.5200,309.5000,309.5000
1787335215,309.5200,309.5300,309.5200,309.5200
1787335217,309.5100,309.5100,309.5100,309.5100
1787335220,309.5200,309.5400,309.5200,309.5400
1787335221,309.5400,309.5400,309.5400,309.5400
1787335222,309.5450,309.5500,309.5400,309.5500
1787335223,309.5500,309.5500,309.5400,309.5400
1787335224,309.5350,309.5350,309.5300,309.5300
1787335227,309.5300,309.5300,309.5300,309.5300
1787335228,309.5300,309.5300,309.5300,309.5300
1787335229,309.5500,309.5500,309.5300,309.5300
1787335230,309.5300,309.5300,309.5300,309.5300
1787335236,309.5350,309.5400,309.5200,309.5250
1787335238,309.5200,309.5200,309.5000,309.5000
1787335239,309.4900,309.4900,309.4800,309.4800
1787335240,309.4800,309.4900,309.4600,309.4900
1787335242,309.4800,309.4800,309.4800,309.4800
1787335243,309.4800,309.5000,309.4800,309.5000
1787335244,309.5000,309.5000,309.5000,309.5000
1787335246,309.5000,309.5000,309.5000,309.5000
1787335247,309.5000,309.5000,309.5000,309.5000
1787335248,309.5000,309.5000,309.4900,309.4900
1787335252,309.4900,309.4900,309.4900,309.4900
1787335257,309.5050,309.5050,309.5050,309.5050
1787335260,309.5050,309.5050,309.5050,309.5050
1787335261,309.5050,309.5050,309.5050,309.5050
1787335263,309.5050,309.5050,309.5050,309.5050
1787335265,309.5050,309.5050,309.5050,309.5050
1787335267,309.5000,309.5000,309.4900,309.4900
1787335269,309.4800,309.4800,309.4800,309.4800
1787335270,309.4700,309.4700,309.4700,309.4700
1787335272,309.4750,309.4750,309.4600,309.4600
1787335273,309.4550,309.4550,309.4550,309.4550
1787335276,309.4550,309.4550,309.4550,309.4550
1787335277,309.4550,309.4550,309.4550,309.4550
1787335278,309.4550,309.4600,309.4100,309.4300
1787335279,309.4200,309.5500,309.4000,309.5500
1787335280,309.5400,309.5400,309.5400,309.5400
1787335281,309.5700,309.5700,309.5700,309.5700
1787335283,309.5400,309.5400,309.5400,309.5400
1787335285,309.5500,309.5500,309.5500,309.5500
1787335287,309.5700,309.5800,309.5700,309.5700
1787335290,309.5800,309.5900,309.5800,309.5900
1787335293,309.5900,309.5900,309.5900,309.5900
1787335294,309.5900,309.5900,309.5900,309.5900
1787335299,309.5800,309.5800,309.5800,309.5800
1787335300,309.5700,309.5700,309.5400,309.5600
1787335306,309.5700,309.5700,309.5700,309.5700
1787335307,309.5600,309.5600,309.5600,309.5600
1787335309,309.5500,309.5500,309.5500,309.5500
1787335310,309.5300,309.5300,309.5300,309.5300
1787335313,309.5300,309.5400,309.5300,309.5400
1787335314,309.5300,309.5300,309.5300,309.5300
1787335315,309.5300,309.5300,309.5100,309.5100
1787335318,309.5200,309.5200,309.5000,309.5000
1787335326,309.4800,309.4800,309.4800,309.4800
1787335327,309.4600,309.4600,309.4600,309.4600
1787335329,309.4700,309.4700,309.4700,309.4700
1787335331,309.4800,309.4800,309.4800,309.4800
1787335333,309.4800,309.4800,309.4700,309.4700
1787335336,309.4700,309.4700,309.4600,309.4600
1787335338,309.4400,309.4400,309.4400,309.4400
1787335341,309.4400,309.4450,309.4400,309.4400
1787335342,309.4500,309.4500,309.4500,309.4500
1787335344,309.4550,309.4550,309.4400,309.4400
1787335346,309.4300,309.4300,309.4300,309.4300
1787335347,309.4300,309.4300,309.4300,309.4300
1787335348,309.4300,309.4300,309.4300,309.4300
1787335350,309.4300,309.4300,309.4300,309.4300
1787335352,309.4300,309.4300,309.4300,309.4300
1787335353,309.4300,309.4300,309.4300,309.4300
1787335354,309.4300,309.4300,309.4300,309.4300
1787335355,309.4300,309.4300,309.4300,309.4300
1787335357,309.4200,309.4200,309.4200,309.4200
1787335358,309.4000,309.4000,309.3800,309.3800
1787335359,309.3600,309.3600,309.3600,309.3600
1787335361,309.3600,309.3600,309.3600,309.3600
1787335364,309.3600,309.3600,309.3600,309.3600
1787335367,309.3600,309.3600,309.3150,309.3150
1787335368,309.3150,309.3200,309.3100,309.3200
1787335370,309.3300,309.3400,309.3300,309.3400
1787335372,309.3400,309.3400,309.3400,309.3400
1787335373,309.3300,309.3300,309.3300,309.3300
1787335376,309.3500,309.3500,309.3500,309.3500
1787335377,309.3500,309.3500,309.3500,309.3500
1787335378,309.3500,309.3500,309.3500,309.3500
1787335379,309.3500,309.3500,309.3500,309.3500
1787335380,309.3600,309.3700,309.3600,309.3700
1787335381,309.3550,309.3550,309.3550,309.3550
1787335383,309.3550,309.3700,309.3550,309.3700
1787335384,309.3600,309.3600,309.3400,309.3400
1787335385,309.3200,309.3200,309.3100,309.3100
1787335386,309.3250,309.3250,309.3250,309.3250
1787335390,309.3200,309.3200,309.3200,309.3200
1787335391,309.3200,309.3200,309.3200,309.3200
1787335392,309.3200,309.3200,309.3100,309.3100
1787335397,309.3200,309.3200,309.3200,309.3200
1787335398,309.3250,309.3250,309.3250,309.3250
1787335399,309.3300,309.3300,309.3300,309.3300
1787335400,309.3500,309.3900,309.3500,309.3900
1787335401,309.4000,309.4000,309.4000,309.4000
1787335404,309.4000,309.4200,309.4000,309.4200
1787335405,309.4200,309.4300,309.4200,309.4300
1787335406,309.4600,309.4600,309.4600,309.4600
1787335407,309.4800,309.4800,309.4500,309.4500
1787335410,309.4500,309.4500,309.4500,309.4500
1787335411,309.4600,309.4600,309.4600,309.4600
1787335412,309.4700,309.4800,309.4700,309.4800
1787335413,309.4900,309.4900,309.4900,309.4900
1787335415,309.4700,309.4700,309.4100,309.4400
1787335416,309.4700,309.4800,309.4700,309.4800
1787335419,309.4400,309.4700,309.4300,309.4700
1787335420,309.4800,309.5300,309.4800,309.5200
1787335421,309.5300,309.5300,309.5200,309.5200
1787335422,309.5400,309.5400,309.5400,309.5400
1787335423,309.5600,309.5600,309.5600,309.5600
1787335425,309.5600,309.5700,309.5600,309.5700
1787335433,309.5700,309.5700,309.5700,309.5700
1787335435,309.5700,309.5700,309.5700,309.5700
1787335438,309.5700,309.5700,309.5600,309.5600
1787335443,309.5700,309.5700,309.5700,309.5700
1787335446,309.5600,309.5600,309.5600,309.5600
1787335447,309.5700,309.5800,309.5700,309.5750
1787335448,309.5700,309.5700,309.5700,309.5700
1787335451,309.5700,309.5700,309.5700,309.5700
1787335453,309.5500,309.5500,309.5500,309.5500
1787335457,309.5500,309.5500,309.5500,309.5500
1787335460,309.5350,309.5350,309.5350,309.5350
1787335462,309.5600,309.5600,309.5500,309.5500
1787335463,309.5500,309.5500,309.5500,309.5500
1787335465,309.5400,309.5400,309.5000,309.5000
1787335468,309.5200,309.5200,309.5150,309.5150
1787335470,309.5000,309.5000,309.5000,309.5000
1787335477,309.5000,309.5000,309.4900,309.5000
1787335479,309.4800,309.4800,309.4700,309.4700
1787335484,309.4800,309.4800,309.4800,309.4800
1787335485,309.4700,309.4850,309.4700,309.4800
1787335487,309.4500,309.4500,309.4500,309.4500
1787335490,309.4300,309.4300,309.4300,309.4300
1787335491,309.4500,309.4500,309.4500,309.4500
1787335492,309.4650,309.4650,309.4650,309.4650
1787335493,309.4600,309.4600,309.4600,309.4600
1787335495,309.4500,309.4700,309.4300,309.4500
1787335496,309.4600,309.4700,309.4600,309.4700
1787335497,309.4800,309.4900,309.4800,309.4900
1787335498,309.5000,309.5100,309.5000,309.5100
1787335502,309.5150,309.5150,309.5150,309.5150
1787335503,309.5000,309.5000,309.5000,309.5000
1787335505,309.5050,309.5050,309.5050,309.5050
1787335506,309.5100,309.5100,309.4900,309.5000
1787335507,309.5100,309.5100,309.5100,309.5100
1787335509,309.5100,309.5100,309.5100,309.5100
1787335510,309.5150,309.5150,309.5150,309.5150
1787335511,309.5000,309.5000,309.5000,309.5000
1787335512,309.5000,309.5100,309.5000,309.5100
1787335513,309.5100,309.5100,309.5100,309.5100
1787335518,309.5000,309.5000,309.5000,309.5000
1787335520,309.5100,309.5200,309.5100,309.5200
1787335521,309.5300,309.5300,309.5300,309.5300
1787335522,309.5300,309.5300,309.5300,309.5300
1787335523,309.5100,309.5300,309.5100,309.5300
1787335525,309.5300,309.5300,309.5300,309.5300
1787335527,309.5200,309.5200,309.5100,309.5200
1787335528,309.5300,309.5300,309.5300,309.5300
1787335532,309.5400,309.5500,309.5400,309.5500
1787335533,309.5700,309.5700,309.5600,309.5600
1787335535,309.5900,309.5900,309.5900,309.5900
1787335536,309.5900,309.5900,309.5900,309.5900
1787335539,309.5800,309.5800,309.5200,309.5200
1787335544,309.4900,309.4900,309.4800,309.4800
1787335545,309.4700,309.4700,309.4700,309.4700
1787335547,309.4500,309.4500,309.4500,309.4500
1787335549,309.4600,309.4600,309.4600,309.4600
1787335550,309.4650,309.4650,309.4650,309.4650
1787335551,309.4600,309.4600,309.4600,309.4600
1787335562,309.4450,309.4450,309.4450,309.4450
1787335564,309.4500,309.4600,309.4500,309.4600
1787335569,309.4500,309.4500,309.4500,309.4500
1787335570,309.4500,309.4550,309.4500,309.4550
1787335572,309.4500,309.4500,309.4500,309.4500
1787335573,309.4550,309.4550,309.4550,309.4550
1787335576,309.4500,309.4600,309.4400,309.4600
1787335577,309.4700,309.4700,309.4700,309.4700
1787335578,309.4850,309.4900,309.4850,309.4900
1787335580,309.4850,309.5150,309.4850,309.5150
1787335582,309.5000,309.5000,309.4800,309.4800
1787335583,309.4800,309.4800,309.4500,309.4500
1787335585,309.4500,309.4500,309.4500,309.4500
1787335586,309.4500,309.4500,309.4500,309.4500
1787335587,309.4500,309.4500,309.4500,309.4500
1787335589,309.4500,309.4500,309.4500,309.4500
1787335591,309.4600,309.4600,309.4600,309.4600
1787335593,309.4500,309.4500,309.4500,309.4500
1787335596,309.4500,309.4500,309.4500,309.4500
1787335598,309.4500,309.4600,309.4500,309.4600
1787335600,309.4500,309.4500,309.4400,309.4500
1787335602,309.4500,309.4500,309.4500,309.4500
1787335603,309.4500,309.4500,309.4300,309.4300
1787335604,309.4000,309.4000,309.4000,309.4000
1787335605,309.4000,309.4000,309.3900,309.3900
1787335606,309.3800,309.3800,309.3800,309.3800
1787335610,309.3700,309.3700,309.3700,309.3700
1787335613,309.3800,309.3800,309.3800,309.3800
1787335617,309.3900,309.4100,309.3400,309.3400
1787335618,309.3400,309.3500,309.3400,309.3500
1787335619,309.3400,309.3400,309.3400,309.3400
1787335621,309.3400,309.3800,309.3400,309.3700
1787335623,309.3300,309.3300,309.3300,309.3300
1787335625,309.3700,309.3700,309.3700,309.3700
1787335626,309.3600,309.3600,309.3600,309.3600
1787335628,309.3600,309.3600,309.3600,309.3600
1787335630,309.3500,309.3500,309.3450,309.3450
1787335633,309.3550,309.3550,309.3550,309.3550
1787335634,309.3600,309.3800,309.3600,309.3600
1787335636,309.3600,309.3600,309.3500,309.3500
1787335637,309.3650,309.3650,309.3650,309.3650
1787335638,309.4000,309.4100,309.3800,309.3900
1787335640,309.3800,309.3800,309.3800,309.3800
1787335643,309.3600,309.3600,309.3600,309.3600
1787335644,309.3400,309.3450,309.3400,309.3450
1787335645,309.3500,309.3800,309.3450,309.3800
1787335646,309.3900,309.3900,309.3900,309.3900
1787335647,309.3600,309.3600,309.3450,309.3450
1787335648,309.3500,309.3500,309.3500,309.3500
1787335651,309.3450,309.3450,309.3450,309.3450
1787335652,309.3400,309.3400,309.3400,309.3400
1787335653,309.3500,309.3500,309.3500,309.3500
1787335654,309.3700,309.4000,309.3700,309.4000
1787335655,309.4100,309.4100,309.4100,309.4100
1787335656,309.4200,309.4200,309.4200,309.4200
1787335657,309.4200,309.4200,309.4200,309.4200
1787335658,309.4100,309.4100,309.4100,309.4100
1787335659,309.4200,309.4200,309.4200,309.4200
1787335661,309.4100,309.4100,309.4100,309.4100
1787335664,309.3900,309.3900,309.3550,309.3700
1787335665,309.4000,309.4000,309.4000,309.4000
1787335666,309.4100,309.4100,309.4100,309.4100
1787335667,309.4100,309.4100,309.4000,309.4000
1787335668,309.4200,309.4200,309.4200,309.4200
1787335669,309.4300,309.4300,309.4100,309.4100
1787335670,309.4050,309.4050,309.4050,309.4050
1787335671,309.4200,309.4200,309.4200,309.4200
1787335672,309.4000,309.4000,309.4000,309.4000
1787335674,309.3800,309.3800,309.3800,309.3800
1787335678,309.3900,309.3900,309.3900,309.3900
1787335682,309.3700,309.3700,309.3400,309.3400
1787335683,309.3300,309.3300,309.3200,309.3200
1787335684,309.3400,309.3800,309.3400,309.3800
1787335690,309.3500,309.3500,309.3400,309.3400
1787335695,309.3350,309.3350,309.3350,309.3350
1787335698,309.3400,309.3400,309.3300,309.3300
1787335702,309.3400,309.3400,309.3400,309.3400
1787335704,309.3300,309.3300,309.3300,309.3300
1787335708,309.3250,309.3250,309.3250,309.3250
1787335709,309.3100,309.3200,309.3100,309.3200
1787335710,309.3200,309.3200,309.3200,309.3200
1787335711,309.3200,309.3200,309.3200,309.3200
1787335713,309.3100,309.3100,309.2800,309.2800
1787335715,309.3000,309.3000,309.3000,309.3000
1787335717,309.2900,309.2900,309.2800,309.2900
1787335722,309.2900,309.2900,309.2800,309.2800
1787335723,309.2800,309.2800,309.2800,309.2800
1787335725,309.2800,309.2800,309.2800,309.2800
1787335728,309.2800,309.2800,309.2400,309.2400
1787335729,309.2300,309.2300,309.2300,309.2300
1787335731,309.2400,309.2500,309.2400,309.2500
1787335732,309.2600,309.2600,309.2600,309.2600
1787335734,309.2700,309.2700,309.2700,309.2700
1787335735,309.2800,309.3000,309.2800,309.3000
1787335736,309.3100,309.3100,309.3100,309.3100
1787335738,309.3100,309.3100,309.3100,309.3100
1787335739,309.3100,309.3100,309.3100,309.3100
1787335740,309.3200,309.3400,309.3200,309.3400
1787335742,309.3500,309.3600,309.3500,309.3600
1787335743,309.3800,309.3900,309.3800,309.3900
1787335747,309.4000,309.4300,309.4000,309.4300
1787335748,309.4200,309.4200,309.4100,309.4100
1787335749,309.4000,309.4000,309.4000,309.4000
1787335752,309.4400,309.4500,309.4400,309.4400
1787335754,309.4200,309.4200,309.4200,309.4200
1787335759,309.3900,309.3900,309.3900,309.3900
1787335761,309.4100,309.4200,309.4100,309.4200
1787335762,309.4200,309.4200,309.4100,309.4100
1787335772,309.4200,309.4200,309.4200,309.4200
1787335775,309.4300,309.4300,309.4300,309.4300
1787335776,309.4200,309.4200,309.4000,309.4000
1787335777,309.4000,309.4000,309.4000,309.4000
1787335778,309.4100,309.4100,309.4100,309.4100
1787335779,309.4200,309.4200,309.4200,309.4200
1787335789,309.4050,309.4400,309.4050,309.4400
1787335790,309.4300,309.4300,309.4300,309.4300
1787335792,309.4100,309.4100,309.4000,309.4000
1787335793,309.3700,309.3700,309.3700,309.3700
1787335796,309.3600,309.3600,309.3600,309.3600
1787335798,309.3600,309.3600,309.3600,309.3600
1787335800,309.3700,309.3700,309.3700,309.3700
1787335803,309.3600,309.3600,309.3500,309.3500
1787335809,309.3500,309.3500,309.3400,309.3500
1787335810,309.3500,309.3500,309.3500,309.3500
1787335811,309.3400,309.3500,309.3400,309.3500
1787335813,309.3400,309.3400,309.3400,309.3400
1787335814,309.3400,309.3400,309.3400,309.3400
1787335816,309.3300,309.3300,309.3200,309.3200
1787335818,309.3400,309.3450,309.3400,309.3450
1787335820,309.3400,309.3400,309.3400,309.3400
1787335823,309.3250,309.3500,309.3250,309.3500
1787335824,309.3600,309.3600,309.3600,309.3600
1787335825,309.3700,309.3700,309.3650,309.3650
1787335826,309.3650,309.3650,309.3650,309.3650
1787335827,309.3600,309.3600,309.3600,309.3600
1787335828,309.3500,309.3500,309.3500,309.3500
1787335830,309.3500,309.3500,309.3500,309.3500
1787335832,309.3600,309.3600,309.3600,309.3600
1787335835,309.3600,309.3600,309.3500,309.3600
1787335836,309.3600,309.3600,309.3600,309.3600
1787335840,309.3500,309.3500,309.3400,309.3400
1787335841,309.3300,309.3300,309.3200,309.3300
1787335844,309.3400,309.3400,309.3400,309.3400
1787335848,309.3500,309.3500,309.3500,309.3500
1787335849,309.3450,309.3450,309.3450,309.3450
1787335850,309.3400,309.3400,309.3400,309.3400
1787335851,309.3200,309.3200,309.3200,309.3200
1787335852,309.3200,309.3200,309.3200,309.3200
1787335854,309.3100,309.3100,309.2950,309.2950
1787335857,309.2850,309.3000,309.2850,309.3000
1787335860,309.3150,309.3150,309.3100,309.3100
1787335861,309.3200,309.3200,309.3200,309.3200
1787335862,309.3100,309.3100,309.3100,309.3100
1787335864,309.3100,309.3100,309.3100,309.3100
1787335866,309.3000,309.3000,309.3000,309.3000
1787335871,309.2800,309.2800,309.2700,309.2700
1787335874,309.2550,309.2550,309.2550,309.2550
1787335875,309.2600,309.2700,309.2600,309.2700
1787335876,309.2800,309.2800,309.2800,309.2800
1787335877,309.2700,309.2700,309.2700,309.2700
1787335878,309.2600,309.2600,309.2600,309.2600
1787335881,309.2500,309.2600,309.2500,309.2500
1787335883,309.2500,309.2500,309.2500,309.2500
1787335886,309.2400,309.2400,309.2400,309.2400
1787335889,309.2400,309.2400,309.2400,309.2400
1787335891,309.2300,309.2300,309.2300,309.2300
1787335892,309.2400,309.2450,309.2400,309.2450
1787335895,309.2400,309.2400,309.2400,309.2400
1787335896,309.2300,309.2300,309.2300,309.2300
1787335897,309.2300,309.2300,309.2200,309.2200
1787335898,309.2200,309.2200,309.2200,309.2200
1787335900,309.2200,309.2200,309.2200,309.2200
1787335901,309.2300,309.2300,309.2300,309.2300
1787335902,309.2300,309.2300,309.2300,309.2300
1787335904,309.2300,309.2300,309.2300,309.2300
1787335906,309.2250,309.2250,309.2250,309.2250
1787335907,309.2300,309.2300,309.2300,309.2300
1787335910,309.2300,309.2300,309.2300,309.2300
1787335911,309.2350,309.2350,309.2350,309.2350
1787335912,309.2300,309.2300,309.2200,309.2200
1787335914,309.2250,309.2700,309.2250,309.2600
1787335916,309.2500,309.2500,309.2500,309.2500
1787335917,309.2450,309.2450,309.2450,309.2450
1787335921,309.2400,309.2400,309.2400,309.2400
1787335922,309.2200,309.2200,309.1900,309.1900
1787335923,309.1700,309.1700,309.1700,309.1700
1787335924,309.1800,309.1800,309.1800,309.1800
1787335925,309.1700,309.1700,309.1700,309.1700
1787335926,309.1850,309.1900,309.1850,309.1900
1787335930,309.2200,309.2200,309.2200,309.2200
1787335932,309.2200,309.2200,309.2000,309.2000
1787335938,309.1900,309.1900,309.1900,309.1900
1787335940,309.1800,309.1800,309.1800,309.1800
1787335942,309.1900,309.2200,309.1900,309.2200
1787335944,309.2200,309.2200,309.2200,309.2200
1787335948,309.2100,309.2200,309.2100,309.2200
1787335952,309.2200,309.2200,309.2200,309.2200
1787335954,309.2200,309.2200,309.2100,309.2150
1787335959,309.2000,309.2000,309.1800,309.1800
1787335961,309.1900,309.1900,309.1900,309.1900
1787335963,309.2000,309.2000,309.2000,309.2000
1787335969,309.1900,309.1900,309.1900,309.1900
1787335970,309.1500,309.1500,309.1500,309.1500
1787335974,309.1750,309.1800,309.1750,309.1800
1787335978,309.1850,309.1850,309.1850,309.1850
1787335980,309.1850,309.1850,309.1850,309.1850
1787335981,309.2000,309.2000,309.1900,309.1900
1787335982,309.1850,309.1850,309.1850,309.1850
1787335984,309.1800,309.1800,309.1800,309.1800
1787335987,309.1700,309.1700,309.1700,309.1700
1787335988,309.1500,309.1500,309.1500,309.1500
1787335990,309.1600,309.1600,309.1600,309.1600
1787335991,309.1500,309.1500,309.1500,309.1500
1787335992,309.1500,309.1500,309.1500,309.1500
1787335993,309.1300,309.1500,309.1300,309.1500
1787335998,309.1500,309.1500,309.1450,309.1450
1787336001,309.1350,309.1350,309.1350,309.1350
1787336003,309.1300,309.1300,309.1200,309.1200
1787336004,309.1300,309.1500,309.1300,309.1500
1787336005,309.1500,309.1500,309.1500,309.1500
1787336006,309.1600,309.1600,309.1600,309.1600
1787336007,309.1600,309.1700,309.1600,309.1600
1787336012,309.1500,309.1500,309.1500,309.1500
1787336014,309.1300,309.1300,309.1300,309.1300
1787336015,309.1300,309.1300,309.1300,309.1300
1787336017,309.1200,309.1200,309.0800,309.0800
1787336019,309.0800,309.0800,309.0800,309.0800
1787336021,309.0600,309.0600,309.0600,309.0600
1787336022,309.0600,309.0600,309.0600,309.0600
1787336023,309.0400,309.0400,309.0300,309.0300
1787336025,309.0200,309.0200,309.0200,309.0200
1787336026,309.0100,309.0200,309.0000,309.0200
1787336029,309.0300,309.0300,309.0300,309.0300
1787336030,309.0300,309.0300,309.0300,309.0300
1787336035,309.0200,309.0200,309.0150,309.0150
1787336037,309.0100,309.0100,309.0100,309.0100
1787336039,309.0100,309.0700,309.0100,309.0700
1787336040,309.0800,309.0800,309.0800,309.0800
1787336041,309.0900,309.0900,309.0900,309.0900
1787336042,309.1000,309.1000,309.1000,309.1000
1787336043,309.1000,309.1000,309.1000,309.1000
1787336044,309.1000,309.1100,309.1000,309.1000
1787336045,309.0850,309.0850,309.0850,309.0850
1787336047,309.0600,309.0600,309.0600,309.0600
1787336048,309.0700,309.0700,309.0700,309.0700
1787336051,309.0600,309.0700,309.0600,309.0700
1787336052,309.0800,309.1200,309.0800,309.1100
1787336055,309.1300,309.1300,309.1200,309.1300
1787336056,309.1300,309.1300,309.1300,309.1300
1787336057,309.1400,309.1600,309.1400,309.1600
1787336060,309.1600,309.1700,309.1600,309.1700
1787336061,309.1750,309.1750,309.1750,309.1750
1787336062,309.1800,309.1800,309.1800,309.1800
1787336063,309.1900,309.1900,309.1900,309.1900
1787336066,309.2100,309.2100,309.2100,309.2100
1787336068,309.2100,309.2100,309.2100,309.2100
1787336071,309.2100,309.2100,309.2100,309.2100
1787336073,309.1800,309.1800,309.1800,309.1800
1787336074,309.2000,309.2000,309.2000,309.2000
1787336077,309.2000,309.2000,309.2000,309.2000
1787336080,309.2000,309.2000,309.1900,309.1900
1787336081,309.1900,309.1900,309.1900,309.1900
1787336083,309.1900,309.1900,309.1900,309.1900
1787336086,309.1900,309.1900,309.1900,309.1900
1787336088,309.1800,309.1800,309.1700,309.1700
1787336090,309.1700,309.1700,309.1700,309.1700
1787336096,309.1800,309.2000,309.1800,309.1900
1787336098,309.1900,309.1900,309.1850,309.1850
1787336099,309.1800,309.1800,309.1800,309.1800
1787336100,309.1800,309.1800,309.1800,309.1800
1787336101,309.1800,309.1800,309.1800,309.1800
1787336102,309.1700,309.1700,309.1600,309.1600
1787336104,309.1600,309.1600,309.1600,309.1600
1787336106,309.1500,309.1500,309.1500,309.1500
1787336108,309.1350,309.1400,309.1200,309.1200
1787336114,309.1200,309.1200,309.1200,309.1200
1787336115,309.1300,309.1300,309.1300,309.1300
1787336116,309.1500,309.1600,309.1500,309.1600
1787336121,309.1600,309.1600,309.1600,309.1600
1787336122,309.1600,309.1600,309.1600,309.1600
1787336126,309.1600,309.1600,309.1600,309.1600
1787336127,309.1500,309.1500,309.1400,309.1400
1787336128,309.1350,309.1400,309.1350,309.1400
1787336129,309.1300,309.1300,309.1100,309.1250
1787336133,309.1100,309.1100,309.0900,309.0900
1787336134,309.0900,309.0900,309.0900,309.0900
1787336135,309.0900,309.0900,309.0850,309.0850
1787336136,309.0900,309.0900,309.0900,309.0900
1787336141,309.0800,309.0800,309.0800,309.0800
1787336142,309.0700,309.0700,309.0700,309.0700
1787336143,309.0700,309.0700,309.0600,309.0600
1787336144,309.0500,309.0500,309.0500,309.0500
1787336145,309.0500,309.0500,309.0100,309.0300
1787336152,309.0500,309.0500,309.0500,309.0500
1787336154,309.0450,309.0450,309.0450,309.0450
1787336156,309.0600,309.0600,309.0600,309.0600
1787336160,309.0500,309.0500,309.0500,309.0500
1787336163,309.0550,309.0600,309.0550,309.0600
1787336167,309.0700,309.1200,309.0700,309.1100
1787336168,309.1300,309.1400,309.1300,309.1400
1787336172,309.1300,309.1300,309.1100,309.1200
1787336180,309.1300,309.1300,309.1300,309.1300
1787336181,309.1200,309.1200,309.1000,309.1000
1787336186,309.0900,309.0900,309.0900,309.0900
1787336187,309.1000,309.1100,309.1000,309.1100
1787336188,309.1000,309.1000,309.1000,309.1000
1787336189,309.0800,309.0900,309.0800,309.0900
1787336194,309.0900,309.0900,309.0900,309.0900
1787336199,309.0900,309.0900,309.0900,309.0900
1787336207,309.0500,309.0500,309.0500,309.0500
1787336208,309.0300,309.0300,309.0100,309.0100
1787336209,309.0100,309.0100,309.0100,309.0100
1787336211,309.0100,309.0200,309.0100,309.0200
1787336214,309.0200,309.0200,309.0200,309.0200
1787336217,309.0200,309.0200,309.0200,309.0200
1787336219,309.0200,309.0200,309.0200,309.0200
1787336222,309.0000,309.0000,308.9900,308.9900
1787336223,308.9750,308.9750,308.9750,308.9750
1787336225,308.9700,308.9700,308.9400,308.9400
1787336226,308.9600,308.9700,308.9600,308.9700
1787336228,308.9700,308.9700,308.9700,308.9700
1787336231,308.9600,308.9600,308.9500,308.9500
1787336232,308.9500,308.9500,308.9500,308.9500
1787336234,308.9600,308.9600,308.9600,308.9600
1787336236,308.9600,308.9600,308.9600,308.9600
1787336238,308.9600,308.9600,308.9500,308.9600
1787336240,308.9700,308.9700,308.9700,308.9700
1787336244,308.9700,308.9700,308.9700,308.9700
1787336245,308.9700,308.9700,308.9700,308.9700
1787336247,308.9700,308.9700,308.9700,308.9700
1787336248,308.9600,308.9600,308.9600,308.9600
1787336254,308.9250,308.9250,308.9250,308.9250
1787336256,308.9350,308.9400,308.9350,308.9350
1787336259,308.9500,308.9600,308.9500,308.9600
1787336260,308.9400,308.9400,308.9000,308.9000
1787336261,308.9400,308.9400,308.9400,308.9400
1787336269,308.9400,308.9400,308.9400,308.9400
1787336270,308.9300,308.9300,308.9300,308.9300
1787336272,308.9300,308.9300,308.9200,308.9300
1787336273,308.9400,308.9500,308.9400,308.9400
1787336274,308.9450,308.9450,308.9450,308.9450
1787336275,308.9500,308.9500,308.9400,308.9400
1787336277,308.9400,308.9400,308.9400,308.9400
1787336282,308.9500,308.9500,308.9500,308.9500
1787336284,308.9500,308.9700,308.9500,308.9700
1787336285,308.9800,309.0100,308.9800,308.9900
1787336286,308.9900,308.9900,308.9900,308.9900
1787336287,308.9800,308.9800,308.9800,308.9800
1787336288,308.9800,308.9800,308.9800,308.9800
1787336290,308.9700,308.9700,308.9700,308.9700
1787336292,308.9600,308.9600,308.9400,308.9400
1787336295,308.9700,308.9700,308.9700,308.9700
1787336305,308.9600,308.9700,308.9600,308.9700
1787336307,308.9800,308.9800,308.9700,308.9700
1787336309,308.9400,308.9400,308.9300,308.9300
1787336311,308.9300,308.9300,308.9300,308.9300
1787336312,308.9100,308.9100,308.9100,308.9100
1787336314,308.9300,308.9300,308.9300,308.9300
1787336315,308.9300,308.9300,308.9300,308.9300
1787336318,308.9300,308.9300,308.9300,308.9300
1787336320,308.9300,308.9300,308.9100,308.9100
1787336322,308.9200,308.9200,308.9200,308.9200
1787336326,308.9250,308.9400,308.9250,308.9400
1787336329,308.9450,308.9450,308.9450,308.9450
1787336330,308.9450,308.9450,308.9450,308.9450
1787336334,308.9300,308.9300,308.9100,308.9100
1787336337,308.9100,308.9100,308.8900,308.9000
1787336341,308.9150,308.9200,308.9150,308.9200
1787336345,308.9300,308.9300,308.9300,308.9300
1787336347,308.9300,308.9300,308.9200,308.9200
1787336349,308.9200,308.9200,308.9000,308.9100
1787336350,308.8900,308.9000,308.8800,308.9000
1787336351,308.9100,308.9200,308.9100,308.9200
1787336352,308.9300,308.9300,308.9300,308.9300
1787336353,308.9500,308.9500,308.9500,308.9500
1787336355,308.9800,308.9800,308.9800,308.9800
1787336356,308.9900,309.0000,308.9900,309.0000
1787336357,308.9900,308.9900,308.9900,308.9900
1787336358,309.0000,309.0000,309.0000,309.0000
1787336359,309.0000,309.0000,309.0000,309.0000
1787336360,309.0000,309.0000,308.9800,308.9800
1787336361,309.0000,309.0000,309.0000,309.0000
1787336362,309.0000,309.0000,309.0000,309.0000
1787336365,308.9800,308.9900,308.9800,308.9900
1787336370,308.9900,308.9900,308.9900,308.9900
1787336371,308.9900,309.0000,308.9900,309.0000
1787336372,309.0000,309.0100,309.0000,309.0100
1787336373,309.0200,309.0200,309.0200,309.0200
1787336374,309.0400,309.0400,309.0400,309.0400
1787336375,309.0500,309.0500,309.0300,309.0300
1787336377,309.0200,309.0300,309.0200,309.0300
1787336380,309.0300,309.0400,309.0300,309.0400
1787336384,309.0500,309.0500,309.0100,309.0100
1787336385,309.0200,309.0200,309.0200,309.0200
1787336386,309.0200,309.0200,309.0200,309.0200
1787336388,309.0200,309.0200,309.0200,309.0200
1787336391,309.0200,309.0200,309.0200,309.0200
1787336392,309.0100,309.0100,309.0100,309.0100
1787336394,309.0200,309.0200,309.0200,309.0200
1787336397,309.0250,309.0300,309.0250,309.0300
1787336399,309.0400,309.0600,309.0400,309.0600
1787336400,309.0700,309.0700,309.0700,309.0700
1787336401,309.0650,309.0650,309.0650,309.0650
1787336402,309.0650,309.0650,309.0650,309.0650
1787336403,309.0700,309.0700,309.0700,309.0700
1787336404,309.0700,309.0700,309.0700,309.0700
1787336405,309.0700,309.0700,309.0700,309.0700
1787336408,309.0700,309.0700,309.0700,309.0700
1787336410,309.0600,309.0600,309.0600,309.0600
1787336411,309.0500,309.0500,309.0500,309.0500
1787336412,309.0400,309.0400,309.0300,309.0300
1787336417,309.0200,309.0200,309.0150,309.0150
1787336418,309.0150,309.0300,309.0150,309.0300
1787336429,309.0350,309.0350,309.0350,309.0350
1787336431,309.0300,309.0300,309.0300,309.0300
1787336436,309.0350,309.0400,309.0350,309.0400
1787336437,309.0500,309.0600,309.0500,309.0600
1787336441,309.0600,309.0600,309.0600,309.0600
1787336443,309.0400,309.0400,309.0400,309.0400
1787336445,309.0350,309.0400,309.0350,309.0400
1787336447,309.0500,309.0500,309.0500,309.0500
1787336455,309.0600,309.0600,309.0600,309.0600
1787336459,309.0650,309.0650,309.0650,309.0650
1787336463,309.0650,309.0650,309.0650,309.0650
1787336467,309.0650,309.0650,309.0650,309.0650
1787336468,309.0600,309.0600,309.0300,309.0300
1787336470,309.0100,309.0100,309.0100,309.0100
1787336471,309.0100,309.0100,309.0100,309.0100
1787336475,309.0200,309.0200,309.0000,309.0000
1787336479,308.9950,308.9950,308.9950,308.9950
1787336480,308.9900,308.9900,308.9900,308.9900
1787336482,308.9900,308.9900,308.9900,308.9900
1787336487,308.9900,308.9900,308.9900,308.9900
1787336488,308.9850,308.9900,308.9800,308.9900
1787336489,308.9900,308.9900,308.9900,308.9900
1787336490,308.9850,308.9850,308.9500,308.9500
1787336493,308.9400,308.9400,308.9300,308.9300
1787336494,308.9200,308.9200,308.9200,308.9200
1787336496,308.9100,308.9100,308.9100,308.9100
1787336497,308.9050,308.9050,308.9000,308.9000
1787336498,308.9000,308.9300,308.8950,308.9300
1787336500,308.9300,308.9300,308.9300,308.9300
1787336502,308.9300,308.9300,308.9300,308.9300
1787336503,308.9100,308.9100,308.9000,308.9000
1787336506,308.9000,308.9000,308.9000,308.9000
1787336507,308.8900,308.8900,308.8600,308.8600
1787336508,308.8600,308.8600,308.8600,308.8600
1787336509,308.8600,308.8700,308.8600,308.8700
1787336510,308.8700,308.8700,308.8700,308.8700
1787336513,308.8600,308.8600,308.8600,308.8600
1787336514,308.8500,308.8500,308.8400,308.8400
1787336517,308.8300,308.8300,308.8300,308.8300
1787336518,308.8200,308.8200,308.7850,308.7850
1787336519,308.8000,308.8100,308.8000,308.8100
1787336520,308.8000,308.8000,308.8000,308.8000
1787336521,308.8000,308.8000,308.7900,308.8000
1787336523,308.8000,308.8000,308.7700,308.7900
1787336525,308.7900,308.7900,308.7900,308.7900
1787336526,308.7800,308.7800,308.7800,308.7800
1787336529,308.7700,308.7700,308.7700,308.7700
1787336530,308.7600,308.7600,308.7500,308.7500
1787336532,308.7600,308.7800,308.7600,308.7800
1787336538,308.7750,308.7900,308.7700,308.7900
1787336542,308.7900,308.7900,308.7900,308.7900
1787336544,308.7900,308.7900,308.7800,308.7800
1787336547,308.7700,308.7700,308.7700,308.7700
1787336548,308.7700,308.7700,308.7700,308.7700
1787336550,308.7600,308.7600,308.7500,308.7500
1787336552,308.7500,308.7500,308.7500,308.7500
1787336553,308.7500,308.7500,308.7500,308.7500
1787336555,308.7500,308.7900,308.7500,308.7900
1787336556,308.7900,308.7900,308.7900,308.7900
1787336559,308.8000,308.8200,308.8000,308.8100
1787336560,308.8000,308.8100,308.8000,308.8100
1787336563,308.8200,308.8200,308.8200,308.8200
1787336564,308.8300,308.8300,308.8300,308.8300
1787336566,308.8300,308.8300,308.8300,308.8300
1787336569,308.8100,308.8100,308.8100,308.8100
1787336570,308.8100,308.8300,308.8100,308.8200
1787336572,308.8400,308.8400,308.8400,308.8400
1787336574,308.8500,308.8500,308.8500,308.8500
1787336577,308.8500,308.8500,308.8500,308.8500
1787336579,308.8500,308.8500,308.8500,308.8500
1787336580,308.8300,308.8300,308.8300,308.8300
1787336582,308.8350,308.8350,308.8350,308.8350
1787336583,308.8300,308.8300,308.8300,308.8300
1787336586,308.8300,308.8300,308.8300,308.8300
1787336589,308.8300,308.8500,308.8300,308.8500
1787336591,308.8450,308.8450,308.8450,308.8450
1787336592,308.8500,308.8500,308.8500,308.8500
1787336595,308.8450,308.8450,308.8450,308.8450
1787336597,308.8500,308.8500,308.8100,308.8100
1787336598,308.8100,308.8500,308.8100,308.8500
1787336599,308.8300,308.8300,308.8300,308.8300
1787336600,308.8400,308.8400,308.8400,308.8400
1787336601,308.8500,308.8500,308.8500,308.8500
1787336603,308.8550,308.8700,308.8550,308.8700
1787336604,308.8800,308.8900,308.8800,308.8900
1787336606,308.8900,308.8900,308.8900,308.8900
1787336607,308.8800,308.8800,308.8800,308.8800
1787336611,308.8800,308.8800,308.8800,308.8800
1787336612,308.8700,308.8700,308.6300,308.6500
1787336613,308.6600,308.6600,308.6600,308.6600
1787336615,308.6400,308.6400,308.6300,308.6300
1787336616,308.6300,308.6300,308.6300,308.6300
1787336617,308.6100,308.6100,308.6100,308.6100
1787336618,308.6100,308.6100,308.5850,308.5950
1787336619,308.5800,308.6000,308.5700,308.6000
1787336620,308.6100,308.6100,308.6100,308.6100
1787336622,308.5900,308.5900,308.5800,308.5850
1787336626,308.5800,308.5800,308.5800,308.5800
1787336627,308.5700,308.5700,308.5400,308.5600
1787336628,308.5600,308.6000,308.5600,308.5900
1787336630,308.5900,308.5950,308.5900,308.5950
1787336634,308.5600,308.5600,308.5600,308.5600
1787336635,308.5800,308.5800,308.5800,308.5800
1787336637,308.5800,308.5800,308.5800,308.5800
1787336638,308.5700,308.5900,308.5700,308.5900
1787336639,308.5900,308.5900,308.5900,308.5900
1787336641,308.5700,308.5700,308.5700,308.5700
1787336642,308.5500,308.5650,308.5500,308.5600
1787336643,308.5500,308.5500,308.5300,308.5300
1787336644,308.5400,308.5400,308.5400,308.5400
1787336645,308.5400,308.5400,308.5400,308.5400
1787336646,308.5400,308.5500,308.5400,308.5500
1787336650,308.5500,308.5700,308.5500,308.5700
1787336652,308.5400,308.5400,308.5350,308.5350
1787336653,308.5300,308.5300,308.5300,308.5300
1787336657,308.5300,308.5300,308.5300,308.5300
1787336661,308.5400,308.5500,308.5400,308.5500
1787336662,308.5500,308.5500,308.5500,308.5500
1787336665,308.5500,308.5500,308.5500,308.5500
1787336668,308.5400,308.5400,308.5400,308.5400
1787336669,308.5300,308.5300,308.5300,308.5300
1787336670,308.5200,308.5200,308.5100,308.5200
1787336671,308.5200,308.5200,308.5150,308.5150
1787336673,308.5200,308.5200,308.5200,308.5200
1787336676,308.5250,308.5300,308.5250,308.5250
1787336679,308.5350,308.5400,308.5350,308.5400
1787336680,308.5300,308.5300,308.5200,308.5300
1787336684,308.5100,308.5100,308.4700,308.4700
1787336686,308.4800,308.4800,308.4800,308.4800
1787336690,308.4800,308.4800,308.4800,308.4800
1787336692,308.4700,308.4700,308.4700,308.4700
1787336694,308.4600,308.4800,308.4600,308.4800
1787336696,308.4700,308.4700,308.4700,308.4700
1787336697,308.4800,308.4800,308.4800,308.4800
1787336698,308.4600,308.4600,308.4600,308.4600
1787336699,308.4700,308.5300,308.4700,308.5300
1787336700,308.5400,308.5700,308.5400,308.5700
1787336701,308.5800,308.5900,308.5800,308.5900
1787336702,308.6000,308.6050,308.6000,308.6000
1787336703,308.6000,308.6100,308.6000,308.6100
1787336704,308.6100,308.6100,308.6100,308.6100
1787336707,308.6100,308.6100,308.5900,308.5900
1787336711,308.6050,308.6100,308.6050,308.6100
1787336712,308.6100,308.6100,308.6100,308.6100
1787336714,308.6100,308.6100,308.6100,308.6100
1787336716,308.6000,308.6000,308.5900,308.5900
1787336717,308.6100,308.6100,308.6000,308.6000
1787336719,308.5850,308.5850,308.5850,308.5850
1787336720,308.5700,308.5700,308.5700,308.5700
1787336721,308.5700,308.5750,308.5700,308.5750
1787336723,308.5600,308.5600,308.5600,308.5600
1787336725,308.5600,308.5600,308.5600,308.5600
1787336726,308.5700,308.5700,308.5700,308.5700
1787336729,308.5500,308.5500,308.5400,308.5400
1787336730,308.5400,308.5400,308.5250,308.5250
1787336731,308.5300,308.5300,308.5300,308.5300
1787336732,308.5400,308.5400,308.5400,308.5400
1787336734,308.5500,308.5700,308.5500,308.5700
1787336735,308.5700,308.5700,308.5600,308.5600
1787336737,308.5600,308.5600,308.5600,308.5600
1787336738,308.5700,308.5700,308.5600,308.5600
1787336740,308.5700,308.5700,308.5600,308.5600
1787336742,308.5400,308.5400,308.5400,308.5400
1787336743,308.5400,308.5400,308.5400,308.5400
1787336744,308.5200,308.5300,308.5200,308.5300
1787336747,308.5100,308.5100,308.4100,308.4300
1787336749,308.4500,308.4500,308.4500,308.4500
1787336751,308.4400,308.4500,308.4400,308.4500
1787336752,308.4300,308.4300,308.4200,308.4200
1787336753,308.4300,308.4500,308.4200,308.4300
1787336754,308.4500,308.4500,308.4500,308.4500
1787336755,308.4600,308.4600,308.4600,308.4600
1787336757,308.4500,308.4500,308.4500,308.4500
1787336758,308.4500,308.4500,308.4500,308.4500
1787336760,308.4500,308.4550,308.4500,308.4550
1787336762,308.4600,308.5100,308.4600,308.5100
1787336763,308.5200,308.5200,308.5000,308.5100
1787336764,308.5200,308.5200,308.4900,308.4900
1787336766,308.5000,308.5000,308.5000,308.5000
1787336768,308.4800,308.4800,308.4800,308.4800
1787336771,308.4850,308.4850,308.4850,308.4850
1787336773,308.4900,308.4900,308.4900,308.4900
1787336774,308.4900,308.4900,308.4900,308.4900
1787336775,308.5000,308.5200,308.5000,308.5200
1787336776,308.5300,308.5300,308.5300,308.5300
1787336777,308.5100,308.5100,308.4700,308.4700
1787336779,308.4800,308.4800,308.4800,308.4800
1787336780,308.4900,308.4900,308.4900,308.4900
1787336783,308.5100,308.5100,308.5100,308.5100
1787336784,308.5200,308.5200,308.5200,308.5200
1787336785,308.5150,308.5150,308.5000,308.5000
1787336786,308.5200,308.5200,308.5200,308.5200
1787336787,308.5250,308.5300,308.5200,308.5300
1787336788,308.5300,308.5300,308.5300,308.5300
1787336791,308.5400,308.5500,308.5400,308.5500
1787336792,308.5600,308.5600,308.5600,308.5600
1787336794,308.5600,308.5700,308.5600,308.5700
1787336796,308.5800,308.5800,308.5800,308.5800
1787336801,308.5800,308.5900,308.5800,308.5900
1787336802,308.5800,308.5800,308.5800,308.5800
1787336803,308.5850,308.5850,308.5850,308.5850
1787336805,308.5800,308.5800,308.5800,308.5800
1787336807,308.5700,308.5700,308.5700,308.5700
1787336809,308.5400,308.5400,308.5400,308.5400
1787336810,308.5400,308.5400,308.5400,308.5400
1787336811,308.5300,308.5300,308.5200,308.5200
1787336813,308.5200,308.5200,308.5200,308.5200
1787336817,308.5300,308.5300,308.5300,308.5300
1787336819,308.5200,308.5200,308.5100,308.5100
1787336822,308.5200,308.5200,308.5200,308.5200
1787336824,308.5100,308.5200,308.5100,308.5200
1787336826,308.5200,308.5200,308.5200,308.5200
1787336827,308.5300,308.5300,308.5300,308.5300
1787336829,308.5200,308.5200,308.5200,308.5200
1787336830,308.5300,308.5300,308.5300,308.5300
1787336832,308.5300,308.5300,308.5300,308.5300
1787336835,308.5300,308.5300,308.5300,308.5300
1787336838,308.5200,308.5200,308.5200,308.5200
1787336840,308.5100,308.5100,308.5000,308.5000
1787336842,308.4800,308.4800,308.4800,308.4800
1787336845,308.4900,308.4900,308.4900,308.4900
1787336846,308.4900,308.4900,308.4900,308.4900
1787336847,308.4800,308.4800,308.4800,308.4800
1787336848,308.4700,308.4700,308.4700,308.4700
1787336850,308.4900,308.4900,308.4700,308.4700
1787336854,308.4900,308.4900,308.4900,308.4900
1787336855,308.5000,308.5000,308.5000,308.5000
1787336856,308.5100,308.5100,308.5100,308.5100
1787336858,308.5400,308.5500,308.5400,308.5500
1787336861,308.5600,308.5600,308.5600,308.5600
1787336863,308.5600,308.5850,308.5600,308.5800
1787336864,308.6000,308.6000,308.6000,308.6000
1787336869,308.6000,308.6000,308.6000,308.6000
1787336870,308.6000,308.6000,308.6000,308.6000
1787336871,308.6100,308.6200,308.6100,308.6200
1787336872,308.6200,308.6200,308.6200,308.6200
1787336873,308.6200,308.6200,308.6200,308.6200
1787336874,308.6200,308.6200,308.6200,308.6200
1787336877,308.6200,308.6200,308.6200,308.6200
1787336880,308.6150,308.6150,308.6150,308.6150
1787336881,308.6100,308.6100,308.6000,308.6000
1787336882,308.5900,308.5900,308.5900,308.5900
1787336883,308.5800,308.5800,308.5800,308.5800
1787336884,308.5600,308.5600,308.5600,308.5600
1787336885,308.5400,308.5400,308.5400,308.5400
1787336889,308.5300,308.5300,308.5200,308.5200
1787336892,308.5100,308.5100,308.5100,308.5100
1787336894,308.5000,308.5000,308.5000,308.5000
1787336896,308.5100,308.5100,308.5100,308.5100
1787336897,308.5300,308.5400,308.5300,308.5300
1787336898,308.5350,308.5350,308.5350,308.5350
1787336900,308.5300,308.5300,308.5300,308.5300
1787336901,308.5200,308.5200,308.5000,308.5000
1787336902,308.4900,308.4900,308.4900,308.4900
1787336905,308.4900,308.4900,308.4900,308.4900
1787336906,308.4800,308.4800,308.4800,308.4800
1787336908,308.4900,308.4900,308.4900,308.4900
1787336913,308.5000,308.5000,308.5000,308.5000
1787336916,308.5100,308.5200,308.5100,308.5200
1787336917,308.5200,308.5200,308.5100,308.5100
1787336921,308.5100,308.5100,308.4900,308.4900
1787336922,308.5000,308.5000,308.4900,308.4900
1787336923,308.4900,308.4900,308.4900,308.4900
1787336927,308.4900,308.4900,308.4900,308.4900
1787336932,308.4900,308.4900,308.4800,308.4800
1787336933,308.4700,308.4700,308.4700,308.4700
1787336936,308.4750,308.4750,308.4600,308.4600
1787336939,308.4600,308.4600,308.4600,308.4600
1787336940,308.4600,308.4600,308.4600,308.4600
1787336941,308.4600,308.4600,308.4600,308.4600
1787336942,308.4600,308.4600,308.4600,308.4600
1787336944,308.4500,308.4500,308.4500,308.4500
1787336947,308.4400,308.4400,308.4400,308.4400
1787336948,308.4350,308.4350,308.4350,308.4350
1787336949,308.4200,308.4400,308.4200,308.4400
1787336951,308.4500,308.4500,308.4500,308.4500
1787336952,308.4400,308.4400,308.4300,308.4300
1787336954,308.4300,308.4300,308.4300,308.4300
1787336958,308.4300,308.4400,308.4300,308.4400
1787336961,308.4150,308.4150,308.4150,308.4150
1787336964,308.4300,308.4300,308.4300,308.4300
1787336967,308.4200,308.4200,308.4200,308.4200
1787336968,308.4200,308.4350,308.4200,308.4250
1787336970,308.4350,308.4350,308.4350,308.4350
1787336971,308.4350,308.4350,308.4350,308.4350
1787336972,308.4300,308.4300,308.4300,308.4300
1787336975,308.4400,308.4500,308.4400,308.4500
1787336977,308.4600,308.4700,308.4600,308.4700
1787336979,308.4600,308.4600,308.4600,308.4600
1787336980,308.4550,308.4550,308.4550,308.4550
1787336983,308.4600,308.4600,308.4600,308.4600
1787336984,308.4700,308.4700,308.4650,308.4650
1787336986,308.4700,308.4700,308.4700,308.4700
1787336988,308.4700,308.4700,308.4700,308.4700
1787336990,308.4800,308.5000,308.4800,308.5000
1787336991,308.5000,308.5000,308.4850,308.4850
1787336992,308.4800,308.4800,308.4800,308.4800
1787336995,308.4800,308.4800,308.4700,308.4700
1787336996,308.4800,308.4800,308.4800,308.4800
1787336997,308.4850,308.4850,308.4850,308.4850
1787337000,308.4800,308.4900,308.4800,308.4800
1787337001,308.5000,308.5000,308.5000,308.5000
1787337002,308.5100,308.5100,308.5000,308.5000
1787337003,308.5200,308.5300,308.5200,308.5300
1787337005,308.5400,308.5600,308.5400,308.5600
1787337010,308.5800,308.5900,308.5800,308.5900
1787337011,308.5900,308.5900,308.5900,308.5900
1787337013,308.5900,308.5900,308.5900,308.5900
1787337014,308.5800,308.5800,308.5800,308.5800
1787337016,308.5700,308.5700,308.5700,308.5700
1787337017,308.5700,308.5700,308.5700,308.5700
1787337018,308.5750,308.5750,308.5750,308.5750
1787337020,308.5700,308.5700,308.5700,308.5700
1787337023,308.5800,308.5800,308.5800,308.5800
1787337027,308.5900,308.6000,308.5900,308.6000
1787337028,308.5900,308.5900,308.5900,308.5900
1787337029,308.5800,308.5800,308.5500,308.5500
1787337030,308.5500,308.5500,308.5200,308.5200
1787337032,308.5200,308.5200,308.5200,308.5200
1787337037,308.5450,308.5450,308.5450,308.5450
1787337038,308.5400,308.5500,308.5400,308.5500
1787337039,308.5400,308.5400,308.5400,308.5400
1787337040,308.5300,308.5300,308.5300,308.5300
1787337042,308.5300,308.5300,308.5200,308.5200
1787337043,308.5300,308.5400,308.5200,308.5200
1787337045,308.5400,308.5400,308.5400,308.5400
1787337047,308.5500,308.5500,308.5500,308.5500
1787337049,308.5300,308.5300,308.5250,308.5250
1787337050,308.5400,308.5400,308.5400,308.5400
1787337051,308.5450,308.5450,308.5450,308.5450
1787337052,308.5450,308.5450,308.5450,308.5450
1787337053,308.5400,308.5400,308.5300,308.5400
1787337055,308.5200,308.5200,308.5200,308.5200
1787337056,308.5300,308.5300,308.5300,308.5300
1787337060,308.5200,308.5200,308.4700,308.4700
1787337063,308.4800,308.4800,308.4800,308.4800
1787337064,308.4900,308.5000,308.4900,308.5000
1787337065,308.5200,308.5200,308.5200,308.5200
1787337067,308.5300,308.5300,308.5100,308.5100
1787337069,308.5100,308.5100,308.5100,308.5100
1787337072,308.5150,308.5150,308.4900,308.4900
1787337075,308.5100,308.5100,308.5100,308.5100
1787337076,308.5200,308.5200,308.5200,308.5200
1787337077,308.5200,308.5200,308.5000,308.5000
1787337078,308.5100,308.5100,308.5100,308.5100
1787337079,308.5200,308.5200,308.5200,308.5200
1787337082,308.5100,308.5100,308.5100,308.5100
1787337083,308.5200,308.5300,308.5200,308.5300
1787337085,308.5400,308.5400,308.5400,308.5400
1787337086,308.5500,308.5500,308.5500,308.5500
1787337087,308.5600,308.5700,308.5600,308.5700
1787337088,308.5700,308.5700,308.5700,308.5700
1787337089,308.5600,308.5600,308.5600,308.5600
1787337095,308.5800,308.5800,308.5800,308.5800
1787337096,308.5900,308.5900,308.5900,308.5900
1787337097,308.6000,308.6000,308.6000,308.6000
1787337098,308.6100,308.6300,308.6100,308.6300
1787337099,308.6200,308.6200,308.6200,308.6200
1787337100,308.6300,308.6300,308.6300,308.6300
1787337103,308.6300,308.6300,308.6300,308.6300
1787337105,308.6400,308.6400,308.6400,308.6400
1787337107,308.6500,308.6800,308.6500,308.6800
1787337110,308.7000,308.7000,308.7000,308.7000
1787337113,308.7050,308.7050,308.7050,308.7050
1787337114,308.7100,308.7100,308.7100,308.7100
1787337115,308.7350,308.7350,308.7200,308.7200
1787337117,308.7300,308.7300,308.7200,308.7200
1787337120,308.7200,308.7200,308.7200,308.7200
1787337121,308.7300,308.7550,308.7300,308.7500
1787337122,308.7400,308.7500,308.7400,308.7500
1787337124,308.7600,308.7700,308.7500,308.7700
1787337125,308.7850,308.7850,308.7850,308.7850
1787337126,308.7800,308.7800,308.7600,308.7600
1787337127,308.7600,308.7600,308.7400,308.7400
1787337128,308.7500,308.7500,308.7500,308.7500
1787337130,308.7650,308.7650,308.7650,308.7650
1787337131,308.7700,308.7700,308.7700,308.7700
1787337133,308.7750,308.7750,308.7700,308.7700
1787337134,308.7800,308.7900,308.7800,308.7900
1787337135,308.7900,308.7900,308.7600,308.7700
1787337137,308.7850,308.7850,308.7850,308.7850
1787337141,308.7900,308.7900,308.7900,308.7900
1787337143,308.7800,308.8100,308.7800,308.8100
1787337146,308.8300,308.8400,308.8300,308.8400
1787337147,308.8400,308.8400,308.8400,308.8400
1787337148,308.8250,308.8250,308.8250,308.8250
1787337150,308.8300,308.8300,308.8200,308.8200
1787337151,308.8300,308.8300,308.8300,308.8300
1787337152,308.8200,308.8200,308.8200,308.8200
1787337153,308.8100,308.8100,308.8000,308.8000
1787337156,308.8200,308.8200,308.8200,308.8200
1787337159,308.8200,308.8300,308.8200,308.8200
1787337160,308.8250,308.8250,308.8250,308.8250
1787337161,308.8000,308.8000,308.7600,308.7600
1787337163,308.7600,308.7700,308.7600,308.7700
1787337164,308.7700,308.7700,308.7700,308.7700
1787337165,308.7500,308.7500,308.7500,308.7500
1787337170,308.7700,308.7700,308.7700,308.7700
1787337173,308.7800,308.7800,308.7800,308.7800
1787337174,308.7900,308.8100,308.7900,308.8100
1787337175,308.8100,308.8100,308.8000,308.8000
1787337176,308.8000,308.8000,308.8000,308.8000
1787337178,308.7800,308.7800,308.7700,308.7700
1787337180,308.7600,308.7600,308.7500,308.7500
1787337181,308.7700,308.7800,308.7700,308.7800
1787337182,308.7800,308.7800,308.7600,308.7600
1787337183,308.7900,308.8000,308.7900,308.8000
1787337184,308.7900,308.7900,308.7900,308.7900
1787337187,308.7800,308.7800,308.7700,308.7700
1787337189,308.7800,308.7800,308.7800,308.7800
1787337191,308.8100,308.8100,308.8000,308.8000
1787337194,308.7800,308.7800,308.7800,308.7800
1787337195,308.7900,308.8000,308.7900,308.7900
1787337198,308.8000,308.8000,308.8000,308.8000
1787337199,308.8000,308.8100,308.7900,308.8100
1787337204,308.8100,308.8100,308.8100,308.8100
1787337207,308.8000,308.8000,308.7900,308.7900
1787337208,308.7750,308.7750,308.7750,308.7750
1787337209,308.7800,308.7800,308.7600,308.7600
1787337210,308.7600,308.7600,308.7600,308.7600
1787337211,308.7500,308.7500,308.7500,308.7500
1787337214,308.7500,308.7600,308.7500,308.7600
1787337215,308.7500,308.7700,308.7500,308.7700
1787337216,308.7500,308.7500,308.7400,308.7400
1787337217,308.7500,308.7500,308.7350,308.7400
1787337218,308.7300,308.7300,308.7300,308.7300
1787337219,308.7500,308.7600,308.7500,308.7600
1787337221,308.7600,308.7700,308.7500,308.7700
1787337222,308.7700,308.7700,308.7700,308.7700
1787337223,308.7700,308.7700,308.7700,308.7700
1787337225,308.7700,308.7700,308.7700,308.7700
1787337226,308.7700,308.7800,308.7700,308.7800
1787337229,308.8000,308.8000,308.8000,308.8000
1787337230,308.8100,308.8200,308.8100,308.8100
1787337231,308.8000,308.8000,308.8000,308.8000
1787337232,308.8050,308.8050,308.8050,308.8050
1787337233,308.7950,308.7950,308.7950,308.7950
1787337236,308.7800,308.7800,308.7800,308.7800
1787337237,308.7700,308.7700,308.7700,308.7700
1787337238,308.7700,308.7700,308.7700,308.7700
1787337242,308.7800,308.7900,308.7800,308.7900
1787337248,308.7700,308.7700,308.7200,308.7300
1787337251,308.7250,308.7250,308.7250,308.7250
1787337252,308.7100,308.7100,308.7100,308.7100
1787337255,308.7400,308.7500,308.7400,308.7500
1787337256,308.7400,308.7400,308.7400,308.7400
1787337257,308.7200,308.7200,308.7200,308.7200
1787337267,308.7200,308.7200,308.7200,308.7200
1787337270,308.7300,308.7300,308.7300,308.7300
1787337272,308.7200,308.7250,308.7200,308.7250
1787337273,308.7100,308.7100,308.7100,308.7100
1787337274,308.7100,308.7100,308.7000,308.7100
1787337275,308.7300,308.7300,308.7300,308.7300
1787337276,308.7200,308.7200,308.7200,308.7200
1787337279,308.7200,308.7200,308.7200,308.7200
1787337280,308.7000,308.7100,308.7000,308.7100
1787337282,308.7300,308.7300,308.7300,308.7300
1787337285,308.7300,308.7300,308.7300,308.7300
1787337286,308.7100,308.7100,308.7100,308.7100
1787337292,308.7100,308.7100,308.7100,308.7100
1787337293,308.7100,308.7100,308.6900,308.7100
1787337295,308.7100,308.7100,308.7100,308.7100
1787337296,308.7050,308.7050,308.7050,308.7050
1787337299,308.7100,308.7200,308.7100,308.7200
1787337301,308.6900,308.6900,308.6900,308.6900
1787337302,308.7000,308.7000,308.7000,308.7000
1787337303,308.7000,308.7000,308.6950,308.6950
1787337305,308.6950,308.6950,308.6950,308.6950
1787337311,308.6900,308.6900,308.6900,308.6900
1787337312,308.6900,308.6900,308.6900,308.6900
1787337313,308.6900,308.7000,308.6900,308.7000
1787337314,308.7100,308.7100,308.7100,308.7100
1787337315,308.7100,308.7100,308.7000,308.7000
1787337318,308.7100,308.7100,308.7100,308.7100
1787337319,308.7000,308.7000,308.6700,308.6700
1787337320,308.6600,308.6600,308.6600,308.6600
1787337322,308.6500,308.6500,308.6400,308.6400
1787337323,308.6500,308.6500,308.6500,308.6500
1787337325,308.6300,308.6300,308.6300,308.6300
1787337328,308.6200,308.6300,308.6100,308.6300
1787337329,308.6300,308.6500,308.6300,308.6500
1787337330,308.6600,308.6700,308.6600,308.6700
1787337331,308.6600,308.6600,308.6600,308.6600
1787337335,308.6400,308.6400,308.6400,308.6400
1787337337,308.6300,308.6300,308.6300,308.6300
1787337338,308.6400,308.6400,308.6400,308.6400
1787337339,308.6300,308.6300,308.6300,308.6300
1787337342,308.6300,308.6300,308.6200,308.6200
1787337343,308.6200,308.6200,308.6200,308.6200
1787337345,308.6100,308.6100,308.6100,308.6100
1787337349,308.6300,308.6400,308.6300,308.6400
1787337350,308.6500,308.6500,308.6500,308.6500
1787337353,308.6600,308.6600,308.6600,308.6600
1787337354,308.6600,308.6600,308.6600,308.6600
1787337355,308.6600,308.6600,308.6600,308.6600
1787337357,308.6500,308.6500,308.6400,308.6400
1787337358,308.6400,308.6500,308.6400,308.6500
1787337359,308.6600,308.6600,308.6600,308.6600
1787337360,308.6700,308.6700,308.6700,308.6700
1787337362,308.6650,308.6700,308.6650,308.6700
1787337363,308.6600,308.6600,308.6600,308.6600
1787337364,308.6600,308.6600,308.6500,308.6500
1787337367,308.6350,308.6400,308.6350,308.6400
1787337368,308.6400,308.6500,308.6400,308.6500
1787337370,308.6550,308.6550,308.6550,308.6550
1787337371,308.6500,308.6500,308.6500,308.6500
1787337372,308.6500,308.6600,308.6500,308.6600
1787337373,308.6700,308.7300,308.6700,308.7050
1787337376,308.7000,308.7100,308.7000,308.7100
1787337380,308.7200,308.7200,308.7200,308.7200
1787337381,308.7200,308.7200,308.7200,308.7200
1787337383,308.7000,308.7000,308.7000,308.7000
1787337384,308.7000,308.7000,308.7000,308.7000
1787337386,308.7000,308.7300,308.7000,308.7300
1787337387,308.7400,308.7400,308.7400,308.7400
1787337388,308.7500,308.7700,308.7500,308.7700
1787337389,308.7800,308.7800,308.7800,308.7800
1787337390,308.7800,308.7800,308.7700,308.7700
1787337393,308.7550,308.7550,308.7550,308.7550
1787337395,308.7500,308.7500,308.7400,308.7400
1787337402,308.7200,308.7200,308.7200,308.7200
1787337403,308.7200,308.7200,308.7200,308.7200
1787337404,308.7300,308.7300,308.7300,308.7300
1787337405,308.7200,308.7200,308.7200,308.7200
1787337408,308.7300,308.7300,308.7300,308.7300
1787337411,308.7300,308.7300,308.7300,308.7300
1787337412,308.7300,308.7300,308.7300,308.7300
1787337413,308.7300,308.7300,308.7300,308.7300
1787337415,308.7300,308.7300,308.7300,308.7300
1787337416,308.7300,308.7300,308.7300,308.7300
1787337417,308.7300,308.7300,308.7300,308.7300
1787337418,308.7200,308.7200,308.7200,308.7200
1787337419,308.7100,308.7100,308.7000,308.7000
1787337420,308.7100,308.7100,308.7100,308.7100
1787337423,308.7300,308.7300,308.7300,308.7300
1787337424,308.7300,308.7300,308.7300,308.7300
1787337425,308.7300,308.7300,308.7300,308.7300
1787337426,308.7400,308.7500,308.7400,308.7400
1787337427,308.7400,308.7500,308.7400,308.7500
1787337430,308.7500,308.7500,308.7300,308.7300
1787337431,308.7300,308.7300,308.7300,308.7300
1787337432,308.7300,308.7300,308.7300,308.7300
1787337434,308.7400,308.7500,308.7400,308.7500
1787337435,308.7500,308.7500,308.7450,308.7450
1787337437,308.7500,308.7500,308.7500,308.7500
1787337438,308.7400,308.7500,308.7400,308.7500
1787337441,308.7500,308.7600,308.7500,308.7600
1787337444,308.7600,308.7600,308.7600,308.7600
1787337445,308.7700,308.8300,308.7700,308.8300
1787337446,308.8300,308.8300,308.8300,308.8300
1787337447,308.8200,308.8200,308.8200,308.8200
1787337448,308.8100,308.8100,308.8100,308.8100
1787337449,308.8200,308.8200,308.8200,308.8200
1787337453,308.8200,308.8200,308.8200,308.8200
1787337454,308.8300,308.8300,308.8300,308.8300
1787337455,308.8400,308.8400,308.8400,308.8400
1787337456,308.8450,308.8450,308.8300,308.8400
1787337457,308.8400,308.8400,308.8300,308.8300
1787337459,308.8200,308.8200,308.8200,308.8200
1787337460,308.8300,308.8300,308.8300,308.8300
1787337461,308.8400,308.8450,308.8400,308.8450
1787337462,308.8300,308.8300,308.8200,308.8200
1787337463,308.8200,308.8200,308.8200,308.8200
1787337468,308.8300,308.8300,308.8300,308.8300
1787337469,308.8300,308.8300,308.8300,308.8300
1787337470,308.8300,308.8300,308.8300,308.8300
1787337472,308.8400,308.8400,308.8400,308.8400
1787337473,308.8300,308.8300,308.8300,308.8300
1787337474,308.8200,308.8200,308.8100,308.8100
1787337475,308.8050,308.8050,308.8050,308.8050
1787337476,308.8100,308.8100,308.7900,308.7900
1787337477,308.7900,308.8000,308.7900,308.8000
1787337481,308.8000,308.8100,308.8000,308.8100
1787337482,308.8300,308.8300,308.8250,308.8250
1787337483,308.8300,308.8350,308.8300,308.8350
1787337485,308.8400,308.8500,308.8400,308.8500
1787337486,308.8600,308.8600,308.8600,308.8600
1787337487,308.8700,308.8700,308.8700,308.8700
1787337489,308.8700,308.8700,308.8700,308.8700
1787337490,308.8700,308.8700,308.8500,308.8600
1787337495,308.8600,308.8600,308.8600,308.8600
1787337496,308.8400,308.8400,308.8400,308.8400
1787337505,308.8350,308.8400,308.8350,308.8400
1787337506,308.8500,308.8500,308.8500,308.8500
1787337507,308.8700,308.8900,308.8700,308.8900
1787337508,308.9000,308.9400,308.9000,308.9400
1787337509,308.9300,308.9300,308.9300,308.9300
1787337510,308.9200,308.9200,308.9100,308.9200
1787337511,308.9200,308.9200,308.9200,308.9200
1787337513,308.9200,308.9200,308.9200,308.9200
1787337515,308.9300,308.9300,308.9300,308.9300
1787337516,308.9400,308.9400,308.9400,308.9400
1787337517,308.9300,308.9300,308.9300,308.9300
1787337519,308.9400,308.9400,308.9400,308.9400
1787337520,308.9500,308.9650,308.9300,308.9300
1787337521,308.9200,308.9200,308.9200,308.9200
1787337522,308.9100,308.9100,308.8800,308.8800
1787337523,308.8800,308.8800,308.8800,308.8800
1787337524,308.8900,308.8900,308.8900,308.8900
1787337526,308.9000,308.9000,308.9000,308.9000
1787337528,308.9100,308.9200,308.9100,308.9200
1787337530,308.9300,308.9300,308.9200,308.9200
1787337533,308.9000,308.9000,308.9000,308.9000
1787337536,308.9200,308.9200,308.9200,308.9200
1787337539,308.9300,308.9400,308.9300,308.9300
1787337540,308.9200,308.9200,308.9000,308.9000
1787337543,308.9200,308.9200,308.9200,308.9200
1787337547,308.9400,308.9400,308.9400,308.9400
1787337548,308.9200,308.9200,308.9100,308.9100
1787337553,308.9100,308.9100,308.9100,308.9100
1787337554,308.9050,308.9050,308.9000,308.9000
1787337555,308.8900,308.8900,308.8600,308.8600
1787337557,308.8600,308.8600,308.8500,308.8500
1787337558,308.8500,308.8500,308.8500,308.8500
1787337559,308.8400,308.8400,308.8400,308.8400
1787337560,308.8400,308.8400,308.8400,308.8400
1787337561,308.8350,308.8350,308.8350,308.8350
1787337569,308.8400,308.8400,308.8300,308.8300
1787337572,308.8350,308.8350,308.8300,308.8300
1787337573,308.8300,308.8300,308.8300,308.8300
1787337574,308.8300,308.8300,308.8300,308.8300
1787337575,308.8200,308.8200,308.8200,308.8200
1787337576,308.8100,308.8100,308.8100,308.8100
1787337577,308.8100,308.8100,308.8100,308.8100
1787337578,308.8100,308.8300,308.8100,308.8100
1787337579,308.8150,308.8150,308.8150,308.8150
1787337582,308.8200,308.8200,308.8200,308.8200
1787337595,308.8200,308.8200,308.8200,308.8200
1787337596,308.8200,308.8200,308.8200,308.8200
1787337599,308.8200,308.8200,308.8200,308.8200
1787337600,308.8300,308.8300,308.8300,308.8300
1787337602,308.8200,308.8200,308.8200,308.8200
1787337604,308.8200,308.8200,308.8150,308.8150
1787337605,308.8150,308.8150,308.8100,308.8100
1787337606,308.8200,308.8200,308.8200,308.8200
1787337607,308.8200,308.8200,308.8200,308.8200
1787337610,308.8300,308.8300,308.8300,308.8300
1787337611,308.8200,308.8200,308.8200,308.8200
1787337613,308.8200,308.8200,308.8200,308.8200
1787337614,308.8300,308.8300,308.8300,308.8300
1787337615,308.8300,308.8300,308.8300,308.8300
1787337616,308.8250,308.8250,308.8250,308.8250
1787337620,308.8300,308.8300,308.8300,308.8300
1787337622,308.8350,308.8350,308.8300,308.8300
1787337626,308.8300,308.8300,308.8300,308.8300
1787337627,308.8300,308.8300,308.8300,308.8300
1787337630,308.8400,308.8400,308.8400,308.8400
1787337631,308.8500,308.8600,308.8500,308.8600
1787337632,308.8700,308.8700,308.8700,308.8700
1787337633,308.8800,308.9100,308.8800,308.9100
1787337634,308.9200,308.9200,308.9100,308.9100
1787337638,308.9200,308.9200,308.9200,308.9200
1787337639,308.9200,308.9200,308.9200,308.9200
1787337641,308.9300,308.9300,308.9300,308.9300
1787337642,308.9200,308.9200,308.9200,308.9200
1787337643,308.9200,308.9200,308.9200,308.9200
1787337644,308.9100,308.9100,308.9100,308.9100
1787337647,308.9100,308.9100,308.9100,308.9100
1787337650,308.9150,308.9150,308.9150,308.9150
1787337652,308.9150,308.9200,308.9150,308.9200
1787337653,308.9100,308.9100,308.9000,308.9000
1787337655,308.9000,308.9100,308.9000,308.9100
1787337659,308.9200,308.9200,308.9200,308.9200
1787337660,308.9200,308.9200,308.9200,308.9200
1787337661,308.9000,308.9000,308.8600,308.8850
1787337665,308.8800,308.8800,308.8800,308.8800
1787337666,308.8800,308.8800,308.8800,308.8800
1787337667,308.8800,308.8800,308.8800,308.8800
1787337668,308.8900,308.8900,308.8900,308.8900
1787337671,308.8800,308.8800,308.8800,308.8800
1787337672,308.8800,308.8800,308.8800,308.8800
1787337673,308.8700,308.8700,308.7800,308.7800
1787337676,308.7900,308.7900,308.7900,308.7900
1787337677,308.7900,308.7900,308.7900,308.7900
1787337680,308.7800,308.7800,308.7800,308.7800
1787337681,308.7800,308.7800,308.7800,308.7800
1787337683,308.7850,308.7850,308.7850,308.7850
1787337685,308.7800,308.7800,308.7800,308.7800
1787337687,308.7850,308.7850,308.7850,308.7850
1787337689,308.7800,308.7800,308.7800,308.7800
1787337690,308.7600,308.7900,308.7600,308.7900
1787337691,308.8000,308.8000,308.8000,308.8000
1787337693,308.8200,308.8200,308.8200,308.8200
1787337695,308.8000,308.8000,308.7750,308.7750
1787337696,308.7900,308.7900,308.7900,308.7900
1787337699,308.7900,308.7900,308.7900,308.7900
1787337700,308.7900,308.7900,308.7900,308.7900
1787337701,308.7900,308.7900,308.7900,308.7900
1787337703,308.7950,308.7950,308.7950,308.7950
1787337704,308.7900,308.7900,308.7900,308.7900
1787337707,308.7900,308.7950,308.7800,308.7950
1787337708,308.7900,308.7900,308.7900,308.7900
1787337709,308.8000,308.8000,308.8000,308.8000
1787337711,308.8050,308.8050,308.8050,308.8050
1787337713,308.8000,308.8000,308.8000,308.8000
1787337718,308.7950,308.7950,308.7950,308.7950
1787337719,308.7950,308.7950,308.7950,308.7950
1787337722,308.7900,308.7900,308.7800,308.7900
1787337724,308.8000,308.8000,308.7900,308.7900
1787337725,308.7900,308.8000,308.7600,308.8000
1787337726,308.8000,308.8000,308.8000,308.8000
1787337730,308.7900,308.7900,308.7800,308.7800
1787337732,308.7800,308.7800,308.7800,308.7800
1787337743,308.7850,308.7850,308.7850,308.7850
1787337747,308.7800,308.7800,308.7800,308.7800
1787337756,308.7800,308.7800,308.7800,308.7800
1787337757,308.7800,308.7800,308.7800,308.7800
1787337767,308.7800,308.7800,308.7700,308.7700
1787337768,308.7900,308.7900,308.7800,308.7800
1787337770,308.7800,308.7800,308.7800,308.7800
1787337771,308.7900,308.7900,308.7900,308.7900
1787337772,308.7950,308.8000,308.7950,308.8000
1787337775,308.8000,308.8000,308.8000,308.8000
1787337776,308.7800,308.7800,308.7700,308.7700
1787337779,308.7600,308.7600,308.7400,308.7400
1787337780,308.7400,308.7400,308.7400,308.7400
1787337782,308.7400,308.7400,308.7300,308.7300
1787337784,308.7200,308.7300,308.7200,308.7300
1787337789,308.7300,308.7400,308.7300,308.7400
1787337790,308.7500,308.7500,308.7500,308.7500
1787337792,308.7450,308.7450,308.7450,308.7450
1787337793,308.7300,308.7300,308.7300,308.7300
1787337794,308.7400,308.7400,308.7400,308.7400
1787337795,308.7400,308.7400,308.7400,308.7400
1787337798,308.7500,308.7500,308.7500,308.7500
1787337803,308.7450,308.7500,308.7400,308.7400
1787337804,308.7300,308.7300,308.7300,308.7300
1787337810,308.7300,308.7300,308.7300,308.7300
1787337813,308.7300,308.7300,308.7300,308.7300
1787337814,308.7300,308.7300,308.7300,308.7300
1787337816,308.7300,308.7300,308.7300,308.7300
1787337819,308.7300,308.7300,308.7200,308.7200
1787337822,308.7100,308.7100,308.7100,308.7100
1787337824,308.7100,308.7100,308.7100,308.7100
1787337825,308.7100,308.7100,308.7100,308.7100
1787337829,308.7150,308.7150,308.7150,308.7150
1787337830,308.7200,308.7200,308.7200,308.7200
1787337831,308.7100,308.7200,308.7100,308.7200
1787337832,308.7300,308.7400,308.7300,308.7400
1787337834,308.7500,308.7500,308.7500,308.7500
1787337840,308.7550,308.7600,308.7550,308.7600
1787337841,308.7700,308.7700,308.7600,308.7600
1787337842,308.7600,308.7600,308.7600,308.7600
1787337845,308.7600,308.7600,308.7600,308.7600
1787337846,308.7600,308.7600,308.7600,308.7600
1787337847,308.7600,308.7600,308.7600,308.7600
1787337849,308.7500,308.7500,308.7300,308.7300
1787337855,308.7100,308.7100,308.7100,308.7100
1787337856,308.7000,308.7000,308.7000,308.7000
1787337857,308.7000,308.7000,308.7000,308.7000
1787337858,308.7100,308.7100,308.7100,308.7100
1787337860,308.6950,308.6950,308.6800,308.6800
1787337861,308.6800,308.6800,308.6600,308.6700
1787337862,308.6800,308.6800,308.6700,308.6700
1787337863,308.6700,308.6700,308.6500,308.6500
1787337867,308.6600,308.6600,308.6400,308.6400
1787337868,308.6300,308.6300,308.6300,308.6300
1787337869,308.6000,308.6100,308.6000,308.6100
1787337870,308.5900,308.5900,308.5800,308.5800
1787337876,308.5800,308.5800,308.5800,308.5800
1787337877,308.5600,308.5700,308.5600,308.5700
1787337879,308.5400,308.5400,308.5400,308.5400
1787337880,308.5300,308.5300,308.5300,308.5300
1787337881,308.5400,308.5400,308.5400,308.5400
1787337882,308.5400,308.5400,308.5400,308.5400
1787337884,308.5400,308.5400,308.5400,308.5400
1787337885,308.5400,308.5400,308.5400,308.5400
1787337886,308.5400,308.5600,308.5400,308.5500
1787337888,308.5500,308.5500,308.5500,308.5500
1787337890,308.5400,308.5400,308.5400,308.5400
1787337892,308.5400,308.5400,308.5300,308.5300
1787337893,308.5450,308.5450,308.5450,308.5450
1787337896,308.5400,308.5400,308.5400,308.5400
1787337899,308.5400,308.5400,308.5400,308.5400
1787337901,308.5500,308.5500,308.5500,308.5500
1787337902,308.5400,308.5400,308.5400,308.5400
1787337903,308.5450,308.5450,308.5450,308.5450
1787337905,308.5400,308.5400,308.5300,308.5300
1787337908,308.5200,308.5200,308.5200,308.5200
1787337909,308.5100,308.5100,308.5100,308.5100
1787337913,308.5400,308.5400,308.5400,308.5400
1787337916,308.5400,308.5400,308.5400,308.5400
1787337918,308.5200,308.5200,308.1600,308.2800
1787337919,308.2900,308.3500,308.2800,308.3500
1787337920,308.3400,308.3400,308.2900,308.3000
1787337921,308.3200,308.4800,308.3200,308.3800
1787337922,308.3850,308.3950,308.3850,308.3950
1787337923,308.4000,308.4600,308.4000,308.4600
1787337924,308.4000,308.4000,308.4000,308.4000
1787337925,308.4300,308.4300,308.4300,308.4300
1787337926,308.4200,308.4300,308.4200,308.4300
1787337927,308.4400,308.4500,308.4400,308.4500
1787337929,308.4400,308.4400,308.4200,308.4200
1787337930,308.4250,308.4300,308.4250,308.4300
1787337931,308.4300,308.4300,308.4300,308.4300
1787337932,308.4400,308.4400,308.4400,308.4400
1787337933,308.4300,308.4300,308.4300,308.4300
1787337934,308.4300,308.4400,308.4300,308.4400
1787337935,308.4600,308.4600,308.4600,308.4600
1787337936,308.4450,308.4450,308.4450,308.4450
1787337940,308.4300,308.4400,308.4100,308.4100
1787337942,308.3900,308.3900,308.3900,308.3900
1787337943,308.3900,308.3900,308.3900,308.3900
1787337946,308.3900,308.3900,308.3900,308.3900
1787337947,308.3900,308.4200,308.3800,308.4000
1787337949,308.4200,308.4200,308.4200,308.4200
1787337950,308.4200,308.4300,308.4200,308.4300
1787337954,308.4000,308.4000,308.4000,308.4000
1787337955,308.3900,308.3900,308.3500,308.3500
1787337956,308.3300,308.3300,308.3300,308.3300
1787337957,308.3400,308.3400,308.3400,308.3400
1787337960,308.3500,308.3500,308.3300,308.3400
1787337961,308.3400,308.3400,308.3200,308.3400
1787337962,308.3500,308.3600,308.3500,308.3600
1787337963,308.3700,308.3700,308.3500,308.3600
1787337964,308.3700,308.3700,308.3700,308.3700
1787337965,308.3800,308.3800,308.3700,308.3800
1787337966,308.3800,308.3800,308.3700,308.3700
1787337968,308.3700,308.3700,308.3700,308.3700
1787337970,308.3800,308.3800,308.3700,308.3700
1787337971,308.3700,308.4000,308.3700,308.4000
1787337972,308.3900,308.3900,308.3800,308.3800
1787337973,308.3900,308.3900,308.3800,308.3800
1787337974,308.3700,308.3700,308.3600,308.3600
1787337975,308.3700,308.3700,308.3700,308.3700
1787337976,308.4000,308.4200,308.4000,308.4200
1787337977,308.4300,308.4400,308.4300,308.4300
1787337979,308.4400,308.4400,308.4200,308.4300
1787337980,308.4250,308.4250,308.4250,308.4250
1787337982,308.4300,308.4400,308.4300,308.4400
1787337983,308.4400,308.4400,308.4300,308.4300
1787337984,308.4400,308.4400,308.4400,308.4400
1787337987,308.4400,308.4600,308.4400,308.4500
1787337988,308.4250,308.4250,308.4250,308.4250
1787337989,308.4300,308.4300,308.4200,308.4200
1787337991,308.4100,308.4100,308.4100,308.4100
1787337992,308.4100,308.4300,308.4100,308.4300
1787337993,308.4400,308.4400,308.4400,308.4400
1787337996,308.4500,308.4500,308.4500,308.4500
1787337997,308.4900,308.5100,308.4900,308.5100
1787337998,308.5100,308.5100,308.5100,308.5100
1787338001,308.5100,308.5100,308.5100,308.5100
1787338002,308.5200,308.5200,308.5200,308.5200
1787338004,308.5450,308.5450,308.5450,308.5450
1787338005,308.5450,308.5450,308.5450,308.5450
1787338006,308.5500,308.5700,308.5500,308.5500
1787338007,308.5500,308.5500,308.5500,308.5500
1787338010,308.5700,308.5850,308.5700,308.5800
1787338016,308.6000,308.6000,308.6000,308.6000
1787338017,308.6100,308.6100,308.6100,308.6100
1787338018,308.6200,308.6200,308.6200,308.6200
1787338021,308.6300,308.6300,308.6000,308.6000
1787338022,308.6000,308.6000,308.6000,308.6000
1787338023,308.6000,308.6000,308.6000,308.6000
1787338029,308.5900,308.5900,308.5900,308.5900
1787338034,308.5950,308.5950,308.5950,308.5950
1787338036,308.5900,308.5900,308.5800,308.5800
1787338037,308.5800,308.5800,308.5800,308.5800
1787338038,308.5700,308.5700,308.5700,308.5700
1787338039,308.5600,308.5600,308.5500,308.5500
1787338040,308.5500,308.5500,308.5500,308.5500
1787338045,308.5300,308.5400,308.5300,308.5400
1787338050,308.5450,308.5700,308.5450,308.5700
1787338051,308.5700,308.5700,308.5700,308.5700
1787338052,308.5700,308.5700,308.5700,308.5700
1787338053,308.5800,308.5800,308.5800,308.5800
1787338054,308.5900,308.6200,308.5900,308.6200
1787338055,308.6200,308.6200,308.6200,308.6200
1787338057,308.6200,308.6200,308.6100,308.6100
1787338061,308.5900,308.5900,308.5700,308.5900
1787338067,308.5900,308.5900,308.5900,308.5900
1787338069,308.5800,308.5800,308.5800,308.5800
1787338070,308.5800,308.5800,308.5800,308.5800
1787338071,308.5900,308.5900,308.5900,308.5900
1787338074,308.5800,308.5800,308.5800,308.5800
1787338076,308.5700,308.5700,308.5700,308.5700
1787338077,308.5800,308.5800,308.5800,308.5800
1787338079,308.5800,308.5800,308.5700,308.5700
1787338081,308.5700,308.5700,308.5700,308.5700
1787338083,308.5600,308.5650,308.5500,308.5650
1787338085,308.5700,308.5800,308.5700,308.5800
1787338087,308.6000,308.6000,308.6000,308.6000
1787338090,308.6200,308.6300,308.6200,308.6300
1787338091,308.6300,308.6300,308.6300,308.6300
1787338094,308.6300,308.6300,308.6200,308.6200
1787338095,308.6200,308.6300,308.6200,308.6300
1787338100,308.6400,308.6400,308.6400,308.6400
1787338109,308.6400,308.6400,308.6200,308.6200
1787338111,308.6250,308.6250,308.6250,308.6250
1787338112,308.6100,308.6100,308.6100,308.6100
1787338115,308.5950,308.5950,308.5950,308.5950
1787338118,308.6000,308.6000,308.6000,308.6000
1787338121,308.5900,308.5900,308.5600,308.5600
1787338122,308.5650,308.5650,308.5650,308.5650
1787338124,308.5400,308.5550,308.5400,308.5550
1787338125,308.5400,308.5400,308.5300,308.5300
1787338127,308.5500,308.5500,308.5500,308.5500
1787338129,308.5600,308.5700,308.5600,308.5700
1787338132,308.5600,308.5600,308.5600,308.5600
1787338133,308.5500,308.5500,308.5500,308.5500
1787338134,308.5350,308.5400,308.5300,308.5400
1787338139,308.5300,308.5300,308.5200,308.5200
1787338142,308.5200,308.5200,308.5000,308.5000
1787338147,308.5100,308.5100,308.5100,308.5100
1787338148,308.4900,308.4900,308.4900,308.4900
1787338149,308.4900,308.4900,308.4850,308.4850
1787338152,308.4900,308.4950,308.4850,308.4950
1787338153,308.4900,308.5300,308.4700,308.5300
1787338158,308.5500,308.5500,308.5500,308.5500
1787338159,308.5500,308.5500,308.5500,308.5500
1787338160,308.5400,308.5400,308.5400,308.5400
1787338161,308.5400,308.5400,308.5200,308.5200
1787338164,308.5400,308.5400,308.5250,308.5250
1787338166,308.5400,308.5400,308.5400,308.5400
1787338168,308.5400,308.5400,308.5400,308.5400
1787338171,308.5300,308.5300,308.5300,308.5300
1787338176,308.5300,308.5300,308.5200,308.5200
1787338177,308.5300,308.5300,308.5300,308.5300
1787338180,308.5300,308.5300,308.5300,308.5300
1787338181,308.5400,308.5400,308.5300,308.5300
1787338183,308.5500,308.5500,308.5500,308.5500
1787338187,308.5600,308.5700,308.5600,308.5650
1787338188,308.5650,308.5650,308.5300,308.5300
1787338190,308.5300,308.5300,308.5300,308.5300
1787338192,308.5200,308.5200,308.5050,308.5050
1787338195,308.5050,308.5050,308.5050,308.5050
1787338196,308.5000,308.5600,308.5000,308.5600
1787338197,308.5700,308.5800,308.5700,308.5800
1787338198,308.6000,308.6100,308.6000,308.6100
1787338199,308.6050,308.6050,308.6050,308.6050
1787338200,308.6200,308.6300,308.6200,308.6200
1787338203,308.6300,308.6400,308.6300,308.6400
1787338204,308.6400,308.6400,308.6400,308.6400
1787338205,308.6500,308.6600,308.6500,308.6600
1787338206,308.6500,308.6500,308.6300,308.6300
1787338209,308.6550,308.6550,308.6500,308.6500
1787338211,308.6600,308.6900,308.6600,308.6900
1787338213,308.6950,308.6950,308.6900,308.6900
1787338218,308.6900,308.6900,308.6600,308.6600
1787338219,308.6800,308.6800,308.6800,308.6800
1787338220,308.6900,308.6900,308.6800,308.6800
1787338222,308.6800,308.6900,308.6800,308.6900
1787338223,308.6800,308.6800,308.6800,308.6800
1787338226,308.6800,308.6800,308.6800,308.6800
1787338227,308.6750,308.6750,308.6750,308.6750
1787338228,308.6750,308.6750,308.6750,308.6750
1787338229,308.6700,308.6700,308.6700,308.6700
1787338231,308.6800,308.6800,308.6800,308.6800
1787338233,308.6800,308.6800,308.6800,308.6800
1787338234,308.6850,308.6850,308.6850,308.6850
1787338236,308.6900,308.7000,308.6900,308.7000
1787338237,308.6900,308.6900,308.6900,308.6900
1787338238,308.6900,308.6900,308.6900,308.6900
1787338239,308.7000,308.7100,308.7000,308.7100
1787338240,308.7200,308.7300,308.7200,308.7300
1787338241,308.7400,308.7400,308.7400,308.7400
1787338244,308.7500,308.7500,308.7500,308.7500
1787338245,308.7500,308.7500,308.7500,308.7500
1787338246,308.7600,308.7600,308.7500,308.7500
1787338247,308.7500,308.7500,308.7500,308.7500
1787338248,308.7500,308.7550,308.7300,308.7300
1787338249,308.7300,308.7300,308.7300,308.7300
1787338250,308.7200,308.7200,308.7150,308.7200
1787338251,308.7200,308.7200,308.7200,308.7200
1787338252,308.7000,308.7000,308.7000,308.7000
1787338253,308.6900,308.6900,308.6900,308.6900
1787338255,308.6900,308.6900,308.6900,308.6900
1787338259,308.6800,308.6800,308.6700,308.6700
1787338261,308.6700,308.6700,308.6700,308.6700
1787338263,308.6600,308.6600,308.6500,308.6500
1787338265,308.6400,308.6400,308.6400,308.6400
1787338266,308.6450,308.6600,308.6450,308.6500
1787338267,308.6800,308.6800,308.6800,308.6800
1787338268,308.6650,308.6650,308.6650,308.6650
1787338269,308.6700,308.6700,308.6700,308.6700
1787338270,308.6700,308.6700,308.6700,308.6700
1787338274,308.6650,308.6650,308.6650,308.6650
1787338275,308.6500,308.6500,308.6500,308.6500
1787338277,308.6400,308.6800,308.6400,308.6800
1787338278,308.6700,308.6700,308.6600,308.6700
1787338279,308.6800,308.6900,308.6800,308.6900
1787338280,308.6900,308.6900,308.6900,308.6900
1787338281,308.6800,308.6800,308.6800,308.6800
1787338282,308.6700,308.6700,308.6700,308.6700
1787338284,308.6500,308.6500,308.6400,308.6400
1787338285,308.6450,308.6450,308.6300,308.6450
1787338288,308.6400,308.6400,308.6400,308.6400
1787338289,308.6500,308.6500,308.6500,308.6500
1787338290,308.6700,308.6700,308.6700,308.6700
1787338291,308.6500,308.6600,308.6500,308.6600
1787338293,308.6500,308.6500,308.6400,308.6400
1787338294,308.6400,308.6400,308.6400,308.6400
1787338295,308.6400,308.6500,308.6400,308.6500
1787338296,308.6700,308.6700,308.6700,308.6700
1787338300,308.6800,308.6900,308.6800,308.6900
1787338302,308.6950,308.6950,308.6950,308.6950
1787338303,308.7000,308.7000,308.7000,308.7000
1787338306,308.7150,308.7150,308.7000,308.7000
1787338307,308.6950,308.6950,308.6950,308.6950
1787338308,308.6900,308.6900,308.6900,308.6900
1787338310,308.6900,308.6900,308.6900,308.6900
1787338313,308.6800,308.6800,308.6700,308.6700
1787338316,308.6500,308.6500,308.6200,308.6200
1787338317,308.6300,308.6300,308.6300,308.6300
1787338318,308.6200,308.6200,308.6200,308.6200
1787338320,308.6250,308.6300,308.6250,308.6300
1787338321,308.6300,308.6300,308.6300,308.6300
1787338323,308.6400,308.6400,308.6400,308.6400
1787338326,308.6500,308.6500,308.6500,308.6500
1787338327,308.6500,308.6500,308.6500,308.6500
1787338332,308.6600,308.6700,308.6600,308.6700
1787338335,308.6800,308.7100,308.6800,308.7100
1787338337,308.7000,308.7000,308.6900,308.6900
1787338338,308.6950,308.6950,308.6950,308.6950
1787338340,308.6900,308.6900,308.6900,308.6900
1787338342,308.7000,308.7000,308.7000,308.7000
1787338344,308.7000,308.7000,308.7000,308.7000
1787338345,308.6900,308.6900,308.6700,308.6700
1787338349,308.6800,308.6800,308.6800,308.6800
1787338350,308.6800,308.6800,308.6800,308.6800
1787338352,308.6800,308.6800,308.6800,308.6800
1787338354,308.6850,308.6900,308.6850,308.6900
1787338355,308.6900,308.6900,308.6900,308.6900
1787338356,308.6850,308.6900,308.6850,308.6900
1787338360,308.6800,308.6800,308.6300,308.6300
1787338362,308.6200,308.6200,308.6200,308.6200
1787338363,308.6200,308.6200,308.6150,308.6150
1787338364,308.6200,308.6200,308.6200,308.6200
1787338365,308.6300,308.6300,308.6300,308.6300
1787338371,308.6350,308.6350,308.6300,308.6300
1787338372,308.6300,308.6500,308.6300,308.6500
1787338373,308.6400,308.6500,308.6400,308.6500
1787338374,308.6400,308.6400,308.6400,308.6400
1787338375,308.6300,308.6300,308.6200,308.6200
1787338376,308.6200,308.6200,308.6200,308.6200
1787338377,308.6300,308.6300,308.6300,308.6300
1787338378,308.6300,308.6300,308.6200,308.6200
1787338383,308.6300,308.6300,308.6300,308.6300
1787338384,308.6250,308.6250,308.6250,308.6250
1787338386,308.6250,308.6250,308.6250,308.6250
1787338388,308.6300,308.6300,308.6300,308.6300
1787338390,308.6250,308.6250,308.5900,308.6000
1787338391,308.6050,308.6100,308.6050,308.6100
1787338392,308.6000,308.6000,308.6000,308.6000
1787338393,308.6000,308.6000,308.6000,308.6000
1787338394,308.6000,308.6000,308.6000,308.6000
1787338395,308.6000,308.6000,308.6000,308.6000
1787338396,308.5900,308.5900,308.5700,308.5700
1787338397,308.5500,308.5600,308.5500,308.5600
1787338398,308.5700,308.5800,308.5700,308.5800
1787338399,308.5900,308.5900,308.5900,308.5900
1787338400,308.5900,308.6200,308.5900,308.6100
1787338401,308.6000,308.6000,308.6000,308.6000
1787338404,308.6000,308.6000,308.6000,308.6000
1787338406,308.6000,308.6100,308.6000,308.6100
1787338407,308.6200,308.6200,308.6200,308.6200
1787338410,308.6200,308.6200,308.6200,308.6200
1787338414,308.6300,308.6300,308.6300,308.6300
1787338418,308.6300,308.6300,308.6300,308.6300
1787338419,308.6400,308.6500,308.6400,308.6500
1787338423,308.6600,308.6700,308.6600,308.6600
1787338429,308.6500,308.6500,308.6200,308.6200
1787338430,308.6200,308.6200,308.5300,308.5300
1787338432,308.5200,308.5200,308.5200,308.5200
1787338433,308.5200,308.5400,308.5100,308.5400
1787338434,308.5600,308.5800,308.5600,308.5800
1787338440,308.5700,308.5900,308.5700,308.5900
1787338449,308.5900,308.5900,308.5800,308.5900
1787338455,308.5900,308.5900,308.5900,308.5900
1787338456,308.6000,308.6000,308.6000,308.6000
1787338457,308.6000,308.6000,308.6000,308.6000
1787338461,308.5900,308.5900,308.5750,308.5750
1787338463,308.5750,308.5750,308.5750,308.5750
1787338465,308.5600,308.5600,308.5450,308.5450
1787338469,308.5500,308.5500,308.5500,308.5500
1787338470,308.5550,308.5550,308.5550,308.5550
1787338471,308.5550,308.5600,308.5500,308.5600
1787338472,308.5700,308.5700,308.5700,308.5700
1787338473,308.5750,308.5900,308.5750,308.5900
1787338477,308.5750,308.5750,308.5750,308.5750
1787338478,308.5800,308.5800,308.5800,308.5800
1787338479,308.5900,308.6000,308.5900,308.6000
1787338481,308.5900,308.5950,308.5900,308.5950
1787338483,308.5900,308.5900,308.5900,308.5900
1787338484,308.5800,308.5900,308.5800,308.5900
1787338486,308.6000,308.6000,308.5900,308.6000
1787338491,308.5900,308.5900,308.5900,308.5900
1787338493,308.5800,308.5800,308.5600,308.5600
1787338496,308.5600,308.5600,308.5600,308.5600
1787338497,308.5500,308.5700,308.5400,308.5400
1787338499,308.5700,308.5900,308.5700,308.5900
1787338500,308.5800,308.5800,308.5800,308.5800
1787338504,308.5900,308.5900,308.5800,308.5800
1787338505,308.5700,308.5700,308.5700,308.5700
1787338507,308.5700,308.5700,308.5400,308.5600
1787338508,308.5300,308.5300,308.5300,308.5300
1787338509,308.5300,308.5300,308.5300,308.5300
1787338510,308.5400,308.5400,308.5200,308.5200
1787338512,308.5200,308.5300,308.5200,308.5300
1787338514,308.5300,308.5300,308.5300,308.5300
1787338515,308.5400,308.5500,308.5400,308.5500
1787338519,308.5600,308.5600,308.5600,308.5600
1787338523,308.5500,308.5500,308.5450,308.5450
1787338524,308.5500,308.5550,308.5500,308.5550
1787338525,308.5600,308.5600,308.5500,308.5500
1787338527,308.5500,308.5500,308.5400,308.5400
1787338528,308.5700,308.5700,308.5700,308.5700
1787338529,308.5700,308.5700,308.5700,308.5700
1787338531,308.5550,308.5550,308.5550,308.5550
1787338532,308.5500,308.5500,308.5300,308.5300
1787338533,308.5250,308.5250,308.5250,308.5250
1787338534,308.5200,308.5200,308.5200,308.5200
1787338535,308.5250,308.5300,308.5250,308.5300
1787338536,308.5100,308.5100,308.5100,308.5100
1787338540,308.5150,308.5150,308.5150,308.5150
1787338541,308.5200,308.5300,308.5200,308.5300
1787338542,308.5200,308.5200,308.5200,308.5200
1787338544,308.5250,308.5250,308.5250,308.5250
1787338545,308.5300,308.5300,308.5300,308.5300
1787338546,308.5400,308.5400,308.5400,308.5400
1787338548,308.5600,308.5600,308.5600,308.5600
1787338549,308.5600,308.5600,308.5600,308.5600
1787338550,308.5600,308.5600,308.5600,308.5600
1787338551,308.5600,308.5600,308.5600,308.5600
1787338552,308.5600,308.5600,308.5600,308.5600
1787338553,308.5600,308.5700,308.5600,308.5600
1787338555,308.5600,308.5600,308.5600,308.5600
1787338556,308.5600,308.5600,308.5600,308.5600
1787338557,308.5600,308.5600,308.5600,308.5600
1787338558,308.5650,308.5700,308.5650,308.5700
1787338559,308.5700,308.5700,308.5700,308.5700
1787338560,308.5600,308.5600,308.5600,308.5600
1787338561,308.5500,308.5500,308.5000,308.5100
1787338567,308.5400,308.5400,308.5400,308.5400
1787338568,308.5400,308.5400,308.5400,308.5400
1787338571,308.5400,308.5400,308.5400,308.5400
1787338575,308.5300,308.5300,308.5300,308.5300
1787338576,308.5300,308.5300,308.5300,308.5300
1787338583,308.5250,308.5250,308.5250,308.5250
1787338584,308.5250,308.5400,308.5250,308.5400
1787338585,308.5400,308.5450,308.5400,308.5450
1787338586,308.5450,308.5500,308.5450,308.5500
1787338587,308.5400,308.5400,308.5300,308.5400
1787338601,308.5500,308.5600,308.5500,308.5600
1787338602,308.5700,308.5800,308.5700,308.5800
1787338605,308.5850,308.5850,308.5850,308.5850
1787338609,308.5900,308.5900,308.5900,308.5900
1787338610,308.5900,308.5900,308.5900,308.5900
1787338611,308.5850,308.5850,308.5850,308.5850
1787338616,308.5900,308.5900,308.5900,308.5900
1787338617,308.5900,308.5900,308.5900,308.5900
1787338620,308.5800,308.5800,308.5800,308.5800
1787338622,308.5650,308.5650,308.5650,308.5650
1787338628,308.5700,308.5700,308.5700,308.5700
1787338634,308.5800,308.5900,308.5800,308.5900
1787338643,308.6000,308.6100,308.6000,308.6050
1787338644,308.6000,308.6000,308.6000,308.6000
1787338645,308.5900,308.5900,308.5900,308.5900
1787338647,308.5750,308.5750,308.5750,308.5750
1787338651,308.5800,308.5800,308.5800,308.5800
1787338660,308.5800,308.5800,308.5500,308.5500
1787338661,308.5600,308.5600,308.5600,308.5600
1787338662,308.5600,308.5600,308.5600,308.5600
1787338664,308.5600,308.5700,308.5600,308.5700
1787338665,308.5700,308.5700,308.5700,308.5700
1787338668,308.5700,308.5700,308.5600,308.5600
1787338672,308.5700,308.5700,308.5700,308.5700
1787338678,308.5750,308.5750,308.5750,308.5750
1787338679,308.5750,308.5750,308.5600,308.5600
1787338683,308.5650,308.5650,308.5500,308.5500
1787338684,308.5500,308.5500,308.5500,308.5500
1787338689,308.5600,308.5700,308.5600,308.5700
1787338691,308.5600,308.5600,308.5600,308.5600
1787338694,308.5600,308.5600,308.5600,308.5600
1787338699,308.5500,308.5500,308.5400,308.5400
1787338700,308.5300,308.5300,308.5300,308.5300
1787338701,308.5400,308.5400,308.5300,308.5300
1787338703,308.5350,308.5350,308.5300,308.5300
1787338708,308.5350,308.5350,308.5350,308.5350
1787338710,308.5300,308.5400,308.5300,308.5400
1787338711,308.5400,308.5400,308.5400,308.5400
1787338715,308.5500,308.5500,308.5500,308.5500
1787338717,308.5400,308.5400,308.5400,308.5400
1787338719,308.5400,308.5400,308.5400,308.5400
1787338720,308.5200,308.5200,308.5100,308.5200
1787338723,308.5400,308.5500,308.5400,308.5500
1787338730,308.5550,308.5550,308.5550,308.5550
1787338732,308.5500,308.5500,308.5400,308.5500
1787338733,308.5600,308.5700,308.5600,308.5700
1787338737,308.5750,308.5750,308.5750,308.5750
1787338738,308.5800,308.5900,308.5800,308.5900
1787338740,308.5900,308.5900,308.5900,308.5900
1787338746,308.5950,308.5950,308.5950,308.5950
1787338748,308.5900,308.5900,308.5900,308.5900
1787338752,308.5900,308.5900,308.5900,308.5900
1787338755,308.5900,308.5900,308.5900,308.5900
1787338756,308.5900,308.5900,308.5900,308.5900
1787338757,308.5950,308.5950,308.5950,308.5950
1787338758,308.5950,308.5950,308.5950,308.5950
1787338761,308.6000,308.6000,308.6000,308.6000
1787338765,308.5900,308.5900,308.5800,308.5800
1787338773,308.6000,308.6000,308.5900,308.5900
1787338775,308.5950,308.5950,308.5950,308.5950
1787338776,308.5950,308.6200,308.5950,308.6150
1787338777,308.6100,308.6100,308.6100,308.6100
1787338778,308.6000,308.6000,308.6000,308.6000
1787338779,308.6000,308.6000,308.6000,308.6000
1787338781,308.6000,308.6100,308.6000,308.6100
1787338782,308.6200,308.6300,308.6200,308.6300
1787338783,308.6400,308.6400,308.6400,308.6400
1787338784,308.6500,308.6700,308.6500,308.6700
1787338785,308.6800,308.6800,308.6800,308.6800
1787338787,308.6950,308.6950,308.6950,308.6950
1787338789,308.7000,308.7000,308.7000,308.7000
1787338792,308.7200,308.7200,308.7200,308.7200
1787338793,308.7350,308.7350,308.7350,308.7350
1787338794,308.7400,308.7500,308.7400,308.7500
1787338795,308.7600,308.7600,308.7600,308.7600
1787338796,308.7800,308.8600,308.7800,308.8400
1787338797,308.8300,308.8300,308.8200,308.8200
1787338798,308.8100,308.8100,308.8100,308.8100
1787338800,308.7800,308.7800,308.7750,308.7800
1787338802,308.8000,308.8200,308.8000,308.8200
1787338803,308.8300,308.8800,308.8300,308.8800
1787338804,308.8600,308.8600,308.8400,308.8400
1787338805,308.8300,308.8300,308.8300,308.8300
1787338806,308.8300,308.8300,308.8300,308.8300
1787338807,308.8200,308.8200,308.8150,308.8200
1787338808,308.8400,308.8400,308.8400,308.8400
1787338809,308.8400,308.8400,308.8400,308.8400
1787338810,308.8400,308.8500,308.8300,308.8300
1787338812,308.8300,308.8300,308.8300,308.8300
1787338813,308.8300,308.8300,308.8200,308.8200
1787338814,308.8100,308.8100,308.8000,308.8000
1787338815,308.8100,308.8100,308.8100,308.8100
1787338816,308.8150,308.8200,308.8000,308.8200
1787338818,308.8200,308.8200,308.8200,308.8200
1787338819,308.8050,308.8050,308.7900,308.7900
1787338820,308.7900,308.7900,308.7900,308.7900
1787338822,308.7900,308.8300,308.7900,308.8300
1787338823,308.8100,308.8200,308.8100,308.8200
1787338824,308.8200,308.8300,308.8200,308.8200
1787338825,308.8100,308.8100,308.7900,308.7900
1787338829,308.7800,308.7850,308.7800,308.7850
1787338830,308.7800,308.7800,308.7800,308.7800
1787338831,308.7900,308.7900,308.7800,308.7800
1787338832,308.7900,308.7900,308.7700,308.7700
1787338833,308.7700,308.7700,308.7700,308.7700
1787338834,308.7600,308.7700,308.7600,308.7700
1787338835,308.7800,308.7800,308.7800,308.7800
1787338836,308.7900,308.7900,308.7900,308.7900
1787338837,308.7800,308.7800,308.7800,308.7800
1787338838,308.7800,308.7800,308.7700,308.7700
1787338840,308.7500,308.7500,308.7500,308.7500
1787338842,308.7400,308.7400,308.7400,308.7400
1787338845,308.7200,308.7300,308.7200,308.7300
1787338846,308.7300,308.7300,308.7300,308.7300
1787338847,308.7400,308.7400,308.7400,308.7400
1787338850,308.7450,308.7450,308.7450,308.7450
1787338852,308.7400,308.7400,308.7400,308.7400
1787338853,308.7400,308.7400,308.7400,308.7400
1787338855,308.7500,308.7700,308.7500,308.7600
1787338856,308.7600,308.7600,308.7400,308.7400
1787338857,308.7300,308.7300,308.7200,308.7200
1787338863,308.7200,308.7200,308.7000,308.7200
1787338864,308.7100,308.7100,308.7100,308.7100
1787338867,308.7200,308.7200,308.7200,308.7200
1787338868,308.7000,308.7000,308.7000,308.7000
1787338869,308.6800,308.6800,308.6800,308.6800
1787338870,308.6800,308.6800,308.6800,308.6800
1787338872,308.6900,308.7000,308.6800,308.6800
1787338878,308.7000,308.7000,308.7000,308.7000
1787338880,308.7000,308.7000,308.7000,308.7000
1787338881,308.7100,308.7100,308.7100,308.7100
1787338882,308.7100,308.7100,308.7100,308.7100
1787338883,308.7000,308.7000,308.7000,308.7000
1787338885,308.7000,308.7000,308.7000,308.7000
1787338886,308.6900,308.6900,308.6800,308.6800
1787338888,308.6700,308.6700,308.6700,308.6700
1787338890,308.6750,308.6800,308.6600,308.6600
1787338891,308.6600,308.6600,308.6600,308.6600
1787338892,308.6600,308.6600,308.6000,308.6000
1787338896,308.5950,308.5950,308.5950,308.5950
1787338898,308.5900,308.6000,308.5900,308.6000
1787338900,308.5900,308.5900,308.5900,308.5900
1787338901,308.5800,308.5800,308.5700,308.5700
1787338904,308.5500,308.5500,308.5400,308.5400
1787338905,308.5400,308.5400,308.5400,308.5400
1787338906,308.5400,308.5400,308.5400,308.5400
1787338907,308.5300,308.5400,308.5300,308.5400
1787338908,308.5400,308.5500,308.5300,308.5300
1787338910,308.5300,308.5300,308.5300,308.5300
1787338912,308.5300,308.5300,308.5200,308.5200
1787338913,308.5200,308.5200,308.5200,308.5200
1787338914,308.5200,308.5200,308.5200,308.5200
1787338915,308.5200,308.5200,308.5200,308.5200
1787338916,308.5200,308.5200,308.5200,308.5200
1787338917,308.5100,308.5100,308.5000,308.5000
1787338918,308.4900,308.4900,308.4800,308.4800
1787338919,308.4700,308.4700,308.4700,308.4700
1787338920,308.4700,308.4700,308.4700,308.4700
1787338921,308.4900,308.4900,308.4900,308.4900
1787338923,308.4800,308.4800,308.4800,308.4800
1787338926,308.4600,308.4700,308.4500,308.4700
1787338927,308.4700,308.4700,308.4700,308.4700
1787338928,308.4800,308.4800,308.4800,308.4800
1787338930,308.4800,308.4800,308.4800,308.4800
1787338931,308.4800,308.4800,308.4800,308.4800
1787338932,308.4800,308.4800,308.4800,308.4800
1787338935,308.4850,308.4850,308.4850,308.4850
1787338936,308.4900,308.4900,308.4900,308.4900
1787338938,308.4900,308.5000,308.4800,308.5000
1787338943,308.5000,308.5200,308.5000,308.5200
1787338947,308.5100,308.5100,308.5100,308.5100
1787338949,308.5100,308.5100,308.5100,308.5100
1787338951,308.5200,308.5500,308.5200,308.5500
1787338952,308.5600,308.5600,308.5500,308.5500
1787338956,308.5300,308.5300,308.5300,308.5300
1787338957,308.5150,308.5200,308.5150,308.5200
1787338961,308.5200,308.5200,308.5200,308.5200
1787338963,308.5300,308.5300,308.5300,308.5300
1787338964,308.5200,308.5200,308.5200,308.5200
1787338965,308.5200,308.5200,308.5200,308.5200
1787338971,308.5100,308.5100,308.4500,308.4700
1787338972,308.4700,308.4900,308.4700,308.4900
1787338973,308.5000,308.5000,308.4900,308.4900
1787338975,308.4700,308.4700,308.4400,308.4400
1787338976,308.4700,308.4700,308.4700,308.4700
1787338978,308.4650,308.4650,308.4650,308.4650
1787338980,308.4800,308.5000,308.4800,308.5000
1787338981,308.5000,308.5100,308.5000,308.5100
1787338982,308.5000,308.5000,308.4800,308.4800
1787338984,308.4700,308.4700,308.4700,308.4700
1787338986,308.4700,308.4700,308.4700,308.4700
1787338987,308.4700,308.4700,308.4700,308.4700
1787338988,308.4600,308.4600,308.4500,308.4500
1787338990,308.4400,308.4400,308.4100,308.4100
1787338991,308.4100,308.4100,308.4100,308.4100
1787338992,308.4100,308.4100,308.4100,308.4100
1787338993,308.4100,308.4100,308.4100,308.4100
1787338994,308.4100,308.4100,308.4100,308.4100
1787338996,308.4100,308.4100,308.4100,308.4100
1787338998,308.4150,308.4150,308.4000,308.4100
1787338999,308.4100,308.4100,308.4100,308.4100
1787339003,308.4150,308.4300,308.4100,308.4300
1787339004,308.4200,308.4200,308.4200,308.4200
1787339006,308.4250,308.4250,308.4250,308.4250
1787339007,308.4300,308.4300,308.4300,308.4300
1787339011,308.4300,308.4300,308.4300,308.4300
1787339013,308.4400,308.4450,308.4400,308.4450
1787339014,308.4450,308.4450,308.4450,308.4450
1787339015,308.4450,308.4450,308.4450,308.4450
1787339016,308.4500,308.4800,308.4500,308.4800
1787339017,308.4900,308.4900,308.4900,308.4900
1787339018,308.4900,308.4900,308.4900,308.4900
1787339021,308.4800,308.4800,308.4800,308.4800
1787339022,308.4600,308.4600,308.4600,308.4600
1787339024,308.4500,308.4500,308.4500,308.4500
1787339035,308.4600,308.4600,308.4600,308.4600
1787339036,308.4700,308.4800,308.4700,308.4800
1787339041,308.4800,308.4800,308.4800,308.4800
1787339043,308.4900,308.4900,308.4900,308.4900
1787339044,308.5000,308.5000,308.5000,308.5000
1787339046,308.5100,308.5300,308.5100,308.5300
1787339049,308.5400,308.5400,308.5400,308.5400
1787339053,308.5450,308.5450,308.5450,308.5450
1787339054,308.5500,308.5800,308.5500,308.5700
1787339056,308.5600,308.5600,308.5600,308.5600
1787339060,308.5600,308.5600,308.5600,308.5600
1787339063,308.5600,308.5600,308.5500,308.5500
1787339064,308.5400,308.5400,308.5400,308.5400
1787339065,308.5450,308.5450,308.5450,308.5450
1787339066,308.5400,308.5400,308.5400,308.5400
1787339068,308.5500,308.5500,308.5500,308.5500
1787339071,308.5600,308.5600,308.5600,308.5600
1787339072,308.5600,308.5600,308.5600,308.5600
1787339073,308.5500,308.5500,308.5500,308.5500
1787339076,308.5200,308.5200,308.5200,308.5200
1787339078,308.5100,308.5100,308.5000,308.5000
1787339079,308.5000,308.5000,308.5000,308.5000
1787339080,308.5100,308.5100,308.5100,308.5100
1787339081,308.5000,308.5000,308.5000,308.5000
1787339082,308.4900,308.4900,308.4900,308.4900
1787339083,308.4600,308.4600,308.4500,308.4500
1787339085,308.4600,308.4600,308.4600,308.4600
1787339086,308.4700,308.4700,308.4700,308.4700
1787339088,308.4750,308.4750,308.4700,308.4700
1787339089,308.4600,308.4600,308.4550,308.4550
1787339094,308.4700,308.4700,308.4700,308.4700
1787339096,308.4700,308.4700,308.4700,308.4700
1787339097,308.4750,308.4750,308.4750,308.4750
1787339098,308.4700,308.4700,308.4700,308.4700
1787339101,308.4750,308.4750,308.4700,308.4700
1787339102,308.4700,308.4700,308.4700,308.4700
1787339103,308.4700,308.4700,308.4700,308.4700
1787339107,308.4750,308.4900,308.4750,308.4900
1787339108,308.5000,308.5050,308.5000,308.5050
1787339111,308.5100,308.5200,308.5100,308.5200
1787339113,308.5200,308.5200,308.5200,308.5200
1787339114,308.5300,308.5300,308.5300,308.5300
1787339118,308.5100,308.5250,308.5100,308.5250
1787339122,308.5200,308.5200,308.5200,308.5200
1787339125,308.5250,308.5250,308.5250,308.5250
1787339127,308.5300,308.5300,308.5300,308.5300
1787339129,308.5300,308.5300,308.5200,308.5200
1787339132,308.5000,308.5000,308.5000,308.5000
1787339133,308.4900,308.4900,308.4900,308.4900
1787339137,308.4950,308.4950,308.4950,308.4950
1787339140,308.5000,308.5000,308.5000,308.5000
1787339142,308.5050,308.5050,308.5000,308.5000
1787339143,308.5000,308.5000,308.5000,308.5000
1787339147,308.5100,308.5100,308.5100,308.5100
1787339150,308.5100,308.5150,308.5100,308.5100
1787339151,308.5100,308.5100,308.5100,308.5100
1787339152,308.5100,308.5100,308.5100,308.5100
1787339154,308.5100,308.5100,308.5100,308.5100
1787339155,308.5000,308.5000,308.4900,308.4900
1787339156,308.4850,308.4850,308.4800,308.4800
1787339157,308.4800,308.4800,308.4800,308.4800
1787339158,308.4800,308.4800,308.4800,308.4800
1787339160,308.4800,308.4900,308.4800,308.4900
1787339166,308.5100,308.5100,308.5100,308.5100
1787339167,308.5100,308.5100,308.5100,308.5100
1787339168,308.5100,308.5100,308.5100,308.5100
1787339169,308.5150,308.5200,308.5150,308.5200
1787339171,308.5100,308.5100,308.5100,308.5100
1787339172,308.5100,308.5100,308.5100,308.5100
1787339175,308.5000,308.5000,308.5000,308.5000
1787339176,308.4900,308.4900,308.4900,308.4900
1787339177,308.4900,308.4900,308.4900,308.4900
1787339178,308.4900,308.4900,308.4900,308.4900
1787339183,308.5000,308.5000,308.5000,308.5000
1787339184,308.5050,308.5100,308.5050,308.5050
1787339185,308.5100,308.5100,308.5000,308.5000
1787339186,308.5050,308.5050,308.5050,308.5050
1787339191,308.5000,308.5000,308.4900,308.4900
1787339192,308.5000,308.5300,308.5000,308.5300
1787339193,308.5400,308.5500,308.5400,308.5500
1787339194,308.5550,308.5550,308.5550,308.5550
1787339196,308.5500,308.5500,308.5500,308.5500
1787339204,308.5500,308.5550,308.5500,308.5550
1787339205,308.5600,308.5600,308.5600,308.5600
1787339206,308.5600,308.5600,308.5600,308.5600
1787339208,308.5600,308.5600,308.5600,308.5600
1787339209,308.5700,308.5900,308.5700,308.5900
1787339215,308.6000,308.6100,308.6000,308.6100
1787339221,308.6000,308.6000,308.5800,308.5900
1787339222,308.5900,308.5900,308.5900,308.5900
1787339223,308.5800,308.5800,308.5800,308.5800
1787339230,308.5600,308.5600,308.5600,308.5600
1787339231,308.5600,308.5600,308.5600,308.5600
1787339232,308.5600,308.5700,308.5500,308.5600
1787339233,308.5700,308.5700,308.5700,308.5700
1787339234,308.5400,308.5400,308.5400,308.5400
1787339236,308.5500,308.5600,308.5500,308.5600
1787339240,308.5650,308.5650,308.5600,308.5600
1787339242,308.5600,308.5600,308.5600,308.5600
1787339243,308.5400,308.5400,308.5300,308.5400
1787339244,308.5500,308.5500,308.5500,308.5500
1787339245,308.5400,308.5400,308.5400,308.5400
1787339246,308.5600,308.5600,308.5550,308.5600
1787339248,308.5650,308.5700,308.5600,308.5700
1787339249,308.5800,308.6000,308.5800,308.6000
1787339250,308.6100,308.6100,308.6100,308.6100
1787339251,308.6150,308.6150,308.6150,308.6150
1787339252,308.6000,308.6000,308.6000,308.6000
1787339259,308.5800,308.5800,308.5750,308.5750
1787339260,308.5700,308.5700,308.5600,308.5700
1787339263,308.5700,308.5700,308.5700,308.5700
1787339272,308.5500,308.5500,308.5500,308.5500
1787339274,308.5600,308.5600,308.5600,308.5600
1787339275,308.5600,308.5600,308.5200,308.5200
1787339280,308.5300,308.5300,308.5300,308.5300
1787339281,308.5300,308.5300,308.5300,308.5300
1787339283,308.5400,308.5400,308.5400,308.5400
1787339284,308.5400,308.5400,308.5400,308.5400
1787339288,308.5300,308.5300,308.5300,308.5300
1787339292,308.5500,308.5500,308.5500,308.5500
1787339294,308.5500,308.5500,308.5300,308.5300
1787339296,308.5400,308.5400,308.5400,308.5400
1787339300,308.5200,308.5200,308.5100,308.5100
1787339304,308.5000,308.5100,308.4900,308.5100
1787339314,308.4800,308.4800,308.4700,308.4700
1787339316,308.4850,308.5100,308.4850,308.5100
1787339318,308.5100,308.5100,308.5100,308.5100
1787339321,308.5100,308.5100,308.5100,308.5100
1787339324,308.5100,308.5100,308.5000,308.5000
1787339326,308.4900,308.4900,308.4900,308.4900
1787339327,308.5000,308.5000,308.5000,308.5000
1787339330,308.5100,308.5100,308.5100,308.5100
1787339332,308.5150,308.5150,308.5150,308.5150
1787339334,308.5200,308.5400,308.5200,308.5400
1787339335,308.5450,308.5600,308.5250,308.5600
1787339342,308.5500,308.5500,308.5500,308.5500
1787339346,308.5500,308.5500,308.5500,308.5500
1787339347,308.5500,308.5500,308.5500,308.5500
1787339348,308.5500,308.5500,308.5500,308.5500
1787339350,308.5500,308.5500,308.5500,308.5500
1787339353,308.5500,308.5500,308.5500,308.5500
1787339356,308.5400,308.5400,308.5300,308.5300
1787339357,308.5400,308.5400,308.5400,308.5400
1787339358,308.5400,308.5400,308.5400,308.5400
1787339360,308.5300,308.5300,308.5300,308.5300
1787339361,308.5300,308.5300,308.5300,308.5300
1787339362,308.5400,308.5400,308.5400,308.5400
1787339363,308.5400,308.5400,308.5400,308.5400
1787339364,308.5400,308.5400,308.5400,308.5400
1787339369,308.5300,308.5300,308.5300,308.5300
1787339370,308.5300,308.5300,308.5300,308.5300
1787339371,308.5400,308.5700,308.5400,308.5700
1787339372,308.5700,308.5700,308.5700,308.5700
1787339374,308.5600,308.5600,308.5600,308.5600
1787339375,308.5450,308.5450,308.5450,308.5450
1787339376,308.5550,308.5550,308.5550,308.5550
1787339378,308.5700,308.5700,308.5700,308.5700
1787339379,308.5600,308.5600,308.5400,308.5400
1787339380,308.5500,308.5600,308.5500,308.5600
1787339381,308.5500,308.5600,308.5500,308.5600
1787339382,308.5500,308.5500,308.5500,308.5500
1787339383,308.5400,308.5400,308.5400,308.5400
1787339384,308.5400,308.5400,308.5400,308.5400
1787339387,308.5600,308.5600,308.5600,308.5600
1787339390,308.5600,308.5600,308.5600,308.5600
1787339394,308.5600,308.5600,308.5400,308.5500
1787339399,308.5200,308.5200,308.5000,308.5000
1787339400,308.5050,308.5050,308.4900,308.4900
1787339401,308.4900,308.4900,308.4900,308.4900
1787339402,308.4900,308.4900,308.4900,308.4900
1787339403,308.4900,308.5400,308.4700,308.4700
1787339407,308.4700,308.4700,308.4700,308.4700
1787339409,308.4700,308.4700,308.4700,308.4700
1787339410,308.4700,308.4700,308.4700,308.4700
1787339411,308.4600,308.4600,308.4100,308.4350
1787339414,308.4350,308.4800,308.4350,308.4800
1787339416,308.4550,308.4550,308.4550,308.4550
1787339418,308.4450,308.4450,308.4450,308.4450
1787339423,308.4550,308.4600,308.4550,308.4600
1787339427,308.4700,308.4700,308.4700,308.4700
1787339429,308.4600,308.4600,308.4600,308.4600
1787339432,308.4600,308.4700,308.4600,308.4700
1787339433,308.4600,308.4600,308.4300,308.4300
1787339434,308.4300,308.4300,308.4300,308.4300
1787339435,308.4500,308.4500,308.4500,308.4500
1787339436,308.4600,308.4700,308.4600,308.4700
1787339439,308.4800,308.4800,308.4800,308.4800
1787339440,308.5050,308.5050,308.5000,308.5000
1787339441,308.5100,308.5100,308.5100,308.5100
1787339444,308.5100,308.5150,308.5100,308.5100
1787339446,308.5200,308.5200,308.5200,308.5200
1787339447,308.5200,308.5200,308.5200,308.5200
1787339450,308.5200,308.5200,308.5200,308.5200
1787339451,308.5200,308.5200,308.5200,308.5200
1787339452,308.5200,308.5200,308.5200,308.5200
1787339453,308.5250,308.5250,308.5250,308.5250
1787339455,308.5200,308.5200,308.5200,308.5200
1787339456,308.5200,308.5200,308.5200,308.5200
1787339457,308.5250,308.5250,308.5250,308.5250
1787339458,308.5250,308.5250,308.5250,308.5250
1787339459,308.5300,308.5400,308.5300,308.5400
1787339460,308.5500,308.5500,308.5500,308.5500
1787339462,308.5300,308.5300,308.5300,308.5300
1787339463,308.5300,308.5300,308.5300,308.5300
1787339467,308.5100,308.5100,308.5100,308.5100
1787339469,308.5200,308.5200,308.5200,308.5200
1787339475,308.5250,308.5300,308.5250,308.5300
1787339478,308.5200,308.5200,308.5200,308.5200
1787339479,308.5300,308.5300,308.5300,308.5300
1787339480,308.5100,308.5100,308.5100,308.5100
1787339482,308.5200,308.5200,308.5200,308.5200
1787339483,308.5200,308.5300,308.5200,308.5300
1787339490,308.5250,308.5250,308.4600,308.4900
1787339491,308.5000,308.5200,308.5000,308.5100
1787339492,308.5100,308.5150,308.5100,308.5100
1787339494,308.5000,308.5000,308.5000,308.5000
1787339497,308.4900,308.4900,308.4900,308.4900
1787339498,308.5000,308.5000,308.5000,308.5000
1787339499,308.5000,308.5000,308.4950,308.4950
1787339501,308.5000,308.5000,308.4700,308.4900
1787339503,308.5000,308.5100,308.5000,308.5100
1787339504,308.5000,308.5000,308.5000,308.5000
1787339505,308.5100,308.5200,308.5100,308.5200
1787339508,308.5300,308.5350,308.5300,308.5350
1787339510,308.5300,308.5350,308.5300,308.5300
1787339512,308.5200,308.5200,308.5100,308.5100
1787339515,308.5000,308.5000,308.4900,308.5000
1787339516,308.5200,308.5500,308.5200,308.5500
1787339518,308.5600,308.5700,308.5600,308.5700
1787339519,308.5700,308.5700,308.5700,308.5700
1787339520,308.5600,308.5600,308.5600,308.5600
1787339521,308.5600,308.5600,308.5600,308.5600
1787339522,308.5600,308.5600,308.5600,308.5600
1787339523,308.5600,308.5600,308.5600,308.5600
1787339526,308.5600,308.5600,308.5600,308.5600
1787339531,308.5500,308.5500,308.4900,308.5000
1787339534,308.5300,308.5300,308.5300,308.5300
1787339535,308.5400,308.5500,308.5400,308.5500
1787339536,308.5600,308.5600,308.5600,308.5600
1787339537,308.5600,308.5600,308.5600,308.5600
1787339541,308.5600,308.5600,308.5600,308.5600
1787339542,308.5600,308.5600,308.5600,308.5600
1787339544,308.5600,308.5600,308.5600,308.5600
1787339545,308.5600,308.5600,308.5600,308.5600
1787339549,308.5600,308.5600,308.5600,308.5600
1787339551,308.5700,308.5800,308.5700,308.5800
1787339555,308.5700,308.5700,308.5700,308.5700
1787339556,308.5700,308.5700,308.5700,308.5700
1787339558,308.5600,308.5600,308.5600,308.5600
1787339560,308.5500,308.5500,308.5400,308.5400
1787339562,308.5300,308.5600,308.5300,308.5600
1787339563,308.5600,308.5600,308.5600,308.5600
1787339565,308.5600,308.5600,308.5400,308.5400
1787339575,308.5300,308.5300,308.5300,308.5300
1787339580,308.5300,308.5300,308.5300,308.5300
1787339581,308.5200,308.5200,308.5200,308.5200
1787339582,308.5200,308.5200,308.5200,308.5200
1787339583,308.5300,308.5300,308.5300,308.5300
1787339587,308.5400,308.5400,308.5400,308.5400
1787339588,308.5400,308.5400,308.5400,308.5400
1787339599,308.5500,308.5600,308.5500,308.5600
1787339601,308.5700,308.5700,308.5700,308.5700
1787339604,308.5800,308.6100,308.5800,308.6100
1787339606,308.6300,308.6300,308.6300,308.6300
1787339607,308.6200,308.6200,308.6200,308.6200
1787339611,308.6000,308.6300,308.6000,308.6300
1787339614,308.6400,308.6400,308.6400,308.6400
1787339615,308.6400,308.6400,308.6400,308.6400
1787339616,308.6500,308.6600,308.6500,308.6500
1787339618,308.6500,308.6500,308.6500,308.6500
1787339619,308.6400,308.6400,308.6200,308.6200
1787339620,308.6300,308.6300,308.6250,308.6300
1787339625,308.6300,308.6300,308.6300,308.6300
1787339629,308.6300,308.6300,308.6300,308.6300
1787339631,308.6350,308.6350,308.6350,308.6350
1787339632,308.6300,308.6300,308.6300,308.6300
1787339636,308.6300,308.6350,308.6300,308.6350
1787339638,308.6400,308.6500,308.6400,308.6500
1787339640,308.6500,308.6500,308.6200,308.6200
1787339641,308.6200,308.6200,308.6200,308.6200
1787339645,308.6300,308.6300,308.6300,308.6300
1787339647,308.6300,308.6300,308.6200,308.6200
1787339650,308.6250,308.6300,308.6250,308.6300
1787339651,308.6300,308.6300,308.6300,308.6300
1787339652,308.6300,308.6300,308.6200,308.6200
1787339654,308.6300,308.6300,308.6300,308.6300
1787339656,308.6300,308.6300,308.6300,308.6300
1787339658,308.6400,308.6500,308.6400,308.6500
1787339660,308.6450,308.6450,308.6450,308.6450
1787339665,308.6450,308.6450,308.6450,308.6450
1787339668,308.6500,308.6600,308.6500,308.6600
1787339670,308.6500,308.6500,308.6500,308.6500
1787339671,308.6550,308.6550,308.6550,308.6550
1787339672,308.6600,308.6700,308.6600,308.6700
1787339680,308.6750,308.6750,308.6700,308.6700
1787339681,308.6800,308.6900,308.6800,308.6900
1787339682,308.7000,308.7000,308.7000,308.7000
1787339685,308.7100,308.7200,308.7100,308.7200
1787339688,308.7200,308.7200,308.7200,308.7200
1787339693,308.7100,308.7100,308.6800,308.6800
1787339694,308.6700,308.6700,308.6700,308.6700
1787339696,308.6600,308.6600,308.6500,308.6500
1787339698,308.6550,308.6800,308.6550,308.6800
1787339699,308.6900,308.6900,308.6900,308.6900
1787339703,308.6950,308.7000,308.6950,308.7000
1787339704,308.7100,308.7300,308.7100,308.7300
1787339705,308.7300,308.7500,308.7300,308.7500
1787339706,308.7600,308.7600,308.7600,308.7600
1787339709,308.7700,308.7700,308.7700,308.7700
1787339710,308.7600,308.7650,308.7600,308.7650
1787339711,308.7650,308.7650,308.7650,308.7650
1787339712,308.7650,308.7650,308.7650,308.7650
1787339713,308.7650,308.7700,308.7600,308.7600
1787339716,308.7600,308.7600,308.7600,308.7600
1787339719,308.7700,308.7700,308.7700,308.7700
1787339720,308.7800,308.7800,308.7800,308.7800
1787339721,308.7800,308.7800,308.7800,308.7800
1787339722,308.7800,308.7800,308.7800,308.7800
1787339723,308.7900,308.7900,308.7800,308.7800
1787339725,308.7800,308.8100,308.7800,308.8100
1787339726,308.8100,308.8100,308.8100,308.8100
1787339727,308.8050,308.8050,308.7900,308.8000
1787339728,308.8000,308.8000,308.8000,308.8000
1787339729,308.8000,308.8050,308.8000,308.8050
1787339730,308.8100,308.8100,308.8100,308.8100
1787339732,308.8100,308.8100,308.8100,308.8100
1787339733,308.8100,308.8100,308.8100,308.8100
1787339735,308.8100,308.8100,308.8100,308.8100
1787339738,308.8200,308.8200,308.8100,308.8100
1787339739,308.8200,308.8300,308.8000,308.8000
1787339740,308.8100,308.8100,308.8100,308.8100
1787339741,308.8050,308.8050,308.8050,308.8050
1787339742,308.8000,308.8000,308.8000,308.8000
1787339743,308.8100,308.8100,308.8100,308.8100
1787339744,308.8200,308.8400,308.8200,308.8400
1787339745,308.8500,308.8600,308.8500,308.8500
1787339746,308.8600,308.8700,308.8600,308.8700
1787339748,308.8800,308.8800,308.8800,308.8800
1787339749,308.8600,308.8600,308.8600,308.8600
1787339751,308.8300,308.8300,308.8300,308.8300
1787339752,308.8300,308.8300,308.8300,308.8300
1787339754,308.8400,308.8400,308.8400,308.8400
1787339755,308.8500,308.8600,308.8500,308.8600
1787339756,308.8300,308.8300,308.8200,308.8200
1787339757,308.8200,308.8200,308.8200,308.8200
1787339758,308.8200,308.8200,308.8000,308.8000
1787339760,308.8050,308.8050,308.8050,308.8050
1787339764,308.8200,308.8200,308.8200,308.8200
1787339766,308.8300,308.8300,308.8300,308.8300
1787339768,308.8300,308.8300,308.8300,308.8300
1787339769,308.8400,308.8600,308.8400,308.8600
1787339770,308.8500,308.8700,308.8500,308.8600
1787339771,308.8600,308.8600,308.8600,308.8600
1787339774,308.8700,308.9200,308.8700,308.9150
1787339775,308.9200,308.9200,308.9100,308.9100
1787339776,308.9200,308.9200,308.9200,308.9200
1787339777,308.9300,308.9300,308.9300,308.9300
1787339779,308.9600,308.9600,308.9500,308.9600
1787339780,308.9400,308.9400,308.9400,308.9400
1787339781,308.9400,308.9400,308.9300,308.9300
1787339783,308.9400,308.9400,308.9200,308.9300
1787339784,308.9400,308.9400,308.9400,308.9400
1787339786,308.9400,308.9500,308.9400,308.9500
1787339787,308.9500,308.9700,308.9500,308.9700
1787339789,308.9600,308.9600,308.9600,308.9600
1787339790,308.9700,308.9700,308.9700,308.9700
1787339791,308.9600,308.9600,308.9400,308.9600
1787339794,308.9500,308.9500,308.9300,308.9300
1787339795,308.9300,308.9350,308.9300,308.9350
1787339796,308.9350,308.9350,308.9350,308.9350
1787339798,308.9400,308.9400,308.9400,308.9400
1787339799,308.9400,308.9400,308.9400,308.9400
1787339802,308.9400,308.9400,308.9400,308.9400
1787339804,308.9500,308.9500,308.9500,308.9500
1787339807,308.9600,308.9600,308.9600,308.9600
1787339809,308.9600,308.9600,308.9600,308.9600
1787339810,308.9500,308.9600,308.9500,308.9600
1787339811,308.9600,308.9600,308.9600,308.9600
1787339812,308.9500,308.9500,308.9500,308.9500
1787339813,308.9500,308.9500,308.9500,308.9500
1787339814,308.9400,308.9400,308.9400,308.9400
1787339819,308.9300,308.9300,308.9000,308.9000
1787339821,308.9100,308.9100,308.9100,308.9100
1787339822,308.9100,308.9100,308.9100,308.9100
1787339823,308.9000,308.9000,308.8900,308.8900
1787339824,308.8800,308.8800,308.8800,308.8800
1787339825,308.8600,308.8600,308.8450,308.8450
1787339826,308.8500,308.8500,308.8400,308.8400
1787339827,308.8400,308.8400,308.8400,308.8400
1787339828,308.8300,308.8300,308.8300,308.8300
1787339829,308.8200,308.8200,308.8200,308.8200
1787339830,308.8100,308.8200,308.8100,308.8200
1787339832,308.8250,308.8250,308.8250,308.8250
1787339833,308.8150,308.8150,308.8100,308.8100
1787339835,308.8200,308.8200,308.8200,308.8200
1787339836,308.8200,308.8200,308.7700,308.8100
1787339837,308.8200,308.8400,308.8200,308.8400
1787339838,308.8500,308.8900,308.8500,308.8900
1787339839,308.9100,308.9500,308.9100,308.9500
1787339840,308.9500,308.9500,308.9500,308.9500
1787339842,308.9600,308.9700,308.9600,308.9700
1787339843,308.9650,308.9650,308.9650,308.9650
1787339844,308.9700,308.9700,308.9700,308.9700
1787339845,308.9600,308.9650,308.9500,308.9500
1787339846,308.9500,308.9500,308.9500,308.9500
1787339847,308.9400,308.9400,308.9300,308.9300
1787339848,308.9500,308.9500,308.9500,308.9500
1787339849,308.9500,308.9500,308.9500,308.9500
1787339852,308.9500,308.9500,308.9500,308.9500
1787339853,308.9500,308.9500,308.9500,308.9500
1787339854,308.9600,308.9700,308.9600,308.9700
1787339855,308.9700,308.9750,308.9700,308.9750
1787339856,308.9800,308.9900,308.9800,308.9900
1787339857,309.0000,309.0300,309.0000,309.0300
1787339859,309.0200,309.0200,309.0200,309.0200
1787339860,309.0300,309.0300,309.0300,309.0300
1787339862,309.0200,309.0250,309.0200,309.0200
1787339863,309.0300,309.0300,309.0300,309.0300
1787339864,309.0300,309.0300,309.0300,309.0300
1787339866,309.0300,309.0400,309.0300,309.0300
1787339867,309.0400,309.0400,309.0400,309.0400
1787339868,309.0500,309.1000,309.0500,309.0900
1787339869,309.0900,309.0900,309.0900,309.0900
1787339870,309.1100,309.1900,309.1100,309.1600
1787339871,309.1600,309.1600,309.1600,309.1600
1787339872,309.1500,309.1500,309.1500,309.1500
1787339873,309.1700,309.1800,309.1600,309.1600
1787339875,309.1800,309.2100,309.1800,309.1900
1787339876,309.2000,309.2000,309.2000,309.2000
1787339877,309.2200,309.2450,309.2200,309.2450
1787339878,309.2400,309.2500,309.2300,309.2300
1787339879,309.2600,309.2700,309.2600,309.2700
1787339880,309.2750,309.2750,309.2750,309.2750
1787339881,309.2700,309.2700,309.2500,309.2500
1787339882,309.2600,309.2700,309.2600,309.2700
1787339884,309.2800,309.2800,309.2800,309.2800
1787339885,309.2800,309.2800,309.2800,309.2800
1787339886,309.2900,309.2900,309.2900,309.2900
1787339887,309.2900,309.2900,309.2800,309.2900
1787339888,309.2900,309.2900,309.2900,309.2900
1787339889,309.2900,309.2900,309.2900,309.2900
1787339890,309.3000,309.3000,309.3000,309.3000
1787339891,309.3200,309.3700,309.3200,309.3700
1787339892,309.3600,309.3700,309.3600,309.3700
1787339893,309.3800,309.3800,309.3800,309.3800
1787339894,309.3800,309.3800,309.3800,309.3800
1787339895,309.3800,309.3900,309.3800,309.3900
1787339896,309.4000,309.4100,309.4000,309.4100
1787339897,309.4200,309.4300,309.4000,309.4100
1787339898,309.4050,309.4050,309.4050,309.4050
1787339899,309.4000,309.4200,309.4000,309.4200
1787339900,309.4100,309.4100,309.3900,309.4000
1787339902,309.3900,309.3900,309.3500,309.3700
1787339903,309.3700,309.4000,309.3700,309.4000
1787339905,309.4000,309.4000,309.3800,309.4000
1787339906,309.4100,309.4100,309.4100,309.4100
1787339907,309.4200,309.4350,309.4200,309.4300
1787339910,309.4400,309.4400,309.4300,309.4400
1787339912,309.4350,309.4400,309.4200,309.4300
1787339914,309.4300,309.4300,309.4300,309.4300
1787339915,309.4200,309.4300,309.4200,309.4300
1787339916,309.4300,309.4400,309.4300,309.4400
1787339917,309.4300,309.4400,309.4200,309.4400
1787339919,309.4300,309.4400,309.4000,309.4000
1787339920,309.3800,309.3800,309.3700,309.3700
1787339921,309.3700,309.3700,309.3600,309.3600
1787339922,309.3400,309.3600,309.3400,309.3600
1787339925,309.3700,309.3800,309.3700,309.3800
1787339926,309.3800,309.3800,309.3800,309.3800
1787339927,309.3800,309.4200,309.3800,309.4200
1787339928,309.4300,309.4400,309.4300,309.4400
1787339930,309.4300,309.4300,309.4300,309.4300
1787339931,309.4300,309.4300,309.4300,309.4300
1787339933,309.4250,309.4250,309.4250,309.4250
1787339934,309.4300,309.4300,309.4300,309.4300
1787339935,309.4250,309.4250,309.4250,309.4250
1787339937,309.4350,309.4350,309.4200,309.4200
1787339938,309.4100,309.4100,309.4000,309.4000
1787339939,309.3900,309.3900,309.3900,309.3900
1787339940,309.3900,309.3900,309.3900,309.3900
1787339941,309.3900,309.3900,309.3900,309.3900
1787339942,309.4100,309.4100,309.3900,309.3900
1787339943,309.3900,309.3900,309.3900,309.3900
1787339944,309.4100,309.4100,309.4000,309.4000
1787339947,309.4100,309.4400,309.4100,309.4300
1787339948,309.4200,309.4200,309.4200,309.4200
1787339949,309.4100,309.4100,309.4100,309.4100
1787339951,309.4000,309.4000,309.3900,309.3900
1787339952,309.3900,309.3900,309.3900,309.3900
1787339953,309.3900,309.3900,309.3700,309.3700
1787339954,309.3700,309.3800,309.3700,309.3800
1787339955,309.3900,309.3900,309.3900,309.3900
1787339956,309.3800,309.3800,309.3800,309.3800
1787339957,309.3700,309.3700,309.3700,309.3700
1787339959,309.3700,309.3700,309.3700,309.3700
1787339960,309.3800,309.3800,309.3800,309.3800
1787339961,309.3850,309.4100,309.3700,309.4100
1787339962,309.4200,309.4400,309.4200,309.4400
1787339965,309.4200,309.4200,309.4200,309.4200
1787339966,309.4200,309.4200,309.4200,309.4200
1787339967,309.4200,309.4300,309.4200,309.4200
1787339968,309.4300,309.4300,309.4300,309.4300
1787339969,309.4300,309.4300,309.4200,309.4200
1787339970,309.4150,309.4150,309.4150,309.4150
1787339971,309.4200,309.4200,309.4200,309.4200
1787339974,309.4300,309.4300,309.4300,309.4300
1787339976,309.4400,309.4400,309.4400,309.4400
1787339978,309.4300,309.4300,309.4300,309.4300
1787339980,309.4500,309.4800,309.4500,309.4700
1787339981,309.4800,309.4900,309.4600,309.4600
1787339982,309.4600,309.4600,309.4300,309.4350
1787339983,309.4300,309.4300,309.4200,309.4200
1787339985,309.3900,309.4000,309.3900,309.4000
1787339988,309.4000,309.4000,309.3900,309.3900
1787339990,309.3600,309.3600,309.3600,309.3600
1787339991,309.3600,309.3600,309.3600,309.3600
1787339992,309.3600,309.3600,309.3600,309.3600
1787339993,309.3600,309.3600,309.3600,309.3600
1787339995,309.3600,309.3700,309.3600,309.3700
1787339996,309.3700,309.3700,309.3700,309.3700
1787339997,309.3700,309.3700,309.3700,309.3700
1787339998,309.3700,309.3700,309.3700,309.3700
1787340000,309.3750,309.3750,309.3650,309.3650
1787340002,309.3600,309.3600,309.3300,309.3300
1787340003,309.3400,309.3400,309.3400,309.3400
1787340005,309.3100,309.3100,309.3050,309.3100
1787340006,309.3000,309.3000,309.2600,309.2700
1787340007,309.2500,309.2500,309.2400,309.2400
1787340008,309.2500,309.2500,309.2500,309.2500
1787340010,309.2400,309.2400,309.2350,309.2350
1787340011,309.2400,309.2400,309.2400,309.2400
1787340012,309.2500,309.2500,309.2500,309.2500
1787340014,309.2600,309.2600,309.2600,309.2600
1787340015,309.2500,309.2600,309.2500,309.2600
1787340016,309.2400,309.2500,309.2200,309.2200
1787340018,309.2100,309.2100,309.2100,309.2100
1787340019,309.2000,309.2000,309.1900,309.1900
1787340020,309.2000,309.2200,309.2000,309.2200
1787340022,309.2100,309.2100,309.1900,309.2000
1787340024,309.2000,309.2000,309.2000,309.2000
1787340025,309.1800,309.1800,309.1800,309.1800
1787340026,309.1700,309.1700,309.1600,309.1700
1787340029,309.1800,309.2300,309.1800,309.2300
1787340030,309.2200,309.2200,309.2200,309.2200
1787340031,309.2400,309.2400,309.2400,309.2400
1787340032,309.2500,309.2500,309.2500,309.2500
1787340033,309.2500,309.2500,309.2500,309.2500
1787340034,309.2400,309.2400,309.2300,309.2400
1787340035,309.2500,309.2500,309.2500,309.2500
1787340037,309.2400,309.2400,309.2400,309.2400
1787340038,309.2400,309.2500,309.2400,309.2500
1787340039,309.2400,309.2400,309.2200,309.2200
1787340040,309.2200,309.2200,309.2200,309.2200
1787340043,309.2300,309.2300,309.2300,309.2300
1787340044,309.2250,309.2250,309.2250,309.2250
1787340045,309.2400,309.2600,309.2400,309.2600
1787340047,309.2700,309.3000,309.2700,309.3000
1787340048,309.2900,309.2900,309.2900,309.2900
1787340049,309.2900,309.2900,309.2900,309.2900
1787340050,309.2800,309.2800,309.2800,309.2800
1787340052,309.2700,309.2800,309.2700,309.2800
1787340054,309.2800,309.2800,309.2800,309.2800
1787340055,309.2900,309.3200,309.2800,309.3000
1787340060,309.3100,309.3100,309.3100,309.3100
1787340061,309.3100,309.3100,309.3100,309.3100
1787340062,309.3100,309.3100,309.3100,309.3100
1787340064,309.3000,309.3000,309.2500,309.2600
1787340066,309.2600,309.2650,309.2600,309.2600
1787340067,309.2650,309.2700,309.2650,309.2700
1787340068,309.2750,309.2750,309.2750,309.2750
1787340070,309.2800,309.2900,309.2800,309.2900
1787340071,309.3000,309.3100,309.3000,309.3100
1787340073,309.3000,309.3000,309.2900,309.2900
1787340074,309.2900,309.2900,309.2900,309.2900
1787340076,309.2900,309.2900,309.2900,309.2900
1787340077,309.2900,309.2900,309.2900,309.2900
1787340078,309.2950,309.2950,309.2950,309.2950
1787340080,309.2900,309.3300,309.2800,309.3300
1787340081,309.3300,309.3400,309.3300,309.3400
1787340083,309.3500,309.3500,309.3500,309.3500
1787340084,309.3500,309.3500,309.3500,309.3500
1787340088,309.3600,309.3800,309.3600,309.3800
1787340089,309.3900,309.3900,309.3900,309.3900
1787340090,309.3900,309.3900,309.3800,309.3800
1787340093,309.3500,309.3500,309.3500,309.3500
1787340095,309.3400,309.3400,309.3400,309.3400
1787340096,309.3200,309.3200,309.3000,309.3000
1787340097,309.2950,309.3400,309.2950,309.3400
1787340098,309.3300,309.3300,309.3300,309.3300
1787340100,309.3300,309.3400,309.3300,309.3400
1787340102,309.3450,309.3600,309.3450,309.3600
1787340103,309.3500,309.3500,309.3500,309.3500
1787340104,309.3500,309.3600,309.3500,309.3600
1787340105,309.3800,309.3900,309.3800,309.3800
1787340106,309.3900,309.3950,309.3900,309.3950
1787340112,309.3950,309.4000,309.3950,309.4000
1787340113,309.4000,309.4100,309.4000,309.4100
1787340115,309.4000,309.4000,309.4000,309.4000
1787340116,309.4000,309.4100,309.4000,309.4100
1787340118,309.4000,309.4000,309.3900,309.3900
1787340119,309.4100,309.4100,309.4100,309.4100
1787340120,309.4150,309.4150,309.4100,309.4100
1787340124,309.4150,309.4150,309.4150,309.4150
1787340126,309.4100,309.4100,309.4100,309.4100
1787340128,309.3900,309.3900,309.3900,309.3900
1787340129,309.3800,309.3800,309.3800,309.3800
1787340130,309.3700,309.3700,309.3700,309.3700
1787340131,309.3600,309.3600,309.3500,309.3500
1787340132,309.3500,309.3500,309.3450,309.3450
1787340134,309.3450,309.3450,309.3450,309.3450
1787340135,309.3500,309.3600,309.3500,309.3600
1787340136,309.3500,309.3500,309.3500,309.3500
1787340138,309.3500,309.3500,309.3500,309.3500
1787340139,309.3500,309.3500,309.3500,309.3500
1787340141,309.3500,309.3500,309.3500,309.3500
1787340143,309.3600,309.3800,309.3600,309.3800
1787340144,309.3900,309.3900,309.3900,309.3900
1787340149,309.3900,309.3900,309.3900,309.3900
1787340151,309.3900,309.3900,309.3900,309.3900
1787340152,309.4000,309.4000,309.4000,309.4000
1787340153,309.4100,309.4200,309.4100,309.4200
1787340154,309.4100,309.4100,309.4100,309.4100
1787340157,309.4200,309.4400,309.4200,309.4400
1787340158,309.4400,309.4400,309.4400,309.4400
1787340159,309.4300,309.4400,309.4200,309.4300
1787340160,309.4300,309.4400,309.4300,309.4350
1787340161,309.4500,309.4600,309.4500,309.4600
1787340163,309.4600,309.4800,309.4600,309.4800
1787340165,309.4850,309.4850,309.4800,309.4800
1787340166,309.4900,309.5000,309.4900,309.5000
1787340168,309.5100,309.5100,309.5000,309.5100
1787340169,309.5200,309.5200,309.5200,309.5200
1787340171,309.5100,309.5100,309.5100,309.5100
1787340172,309.5100,309.5200,309.5100,309.5200
1787340173,309.5100,309.5100,309.4950,309.5100
1787340175,309.5000,309.5000,309.4700,309.4700
1787340176,309.4600,309.4600,309.4600,309.4600
1787340177,309.4600,309.4600,309.4600,309.4600
1787340178,309.4600,309.4700,309.4600,309.4700
1787340180,309.4800,309.4900,309.4800,309.4900
1787340181,309.4800,309.4800,309.4800,309.4800
1787340186,309.4900,309.4900,309.4900,309.4900
1787340187,309.4900,309.4900,309.4900,309.4900
1787340188,309.4900,309.4900,309.4900,309.4900
1787340189,309.4900,309.4900,309.4900,309.4900
1787340190,309.4900,309.4900,309.4900,309.4900
1787340191,309.5000,309.5000,309.5000,309.5000
1787340192,309.4900,309.4900,309.4800,309.4800
1787340194,309.4900,309.5100,309.4900,309.5100
1787340195,309.5100,309.5200,309.5100,309.5200
1787340196,309.5200,309.5300,309.5100,309.5300
1787340197,309.5500,309.5500,309.5500,309.5500
1787340198,309.5500,309.5600,309.5500,309.5600
1787340200,309.5600,309.5600,309.5500,309.5500
1787340201,309.5700,309.5900,309.5700,309.5900
1787340203,309.5850,309.5850,309.5850,309.5850
1787340204,309.5800,309.5800,309.5700,309.5700
1787340206,309.5800,309.5800,309.5750,309.5750
1787340209,309.5900,309.5900,309.5700,309.5700
1787340210,309.5400,309.5500,309.5400,309.5500
1787340211,309.5500,309.5500,309.5500,309.5500
1787340212,309.5450,309.5450,309.5450,309.5450
1787340213,309.5300,309.5300,309.5150,309.5150
1787340214,309.5200,309.5300,309.5200,309.5300
1787340215,309.5300,309.5300,309.5300,309.5300
1787340217,309.5400,309.5400,309.5400,309.5400
1787340218,309.5500,309.5500,309.5500,309.5500
1787340220,309.5450,309.5500,309.5450,309.5500
1787340223,309.5550,309.5550,309.5200,309.5200
1787340224,309.5200,309.5200,309.5000,309.5000
1787340225,309.5100,309.5100,309.4900,309.4900
1787340227,309.4900,309.4900,309.4900,309.4900
1787340228,309.4800,309.4800,309.4500,309.4600
1787340230,309.4600,309.4600,309.4500,309.4500
1787340232,309.4500,309.4500,309.4500,309.4500
1787340233,309.4500,309.4500,309.4500,309.4500
1787340234,309.4400,309.4500,309.4400,309.4500
1787340235,309.4500,309.4500,309.4500,309.4500
1787340236,309.4450,309.4450,309.4450,309.4450
1787340237,309.4500,309.4600,309.4500,309.4600
1787340238,309.4600,309.4600,309.4600,309.4600
1787340240,309.4400,309.4500,309.4400,309.4500
1787340241,309.4400,309.4450,309.4400,309.4450
1787340242,309.4500,309.4500,309.4500,309.4500
1787340243,309.4500,309.4500,309.4500,309.4500
1787340244,309.4500,309.4500,309.4500,309.4500
1787340245,309.4500,309.4500,309.4500,309.4500
1787340246,309.4400,309.4500,309.4400,309.4500
1787340247,309.4500,309.4500,309.4400,309.4400
1787340248,309.4400,309.4500,309.4400,309.4500
1787340249,309.4500,309.4500,309.4500,309.4500
1787340250,309.4300,309.4300,309.4200,309.4300
1787340251,309.4300,309.4300,309.4300,309.4300
1787340253,309.4350,309.4350,309.4350,309.4350
1787340254,309.4300,309.4300,309.4000,309.4000
1787340255,309.4100,309.4200,309.4100,309.4200
1787340256,309.4200,309.4200,309.4100,309.4200
1787340258,309.4200,309.4200,309.4000,309.4000
1787340259,309.4100,309.4100,309.4100,309.4100
1787340260,309.4050,309.4050,309.4050,309.4050
1787340261,309.4050,309.4050,309.4050,309.4050
1787340262,309.4050,309.4050,309.4050,309.4050
1787340263,309.4050,309.4100,309.4050,309.4100
1787340264,309.4200,309.4200,309.4200,309.4200
1787340267,309.4200,309.4200,309.4200,309.4200
1787340268,309.4300,309.4350,309.4200,309.4200
1787340269,309.4300,309.4300,309.4250,309.4250
1787340270,309.4300,309.4350,309.4300,309.4350
1787340271,309.4200,309.4200,309.4200,309.4200
1787340272,309.4200,309.4200,309.4200,309.4200
1787340273,309.4200,309.4200,309.4200,309.4200
1787340274,309.4200,309.4200,309.4200,309.4200
1787340275,309.4250,309.4250,309.4250,309.4250
1787340277,309.4200,309.4200,309.4200,309.4200
1787340278,309.4200,309.4200,309.4200,309.4200
1787340280,309.4300,309.4400,309.4300,309.4400
1787340281,309.4400,309.4600,309.4400,309.4600
1787340283,309.4650,309.4800,309.4600,309.4800
1787340285,309.4900,309.4900,309.4900,309.4900
1787340286,309.4950,309.4950,309.4950,309.4950
1787340287,309.4950,309.4950,309.4950,309.4950
1787340288,309.5000,309.5000,309.4900,309.4900
1787340289,309.4900,309.4900,309.4900,309.4900
1787340290,309.4800,309.4800,309.4800,309.4800
1787340291,309.4800,309.4850,309.4800,309.4850
1787340292,309.4700,309.4700,309.4650,309.4650
1787340294,309.4600,309.4600,309.4600,309.4600
1787340295,309.4700,309.4700,309.4700,309.4700
1787340298,309.4700,309.4700,309.4700,309.4700
1787340301,309.4650,309.4650,309.4650,309.4650
1787340305,309.4650,309.4650,309.4600,309.4600
1787340306,309.4600,309.4650,309.4600,309.4650
1787340307,309.4600,309.4600,309.4600,309.4600
1787340310,309.4600,309.4600,309.4600,309.4600
1787340311,309.4600,309.4600,309.4600,309.4600
1787340313,309.4600,309.4600,309.4600,309.4600
1787340314,309.4600,309.4600,309.4600,309.4600
1787340315,309.4600,309.4600,309.4600,309.4600
1787340316,309.4600,309.4600,309.4600,309.4600
1787340317,309.4600,309.4600,309.4600,309.4600
1787340319,309.4600,309.4600,309.3900,309.4000
1787340320,309.4000,309.4100,309.4000,309.4100
1787340323,309.4100,309.4400,309.4100,309.4400
1787340326,309.4500,309.4600,309.4500,309.4600
1787340327,309.4600,309.4600,309.4500,309.4500
1787340329,309.4500,309.4500,309.4500,309.4500
1787340330,309.4500,309.4500,309.4500,309.4500
1787340331,309.4400,309.4400,309.4400,309.4400
1787340333,309.4500,309.4500,309.4500,309.4500
1787340334,309.4400,309.4400,309.4300,309.4300
1787340339,309.4350,309.4350,309.4350,309.4350
1787340340,309.4400,309.4400,309.4400,309.4400
1787340341,309.4500,309.4600,309.4500,309.4600
1787340342,309.4500,309.4500,309.4500,309.4500
1787340344,309.4450,309.4500,309.4400,309.4400
1787340345,309.4400,309.4450,309.4400,309.4450
1787340347,309.4450,309.5100,309.4400,309.5100
1787340348,309.5100,309.5100,309.5100,309.5100
1787340349,309.5000,309.5000,309.5000,309.5000
1787340350,309.4900,309.4900,309.4650,309.4650
1787340351,309.4700,309.4700,309.4700,309.4700
1787340352,309.4700,309.4700,309.4700,309.4700
1787340353,309.4700,309.4700,309.4700,309.4700
1787340356,309.4650,309.4650,309.4650,309.4650
1787340358,309.4500,309.4500,309.4500,309.4500
1787340363,309.4300,309.4300,309.4300,309.4300
1787340365,309.4300,309.4300,309.4300,309.4300
1787340366,309.4300,309.4350,309.4300,309.4350
1787340367,309.4400,309.4600,309.4400,309.4600
1787340368,309.4600,309.4700,309.4600,309.4700
1787340369,309.4800,309.4800,309.4800,309.4800
1787340370,309.4900,309.4900,309.4900,309.4900
1787340371,309.4950,309.4950,309.4950,309.4950
1787340372,309.4950,309.4950,309.4900,309.4900
1787340375,309.4900,309.4900,309.4900,309.4900
1787340376,309.4900,309.5000,309.4900,309.5000
1787340379,309.5000,309.5200,309.5000,309.5200
1787340380,309.5300,309.5600,309.5300,309.5600
1787340381,309.5500,309.5500,309.5300,309.5300
1787340383,309.5300,309.5300,309.5300,309.5300
1787340384,309.5400,309.5450,309.5400,309.5400
1787340387,309.5300,309.5300,309.5000,309.5000
1787340389,309.5100,309.5100,309.5100,309.5100
1787340390,309.5100,309.5500,309.5100,309.5500
1787340391,309.5600,309.5600,309.5600,309.5600
1787340392,309.5600,309.5600,309.5600,309.5600
1787340394,309.5600,309.5600,309.5600,309.5600
1787340396,309.5600,309.5600,309.5600,309.5600
1787340397,309.5650,309.5650,309.5650,309.5650
1787340399,309.5700,309.5700,309.5700,309.5700
1787340400,309.5700,309.5700,309.5700,309.5700
1787340401,309.5700,309.5700,309.5600,309.5600
1787340402,309.5600,309.5600,309.5600,309.5600
1787340403,309.5700,309.5700,309.5700,309.5700
1787340404,309.5700,309.5700,309.5700,309.5700
1787340405,309.5600,309.5600,309.5600,309.5600
1787340406,309.5650,309.5650,309.5500,309.5500
1787340409,309.5600,309.5600,309.5550,309.5550
1787340410,309.5550,309.5600,309.5550,309.5600
1787340411,309.5600,309.5650,309.5500,309.5500
1787340412,309.5450,309.5500,309.5450,309.5500
1787340413,309.5450,309.5450,309.5400,309.5400
1787340414,309.5500,309.5600,309.5500,309.5600
1787340415,309.5600,309.5600,309.5600,309.5600
1787340416,309.5600,309.5600,309.5600,309.5600
1787340417,309.5600,309.5600,309.5600,309.5600
1787340418,309.5500,309.5500,309.4650,309.4650
1787340419,309.4700,309.4700,309.4700,309.4700
1787340420,309.4800,309.4900,309.4800,309.4900
1787340421,309.5000,309.5000,309.5000,309.5000
1787340422,309.5000,309.5000,309.5000,309.5000
1787340423,309.5100,309.5100,309.5050,309.5100
1787340424,309.5000,309.5000,309.4900,309.4900
1787340425,309.4900,309.4900,309.4700,309.4800
1787340427,309.4800,309.4800,309.4800,309.4800
1787340428,309.4900,309.5000,309.4900,309.5000
1787340430,309.5000,309.5000,309.5000,309.5000
1787340431,309.5000,309.5000,309.4900,309.4900
1787340434,309.5100,309.5100,309.5100,309.5100
1787340435,309.5200,309.5500,309.5200,309.5200
1787340437,309.5400,309.5500,309.5400,309.5500
1787340438,309.5400,309.5400,309.5400,309.5400
1787340439,309.5450,309.5450,309.5450,309.5450
1787340440,309.5500,309.5700,309.5500,309.5700
1787340441,309.5700,309.5800,309.5700,309.5800
1787340443,309.5800,309.5800,309.5700,309.5700
1787340445,309.5800,309.6200,309.5800,309.6200
1787340446,309.6300,309.6500,309.6300,309.6500
1787340447,309.6500,309.6600,309.6400,309.6600
1787340448,309.6600,309.6600,309.6550,309.6550
1787340449,309.6600,309.6600,309.6500,309.6500
1787340450,309.6600,309.6600,309.6600,309.6600
1787340452,309.6600,309.6600,309.6600,309.6600
1787340453,309.6600,309.6600,309.6600,309.6600
1787340454,309.6600,309.6600,309.6600,309.6600
1787340456,309.6600,309.6600,309.6500,309.6600
1787340458,309.6400,309.6400,309.6400,309.6400
1787340460,309.6600,309.6600,309.6600,309.6600
1787340462,309.6600,309.6600,309.6500,309.6500
1787340463,309.6600,309.6600,309.6600,309.6600
1787340464,309.6650,309.6900,309.6500,309.6900
1787340465,309.6900,309.6900,309.6900,309.6900
1787340466,309.7000,309.7000,309.7000,309.7000
1787340467,309.7000,309.7000,309.7000,309.7000
1787340468,309.7000,309.7000,309.7000,309.7000
1787340469,309.6900,309.7400,309.6900,309.7350
1787340470,309.7300,309.7300,309.7300,309.7300
1787340471,309.7200,309.7200,309.7200,309.7200
1787340472,309.7200,309.7200,309.7200,309.7200
1787340473,309.7200,309.7200,309.7100,309.7100
1787340475,309.7200,309.7200,309.7200,309.7200
1787340476,309.6900,309.7100,309.6900,309.7100
1787340477,309.7200,309.7200,309.7200,309.7200
1787340478,309.7500,309.7500,309.7500,309.7500
1787340479,309.7500,309.7500,309.7200,309.7200
1787340481,309.7200,309.7400,309.7100,309.7400
1787340482,309.7400,309.7450,309.7200,309.7200
1787340484,309.6900,309.6900,309.6900,309.6900
1787340485,309.7000,309.7000,309.7000,309.7000
1787340486,309.7000,309.7100,309.7000,309.7100
1787340489,309.7000,309.7000,309.6950,309.6950
1787340490,309.6900,309.6900,309.6800,309.6800
1787340491,309.6800,309.6800,309.6800,309.6800
1787340493,309.6900,309.6900,309.6900,309.6900
1787340495,309.7000,309.7200,309.7000,309.7200
1787340496,309.7300,309.7300,309.7300,309.7300
1787340497,309.7250,309.7450,309.6800,309.7450
1787340498,309.7500,309.7850,309.7500,309.7800
1787340499,309.7600,309.7800,309.7600,309.7800
1787340500,309.7800,309.7800,309.7800,309.7800
1787340502,309.7500,309.7850,309.7500,309.7800
1787340503,309.7800,309.7800,309.7800,309.7800
1787340504,309.7900,309.7900,309.7900,309.7900
1787340505,309.7900,309.7900,309.7900,309.7900
1787340507,309.7950,309.7950,309.7900,309.7900
1787340508,309.7800,309.7900,309.7800,309.7900
1787340509,309.7900,309.7900,309.7900,309.7900
1787340510,309.7900,309.7900,309.7900,309.7900
1787340511,309.7850,309.7850,309.7850,309.7850
1787340514,309.7800,309.7900,309.7700,309.7700
1787340515,309.7800,309.7800,309.7400,309.7400
1787340516,309.7500,309.7500,309.7500,309.7500
1787340517,309.7500,309.7500,309.7300,309.7300
1787340518,309.7500,309.7500,309.7500,309.7500
1787340519,309.7500,309.7500,309.7500,309.7500
1787340520,309.7500,309.7500,309.7500,309.7500
1787340522,309.7500,309.7500,309.7500,309.7500
1787340523,309.7500,309.7500,309.7500,309.7500
1787340524,309.7500,309.7500,309.7500,309.7500
1787340526,309.7600,309.7800,309.7500,309.7800
1787340527,309.7900,309.7900,309.7900,309.7900
1787340528,309.7850,309.7850,309.7850,309.7850
1787340529,309.7800,309.7800,309.7800,309.7800
1787340531,309.7900,309.7900,309.7700,309.7700
1787340532,309.7700,309.7750,309.7600,309.7750
1787340533,309.7800,309.7800,309.7800,309.7800
1787340535,309.7900,309.8100,309.7900,309.8100
1787340537,309.8300,309.8300,309.8300,309.8300
1787340538,309.8500,309.8500,309.8500,309.8500
1787340539,309.8400,309.8400,309.8400,309.8400
1787340540,309.8300,309.8300,309.8000,309.8000
1787340542,309.8000,309.8100,309.8000,309.8100
1787340543,309.8200,309.8200,309.8200,309.8200
1787340546,309.8100,309.8100,309.8100,309.8100
1787340547,309.8000,309.8000,309.8000,309.8000
1787340548,309.8000,309.8050,309.8000,309.8000
1787340549,309.8100,309.8200,309.8100,309.8200
1787340551,309.8250,309.8300,309.8250,309.8300
1787340553,309.8400,309.8400,309.8300,309.8300
1787340554,309.8200,309.8200,309.8200,309.8200
1787340555,309.8100,309.8100,309.8100,309.8100
1787340556,309.8150,309.8150,309.8150,309.8150
1787340558,309.8200,309.8200,309.8200,309.8200
1787340560,309.8250,309.8250,309.8250,309.8250
1787340566,309.8300,309.8300,309.8100,309.8100
1787340567,309.8100,309.8100,309.8100,309.8100
1787340568,309.8200,309.8200,309.8200,309.8200
1787340570,309.8200,309.8200,309.8200,309.8200
1787340571,309.8100,309.8150,309.8100,309.8150
1787340575,309.8000,309.8000,309.7900,309.7900
1787340576,309.7950,309.7950,309.7550,309.7550
1787340577,309.7600,309.7600,309.7600,309.7600
1787340578,309.7600,309.7700,309.7600,309.7700
1787340580,309.7600,309.7600,309.7600,309.7600
1787340582,309.7550,309.7600,309.7550,309.7600
1787340583,309.7500,309.7500,309.7500,309.7500
1787340585,309.7600,309.7700,309.7600,309.7700
1787340586,309.7800,309.7800,309.7800,309.7800
1787340587,309.7900,309.7900,309.7900,309.7900
1787340588,309.7800,309.7800,309.7800,309.7800
1787340589,309.7700,309.7700,309.7700,309.7700
1787340590,309.7800,309.7900,309.7800,309.7900
1787340593,309.7900,309.7900,309.7650,309.7650
1787340595,309.7600,309.7600,309.7600,309.7600
1787340596,309.7500,309.7500,309.7500,309.7500
1787340599,309.7400,309.7400,309.7400,309.7400
1787340600,309.7500,309.7800,309.7500,309.7800
1787340602,309.7900,309.8000,309.7900,309.7900
1787340603,309.8000,309.8000,309.8000,309.8000
1787340604,309.7900,309.7900,309.7600,309.7600
1787340605,309.7700,309.7700,309.7600,309.7700
1787340607,309.7900,309.7900,309.7900,309.7900
1787340608,309.7900,309.8100,309.7900,309.8100
1787340610,309.7900,309.8000,309.7700,309.8000
1787340611,309.8100,309.8300,309.8100,309.8200
1787340612,309.8100,309.8100,309.8000,309.8000
1787340613,309.8000,309.8000,309.8000,309.8000
1787340614,309.8100,309.8100,309.8100,309.8100
1787340615,309.8100,309.8100,309.8000,309.8000
1787340616,309.7800,309.8000,309.7800,309.8000
1787340618,309.8000,309.8000,309.7900,309.7900
1787340619,309.8000,309.8100,309.8000,309.8100
1787340620,309.8100,309.8100,309.8100,309.8100
1787340621,309.8200,309.8400,309.8200,309.8300
1787340622,309.8400,309.8500,309.8400,309.8500
1787340623,309.8500,309.8500,309.8500,309.8500
1787340624,309.8500,309.8700,309.8500,309.8700
1787340625,309.8750,309.8750,309.8750,309.8750
1787340626,309.8800,309.9000,309.8800,309.9000
1787340627,309.8950,309.8950,309.8950,309.8950
1787340628,309.9300,309.9300,309.9300,309.9300
1787340629,309.9300,309.9300,309.9300,309.9300
1787340630,309.9400,309.9400,309.9300,309.9300
1787340631,309.9400,309.9400,309.9300,309.9300
1787340632,309.9200,309.9500,309.9200,309.9500
1787340633,309.9600,309.9650,309.9600,309.9650
1787340634,309.9700,309.9700,309.9700,309.9700
1787340635,309.9800,309.9800,309.9700,309.9700
1787340636,309.9750,309.9750,309.9750,309.9750
1787340637,309.9800,309.9900,309.9800,309.9900
1787340638,309.9800,309.9800,309.9800,309.9800
1787340640,309.9800,309.9800,309.9800,309.9800
1787340641,309.9800,309.9800,309.9300,309.9300
1787340643,309.9350,309.9350,309.9350,309.9350
1787340644,309.9350,309.9400,309.9200,309.9400
1787340646,309.9300,309.9300,309.9300,309.9300
1787340648,309.9400,309.9400,309.9400,309.9400
1787340649,309.9400,309.9500,309.9400,309.9500
1787340650,309.9500,309.9600,309.9400,309.9400
1787340651,309.9500,309.9500,309.9500,309.9500
1787340653,309.9450,309.9450,309.9450,309.9450
1787340654,309.9500,309.9700,309.9500,309.9700
1787340655,309.9800,309.9800,309.9800,309.9800
1787340656,309.9800,309.9800,309.9700,309.9800
1787340657,309.9800,309.9800,309.9800,309.9800
1787340659,309.9700,309.9750,309.9700,309.9750
1787340661,309.9750,309.9750,309.9700,309.9700
1787340663,309.9800,309.9800,309.9700,309.9800
1787340664,309.9600,309.9600,309.9600,309.9600
1787340665,309.9500,309.9500,309.9500,309.9500
1787340666,309.9500,309.9500,309.9500,309.9500
1787340668,309.9600,309.9600,309.9600,309.9600
1787340669,309.9800,309.9900,309.9800,309.9900
1787340670,310.0000,310.0100,310.0000,310.0100
1787340672,310.0000,310.0000,310.0000,310.0000
1787340673,310.0000,310.0000,309.9900,310.0000
1787340674,310.0000,310.0000,309.9900,309.9900
1787340675,309.9800,309.9900,309.9700,309.9900
1787340677,309.9700,309.9700,309.9700,309.9700
1787340678,309.9700,309.9700,309.9100,309.9100
1787340679,309.9200,309.9200,309.9200,309.9200
1787340680,309.9200,309.9200,309.9100,309.9100
1787340681,309.9100,309.9100,309.9100,309.9100
1787340682,309.9100,309.9100,309.8900,309.8900
1787340684,309.8700,309.8700,309.8600,309.8600
1787340686,309.8600,309.8600,309.8500,309.8500
1787340687,309.8600,309.8600,309.8500,309.8600
1787340689,309.8600,309.8600,309.8600,309.8600
1787340691,309.8600,309.8600,309.8600,309.8600
1787340692,309.8600,309.8600,309.8400,309.8500
1787340693,309.8300,309.8300,309.8300,309.8300
1787340695,309.8200,309.8200,309.8050,309.8050
1787340696,309.8050,309.8050,309.8050,309.8050
1787340698,309.7900,309.7900,309.7800,309.7800
1787340699,309.7900,309.8000,309.7900,309.8000
1787340700,309.8000,309.8000,309.8000,309.8000
1787340703,309.8100,309.8100,309.8100,309.8100
1787340704,309.8100,309.8100,309.8100,309.8100
1787340705,309.8100,309.8100,309.8100,309.8100
1787340707,309.8100,309.8100,309.8100,309.8100
1787340709,309.8100,309.8100,309.7900,309.7900
1787340710,309.7900,309.7900,309.7900,309.7900
1787340713,309.7700,309.7700,309.7700,309.7700
1787340714,309.7650,309.7650,309.7500,309.7500
1787340715,309.7400,309.7400,309.7300,309.7400
1787340719,309.7400,309.7400,309.7300,309.7400
1787340720,309.7350,309.7350,309.7350,309.7350
1787340721,309.7400,309.7500,309.7400,309.7500
1787340722,309.7600,309.7600,309.7600,309.7600
1787340727,309.7700,309.7800,309.7700,309.7750
1787340729,309.7750,309.7750,309.7100,309.7300
1787340730,309.7500,309.7500,309.7500,309.7500
1787340731,309.7700,309.8000,309.7650,309.8000
1787340732,309.7950,309.8000,309.7950,309.8000
1787340733,309.7800,309.7800,309.7600,309.7600
1787340734,309.7600,309.7600,309.7600,309.7600
1787340735,309.7600,309.7600,309.7600,309.7600
1787340736,309.7600,309.7600,309.7600,309.7600
1787340737,309.7700,309.7700,309.7700,309.7700
1787340740,309.7800,309.7800,309.7800,309.7800
1787340743,309.7750,309.7750,309.7750,309.7750
1787340748,309.7700,309.7700,309.7700,309.7700
1787340749,309.7700,309.7700,309.7700,309.7700
1787340750,309.7800,309.7800,309.7800,309.7800
1787340751,309.7900,309.8000,309.7900,309.7900
1787340752,309.7900,309.7900,309.7900,309.7900
1787340754,309.7900,309.7900,309.7900,309.7900
1787340756,309.7900,309.7900,309.7900,309.7900
1787340757,309.7850,309.8100,309.7800,309.7900
1787340758,309.8100,309.8100,309.8100,309.8100
1787340759,309.8150,309.8150,309.8150,309.8150
1787340762,309.8150,309.8150,309.8150,309.8150
1787340763,309.8150,309.8150,309.8150,309.8150
1787340764,309.8200,309.8300,309.8200,309.8300
1787340765,309.8300,309.8400,309.8200,309.8300
1787340768,309.8350,309.8350,309.8350,309.8350
1787340769,309.8300,309.8300,309.8300,309.8300
1787340770,309.8400,309.8400,309.8400,309.8400
1787340771,309.8500,309.8500,309.8500,309.8500
1787340774,309.8600,309.8600,309.8500,309.8500
1787340775,309.8700,309.8900,309.8700,309.8900
1787340777,309.9100,309.9100,309.9100,309.9100
1787340778,309.9200,309.9300,309.9200,309.9300
1787340779,309.9300,309.9300,309.9300,309.9300
1787340780,309.9300,309.9300,309.9300,309.9300
1787340781,309.9300,309.9300,309.9300,309.9300
1787340782,309.9300,309.9300,309.9200,309.9200
1787340783,309.9300,309.9300,309.9300,309.9300
1787340785,309.9200,309.9200,309.8900,309.8950
1787340786,309.8900,309.8900,309.8900,309.8900
1787340787,309.8900,309.8900,309.8850,309.8850
1787340788,309.8850,309.8850,309.8750,309.8750
1787340789,309.8750,309.8750,309.8700,309.8700
1787340790,309.8700,309.8700,309.8700,309.8700
1787340791,309.8700,309.8800,309.8700,309.8800
1787340794,309.8850,309.8850,309.8850,309.8850
1787340795,309.8800,309.8800,309.8700,309.8800
1787340797,309.8700,309.8700,309.8700,309.8700
1787340798,309.8600,309.8600,309.8300,309.8500
1787340799,309.8600,309.8600,309.8500,309.8600
1787340800,309.8500,309.8500,309.8400,309.8500
1787340801,309.8600,309.8650,309.8600,309.8650
1787340802,309.8700,309.8950,309.8700,309.8800
1787340803,309.8900,309.8900,309.8900,309.8900
1787340804,309.9000,309.9000,309.9000,309.9000
1787340805,309.9100,309.9200,309.9100,309.9100
1787340807,309.9200,309.9200,309.9200,309.9200
1787340808,309.9200,309.9400,309.9200,309.9400
1787340809,309.9600,309.9600,309.9600,309.9600
1787340810,309.9700,309.9700,309.9700,309.9700
1787340811,309.9700,309.9700,309.9700,309.9700
1787340812,309.9800,309.9800,309.9800,309.9800
1787340813,309.9800,309.9800,309.9800,309.9800
1787340814,309.9800,309.9800,309.9800,309.9800
1787340816,309.9800,309.9900,309.9800,309.9900
1787340818,309.9900,309.9900,309.9900,309.9900
1787340819,309.9950,309.9950,309.9900,309.9900
1787340820,309.9800,309.9800,309.9500,309.9500
1787340822,309.9400,309.9400,309.8600,309.8600
1787340823,309.8500,309.8500,309.8300,309.8300
1787340824,309.8400,309.8400,309.8400,309.8400
1787340825,309.8300,309.8300,309.7900,309.7900
1787340826,309.8100,309.8100,309.7950,309.7950
1787340829,309.8100,309.8200,309.8100,309.8200
1787340830,309.8100,309.8100,309.7900,309.7900
1787340831,309.7800,309.7800,309.7800,309.7800
1787340832,309.7900,309.7900,309.7800,309.7800
1787340833,309.7700,309.7700,309.7600,309.7600
1787340834,309.7700,309.7850,309.7700,309.7800
1787340835,309.8000,309.8000,309.7850,309.7850
1787340837,309.7800,309.7800,309.7800,309.7800
1787340840,309.7800,309.7800,309.7800,309.7800
1787340841,309.7700,309.7700,309.7700,309.7700
1787340845,309.7600,309.7600,309.7600,309.7600
1787340846,309.7600,309.7600,309.7600,309.7600
1787340849,309.7650,309.7800,309.7650,309.7800
1787340850,309.7900,309.8100,309.7900,309.8100
1787340851,309.8000,309.8000,309.8000,309.8000
1787340852,309.7800,309.7800,309.7750,309.7800
1787340853,309.7800,309.7800,309.7800,309.7800
1787340854,309.7900,309.8000,309.7900,309.8000
1787340857,309.7800,309.7800,309.7800,309.7800
1787340858,309.7800,309.7800,309.7800,309.7800
1787340859,309.7800,309.7900,309.7800,309.7900
1787340863,309.8000,309.8000,309.7900,309.7900
1787340864,309.7800,309.7800,309.7300,309.7300
1787340865,309.7500,309.7600,309.7500,309.7600
1787340866,309.7700,309.7700,309.7700,309.7700
1787340868,309.7550,309.7700,309.7550,309.7700
1787340871,309.7700,309.7700,309.7700,309.7700
1787340872,309.7700,309.7700,309.7700,309.7700
1787340874,309.7700,309.7700,309.7700,309.7700
1787340875,309.7600,309.7600,309.7300,309.7300
1787340876,309.7600,309.7600,309.7600,309.7600
1787340877,309.7400,309.7400,309.7400,309.7400
1787340878,309.7500,309.7500,309.7300,309.7300
1787340881,309.7400,309.7450,309.7400,309.7450
1787340886,309.7500,309.7500,309.7500,309.7500
1787340889,309.7400,309.7400,309.7200,309.7200
1787340893,309.7300,309.7400,309.7300,309.7400
1787340894,309.7400,309.7400,309.7400,309.7400
1787340895,309.7400,309.7400,309.7400,309.7400
1787340897,309.7400,309.7400,309.7400,309.7400
1787340898,309.7400,309.7400,309.7400,309.7400
1787340899,309.7400,309.7450,309.7000,309.7200
1787340900,309.7000,309.7000,309.6900,309.6900
1787340901,309.6900,309.7200,309.6900,309.7200
1787340902,309.7200,309.7200,309.7200,309.7200
1787340903,309.7200,309.7200,309.7200,309.7200
1787340904,309.7250,309.7250,309.7250,309.7250
1787340907,309.7300,309.7300,309.7300,309.7300
1787340909,309.7400,309.7500,309.7400,309.7500
1787340910,309.7400,309.7400,309.7400,309.7400
1787340912,309.7450,309.7450,309.7450,309.7450
1787340913,309.7400,309.7400,309.7250,309.7250
1787340915,309.7200,309.7200,309.7200,309.7200
1787340917,309.7200,309.7200,309.7200,309.7200
1787340920,309.7100,309.7100,309.7000,309.7000
1787340921,309.7000,309.7100,309.7000,309.7100
1787340922,309.7100,309.7100,309.7100,309.7100
1787340923,309.7000,309.7000,309.7000,309.7000
1787340924,309.7000,309.7000,309.7000,309.7000
1787340926,309.7100,309.7200,309.7100,309.7200
1787340927,309.7200,309.7400,309.7200,309.7400
1787340928,309.7500,309.7500,309.7500,309.7500
1787340929,309.7600,309.7600,309.7600,309.7600
1787340932,309.7750,309.7750,309.7750,309.7750
1787340933,309.7750,309.7750,309.7700,309.7700
1787340934,309.7450,309.7450,309.7450,309.7450
1787340936,309.7500,309.7600,309.7500,309.7600
1787340937,309.7700,309.7800,309.7700,309.7800
1787340938,309.7800,309.7900,309.7800,309.7900
1787340939,309.7800,309.7800,309.7750,309.7750
1787340940,309.7700,309.7700,309.7500,309.7500
1787340944,309.7450,309.7450,309.7450,309.7450
1787340945,309.7500,309.7600,309.7500,309.7600
1787340946,309.7600,309.7900,309.7600,309.7700
1787340949,309.7800,309.7800,309.7800,309.7800
1787340952,309.7900,309.7900,309.7900,309.7900
1787340954,309.8000,309.8000,309.8000,309.8000
1787340956,309.8000,309.8000,309.7900,309.7900
1787340958,309.8000,309.8000,309.8000,309.8000
1787340959,309.8100,309.8200,309.8100,309.8100
1787340960,309.8000,309.8000,309.7900,309.7900
1787340962,309.7800,309.7800,309.7800,309.7800
1787340963,309.7700,309.7700,309.7600,309.7600
1787340964,309.7700,309.7700,309.7700,309.7700
1787340966,309.7500,309.7500,309.7500,309.7500
1787340967,309.7500,309.7500,309.7500,309.7500
1787340968,309.7600,309.7600,309.7600,309.7600
1787340970,309.7700,309.7700,309.7700,309.7700
1787340971,309.7600,309.7600,309.7600,309.7600
1787340972,309.7700,309.7700,309.7700,309.7700
1787340973,309.7700,309.7900,309.7500,309.7500
1787340974,309.7450,309.7500,309.7450,309.7500
1787340976,309.7600,309.7750,309.7600,309.7750
1787340977,309.7900,309.7900,309.7900,309.7900
1787340979,309.8000,309.8000,309.8000,309.8000
1787340981,309.8100,309.8100,309.8100,309.8100
1787340982,309.8100,309.8100,309.8000,309.8000
1787340983,309.8200,309.8200,309.8200,309.8200
1787340984,309.8200,309.8200,309.8100,309.8100
1787340986,309.8100,309.8100,309.8100,309.8100
1787340987,309.8000,309.8000,309.7800,309.7800
1787340989,309.8000,309.8000,309.7950,309.7950
1787340990,309.7800,309.7800,309.7800,309.7800
1787340991,309.7600,309.7850,309.7600,309.7850
1787340994,309.7900,309.8000,309.7900,309.8000
1787340996,309.8000,309.8000,309.8000,309.8000
1787340997,309.7900,309.7900,309.7900,309.7900
1787341001,309.7900,309.7900,309.7600,309.7600
1787341002,309.7500,309.7500,309.7250,309.7250
1787341003,309.7100,309.7100,309.7100,309.7100
1787341005,309.7300,309.7300,309.7300,309.7300
1787341006,309.7200,309.7200,309.7200,309.7200
1787341007,309.7300,309.7300,309.7300,309.7300
1787341008,309.7300,309.7300,309.7300,309.7300
1787341011,309.7400,309.7400,309.7200,309.7200
1787341012,309.7100,309.7150,309.7100,309.7150
1787341016,309.7100,309.7100,309.7100,309.7100
1787341017,309.7000,309.7000,309.7000,309.7000
1787341018,309.7100,309.7300,309.7100,309.7300
1787341020,309.7400,309.7500,309.7400,309.7500
1787341021,309.7500,309.7500,309.7500,309.7500
1787341023,309.7800,309.7800,309.7800,309.7800
1787341024,309.7800,309.7800,309.7500,309.7500
1787341026,309.7700,309.7800,309.7700,309.7800
1787341028,309.7900,309.7900,309.7900,309.7900
1787341030,309.7900,309.7900,309.7900,309.7900
1787341032,309.7900,309.7900,309.7900,309.7900
1787341035,309.7800,309.7800,309.7600,309.7600
1787341036,309.7500,309.7500,309.7300,309.7300
1787341038,309.7400,309.7400,309.7400,309.7400
1787341040,309.7300,309.7300,309.7200,309.7200
1787341042,309.7300,309.7300,309.7250,309.7300
1787341043,309.7100,309.7100,309.6800,309.6800
1787341044,309.7000,309.7000,309.7000,309.7000
1787341048,309.7000,309.7000,309.7000,309.7000
1787341049,309.7100,309.7100,309.7100,309.7100
1787341050,309.7100,309.7300,309.7100,309.7300
1787341052,309.7400,309.7400,309.7400,309.7400
1787341053,309.7500,309.7500,309.7500,309.7500
1787341054,309.7500,309.7500,309.7500,309.7500
1787341056,309.7500,309.7500,309.7500,309.7500
1787341057,309.7500,309.7500,309.7400,309.7450
1787341058,309.7500,309.7500,309.7500,309.7500
1787341061,309.7500,309.7500,309.7500,309.7500
1787341062,309.7400,309.7500,309.7400,309.7500
1787341065,309.7600,309.7600,309.7400,309.7400
1787341067,309.7600,309.7600,309.7600,309.7600
1787341071,309.7600,309.7600,309.7600,309.7600
1787341077,309.7700,309.7800,309.7700,309.7800
1787341078,309.7900,309.7900,309.7900,309.7900
1787341080,309.7900,309.7900,309.7800,309.7800
1787341081,309.7800,309.7900,309.7800,309.7900
1787341082,309.8000,309.8300,309.8000,309.8300
1787341085,309.8400,309.8400,309.8400,309.8400
1787341086,309.8500,309.8600,309.8500,309.8500
1787341087,309.8300,309.8300,309.8300,309.8300
1787341088,309.8600,309.8600,309.8600,309.8600
1787341089,309.8600,309.8600,309.8400,309.8400
1787341090,309.8200,309.8300,309.8200,309.8300
1787341091,309.8400,309.8400,309.8400,309.8400
1787341093,309.8200,309.8200,309.7900,309.7900
1787341094,309.8000,309.8000,309.8000,309.8000
1787341096,309.8000,309.8000,309.8000,309.8000
1787341097,309.7700,309.7700,309.7200,309.7350
1787341098,309.7500,309.7500,309.7500,309.7500
1787341099,309.7500,309.7500,309.7100,309.7200
1787341100,309.7100,309.7100,309.6600,309.6600
1787341101,309.6900,309.7150,309.6600,309.7150
1787341102,309.7200,309.7500,309.7100,309.7500
1787341103,309.7600,309.7600,309.7600,309.7600
1787341104,309.7500,309.7500,309.7400,309.7400
1787341105,309.7200,309.7200,309.6900,309.6900
1787341106,309.6900,309.7000,309.6900,309.7000
1787341107,309.7100,309.7100,309.7100,309.7100
1787341108,309.7000,309.7000,309.7000,309.7000
1787341109,309.7000,309.7000,309.7000,309.7000
1787341110,309.7100,309.7100,309.7100,309.7100
1787341111,309.7000,309.7000,309.7000,309.7000
1787341112,309.7000,309.7050,309.6900,309.6900
1787341114,309.6900,309.6900,309.6800,309.6900
1787341115,309.7000,309.7100,309.7000,309.7100
1787341116,309.7000,309.7000,309.7000,309.7000
1787341117,309.7000,309.7000,309.6900,309.6900
1787341118,309.6900,309.6900,309.6900,309.6900
1787341119,309.6800,309.6800,309.6800,309.6800
1787341121,309.6800,309.6800,309.6300,309.6300
1787341123,309.6400,309.6400,309.6400,309.6400
1787341126,309.6100,309.6100,309.5950,309.5950
1787341127,309.6000,309.6000,309.6000,309.6000
1787341128,309.6000,309.6000,309.6000,309.6000
1787341129,309.6100,309.6100,309.6100,309.6100
1787341130,309.6100,309.6100,309.6100,309.6100
1787341131,309.6000,309.6000,309.5950,309.6000
1787341135,309.5800,309.5800,309.5800,309.5800
1787341136,309.5900,309.5900,309.5800,309.5800
1787341138,309.5700,309.5700,309.5600,309.5700
1787341139,309.5500,309.5500,309.5400,309.5400
1787341140,309.5450,309.5450,309.5450,309.5450
1787341141,309.5400,309.5400,309.5300,309.5400
1787341142,309.5500,309.5500,309.5500,309.5500
1787341143,309.5600,309.5600,309.5600,309.5600
1787341144,309.5400,309.5500,309.5400,309.5500
1787341146,309.5500,309.5500,309.5500,309.5500
1787341147,309.5400,309.5500,309.5400,309.5500
1787341148,309.5600,309.5700,309.5500,309.5500
1787341149,309.5700,309.5700,309.5700,309.5700
1787341150,309.5600,309.5800,309.5600,309.5700
1787341151,309.5500,309.5500,309.5500,309.5500
1787341152,309.5400,309.5400,309.5400,309.5400
1787341153,309.5400,309.5400,309.5000,309.5000
1787341154,309.5000,309.5100,309.5000,309.5100
1787341155,309.5200,309.5200,309.5200,309.5200
1787341156,309.5200,309.5200,309.5150,309.5150
1787341157,309.5000,309.5000,309.5000,309.5000
1787341158,309.4900,309.4900,309.4900,309.4900
1787341159,309.4900,309.4900,309.4900,309.4900
1787341160,309.4950,309.4950,309.4950,309.4950
1787341161,309.4800,309.4800,309.4800,309.4800
1787341162,309.4400,309.4400,309.4200,309.4200
1787341163,309.4400,309.4400,309.4400,309.4400
1787341165,309.4700,309.4700,309.4700,309.4700
1787341167,309.4800,309.4800,309.4700,309.4800
1787341168,309.4800,309.4800,309.4800,309.4800
1787341169,309.4750,309.4800,309.4750,309.4800
1787341170,309.4800,309.4800,309.4800,309.4800
1787341171,309.4800,309.4800,309.4800,309.4800
1787341174,309.4900,309.4900,309.4900,309.4900
1787341175,309.4900,309.4900,309.4800,309.4800
1787341179,309.4900,309.4900,309.4800,309.4800
1787341180,309.4600,309.4600,309.4500,309.4500
1787341181,309.4600,309.4600,309.4600,309.4600
1787341183,309.4700,309.4700,309.4700,309.4700
1787341184,309.4700,309.4700,309.4700,309.4700
1787341185,309.4700,309.4700,309.4700,309.4700
1787341186,309.4800,309.4800,309.4800,309.4800
1787341187,309.4900,309.4900,309.4900,309.4900
1787341190,309.4900,309.4900,309.4900,309.4900
1787341191,309.5000,309.5000,309.5000,309.5000
1787341193,309.5000,309.5100,309.5000,309.5100
1787341194,309.5200,309.5200,309.5200,309.5200
1787341195,309.5200,309.5300,309.5100,309.5100
1787341198,309.5300,309.5300,309.5300,309.5300
1787341199,309.5200,309.5200,309.5200,309.5200
1787341200,309.5300,309.5300,309.5300,309.5300
1787341202,309.5400,309.5400,309.5400,309.5400
1787341203,309.5400,309.5400,309.5400,309.5400
1787341204,309.5500,309.5800,309.5500,309.5800
1787341207,309.5750,309.5900,309.5750,309.5900
1787341209,309.6000,309.6000,309.5800,309.5800
1787341210,309.5800,309.5800,309.5500,309.5500
1787341211,309.5600,309.5600,309.5500,309.5500
1787341212,309.5400,309.5400,309.5400,309.5400
1787341213,309.5300,309.5300,309.5300,309.5300
1787341216,309.5550,309.5550,309.5550,309.5550
1787341217,309.5500,309.5500,309.5500,309.5500
1787341219,309.5600,309.5600,309.5600,309.5600
1787341220,309.5500,309.5500,309.5500,309.5500
1787341224,309.5500,309.5500,309.5300,309.5300
1787341225,309.5300,309.5300,309.5300,309.5300
1787341226,309.5100,309.5300,309.5000,309.5100
1787341227,309.5200,309.5200,309.5200,309.5200
1787341228,309.5400,309.5500,309.5400,309.5500
1787341230,309.5500,309.5750,309.5400,309.5750
1787341232,309.5700,309.5700,309.5200,309.5250
1787341233,309.5350,309.5350,309.5350,309.5350
1787341235,309.5500,309.5500,309.5400,309.5400
1787341237,309.5450,309.5450,309.5450,309.5450
1787341240,309.5500,309.5750,309.5500,309.5600
1787341241,309.5400,309.5400,309.5200,309.5200
1787341242,309.5100,309.5100,309.5100,309.5100
1787341243,309.5100,309.5100,309.5100,309.5100
1787341244,309.5000,309.5000,309.4900,309.4900
1787341245,309.4900,309.4900,309.4900,309.4900
1787341246,309.4800,309.4800,309.4600,309.4600
1787341247,309.4800,309.4800,309.4800,309.4800
1787341248,309.4800,309.4900,309.4800,309.4800
1787341252,309.5000,309.5000,309.5000,309.5000
1787341253,309.5200,309.5300,309.5200,309.5300
1787341254,309.5300,309.5300,309.5300,309.5300
1787341255,309.5200,309.5200,309.5100,309.5100
1787341256,309.5000,309.5000,309.4900,309.4900
1787341259,309.4900,309.4900,309.4900,309.4900
1787341261,309.5000,309.5100,309.5000,309.5100
1787341262,309.5200,309.5200,309.5200,309.5200
1787341263,309.5200,309.5200,309.5200,309.5200
1787341264,309.5200,309.5200,309.5000,309.5000
1787341265,309.5100,309.5100,309.5100,309.5100
1787341266,309.5200,309.5200,309.5200,309.5200
1787341267,309.5200,309.5200,309.5200,309.5200
1787341268,309.5200,309.5200,309.5200,309.5200
1787341269,309.5100,309.5100,309.5000,309.5000
1787341271,309.5100,309.5100,309.5100,309.5100
1787341272,309.5200,309.5200,309.4900,309.4900
1787341273,309.4800,309.4800,309.4800,309.4800
1787341274,309.5100,309.5100,309.5100,309.5100
1787341278,309.4900,309.5000,309.4900,309.5000
1787341279,309.5000,309.5000,309.5000,309.5000
1787341280,309.4800,309.4800,309.4800,309.4800
1787341284,309.4850,309.4850,309.4850,309.4850
1787341285,309.4800,309.4900,309.4800,309.4900
1787341286,309.4800,309.4900,309.4800,309.4900
1787341289,309.4800,309.4800,309.4800,309.4800
1787341291,309.4800,309.4800,309.4800,309.4800
1787341292,309.4900,309.4900,309.4800,309.4800
1787341295,309.4900,309.4900,309.4850,309.4900
1787341297,309.5000,309.5000,309.5000,309.5000
1787341299,309.5000,309.5000,309.4900,309.5000
1787341300,309.4900,309.4900,309.4900,309.4900
1787341301,309.5000,309.5000,309.5000,309.5000
1787341305,309.5100,309.5100,309.4900,309.4900
1787341307,309.4850,309.4850,309.4850,309.4850
1787341308,309.4700,309.4700,309.4600,309.4600
1787341310,309.4750,309.4850,309.4750,309.4850
1787341311,309.4900,309.4900,309.4900,309.4900
1787341312,309.4800,309.4800,309.4800,309.4800
1787341313,309.4900,309.4900,309.4900,309.4900
1787341315,309.4900,309.4900,309.4900,309.4900
1787341316,309.4900,309.4900,309.4900,309.4900
1787341317,309.5000,309.5000,309.4750,309.4750
1787341318,309.4900,309.4900,309.4900,309.4900
1787341320,309.5000,309.5200,309.5000,309.5200
1787341321,309.5100,309.5100,309.5000,309.5000
1787341323,309.5100,309.5200,309.5100,309.5200
1787341324,309.5200,309.5200,309.5200,309.5200
1787341325,309.5200,309.5200,309.5200,309.5200
1787341326,309.5200,309.5200,309.5200,309.5200
1787341327,309.5200,309.5200,309.5200,309.5200
1787341328,309.5300,309.5300,309.5300,309.5300
1787341329,309.5400,309.5400,309.5400,309.5400
1787341330,309.5500,309.5500,309.5200,309.5200
1787341331,309.5300,309.5300,309.5300,309.5300
1787341332,309.5400,309.5400,309.5400,309.5400
1787341334,309.5600,309.5600,309.5600,309.5600
1787341336,309.5600,309.5600,309.5600,309.5600
1787341339,309.5500,309.5900,309.5400,309.5900
1787341340,309.5800,309.5900,309.5700,309.5900
1787341341,309.5900,309.5900,309.5900,309.5900
1787341342,309.5900,309.5900,309.5900,309.5900
1787341343,309.5900,309.5900,309.5900,309.5900
1787341344,309.5900,309.5900,309.5900,309.5900
1787341345,309.5800,309.5800,309.5600,309.5600
1787341346,309.5600,309.5600,309.5600,309.5600
1787341347,309.5800,309.5800,309.5800,309.5800
1787341348,309.5800,309.6000,309.5800,309.6000
1787341349,309.6000,309.6000,309.6000,309.6000
1787341350,309.6000,309.6100,309.6000,309.6000
1787341351,309.6000,309.6000,309.6000,309.6000
1787341354,309.6000,309.6000,309.6000,309.6000
1787341357,309.6050,309.6050,309.6050,309.6050
1787341358,309.6100,309.6100,309.6000,309.6000
1787341360,309.6100,309.6100,309.6100,309.6100
1787341361,309.6100,309.6100,309.6100,309.6100
1787341362,309.6100,309.6400,309.6100,309.6400
1787341363,309.6300,309.6300,309.6150,309.6150
1787341364,309.6000,309.6100,309.6000,309.6100
1787341367,309.6100,309.6100,309.6100,309.6100
1787341368,309.6150,309.6150,309.5800,309.5800
1787341369,309.5800,309.6000,309.5800,309.6000
1787341370,309.6000,309.6000,309.6000,309.6000
1787341371,309.6000,309.6000,309.6000,309.6000
1787341373,309.6000,309.6000,309.5900,309.5900
1787341374,309.5900,309.5900,309.5900,309.5900
1787341375,309.5900,309.5900,309.5900,309.5900
1787341377,309.5950,309.5950,309.5950,309.5950
1787341378,309.5950,309.5950,309.5600,309.5600
1787341379,309.5600,309.5600,309.5000,309.5000
1787341380,309.5000,309.5000,309.4900,309.4900
1787341384,309.4800,309.4800,309.4700,309.4700
1787341385,309.4700,309.4800,309.4700,309.4800
1787341386,309.4600,309.4650,309.4600,309.4600
1787341387,309.4700,309.4900,309.4700,309.4900
1787341388,309.4700,309.4800,309.4700,309.4800
1787341390,309.4800,309.4800,309.4800,309.4800
1787341391,309.4900,309.5000,309.4900,309.5000
1787341392,309.5100,309.5200,309.5100,309.5200
1787341393,309.5500,309.5600,309.5500,309.5600
1787341394,309.5600,309.5700,309.5600,309.5700
1787341399,309.5700,309.5700,309.5600,309.5600
1787341403,309.5700,309.5700,309.5700,309.5700
1787341406,309.5900,309.6000,309.5900,309.6000
1787341407,309.6100,309.6100,309.6100,309.6100
1787341409,309.6100,309.6100,309.6100,309.6100
1787341410,309.6100,309.6100,309.5750,309.5750
1787341411,309.5700,309.5700,309.5700,309.5700
1787341412,309.5750,309.5800,309.5700,309.5800
1787341414,309.5800,309.5900,309.5800,309.5900
1787341416,309.6000,309.6150,309.6000,309.6150
1787341417,309.6000,309.6000,309.6000,309.6000
1787341418,309.6000,309.6300,309.6000,309.6300
1787341419,309.6400,309.6500,309.6400,309.6500
1787341420,309.6500,309.6500,309.6400,309.6500
1787341421,309.6500,309.6600,309.6500,309.6600
1787341422,309.6700,309.6700,309.6700,309.6700
1787341423,309.6700,309.6800,309.6700,309.6800
1787341424,309.6800,309.6800,309.6800,309.6800
1787341425,309.6800,309.6900,309.6800,309.6900
1787341426,309.6900,309.6900,309.6900,309.6900
1787341427,309.6900,309.6900,309.6900,309.6900
1787341428,309.6900,309.7000,309.6900,309.7000
1787341430,309.7000,309.7000,309.7000,309.7000
1787341431,309.7150,309.7150,309.7150,309.7150
1787341432,309.7200,309.7200,309.6700,309.6700
1787341435,309.6900,309.6900,309.6900,309.6900
1787341436,309.7000,309.7000,309.7000,309.7000
1787341440,309.7050,309.7050,309.7000,309.7000
1787341443,309.6900,309.6900,309.6900,309.6900
1787341448,309.7000,309.7000,309.7000,309.7000
1787341449,309.7000,309.7000,309.6600,309.6600
1787341452,309.6500,309.6500,309.6500,309.6500
1787341453,309.6500,309.6600,309.6500,309.6600
1787341455,309.6500,309.6500,309.6500,309.6500
1787341456,309.6500,309.6500,309.6500,309.6500
1787341457,309.6400,309.6400,309.6400,309.6400
1787341458,309.6400,309.6400,309.6400,309.6400
1787341460,309.6300,309.6300,309.6300,309.6300
1787341463,309.6000,309.6000,309.5900,309.5900
1787341465,309.5900,309.5900,309.5800,309.5800
1787341466,309.5800,309.5800,309.5800,309.5800
1787341468,309.5800,309.5850,309.5800,309.5850
1787341471,309.5900,309.5900,309.5900,309.5900
1787341472,309.6000,309.6000,309.5950,309.5950
1787341473,309.5900,309.5900,309.5800,309.5800
1787341475,309.5800,309.5800,309.5800,309.5800
1787341479,309.5800,309.5800,309.5800,309.5800
1787341481,309.5900,309.5900,309.5900,309.5900
1787341482,309.6000,309.6200,309.6000,309.6150
1787341484,309.6000,309.6000,309.6000,309.6000
1787341485,309.5800,309.5800,309.5800,309.5800
1787341488,309.5800,309.5800,309.5800,309.5800
1787341489,309.5800,309.5800,309.5800,309.5800
1787341490,309.5800,309.5800,309.5800,309.5800
1787341494,309.5700,309.5700,309.5600,309.5600
1787341495,309.5500,309.5500,309.5400,309.5400
1787341496,309.5400,309.5400,309.5400,309.5400
1787341497,309.5400,309.5400,309.5300,309.5300
1787341498,309.5400,309.5400,309.5400,309.5400
1787341500,309.5500,309.5700,309.5300,309.5700
1787341502,309.5800,309.6000,309.5800,309.6000
1787341503,309.6200,309.6200,309.6200,309.6200
1787341504,309.6100,309.6100,309.6000,309.6000
1787341508,309.5900,309.5900,309.5900,309.5900
1787341509,309.6200,309.6400,309.6200,309.6300
1787341510,309.6200,309.6200,309.6200,309.6200
1787341511,309.6300,309.6300,309.6300,309.6300
1787341514,309.6200,309.6200,309.6100,309.6100
1787341516,309.5900,309.6000,309.5900,309.6000
1787341517,309.5900,309.5900,309.5900,309.5900
1787341518,309.6000,309.6000,309.6000,309.6000
1787341519,309.5800,309.5800,309.5800,309.5800
1787341521,309.5900,309.5900,309.5900,309.5900
1787341524,309.5700,309.5700,309.5700,309.5700
1787341527,309.5600,309.5600,309.5300,309.5500
1787341528,309.5500,309.5500,309.5500,309.5500
1787341531,309.5400,309.5400,309.5400,309.5400
1787341533,309.5400,309.5400,309.5400,309.5400
1787341534,309.5400,309.5500,309.5400,309.5500
1787341537,309.5600,309.5800,309.5600,309.5800
1787341541,309.5800,309.6000,309.5800,309.5800
1787341544,309.5900,309.5900,309.5900,309.5900
1787341545,309.5800,309.5800,309.5800,309.5800
1787341547,309.5800,309.5800,309.5800,309.5800
1787341548,309.5900,309.5900,309.5900,309.5900
1787341549,309.5900,309.5900,309.5900,309.5900
1787341551,309.5800,309.5800,309.5700,309.5700
1787341553,309.5700,309.5700,309.5500,309.5500
1787341554,309.5600,309.5600,309.5600,309.5600
1787341556,309.5600,309.5600,309.5600,309.5600
1787341557,309.5500,309.5500,309.5500,309.5500
1787341558,309.5600,309.5600,309.5600,309.5600
1787341561,309.5500,309.5600,309.5500,309.5600
1787341563,309.5600,309.5600,309.5500,309.5600
1787341565,309.5700,309.5800,309.5700,309.5750
1787341566,309.5800,309.5800,309.5800,309.5800
1787341567,309.5800,309.5800,309.5800,309.5800
1787341569,309.5900,309.5900,309.5900,309.5900
1787341570,309.6000,309.6000,309.6000,309.6000
1787341571,309.6150,309.6600,309.6150,309.6600
1787341572,309.6800,309.6800,309.6800,309.6800
1787341573,309.6700,309.6700,309.6300,309.6300
1787341581,309.6300,309.6300,309.6300,309.6300
1787341582,309.6300,309.6400,309.6300,309.6400
1787341584,309.6400,309.6400,309.6400,309.6400
1787341586,309.6300,309.6300,309.6300,309.6300
1787341587,309.6300,309.6300,309.6300,309.6300
1787341594,309.6350,309.6500,309.6350,309.6500
1787341595,309.6500,309.6500,309.6500,309.6500
1787341596,309.6400,309.6400,309.6200,309.6200
1787341597,309.6200,309.6200,309.6200,309.6200
1787341598,309.6200,309.6200,309.6200,309.6200
1787341599,309.6050,309.6050,309.6000,309.6050
1787341600,309.6100,309.6100,309.6100,309.6100
1787341601,309.6100,309.6100,309.6100,309.6100
1787341602,309.6000,309.6000,309.6000,309.6000
1787341603,309.6100,309.6500,309.6100,309.6500
1787341606,309.6500,309.6600,309.6500,309.6600
1787341612,309.6700,309.6700,309.6700,309.6700
1787341613,309.6700,309.6700,309.6700,309.6700
1787341616,309.6800,309.6900,309.6800,309.6900
1787341618,309.7000,309.7000,309.7000,309.7000
1787341620,309.7000,309.7000,309.6900,309.7000
1787341621,309.7100,309.7100,309.7100,309.7100
1787341624,309.7200,309.7400,309.7200,309.7400
1787341627,309.7500,309.7500,309.7500,309.7500
1787341628,309.7500,309.7500,309.7500,309.7500
1787341629,309.7500,309.7700,309.7500,309.7700
1787341631,309.7600,309.7600,309.7600,309.7600
1787341632,309.7600,309.7600,309.7600,309.7600
1787341633,309.7700,309.7700,309.7500,309.7500
1787341635,309.7650,309.7650,309.7650,309.7650
1787341636,309.7700,309.7800,309.7700,309.7800
1787341637,309.7750,309.7750,309.7750,309.7750
1787341638,309.7700,309.7700,309.7600,309.7600
1787341639,309.7600,309.7600,309.7600,309.7600
1787341640,309.7600,309.7700,309.7600,309.7700
1787341641,309.7700,309.7700,309.7500,309.7600
1787341643,309.7500,309.7600,309.7500,309.7600
1787341644,309.7400,309.7500,309.7400,309.7500
1787341646,309.7600,309.7600,309.7600,309.7600
1787341647,309.7550,309.7550,309.7550,309.7550
1787341649,309.7500,309.7500,309.7400,309.7400
1787341651,309.7500,309.7500,309.7500,309.7500
1787341654,309.7600,309.7600,309.7600,309.7600
1787341655,309.7600,309.7700,309.7600,309.7700
1787341659,309.7700,309.7700,309.7700,309.7700
1787341663,309.7750,309.7750,309.7750,309.7750
1787341665,309.7600,309.7600,309.7600,309.7600
1787341666,309.7500,309.7500,309.7200,309.7200
1787341667,309.7200,309.7200,309.7200,309.7200
1787341669,309.7400,309.7400,309.7400,309.7400
1787341672,309.7600,309.7600,309.7600,309.7600
1787341673,309.7700,309.8000,309.7700,309.8000
1787341674,309.7900,309.7900,309.7900,309.7900
1787341675,309.8000,309.8100,309.8000,309.8100
1787341677,309.8200,309.8200,309.8200,309.8200
1787341681,309.8400,309.8400,309.8200,309.8200
1787341682,309.8400,309.8500,309.8400,309.8500
1787341683,309.8600,309.8800,309.8600,309.8800
1787341684,309.8800,309.8800,309.8800,309.8800
1787341686,309.8800,309.9000,309.8700,309.9000
1787341687,309.8900,309.8900,309.8800,309.8800
1787341688,309.8800,309.8800,309.8600,309.8600
1787341689,309.8600,309.8700,309.8600,309.8600
1787341690,309.8500,309.8500,309.8350,309.8350
1787341693,309.8200,309.8200,309.8200,309.8200
1787341694,309.8300,309.8300,309.8300,309.8300
1787341697,309.8300,309.8400,309.8300,309.8300
1787341700,309.8500,309.8550,309.8500,309.8550
1787341702,309.8500,309.8500,309.8500,309.8500
1787341703,309.8600,309.8700,309.8600,309.8700
1787341704,309.8650,309.8650,309.8650,309.8650
1787341705,309.8650,309.8650,309.8650,309.8650
1787341707,309.8700,309.8700,309.8700,309.8700
1787341708,309.8800,309.8900,309.8800,309.8900
1787341709,309.8800,309.8800,309.8800,309.8800
1787341711,309.8800,309.8800,309.8800,309.8800
1787341712,309.8850,309.8850,309.8850,309.8850
1787341715,309.8850,309.9100,309.8800,309.9100
1787341717,309.9100,309.9200,309.9100,309.9200
1787341718,309.9150,309.9200,309.9150,309.9200
1787341720,309.9200,309.9200,309.9200,309.9200
1787341721,309.9300,309.9500,309.9300,309.9500
1787341722,309.9600,309.9650,309.9600,309.9650
1787341723,309.9600,309.9700,309.9600,309.9700
1787341724,309.9500,309.9500,309.9300,309.9300
1787341725,309.9200,309.9200,309.9100,309.9100
1787341726,309.9100,309.9100,309.9100,309.9100
1787341727,309.9100,309.9100,309.8800,309.8900
1787341728,309.8700,309.8800,309.8700,309.8800
1787341729,309.8500,309.8600,309.8300,309.8300
1787341730,309.8650,309.8650,309.8650,309.8650
1787341732,309.8400,309.8400,309.8400,309.8400
1787341735,309.8500,309.8500,309.8400,309.8400
1787341736,309.8400,309.8600,309.8400,309.8600
1787341737,309.8700,309.8700,309.8700,309.8700
1787341740,309.8700,309.8700,309.8700,309.8700
1787341742,309.8500,309.8500,309.8500,309.8500
1787341743,309.8600,309.8700,309.8600,309.8700
1787341745,309.8700,309.8700,309.8700,309.8700
1787341746,309.8700,309.8700,309.8600,309.8600
1787341748,309.8600,309.8600,309.8600,309.8600
1787341750,309.8600,309.8600,309.8500,309.8500
1787341757,309.8700,309.8800,309.8700,309.8800
1787341758,309.8800,309.8800,309.8800,309.8800
1787341759,309.8800,309.8800,309.8800,309.8800
1787341760,309.8700,309.8700,309.8600,309.8700
1787341761,309.8700,309.8700,309.8700,309.8700
1787341763,309.8900,309.9200,309.8900,309.9200
1787341767,309.9350,309.9400,309.9300,309.9400
1787341769,309.9300,309.9350,309.9200,309.9300
1787341770,309.9350,309.9600,309.9300,309.9600
1787341772,309.9800,309.9800,309.9800,309.9800
1787341775,309.9850,310.0200,309.9800,310.0200
1787341777,310.0300,310.0400,310.0300,310.0400
1787341779,310.0300,310.0300,310.0300,310.0300
1787341783,310.0050,310.0100,310.0000,310.0100
1787341788,310.0200,310.0200,310.0100,310.0100
1787341789,310.0200,310.0200,309.9900,309.9900
1787341790,309.9800,309.9800,309.9700,309.9700
1787341791,309.9700,310.0000,309.9700,310.0000
1787341792,310.0000,310.0500,310.0000,310.0500
1787341794,310.0200,310.0200,310.0200,310.0200
1787341795,310.0200,310.0300,310.0200,310.0250
1787341798,310.0400,310.0400,310.0400,310.0400
1787341800,310.0300,310.1000,309.9600,310.0500
1787341801,310.0500,310.0600,310.0400,310.0600
1787341802,310.0500,310.0500,310.0100,310.0100
1787341803,309.9900,310.0300,309.9900,310.0300
1787341804,310.0100,310.0100,310.0100,310.0100
1787341806,310.0150,310.0350,310.0150,310.0300
1787341807,310.0200,310.0300,310.0200,310.0300
1787341808,310.0400,310.0700,310.0400,310.0500
1787341809,310.0300,310.0400,310.0300,310.0300
1787341810,310.0300,310.0300,309.9900,310.0200
1787341811,310.0150,310.0150,310.0100,310.0100
1787341812,310.0000,310.0200,310.0000,310.0200
1787341813,310.0200,310.0200,310.0200,310.0200
1787341815,310.0100,310.0100,310.0050,310.0100
1787341816,310.0100,310.0100,310.0000,310.0000
1787341819,310.0000,310.0000,309.9900,309.9900
1787341820,309.9900,310.0100,309.9600,309.9600
1787341821,309.9600,309.9600,309.9200,309.9200
1787341823,309.9200,309.9200,309.9000,309.9100
1787341824,309.9100,309.9100,309.9100,309.9100
1787341826,309.9300,309.9500,309.9300,309.9500
1787341828,309.9500,309.9500,309.9400,309.9400
1787341832,309.9500,309.9700,309.9500,309.9700
1787341835,309.9700,309.9700,309.9700,309.9700
1787341836,309.9700,309.9700,309.9700,309.9700
1787341837,309.9700,309.9800,309.9600,309.9800
1787341839,309.9650,309.9650,309.9650,309.9650
1787341840,309.9600,309.9600,309.9600,309.9600
1787341841,309.9650,309.9900,309.9650,309.9800
1787341842,309.9900,310.0000,309.9900,310.0000
1787341843,310.0000,310.0000,310.0000,310.0000
1787341844,310.0000,310.0000,310.0000,310.0000
1787341845,310.0000,310.0100,309.9900,309.9950
1787341846,309.9900,309.9900,309.9300,309.9700
1787341847,309.9800,309.9800,309.9800,309.9800
1787341848,309.9700,309.9700,309.9500,309.9500
1787341849,309.9700,309.9700,309.9700,309.9700
1787341851,309.9500,309.9500,309.9400,309.9400
1787341852,309.9400,309.9400,309.9300,309.9400
1787341853,309.9350,309.9350,309.9350,309.9350
1787341855,309.9350,309.9500,309.9350,309.9500
1787341856,309.9350,309.9350,309.9350,309.9350
1787341857,309.9300,309.9300,309.9200,309.9300
1787341858,309.9100,309.9100,309.9100,309.9100
1787341860,309.9300,309.9400,309.9300,309.9400
1787341861,309.9400,309.9400,309.9300,309.9350
1787341863,309.9500,309.9500,309.9450,309.9450
1787341865,309.9400,309.9400,309.8800,309.8850
1787341866,309.8900,309.8900,309.8900,309.8900
1787341868,309.8800,309.8900,309.8500,309.8900
1787341869,309.8800,309.8800,309.8400,309.8400
1787341870,309.8550,309.8800,309.8400,309.8600
1787341873,309.8800,309.8900,309.8800,309.8900
1787341874,309.8900,309.8900,309.8900,309.8900
1787341875,309.8800,309.8800,309.8800,309.8800
1787341876,309.8800,309.8800,309.8700,309.8700
1787341879,309.8750,309.8750,309.8700,309.8750
1787341881,309.8800,309.9000,309.8800,309.8900
1787341882,309.9000,309.9100,309.9000,309.9100
1787341883,309.9100,309.9100,309.9000,309.9000
1787341884,309.9000,309.9000,309.9000,309.9000
1787341885,309.8700,309.8750,309.8700,309.8750
1787341886,309.8900,309.8900,309.8900,309.8900
1787341888,309.9100,309.9100,309.9100,309.9100
1787341889,309.9200,309.9200,309.9100,309.9100
1787341890,309.9100,309.9100,309.9100,309.9100
1787341892,309.9100,309.9100,309.9100,309.9100
1787341893,309.9050,309.9050,309.9050,309.9050
1787341895,309.9100,309.9100,309.9100,309.9100
1787341896,309.9000,309.9000,309.8800,309.8800
1787341900,309.8700,309.8700,309.8300,309.8300
1787341904,309.8500,309.8500,309.8500,309.8500
1787341905,309.8500,309.8600,309.8500,309.8550
1787341906,309.8700,309.8700,309.8600,309.8600
1787341907,309.8600,309.8600,309.8600,309.8600
1787341908,309.8600,309.8600,309.8600,309.8600
1787341909,309.8600,309.8600,309.8600,309.8600
1787341910,309.8700,309.8700,309.8700,309.8700
1787341911,309.8700,309.9000,309.8700,309.9000
1787341912,309.9000,309.9000,309.9000,309.9000
1787341913,309.8950,309.8950,309.8900,309.8900
1787341914,309.8900,309.8900,309.8800,309.8800
1787341915,309.8800,309.8800,309.8800,309.8800
1787341916,309.8700,309.8700,309.8500,309.8600
1787341917,309.8600,309.8600,309.8500,309.8500
1787341918,309.8600,309.8600,309.8600,309.8600
1787341919,309.8700,309.8700,309.8600,309.8600
1787341920,309.8600,309.8700,309.8600,309.8700
1787341921,309.8800,309.8800,309.8800,309.8800
1787341922,309.8800,309.8900,309.8800,309.8900
1787341923,309.9000,309.9100,309.9000,309.9100
1787341927,309.9100,309.9100,309.9000,309.9000
1787341928,309.9000,309.9000,309.9000,309.9000
1787341929,309.8900,309.8900,309.8600,309.8600
1787341930,309.8800,309.8900,309.8800,309.8900
1787341932,309.9000,309.9100,309.9000,309.9100
1787341933,309.9000,309.9300,309.9000,309.9300
1787341935,309.9400,309.9400,309.9300,309.9350
1787341937,309.9300,309.9300,309.9300,309.9300
1787341938,309.9200,309.9250,309.9200,309.9200
1787341939,309.9300,309.9300,309.9300,309.9300
1787341940,309.9100,309.9600,309.9100,309.9400
1787341943,309.9300,309.9450,309.9300,309.9400
1787341944,309.9450,309.9600,309.9450,309.9600
1787341945,309.9500,309.9500,309.9500,309.9500
1787341948,309.9500,309.9500,309.9400,309.9400
1787341949,309.9400,309.9400,309.9400,309.9400
1787341951,309.9300,309.9300,309.9300,309.9300
1787341954,309.9350,309.9400,309.9350,309.9400
1787341955,309.9500,309.9700,309.9500,309.9700
1787341956,309.9500,309.9500,309.9500,309.9500
1787341957,309.9400,309.9400,309.9300,309.9300
1787341960,309.9450,309.9450,309.9450,309.9450
1787341963,309.9450,309.9450,309.9450,309.9450
1787341966,309.9500,309.9500,309.9500,309.9500
1787341967,309.9400,309.9400,309.9400,309.9400
1787341970,309.9400,309.9400,309.8500,309.8500
1787341971,309.8600,309.8600,309.8400,309.8400
1787341972,309.8400,309.8400,309.8400,309.8400
1787341973,309.8400,309.8600,309.8400,309.8600
1787341974,309.8650,309.8650,309.8500,309.8500
1787341975,309.8650,309.8700,309.8600,309.8700
1787341977,309.8700,309.8800,309.8700,309.8800
1787341978,309.8700,309.8800,309.8700,309.8800
1787341981,309.8850,309.8900,309.8850,309.8900
1787341982,309.8800,309.8800,309.8300,309.8400
1787341983,309.8300,309.8350,309.8300,309.8350
1787341984,309.8400,309.8400,309.8200,309.8200
1787341985,309.8250,309.8300,309.8100,309.8100
1787341986,309.8300,309.8300,309.8200,309.8200
1787341988,309.8300,309.8400,309.8300,309.8400
1787341989,309.8400,309.8500,309.8400,309.8500
1787341990,309.8600,309.8800,309.8500,309.8700
1787341991,309.8750,309.8900,309.8750,309.8900
1787341992,309.9000,309.9000,309.9000,309.9000
1787341993,309.9000,309.9000,309.8950,309.9000
1787341995,309.9000,309.9000,309.8900,309.8900
1787341996,309.8800,309.8800,309.8800,309.8800
1787341997,309.8850,309.8850,309.8850,309.8850
1787341998,309.8800,309.8800,309.8800,309.8800
1787341999,309.8900,309.8900,309.8900,309.8900
1787342000,309.9000,309.9000,309.8900,309.8900
1787342001,309.9100,309.9200,309.9100,309.9200
1787342002,309.9200,309.9300,309.9100,309.9150
1787342003,309.9300,309.9400,309.9300,309.9400
1787342004,309.9400,309.9600,309.9400,309.9600
1787342005,309.9400,309.9600,309.9300,309.9300
1787342006,309.9300,309.9300,309.9300,309.9300
1787342007,309.9200,309.9200,309.9200,309.9200
1787342009,309.9100,309.9200,309.9100,309.9200
1787342010,309.9100,309.9100,309.9000,309.9000
1787342011,309.8900,309.9000,309.8900,309.9000
1787342012,309.9100,309.9100,309.9100,309.9100
1787342013,309.9200,309.9200,309.9200,309.9200
1787342014,309.9200,309.9200,309.9100,309.9100
1787342015,309.9300,309.9600,309.9300,309.9600
1787342016,309.9500,309.9500,309.9500,309.9500
1787342018,309.9500,309.9600,309.9500,309.9600
1787342020,309.9500,309.9700,309.9400,309.9700
1787342021,309.9650,309.9650,309.9650,309.9650
1787342022,309.9800,310.0000,309.9800,310.0000
1787342023,310.0000,310.0300,310.0000,310.0300
1787342024,310.0350,310.0350,310.0350,310.0350
1787342025,310.0300,310.0300,310.0100,310.0100
1787342029,310.0200,310.0200,310.0200,310.0200
1787342030,310.0300,310.0300,310.0200,310.0200
1787342031,310.0200,310.0200,310.0000,310.0000
1787342032,309.9900,310.0000,309.9900,310.0000
1787342035,310.0000,310.0100,310.0000,310.0100
1787342037,309.9950,309.9950,309.9950,309.9950
1787342038,310.0000,310.0000,309.9900,309.9900
1787342039,310.0000,310.0000,309.9900,309.9900
1787342040,309.9950,310.0400,309.9900,310.0400
1787342041,310.0500,310.0500,310.0500,310.0500
1787342042,310.0600,310.0700,310.0600,310.0700
1787342043,310.0800,310.0900,310.0600,310.0800
1787342044,310.0700,310.0900,310.0700,310.0850
1787342045,310.1000,310.1400,310.1000,310.1250
1787342046,310.1250,310.1250,310.1100,310.1200
1787342047,310.1150,310.1150,310.1100,310.1100
1787342048,310.1100,310.1200,310.1000,310.1000
1787342049,310.1100,310.1100,310.1100,310.1100
1787342050,310.1300,310.1800,310.1200,310.1200
1787342051,310.1100,310.1200,310.1000,310.1200
1787342052,310.1400,310.1400,310.1400,310.1400
1787342053,310.1400,310.1700,310.1400,310.1700
1787342054,310.1700,310.1700,310.1700,310.1700
1787342055,310.1700,310.1700,310.1600,310.1600
1787342056,310.1600,310.1700,310.1600,310.1700
1787342057,310.1700,310.1700,310.1700,310.1700
1787342058,310.1700,310.1700,310.1600,310.1600
1787342059,310.1700,310.1700,310.1700,310.1700
1787342060,310.1700,310.1700,310.1500,310.1500
1787342061,310.1500,310.1500,310.1400,310.1400
1787342062,310.1400,310.1600,310.1400,310.1600
1787342064,310.1500,310.1600,310.1500,310.1500
1787342066,310.1550,310.1550,310.1550,310.1550
1787342067,310.1500,310.1500,310.1450,310.1450
1787342069,310.1500,310.1500,310.1450,310.1450
1787342070,310.1400,310.1500,310.1100,310.1300
1787342071,310.1300,310.1300,310.1100,310.1100
1787342072,310.1100,310.1100,310.0800,310.1000
1787342074,310.0750,310.0750,310.0750,310.0750
1787342075,310.0700,310.0800,310.0700,310.0700
1787342076,310.0600,310.0600,310.0600,310.0600
1787342077,310.0500,310.0700,310.0500,310.0700
1787342078,310.0700,310.0750,310.0600,310.0600
1787342079,310.0600,310.0650,310.0600,310.0650
1787342080,310.0800,310.0800,309.9700,309.9700
1787342081,309.9800,309.9900,309.9700,309.9800
1787342082,309.9800,309.9850,309.9700,309.9850
1787342083,309.9900,310.0300,309.9850,310.0300
1787342084,310.0200,310.0250,310.0200,310.0250
1787342085,310.0200,310.0200,310.0000,310.0000
1787342088,310.0000,310.0000,309.9800,310.0000
1787342089,310.0000,310.0000,310.0000,310.0000
1787342090,310.0000,310.0000,309.8200,309.9900
1787342091,310.0100,310.0100,309.9900,310.0000
1787342092,310.0050,310.0200,310.0050,310.0100
1787342093,310.0100,310.0100,310.0100,310.0100
1787342094,310.0000,310.0100,310.0000,310.0100
1787342095,310.0200,310.0200,310.0100,310.0100
1787342096,310.0200,310.0400,310.0200,310.0400
1787342098,310.0100,310.0100,309.9550,309.9550
1787342100,309.9500,309.9500,309.2700,309.4100
1787342101,309.4200,309.4800,309.3500,309.4300
1787342102,309.4350,309.4600,309.3500,309.3700
1787342103,309.3500,309.4000,309.3500,309.3700
1787342104,309.3700,309.4000,309.3700,309.3800
1787342105,309.3700,309.3800,309.3200,309.3200
1787342106,309.3300,309.3700,309.3300,309.3400
1787342107,309.3300,309.3900,309.3200,309.3400
1787342108,309.3300,309.3300,309.2800,309.3100
1787342109,309.2700,309.3000,309.2700,309.2900
1787342110,309.2800,309.3000,309.2400,309.2500
1787342111,309.2500,309.2600,309.2100,309.2300
1787342112,309.2200,309.2200,309.1900,309.1900
1787342113,309.1750,309.2300,309.1600,309.2200
1787342114,309.2100,309.2700,309.2100,309.2700
1787342115,309.2700,309.2900,309.2600,309.2800
1787342116,309.2750,309.3300,309.2750,309.3250
1787342117,309.3250,309.3300,309.3200,309.3300
1787342118,309.3400,309.3900,309.3400,309.3900
1787342119,309.3800,309.3900,309.3800,309.3900
1787342120,309.3950,309.4000,309.3950,309.4000
1787342122,309.3950,309.4400,309.3950,309.4400
1787342123,309.4400,309.4700,309.4400,309.4700
1787342124,309.4850,309.5000,309.4700,309.4700
1787342125,309.4700,309.4900,309.4700,309.4900
1787342126,309.4900,309.5000,309.4900,309.5000
1787342127,309.5000,309.5100,309.5000,309.5100
1787342128,309.5100,309.5800,309.5100,309.5800
1787342129,309.6000,309.6300,309.6000,309.6300
1787342130,309.6200,309.6200,309.5900,309.5900
1787342131,309.5900,309.6000,309.5800,309.6000
1787342132,309.5900,309.5900,309.5700,309.5750
1787342133,309.5750,309.5750,309.5600,309.5600
1787342134,309.5600,309.5800,309.5600,309.5800
1787342135,309.5900,309.6800,309.5900,309.6800
1787342136,309.6700,309.6700,309.6600,309.6600
1787342137,309.6700,309.6700,309.6600,309.6700
1787342138,309.6600,309.6600,309.6600,309.6600
1787342139,309.6600,309.7300,309.6600,309.7300
1787342140,309.7300,309.7700,309.7300,309.7500
1787342142,309.7400,309.7500,309.7300,309.7300
1787342143,309.7400,309.7400,309.7400,309.7400
1787342144,309.7200,309.7300,309.7200,309.7250
1787342145,309.7200,309.7300,309.7200,309.7300
1787342146,309.7300,309.7300,309.7100,309.7100
1787342147,309.7100,309.7100,309.7100,309.7100
1787342148,309.7100,309.7100,309.7000,309.7000
1787342149,309.7000,309.7200,309.7000,309.7200
1787342150,309.7050,309.7200,309.7050,309.7100
1787342151,309.7100,309.7200,309.7100,309.7200
1787342152,309.7200,309.7200,309.7150,309.7150
1787342153,309.7150,309.7200,309.7000,309.7000
1787342154,309.7050,309.7050,309.7000,309.7000
1787342155,309.7000,309.7100,309.7000,309.7100
1787342156,309.7200,309.7200,309.7150,309.7150
1787342157,309.7200,309.7200,309.7150,309.7150
1787342158,309.7150,309.7150,309.6750,309.6750
1787342159,309.6750,309.6750,309.6700,309.6700
1787342160,309.6700,309.6800,309.6600,309.6650
1787342161,309.6650,309.6650,309.6650,309.6650
1787342162,309.6650,309.7800,309.6650,309.7700
1787342164,309.7800,309.7800,309.7700,309.7700
1787342165,309.7700,309.7700,309.7550,309.7550
1787342166,309.7550,309.7550,309.7550,309.7550
1787342167,309.7700,309.7900,309.7600,309.7850
1787342168,309.7900,309.7900,309.7900,309.7900
1787342169,309.8000,309.8200,309.8000,309.8200
1787342170,309.8200,309.8200,309.8100,309.8100
1787342173,309.8000,309.8000,309.8000,309.8000
1787342174,309.7900,309.7900,309.7800,309.7800
1787342175,309.7700,309.7700,309.7550,309.7650
1787342176,309.7700,309.7800,309.7650,309.7750
1787342177,309.7750,309.7800,309.7750,309.7750
1787342178,309.7750,309.8000,309.7750,309.8000
1787342179,309.8100,309.8300,309.8100,309.8100
1787342180,309.8100,309.8100,309.8000,309.8000
1787342181,309.7900,309.8000,309.7900,309.8000
1787342182,309.8000,309.8000,309.7800,309.7800
1787342183,309.7850,309.7900,309.7850,309.7850
1787342184,309.7850,309.7900,309.7850,309.7900
1787342185,309.7800,309.7800,309.7700,309.7800
1787342186,309.7800,309.8200,309.7800,309.8200
1787342187,309.8300,309.8300,309.8200,309.8200
1787342188,309.8300,309.8300,309.8250,309.8300
1787342189,309.8300,309.8700,309.8300,309.8600
1787342190,309.8600,309.8850,309.8600,309.8850
1787342191,309.8850,309.8850,309.8850,309.8850
1787342192,309.8850,309.8850,309.8850,309.8850
1787342193,309.8800,309.8800,309.8600,309.8600
1787342194,309.8500,309.8500,309.8400,309.8500
1787342195,309.8500,309.9000,309.8500,309.9000
1787342196,309.9000,309.9300,309.9000,309.9100
1787342197,309.9100,309.9100,309.9100,309.9100
1787342198,309.9050,309.9300,309.9050,309.9300
1787342199,309.9250,309.9300,309.9200,309.9300
1787342200,309.9100,309.9200,309.9100,309.9200
1787342202,309.9100,309.9200,309.9100,309.9200
1787342203,309.9200,309.9300,309.9200,309.9200
1787342204,309.9200,309.9300,309.9150,309.9200
1787342205,309.9150,309.9150,309.9000,309.9100
1787342206,309.9100,309.9100,309.9100,309.9100
1787342207,309.9200,309.9300,309.9100,309.9300
1787342208,309.9100,309.9100,309.9000,309.9000
1787342209,309.9050,309.9300,309.8800,309.8900
1787342210,309.8800,309.8800,309.8500,309.8600
1787342211,309.8600,309.8700,309.8600,309.8600
1787342212,309.8600,309.8650,309.8600,309.8650
1787342213,309.8700,309.8800,309.8700,309.8800
1787342214,309.8700,309.8700,309.8700,309.8700
1787342215,309.8700,309.8700,309.8450,309.8450
1787342216,309.8400,309.8400,309.8150,309.8250
1787342217,309.8250,309.8350,309.8250,309.8300
1787342219,309.8350,309.8350,309.8300,309.8300
1787342220,309.8350,309.8400,309.8200,309.8300
1787342221,309.8350,309.8350,309.8350,309.8350
1787342222,309.8350,309.8350,309.8350,309.8350
1787342223,309.8300,309.8300,309.7950,309.8100
1787342224,309.8150,309.8150,309.8000,309.8000
1787342225,309.8000,309.8050,309.7900,309.7900
1787342226,309.7800,309.7900,309.7700,309.7700
1787342227,309.7600,309.7600,309.7300,309.7300
1787342228,309.7300,309.7400,309.7300,309.7400
1787342229,309.7400,309.7800,309.7400,309.7800
1787342231,309.7900,309.8000,309.7900,309.8000
1787342232,309.8050,309.8050,309.8000,309.8050
1787342233,309.8050,309.8050,309.7950,309.7950
1787342234,309.8000,309.8000,309.7800,309.7800
1787342235,309.7800,309.7800,309.7700,309.7800
1787342236,309.7800,309.7900,309.7800,309.7900
1787342237,309.7950,309.7950,309.7800,309.7850
1787342238,309.7850,309.8100,309.7850,309.8100
1787342239,309.8100,309.8100,309.8100,309.8100
1787342240,309.8050,309.8050,309.8000,309.8000
1787342241,309.8000,309.8000,309.8000,309.8000
1787342242,309.8000,309.8000,309.8000,309.8000
1787342243,309.8000,309.8200,309.8000,309.8100
1787342244,309.8100,309.8100,309.7900,309.7900
1787342245,309.7900,309.7900,309.7800,309.7800
1787342246,309.7800,309.7900,309.7800,309.7850
1787342247,309.7900,309.7900,309.7700,309.7800
1787342248,309.7650,309.7800,309.7650,309.7800
1787342249,309.7800,309.7900,309.7800,309.7900
1787342250,309.7900,309.8400,309.7900,309.8300
1787342251,309.8200,309.8200,309.8000,309.8000
1787342252,309.8000,309.8350,309.8000,309.8350
1787342253,309.8350,309.8400,309.8200,309.8350
1787342254,309.8300,309.8500,309.8300,309.8400
1787342255,309.8400,309.8450,309.8400,309.8450
1787342256,309.8400,309.8400,309.8050,309.8300
1787342257,309.8300,309.8800,309.8200,309.8800
1787342258,309.8900,309.9400,309.8900,309.9100
1787342259,309.9300,309.9400,309.9300,309.9400
1787342260,309.9450,309.9450,309.9300,309.9300
1787342261,309.9300,309.9300,309.9000,309.9150
1787342262,309.9100,309.9100,309.9000,309.9100
1787342263,309.9050,309.9100,309.9000,309.9000
1787342264,309.8900,309.8900,309.8400,309.8400
1787342265,309.8300,309.8500,309.8200,309.8500
1787342266,309.8600,309.8900,309.8600,309.8900
1787342267,309.9000,309.9000,309.8800,309.8800
1787342268,309.8800,309.8800,309.8700,309.8700
1787342269,309.8600,309.8600,309.8300,309.8300
1787342270,309.8300,309.8400,309.8200,309.8400
1787342271,309.8400,309.8600,309.8400,309.8500
1787342272,309.8600,309.8700,309.8550,309.8600
1787342273,309.8500,309.8500,309.8100,309.8300
1787342274,309.8100,309.8200,309.8100,309.8100
1787342275,309.8100,309.8100,309.7500,309.7500
1787342276,309.7650,309.7700,309.7500,309.7650
1787342277,309.7650,309.7800,309.7650,309.7800
1787342278,309.7800,309.7800,309.7500,309.7500
1787342279,309.7400,309.7400,309.7000,309.7000
1787342280,309.7000,309.7100,309.6800,309.7050
1787342281,309.7050,309.7250,309.6800,309.7250
1787342282,309.7200,309.7300,309.7000,309.7300
1787342283,309.7200,309.7600,309.7000,309.7600
1787342284,309.7500,309.7600,309.7300,309.7600
1787342285,309.7500,309.7700,309.7300,309.7700
1787342286,309.7700,309.7700,309.7400,309.7600
1787342287,309.7600,309.7700,309.7200,309.7700
1787342288,309.7600,309.7800,309.7400,309.7800
1787342289,309.7650,309.7650,309.7400,309.7500
1787342290,309.7500,309.7550,309.7300,309.7500
1787342291,309.7400,309.7400,309.7200,309.7400
1787342292,309.7400,309.7500,309.7200,309.7500
1787342293,309.7400,309.8000,309.7400,309.8000
1787342294,309.8000,309.8100,309.7700,309.8000
1787342295,309.7900,309.8100,309.7700,309.8100
1787342296,309.8000,309.8100,309.7900,309.8000
1787342297,309.7900,309.8000,309.7700,309.7900
1787342298,309.7900,309.7900,309.7900,309.7900
1787342299,309.7900,309.7900,309.7850,309.7900
1787342300,309.7900,309.7950,309.7800,309.7950
1787342301,309.7950,309.8000,309.7900,309.8000
1787342302,309.7900,309.8000,309.7900,309.7950
1787342303,309.7950,309.8000,309.7900,309.8000
1787342304,309.7950,309.7950,309.7900,309.7900
1787342305,309.7900,309.7900,309.7600,309.7600
1787342306,309.7500,309.7700,309.7500,309.7600
1787342307,309.7600,309.7650,309.7250,309.7300
1787342308,309.7300,309.7400,309.7300,309.7400
1787342309,309.7400,309.7600,309.7400,309.7600
1787342310,309.7550,309.7550,309.7450,309.7450
1787342311,309.7400,309.7400,309.7300,309.7350
1787342312,309.7350,309.7400,309.7300,309.7350
1787342313,309.7350,309.7800,309.7350,309.7800
1787342314,309.7700,309.7700,309.7700,309.7700
1787342315,309.7750,309.7800,309.7700,309.7800
1787342316,309.7800,309.7800,309.7800,309.7800
1787342317,309.7850,309.7900,309.7800,309.7900
1787342318,309.8000,309.8000,309.7900,309.8000
1787342319,309.8100,309.8100,309.8100,309.8100
1787342320,309.8100,309.8100,309.8100,309.8100
1787342321,309.8100,309.8100,309.8000,309.8050
1787342322,309.8050,309.8150,309.8050,309.8150
1787342323,309.8150,309.8150,309.8000,309.8000
1787342324,309.8000,309.8050,309.8000,309.8000
1787342325,309.8000,309.8000,309.7700,309.7800
1787342326,309.7900,309.8000,309.7900,309.8000
1787342327,309.8000,309.8000,309.7900,309.8000
1787342328,309.8000,309.8000,309.8000,309.8000
1787342329,309.7900,309.8000,309.7900,309.8000
1787342330,309.8000,309.8000,309.8000,309.8000
1787342331,309.7900,309.7950,309.7800,309.7800
1787342332,309.7700,309.7800,309.7700,309.7750
1787342333,309.7750,309.7750,309.7700,309.7700
1787342334,309.7700,309.7750,309.7700,309.7700
1787342335,309.7750,309.7800,309.7700,309.7800
1787342336,309.7800,309.8100,309.7800,309.8100
1787342337,309.8100,309.8100,309.8100,309.8100
1787342338,309.8000,309.8100,309.8000,309.8050
1787342339,309.8050,309.8050,309.7900,309.8000
1787342340,309.7800,309.8100,309.7500,309.7500
1787342341,309.7450,309.7500,309.7100,309.7300
1787342342,309.7200,309.7400,309.7100,309.7400
1787342343,309.7300,309.7400,309.7300,309.7400
1787342344,309.7400,309.7400,309.7400,309.7400
1787342345,309.7400,309.7550,309.7100,309.7550
1787342346,309.7600,309.8000,309.7550,309.7700
1787342347,309.7600,309.7600,309.7600,309.7600
1787342348,309.7600,309.7600,309.7200,309.7200
1787342349,309.7350,309.7400,309.7100,309.7300
1787342350,309.7300,309.7350,309.7200,309.7300
1787342351,309.7350,309.7350,309.7200,309.7200
1787342352,309.7200,309.7200,309.7100,309.7100
1787342353,309.7150,309.7400,309.7100,309.7300
1787342354,309.7300,309.7400,309.7200,309.7400
1787342355,309.7400,309.7400,309.7300,309.7300
1787342356,309.7300,309.7300,309.7100,309.7200
1787342357,309.7300,309.7400,309.7200,309.7350
1787342358,309.7350,309.7500,309.7350,309.7500
1787342359,309.7400,309.8000,309.7400,309.8000
1787342360,309.7900,309.7900,309.7600,309.7800
1787342361,309.7750,309.7800,309.7500,309.7700
1787342362,309.7700,309.7800,309.7500,309.7700
1787342363,309.7700,309.7700,309.7500,309.7700
1787342364,309.7700,309.7900,309.7600,309.7800
1787342365,309.7750,309.7900,309.7600,309.7800
1787342366,309.7800,309.8200,309.7700,309.8000
1787342367,309.8000,309.8050,309.7600,309.8000
1787342368,309.7900,309.8000,309.7800,309.7850
1787342369,309.7850,309.7850,309.7600,309.7700
1787342370,309.7700,309.7700,309.7400,309.7400
1787342371,309.7400,309.7400,309.6800,309.6900
1787342372,309.6800,309.6800,309.5900,309.6000
1787342373,309.5900,309.6000,309.5800,309.6000
1787342374,309.6000,309.6000,309.5800,309.5900
1787342375,309.5800,309.5900,309.5600,309.5700
1787342376,309.5700,309.5900,309.5500,309.5850
1787342377,309.5800,309.5800,309.5500,309.5650
1787342378,309.5650,309.5650,309.5600,309.5650
1787342379,309.5600,309.5800,309.5600,309.5800
1787342380,309.5700,309.5800,309.4600,309.4600
1787342381,309.4650,309.4650,309.4300,309.4600
1787342382,309.4500,309.4500,309.4200,309.4300
1787342383,309.4300,309.4300,309.4200,309.4250
1787342384,309.4250,309.4250,309.3700,309.3700
1787342385,309.3600,309.3700,309.3500,309.3550
1787342386,309.3550,309.3600,309.3300,309.3600
1787342387,309.3400,309.3400,309.2700,309.3100
1787342388,309.3000,309.3200,309.2800,309.3000
1787342389,309.2900,309.2900,309.2700,309.2700
1787342390,309.2700,309.2700,309.2000,309.2000
1787342391,309.2000,309.2100,309.1800,309.1950
1787342392,309.1900,309.1950,309.1800,309.1800
1787342393,309.1800,309.2100,309.1800,309.2050
1787342394,309.2000,309.2200,309.1800,309.1900
1787342395,309.1900,309.2900,309.1800,309.1800
1787342396,309.1900,309.2700,309.1800,309.2700
1787342397,309.2500,309.2500,309.1900,309.2200
1787342398,309.2300,309.3700,309.2300,309.2700
1787342399,309.2700,309.4300,309.2700,309.4200
