ts,o,h,l,c
1788355800,254.3500,254.5000,254.0800,254.5000
1788355801,254.4100,254.9200,254.3100,254.4600
1788355802,254.5600,254.8100,254.3300,254.3300
1788355803,254.3200,254.3900,254.0000,254.0900
1788355804,254.0300,254.0300,253.6900,253.7800
1788355805,253.6900,253.7000,253.5800,253.6200
1788355806,253.6200,253.6200,253.6000,253.6000
1788355807,253.6300,253.7700,253.5800,253.6300
1788355808,253.6700,253.6800,253.5500,253.5500
1788355810,253.5800,253.5800,253.4900,253.5800
1788355812,253.5800,253.5800,253.4800,253.4800
1788355813,253.5600,253.5800,253.5600,253.5800
1788355815,253.5500,253.5500,253.4300,253.4700
1788355816,253.4200,253.6400,253.4000,253.5100
1788355818,253.5000,253.5000,253.4700,253.4700
1788355819,253.5050,253.5500,253.5050,253.5100
1788355820,253.5050,253.5050,253.4400,253.4400
1788355821,253.4900,253.6000,253.4900,253.6000
1788355822,253.6200,253.6300,253.5200,253.5200
1788355824,253.6200,253.7500,253.6200,253.7500
1788355826,253.7700,253.8300,253.7600,253.7800
1788355827,253.7450,253.7450,253.7450,253.7450
1788355829,253.6600,253.6850,253.6500,253.6850
1788355830,253.7300,253.8100,253.7100,253.8100
1788355832,253.8800,253.9400,253.8800,253.9400
1788355833,253.9150,253.9150,253.9150,253.9150
1788355834,253.9400,253.9900,253.9400,253.9900
1788355837,253.9300,253.9300,253.8300,253.8300
1788355838,253.8100,253.8100,253.7650,253.7650
1788355840,253.7400,253.7600,253.7400,253.7600
1788355842,253.7400,253.7400,253.7400,253.7400
1788355843,253.7600,253.7600,253.7600,253.7600
1788355845,253.6600,253.6800,253.6500,253.6800
1788355847,253.6700,253.6700,253.6700,253.6700
1788355848,253.6800,253.6800,253.6400,253.6700
1788355849,253.7150,253.7150,253.6800,253.6800
1788355850,253.6700,253.7600,253.6600,253.7400
1788355853,253.6800,253.6800,253.5600,253.5600
1788355855,253.5600,253.6100,253.5600,253.6100
1788355856,253.6100,253.6200,253.6100,253.6200
1788355859,253.5200,253.5200,253.5200,253.5200
1788355860,253.5100,253.5400,253.4900,253.5000
1788355861,253.5600,253.6000,253.5400,253.5400
1788355862,253.6200,253.6200,253.5100,253.5100
1788355863,253.4400,253.4400,253.4400,253.4400
1788355864,253.4400,253.4400,253.4400,253.4400
1788355865,253.4900,253.4900,253.4900,253.4900
1788355866,253.5100,253.5100,253.4500,253.4500
1788355867,253.4450,253.5200,253.4450,253.5200
1788355868,253.5700,253.6800,253.5700,253.6800
1788355869,253.6900,253.7100,253.6900,253.7100
1788355870,253.7100,253.7100,253.7100,253.7100
1788355872,253.6750,253.6750,253.6750,253.6750
1788355873,253.6700,253.6900,253.6700,253.6750
1788355875,253.6750,253.6750,253.6700,253.6700
1788355876,253.6700,253.6700,253.6700,253.6700
1788355877,253.6700,253.6700,253.6700,253.6700
1788355878,253.5900,253.6400,253.5200,253.5200
1788355879,253.5000,253.5000,253.5000,253.5000
1788355880,253.5300,253.5500,253.5300,253.5500
1788355881,253.5500,253.5500,253.5500,253.5500
1788355882,253.5100,253.5100,253.5100,253.5100
1788355883,253.5800,253.7600,253.5800,253.7500
1788355884,253.7400,253.7800,253.7300,253.7800
1788355885,253.7900,253.7900,253.7900,253.7900
1788355887,253.6900,253.6900,253.6900,253.6900
1788355889,253.7050,253.7050,253.7050,253.7050
1788355890,253.7050,253.7050,253.7050,253.7050
1788355891,253.7500,253.7700,253.7500,253.7550
1788355892,253.7400,253.7400,253.7400,253.7400
1788355893,253.7500,253.7500,253.7500,253.7500
1788355894,253.7000,253.7400,253.6900,253.7400
1788355897,253.7400,253.7900,253.7400,253.7900
1788355898,253.8000,253.8000,253.7500,253.7500
1788355900,253.7300,253.7300,253.7300,253.7300
1788355902,253.7800,253.7900,253.7500,253.7800
1788355903,253.8000,253.8000,253.8000,253.8000
1788355904,253.8000,253.8700,253.8000,253.8700
1788355905,253.8900,253.8900,253.8900,253.8900
1788355906,253.8900,253.9700,253.8700,253.9100
1788355908,253.8000,253.8850,253.8000,253.8850
1788355910,253.7500,253.7500,253.7400,253.7400
1788355911,253.7300,253.7300,253.6100,253.6300
1788355912,253.7000,253.7300,253.7000,253.7300
1788355913,253.7600,253.8000,253.7600,253.8000
1788355917,253.8300,253.9500,253.8300,253.9500
1788355918,253.9000,253.9000,253.8800,253.9000
1788355919,253.8900,253.8900,253.8900,253.8900
1788355920,253.9000,253.9000,253.8700,253.8700
1788355921,253.8700,253.8700,253.7300,253.7500
1788355922,253.7000,253.7000,253.5450,253.5600
1788355925,253.5900,253.5900,253.5900,253.5900
1788355926,253.6200,253.6900,253.6200,253.6900
1788355927,253.7100,253.7400,253.7000,253.7400
1788355929,253.7450,253.7450,253.7300,253.7300
1788355931,253.6700,253.6700,253.6400,253.6500
1788355932,253.6300,253.6500,253.6100,253.6500
1788355933,253.6000,253.6300,253.6000,253.6300
1788355934,253.6000,253.6000,253.6000,253.6000
1788355935,253.6300,253.6300,253.6300,253.6300
1788355936,253.6300,253.6800,253.6300,253.6800
1788355937,253.7100,253.7300,253.7100,253.7300
1788355938,253.7600,253.8100,253.7600,253.8100
1788355939,253.8000,253.8000,253.8000,253.8000
1788355941,253.7750,253.7750,253.7750,253.7750
1788355944,253.7200,253.7200,253.6900,253.6900
1788355945,253.7000,253.7200,253.7000,253.7200
1788355948,253.6800,253.6800,253.6200,253.6200
1788355949,253.6600,253.6600,253.6600,253.6600
1788355953,253.6650,253.7200,253.6650,253.6800
1788355957,253.6600,253.6600,253.6600,253.6600
1788355959,253.6100,253.6300,253.5700,253.5700
1788355960,253.5800,253.6400,253.5800,253.6400
1788355961,253.6000,253.6400,253.6000,253.6200
1788355962,253.6700,253.6700,253.6700,253.6700
1788355963,253.6400,253.6800,253.6400,253.6800
1788355964,253.7000,253.7100,253.7000,253.7100
1788355966,253.6950,253.6950,253.6950,253.6950
1788355967,253.7100,253.8600,253.7100,253.8600
1788355968,253.8200,253.8200,253.8200,253.8200
1788355969,253.8200,253.8500,253.8200,253.8500
1788355970,253.9000,253.9600,253.8000,253.9200
1788355971,253.9200,253.9200,253.9200,253.9200
1788355972,253.9800,253.9800,253.9800,253.9800
1788355973,253.9450,253.9450,253.9450,253.9450
1788355974,253.9450,253.9450,253.9450,253.9450
1788355975,253.9250,253.9500,253.9250,253.9500
1788355976,253.9900,253.9900,253.9900,253.9900
1788355977,254.0000,254.0000,254.0000,254.0000
1788355978,254.0000,254.0000,253.9000,253.9300
1788355980,253.8800,253.9600,253.8800,253.9200
1788355981,253.9300,254.0000,253.9300,254.0000
1788355982,253.9500,253.9500,253.9100,253.9100
1788355984,253.8900,254.0400,253.8900,253.9800
1788355985,253.9300,253.9300,253.9300,253.9300
1788355986,253.8700,253.8700,253.8500,253.8500
1788355988,253.8450,253.8450,253.8450,253.8450
1788355989,253.8600,253.8800,253.8600,253.8800
1788355991,253.9100,253.9300,253.9100,253.9300
1788355992,253.9300,254.0300,253.9300,254.0300
1788355994,254.0300,254.0350,254.0300,254.0350
1788355995,254.0700,254.0700,253.9800,253.9800
1788355996,254.0700,254.0700,254.0700,254.0700
1788355997,254.0900,254.1000,254.0900,254.1000
1788355998,254.0850,254.1300,254.0300,254.0300
1788356003,254.0800,254.1600,254.0800,254.1400
1788356004,254.1600,254.1700,254.1500,254.1500
1788356008,254.1800,254.1800,254.1800,254.1800
1788356009,254.1800,254.1800,254.1700,254.1800
1788356014,254.1700,254.1700,254.1700,254.1700
1788356015,254.1500,254.1900,254.1000,254.1400
1788356016,254.1800,254.1800,254.1800,254.1800
1788356017,254.1200,254.1200,254.0800,254.0800
1788356020,254.0700,254.0900,254.0700,254.0900
1788356021,254.1200,254.1400,254.1200,254.1400
1788356022,254.1200,254.1200,254.1200,254.1200
1788356024,254.0900,254.0900,254.0900,254.0900
1788356025,254.0800,254.0800,254.0800,254.0800
1788356026,254.0800,254.1200,254.0800,254.1200
1788356028,254.0900,254.0900,254.0900,254.0900
1788356032,254.0800,254.0800,254.0700,254.0800
1788356033,254.0500,254.0500,254.0500,254.0500
1788356035,254.0900,254.1300,254.0900,254.1300
1788356037,254.1600,254.1600,254.1600,254.1600
1788356038,254.1600,254.1600,254.1200,254.1200
1788356040,254.2200,254.2500,254.2200,254.2300
1788356042,254.1200,254.1200,254.0500,254.0500
1788356043,254.0500,254.0500,254.0500,254.0500
1788356044,254.0500,254.0750,254.0000,254.0400
1788356045,254.0300,254.0600,254.0000,254.0600
1788356046,254.0500,254.0500,253.9950,253.9950
1788356047,253.9400,253.9400,253.8700,253.9000
1788356048,253.9150,253.9150,253.9150,253.9150
1788356049,253.9800,253.9800,253.9100,253.9100
1788356050,253.9200,253.9200,253.9200,253.9200
1788356051,253.9200,253.9200,253.8100,253.8100
1788356052,253.8100,253.8400,253.8000,253.8400
1788356053,253.8100,253.8100,253.7500,253.7500
1788356055,253.6600,253.6600,253.6600,253.6600
1788356056,253.7000,253.7000,253.7000,253.7000
1788356059,253.7500,253.7700,253.7500,253.7700
1788356060,253.7700,253.8900,253.7700,253.8600
1788356063,253.8100,253.9500,253.8100,253.9350
1788356070,253.9250,253.9250,253.9250,253.9250
1788356072,253.9250,253.9600,253.9250,253.9600
1788356073,253.9700,253.9900,253.9650,253.9650
1788356076,253.9300,253.9300,253.9000,253.9000
1788356077,253.8700,253.8700,253.8400,253.8400
1788356078,253.8300,253.8300,253.7900,253.7900
1788356079,253.7600,253.7600,253.7150,253.7150
1788356080,253.7000,253.7200,253.7000,253.7200
1788356081,253.7000,253.7200,253.6900,253.7200
1788356082,253.7700,253.8200,253.7200,253.8200
1788356084,253.8100,253.8100,253.8100,253.8100
1788356086,253.8700,253.8700,253.8700,253.8700
1788356087,253.8800,253.8800,253.8800,253.8800
1788356089,253.9000,253.9100,253.8700,253.8700
1788356090,253.8900,253.9100,253.8900,253.9100
1788356091,253.9700,253.9700,253.9300,253.9300
1788356097,253.9100,253.9800,253.9000,253.9000
1788356099,253.9500,253.9500,253.9500,253.9500
1788356100,253.9300,253.9300,253.7200,253.7200
1788356101,253.7200,253.7200,253.7200,253.7200
1788356102,253.7900,253.7900,253.7900,253.7900
1788356103,253.7900,253.8000,253.7700,253.7700
1788356106,253.7400,253.7400,253.6700,253.6700
1788356107,253.6600,253.6900,253.6400,253.6900
1788356108,253.6300,253.6300,253.6300,253.6300
1788356111,253.6300,253.6600,253.6100,253.6600
1788356112,253.6500,253.6500,253.6500,253.6500
1788356114,253.6700,253.7300,253.6700,253.7300
1788356115,253.7800,253.7900,253.7800,253.7800
1788356116,253.7600,253.7600,253.7600,253.7600
1788356117,253.7800,253.7800,253.7800,253.7800
1788356121,253.7900,253.8200,253.7900,253.8200
1788356122,253.8200,253.8700,253.7900,253.7900
1788356123,253.8000,253.8000,253.8000,253.8000
1788356125,253.8700,253.8800,253.8700,253.8800
1788356126,253.8900,254.0000,253.8900,254.0000
1788356127,253.9900,254.0000,253.9650,254.0000
1788356128,254.0000,254.0000,254.0000,254.0000
1788356129,254.0100,254.0500,254.0100,254.0500
1788356130,254.0700,254.0700,254.0700,254.0700
1788356131,254.1300,254.1300,254.1300,254.1300
1788356132,254.1700,254.2000,254.1700,254.2000
1788356135,254.2500,254.2500,254.2500,254.2500
1788356137,254.2900,254.3000,254.2900,254.2900
1788356138,254.2900,254.4000,254.2900,254.4000
1788356139,254.3800,254.3800,254.3800,254.3800
1788356144,254.4000,254.4000,254.4000,254.4000
1788356146,254.3650,254.3650,254.3200,254.3300
1788356147,254.3300,254.3500,254.3000,254.3200
1788356149,254.3200,254.3200,254.3200,254.3200
1788356150,254.3200,254.3200,254.3200,254.3200
1788356159,254.4000,254.4300,254.4000,254.4300
1788356160,254.4000,254.4100,254.3800,254.4100
1788356161,254.3500,254.3500,254.3500,254.3500
1788356162,254.3700,254.4200,254.3700,254.4200
1788356163,254.4400,254.5200,254.4400,254.5200
1788356164,254.4650,254.4650,254.4650,254.4650
1788356167,254.4000,254.4100,254.3700,254.3700
1788356168,254.3900,254.3900,254.3900,254.3900
1788356171,254.3800,254.3800,254.1900,254.2300
1788356177,254.2300,254.2300,254.2300,254.2300
1788356178,254.1800,254.1800,254.1700,254.1800
1788356182,254.1800,254.3400,254.1800,254.3300
1788356187,254.1800,254.1800,254.1100,254.1100
1788356188,254.1400,254.1600,254.1400,254.1550
1788356190,254.2000,254.2000,254.2000,254.2000
1788356191,254.1800,254.1800,254.1700,254.1700
1788356193,254.1800,254.2300,254.1800,254.2000
1788356196,254.1900,254.1900,254.1500,254.1500
1788356199,254.2500,254.2700,254.2500,254.2700
1788356200,254.3150,254.3300,254.2700,254.3300
1788356201,254.3300,254.3300,254.3300,254.3300
1788356208,254.3300,254.4000,254.3100,254.4000
1788356209,254.3700,254.3700,254.3500,254.3500
1788356211,254.4200,254.4200,254.4100,254.4100
1788356213,254.3800,254.3800,254.3800,254.3800
1788356215,254.3300,254.3300,254.3000,254.3000
1788356217,254.2700,254.2700,254.2500,254.2500
1788356218,254.2200,254.2200,254.1800,254.1900
1788356219,254.2000,254.2000,254.2000,254.2000
1788356220,254.2200,254.2200,254.1700,254.2200
1788356221,254.2300,254.2500,254.2300,254.2500
1788356222,254.2300,254.2300,254.2300,254.2300
1788356223,254.2500,254.2500,254.2300,254.2500
1788356225,254.2100,254.2100,254.2000,254.2000
1788356227,254.1850,254.1850,254.1850,254.1850
1788356233,254.1800,254.1800,254.1500,254.1500
1788356234,254.1200,254.1500,254.1200,254.1500
1788356236,254.1800,254.1800,254.1800,254.1800
1788356238,254.1800,254.1800,254.1800,254.1800
1788356240,254.1500,254.1500,254.1500,254.1500
1788356241,254.1900,254.2000,254.1900,254.2000
1788356242,254.2100,254.2100,254.2100,254.2100
1788356243,254.2400,254.2400,254.2400,254.2400
1788356245,254.2300,254.2300,254.2300,254.2300
1788356248,254.2100,254.2500,254.2100,254.2500
1788356249,254.2600,254.2800,254.2500,254.2700
1788356250,254.2400,254.2400,254.2400,254.2400
1788356251,254.1800,254.1800,254.1800,254.1800
1788356252,254.1600,254.1600,254.1400,254.1550
1788356253,254.1000,254.1000,254.0400,254.0500
1788356254,254.0700,254.0700,254.0700,254.0700
1788356255,254.0700,254.0700,254.0700,254.0700
1788356257,254.0650,254.0650,254.0600,254.0600
1788356258,254.0200,254.0200,253.9700,253.9700
1788356259,253.9700,253.9700,253.9500,253.9600
1788356260,253.9600,253.9600,253.9300,253.9300
1788356261,253.9300,253.9600,253.9300,253.9600
1788356262,253.9100,253.9100,253.9000,253.9000
1788356263,253.8900,253.9300,253.8900,253.9300
1788356265,253.9800,254.0300,253.9800,254.0300
1788356268,254.0000,254.0000,254.0000,254.0000
1788356269,254.0000,254.0300,254.0000,254.0300
1788356270,254.0300,254.0300,254.0100,254.0100
1788356272,254.0300,254.0500,254.0300,254.0500
1788356273,254.0600,254.0600,254.0600,254.0600
1788356275,254.0500,254.0500,254.0450,254.0500
1788356276,254.0500,254.0500,254.0500,254.0500
1788356277,254.0000,254.0000,254.0000,254.0000
1788356279,254.0000,254.0000,254.0000,254.0000
1788356282,253.9800,253.9800,253.9800,253.9800
1788356284,254.0000,254.0000,254.0000,254.0000
1788356285,254.0300,254.0700,254.0300,254.0700
1788356286,254.0700,254.1000,254.0700,254.1000
1788356289,254.0900,254.0900,254.0900,254.0900
1788356290,254.0700,254.0700,254.0700,254.0700
1788356296,254.0400,254.0400,254.0200,254.0200
1788356297,254.0000,254.0000,253.9600,253.9600
1788356300,253.9850,253.9850,253.9850,253.9850
1788356303,254.0000,254.0050,254.0000,254.0050
1788356304,254.0400,254.0600,254.0400,254.0600
1788356307,254.0800,254.0800,254.0800,254.0800
1788356310,254.0900,254.1800,254.0900,254.1750
1788356312,254.2000,254.2000,254.2000,254.2000
1788356318,254.2500,254.2700,254.2400,254.2400
1788356319,254.2500,254.2500,254.2500,254.2500
1788356321,254.2700,254.2700,254.2400,254.2400
1788356324,254.2300,254.2300,254.2200,254.2200
1788356325,254.2400,254.2600,254.2000,254.2000
1788356331,254.2300,254.2300,254.1700,254.1700
1788356333,254.1000,254.1000,254.1000,254.1000
1788356334,254.1300,254.1900,254.1300,254.1900
1788356338,254.1100,254.1100,254.1100,254.1100
1788356341,254.0800,254.0800,254.0800,254.0800
1788356342,254.1200,254.1200,254.1200,254.1200
1788356349,254.1000,254.1000,254.1000,254.1000
1788356350,254.1100,254.1100,254.1100,254.1100
1788356351,254.0700,254.0700,254.0700,254.0700
1788356352,254.0200,254.0200,253.9800,253.9800
1788356353,254.0300,254.0450,254.0300,254.0450
1788356355,254.0600,254.0600,254.0600,254.0600
1788356357,254.1200,254.1400,254.1200,254.1400
1788356360,254.1500,254.1500,254.1500,254.1500
1788356361,254.2100,254.2100,254.2100,254.2100
1788356366,254.1500,254.1500,254.0650,254.0650
1788356367,254.0800,254.0900,254.0800,254.0900
1788356372,254.0700,254.1200,254.0700,254.1200
1788356373,254.1400,254.2100,254.1400,254.2100
1788356379,254.1700,254.1700,254.1700,254.1700
1788356380,254.1600,254.1600,254.1600,254.1600
1788356385,254.1000,254.1000,254.0900,254.0900
1788356386,254.1200,254.1500,254.1100,254.1500
1788356387,254.1150,254.1150,254.1150,254.1150
1788356392,254.1600,254.2400,254.1600,254.2400
1788356393,254.2700,254.2700,254.2700,254.2700
1788356395,254.2800,254.2800,254.2400,254.2700
1788356396,254.2700,254.2700,254.2700,254.2700
1788356398,254.2800,254.3100,254.2800,254.3100
1788356400,254.2750,254.2750,254.2750,254.2750
1788356401,254.2500,254.2700,254.2500,254.2700
1788356402,254.2800,254.2800,254.2800,254.2800
1788356403,254.2750,254.2750,254.2750,254.2750
1788356404,254.2700,254.2700,254.2100,254.2100
1788356405,254.2000,254.2000,254.2000,254.2000
1788356406,254.2200,254.2600,254.2200,254.2200
1788356407,254.2100,254.2100,254.2100,254.2100
1788356410,254.2600,254.2600,254.2550,254.2550
1788356412,254.2400,254.2400,254.2400,254.2400
1788356413,254.2100,254.2100,254.2100,254.2100
1788356414,254.2400,254.2400,254.2400,254.2400
1788356416,254.2500,254.4500,254.2500,254.4300
1788356420,254.4500,254.4500,254.4100,254.4100
1788356421,254.4400,254.4400,254.4400,254.4400
1788356422,254.4100,254.4100,254.4100,254.4100
1788356423,254.3500,254.3600,254.3500,254.3600
1788356424,254.3600,254.3600,254.3600,254.3600
1788356427,254.4300,254.4300,254.4300,254.4300
1788356428,254.4600,254.4700,254.4400,254.4400
1788356432,254.5000,254.5300,254.5000,254.5300
1788356436,254.5450,254.6000,254.4900,254.4900
1788356438,254.4950,254.4950,254.4950,254.4950
1788356439,254.5500,254.5500,254.5500,254.5500
1788356441,254.5750,254.6000,254.5750,254.6000
1788356443,254.5500,254.5500,254.5500,254.5500
1788356445,254.5000,254.5000,254.4300,254.4300
1788356446,254.4000,254.4000,254.4000,254.4000
1788356448,254.3700,254.3700,254.3600,254.3600
1788356449,254.3300,254.3300,254.3000,254.3000
1788356451,254.3350,254.3350,254.3350,254.3350
1788356453,254.3400,254.3400,254.3400,254.3400
1788356454,254.3300,254.3300,254.3200,254.3200
1788356459,254.3900,254.4100,254.3900,254.4100
1788356460,254.4100,254.4100,254.4100,254.4100
1788356464,254.4600,254.4600,254.4600,254.4600
1788356465,254.4200,254.4500,254.4200,254.4500
1788356468,254.4100,254.4100,254.4100,254.4100
1788356470,254.4400,254.4700,254.4400,254.4700
1788356471,254.4700,254.4800,254.4700,254.4800
1788356472,254.4500,254.4600,254.3400,254.3600
1788356483,254.3500,254.3500,254.3500,254.3500
1788356484,254.3700,254.3900,254.3700,254.3900
1788356485,254.3950,254.3950,254.3950,254.3950
1788356488,254.4000,254.4000,254.4000,254.4000
1788356491,254.3900,254.3900,254.3700,254.3700
1788356493,254.3500,254.3500,254.3500,254.3500
1788356497,254.3200,254.3200,254.2500,254.2500
1788356498,254.2300,254.2300,254.2100,254.2100
1788356500,254.2100,254.2100,254.1750,254.1750
1788356501,254.1900,254.1900,254.1900,254.1900
1788356503,254.2500,254.2500,254.2500,254.2500
1788356506,254.2100,254.2100,254.1900,254.1900
1788356508,254.2000,254.2000,254.1800,254.1800
1788356509,254.2000,254.2000,254.1700,254.1700
1788356510,254.2500,254.2500,254.2500,254.2500
1788356511,254.2600,254.2600,254.2600,254.2600
1788356513,254.2900,254.2900,254.2900,254.2900
1788356514,254.3200,254.3200,254.3200,254.3200
1788356517,254.4000,254.4100,254.4000,254.4100
1788356522,254.4400,254.4600,254.4400,254.4600
1788356523,254.4650,254.4650,254.4400,254.4400
1788356524,254.4200,254.4200,254.3800,254.3800
1788356527,254.4100,254.4100,254.4100,254.4100
1788356532,254.3900,254.3900,254.3900,254.3900
1788356535,254.4200,254.4400,254.4200,254.4300
1788356536,254.3600,254.3600,254.3400,254.3400
1788356537,254.3400,254.3400,254.3000,254.3100
1788356538,254.3500,254.3500,254.3200,254.3200
1788356540,254.3000,254.3000,254.2900,254.2900
1788356542,254.2500,254.2500,254.2500,254.2500
1788356543,254.2750,254.3300,254.2750,254.3300
1788356546,254.3000,254.3000,254.2500,254.2950
1788356553,254.3400,254.4200,254.3400,254.4000
1788356554,254.3900,254.3900,254.3900,254.3900
1788356558,254.3700,254.3700,254.3150,254.3500
1788356562,254.3100,254.3100,254.3100,254.3100
1788356564,254.2900,254.2900,254.2700,254.2700
1788356565,254.2700,254.2700,254.2500,254.2500
1788356566,254.2500,254.2500,254.2500,254.2500
1788356569,254.3050,254.3050,254.3050,254.3050
1788356570,254.2700,254.2700,254.2700,254.2700
1788356573,254.2400,254.2400,254.2400,254.2400
1788356574,254.2800,254.3000,254.2800,254.3000
1788356578,254.3200,254.3200,254.3200,254.3200
1788356579,254.3400,254.3800,254.3400,254.3800
1788356580,254.4000,254.4000,254.3800,254.3900
1788356581,254.3600,254.3600,254.3600,254.3600
1788356583,254.3650,254.3900,254.3650,254.3900
1788356588,254.3900,254.3900,254.3900,254.3900
1788356589,254.3900,254.3900,254.3900,254.3900
1788356590,254.4200,254.5000,254.4200,254.4900
1788356591,254.5200,254.5300,254.5200,254.5300
1788356596,254.5500,254.5800,254.5500,254.5800
1788356598,254.6250,254.6250,254.6250,254.6250
1788356599,254.6200,254.6200,254.6200,254.6200
1788356603,254.6100,254.6100,254.6100,254.6100
1788356604,254.5800,254.5800,254.5800,254.5800
1788356605,254.5900,254.5900,254.5700,254.5700
1788356607,254.5250,254.5250,254.5250,254.5250
1788356608,254.5100,254.5100,254.5100,254.5100
1788356609,254.5300,254.5300,254.5000,254.5300
1788356612,254.5600,254.5600,254.5600,254.5600
1788356613,254.5600,254.5700,254.5600,254.5700
1788356615,254.5900,254.6200,254.5900,254.6200
1788356616,254.6500,254.6650,254.6500,254.6650
1788356619,254.6400,254.6400,254.6400,254.6400
1788356622,254.6500,254.6500,254.6100,254.6400
1788356628,254.6250,254.6400,254.6000,254.6000
1788356630,254.6400,254.6500,254.4800,254.4900
1788356631,254.4400,254.4400,254.4300,254.4300
1788356634,254.4400,254.4400,254.4200,254.4200
1788356636,254.4000,254.4000,254.3700,254.3700
1788356637,254.3800,254.4200,254.3800,254.4200
1788356640,254.3800,254.3800,254.3800,254.3800
1788356641,254.4200,254.4600,254.4200,254.4600
1788356643,254.4550,254.4600,254.4200,254.4600
1788356644,254.4400,254.4400,254.4200,254.4200
1788356645,254.4400,254.4400,254.3000,254.3000
1788356646,254.2900,254.3000,254.2500,254.2500
1788356650,254.2200,254.2200,254.2200,254.2200
1788356651,254.2700,254.3000,254.2700,254.3000
1788356654,254.2400,254.2400,254.2400,254.2400
1788356657,254.2600,254.2600,254.2500,254.2500
1788356659,254.3200,254.3300,254.3150,254.3300
1788356662,254.2900,254.2900,254.2400,254.2800
1788356664,254.2850,254.2850,254.2850,254.2850
1788356670,254.2850,254.2850,254.2850,254.2850
1788356674,254.2900,254.2900,254.2900,254.2900
1788356675,254.3200,254.3200,254.3000,254.3000
1788356676,254.2800,254.2800,254.2800,254.2800
1788356680,254.3100,254.3100,254.3100,254.3100
1788356682,254.3000,254.3000,254.3000,254.3000
1788356683,254.2900,254.2900,254.2600,254.2700
1788356684,254.2600,254.2900,254.2500,254.2900
1788356686,254.2700,254.3400,254.2700,254.3400
1788356688,254.3300,254.3300,254.3000,254.3000
1788356689,254.3200,254.3200,254.3200,254.3200
1788356690,254.2800,254.2800,254.2600,254.2600
1788356691,254.2700,254.3100,254.2700,254.2700
1788356697,254.2750,254.2750,254.2750,254.2750
1788356700,254.2500,254.2500,254.2100,254.2100
1788356701,254.2000,254.2600,254.2000,254.2600
1788356703,254.2400,254.2400,254.2400,254.2400
1788356706,254.2600,254.2700,254.2400,254.2500
1788356707,254.2200,254.2200,254.2200,254.2200
1788356709,254.2100,254.2200,254.2100,254.2200
1788356710,254.2150,254.2200,254.2150,254.2200
1788356712,254.2100,254.2100,254.1600,254.1600
1788356714,254.1500,254.1600,254.1500,254.1600
1788356715,254.1800,254.1800,254.1800,254.1800
1788356717,254.2000,254.2200,254.2000,254.2200
1788356718,254.2100,254.2100,254.2100,254.2100
1788356720,254.2100,254.2500,254.2100,254.2300
1788356722,254.2200,254.2200,254.2200,254.2200
1788356723,254.2400,254.2500,254.2400,254.2500
1788356725,254.2200,254.2200,254.1800,254.1800
1788356726,254.1550,254.1700,254.1550,254.1700
1788356727,254.1600,254.1600,254.1600,254.1600
1788356728,254.1700,254.1700,254.1600,254.1600
1788356729,254.1600,254.1650,254.1600,254.1600
1788356730,254.1650,254.1650,254.1650,254.1650
1788356731,254.1650,254.1650,254.1650,254.1650
1788356732,254.2000,254.2100,254.2000,254.2100
1788356736,254.2200,254.2200,254.2200,254.2200
1788356737,254.2500,254.2700,254.2500,254.2700
1788356738,254.2500,254.2500,254.2500,254.2500
1788356739,254.2700,254.2700,254.2700,254.2700
1788356740,254.2250,254.2250,254.2250,254.2250
1788356742,254.2400,254.2400,254.2400,254.2400
1788356744,254.2200,254.2200,254.1600,254.2050
1788356745,254.2400,254.2500,254.2400,254.2500
1788356746,254.2700,254.2700,254.2700,254.2700
1788356747,254.3200,254.3200,254.3100,254.3200
1788356751,254.3500,254.3500,254.3500,254.3500
1788356753,254.3500,254.3800,254.3500,254.3700
1788356754,254.3800,254.4000,254.3700,254.3700
1788356755,254.4000,254.4000,254.3600,254.3600
1788356756,254.3700,254.3700,254.0100,254.2300
1788356757,254.1800,254.2300,254.1700,254.2300
1788356759,254.2400,254.2700,254.2400,254.2700
1788356761,254.2700,254.2900,254.2700,254.2900
1788356762,254.2900,254.2900,254.2900,254.2900
1788356763,254.2900,254.2900,254.2600,254.2600
1788356765,254.2600,254.2600,254.2100,254.2600
1788356767,254.2400,254.2400,254.2400,254.2400
1788356768,254.2400,254.3000,254.2400,254.3000
1788356771,254.3000,254.3100,254.3000,254.3100
1788356772,254.3300,254.3800,254.3300,254.3800
1788356775,254.3700,254.4000,254.3600,254.3600
1788356777,254.3900,254.3900,254.3300,254.3300
1788356778,254.3400,254.3600,254.3200,254.3600
1788356780,254.3900,254.3900,254.3800,254.3800
1788356782,254.4000,254.4400,254.4000,254.4400
1788356783,254.4500,254.5250,254.4400,254.5250
1788356786,254.5400,254.5900,254.5400,254.5900
1788356787,254.6000,254.6500,254.6000,254.6300
1788356788,254.6200,254.6200,254.6200,254.6200
1788356789,254.6200,254.6200,254.6200,254.6200
1788356793,254.6500,254.6500,254.6500,254.6500
1788356794,254.6650,254.6650,254.6650,254.6650
1788356796,254.6600,254.6600,254.6500,254.6500
1788356798,254.6800,254.7000,254.6800,254.6900
1788356799,254.7100,254.7100,254.7100,254.7100
1788356800,254.7300,254.7400,254.7150,254.7400
1788356801,254.7300,254.7300,254.7300,254.7300
1788356802,254.7300,254.8150,254.7200,254.8150
1788356804,254.8500,254.8500,254.8500,254.8500
1788356805,254.8600,254.9800,254.8600,254.9600
1788356806,254.9800,255.0600,254.9650,254.9800
1788356807,254.9600,254.9800,254.9600,254.9800
1788356809,255.0000,255.0000,255.0000,255.0000
1788356811,254.9900,254.9900,254.9500,254.9500
1788356812,254.8900,254.8900,254.8200,254.8200
1788356813,254.8400,254.8600,254.8000,254.8600
1788356814,254.8600,254.9700,254.8600,254.9700
1788356816,254.9500,254.9500,254.9500,254.9500
1788356819,254.9550,255.0200,254.9200,255.0200
1788356822,255.0100,255.0100,254.9900,254.9900
1788356824,255.0400,255.0400,255.0100,255.0400
1788356825,255.0700,255.0700,255.0500,255.0500
1788356826,255.0350,255.0350,255.0200,255.0200
1788356828,255.0300,255.0300,254.8300,254.8300
1788356829,254.8700,254.9100,254.8700,254.9000
1788356830,254.9800,255.1400,254.9800,255.1200
1788356831,255.0850,255.0850,255.0850,255.0850
1788356832,255.1400,255.2200,255.1000,255.1200
1788356833,255.0600,255.0600,255.0400,255.0400
1788356834,255.0200,255.0500,255.0000,255.0500
1788356836,255.1000,255.1400,255.0900,255.0900
1788356837,255.1000,255.1000,255.0900,255.0900
1788356838,255.1500,255.1500,255.1500,255.1500
1788356841,255.1700,255.1700,255.1600,255.1600
1788356842,255.1600,255.1600,255.1600,255.1600
1788356845,255.1600,255.1600,255.1600,255.1600
1788356846,255.1800,255.1800,255.1800,255.1800
1788356847,255.2100,255.2100,255.2100,255.2100
1788356849,255.2200,255.2500,255.2200,255.2500
1788356851,255.3000,255.3000,255.3000,255.3000
1788356852,255.2900,255.3100,255.1900,255.2100
1788356853,255.1800,255.1800,255.1800,255.1800
1788356854,255.1400,255.1700,255.1300,255.1700
1788356855,255.1750,255.1750,255.1300,255.1300
1788356856,255.1800,255.1800,255.1300,255.1300
1788356859,255.1600,255.1600,255.1200,255.1200
1788356860,255.1200,255.1200,255.1000,255.1000
1788356862,255.0600,255.0600,255.0400,255.0600
1788356866,255.0550,255.0800,254.9600,254.9600
1788356867,254.9800,254.9800,254.9400,254.9400
1788356874,254.9500,255.0700,254.9500,255.0700
1788356877,255.0000,255.0200,255.0000,255.0200
1788356878,255.0150,255.0150,254.9400,254.9400
1788356881,254.9700,254.9700,254.9300,254.9500
1788356882,254.9700,254.9700,254.9700,254.9700
1788356884,254.9650,254.9950,254.9650,254.9950
1788356886,254.9600,254.9800,254.9600,254.9800
1788356888,254.9300,254.9800,254.9000,254.9800
1788356889,255.0200,255.0300,255.0200,255.0300
1788356890,255.0500,255.0500,255.0500,255.0500
1788356891,255.0100,255.0600,255.0100,255.0600
1788356892,255.0700,255.1000,255.0700,255.1000
1788356893,255.1100,255.1700,255.1100,255.1700
1788356894,255.1800,255.1800,255.1300,255.1400
1788356895,255.1200,255.1200,255.1200,255.1200
1788356897,255.0600,255.0800,255.0600,255.0800
1788356899,255.0800,255.1200,255.0800,255.1200
1788356900,255.1300,255.1800,255.1300,255.1800
1788356901,255.1600,255.1600,255.1400,255.1400
1788356902,255.1200,255.1200,255.1200,255.1200
1788356903,255.1100,255.1100,255.0900,255.0900
1788356904,255.0600,255.0700,255.0400,255.0500
1788356905,255.0700,255.1000,255.0200,255.0200
1788356906,255.0350,255.0350,255.0350,255.0350
1788356908,255.0350,255.0350,255.0350,255.0350
1788356909,255.0300,255.0300,255.0300,255.0300
1788356910,255.0300,255.0300,255.0300,255.0300
1788356911,255.0600,255.0900,255.0600,255.0900
1788356915,255.1300,255.1300,255.1300,255.1300
1788356916,255.1200,255.1200,255.0900,255.0900
1788356917,255.1150,255.1600,255.1150,255.1600
1788356919,255.1000,255.1200,255.1000,255.1200
1788356920,255.0900,255.0900,255.0000,255.0000
1788356921,255.0100,255.0100,255.0100,255.0100
1788356923,255.0700,255.0700,255.0700,255.0700
1788356924,255.1700,255.2100,255.1700,255.2000
1788356927,255.2400,255.2400,255.2400,255.2400
1788356928,255.2500,255.2900,255.2400,255.2400
1788356929,255.2600,255.2700,255.1700,255.1700
1788356930,255.1900,255.1900,255.1900,255.1900
1788356931,255.1400,255.1400,255.1400,255.1400
1788356932,255.1500,255.1500,255.1500,255.1500
1788356933,255.1100,255.1100,255.0600,255.0600
1788356934,255.0500,255.0500,255.0500,255.0500
1788356936,255.0200,255.0200,255.0200,255.0200
1788356937,255.0000,255.0000,254.9900,255.0000
1788356940,254.9700,254.9700,254.9700,254.9700
1788356942,254.9900,254.9900,254.9900,254.9900
1788356943,255.0000,255.0300,254.9600,254.9600
1788356948,255.0100,255.0200,254.9800,254.9800
1788356949,254.9700,254.9700,254.9400,254.9550
1788356952,254.9400,255.0300,254.9200,255.0300
1788356953,255.0500,255.1200,255.0500,255.0900
1788356954,255.0800,255.0900,255.0500,255.0500
1788356955,255.0700,255.0900,255.0700,255.0900
1788356956,255.1000,255.1000,255.1000,255.1000
1788356958,255.0200,255.0200,255.0200,255.0200
1788356960,255.0000,255.0000,255.0000,255.0000
1788356961,254.9500,254.9500,254.9400,254.9400
1788356962,254.9800,254.9800,254.9800,254.9800
1788356964,254.9200,254.9800,254.9000,254.9800
1788356965,254.9700,254.9700,254.9700,254.9700
1788356967,254.9600,254.9600,254.9400,254.9400
1788356971,254.9500,254.9500,254.9500,254.9500
1788356972,254.9600,254.9600,254.9600,254.9600
1788356976,254.9600,254.9600,254.9400,254.9400
1788356980,254.9400,254.9400,254.8500,254.8500
1788356981,254.8400,254.8400,254.8400,254.8400
1788356982,254.8700,254.9100,254.8700,254.8800
1788356983,254.9100,254.9100,254.9100,254.9100
1788356984,254.9200,254.9300,254.9200,254.9300
1788356986,254.8800,254.8800,254.8800,254.8800
1788356987,254.8800,254.8800,254.8700,254.8700
1788356988,254.8600,254.8600,254.8600,254.8600
1788356990,254.8400,254.8400,254.8300,254.8300
1788356991,254.8300,254.8300,254.7700,254.7900
1788356993,254.7700,254.7700,254.7500,254.7600
1788356994,254.7400,254.7400,254.7400,254.7400
1788356997,254.7600,254.8300,254.7600,254.8300
1788356999,254.8300,254.8300,254.8100,254.8200
1788357000,254.8600,254.8700,254.8600,254.8600
1788357001,254.8200,254.8200,254.8200,254.8200
1788357004,254.8900,254.9200,254.8900,254.9200
1788357007,254.9150,254.9150,254.8900,254.8900
1788357008,254.8800,254.8800,254.8800,254.8800
1788357014,254.8650,254.9000,254.8650,254.9000
1788357016,254.9200,254.9200,254.9200,254.9200
1788357017,254.9500,254.9500,254.9500,254.9500
1788357020,254.9700,255.0300,254.9700,255.0300
1788357021,255.0350,255.0350,255.0350,255.0350
1788357022,255.0000,255.0000,254.9900,254.9900
1788357023,255.0000,255.0000,255.0000,255.0000
1788357024,254.9500,254.9900,254.9500,254.9900
1788357025,255.0000,255.0200,255.0000,255.0200
1788357028,255.0100,255.0100,255.0100,255.0100
1788357029,254.9700,254.9700,254.9700,254.9700
1788357030,255.0000,255.0400,255.0000,255.0400
1788357031,255.0500,255.0500,255.0400,255.0500
1788357032,255.0800,255.1200,255.0800,255.1000
1788357033,255.0800,255.0800,255.0500,255.0500
1788357034,255.0400,255.0400,255.0400,255.0400
1788357035,255.0200,255.0200,254.9600,254.9600
1788357036,254.9400,254.9400,254.9100,254.9300
1788357038,254.9700,254.9700,254.9700,254.9700
1788357043,254.9500,254.9500,254.9500,254.9500
1788357049,254.9900,254.9900,254.9900,254.9900
1788357050,255.0000,255.0400,255.0000,255.0400
1788357053,255.0200,255.0600,255.0100,255.0100
1788357054,255.0400,255.0400,255.0200,255.0400
1788357056,255.0400,255.0400,255.0400,255.0400
1788357059,255.0250,255.0900,255.0250,255.0900
1788357060,255.0900,255.1100,255.0800,255.0900
1788357061,255.0900,255.1400,255.0900,255.1300
1788357065,255.1600,255.1600,255.1100,255.1100
1788357067,255.1550,255.1550,255.1550,255.1550
1788357069,255.1600,255.1600,254.8400,254.9500
1788357072,255.0100,255.0300,255.0100,255.0300
1788357074,255.0500,255.0500,254.9400,254.9600
1788357075,254.9500,254.9600,254.9300,254.9500
1788357076,254.8900,254.8900,254.8600,254.8600
1788357078,254.9200,254.9200,254.9200,254.9200
1788357081,254.9700,254.9900,254.9200,254.9200
1788357084,254.9200,254.9200,254.9200,254.9200
1788357085,254.9900,254.9900,254.9700,254.9700
1788357086,254.9400,254.9400,254.9000,254.9000
1788357088,254.9200,254.9200,254.9200,254.9200
1788357090,254.9000,254.9000,254.9000,254.9000
1788357092,254.9050,254.9050,254.6000,254.6000
1788357094,254.6150,254.6150,254.6150,254.6150
1788357095,254.6400,254.6500,254.5900,254.6100
1788357099,254.6400,254.6500,254.5950,254.5950
1788357101,254.6000,254.6000,254.5950,254.5950
1788357102,254.6100,254.6100,254.6100,254.6100
1788357103,254.6100,254.6100,254.5400,254.5400
1788357105,254.5400,254.6400,254.5300,254.5300
1788357106,254.5500,254.5500,254.5100,254.5100
1788357107,254.5200,254.5200,254.5200,254.5200
1788357110,254.5400,254.5400,254.5400,254.5400
1788357111,254.5550,254.5900,254.5400,254.5400
1788357112,254.5500,254.5500,254.5200,254.5400
1788357114,254.5350,254.5400,254.5350,254.5400
1788357116,254.5700,254.5900,254.5700,254.5900
1788357118,254.6400,254.6500,254.6400,254.6500
1788357119,254.6300,254.6300,254.6300,254.6300
1788357120,254.5800,254.5800,254.5800,254.5800
1788357121,254.5900,254.6200,254.5700,254.6200
1788357122,254.5600,254.5600,254.5600,254.5600
1788357124,254.5700,254.5700,254.5700,254.5700
1788357125,254.5800,254.5800,254.5800,254.5800
1788357127,254.5900,254.6000,254.5900,254.6000
1788357130,254.6600,254.6700,254.6600,254.6700
1788357131,254.6900,254.7100,254.6900,254.7100
1788357132,254.7100,254.7100,254.7100,254.7100
1788357134,254.7100,254.7100,254.6000,254.6000
1788357135,254.5900,254.5900,254.5100,254.5100
1788357137,254.5300,254.5500,254.5300,254.5500
1788357139,254.5500,254.6400,254.5500,254.6250
1788357141,254.7000,254.7700,254.7000,254.7700
1788357142,254.8100,254.8300,254.8100,254.8300
1788357144,254.8500,254.9250,254.8500,254.9250
1788357145,254.9500,255.0900,254.9500,255.0900
1788357147,255.0600,255.1200,254.9900,254.9900
1788357148,254.9800,254.9800,254.9800,254.9800
1788357149,254.9700,254.9700,254.9700,254.9700
1788357151,254.9800,254.9800,254.9600,254.9600
1788357152,255.0000,255.0100,255.0000,255.0100
1788357154,255.0300,255.0600,255.0000,255.0000
1788357156,255.0300,255.0300,255.0300,255.0300
1788357159,255.0000,255.0000,254.9500,254.9500
1788357160,254.9200,254.9200,254.9200,254.9200
1788357161,254.9200,254.9200,254.9200,254.9200
1788357167,254.9150,254.9400,254.8700,254.8700
1788357168,254.7700,254.7700,254.7500,254.7500
1788357169,254.6850,254.6850,254.6700,254.6700
1788357170,254.6900,254.7600,254.6900,254.7300
1788357172,254.7900,254.7900,254.7900,254.7900
1788357173,254.7600,254.7600,254.7500,254.7500
1788357174,254.7900,254.8300,254.7900,254.8200
1788357175,254.7900,254.7900,254.7800,254.7800
1788357182,254.8300,254.8900,254.8300,254.8900
1788357183,254.8300,254.8300,254.8300,254.8300
1788357184,254.8400,254.8900,254.8400,254.8900
1788357186,254.8800,254.9300,254.8800,254.9300
1788357189,254.8700,254.8700,254.8500,254.8500
1788357193,254.8500,254.8500,254.8500,254.8500
1788357194,254.8800,254.8800,254.8800,254.8800
1788357195,254.9100,254.9600,254.9100,254.9600
1788357198,255.0000,255.0000,255.0000,255.0000
1788357199,255.0150,255.0150,255.0150,255.0150
1788357201,255.0150,255.0150,255.0150,255.0150
1788357204,255.0400,255.0400,255.0300,255.0400
1788357205,255.0700,255.0700,255.0700,255.0700
1788357209,255.1000,255.1200,255.1000,255.1200
1788357210,255.1300,255.2700,255.1300,255.2700
1788357211,255.2500,255.2700,255.2500,255.2700
1788357212,255.2900,255.3500,255.2500,255.2500
1788357213,255.2200,255.2200,255.2200,255.2200
1788357214,255.2700,255.3100,255.2700,255.3100
1788357215,255.3250,255.3400,255.3250,255.3400
1788357216,255.3500,255.3500,255.3300,255.3400
1788357217,255.3500,255.3500,255.3100,255.3100
1788357218,255.3500,255.3700,255.3500,255.3700
1788357219,255.3650,255.3700,255.3400,255.3700
1788357223,255.3700,255.3700,255.3700,255.3700
1788357224,255.3900,255.4700,255.3900,255.4600
1788357227,255.4800,255.4900,255.4800,255.4900
1788357228,255.4700,255.4700,255.3600,255.3600
1788357230,255.3800,255.3900,255.3800,255.3900
1788357232,255.3600,255.3600,255.3300,255.3300
1788357234,255.3700,255.3700,255.2500,255.2500
1788357235,255.2600,255.2700,255.2600,255.2700
1788357236,255.2700,255.2800,255.2700,255.2800
1788357237,255.3000,255.3000,255.3000,255.3000
1788357238,255.2500,255.2500,255.2500,255.2500
1788357239,255.2300,255.2300,255.2300,255.2300
1788357241,255.2700,255.3000,255.2700,255.3000
1788357246,255.3400,255.3600,255.3400,255.3600
1788357250,255.4100,255.4300,255.4100,255.4300
1788357253,255.3700,255.3700,255.3000,255.3100
1788357256,255.3100,255.3100,255.3100,255.3100
1788357262,255.3200,255.3200,255.3200,255.3200
1788357264,255.3200,255.3200,255.3200,255.3200
1788357265,255.3150,255.3150,255.3150,255.3150
1788357266,255.3200,255.3200,255.3200,255.3200
1788357268,255.3100,255.3100,255.2700,255.2700
1788357270,255.2600,255.2600,255.2500,255.2500
1788357271,255.2800,255.2800,255.2800,255.2800
1788357274,255.2800,255.2900,255.2800,255.2900
1788357276,255.3200,255.3700,255.3200,255.3700
1788357277,255.3800,255.3800,255.3800,255.3800
1788357279,255.3900,255.3900,255.3900,255.3900
1788357284,255.3600,255.3600,255.3600,255.3600
1788357285,255.4000,255.4000,255.3700,255.3700
1788357286,255.3500,255.6700,255.3500,255.4350
1788357287,255.4500,255.4600,255.4500,255.4600
1788357288,255.4100,255.4500,255.3800,255.4500
1788357289,255.4700,255.4800,255.4200,255.4200
1788357290,255.4100,255.4100,255.4100,255.4100
1788357291,255.3900,255.3900,255.3900,255.3900
1788357294,255.3800,255.4000,255.3300,255.4000
1788357295,255.4000,255.4000,255.4000,255.4000
1788357296,255.4300,255.4300,255.4000,255.4000
1788357299,255.3900,255.3900,255.3900,255.3900
1788357300,255.3800,255.4600,255.3700,255.4600
1788357301,255.4650,255.4650,255.4000,255.4300
1788357302,255.4700,255.4700,255.4700,255.4700
1788357303,255.4700,255.4800,255.4450,255.4700
1788357306,255.4800,255.4800,255.4800,255.4800
1788357307,255.4500,255.4500,255.4400,255.4400
1788357309,255.4900,255.5400,255.4900,255.5200
1788357310,255.4900,255.4900,255.4000,255.4300
1788357311,255.4900,255.5700,255.4800,255.5000
1788357312,255.4900,255.4900,255.4900,255.4900
1788357313,255.4500,255.4700,255.4300,255.4700
1788357314,255.4600,255.4600,255.4300,255.4300
1788357315,255.4500,255.4500,255.4500,255.4500
1788357316,255.4300,255.4300,255.4300,255.4300
1788357317,255.4200,255.4200,255.4100,255.4100
1788357321,255.4500,255.4500,255.4200,255.4200
1788357325,255.4200,255.4200,255.3800,255.3800
1788357326,255.3650,255.3650,255.3650,255.3650
1788357327,255.3300,255.3300,255.3000,255.3000
1788357331,255.3300,255.3300,255.3300,255.3300
1788357333,255.4000,255.4200,255.4000,255.4200
1788357335,255.4200,255.5000,255.4200,255.4800
1788357336,255.4600,255.4600,255.4100,255.4100
1788357337,255.4400,255.4400,255.4400,255.4400
1788357338,255.4450,255.4450,255.4450,255.4450
1788357342,255.4100,255.4100,255.4000,255.4000
1788357343,255.4000,255.4400,255.4000,255.4400
1788357344,255.4600,255.4600,255.4600,255.4600
1788357345,255.4000,255.4000,255.4000,255.4000
1788357347,255.4800,255.4800,255.4800,255.4800
1788357348,255.5000,255.5000,255.5000,255.5000
1788357349,255.4900,255.4900,255.4900,255.4900
1788357350,255.4600,255.4600,255.4600,255.4600
1788357351,255.3900,255.3900,255.3900,255.3900
1788357357,255.4000,255.4200,255.3800,255.4200
1788357360,255.4300,255.4300,255.4300,255.4300
1788357361,255.4700,255.4900,255.4700,255.4900
1788357362,255.5000,255.5000,255.4300,255.4300
1788357366,255.4000,255.4000,255.3900,255.3900
1788357367,255.3800,255.3800,255.3200,255.3700
1788357369,255.3600,255.3600,255.3600,255.3600
1788357373,255.4000,255.4300,255.4000,255.4000
1788357374,255.4200,255.4200,255.4200,255.4200
1788357376,255.3800,255.3800,255.3700,255.3700
1788357377,255.3600,255.3600,255.3200,255.3250
1788357380,255.3600,255.3600,255.3600,255.3600
1788357382,255.4000,255.4000,255.4000,255.4000
1788357383,255.4100,255.4300,255.4100,255.4300
1788357384,255.4500,255.4600,255.4500,255.4600
1788357388,255.4300,255.4300,255.3600,255.3600
1788357392,255.4400,255.4500,255.4400,255.4500
1788357393,255.4600,255.5100,255.4600,255.5100
1788357394,255.4800,255.4800,255.4800,255.4800
1788357395,255.4900,255.4900,255.4900,255.4900
1788357396,255.4700,255.4700,255.4600,255.4600
1788357397,255.4500,255.4500,255.4500,255.4500
1788357399,255.4400,255.4400,255.4100,255.4250
1788357400,255.3900,255.3900,255.3900,255.3900
1788357402,255.4050,255.4050,255.3700,255.3700
1788357403,255.3600,255.3600,255.3000,255.3000
1788357404,255.3050,255.3050,255.3050,255.3050
1788357406,255.3000,255.3000,255.3000,255.3000
1788357412,255.3400,255.3600,255.3400,255.3600
1788357416,255.3850,255.3900,255.3600,255.3700
1788357418,255.3900,255.4000,255.3900,255.4000
1788357419,255.3500,255.3500,255.3500,255.3500
1788357420,255.3350,255.3350,255.3350,255.3350
1788357422,255.3500,255.3500,255.2850,255.2850
1788357423,255.2700,255.2900,255.2500,255.2900
1788357424,255.3100,255.3100,255.3100,255.3100
1788357428,255.3200,255.3500,255.3200,255.3500
1788357430,255.3400,255.3500,255.3300,255.3500
1788357433,255.3700,255.3800,255.3700,255.3800
1788357436,255.3800,255.3800,255.3800,255.3800
1788357441,255.3500,255.3600,255.3500,255.3600
1788357443,255.3500,255.3500,255.3500,255.3500
1788357444,255.3500,255.3600,255.3500,255.3600
1788357446,255.4000,255.4400,255.4000,255.4400
1788357448,255.4400,255.4600,255.4400,255.4600
1788357449,255.4700,255.5900,255.4700,255.5000
1788357450,255.5000,255.5000,255.4500,255.4500
1788357453,255.4200,255.4200,255.4200,255.4200
1788357455,255.4200,255.4200,255.3900,255.3900
1788357456,255.4200,255.4200,255.4150,255.4150
1788357457,255.4200,255.4250,255.4200,255.4250
1788357461,255.4300,255.4300,255.4300,255.4300
1788357465,255.4300,255.4600,255.4300,255.4400
1788357467,255.4400,255.4400,255.4400,255.4400
1788357469,255.4700,255.4800,255.4700,255.4800
1788357470,255.4200,255.4300,255.4000,255.4000
1788357471,255.4100,255.4100,255.4100,255.4100
1788357476,255.4150,255.4500,255.3900,255.4300
1788357478,255.4200,255.4600,255.4200,255.4400
1788357482,255.4200,255.4200,255.4200,255.4200
1788357483,255.4300,255.4300,255.4300,255.4300
1788357485,255.3900,255.4000,255.3700,255.4000
1788357486,255.4300,255.4300,255.4300,255.4300
1788357488,255.4000,255.4000,255.3400,255.3400
1788357489,255.3200,255.3200,255.3000,255.3000
1788357493,255.2600,255.2650,255.2600,255.2650
1788357504,255.2850,255.2900,255.2850,255.2900
1788357505,255.2800,255.2800,255.2800,255.2800
1788357506,255.2900,255.2900,255.2900,255.2900
1788357507,255.2900,255.3000,255.2900,255.2900
1788357509,255.2900,255.3000,255.2900,255.3000
1788357511,255.2800,255.2800,255.2700,255.2700
1788357512,255.2900,255.2900,255.2900,255.2900
1788357515,255.3200,255.3400,255.3200,255.3300
1788357519,255.3500,255.3500,255.2900,255.2900
1788357521,255.2900,255.2900,255.2900,255.2900
1788357523,255.2900,255.2900,255.2900,255.2900
1788357525,255.3000,255.3000,255.3000,255.3000
1788357526,255.3100,255.3100,255.3100,255.3100
1788357529,255.3000,255.3000,255.2900,255.2900
1788357531,255.3500,255.4800,255.3500,255.3900
1788357532,255.4000,255.4000,255.3950,255.3950
1788357533,255.3950,255.4200,255.3950,255.4100
1788357536,255.4000,255.4000,255.4000,255.4000
1788357537,255.4000,255.4000,255.4000,255.4000
1788357538,255.3600,255.3600,255.3200,255.3200
1788357539,255.3500,255.3600,255.3500,255.3600
1788357545,255.3400,255.3400,255.3300,255.3300
1788357546,255.3400,255.3400,255.3400,255.3400
1788357547,255.3700,255.3700,255.3400,255.3450
1788357548,255.3200,255.3200,255.3000,255.3000
1788357549,255.2500,255.2500,255.2500,255.2500
1788357550,255.2400,255.2500,255.0500,255.0700
1788357552,255.0500,255.0500,255.0500,255.0500
1788357557,255.1000,255.1200,255.0850,255.1150
1788357559,255.0900,255.0900,255.0900,255.0900
1788357560,255.1150,255.1150,255.1150,255.1150
1788357563,255.1600,255.1600,255.1600,255.1600
1788357565,255.1700,255.1700,255.1600,255.1600
1788357566,255.1900,255.1900,255.1900,255.1900
1788357568,255.1950,255.2400,255.1600,255.2400
1788357570,255.2400,255.2600,255.2400,255.2600
1788357573,255.2200,255.2200,255.2000,255.2200
1788357574,255.2000,255.2000,255.2000,255.2000
1788357577,255.1800,255.1800,255.1800,255.1800
1788357579,255.1750,255.1950,255.1750,255.1950
1788357580,255.1800,255.1800,255.1800,255.1800
1788357581,255.1800,255.1800,255.1800,255.1800
1788357582,255.1900,255.1900,255.1900,255.1900
1788357585,255.2000,255.2000,255.2000,255.2000
1788357586,255.2000,255.2000,255.2000,255.2000
1788357587,255.2000,255.2000,255.2000,255.2000
1788357588,255.2400,255.2400,255.2400,255.2400
1788357589,255.2500,255.2700,255.2500,255.2700
1788357590,255.2800,255.3000,255.2800,255.2900
1788357592,255.3050,255.3050,255.3050,255.3050
1788357593,255.3300,255.3300,255.3300,255.3300
1788357594,255.3500,255.3500,255.3500,255.3500
1788357595,255.3600,255.3600,255.3600,255.3600
1788357597,255.3300,255.3300,255.3000,255.3250
1788357598,255.3000,255.3000,255.2800,255.2800
1788357599,255.3000,255.3000,255.3000,255.3000
1788357600,255.3300,255.3900,255.3100,255.3100
1788357601,255.3300,255.3300,255.3300,255.3300
1788357603,255.2900,255.2900,255.2900,255.2900
1788357606,255.2700,255.3100,255.2600,255.2800
1788357607,255.2700,255.2700,255.2000,255.2000
1788357609,255.1600,255.1600,255.1100,255.1100
1788357610,255.0900,255.1000,255.0700,255.0700
1788357611,255.0600,255.0600,255.0400,255.0400
1788357612,255.0100,255.0600,255.0100,255.0600
1788357613,255.0900,255.0900,255.0600,255.0600
1788357619,255.0700,255.0700,255.0700,255.0700
1788357620,255.0300,255.0300,254.9500,254.9600
1788357622,254.9900,255.0100,254.9900,255.0100
1788357623,255.0500,255.0700,255.0500,255.0700
1788357624,255.0600,255.0600,255.0600,255.0600
1788357626,255.1000,255.1100,255.1000,255.1100
1788357627,255.1400,255.1400,255.1400,255.1400
1788357630,255.1400,255.1400,255.1400,255.1400
1788357631,255.1100,255.1300,255.0700,255.1300
1788357632,255.0700,255.0700,255.0700,255.0700
1788357633,255.0950,255.0950,255.0950,255.0950
1788357634,255.0600,255.0600,255.0500,255.0500
1788357635,255.0400,255.0700,255.0400,255.0500
1788357636,255.0500,255.0600,255.0500,255.0600
1788357637,255.0500,255.0500,255.0300,255.0300
1788357638,255.0250,255.0600,255.0250,255.0600
1788357639,255.0500,255.0500,255.0500,255.0500
1788357640,255.0800,255.0800,255.0700,255.0700
1788357643,255.0400,255.0400,255.0400,255.0400
1788357646,255.0400,255.1500,255.0400,255.1500
1788357649,255.1000,255.1600,255.1000,255.1000
1788357652,255.1350,255.1350,255.1350,255.1350
1788357654,255.1700,255.1700,255.1700,255.1700
1788357658,255.1600,255.1800,255.1500,255.1500
1788357659,255.2000,255.3300,255.2000,255.3050
1788357660,255.2800,255.2800,255.2700,255.2700
1788357661,255.2650,255.3000,255.2650,255.3000
1788357663,255.2800,255.3100,255.2800,255.3000
1788357664,255.3000,255.3000,255.3000,255.3000
1788357665,255.2900,255.3000,255.2600,255.2600
1788357666,255.2700,255.3100,255.2700,255.3000
1788357667,255.3000,255.3000,255.2700,255.2700
1788357669,255.2700,255.3200,255.2600,255.3200
1788357670,255.2600,255.2600,255.2600,255.2600
1788357672,255.2800,255.2800,255.2800,255.2800
1788357675,255.3200,255.3200,255.3200,255.3200
1788357677,255.2850,255.2850,255.2850,255.2850
1788357680,255.2600,255.2600,255.1600,255.1600
1788357682,255.1900,255.1900,255.1900,255.1900
1788357683,255.2100,255.2100,255.2100,255.2100
1788357684,255.2200,255.2200,255.2200,255.2200
1788357689,255.1500,255.1500,255.1500,255.1500
1788357691,255.1200,255.1200,255.0800,255.0900
1788357692,255.1200,255.1700,255.1150,255.1150
1788357695,255.0900,255.0900,255.0700,255.0700
1788357696,255.0600,255.0900,255.0600,255.0900
1788357697,255.0600,255.0750,255.0500,255.0750
1788357698,255.0900,255.1000,255.0800,255.0800
1788357699,255.0600,255.0600,255.0500,255.0500
1788357701,255.1100,255.1300,255.1100,255.1300
1788357703,255.1500,255.1500,255.1500,255.1500
1788357704,255.1400,255.1700,255.1400,255.1700
1788357705,255.1800,255.1800,255.1200,255.1200
1788357707,255.1000,255.1000,255.1000,255.1000
1788357708,255.1000,255.1200,255.1000,255.1200
1788357711,255.1200,255.1250,255.1150,255.1200
1788357712,255.1300,255.1300,255.0900,255.0900
1788357714,255.0900,255.0900,255.0100,255.0400
1788357715,255.0400,255.0400,255.0400,255.0400
1788357716,255.0000,255.0000,254.9800,254.9900
1788357719,254.9800,254.9800,254.9800,254.9800
1788357720,255.0050,255.0400,255.0050,255.0050
1788357723,255.0000,255.0000,254.9600,254.9600
1788357724,254.9700,254.9700,254.9500,254.9500
1788357725,254.9700,254.9700,254.9600,254.9600
1788357726,254.9600,254.9600,254.9600,254.9600
1788357727,254.9200,254.9200,254.9200,254.9200
1788357729,254.9350,254.9500,254.9350,254.9500
1788357731,254.9700,254.9700,254.9450,254.9600
1788357732,254.9300,254.9300,254.8400,254.8600
1788357736,254.9600,255.0100,254.9600,255.0100
1788357738,254.9500,254.9500,254.9400,254.9400
1788357740,254.9400,254.9400,254.9100,254.9100
1788357741,254.8800,254.8800,254.8100,254.8100
1788357742,254.8300,254.8300,254.8300,254.8300
1788357743,254.8500,254.8500,254.8500,254.8500
1788357747,254.8350,254.8350,254.8100,254.8100
1788357748,254.8100,254.8100,254.7800,254.7800
1788357749,254.7600,254.7600,254.7300,254.7400
1788357750,254.7100,254.7100,254.6900,254.6900
1788357751,254.6900,254.7000,254.6900,254.7000
1788357753,254.7300,254.7400,254.7200,254.7400
1788357755,254.7600,254.7600,254.7600,254.7600
1788357757,254.7800,254.8900,254.7800,254.8400
1788357758,254.8000,254.8000,254.8000,254.8000
1788357759,254.7900,254.7900,254.7400,254.7400
1788357760,254.7400,254.7600,254.7400,254.7600
1788357761,254.7200,254.7200,254.7000,254.7000
1788357762,254.7200,254.7200,254.7200,254.7200
1788357765,254.7100,254.7100,254.6800,254.6800
1788357768,254.7350,254.7350,254.7350,254.7350
1788357769,254.7600,254.7600,254.7600,254.7600
1788357770,254.8000,254.8000,254.7900,254.7900
1788357772,254.7500,254.7500,254.7000,254.7100
1788357775,254.7400,254.7500,254.7400,254.7500
1788357779,254.7500,254.7500,254.7300,254.7300
1788357782,254.7600,254.7600,254.7600,254.7600
1788357785,254.7600,254.8100,254.7600,254.8100
1788357786,254.8400,254.8700,254.8400,254.8700
1788357787,254.8800,254.8800,254.8800,254.8800
1788357790,254.8700,254.8700,254.8700,254.8700
1788357794,254.8700,254.8700,254.8200,254.8500
1788357801,254.8750,254.8750,254.8750,254.8750
1788357804,254.8750,254.8750,254.8750,254.8750
1788357805,254.8400,254.8400,254.8200,254.8300
1788357806,254.8300,254.8300,254.8300,254.8300
1788357807,254.8000,254.8350,254.8000,254.8350
1788357811,254.8200,254.8200,254.8200,254.8200
1788357812,254.8500,254.8500,254.8500,254.8500
1788357813,254.9000,254.9000,254.9000,254.9000
1788357814,254.8700,254.8700,254.8700,254.8700
1788357816,254.8500,254.8500,254.8400,254.8400
1788357818,254.8800,254.9000,254.8800,254.9000
1788357820,254.8750,254.8750,254.8750,254.8750
1788357822,254.9100,255.0000,254.9100,254.9800
1788357823,254.9850,255.0200,254.9850,255.0200
1788357824,255.0300,255.0300,255.0300,255.0300
1788357825,255.0150,255.0150,255.0100,255.0100
1788357827,255.0200,255.0200,255.0200,255.0200
1788357828,255.0600,255.0700,255.0600,255.0700
1788357829,255.0700,255.0900,255.0700,255.0900
1788357832,255.0850,255.0850,255.0850,255.0850
1788357833,255.0700,255.0700,255.0700,255.0700
1788357835,255.0500,255.0500,255.0300,255.0300
1788357837,255.0500,255.0500,255.0500,255.0500
1788357839,255.0800,255.0800,255.0800,255.0800
1788357842,255.1000,255.1000,255.0400,255.0400
1788357843,255.0500,255.0500,255.0500,255.0500
1788357845,255.1000,255.1000,255.1000,255.1000
1788357848,255.0650,255.0650,255.0650,255.0650
1788357850,255.0650,255.0650,255.0650,255.0650
1788357851,255.0900,255.1200,255.0900,255.1200
1788357852,255.1200,255.1600,255.1200,255.1600
1788357854,255.2400,255.2500,255.2400,255.2500
1788357857,255.2800,255.3000,255.2800,255.3000
1788357858,255.2900,255.2900,255.2800,255.2850
1788357859,255.2850,255.2950,255.2850,255.2950
1788357860,255.3200,255.3200,255.3200,255.3200
1788357861,255.3150,255.3150,255.3000,255.3000
1788357862,255.3300,255.3800,255.2700,255.3200
1788357863,255.3200,255.3200,255.3200,255.3200
1788357864,255.2800,255.2800,255.2000,255.2000
1788357866,255.2100,255.2250,255.2100,255.2250
1788357868,255.2200,255.2200,255.1600,255.1600
1788357869,255.1900,255.2100,255.1900,255.2100
1788357875,255.2500,255.2700,255.2300,255.2300
1788357877,255.2200,255.2200,255.2100,255.2100
1788357878,255.2200,255.2600,255.2150,255.2150
1788357879,255.2600,255.2600,255.2100,255.2100
1788357884,255.2200,255.2200,255.2200,255.2200
1788357885,255.2200,255.2200,255.2200,255.2200
1788357888,255.2050,255.2050,255.2050,255.2050
1788357891,255.2400,255.2700,255.2400,255.2700
1788357893,255.2300,255.2300,255.2200,255.2200
1788357895,255.2600,255.3300,255.2600,255.3100
1788357896,255.2800,255.2800,255.2600,255.2600
1788357899,255.3300,255.3800,255.2900,255.2900
1788357902,255.3700,255.4800,255.3700,255.4800
1788357904,255.4100,255.4100,255.4100,255.4100
1788357905,255.4200,255.4200,255.4200,255.4200
1788357906,255.4400,255.4400,255.4400,255.4400
1788357907,255.4200,255.4200,255.4200,255.4200
1788357908,255.4600,255.4600,255.4600,255.4600
1788357910,255.4500,255.4900,255.4400,255.4900
1788357911,255.4900,255.4900,255.4900,255.4900
1788357912,255.4900,255.4900,255.4000,255.4000
1788357913,255.3850,255.3850,255.3850,255.3850
1788357914,255.4000,255.4100,255.4000,255.4100
1788357915,255.3900,255.3900,255.3900,255.3900
1788357916,255.3900,255.3900,255.3900,255.3900
1788357917,255.3850,255.3850,255.3850,255.3850
1788357918,255.3850,255.3850,255.3500,255.3500
1788357919,255.2900,255.2900,255.2900,255.2900
1788357920,255.3050,255.3050,255.3050,255.3050
1788357921,255.3000,255.3000,255.2700,255.2700
1788357922,255.2650,255.2650,255.2650,255.2650
1788357924,255.2600,255.2800,255.2500,255.2800
1788357925,255.2400,255.2400,255.2400,255.2400
1788357926,255.2100,255.2500,255.2100,255.2500
1788357931,255.2400,255.2400,255.2400,255.2400
1788357934,255.2700,255.2800,255.2700,255.2800
1788357935,255.2900,255.3000,255.2900,255.2900
1788357936,255.2600,255.2600,255.2600,255.2600
1788357938,255.2900,255.2900,255.2900,255.2900
1788357941,255.2650,255.2650,255.2650,255.2650
1788357943,255.2650,255.3100,255.2650,255.3100
1788357946,255.2700,255.3100,255.2700,255.3100
1788357949,255.3100,255.3200,255.3100,255.3200
1788357950,255.3000,255.3000,255.2800,255.2800
1788357952,255.2900,255.2900,255.2900,255.2900
1788357954,255.2600,255.2600,255.2500,255.2500
1788357955,255.2400,255.2900,255.2400,255.2600
1788357957,255.2600,255.2600,255.2600,255.2600
1788357960,255.2900,255.3900,255.2900,255.3700
1788357965,255.3500,255.3900,255.3500,255.3700
1788357966,255.4000,255.4100,255.4000,255.4100
1788357969,255.3900,255.3900,255.3900,255.3900
1788357970,255.3600,255.3600,255.3600,255.3600
1788357974,255.4000,255.4100,255.4000,255.4100
1788357976,255.4000,255.4000,255.4000,255.4000
1788357977,255.3700,255.3700,255.3400,255.3400
1788357982,255.3700,255.3700,255.3500,255.3500
1788357984,255.3900,255.3900,255.3700,255.3700
1788357985,255.3600,255.3600,255.3600,255.3600
1788357989,255.3600,255.3600,255.3600,255.3600
1788357991,255.3400,255.3700,255.3300,255.3700
1788357993,255.4200,255.4300,255.4200,255.4300
1788357994,255.4400,255.4700,255.4400,255.4700
1788357996,255.4900,255.4900,255.4900,255.4900
1788357999,255.5000,255.5100,255.4500,255.4600
1788358002,255.5200,255.5500,255.4200,255.4200
1788358004,255.4300,255.4300,255.4300,255.4300
1788358011,255.4300,255.4300,255.4100,255.4250
1788358013,255.4100,255.4100,255.3700,255.3700
1788358014,255.3900,255.4000,255.3900,255.4000
1788358016,255.4200,255.4800,255.4100,255.4200
1788358019,255.3800,255.3800,255.3700,255.3700
1788358021,255.3950,255.3950,255.3800,255.3800
1788358022,255.4100,255.4200,255.4100,255.4200
1788358024,255.4350,255.4350,255.4350,255.4350
1788358027,255.4900,255.5000,255.4500,255.4700
1788358029,255.4900,255.7000,255.4800,255.6700
1788358030,255.6700,255.6900,255.6700,255.6700
1788358032,255.6900,255.6900,255.6900,255.6900
1788358033,255.6700,255.7000,255.6600,255.6900
1788358035,255.6900,255.7100,255.5700,255.6000
1788358036,255.6100,255.6400,255.6100,255.6400
1788358037,255.6450,255.6450,255.6450,255.6450
1788358038,255.6600,255.6600,255.6600,255.6600
1788358040,255.6400,255.6400,255.6400,255.6400
1788358043,255.6400,255.6400,255.6400,255.6400
1788358044,255.6000,255.6000,255.5700,255.6000
1788358049,255.6400,255.6600,255.6400,255.6600
1788358050,255.6400,255.6500,255.6400,255.6500
1788358051,255.6400,255.6400,255.6400,255.6400
1788358052,255.6200,255.6200,255.6000,255.6000
1788358054,255.6000,255.6200,255.6000,255.6200
1788358056,255.6100,255.6500,255.6100,255.6450
1788358057,255.6400,255.6400,255.6400,255.6400
1788358059,255.6500,255.6500,255.6200,255.6300
1788358060,255.6400,255.6400,255.6400,255.6400
1788358062,255.6400,255.6400,255.6200,255.6400
1788358063,255.6400,255.6400,255.6400,255.6400
1788358064,255.6400,255.6400,255.6400,255.6400
1788358065,255.6600,255.6600,255.6500,255.6600
1788358066,255.6600,255.6600,255.6500,255.6500
1788358067,255.6300,255.6400,255.6300,255.6400
1788358069,255.6700,255.6700,255.6700,255.6700
1788358070,255.6500,255.6500,255.6500,255.6500
1788358071,255.6600,255.6600,255.6400,255.6400
1788358072,255.6450,255.6500,255.6450,255.6500
1788358074,255.6400,255.6400,255.6300,255.6300
1788358076,255.6200,255.6300,255.6200,255.6300
1788358079,255.6100,255.6100,255.5700,255.5700
1788358080,255.5800,255.6600,255.5800,255.6050
1788358081,255.6100,255.6100,255.6100,255.6100
1788358082,255.6100,255.6400,255.6000,255.6400
1788358086,255.5800,255.6000,255.5800,255.6000
1788358089,255.6100,255.6100,255.6100,255.6100
1788358090,255.6050,255.6050,255.6050,255.6050
1788358091,255.6200,255.6200,255.5900,255.5900
1788358092,255.5800,255.5800,255.5600,255.5600
1788358093,255.5500,255.5900,255.5500,255.5900
1788358095,255.5900,255.5900,255.5900,255.5900
1788358097,255.5800,255.5800,255.5800,255.5800
1788358099,255.5600,255.5600,255.5600,255.5600
1788358101,255.5800,255.5800,255.5800,255.5800
1788358102,255.6000,255.6100,255.6000,255.6100
1788358105,255.6000,255.6000,255.5700,255.5700
1788358106,255.6000,255.6000,255.6000,255.6000
1788358107,255.5700,255.5700,255.5500,255.5500
1788358111,255.6000,255.6000,255.5900,255.5900
1788358116,255.5700,255.5700,255.5700,255.5700
1788358117,255.5700,255.5700,255.5700,255.5700
1788358118,255.5500,255.5500,255.5400,255.5400
1788358121,255.5600,255.5600,255.5600,255.5600
1788358122,255.5550,255.5550,255.5400,255.5500
1788358123,255.5300,255.5300,255.5000,255.5100
1788358128,255.5200,255.5200,255.5200,255.5200
1788358129,255.5300,255.5300,255.5300,255.5300
1788358131,255.5100,255.5100,255.5000,255.5000
1788358132,255.5150,255.5150,255.5150,255.5150
1788358134,255.5400,255.5400,255.5400,255.5400
1788358135,255.5400,255.5400,255.5400,255.5400
1788358137,255.5100,255.5100,255.5000,255.5000
1788358140,255.5000,255.5000,255.5000,255.5000
1788358141,255.5100,255.6800,255.5000,255.6700
1788358142,255.6900,255.7400,255.6900,255.7000
1788358143,255.6700,255.6700,255.6700,255.6700
1788358146,255.6700,255.6700,255.6500,255.6700
1788358150,255.6400,255.6400,255.6400,255.6400
1788358152,255.6500,255.6500,255.6400,255.6400
1788358153,255.6800,255.6900,255.6800,255.6900
1788358154,255.6900,255.6900,255.6900,255.6900
1788358157,255.6850,255.6850,255.6850,255.6850
1788358158,255.6600,255.7000,255.6600,255.7000
1788358160,255.6500,255.6500,255.6500,255.6500
1788358164,255.6900,255.7000,255.6800,255.6800
1788358165,255.6900,255.7200,255.6900,255.7200
1788358167,255.7400,255.7400,255.7400,255.7400
1788358168,255.7300,255.7400,255.7200,255.7300
1788358169,255.7300,255.7400,255.7300,255.7400
1788358172,255.7400,255.7500,255.7400,255.7500
1788358174,255.7600,255.8200,255.7600,255.8200
1788358175,255.8000,255.8000,255.7850,255.7850
1788358176,255.7950,255.8100,255.7950,255.8100
1788358177,255.8300,255.8300,255.8300,255.8300
1788358179,255.8300,255.8400,255.8300,255.8400
1788358180,255.8100,255.8100,255.8100,255.8100
1788358181,255.8000,255.8300,255.7800,255.8300
1788358182,255.7900,255.8000,255.7900,255.8000
1788358183,255.8000,255.8000,255.8000,255.8000
1788358184,255.7700,255.7700,255.7500,255.7500
1788358186,255.7500,255.7500,255.7500,255.7500
1788358188,255.7700,255.7700,255.7700,255.7700
1788358190,255.7900,255.8300,255.7900,255.8300
1788358191,255.8100,255.8500,255.8100,255.8300
1788358192,255.8000,255.8500,255.8000,255.8300
1788358194,255.7950,255.8000,255.7600,255.7700
1788358195,255.7300,255.7400,255.6700,255.6700
1788358196,255.6700,255.6900,255.6700,255.6900
1788358197,255.6900,255.6900,255.6600,255.6800
1788358200,255.7200,255.7600,255.7200,255.7400
1788358201,255.7200,255.7200,255.7200,255.7200
1788358202,255.7400,255.8000,255.7400,255.8000
1788358203,255.8100,255.8400,255.8100,255.8300
1788358204,255.8500,255.8600,255.8500,255.8600
1788358205,255.8600,255.9400,255.8550,255.9400
1788358206,255.9300,255.9400,255.9300,255.9300
1788358207,255.9300,255.9300,255.9100,255.9150
1788358211,255.9100,255.9100,255.9100,255.9100
1788358212,255.9100,255.9100,255.8800,255.8800
1788358213,255.8600,255.8600,255.8100,255.8300
1788358214,255.8100,255.8100,255.6700,255.6700
1788358219,255.7500,255.7500,255.7500,255.7500
1788358220,255.7500,255.7500,255.6900,255.6900
1788358221,255.6900,255.6900,255.6750,255.6750
1788358223,255.6800,255.6800,255.6500,255.6500
1788358227,255.6900,255.7100,255.6900,255.7100
1788358228,255.6850,255.6850,255.6850,255.6850
1788358231,255.6700,255.6700,255.5500,255.5500
1788358232,255.5500,255.5500,255.5500,255.5500
1788358234,255.5600,255.5600,255.5600,255.5600
1788358235,255.5900,255.5900,255.5900,255.5900
1788358237,255.6000,255.6600,255.6000,255.6600
1788358238,255.6600,255.6600,255.6600,255.6600
1788358239,255.6100,255.6300,255.6100,255.6300
1788358241,255.6400,255.6400,255.6400,255.6400
1788358243,255.6400,255.6400,255.6400,255.6400
1788358245,255.6800,255.6900,255.6800,255.6900
1788358249,255.6500,255.6500,255.6500,255.6500
1788358255,255.6750,255.7000,255.6600,255.7000
1788358256,255.7000,255.7000,255.7000,255.7000
1788358262,255.6600,255.6600,255.6500,255.6500
1788358263,255.6300,255.6300,255.6000,255.6100
1788358264,255.5900,255.6000,255.5700,255.6000
1788358268,255.5700,255.5700,255.5300,255.5300
1788358269,255.5700,255.5700,255.5700,255.5700
1788358271,255.6000,255.6000,255.6000,255.6000
1788358273,255.5700,255.5700,255.5700,255.5700
1788358275,255.6000,255.6000,255.6000,255.6000
1788358276,255.6400,255.6400,255.6400,255.6400
1788358279,255.6200,255.6200,255.6000,255.6000
1788358280,255.5800,255.5800,255.5800,255.5800
1788358282,255.5800,255.5800,255.5800,255.5800
1788358283,255.5800,255.5800,255.5700,255.5700
1788358284,255.5850,255.5850,255.5850,255.5850
1788358285,255.6100,255.6100,255.6100,255.6100
1788358286,255.6300,255.6300,255.6300,255.6300
1788358287,255.6400,255.6450,255.6400,255.6450
1788358293,255.6500,255.6500,255.6500,255.6500
1788358294,255.6600,255.6600,255.6600,255.6600
1788358296,255.6700,255.6800,255.6700,255.6800
1788358297,255.7000,255.7000,255.7000,255.7000
1788358298,255.6900,255.7000,255.6800,255.6800
1788358301,255.6800,255.6850,255.6700,255.6850
1788358302,255.6500,255.6500,255.6400,255.6400
1788358303,255.6100,255.6100,255.6000,255.6000
1788358307,255.6350,255.6350,255.6350,255.6350
1788358308,255.6600,255.6700,255.6600,255.6700
1788358309,255.6400,255.6400,255.6400,255.6400
1788358312,255.6600,255.7700,255.6600,255.7600
1788358313,255.7400,255.7600,255.7100,255.7600
1788358317,255.7400,255.7600,255.7400,255.7600
1788358318,255.7600,255.7700,255.7500,255.7500
1788358320,255.7800,255.8100,255.7800,255.8050
1788358321,255.8200,255.8200,255.8200,255.8200
1788358324,255.8400,255.8400,255.8300,255.8300
1788358326,255.8600,255.8700,255.8600,255.8700
1788358327,255.8650,255.8650,255.8500,255.8500
1788358329,255.8700,255.8700,255.7900,255.7900
1788358330,255.8200,255.8200,255.8200,255.8200
1788358332,255.8200,255.8200,255.8100,255.8100
1788358333,255.8400,255.8400,255.8250,255.8250
1788358335,255.8250,255.8250,255.8250,255.8250
1788358336,255.8400,255.9000,255.8400,255.9000
1788358338,255.9000,255.9000,255.8900,255.8900
1788358339,255.8900,255.8900,255.8750,255.8750
1788358340,255.8700,255.8700,255.8200,255.8200
1788358341,255.8400,255.8400,255.8400,255.8400
1788358344,255.9000,255.9000,255.9000,255.9000
1788358345,255.9100,255.9200,255.9100,255.9200
1788358347,255.9400,255.9400,255.9300,255.9300
1788358348,255.9300,255.9300,255.8800,255.8800
1788358349,255.8500,255.8500,255.8300,255.8300
1788358350,255.8000,255.8000,255.7800,255.7800
1788358352,255.7600,255.7600,255.7600,255.7600
1788358353,255.7500,255.7500,255.6900,255.6900
1788358355,255.6700,255.6700,255.6500,255.6500
1788358357,255.6400,255.6400,255.5500,255.5500
1788358358,255.5000,255.5000,255.4300,255.4300
1788358359,255.4100,255.4100,255.2700,255.3300
1788358362,255.3200,255.3200,255.2900,255.2900
1788358365,255.2750,255.2750,255.2750,255.2750
1788358366,255.2900,255.3100,255.2900,255.2900
1788358369,255.2700,255.2700,255.2400,255.2600
1788358370,255.2500,255.2500,255.2500,255.2500
1788358371,255.2600,255.2600,255.2200,255.2200
1788358374,255.2100,255.2100,255.2000,255.2000
1788358375,255.2000,255.2700,255.1700,255.2700
1788358376,255.3200,255.3900,255.3200,255.3900
1788358378,255.4050,255.4050,255.4050,255.4050
1788358379,255.3900,255.3900,255.3600,255.3600
1788358381,255.3500,255.3500,255.3400,255.3500
1788358382,255.3400,255.3800,255.3400,255.3800
1788358384,255.3100,255.3100,255.3000,255.3000
1788358386,255.3400,255.3600,255.3300,255.3600
1788358388,255.3300,255.3300,255.3200,255.3200
1788358389,255.3200,255.3200,255.3200,255.3200
1788358390,255.3600,255.3600,255.3600,255.3600
1788358393,255.3600,255.3700,255.3600,255.3700
1788358394,255.3300,255.3300,255.3200,255.3200
1788358395,255.3500,255.3600,255.3500,255.3550
1788358398,255.3200,255.3200,255.2700,255.2700
1788358400,255.2700,255.2700,255.2700,255.2700
1788358401,255.2750,255.2750,255.2750,255.2750
1788358402,255.2800,255.2950,255.2800,255.2950
1788358403,255.2700,255.2700,255.2700,255.2700
1788358404,255.3200,255.3300,255.3200,255.3200
1788358405,255.3500,255.3500,255.3500,255.3500
1788358408,255.3600,255.4400,255.3600,255.4200
1788358409,255.4300,255.4300,255.4300,255.4300
1788358412,255.4200,255.4200,255.4200,255.4200
1788358413,255.4500,255.4600,255.4500,255.4600
1788358414,255.4500,255.4500,255.4500,255.4500
1788358416,255.4900,255.4900,255.4900,255.4900
1788358417,255.5050,255.5700,255.5050,255.5700
1788358419,255.5550,255.5550,255.5550,255.5550
1788358421,255.5300,255.5300,255.4900,255.4900
1788358423,255.4850,255.4900,255.4850,255.4900
1788358424,255.4700,255.4700,255.4600,255.4700
1788358425,255.4700,255.4900,255.4300,255.4900
1788358426,255.5100,255.5300,255.5100,255.5300
1788358427,255.5300,255.5300,255.5300,255.5300
1788358429,255.5350,255.5350,255.5350,255.5350
1788358430,255.5350,255.5350,255.5350,255.5350
1788358434,255.5700,255.5700,255.5700,255.5700
1788358435,255.5600,255.5600,255.5600,255.5600
1788358439,255.5800,255.5800,255.5800,255.5800
1788358441,255.5500,255.5500,255.5200,255.5500
1788358442,255.5700,255.6050,255.5700,255.6050
1788358443,255.6000,255.6050,255.6000,255.6050
1788358444,255.5900,255.5900,255.5600,255.5600
1788358445,255.6000,255.6000,255.5600,255.5600
1788358446,255.5700,255.5700,255.5700,255.5700
1788358450,255.5700,255.5700,255.5700,255.5700
1788358453,255.5600,255.5600,255.4900,255.4900
1788358454,255.5000,255.5000,255.5000,255.5000
1788358457,255.4900,255.4900,255.4900,255.4900
1788358458,255.4500,255.4500,255.4300,255.4500
1788358463,255.4500,255.4500,255.4500,255.4500
1788358464,255.4500,255.4700,255.4500,255.4700
1788358466,255.5000,255.5100,255.5000,255.5100
1788358467,255.5200,255.5200,255.5200,255.5200
1788358469,255.5200,255.5500,255.5200,255.5500
1788358470,255.5500,255.5500,255.5250,255.5250
1788358471,255.5200,255.5500,255.5200,255.5500
1788358475,255.5600,255.5600,255.5200,255.5200
1788358476,255.5800,255.6500,255.5800,255.6500
1788358482,255.5700,255.5700,255.5600,255.5600
1788358487,255.5400,255.6000,255.5400,255.6000
1788358488,255.6200,255.6300,255.5700,255.5700
1788358490,255.5600,255.5600,255.5600,255.5600
1788358492,255.5550,255.5550,255.5550,255.5550
1788358493,255.5900,255.5900,255.5900,255.5900
1788358494,255.5900,255.5900,255.5900,255.5900
1788358498,255.5700,255.6000,255.5700,255.6000
1788358499,255.5700,255.5700,255.5700,255.5700
1788358501,255.6200,255.7500,255.6200,255.7400
1788358502,255.7700,255.7700,255.7700,255.7700
1788358503,255.7800,255.7800,255.7800,255.7800
1788358505,255.7600,255.7600,255.7600,255.7600
1788358509,255.6800,255.6800,255.6500,255.6500
1788358512,255.6800,255.6800,255.6700,255.6700
1788358515,255.6900,255.7150,255.6900,255.7150
1788358516,255.7200,255.7200,255.6500,255.6500
1788358517,255.6750,255.6750,255.6750,255.6750
1788358518,255.6700,255.6700,255.6200,255.6200
1788358520,255.6600,255.6600,255.6600,255.6600
1788358522,255.6150,255.6150,255.5900,255.5900
1788358524,255.6100,255.6100,255.6100,255.6100
1788358525,255.6100,255.6300,255.6100,255.6300
1788358527,255.7100,255.7800,255.7000,255.7650
1788358530,255.7550,255.7550,255.7550,255.7550
1788358533,255.7600,255.7600,255.7600,255.7600
1788358534,255.7900,255.8000,255.7600,255.7600
1788358536,255.7900,255.7900,255.7900,255.7900
1788358539,255.7700,255.7700,255.7100,255.7500
1788358540,255.7200,255.7200,255.5650,255.5650
1788358541,255.6000,255.6500,255.6000,255.6500
1788358542,255.6900,255.9300,255.6900,255.9000
1788358543,255.8600,255.8600,255.7600,255.7600
1788358544,255.7900,255.7900,255.7900,255.7900
1788358546,255.8250,255.8300,255.8250,255.8300
1788358547,255.8500,255.8500,255.8500,255.8500
1788358550,255.8400,255.8400,255.8400,255.8400
1788358552,255.8400,255.8400,255.8200,255.8300
1788358553,255.8300,255.8300,255.8200,255.8200
1788358554,255.8250,255.8250,255.8150,255.8150
1788358555,255.8250,255.8250,255.7800,255.7800
1788358556,255.8150,255.8150,255.7300,255.7400
1788358557,255.7400,255.7400,255.6100,255.6400
1788358558,255.6100,255.6100,255.6100,255.6100
1788358559,255.6400,255.6400,255.6400,255.6400
1788358560,255.6400,255.6400,255.6150,255.6150
1788358561,255.6050,255.6050,255.5900,255.5900
1788358562,255.6200,255.6200,255.5500,255.5500
1788358564,255.5700,255.5700,255.5700,255.5700
1788358565,255.5700,255.5700,255.5400,255.5400
1788358567,255.5200,255.5250,255.5200,255.5250
1788358571,255.5500,255.5500,255.5500,255.5500
1788358573,255.5000,255.5000,255.5000,255.5000
1788358574,255.5100,255.5300,255.5000,255.5000
1788358575,255.5200,255.5200,255.5200,255.5200
1788358576,255.5600,255.5600,255.5500,255.5500
1788358577,255.5800,255.6000,255.5800,255.6000
1788358579,255.5500,255.5500,255.5400,255.5400
1788358580,255.5600,255.5900,255.5600,255.5900
1788358581,255.5900,255.5900,255.5300,255.5300
1788358587,255.5600,255.5600,255.5600,255.5600
1788358588,255.5400,255.6100,255.5400,255.5900
1788358589,255.6000,255.6000,255.6000,255.6000
1788358591,255.5700,255.5700,255.5500,255.5500
1788358592,255.5800,255.5800,255.5800,255.5800
1788358593,255.5900,255.5900,255.5800,255.5800
1788358594,255.5800,255.5800,255.5800,255.5800
1788358595,255.5800,255.5800,255.5800,255.5800
1788358596,255.5900,255.5900,255.5900,255.5900
1788358599,255.6000,255.6200,255.6000,255.6200
1788358601,255.6700,255.7000,255.6700,255.7000
1788358605,255.7500,255.7700,255.7500,255.7700
1788358606,255.7600,255.7700,255.7600,255.7700
1788358607,255.7550,255.7550,255.7100,255.7100
1788358610,255.7200,255.7200,255.7200,255.7200
1788358611,255.7200,255.7200,255.6800,255.6800
1788358613,255.6500,255.6500,255.6300,255.6300
1788358614,255.6700,255.6700,255.6700,255.6700
1788358615,255.7100,255.7200,255.7100,255.7200
1788358619,255.7300,255.7300,255.7300,255.7300
1788358621,255.7200,255.7200,255.7100,255.7100
1788358622,255.7100,255.7100,255.7100,255.7100
1788358623,255.7400,255.7400,255.7100,255.7100
1788358625,255.7400,255.9000,255.6400,255.8400
1788358629,255.8250,255.8500,255.8250,255.8500
1788358630,255.8550,255.8550,255.8550,255.8550
1788358631,255.8300,255.8300,255.7800,255.7800
1788358632,255.8300,255.8300,255.8300,255.8300
1788358633,255.8350,255.8350,255.8350,255.8350
1788358634,255.7900,255.7900,255.6400,255.7700
1788358637,255.7900,255.7900,255.7900,255.7900
1788358639,255.8400,255.9000,255.8400,255.9000
1788358640,255.9200,255.9200,255.8500,255.8500
1788358641,255.8400,255.8400,255.8100,255.8200
1788358644,255.8300,255.8300,255.8200,255.8200
1788358646,255.7900,255.7900,255.6900,255.7100
1788358647,255.7700,255.7700,255.7700,255.7700
1788358649,255.7900,255.7900,255.7900,255.7900
1788358651,255.8100,255.8300,255.8100,255.8300
1788358652,255.8100,255.8100,255.7800,255.7800
1788358657,255.7700,255.7900,255.7400,255.7500
1788358658,255.7400,255.7400,255.7300,255.7300
1788358659,255.7300,255.7300,255.7300,255.7300
1788358663,255.7000,255.7000,255.5800,255.6100
1788358665,255.6050,255.6800,255.6000,255.6400
1788358669,255.6900,255.6900,255.6900,255.6900
1788358671,255.7000,255.7000,255.7000,255.7000
1788358672,255.7300,255.7400,255.7300,255.7400
1788358673,255.7400,255.8200,255.7400,255.8200
1788358674,255.7950,255.7950,255.7800,255.7800
1788358675,255.7700,255.7700,255.7700,255.7700
1788358676,255.7700,255.7700,255.7700,255.7700
1788358678,255.8300,255.8300,255.8300,255.8300
1788358680,255.8400,255.8400,255.7800,255.7800
1788358683,255.7500,255.7500,255.7500,255.7500
1788358684,255.7100,255.7100,255.6700,255.6700
1788358685,255.6600,255.6600,255.6500,255.6600
1788358687,255.7000,255.7000,255.7000,255.7000
1788358690,255.6900,255.6900,255.6900,255.6900
1788358691,255.6600,255.6600,255.6500,255.6600
1788358693,255.6750,255.6750,255.6750,255.6750
1788358694,255.6750,255.6750,255.5800,255.5800
1788358696,255.6200,255.6600,255.6200,255.6600
1788358698,255.6700,255.7100,255.6700,255.6900
1788358701,255.7300,255.8100,255.7200,255.8100
1788358703,255.7850,255.8200,255.7850,255.8200
1788358704,255.8500,255.8500,255.8500,255.8500
1788358705,255.8800,255.9000,255.8800,255.9000
1788358707,255.9000,255.9000,255.9000,255.9000
1788358708,255.9300,255.9700,255.9300,255.9400
1788358709,255.9100,255.9100,255.9100,255.9100
1788358710,255.9400,255.9500,255.7950,255.7950
1788358714,255.7500,255.7500,255.7500,255.7500
1788358715,255.7200,255.7200,255.7100,255.7100
1788358716,255.7000,255.7000,255.7000,255.7000
1788358717,255.6600,255.6600,255.6050,255.6500
1788358718,255.7000,255.7000,255.7000,255.7000
1788358720,255.7400,255.7400,255.6700,255.6900
1788358721,255.6600,255.6600,255.6600,255.6600
1788358722,255.7000,255.7000,255.7000,255.7000
1788358723,255.6700,255.6700,255.6700,255.6700
1788358724,255.6350,255.6350,255.6300,255.6300
1788358725,255.6300,255.6300,255.1400,255.2500
1788358726,255.2500,255.2550,255.2000,255.2000
1788358727,255.1900,255.2900,255.1900,255.2100
1788358728,255.2500,255.2500,255.2500,255.2500
1788358729,255.3200,255.3200,255.3200,255.3200
1788358730,255.3800,255.3800,255.3800,255.3800
1788358731,255.3950,255.3950,255.3950,255.3950
1788358732,255.3950,255.3950,255.3900,255.3900
1788358734,255.4000,255.4000,255.4000,255.4000
1788358736,255.3500,255.3500,255.3000,255.3000
1788358737,255.3050,255.3050,255.3050,255.3050
1788358741,255.3300,255.3900,255.3300,255.3900
1788358743,255.4000,255.4600,255.4000,255.4600
1788358745,255.5000,255.5000,255.5000,255.5000
1788358747,255.5100,255.5450,255.5100,255.5300
1788358748,255.5000,255.5000,255.4500,255.4500
1788358749,255.4000,255.4000,255.4000,255.4000
1788358754,255.4100,255.4100,255.3900,255.3900
1788358756,255.3500,255.3500,255.3250,255.3250
1788358758,255.2900,255.3000,255.2400,255.3000
1788358760,255.3100,255.3100,255.3100,255.3100
1788358762,255.3600,255.4000,255.3600,255.4000
1788358763,255.4100,255.4100,255.3500,255.3500
1788358764,255.3850,255.3850,255.3850,255.3850
1788358766,255.3400,255.3700,255.3100,255.3700
1788358767,255.3400,255.3400,255.2900,255.3200
1788358769,255.3400,255.3400,255.3400,255.3400
1788358771,255.3200,255.3200,255.3200,255.3200
1788358773,255.3000,255.3300,255.3000,255.3300
1788358775,255.3600,255.3800,255.3500,255.3500
1788358776,255.3400,255.3400,255.3400,255.3400
1788358777,255.3100,255.3100,255.2900,255.2900
1788358779,255.2800,255.2800,255.2800,255.2800
1788358780,255.3000,255.3000,255.2800,255.2800
1788358784,255.3100,255.3900,255.3000,255.3600
1788358786,255.3600,255.3900,255.3600,255.3800
1788358787,255.4100,255.4300,255.4100,255.4200
1788358788,255.3800,255.3800,255.3800,255.3800
1788358790,255.3900,255.3900,255.3900,255.3900
1788358791,255.3900,255.4000,255.3700,255.4000
1788358792,255.4300,255.4300,255.3800,255.3800
1788358794,255.3800,255.3900,255.3800,255.3900
1788358796,255.3900,255.4100,255.3900,255.4100
1788358797,255.3900,255.3900,255.3900,255.3900
1788358798,255.4200,255.4200,255.4100,255.4100
1788358799,255.4300,255.4300,255.3600,255.3600
1788358800,255.3600,255.3700,255.3200,255.3250
1788358808,255.3000,255.3000,255.3000,255.3000
1788358809,255.3000,255.3100,255.2500,255.2500
1788358810,255.3000,255.3000,255.3000,255.3000
1788358812,255.3100,255.3100,255.3000,255.3000
1788358813,255.3300,255.3300,255.3300,255.3300
1788358817,255.3400,255.3400,255.3400,255.3400
1788358818,255.3400,255.3500,255.3400,255.3500
1788358819,255.3700,255.3700,255.3700,255.3700
1788358820,255.3500,255.4200,255.3500,255.3600
1788358821,255.3500,255.3700,255.3500,255.3700
1788358826,255.3700,255.3700,255.3650,255.3700
1788358827,255.3900,255.4200,255.3900,255.4200
1788358830,255.4050,255.4050,255.4000,255.4000
1788358831,255.4100,255.4100,255.4000,255.4000
1788358832,255.3800,255.3800,255.3400,255.3400
1788358833,255.3100,255.3100,255.2750,255.2750
1788358834,255.2600,255.2600,255.2600,255.2600
1788358835,255.2400,255.2500,255.2400,255.2500
1788358838,255.3000,255.3000,255.3000,255.3000
1788358840,255.3200,255.3200,255.3200,255.3200
1788358846,255.3400,255.3900,255.3300,255.3900
1788358852,255.3400,255.3400,255.3100,255.3150
1788358853,255.3300,255.3300,255.3300,255.3300
1788358854,255.3400,255.3600,255.3400,255.3600
1788358856,255.3500,255.3500,255.3500,255.3500
1788358857,255.3000,255.3000,255.2900,255.3000
1788358860,255.3300,255.3300,255.3300,255.3300
1788358861,255.3000,255.3050,255.3000,255.3050
1788358866,255.2900,255.3000,255.2900,255.3000
1788358871,255.3300,255.3900,255.3300,255.3900
1788358873,255.3750,255.3750,255.3700,255.3700
1788358874,255.3600,255.3900,255.3600,255.3900
1788358876,255.4000,255.4100,255.4000,255.4100
1788358878,255.4400,255.4400,255.4400,255.4400
1788358881,255.4300,255.4300,255.4300,255.4300
1788358882,255.4400,255.4500,255.4100,255.4500
1788358883,255.4400,255.4600,255.4300,255.4600
1788358889,255.4700,255.5300,255.4700,255.5300
1788358895,255.5500,255.5500,255.4900,255.4900
1788358896,255.4400,255.4400,255.4250,255.4250
1788358900,255.4900,255.4900,255.4900,255.4900
1788358902,255.5200,255.5200,255.5200,255.5200
1788358903,255.5500,255.6300,255.5500,255.6300
1788358905,255.6300,255.6300,255.6200,255.6200
1788358907,255.6300,255.6300,255.5900,255.5900
1788358910,255.5900,255.5900,255.5700,255.5700
1788358918,255.5800,255.6200,255.5800,255.6200
1788358920,255.5700,255.5700,255.5700,255.5700
1788358921,255.5850,255.6100,255.5850,255.6100
1788358922,255.6300,255.6400,255.6300,255.6300
1788358926,255.6400,255.6800,255.6400,255.6800
1788358928,255.6500,255.6500,255.6500,255.6500
1788358929,255.7000,255.7000,255.7000,255.7000
1788358930,255.7300,255.7300,255.7300,255.7300
1788358935,255.7700,255.7700,255.7700,255.7700
1788358936,255.7800,255.7800,255.7800,255.7800
1788358938,255.7600,255.7700,255.7600,255.7700
1788358940,255.7500,255.7500,255.7500,255.7500
1788358941,255.7600,255.7700,255.7600,255.7600
1788358950,255.7750,255.7750,255.7750,255.7750
1788358952,255.7800,255.8200,255.7800,255.8200
1788358953,255.8500,255.9200,255.8500,255.9200
1788358954,255.9000,255.9000,255.9000,255.9000
1788358956,255.9000,255.9000,255.9000,255.9000
1788358958,255.8600,255.8800,255.8600,255.8800
1788358959,255.8800,255.8800,255.8800,255.8800
1788358960,255.8700,255.8700,255.8700,255.8700
1788358962,255.8700,255.8700,255.8500,255.8600
1788358963,255.8600,255.8600,255.8600,255.8600
1788358965,255.8800,255.8900,255.8800,255.8900
1788358966,255.9100,255.9100,255.9100,255.9100
1788358967,255.8800,255.8800,255.8800,255.8800
1788358970,255.8800,255.8800,255.8800,255.8800
1788358972,255.8750,255.8750,255.8500,255.8500
1788358973,255.8900,255.9000,255.8900,255.9000
1788358975,255.9000,255.9000,255.8900,255.8900
1788358976,255.8600,255.8600,255.8600,255.8600
1788358978,255.8400,255.8400,255.8350,255.8350
1788358979,255.8500,255.8700,255.8500,255.8700
1788358983,255.8700,255.8700,255.8700,255.8700
1788358984,255.8650,255.8650,255.8300,255.8300
1788358985,255.8300,255.8300,255.8000,255.8000
1788358986,255.8200,255.8200,255.8000,255.8000
1788358987,255.7800,255.8300,255.7800,255.8300
1788358988,255.8500,255.8500,255.8200,255.8200
1788358989,255.7800,255.7800,255.7800,255.7800
1788358990,255.7700,255.7700,255.7600,255.7600
1788358991,255.7750,255.7750,255.7500,255.7600
1788358992,255.7400,255.7400,255.7300,255.7300
1788358993,255.7100,255.7100,255.7000,255.7000
1788358994,255.7200,255.7400,255.7200,255.7400
1788358996,255.7200,255.7200,255.7200,255.7200
1788358998,255.6900,255.6900,255.6600,255.6600
1788359000,255.6200,255.6200,255.6200,255.6200
1788359001,255.6400,255.6400,255.6400,255.6400
1788359002,255.6700,255.6900,255.6700,255.6900
1788359003,255.6900,255.7150,255.6900,255.7000
1788359004,255.6900,255.6900,255.6900,255.6900
1788359005,255.7200,255.7200,255.7200,255.7200
1788359006,255.7200,255.7200,255.7200,255.7200
1788359009,255.6900,255.6900,255.6400,255.6400
1788359012,255.6000,255.6000,255.6000,255.6000
1788359018,255.6100,255.6500,255.6100,255.6500
1788359019,255.6500,255.6800,255.6500,255.6800
1788359020,255.7100,255.7400,255.7100,255.7400
1788359022,255.7100,255.7100,255.6900,255.6900
1788359024,255.7200,255.7300,255.7200,255.7300
1788359028,255.6700,255.6700,255.6600,255.6700
1788359030,255.7100,255.7300,255.7100,255.7150
1788359031,255.7000,255.7000,255.6600,255.6600
1788359033,255.7100,255.7100,255.7100,255.7100
1788359035,255.7500,255.7600,255.7500,255.7600
1788359037,255.7700,255.7900,255.7700,255.7900
1788359039,255.7400,255.7400,255.7200,255.7350
1788359040,255.7200,255.7200,255.7200,255.7200
1788359041,255.7400,255.7400,255.7400,255.7400
1788359044,255.7100,255.7100,255.7000,255.7000
1788359047,255.7100,255.7200,255.7100,255.7200
1788359051,255.6850,255.6850,255.6850,255.6850
1788359054,255.6750,255.6750,255.6750,255.6750
1788359056,255.6700,255.6900,255.6700,255.6900
1788359057,255.6600,255.6600,255.6400,255.6400
1788359059,255.6700,255.7400,255.6700,255.7400
1788359060,255.7600,255.7700,255.7400,255.7400
1788359061,255.6900,255.6900,255.6800,255.6800
1788359067,255.6800,255.7000,255.6800,255.7000
1788359076,255.8200,255.8200,255.8200,255.8200
1788359078,255.8500,255.8500,255.8500,255.8500
1788359081,255.8600,255.8700,255.8600,255.8700
1788359082,255.9000,255.9200,255.9000,255.9200
1788359086,255.9300,255.9500,255.9300,255.9500
1788359087,255.9000,255.9200,255.8900,255.8900
1788359089,255.8500,255.8500,255.8000,255.8000
1788359090,255.7900,255.7900,255.7900,255.7900
1788359091,255.7500,255.7500,255.7500,255.7500
1788359092,255.7000,255.7000,255.6700,255.6800
1788359093,255.6700,255.6700,255.6700,255.6700
1788359094,255.7100,255.7100,255.7100,255.7100
1788359095,255.7200,255.7300,255.7200,255.7200
1788359099,255.7600,255.7600,255.7600,255.7600
1788359100,255.7500,255.7600,255.7500,255.7600
1788359105,255.7200,255.7300,255.7200,255.7300
1788359110,255.7200,255.7300,255.7200,255.7300
1788359114,255.7100,255.7100,255.6900,255.7100
1788359115,255.7100,255.7300,255.7100,255.7200
1788359116,255.7100,255.7100,255.7100,255.7100
1788359117,255.7500,255.7800,255.7500,255.7800
1788359118,255.7400,255.7400,255.7400,255.7400
1788359120,255.7500,255.7500,255.7500,255.7500
1788359123,255.7450,255.7450,255.7450,255.7450
1788359125,255.7800,255.7800,255.7800,255.7800
1788359126,255.7500,255.7500,255.7500,255.7500
1788359130,255.7300,255.7300,255.7300,255.7300
1788359131,255.7350,255.7350,255.7000,255.7000
1788359132,255.7000,255.7000,255.7000,255.7000
1788359134,255.6800,255.6800,255.6800,255.6800
1788359135,255.7000,255.7000,255.7000,255.7000
1788359140,255.6900,255.6900,255.6900,255.6900
1788359144,255.7200,255.7200,255.7200,255.7200
1788359145,255.7100,255.7100,255.7100,255.7100
1788359148,255.7100,255.7100,255.7100,255.7100
1788359150,255.6900,255.6900,255.6900,255.6900
1788359154,255.7000,255.7000,255.7000,255.7000
1788359155,255.7000,255.7000,255.7000,255.7000
1788359157,255.7300,255.7600,255.7300,255.7600
1788359162,255.7800,255.8000,255.7800,255.8000
1788359166,255.8000,255.8000,255.8000,255.8000
1788359168,255.8200,255.8500,255.8200,255.8500
1788359175,255.8500,255.8500,255.8500,255.8500
1788359176,255.8700,255.9000,255.8700,255.9000
1788359177,255.9400,255.9400,255.9400,255.9400
1788359178,255.9400,255.9400,255.9400,255.9400
1788359181,255.9500,255.9500,255.9500,255.9500
1788359182,255.9500,255.9500,255.9500,255.9500
1788359183,255.9400,255.9400,255.9400,255.9400
1788359191,255.9400,256.1600,255.9400,256.1100
1788359192,256.0800,256.1100,256.0700,256.1100
1788359193,256.1050,256.1050,256.0900,256.0900
1788359194,256.1050,256.1050,256.0800,256.0800
1788359195,256.1000,256.1400,256.1000,256.1400
1788359196,256.1300,256.1300,256.1300,256.1300
1788359197,256.1300,256.1300,256.1300,256.1300
1788359198,256.1200,256.1700,256.1200,256.1500
1788359200,256.1500,256.1500,256.1000,256.1000
1788359202,256.0900,256.0900,256.0800,256.0800
1788359207,256.0900,256.0900,256.0700,256.0700
1788359209,256.0400,256.0400,256.0300,256.0300
1788359213,256.0400,256.0700,256.0400,256.0700
1788359214,256.0600,256.0600,256.0600,256.0600
1788359215,256.0700,256.0700,256.0700,256.0700
1788359220,256.0400,256.0400,256.0200,256.0200
1788359222,256.0200,256.0300,255.9900,256.0300
1788359227,256.0100,256.0200,256.0100,256.0200
1788359234,256.0100,256.0200,255.9800,255.9800
1788359235,255.9900,256.0000,255.9900,256.0000
1788359236,255.9950,256.0000,255.9900,255.9900
1788359241,255.9700,255.9700,255.9500,255.9500
1788359244,255.9700,255.9700,255.9700,255.9700
1788359246,255.9400,255.9400,255.9400,255.9400
1788359247,255.9300,255.9300,255.9300,255.9300
1788359256,255.9400,255.9400,255.8700,255.8700
1788359257,255.8500,255.8500,255.8500,255.8500
1788359258,255.8700,255.8700,255.8700,255.8700
1788359263,255.8900,255.8900,255.8900,255.8900
1788359265,255.9100,255.9200,255.9100,255.9200
1788359267,255.9300,255.9400,255.9300,255.9400
1788359268,255.9600,255.9600,255.9600,255.9600
1788359271,255.9800,256.0400,255.9800,256.0400
1788359275,256.0300,256.0500,256.0200,256.0200
1788359277,256.0800,256.0800,256.0800,256.0800
1788359278,256.1000,256.1100,256.1000,256.1100
1788359279,256.1200,256.1200,256.1200,256.1200
1788359280,256.1150,256.1150,256.1150,256.1150
1788359283,256.1100,256.1100,256.1100,256.1100
1788359284,256.1000,256.1000,256.0700,256.0700
1788359286,256.0500,256.0500,256.0400,256.0400
1788359288,256.0700,256.0700,256.0500,256.0500
1788359289,256.0800,256.0850,256.0800,256.0850
1788359290,256.0650,256.0650,256.0500,256.0500
1788359291,256.0900,256.1300,256.0900,256.1150
1788359293,256.1200,256.1200,256.1200,256.1200
1788359296,256.0900,256.0900,256.0500,256.0600
1788359297,256.0650,256.0650,256.0650,256.0650
1788359299,256.0600,256.0600,256.0600,256.0600
1788359300,256.0400,256.0400,256.0400,256.0400
1788359301,256.0200,256.0200,256.0000,256.0000
1788359303,256.0250,256.0250,256.0250,256.0250
1788359305,256.0200,256.0200,255.9800,255.9800
1788359306,256.0000,256.0000,256.0000,256.0000
1788359307,255.9800,255.9800,255.9500,255.9500
1788359308,255.9200,255.9200,255.9000,255.9000
1788359311,255.8750,256.2100,255.8750,256.0700
1788359312,256.1200,256.1200,256.0900,256.0900
1788359314,256.1300,256.1300,256.1300,256.1300
1788359318,256.1150,256.1200,256.0900,256.1000
1788359319,256.0900,256.0950,256.0900,256.0900
1788359320,256.0900,256.0900,256.0600,256.0600
1788359322,256.0900,256.0900,256.0900,256.0900
1788359323,256.1000,256.1100,256.0800,256.0800
1788359324,256.0700,256.0700,256.0700,256.0700
1788359325,256.0400,256.0400,256.0400,256.0400
1788359326,256.0750,256.0750,256.0300,256.0600
1788359328,256.1000,256.1700,256.1000,256.1400
1788359332,256.1400,256.1400,256.1300,256.1300
1788359333,256.1300,256.1600,256.1200,256.1200
1788359337,256.1300,256.1400,256.1100,256.1300
1788359340,256.1100,256.1100,256.1100,256.1100
1788359341,256.1500,256.1600,256.1500,256.1600
1788359342,256.1700,256.1700,256.1700,256.1700
1788359344,256.1200,256.1200,256.0900,256.0900
1788359345,256.0900,256.0900,256.0900,256.0900
1788359346,256.1000,256.1100,256.1000,256.1100
1788359347,256.1000,256.1000,256.0900,256.1000
1788359348,256.1050,256.1050,256.1050,256.1050
1788359351,256.1200,256.1300,256.1200,256.1300
1788359353,256.1900,256.2000,256.1900,256.2000
1788359355,256.1900,256.1900,256.1900,256.1900
1788359358,256.1700,256.1900,256.1700,256.1900
1788359359,256.2000,256.2200,256.2000,256.2200
1788359360,256.2300,256.2300,256.2300,256.2300
1788359362,256.2050,256.2050,256.2050,256.2050
1788359363,256.1800,256.1800,256.1550,256.1550
1788359364,256.1300,256.1300,256.1200,256.1200
1788359365,256.1200,256.1300,256.1200,256.1300
1788359366,256.1500,256.1500,256.1300,256.1350
1788359369,256.1000,256.1000,256.1000,256.1000
1788359370,256.0900,256.0900,256.0700,256.0700
1788359371,256.0800,256.0800,256.0800,256.0800
1788359372,256.0850,256.0850,256.0850,256.0850
1788359373,256.1100,256.1100,256.1100,256.1100
1788359381,256.1100,256.1100,256.0900,256.0900
1788359382,256.0600,256.0600,256.0400,256.0400
1788359383,256.0000,256.0000,255.8400,255.9600
1788359384,255.9900,256.0200,255.9800,256.0200
1788359385,256.0400,256.0400,256.0400,256.0400
1788359388,256.0700,256.0900,256.0600,256.0600
1788359394,256.0600,256.0600,256.0600,256.0600
1788359396,256.0550,256.0550,256.0550,256.0550
1788359397,256.0350,256.0350,256.0350,256.0350
1788359398,256.0350,256.0700,256.0350,256.0700
1788359399,256.0700,256.1100,256.0700,256.1100
1788359400,256.0500,256.0500,256.0500,256.0500
1788359402,256.0400,256.0400,256.0400,256.0400
1788359405,256.0400,256.0500,256.0300,256.0500
1788359407,256.0200,256.0200,255.9300,255.9800
1788359408,256.0100,256.1000,256.0100,256.0400
1788359410,256.0100,256.0100,255.9800,256.0000
1788359411,255.9800,256.0000,255.8500,255.8500
1788359412,255.8200,255.8500,255.8200,255.8500
1788359415,255.8100,255.8100,255.7500,255.7700
1788359417,255.8900,255.8900,255.8900,255.8900
1788359418,255.8950,255.8950,255.8950,255.8950
1788359421,255.9300,255.9300,255.9300,255.9300
1788359422,255.9500,255.9600,255.9000,255.9000
1788359423,255.8900,255.8900,255.8800,255.8800
1788359426,255.8350,255.8350,255.8350,255.8350
1788359429,255.8200,255.8200,255.6300,255.6800
1788359430,255.7500,255.7600,255.7300,255.7300
1788359432,255.7600,255.7900,255.7500,255.7900
1788359433,255.8000,255.8000,255.7700,255.7700
1788359434,255.7700,255.7700,255.7700,255.7700
1788359435,255.7700,255.7900,255.7600,255.7600
1788359436,255.7400,255.7500,255.7300,255.7500
1788359437,255.7200,255.7200,255.7200,255.7200
1788359441,255.7600,255.7600,255.7400,255.7400
1788359445,255.7500,255.7600,255.7300,255.7300
1788359449,255.7500,255.7800,255.7500,255.7600
1788359450,255.7800,255.7800,255.7800,255.7800
1788359451,255.7500,255.7500,255.7500,255.7500
1788359454,255.7550,255.7550,255.7550,255.7550
1788359458,255.7550,255.7550,255.7550,255.7550
1788359461,255.7300,255.7300,255.7300,255.7300
1788359462,255.7500,255.7500,255.7500,255.7500
1788359463,255.7600,255.7600,255.7600,255.7600
1788359465,255.7300,255.7300,255.6800,255.7200
1788359467,255.7500,255.7500,255.7500,255.7500
1788359468,255.7800,255.8100,255.7700,255.8100
1788359469,255.7600,255.7600,255.7600,255.7600
1788359470,255.7500,255.7500,255.7500,255.7500
1788359471,255.7500,255.7600,255.7500,255.7550
1788359475,255.7300,255.7300,255.7100,255.7100
1788359476,255.7100,255.7100,255.7100,255.7100
1788359480,255.7300,255.7300,255.7300,255.7300
1788359487,255.7200,255.7300,255.7200,255.7200
1788359488,255.7000,255.7000,255.7000,255.7000
1788359489,255.7000,255.7000,255.7000,255.7000
1788359491,255.6900,255.6900,255.6100,255.6100
1788359495,255.6200,255.6200,255.5900,255.5900
1788359501,255.5700,255.5700,255.5700,255.5700
1788359502,255.5700,255.5700,255.5500,255.5500
1788359503,255.5700,255.5700,255.5700,255.5700
1788359506,255.5700,255.5700,255.5700,255.5700
1788359508,255.6100,255.6100,255.6100,255.6100
1788359510,255.5600,255.5600,255.5600,255.5600
1788359511,255.5500,255.5500,255.5500,255.5500
1788359512,255.5700,255.5700,255.5700,255.5700
1788359513,255.5500,255.5600,255.5400,255.5600
1788359517,255.5450,255.5450,255.5450,255.5450
1788359518,255.5700,255.5700,255.5700,255.5700
1788359520,255.5800,255.5800,255.5800,255.5800
1788359522,255.6100,255.6200,255.6100,255.6200
1788359524,255.6300,255.6300,255.6200,255.6200
1788359529,255.6500,255.6500,255.6500,255.6500
1788359532,255.6600,255.6700,255.6600,255.6700
1788359534,255.6700,255.7500,255.6700,255.6800
1788359536,255.6500,255.6500,255.6500,255.6500
1788359537,255.6100,255.6100,255.6100,255.6100
1788359539,255.6000,255.6000,255.5950,255.5950
1788359540,255.5950,255.5950,255.5950,255.5950
1788359542,255.6200,255.6200,255.6200,255.6200
1788359543,255.6100,255.6100,255.6100,255.6100
1788359544,255.6200,255.6200,255.6200,255.6200
1788359545,255.6350,255.6600,255.6350,255.6500
1788359547,255.6600,255.6600,255.6600,255.6600
1788359548,255.6200,255.6200,255.6200,255.6200
1788359549,255.6000,255.6000,255.5900,255.5900
1788359551,255.5900,255.5900,255.5900,255.5900
1788359552,255.5900,255.5900,255.5400,255.5400
1788359562,255.5200,255.5200,255.5100,255.5100
1788359563,255.5200,255.5200,255.5200,255.5200
1788359564,255.5200,255.5200,255.5150,255.5150
1788359565,255.5150,255.5150,255.5150,255.5150
1788359566,255.5150,255.5150,255.5000,255.5000
1788359567,255.4900,255.4900,255.4900,255.4900
1788359568,255.5000,255.5200,255.5000,255.5200
1788359571,255.4900,255.4900,255.4500,255.4500
1788359573,255.4400,255.4400,255.4200,255.4200
1788359574,255.4100,255.4100,255.3900,255.3900
1788359575,255.4200,255.4200,255.4200,255.4200
1788359579,255.3700,255.3700,255.3700,255.3700
1788359580,255.3500,255.3700,255.3200,255.3700
1788359581,255.3600,255.3600,255.3600,255.3600
1788359587,255.3550,255.3550,255.3550,255.3550
1788359590,255.3500,255.3500,255.3200,255.3200
1788359592,255.3000,255.3000,255.2900,255.2900
1788359593,255.2800,255.2800,255.2500,255.2600
1788359595,255.2800,255.2800,255.2800,255.2800
1788359596,255.3100,255.3500,255.3100,255.3500
1788359597,255.3800,255.3800,255.3800,255.3800
1788359599,255.3900,255.3900,255.3900,255.3900
1788359602,255.4000,255.4050,255.4000,255.4050
1788359604,255.4300,255.4400,255.4300,255.4400
1788359606,255.4600,255.4600,255.4600,255.4600
1788359608,255.4500,255.4500,255.4500,255.4500
1788359609,255.4800,255.4800,255.4800,255.4800
1788359613,255.4850,255.5000,255.4700,255.5000
1788359614,255.5000,255.5300,255.5000,255.5300
1788359616,255.5500,255.5500,255.5100,255.5100
1788359617,255.4600,255.4600,255.4100,255.4600
1788359620,255.4450,255.4450,255.4450,255.4450
1788359621,255.4500,255.4500,255.4500,255.4500
1788359623,255.4800,255.4800,255.4800,255.4800
1788359624,255.4900,255.5150,255.4900,255.5100
1788359625,255.5000,255.5000,255.4700,255.4900
1788359626,255.4900,255.4900,255.4800,255.4800
1788359630,255.4500,255.4500,255.4500,255.4500
1788359631,255.4450,255.4450,255.4400,255.4400
1788359632,255.4200,255.4200,255.4150,255.4150
1788359634,255.4200,255.4300,255.4200,255.4300
1788359637,255.4250,255.4300,255.3900,255.3900
1788359640,255.4400,255.4400,255.4400,255.4400
1788359645,255.4700,255.4700,255.4700,255.4700
1788359646,255.4500,255.4500,255.4500,255.4500
1788359648,255.4500,255.4500,255.4500,255.4500
1788359653,255.4700,255.4700,255.4500,255.4500
1788359654,255.4800,255.4800,255.4800,255.4800
1788359655,255.4900,255.4900,255.4900,255.4900
1788359658,255.5000,255.5100,255.5000,255.5100
1788359659,255.5300,255.5400,255.5300,255.5400
1788359660,255.5500,255.5600,255.5450,255.5450
1788359663,255.5450,255.5450,255.5450,255.5450
1788359664,255.5700,255.5700,255.5500,255.5500
1788359666,255.5800,255.5800,255.5600,255.5600
1788359667,255.5600,255.5600,255.5600,255.5600
1788359668,255.5800,255.5800,255.5800,255.5800
1788359670,255.5800,255.5800,255.5800,255.5800
1788359671,255.5500,255.5500,255.5200,255.5200
1788359673,255.5150,255.5150,255.5150,255.5150
1788359674,255.5200,255.5200,255.4700,255.4700
1788359675,255.4700,255.4800,255.4700,255.4800
1788359676,255.4900,255.4900,255.4900,255.4900
1788359680,255.5100,255.5100,255.5000,255.5100
1788359683,255.5100,255.5200,255.5100,255.5200
1788359684,255.5000,255.5000,255.4800,255.4800
1788359685,255.5100,255.5400,255.5100,255.5400
1788359686,255.5200,255.5200,255.5200,255.5200
1788359688,255.5500,255.5500,255.5500,255.5500
1788359695,255.5700,255.5900,255.5700,255.5700
1788359696,255.6000,255.6000,255.6000,255.6000
1788359697,255.5800,255.5800,255.5700,255.5700
1788359699,255.5800,255.5800,255.5800,255.5800
1788359700,255.5650,255.5800,255.5000,255.5600
1788359701,255.5500,255.5500,255.5300,255.5300
1788359702,255.5200,255.5350,255.5200,255.5350
1788359703,255.5400,255.5400,255.5400,255.5400
1788359704,255.5600,255.5600,255.5600,255.5600
1788359707,255.5500,255.5500,255.5500,255.5500
1788359708,255.5500,255.5700,255.5200,255.5200
1788359710,255.5300,255.5300,255.5300,255.5300
1788359713,255.5600,255.6000,255.5600,255.5900
1788359714,255.5850,255.5850,255.5850,255.5850
1788359716,255.6100,255.6100,255.6100,255.6100
1788359718,255.5400,255.5400,255.5300,255.5300
1788359719,255.5900,255.5900,255.5900,255.5900
1788359722,255.6200,255.6200,255.6200,255.6200
1788359724,255.5800,255.5900,255.5800,255.5900
1788359725,255.6000,255.6000,255.6000,255.6000
1788359729,255.6100,255.6300,255.6100,255.6300
1788359731,255.6350,255.6400,255.6200,255.6400
1788359733,255.6200,255.6200,255.5950,255.6000
1788359735,255.6500,255.6500,255.6450,255.6450
1788359736,255.6300,255.6300,255.6300,255.6300
1788359740,255.5900,255.6000,255.5900,255.5950
1788359743,255.6100,255.6100,255.6100,255.6100
1788359746,255.5900,255.5900,255.5400,255.5400
1788359748,255.5400,255.5400,255.5400,255.5400
1788359753,255.5200,255.5350,255.5000,255.5350
1788359758,255.5400,255.5400,255.5400,255.5400
1788359759,255.5400,255.5400,255.5400,255.5400
1788359760,255.5800,255.5800,255.5800,255.5800
1788359762,255.5900,255.5900,255.5700,255.5900
1788359763,255.6000,255.6000,255.6000,255.6000
1788359764,255.6050,255.6050,255.6050,255.6050
1788359765,255.6050,255.6050,255.6050,255.6050
1788359768,255.6000,255.6000,255.6000,255.6000
1788359769,255.5900,255.5900,255.5900,255.5900
1788359770,255.5800,255.5800,255.5800,255.5800
1788359771,255.5650,255.5650,255.5650,255.5650
1788359774,255.5600,255.5600,255.5400,255.5400
1788359776,255.5200,255.5200,255.5200,255.5200
1788359777,255.5300,255.5700,255.5300,255.5700
1788359780,255.5900,255.5900,255.5900,255.5900
1788359781,255.6000,255.6000,255.6000,255.6000
1788359782,255.5900,255.5900,255.5900,255.5900
1788359783,255.5900,255.6000,255.5900,255.6000
1788359785,255.6100,255.6100,255.6100,255.6100
1788359786,255.6200,255.6200,255.6000,255.6000
1788359787,255.5600,255.5600,255.5600,255.5600
1788359789,255.5700,255.5700,255.5700,255.5700
1788359790,255.6000,255.6000,255.6000,255.6000
1788359794,255.6000,255.6000,255.6000,255.6000
1788359795,255.5900,255.5900,255.5900,255.5900
1788359797,255.5600,255.5600,255.5100,255.5200
1788359799,255.5400,255.5400,255.5400,255.5400
1788359800,255.5400,255.5700,255.5400,255.5700
1788359803,255.5400,255.5400,255.5400,255.5400
1788359805,255.5200,255.5200,255.5200,255.5200
1788359806,255.5400,255.5450,255.5400,255.5450
1788359807,255.5600,255.5700,255.5600,255.5700
1788359808,255.5900,255.5900,255.5900,255.5900
1788359809,255.6200,255.6400,255.6100,255.6100
1788359815,255.6100,255.6200,255.6100,255.6200
1788359821,255.6000,255.6000,255.5800,255.5800
1788359823,255.5650,255.5650,255.5650,255.5650
1788359827,255.5800,255.5800,255.5800,255.5800
1788359830,255.5500,255.5500,255.5500,255.5500
1788359831,255.5700,255.5700,255.5700,255.5700
1788359832,255.5700,255.5700,255.5700,255.5700
1788359835,255.5600,255.5600,255.5200,255.5500
1788359841,255.5600,255.5600,255.5500,255.5500
1788359842,255.5400,255.5400,255.5400,255.5400
1788359844,255.5350,255.5900,255.5350,255.5900
1788359845,255.5750,255.5750,255.5750,255.5750
1788359847,255.5750,255.5750,255.5750,255.5750
1788359850,255.5400,255.5400,255.5400,255.5400
1788359852,255.5300,255.5300,255.5200,255.5200
1788359853,255.5350,255.5350,255.5350,255.5350
1788359854,255.5600,255.5800,255.5600,255.5800
1788359855,255.5500,255.5500,255.5500,255.5500
1788359857,255.5300,255.5300,255.5300,255.5300
1788359858,255.5200,255.5200,255.5100,255.5100
1788359862,255.5000,255.5000,255.4800,255.4800
1788359863,255.4700,255.4700,255.4500,255.4500
1788359865,255.4700,255.4700,255.4700,255.4700
1788359866,255.4800,255.4800,255.4800,255.4800
1788359867,255.4550,255.4550,255.4550,255.4550
1788359869,255.4550,255.4550,255.4550,255.4550
1788359871,255.4600,255.4600,255.3900,255.3900
1788359872,255.3950,255.3950,255.3950,255.3950
1788359874,255.4200,255.4400,255.4200,255.4400
1788359876,255.4000,255.4300,255.3700,255.4300
1788359880,255.4100,255.4100,255.3900,255.3900
1788359882,255.4000,255.4000,255.4000,255.4000
1788359883,255.3900,255.3900,255.3900,255.3900
1788359884,255.3800,255.3800,255.3800,255.3800
1788359885,255.3800,255.4000,255.3800,255.4000
1788359887,255.3900,255.3900,255.3800,255.3850
1788359888,255.3700,255.3700,255.3600,255.3700
1788359891,255.3400,255.3500,255.2800,255.3400
1788359893,255.3200,255.3200,255.3200,255.3200
1788359896,255.3000,255.3000,255.3000,255.3000
1788359901,255.3300,255.3300,255.3050,255.3050
1788359904,255.3000,255.3000,255.3000,255.3000
1788359905,255.3100,255.3100,255.3100,255.3100
1788359907,255.3100,255.3100,255.3100,255.3100
1788359908,255.3000,255.3000,255.2900,255.2900
1788359911,255.2700,255.2800,255.2700,255.2800
1788359912,255.2900,255.2900,255.2900,255.2900
1788359915,255.3000,255.3000,255.2950,255.2950
1788359920,255.2700,255.2700,255.2500,255.2700
1788359924,255.2500,255.2500,255.2400,255.2400
1788359925,255.2400,255.2400,255.2300,255.2300
1788359928,255.2300,255.2400,255.2300,255.2400
1788359930,255.2500,255.2500,255.2500,255.2500
1788359935,255.2600,255.2600,255.2600,255.2600
1788359937,255.2350,255.2350,255.2100,255.2100
1788359939,255.2200,255.2200,255.2200,255.2200
1788359940,255.2200,255.2200,255.2000,255.2200
1788359941,255.2000,255.2000,255.1600,255.1600
1788359943,255.1700,255.1800,255.1700,255.1800
1788359947,255.1750,255.1750,255.1300,255.1300
1788359948,255.1100,255.1100,255.0800,255.0800
1788359950,255.0600,255.0600,255.0600,255.0600
1788359951,255.0600,255.0700,255.0600,255.0700
1788359952,255.0500,255.0700,255.0400,255.0600
1788359955,255.0600,255.1500,255.0600,255.1350
1788359957,255.1400,255.1500,255.1400,255.1500
1788359960,255.1300,255.1300,255.1200,255.1200
1788359962,255.1000,255.1000,254.8900,254.9600
1788359964,254.9600,254.9600,254.9450,254.9450
1788359965,254.9600,254.9700,254.9450,254.9700
1788359967,254.9900,254.9900,254.9600,254.9600
1788359969,254.9200,254.9600,254.9100,254.9100
1788359970,254.9100,254.9100,254.9100,254.9100
1788359972,254.9200,254.9300,254.9200,254.9300
1788359974,254.9300,254.9400,254.9300,254.9400
1788359975,254.9400,254.9800,254.9400,254.9550
1788359977,254.9900,255.0200,254.9900,255.0200
1788359979,255.0000,255.0000,254.9800,254.9800
1788359980,255.0100,255.0100,255.0000,255.0050
1788359983,254.9950,254.9950,254.9900,254.9900
1788359984,254.9900,254.9900,254.8900,254.8900
1788359985,254.9000,254.9000,254.9000,254.9000
1788359987,254.9300,254.9300,254.9200,254.9300
1788359988,254.9200,254.9300,254.9200,254.9300
1788359989,254.9400,254.9600,254.9400,254.9600
1788359990,254.9600,254.9600,254.9300,254.9400
1788359991,254.9300,254.9300,254.9300,254.9300
1788359992,254.9400,254.9600,254.9400,254.9600
1788359996,254.9700,254.9700,254.9700,254.9700
1788359998,254.9700,255.0000,254.9700,255.0000
1788359999,255.0100,255.0100,255.0100,255.0100
1788360000,255.0100,255.0200,255.0000,255.0100
1788360005,255.0200,255.0200,255.0150,255.0150
1788360006,255.0400,255.0800,254.9700,254.9700
1788360008,254.9700,254.9700,254.9500,254.9600
1788360010,254.9300,254.9300,254.9300,254.9300
1788360013,254.9500,255.0100,254.9500,254.9900
1788360015,255.0000,255.1800,255.0000,255.1800
1788360016,255.1800,255.2700,255.1800,255.2700
1788360017,255.2700,255.2700,255.2700,255.2700
1788360020,255.2200,255.2200,255.1900,255.1900
1788360022,255.1900,255.1900,255.1900,255.1900
1788360023,255.2100,255.2500,255.2100,255.2500
1788360026,255.2700,255.3000,255.2700,255.3000
1788360029,255.2800,255.2800,255.2700,255.2700
1788360031,255.2800,255.2900,255.2400,255.2400
1788360032,255.2600,255.2600,255.2600,255.2600
1788360035,255.2500,255.2500,255.2200,255.2200
1788360037,255.2100,255.2100,255.1600,255.1600
1788360039,255.1800,255.1800,255.1800,255.1800
1788360041,255.2000,255.2000,255.2000,255.2000
1788360042,255.2000,255.2000,255.2000,255.2000
1788360047,255.2200,255.2500,255.2200,255.2500
1788360048,255.2650,255.2650,255.2650,255.2650
1788360051,255.2600,255.2600,255.2600,255.2600
1788360053,255.2800,255.2800,255.2800,255.2800
1788360057,255.3200,255.3200,255.3200,255.3200
1788360059,255.3400,255.3400,255.3400,255.3400
1788360060,255.3700,255.3700,255.3700,255.3700
1788360062,255.3500,255.3500,255.3200,255.3200
1788360068,255.3000,255.3000,255.2800,255.2800
1788360072,255.2900,255.3300,255.2900,255.3300
1788360073,255.3100,255.3100,255.3100,255.3100
1788360074,255.3300,255.3500,255.3300,255.3500
1788360076,255.3700,255.3700,255.3700,255.3700
1788360077,255.4200,255.4400,255.4100,255.4400
1788360081,255.4500,255.4500,255.4500,255.4500
1788360083,255.4000,255.4000,255.4000,255.4000
1788360085,255.4400,255.4500,255.4400,255.4500
1788360086,255.4600,255.4600,255.4600,255.4600
1788360087,255.4700,255.5200,255.4700,255.4900
1788360089,255.4800,255.4800,255.4800,255.4800
1788360090,255.4600,255.4600,255.4600,255.4600
1788360092,255.4700,255.4700,255.4500,255.4500
1788360094,255.4500,255.4500,255.4400,255.4500
1788360096,255.4300,255.4300,255.4300,255.4300
1788360097,255.4200,255.4200,255.4200,255.4200
1788360100,255.4100,255.4100,255.4000,255.4000
1788360102,255.3600,255.3600,255.3600,255.3600
1788360106,255.3700,255.3800,255.3700,255.3800
1788360107,255.3700,255.3700,255.3600,255.3600
1788360109,255.3700,255.3700,255.3700,255.3700
1788360112,255.3900,255.3900,255.3900,255.3900
1788360117,255.4000,255.4000,255.4000,255.4000
1788360120,255.4100,255.4100,255.4100,255.4100
1788360121,255.4200,255.4300,255.4200,255.4300
1788360124,255.5000,255.5000,255.5000,255.5000
1788360125,255.5000,255.5000,255.5000,255.5000
1788360126,255.5100,255.5300,255.5100,255.5300
1788360128,255.5300,255.5450,255.5300,255.5450
1788360131,255.5500,255.5600,255.5500,255.5600
1788360132,255.5700,255.5800,255.5700,255.5800
1788360135,255.5850,255.5850,255.5700,255.5700
1788360138,255.5700,255.5700,255.5300,255.5500
1788360139,255.5550,255.5550,255.5200,255.5500
1788360141,255.5700,255.5700,255.5400,255.5600
1788360142,255.5450,255.5450,255.5450,255.5450
1788360147,255.5500,255.5500,255.5500,255.5500
1788360148,255.5500,255.5500,255.5500,255.5500
1788360150,255.5700,255.5700,255.5700,255.5700
1788360151,255.5550,255.5550,255.5550,255.5550
1788360154,255.5500,255.5800,255.4700,255.5300
1788360157,255.5100,255.5100,255.4900,255.4900
1788360158,255.5100,255.5100,255.4600,255.4600
1788360167,255.4300,255.4300,255.4300,255.4300
1788360170,255.4000,255.4000,255.4000,255.4000
1788360173,255.3800,255.3800,255.3500,255.3500
1788360174,255.3900,255.3900,255.3800,255.3800
1788360182,255.3500,255.3500,255.3300,255.3300
1788360183,255.3200,255.3200,255.2600,255.2800
1788360184,255.2600,255.2650,255.2600,255.2600
1788360185,255.2700,255.2900,255.2700,255.2900
1788360187,255.2900,255.2900,255.2900,255.2900
1788360188,255.2500,255.2500,255.2500,255.2500
1788360189,255.2200,255.2200,255.1950,255.1950
1788360190,255.2100,255.2100,255.2000,255.2000
1788360191,255.2200,255.2300,255.2200,255.2300
1788360192,255.2350,255.2600,255.2350,255.2600
1788360195,255.2700,255.2700,255.2700,255.2700
1788360204,255.2600,255.2600,255.2500,255.2500
1788360205,255.2400,255.2400,255.2200,255.2200
1788360208,255.2200,255.2200,255.2200,255.2200
1788360214,255.1900,255.2000,255.1650,255.1650
1788360218,255.1800,255.1800,255.1800,255.1800
1788360219,255.2100,255.2550,255.2100,255.2550
1788360220,255.2400,255.2400,255.2400,255.2400
1788360221,255.2700,255.2700,255.2600,255.2600
1788360226,255.2700,255.2700,255.2700,255.2700
1788360229,255.2900,255.3000,255.2900,255.3000
1788360232,255.3100,255.3200,255.3100,255.3200
1788360235,255.2900,255.2900,255.2900,255.2900
1788360237,255.2800,255.2800,255.2700,255.2700
1788360240,255.2600,255.2650,255.2600,255.2650
1788360244,255.2800,255.2800,255.2800,255.2800
1788360248,255.2900,255.2900,255.2900,255.2900
1788360251,255.3100,255.3100,255.3100,255.3100
1788360253,255.3100,255.3200,255.3000,255.3000
1788360258,255.2950,255.2950,255.2700,255.2700
1788360259,255.2800,255.2800,255.2800,255.2800
1788360260,255.2900,255.2900,255.2900,255.2900
1788360262,255.2900,255.3000,255.2800,255.2800
1788360264,255.3100,255.3300,255.3100,255.3300
1788360265,255.3400,255.3600,255.3400,255.3600
1788360267,255.3800,255.3800,255.3800,255.3800
1788360268,255.3900,255.3900,255.3900,255.3900
1788360269,255.3600,255.3600,255.3600,255.3600
1788360270,255.3300,255.3300,255.3100,255.3100
1788360271,255.3000,255.3300,255.3000,255.3200
1788360273,255.3200,255.4000,255.3000,255.3850
1788360274,255.3750,255.3750,255.3750,255.3750
1788360275,255.3750,255.3750,255.3750,255.3750
1788360276,255.3750,255.3750,255.3750,255.3750
1788360277,255.3750,255.3750,255.3600,255.3600
1788360279,255.3600,255.3600,255.3600,255.3600
1788360281,255.3800,255.3900,255.3800,255.3900
1788360285,255.3800,255.3800,255.3800,255.3800
1788360286,255.4000,255.4000,255.3900,255.4000
1788360287,255.3800,255.3800,255.3800,255.3800
1788360289,255.3600,255.3600,255.3600,255.3600
1788360290,255.3500,255.3500,255.3500,255.3500
1788360291,255.3400,255.3400,255.3400,255.3400
1788360292,255.3400,255.3400,255.3400,255.3400
1788360293,255.3300,255.3500,255.3300,255.3500
1788360300,255.3200,255.3250,255.3200,255.3250
1788360301,255.3400,255.3600,255.3400,255.3600
1788360304,255.3400,255.3400,255.3400,255.3400
1788360307,255.3600,255.3700,255.3600,255.3700
1788360308,255.3800,255.3800,255.3650,255.3700
1788360309,255.3900,255.3900,255.3800,255.3800
1788360310,255.3500,255.3500,255.3500,255.3500
1788360311,255.3600,255.3600,255.3500,255.3500
1788360314,255.3700,255.3800,255.3700,255.3800
1788360315,255.3700,255.3700,255.3700,255.3700
1788360316,255.3800,255.3800,255.3800,255.3800
1788360318,255.3600,255.3600,255.3400,255.3600
1788360319,255.3400,255.3400,255.3200,255.3200
1788360320,255.3100,255.3100,255.3100,255.3100
1788360324,255.3050,255.3100,255.3050,255.3050
1788360325,255.3050,255.3050,255.3050,255.3050
1788360329,255.3000,255.3000,255.2500,255.2500
1788360330,255.2400,255.2400,255.2400,255.2400
1788360331,255.2400,255.2400,255.2400,255.2400
1788360332,255.2300,255.2600,255.2300,255.2600
1788360334,255.2700,255.3200,255.2700,255.3000
1788360335,255.3200,255.3400,255.3200,255.3400
1788360337,255.3550,255.3550,255.3550,255.3550
1788360338,255.3500,255.3500,255.3500,255.3500
1788360339,255.3500,255.3500,255.3450,255.3500
1788360340,255.3400,255.3400,255.3400,255.3400
1788360342,255.3700,255.3700,255.3700,255.3700
1788360343,255.3200,255.3200,255.2800,255.2900
1788360346,255.2850,255.2850,255.2850,255.2850
1788360347,255.2600,255.2600,255.2500,255.2500
1788360348,255.2600,255.3200,255.2600,255.3000
1788360351,255.3100,255.3300,255.3100,255.3300
1788360352,255.3150,255.3150,255.3150,255.3150
1788360353,255.3150,255.3150,255.3150,255.3150
1788360354,255.3400,255.3400,255.3200,255.3200
1788360355,255.3200,255.3600,255.3200,255.3600
1788360356,255.3500,255.3500,255.3400,255.3400
1788360357,255.3300,255.3300,255.3200,255.3200
1788360358,255.3200,255.3200,255.3100,255.3100
1788360359,255.3000,255.3000,255.3000,255.3000
1788360361,255.3200,255.3300,255.3200,255.3300
1788360365,255.3200,255.3200,255.2700,255.3000
1788360368,255.3300,255.6050,255.3200,255.6000
1788360369,255.5900,255.6000,255.5850,255.5900
1788360370,255.6100,255.6200,255.5950,255.5950
1788360371,255.6000,255.6200,255.6000,255.6200
1788360373,255.6200,255.6400,255.5900,255.5900
1788360374,255.5900,255.6000,255.5800,255.5800
1788360375,255.5900,255.5900,255.5900,255.5900
1788360376,255.5900,255.5900,255.5900,255.5900
1788360377,255.6000,255.6000,255.5300,255.5300
1788360378,255.4800,255.4800,255.4500,255.4500
1788360380,255.4300,255.4500,255.4100,255.4500
1788360381,255.4400,255.4450,255.4400,255.4450
1788360382,255.4450,255.4800,255.4200,255.4700
1788360383,255.4700,255.4700,255.4700,255.4700
1788360385,255.4400,255.4400,255.4400,255.4400
1788360388,255.4600,255.5400,255.4600,255.5200
1788360392,255.5500,255.5500,255.5500,255.5500
1788360397,255.6100,255.6150,255.6100,255.6150
1788360403,255.5850,255.5850,255.5850,255.5850
1788360405,255.5800,255.5900,255.5800,255.5900
1788360407,255.6200,255.6200,255.5900,255.6100
1788360410,255.6200,255.6200,255.6200,255.6200
1788360411,255.6300,255.6300,255.6100,255.6100
1788360412,255.6100,255.6100,255.6100,255.6100
1788360415,255.6500,255.7100,255.6500,255.6700
1788360420,255.6600,255.6600,255.6600,255.6600
1788360421,255.6800,255.6900,255.6800,255.6900
1788360424,255.6500,255.6500,255.6300,255.6400
1788360425,255.6600,255.6600,255.6600,255.6600
1788360428,255.6600,255.6600,255.6400,255.6400
1788360435,255.6800,255.6900,255.6800,255.6900
1788360437,255.6700,255.7200,255.6500,255.7200
1788360439,255.7300,255.7300,255.7300,255.7300
1788360441,255.7300,255.7400,255.7300,255.7400
1788360443,255.7250,255.7900,255.7250,255.7700
1788360444,255.7500,255.7600,255.7500,255.7600
1788360446,255.7700,255.7800,255.7700,255.7800
1788360449,255.7600,255.7800,255.7550,255.7550
1788360451,255.7300,255.7300,255.7300,255.7300
1788360455,255.7600,255.7600,255.7500,255.7500
1788360457,255.7800,255.7800,255.7800,255.7800
1788360459,255.7650,255.7650,255.7600,255.7600
1788360462,255.7500,255.7500,255.7300,255.7400
1788360464,255.7600,255.7800,255.7600,255.7800
1788360466,255.7800,255.7800,255.7800,255.7800
1788360468,255.7800,255.7900,255.7800,255.7900
1788360470,255.8000,255.8100,255.8000,255.8100
1788360472,255.7500,255.7500,255.7500,255.7500
1788360475,255.7600,255.7700,255.7600,255.7700
1788360477,255.7700,255.7800,255.7600,255.7600
1788360478,255.7700,255.7750,255.7700,255.7750
1788360481,255.7600,255.7600,255.7500,255.7500
1788360482,255.7600,255.7600,255.7600,255.7600
1788360486,255.7900,255.7900,255.7900,255.7900
1788360487,255.7800,255.7800,255.7700,255.7700
1788360489,255.8000,255.8000,255.7800,255.7900
1788360490,255.7850,255.7850,255.7850,255.7850
1788360491,255.7700,255.7700,255.6400,255.6600
1788360492,255.6400,255.6800,255.6150,255.6150
1788360493,255.6100,255.6100,255.6000,255.6000
1788360497,255.5850,255.5850,255.5850,255.5850
1788360499,255.6100,255.6100,255.6100,255.6100
1788360500,255.6300,255.6300,255.6300,255.6300
1788360504,255.6500,255.6500,255.6500,255.6500
1788360507,255.6500,255.6500,255.6500,255.6500
1788360508,255.6700,255.6700,255.6700,255.6700
1788360509,255.6550,255.6550,255.6550,255.6550
1788360511,255.6800,255.6800,255.6800,255.6800
1788360517,255.6800,255.8000,255.6800,255.8000
1788360521,255.7900,255.7900,255.7900,255.7900
1788360528,255.7600,255.7700,255.7400,255.7700
1788360530,255.7900,255.7900,255.7900,255.7900
1788360531,255.7750,255.7750,255.7600,255.7700
1788360536,255.7200,255.7500,255.6300,255.6300
1788360537,255.6200,255.6200,255.6200,255.6200
1788360541,255.6100,255.6100,255.6100,255.6100
1788360545,255.6400,255.6400,255.6400,255.6400
1788360549,255.6200,255.6200,255.6200,255.6200
1788360552,255.6100,255.6100,255.5900,255.5900
1788360553,255.6300,255.6400,255.6300,255.6400
1788360555,255.6400,255.6800,255.6400,255.6800
1788360556,255.6800,255.6800,255.6800,255.6800
1788360558,255.6900,255.6900,255.6900,255.6900
1788360560,255.7000,255.7000,255.6950,255.6950
1788360564,255.7100,255.7400,255.7100,255.7400
1788360565,255.7400,255.7400,255.7400,255.7400
1788360568,255.7300,255.7300,255.7300,255.7300
1788360570,255.7400,255.7400,255.7400,255.7400
1788360572,255.7400,255.7400,255.7400,255.7400
1788360574,255.7150,255.7150,255.7150,255.7150
1788360576,255.7300,255.7300,255.7200,255.7200
1788360583,255.7300,255.7300,255.7300,255.7300
1788360585,255.7000,255.7000,255.6900,255.7000
1788360588,255.7100,255.7100,255.7100,255.7100
1788360590,255.6800,255.6800,255.6600,255.6600
1788360594,255.6600,255.6600,255.6200,255.6400
1788360595,255.6400,255.6400,255.6400,255.6400
1788360597,255.6700,255.6700,255.6700,255.6700
1788360600,255.6700,255.6900,255.6700,255.6800
1788360601,255.6900,255.6900,255.6900,255.6900
1788360604,255.6800,255.6800,255.6700,255.6800
1788360607,255.6850,255.6850,255.6850,255.6850
1788360611,255.6900,255.6900,255.6700,255.6700
1788360615,255.6600,255.6600,255.6600,255.6600
1788360620,255.6600,255.6600,255.6600,255.6600
1788360621,255.6800,255.6800,255.6800,255.6800
1788360624,255.6900,255.7000,255.6900,255.7000
1788360627,255.6700,255.6700,255.6000,255.6050
1788360629,255.6000,255.6000,255.5800,255.5800
1788360630,255.5750,255.5750,255.5750,255.5750
1788360636,255.5600,255.5600,255.5500,255.5500
1788360639,255.5200,255.5200,255.4500,255.4500
1788360640,255.4300,255.4300,255.4200,255.4200
1788360643,255.3900,255.3900,255.3800,255.3800
1788360644,255.3700,255.3700,255.3700,255.3700
1788360645,255.3600,255.3700,255.3600,255.3700
1788360650,255.3850,255.3850,255.3850,255.3850
1788360657,255.3800,255.3800,255.3800,255.3800
1788360658,255.3800,255.3800,255.2950,255.3000
1788360659,255.2700,255.2700,255.2300,255.2300
1788360660,255.2500,255.2600,255.2500,255.2600
1788360662,255.3000,255.3000,255.3000,255.3000
1788360665,255.3300,255.3300,255.3300,255.3300
1788360667,255.3100,255.3100,255.3100,255.3100
1788360668,255.3100,255.3100,255.3100,255.3100
1788360669,255.3350,255.3350,255.3350,255.3350
1788360673,255.3500,255.3600,255.3500,255.3600
1788360674,255.3550,255.3550,255.3550,255.3550
1788360676,255.3300,255.3300,255.3200,255.3200
1788360677,255.3200,255.3200,255.3200,255.3200
1788360681,255.2900,255.3050,255.2900,255.3050
1788360683,255.2400,255.2600,255.2100,255.2600
1788360685,255.2500,255.2500,255.2500,255.2500
1788360688,255.2400,255.3200,255.2400,255.3200
1788360691,255.2600,255.2800,255.2600,255.2800
1788360692,255.2950,255.2950,255.2950,255.2950
1788360694,255.3000,255.3000,255.3000,255.3000
1788360697,255.3050,255.3300,255.3050,255.3300
1788360698,255.3200,255.3200,255.3200,255.3200
1788360699,255.3400,255.3500,255.3400,255.3500
1788360701,255.3350,255.3350,255.3350,255.3350
1788360705,255.3300,255.3300,255.3000,255.3000
1788360713,255.3300,255.3700,255.3300,255.3600
1788360717,255.3500,255.3500,255.3500,255.3500
1788360729,255.3400,255.3400,255.3100,255.3100
1788360730,255.3200,255.3200,255.3000,255.3100
1788360732,255.3250,255.3250,255.3250,255.3250
1788360733,255.3250,255.3400,255.3250,255.3400
1788360735,255.3200,255.3200,255.3000,255.3000
1788360741,255.3100,255.3800,255.3000,255.3800
1788360743,255.3600,255.3600,255.3600,255.3600
1788360746,255.3300,255.3300,255.3300,255.3300
1788360749,255.3100,255.3100,255.3000,255.3000
1788360750,255.3050,255.3050,255.3050,255.3050
1788360753,255.3150,255.3150,255.3150,255.3150
1788360767,255.3300,255.3300,255.3300,255.3300
1788360769,255.3200,255.3200,255.3050,255.3050
1788360770,255.3200,255.3200,255.3200,255.3200
1788360775,255.3300,255.3300,255.3300,255.3300
1788360776,255.3100,255.3100,255.2900,255.2900
1788360778,255.3000,255.3000,255.3000,255.3000
1788360779,255.3100,255.3100,255.3000,255.3000
1788360784,255.3100,255.3200,255.3100,255.3200
1788360787,255.3000,255.3000,255.2700,255.2700
1788360790,255.2900,255.2900,255.2800,255.2800
1788360791,255.2800,255.2800,255.2800,255.2800
1788360798,255.3100,255.3100,255.3100,255.3100
1788360802,255.3050,255.3300,255.3000,255.3000
1788360803,255.2900,255.3100,255.2400,255.3100
1788360806,255.2900,255.3100,255.2900,255.3100
1788360807,255.3200,255.3200,255.3200,255.3200
1788360810,255.2950,255.2950,255.2950,255.2950
1788360812,255.2600,255.2600,255.1800,255.1800
1788360816,255.1750,255.1750,255.1750,255.1750
1788360821,255.1500,255.1500,255.1300,255.1300
1788360825,255.1100,255.1100,255.1100,255.1100
1788360827,255.1000,255.1000,255.1000,255.1000
1788360830,255.1000,255.1000,255.0700,255.0700
1788360836,255.0800,255.0800,255.0800,255.0800
1788360838,255.0900,255.1000,255.0900,255.1000
1788360840,255.0800,255.0800,255.0800,255.0800
1788360842,255.1000,255.1300,255.1000,255.1300
1788360845,255.1100,255.1100,255.1100,255.1100
1788360848,255.1050,255.1050,255.1050,255.1050
1788360849,255.1200,255.1300,255.1200,255.1200
1788360850,255.1400,255.1400,255.1400,255.1400
1788360851,255.1300,255.1300,255.1000,255.1000
1788360852,255.1000,255.1000,255.0600,255.0900
1788360857,255.1300,255.1300,255.1300,255.1300
1788360859,255.1100,255.1100,255.1100,255.1100
1788360863,255.1600,255.1850,255.1600,255.1850
1788360864,255.2100,255.2500,255.2100,255.2500
1788360866,255.2600,255.2600,255.2600,255.2600
1788360867,255.2700,255.3400,255.2700,255.3400
1788360868,255.3600,255.3600,255.3600,255.3600
1788360869,255.3700,255.3700,255.3500,255.3500
1788360870,255.3400,255.3400,255.3400,255.3400
1788360871,255.3700,255.3700,255.3700,255.3700
1788360873,255.4000,255.4000,255.4000,255.4000
1788360874,255.4200,255.4200,255.4200,255.4200
1788360875,255.4000,255.4000,255.3750,255.3750
1788360883,255.3500,255.3500,255.3500,255.3500
1788360884,255.3500,255.3600,255.3300,255.3600
1788360886,255.3200,255.3200,255.3200,255.3200
1788360887,255.3200,255.3200,255.3000,255.3000
1788360894,255.2500,255.2500,255.2400,255.2400
1788360896,255.2500,255.2500,255.2400,255.2400
1788360897,255.2600,255.2600,255.2600,255.2600
1788360899,255.2600,255.2600,255.2600,255.2600
1788360900,255.2800,255.2900,255.2800,255.2900
1788360905,255.3200,255.3200,255.3200,255.3200
1788360910,255.3800,255.4300,255.3800,255.4000
1788360911,255.4100,255.4200,255.4100,255.4200
1788360912,255.4000,255.4000,255.4000,255.4000
1788360914,255.3900,255.3900,255.3900,255.3900
1788360916,255.4000,255.4000,255.4000,255.4000
1788360920,255.3800,255.3800,255.3800,255.3800
1788360921,255.3900,255.3900,255.3900,255.3900
1788360923,255.4000,255.4000,255.3900,255.3900
1788360924,255.4100,255.4200,255.4100,255.4200
1788360927,255.4400,255.4400,255.4400,255.4400
1788360929,255.4200,255.4200,255.4000,255.4000
1788360935,255.4350,255.4600,255.4350,255.4400
1788360938,255.4500,255.4800,255.4500,255.4800
1788360948,255.5000,255.5000,255.5000,255.5000
1788360952,255.5000,255.5200,255.4600,255.4800
1788360954,255.4900,255.4900,255.4600,255.4600
1788360955,255.4400,255.4400,255.4300,255.4400
1788360956,255.4200,255.4200,255.4000,255.4100
1788360967,255.4600,255.4600,255.4600,255.4600
1788360970,255.4600,255.4600,255.4600,255.4600
1788360972,255.4500,255.4500,255.4200,255.4200
1788360973,255.4200,255.4200,255.3900,255.3900
1788360974,255.3900,255.3900,255.3900,255.3900
1788360975,255.3800,255.3800,255.3800,255.3800
1788360978,255.3500,255.3500,255.3500,255.3500
1788360979,255.3200,255.3200,255.3200,255.3200
1788360980,255.3300,255.3400,255.3300,255.3400
1788360985,255.3300,255.3300,255.3300,255.3300
1788360987,255.3250,255.3250,255.3250,255.3250
1788360990,255.3600,255.3600,255.3600,255.3600
1788360991,255.3650,255.3650,255.3650,255.3650
1788360993,255.3900,255.4000,255.3900,255.4000
1788360994,255.3700,255.3700,255.3700,255.3700
1788360997,255.3500,255.3500,255.3500,255.3500
1788361001,255.3300,255.3300,255.3000,255.3000
1788361003,255.2900,255.2900,255.2800,255.2800
1788361009,255.2900,255.2900,255.2900,255.2900
1788361016,255.3100,255.3100,255.3100,255.3100
1788361020,255.3200,255.3200,255.3200,255.3200
1788361028,255.3200,255.3200,255.3000,255.3000
1788361029,255.3400,255.4000,255.3400,255.3850
1788361033,255.3800,255.3800,255.3800,255.3800
1788361034,255.4000,255.4000,255.4000,255.4000
1788361036,255.3850,255.4000,255.3850,255.3900
1788361040,255.4200,255.4200,255.4200,255.4200
1788361045,255.3950,255.3950,255.3950,255.3950
1788361051,255.3800,255.3800,255.3500,255.3500
1788361061,255.3100,255.3100,255.3000,255.3000
1788361062,255.3100,255.3100,255.2700,255.2900
1788361064,255.2900,255.2900,255.2900,255.2900
1788361066,255.3000,255.3200,255.3000,255.3000
1788361067,255.3200,255.3200,255.3200,255.3200
1788361068,255.2900,255.2900,255.2900,255.2900
1788361070,255.3300,255.3400,255.3300,255.3400
1788361071,255.3400,255.3600,255.3400,255.3600
1788361072,255.4200,255.4200,255.4200,255.4200
1788361075,255.4500,255.4700,255.4500,255.4700
1788361082,255.5000,255.5200,255.5000,255.5200
1788361083,255.5000,255.5300,255.5000,255.5300
1788361085,255.5300,255.5300,255.5300,255.5300
1788361086,255.5100,255.5100,255.5000,255.5000
1788361097,255.5000,255.5000,255.5000,255.5000
1788361102,255.5050,255.5050,255.5050,255.5050
1788361103,255.5300,255.5400,255.5300,255.5400
1788361106,255.5000,255.5000,255.5000,255.5000
1788361109,255.5000,255.5000,255.5000,255.5000
1788361112,255.4700,255.5000,255.4700,255.5000
1788361114,255.4700,255.4700,255.4400,255.4400
1788361116,255.4500,255.4500,255.4500,255.4500
1788361117,255.4500,255.4500,255.4500,255.4500
1788361119,255.4000,255.4000,255.4000,255.4000
1788361120,255.4100,255.4100,255.4000,255.4000
1788361134,255.4000,255.4000,255.4000,255.4000
1788361136,255.3600,255.3700,255.3500,255.3700
1788361139,255.3900,255.3900,255.3900,255.3900
1788361144,255.3600,255.3650,255.3600,255.3650
1788361145,255.3900,255.3900,255.3900,255.3900
1788361147,255.3700,255.3700,255.3700,255.3700
1788361148,255.3800,255.3800,255.3800,255.3800
1788361150,255.3600,255.3650,255.3600,255.3650
1788361155,255.3500,255.3500,255.3500,255.3500
1788361157,255.3700,255.3700,255.3700,255.3700
1788361158,255.3800,255.3800,255.3800,255.3800
1788361161,255.3900,255.4000,255.3900,255.4000
1788361165,255.3800,255.3800,255.3500,255.3500
1788361166,255.3750,255.3750,255.3750,255.3750
1788361173,255.3600,255.3600,255.3500,255.3500
1788361175,255.3700,255.3700,255.3700,255.3700
1788361177,255.3700,255.3700,255.3700,255.3700
1788361178,255.3500,255.3700,255.3500,255.3600
1788361180,255.3700,255.3700,255.3700,255.3700
1788361181,255.3500,255.3500,255.3500,255.3500
1788361183,255.3900,255.3900,255.3900,255.3900
1788361186,255.3600,255.3600,255.3600,255.3600
1788361187,255.3800,255.3900,255.3750,255.3750
1788361188,255.3750,255.3750,255.3750,255.3750
1788361194,255.3500,255.3500,255.3400,255.3400
1788361195,255.3300,255.3500,255.3300,255.3500
1788361198,255.3300,255.3400,255.3300,255.3400
1788361199,255.3300,255.3300,255.3300,255.3300
1788361200,255.3400,255.3400,255.2900,255.2900
1788361201,255.2600,255.2750,255.2600,255.2750
1788361202,255.2800,255.3000,255.2800,255.3000
1788361203,255.2600,255.2600,255.2600,255.2600
1788361204,255.2700,255.2700,255.2400,255.2400
1788361206,255.2400,255.2600,255.2400,255.2600
1788361207,255.2700,255.2700,255.2700,255.2700
1788361212,255.2500,255.2500,255.2500,255.2500
1788361218,255.2200,255.2200,255.2100,255.2100
1788361219,255.2100,255.2100,255.2100,255.2100
1788361222,255.2400,255.2400,255.2400,255.2400
1788361224,255.2400,255.2400,255.2400,255.2400
1788361225,255.2200,255.2200,255.2200,255.2200
1788361226,255.2700,255.2800,255.2700,255.2700
1788361228,255.2550,255.2550,255.2550,255.2550
1788361229,255.2300,255.2300,255.2300,255.2300
1788361233,255.2500,255.2500,255.2500,255.2500
1788361234,255.2500,255.2500,255.2500,255.2500
1788361236,255.2300,255.2300,255.2300,255.2300
1788361238,255.2550,255.2550,255.2550,255.2550
1788361239,255.2550,255.2550,255.2550,255.2550
1788361240,255.2500,255.2500,255.2500,255.2500
1788361242,255.2100,255.2100,255.2100,255.2100
1788361244,255.2250,255.2250,255.2250,255.2250
1788361248,255.2300,255.2300,255.2300,255.2300
1788361249,255.2200,255.2200,255.2200,255.2200
1788361250,255.2100,255.2100,255.2000,255.2000
1788361251,255.1900,255.1900,255.1000,255.1100
1788361253,255.1200,255.1200,255.1200,255.1200
1788361254,255.1200,255.1200,255.1100,255.1200
1788361255,255.1300,255.1300,255.1300,255.1300
1788361260,255.1300,255.1300,255.1300,255.1300
1788361262,255.1300,255.2600,255.1300,255.2200
1788361263,255.2100,255.2600,255.1700,255.1700
1788361264,255.1800,255.1800,255.1800,255.1800
1788361266,255.1900,255.2000,255.1900,255.2000
1788361268,255.1900,255.2100,255.1900,255.2100
1788361269,255.1900,255.1900,255.1800,255.1800
1788361271,255.2000,255.2000,255.1800,255.1800
1788361273,255.1950,255.1950,255.1950,255.1950
1788361275,255.2100,255.2100,255.2000,255.2000
1788361276,255.2200,255.2200,255.2200,255.2200
1788361279,255.2050,255.2300,255.2050,255.2300
1788361280,255.2500,255.2500,255.2500,255.2500
1788361281,255.2600,255.2600,255.2300,255.2300
1788361283,255.2300,255.2300,255.2100,255.2100
1788361286,255.2000,255.2000,255.2000,255.2000
1788361287,255.2300,255.2300,255.2300,255.2300
1788361289,255.2400,255.2500,255.2400,255.2500
1788361290,255.2500,255.2500,255.2500,255.2500
1788361291,255.2500,255.2500,255.2500,255.2500
1788361293,255.2600,255.2600,255.2600,255.2600
1788361296,255.2300,255.2300,255.2200,255.2200
1788361298,255.2400,255.2400,255.2400,255.2400
1788361302,255.2450,255.2450,255.2450,255.2450
1788361303,255.2300,255.2300,255.2100,255.2300
1788361305,255.2200,255.2200,255.2100,255.2200
1788361309,255.2150,255.2150,255.2150,255.2150
1788361314,255.2300,255.2900,255.2300,255.2900
1788361315,255.2600,255.2600,255.2600,255.2600
1788361316,255.2800,255.2800,255.2700,255.2700
1788361317,255.2800,255.2800,255.2800,255.2800
1788361322,255.3000,255.3000,255.3000,255.3000
1788361326,255.2900,255.2900,255.2900,255.2900
1788361328,255.3000,255.3000,255.2800,255.2800
1788361329,255.2500,255.2500,255.2500,255.2500
1788361332,255.2900,255.3100,255.2900,255.3100
1788361335,255.3100,255.3100,255.3100,255.3100
1788361336,255.3400,255.3400,255.3400,255.3400
1788361337,255.3500,255.3600,255.3500,255.3600
1788361338,255.3500,255.3500,255.3500,255.3500
1788361339,255.3400,255.3400,255.3300,255.3300
1788361341,255.3800,255.3800,255.3800,255.3800
1788361344,255.3550,255.3550,255.3550,255.3550
1788361346,255.3800,255.3800,255.3800,255.3800
1788361351,255.3800,255.4000,255.3800,255.4000
1788361352,255.4100,255.4500,255.4100,255.4500
1788361356,255.4600,255.4800,255.4600,255.4800
1788361358,255.5000,255.5100,255.5000,255.5100
1788361359,255.4800,255.4800,255.4800,255.4800
1788361361,255.5200,255.5400,255.5200,255.5200
1788361362,255.5400,255.5500,255.5200,255.5200
1788361363,255.5000,255.5000,255.4100,255.4100
1788361370,255.4400,255.4400,255.4400,255.4400
1788361376,255.4200,255.5000,255.3900,255.4800
1788361379,255.5100,255.5300,255.5100,255.5300
1788361381,255.5500,255.5500,255.5500,255.5500
1788361384,255.5600,255.5600,255.5400,255.5400
1788361391,255.5200,255.5200,255.5200,255.5200
1788361392,255.5300,255.5600,255.5300,255.5600
1788361396,255.5400,255.5400,255.5300,255.5300
1788361400,255.5500,255.5500,255.5500,255.5500
1788361402,255.5600,255.5800,255.5500,255.5800
1788361404,255.5750,255.6000,255.5750,255.6000
1788361407,255.6400,255.6400,255.6400,255.6400
1788361408,255.6050,255.6050,255.6050,255.6050
1788361413,255.6100,255.6300,255.6100,255.6300
1788361414,255.6400,255.6750,255.6400,255.6750
1788361415,255.6500,255.6500,255.6500,255.6500
1788361420,255.6800,255.6900,255.6800,255.6900
1788361422,255.6700,255.6700,255.6700,255.6700
1788361423,255.6400,255.6400,255.6400,255.6400
1788361424,255.6400,255.6400,255.6400,255.6400
1788361426,255.6500,255.6800,255.6500,255.6800
1788361428,255.6800,255.6800,255.6800,255.6800
1788361429,255.6800,255.6800,255.6800,255.6800
1788361431,255.6900,255.6900,255.6900,255.6900
1788361433,255.7000,255.7300,255.7000,255.7300
1788361435,255.6900,255.6900,255.6900,255.6900
1788361436,255.6800,255.6800,255.6800,255.6800
1788361442,255.7200,255.7400,255.7200,255.7200
1788361445,255.7100,255.7100,255.7100,255.7100
1788361447,255.7000,255.7000,255.6950,255.6950
1788361449,255.7300,255.7300,255.7300,255.7300
1788361454,255.6800,255.6900,255.6650,255.6700
1788361456,255.6500,255.6500,255.6500,255.6500
1788361458,255.6500,255.6500,255.6500,255.6500
1788361463,255.6800,255.6800,255.6500,255.6500
1788361464,255.6800,255.6800,255.6800,255.6800
1788361466,255.6850,255.6850,255.6750,255.6750
1788361469,255.6700,255.6700,255.6400,255.6400
1788361472,255.6600,255.6600,255.6600,255.6600
1788361477,255.6600,255.6600,255.6500,255.6550
1788361480,255.6800,255.6900,255.6650,255.6650
1788361481,255.6500,255.6500,255.5600,255.5600
1788361482,255.6000,255.6000,255.6000,255.6000
1788361483,255.6200,255.6200,255.6200,255.6200
1788361484,255.6100,255.6800,255.6100,255.6800
1788361485,255.6800,255.6800,255.6800,255.6800
1788361486,255.6300,255.6300,255.6300,255.6300
1788361488,255.6000,255.6000,255.6000,255.6000
1788361493,255.6200,255.6200,255.6200,255.6200
1788361499,255.6200,255.6200,255.6200,255.6200
1788361504,255.6300,255.6300,255.6300,255.6300
1788361505,255.6350,255.6350,255.6300,255.6300
1788361508,255.5800,255.5800,255.5700,255.5700
1788361511,255.5900,255.6000,255.5900,255.6000
1788361514,255.6300,255.6300,255.6300,255.6300
1788361521,255.6400,255.6900,255.6400,255.6900
1788361523,255.7100,255.7100,255.7100,255.7100
1788361524,255.7200,255.7200,255.7200,255.7200
1788361528,255.7200,255.7200,255.7200,255.7200
1788361533,255.7100,255.7100,255.7100,255.7100
1788361535,255.7100,255.7100,255.7100,255.7100
1788361536,255.7000,255.7000,255.7000,255.7000
1788361537,255.7200,255.7200,255.7200,255.7200
1788361538,255.7000,255.7000,255.7000,255.7000
1788361541,255.7000,255.7000,255.7000,255.7000
1788361543,255.6900,255.7300,255.6900,255.7300
1788361547,255.7200,255.7200,255.7200,255.7200
1788361549,255.7050,255.7050,255.7050,255.7050
1788361551,255.7200,255.7400,255.7200,255.7300
1788361554,255.7500,255.7900,255.7500,255.7900
1788361560,255.8000,255.8200,255.8000,255.8200
1788361561,255.8400,255.8400,255.8300,255.8300
1788361563,255.8500,255.8600,255.8500,255.8550
1788361564,255.8500,255.8500,255.8200,255.8200
1788361565,255.8100,255.8100,255.8100,255.8100
1788361568,255.8200,255.8300,255.8200,255.8300
1788361569,255.8300,255.8300,255.8300,255.8300
1788361570,255.8400,255.8400,255.8400,255.8400
1788361571,255.8500,255.8500,255.8500,255.8500
1788361572,255.8400,255.8400,255.8200,255.8400
1788361573,255.8500,255.8500,255.8500,255.8500
1788361578,255.8550,255.8550,255.8300,255.8400
1788361579,255.8600,255.8800,255.8600,255.8600
1788361580,255.8400,255.8400,255.8400,255.8400
1788361583,255.8500,255.8500,255.8500,255.8500
1788361584,255.8300,255.8300,255.8300,255.8300
1788361587,255.8350,255.8350,255.8350,255.8350
1788361588,255.8350,255.8350,255.8350,255.8350
1788361589,255.8100,255.8100,255.8100,255.8100
1788361590,255.8000,255.8000,255.8000,255.8000
1788361591,255.7600,255.7600,255.7600,255.7600
1788361592,255.7450,255.7600,255.7450,255.7500
1788361593,255.7500,255.7500,255.7400,255.7400
1788361595,255.7300,255.7300,255.7300,255.7300
1788361596,255.7300,255.7300,255.7300,255.7300
1788361598,255.7200,255.7200,255.7000,255.7000
1788361603,255.7000,255.7000,255.7000,255.7000
1788361604,255.6800,255.6800,255.6500,255.6500
1788361607,255.6800,255.6900,255.6800,255.6900
1788361620,255.6900,255.7300,255.6900,255.7300
1788361623,255.7150,255.7150,255.7150,255.7150
1788361626,255.7250,255.7250,255.7250,255.7250
1788361627,255.7400,255.7400,255.7400,255.7400
1788361628,255.7350,255.7700,255.7350,255.7700
1788361632,255.7750,255.7750,255.7750,255.7750
1788361633,255.7750,255.7750,255.7750,255.7750
1788361635,255.7600,255.7600,255.7500,255.7500
1788361636,255.7600,255.7600,255.7600,255.7600
1788361640,255.7600,255.7600,255.6600,255.6600
1788361644,255.6400,255.6400,255.5500,255.5900
1788361647,255.6000,255.6000,255.5500,255.5600
1788361648,255.5600,255.5600,255.5600,255.5600
1788361650,255.5650,255.5650,255.5650,255.5650
1788361652,255.5800,255.5900,255.5800,255.5900
1788361657,255.5600,255.5600,255.5300,255.5300
1788361659,255.5300,255.5300,255.5300,255.5300
1788361660,255.5100,255.5100,255.4800,255.4800
1788361661,255.4900,255.4900,255.4700,255.4800
1788361662,255.4900,255.4900,255.4700,255.4900
1788361663,255.4900,255.4900,255.4700,255.4700
1788361664,255.4700,255.4700,255.4700,255.4700
1788361669,255.5000,255.5000,255.5000,255.5000
1788361672,255.5000,255.5000,255.5000,255.5000
1788361673,255.4900,255.4900,255.4900,255.4900
1788361674,255.4700,255.4700,255.4300,255.4650
1788361679,255.4400,255.4400,255.4400,255.4400
1788361680,255.4500,255.4600,255.4400,255.4600
1788361682,255.4650,255.4650,255.4650,255.4650
1788361683,255.4550,255.4550,255.4550,255.4550
1788361685,255.4400,255.4400,255.4400,255.4400
1788361686,255.4400,255.4400,255.4400,255.4400
1788361687,255.4700,255.4700,255.4700,255.4700
1788361688,255.4500,255.4500,255.4500,255.4500
1788361692,255.4400,255.4400,255.4400,255.4400
1788361693,255.4400,255.4700,255.4300,255.4400
1788361696,255.4400,255.4400,255.4400,255.4400
1788361697,255.4600,255.4600,255.4500,255.4500
1788361698,255.4400,255.4400,255.4400,255.4400
1788361700,255.4200,255.4200,255.4200,255.4200
1788361702,255.4300,255.4400,255.4300,255.4400
1788361706,255.4200,255.4200,255.4000,255.4000
1788361708,255.3900,255.3900,255.3100,255.3100
1788361714,255.3500,255.3500,255.3500,255.3500
1788361716,255.3400,255.3400,255.3100,255.3100
1788361717,255.3200,255.3200,255.3200,255.3200
1788361719,255.3100,255.3100,255.2900,255.2900
1788361727,255.3050,255.3050,255.3050,255.3050
1788361728,255.3150,255.3150,255.3150,255.3150
1788361732,255.3000,255.3000,255.3000,255.3000
1788361733,255.3000,255.3000,255.2700,255.2700
1788361734,255.2700,255.2700,255.2700,255.2700
1788361735,255.2600,255.3200,255.2600,255.3200
1788361736,255.3250,255.3250,255.3200,255.3200
1788361739,255.3400,255.3600,255.3400,255.3600
1788361740,255.3600,255.3600,255.3500,255.3500
1788361741,255.3500,255.3600,255.3500,255.3600
1788361742,255.3400,255.3400,255.3400,255.3400
1788361743,255.3400,255.3400,255.3350,255.3350
1788361745,255.3350,255.3350,255.2900,255.2900
1788361752,255.2950,255.2950,255.2950,255.2950
1788361756,255.2950,255.3000,255.2950,255.3000
1788361757,255.3000,255.3000,255.3000,255.3000
1788361762,255.2800,255.2800,255.2800,255.2800
1788361763,255.3000,255.3000,255.3000,255.3000
1788361764,255.3000,255.3000,255.3000,255.3000
1788361765,255.3000,255.3200,255.3000,255.3200
1788361767,255.3000,255.3000,255.3000,255.3000
1788361768,255.3000,255.3000,255.3000,255.3000
1788361769,255.2800,255.2800,255.2800,255.2800
1788361770,255.2900,255.2900,255.2700,255.2800
1788361771,255.2650,255.2650,255.2600,255.2600
1788361772,255.2600,255.2700,255.2600,255.2700
1788361773,255.2600,255.2600,255.2300,255.2600
1788361774,255.2600,255.2600,255.2400,255.2550
1788361775,255.2300,255.2300,255.2300,255.2300
1788361781,255.2600,255.3000,255.2600,255.3000
1788361782,255.3200,255.3200,255.3200,255.3200
1788361786,255.3200,255.3200,255.3200,255.3200
1788361789,255.3300,255.3300,255.2900,255.2900
1788361791,255.2700,255.2700,255.2500,255.2500
1788361794,255.2400,255.2400,255.2300,255.2300
1788361798,255.2300,255.2300,255.2300,255.2300
1788361799,255.2300,255.2300,255.2300,255.2300
1788361800,255.2200,255.2300,255.2200,255.2300
1788361801,255.2200,255.2700,255.2000,255.2700
1788361807,255.2800,255.3000,255.2800,255.3000
1788361810,255.2850,255.2850,255.2850,255.2850
1788361813,255.2850,255.2850,255.2500,255.2500
1788361817,255.2500,255.2600,255.2400,255.2600
1788361818,255.2700,255.2800,255.2700,255.2800
1788361822,255.2700,255.2700,255.2700,255.2700
1788361825,255.2800,255.2800,255.2800,255.2800
1788361828,255.3100,255.3100,255.3100,255.3100
1788361830,255.3100,255.3500,255.3050,255.3500
1788361832,255.3350,255.3350,255.3200,255.3200
1788361833,255.3100,255.3100,255.2800,255.2900
1788361835,255.2600,255.2600,255.2600,255.2600
1788361836,255.2800,255.2900,255.2800,255.2900
1788361839,255.3000,255.3000,255.3000,255.3000
1788361842,255.2800,255.2900,255.2800,255.2900
1788361844,255.2700,255.2700,255.2200,255.2200
1788361845,255.2200,255.2200,255.1400,255.1400
1788361846,255.1100,255.1100,255.1100,255.1100
1788361849,255.1400,255.1400,255.1400,255.1400
1788361851,255.1700,255.1700,255.1700,255.1700
1788361855,255.1500,255.1500,255.1500,255.1500
1788361859,255.1500,255.1500,255.1500,255.1500
1788361865,255.1400,255.1600,255.1400,255.1600
1788361870,255.1500,255.1500,255.1500,255.1500
1788361873,255.1300,255.1300,255.1300,255.1300
1788361877,255.1000,255.1300,255.1000,255.1300
1788361880,255.1500,255.1500,255.1500,255.1500
1788361883,255.1700,255.1800,255.1700,255.1700
1788361886,255.1900,255.2000,255.1900,255.2000
1788361887,255.2000,255.2000,255.2000,255.2000
1788361890,255.2100,255.2100,255.2100,255.2100
1788361895,255.2100,255.2100,255.2050,255.2050
1788361900,255.2100,255.2100,255.2100,255.2100
1788361903,255.2300,255.2300,255.1900,255.1900
1788361910,255.2400,255.3100,255.2400,255.2900
1788361911,255.3000,255.3000,255.3000,255.3000
1788361917,255.3400,255.3500,255.3400,255.3500
1788361918,255.4000,255.4200,255.4000,255.4200
1788361922,255.4400,255.4550,255.4400,255.4500
1788361925,255.4300,255.4400,255.4300,255.4400
1788361928,255.4500,255.4550,255.4500,255.4500
1788361933,255.4000,255.4000,255.4000,255.4000
1788361936,255.4000,255.4000,255.4000,255.4000
1788361943,255.4050,255.4050,255.3600,255.3900
1788361944,255.3800,255.3800,255.3400,255.3400
1788361945,255.3300,255.3300,255.3200,255.3200
1788361947,255.3150,255.3150,255.3150,255.3150
1788361955,255.3100,255.3100,255.2600,255.2700
1788361961,255.2500,255.2500,255.2500,255.2500
1788361963,255.2400,255.2400,255.2300,255.2400
1788361964,255.2300,255.2300,255.2100,255.2100
1788361966,255.2300,255.2300,255.2300,255.2300
1788361967,255.2500,255.2500,255.2500,255.2500
1788361969,255.2600,255.2600,255.2600,255.2600
1788361976,255.2300,255.2300,255.2300,255.2300
1788361977,255.2000,255.2000,255.2000,255.2000
1788361978,255.2000,255.2000,255.1400,255.1400
1788361979,255.1400,255.1400,255.1200,255.1400
1788361980,255.1300,255.1300,255.1300,255.1300
1788361981,255.1400,255.1400,255.1400,255.1400
1788361985,255.1600,255.1600,255.1600,255.1600
1788361989,255.1600,255.1600,255.1600,255.1600
1788361990,255.1400,255.1400,255.1400,255.1400
1788361991,255.1400,255.1400,255.1300,255.1300
1788361993,255.1200,255.1200,255.0950,255.1200
1788361995,255.1300,255.1300,255.1300,255.1300
1788361996,255.1350,255.1800,255.1350,255.1700
1788362001,255.1400,255.1400,255.1400,255.1400
1788362002,255.1400,255.1400,255.1400,255.1400
1788362003,255.1300,255.1300,255.1200,255.1200
1788362008,255.1400,255.1500,255.1400,255.1500
1788362009,255.1400,255.1400,255.1400,255.1400
1788362011,255.1400,255.1400,255.1400,255.1400
1788362015,255.1400,255.1400,255.1400,255.1400
1788362016,255.1700,255.2000,255.1700,255.2000
1788362017,255.2000,255.2000,255.2000,255.2000
1788362018,255.1950,255.1950,255.1950,255.1950
1788362019,255.2000,255.2000,255.0400,255.0400
1788362020,255.0800,255.0900,255.0300,255.0600
1788362022,255.0500,255.0500,255.0400,255.0500
1788362028,255.0800,255.1500,255.0800,255.1500
1788362035,255.1200,255.1200,255.1200,255.1200
1788362038,255.0800,255.0800,255.0800,255.0800
1788362039,255.0800,255.0800,255.0800,255.0800
1788362044,255.1200,255.1200,255.1200,255.1200
1788362051,255.0800,255.0800,255.0800,255.0800
1788362054,255.0900,255.0900,255.0800,255.0800
1788362056,255.1100,255.1100,255.1100,255.1100
1788362059,255.0700,255.0700,255.0500,255.0500
1788362063,255.0200,255.0200,255.0100,255.0200
1788362064,255.0200,255.0200,255.0200,255.0200
1788362065,255.0300,255.0300,255.0300,255.0300
1788362066,255.0500,255.0500,255.0500,255.0500
1788362068,255.0600,255.0900,255.0600,255.0900
1788362075,255.1000,255.1300,255.1000,255.1200
1788362076,255.1100,255.1100,255.1100,255.1100
1788362084,255.1100,255.1100,255.1100,255.1100
1788362086,255.1100,255.1100,255.1100,255.1100
1788362090,255.1300,255.1400,255.1300,255.1400
1788362093,255.1500,255.1600,255.1500,255.1600
1788362094,255.1700,255.1700,255.1700,255.1700
1788362100,255.1350,255.1600,255.1350,255.1600
1788362106,255.1300,255.1300,255.1000,255.1000
1788362107,255.0900,255.0900,255.0900,255.0900
1788362110,255.0700,255.0700,255.0500,255.0500
1788362112,255.0400,255.0400,254.9000,254.9300
1788362115,254.9300,254.9300,254.9300,254.9300
1788362116,254.9300,254.9300,254.9300,254.9300
1788362117,254.9000,254.9000,254.8800,254.8800
1788362118,254.8800,254.8800,254.8800,254.8800
1788362119,254.8800,254.8900,254.8600,254.8900
1788362120,254.8600,254.8800,254.8500,254.8800
1788362121,254.8750,254.8750,254.8750,254.8750
1788362122,254.8400,254.8600,254.8300,254.8600
1788362123,254.8600,254.8600,254.8600,254.8600
1788362127,254.8600,254.8900,254.8600,254.8650
1788362130,254.8400,254.8400,254.8400,254.8400
1788362131,254.8250,254.8250,254.8250,254.8250
1788362134,254.8500,254.8900,254.8500,254.8900
1788362136,254.9100,254.9100,254.9100,254.9100
1788362137,254.8800,254.8800,254.8800,254.8800
1788362142,254.8600,254.8600,254.8600,254.8600
1788362145,254.8800,254.9100,254.8800,254.9000
1788362146,254.8900,254.8900,254.8700,254.8700
1788362152,254.8500,254.8700,254.8200,254.8700
1788362155,254.9000,254.9200,254.9000,254.9100
1788362156,254.8700,254.8700,254.8600,254.8600
1788362157,254.8300,254.8300,254.7600,254.7800
1788362163,254.8000,254.8700,254.8000,254.8700
1788362164,254.8900,254.9300,254.8900,254.9300
1788362172,254.9200,254.9200,254.9200,254.9200
1788362173,254.9200,254.9200,254.9100,254.9100
1788362178,254.9200,254.9200,254.9200,254.9200
1788362182,254.9000,254.9000,254.8800,254.8900
1788362184,254.8800,254.8800,254.8800,254.8800
1788362185,254.9100,254.9200,254.9100,254.9200
1788362188,254.9150,254.9150,254.9150,254.9150
1788362189,254.8700,254.8700,254.8700,254.8700
1788362192,254.8600,254.8700,254.8500,254.8700
1788362194,254.8800,254.8900,254.8800,254.8900
1788362203,254.8900,254.8900,254.8900,254.8900
1788362205,254.8700,254.8700,254.8600,254.8600
1788362208,254.8800,254.8800,254.8800,254.8800
1788362209,254.8900,254.8900,254.8900,254.8900
1788362210,254.9000,254.9000,254.9000,254.9000
1788362211,254.9000,254.9000,254.8900,254.8900
1788362214,254.8950,254.8950,254.8950,254.8950
1788362221,254.9000,254.9400,254.9000,254.9400
1788362226,254.9500,255.0100,254.9500,255.0100
1788362228,255.0200,255.0200,255.0200,255.0200
1788362230,255.0000,255.0000,255.0000,255.0000
1788362232,254.9800,254.9800,254.9300,254.9300
1788362233,254.9200,254.9200,254.9200,254.9200
1788362241,254.9300,254.9500,254.9300,254.9500
1788362242,254.9200,254.9200,254.9200,254.9200
1788362243,254.9400,254.9400,254.9400,254.9400
1788362245,254.9500,254.9500,254.9500,254.9500
1788362246,254.9400,254.9400,254.9400,254.9400
1788362247,254.9550,254.9550,254.9550,254.9550
1788362248,254.9600,254.9600,254.9600,254.9600
1788362250,254.9600,254.9600,254.9600,254.9600
1788362258,254.9400,254.9450,254.9400,254.9450
1788362259,254.9600,255.0200,254.9600,255.0100
1788362264,254.9900,254.9900,254.9600,254.9600
1788362266,254.9500,254.9500,254.9500,254.9500
1788362269,254.9500,254.9500,254.9500,254.9500
1788362270,254.9400,254.9400,254.9200,254.9300
1788362274,254.9200,254.9300,254.9200,254.9300
1788362279,254.9450,254.9450,254.9100,254.9100
1788362283,254.9000,254.9000,254.9000,254.9000
1788362284,254.9000,254.9000,254.9000,254.9000
1788362286,254.8900,254.8900,254.8600,254.8600
1788362289,254.8900,254.8900,254.8900,254.8900
1788362290,254.9000,254.9200,254.9000,254.9200
1788362296,254.9200,254.9200,254.9200,254.9200
1788362303,254.9200,254.9200,254.9200,254.9200
1788362304,254.9200,254.9200,254.9200,254.9200
1788362307,254.9500,254.9600,254.9500,254.9600
1788362310,254.9600,254.9600,254.9600,254.9600
1788362316,254.9700,254.9800,254.9700,254.9800
1788362317,254.9800,255.0100,254.9800,255.0100
1788362318,255.0100,255.0100,254.9900,254.9900
1788362319,255.0200,255.0700,255.0200,255.0700
1788362322,255.0400,255.0400,255.0300,255.0300
1788362326,255.0400,255.0400,255.0400,255.0400
1788362327,255.0600,255.0600,255.0300,255.0300
1788362328,255.0300,255.0300,255.0300,255.0300
1788362329,255.0200,255.0200,255.0200,255.0200
1788362330,255.0000,255.0000,255.0000,255.0000
1788362331,255.0000,255.0000,255.0000,255.0000
1788362332,255.0000,255.0000,255.0000,255.0000
1788362336,255.0300,255.0300,255.0300,255.0300
1788362339,255.0400,255.1600,255.0400,255.1600
1788362341,255.1500,255.1500,255.1500,255.1500
1788362346,255.1100,255.1100,255.1100,255.1100
1788362353,255.1300,255.1300,255.1300,255.1300
1788362355,255.1300,255.1300,255.1300,255.1300
1788362357,255.1200,255.1200,255.1200,255.1200
1788362358,255.1200,255.1200,255.1200,255.1200
1788362359,255.1300,255.1300,255.1300,255.1300
1788362360,255.1400,255.1400,255.1400,255.1400
1788362361,255.1400,255.1400,255.1400,255.1400
1788362368,255.1400,255.1400,255.1400,255.1400
1788362371,255.1400,255.1400,255.1400,255.1400
1788362372,255.1400,255.1400,255.1400,255.1400
1788362374,255.1400,255.1400,255.1400,255.1400
1788362375,255.1600,255.1800,255.1600,255.1800
1788362376,255.1700,255.1700,255.1700,255.1700
1788362379,255.1600,255.1600,255.1600,255.1600
1788362380,255.1800,255.1900,255.1800,255.1800
1788362384,255.1900,255.1900,255.1900,255.1900
1788362385,255.1700,255.1700,255.1700,255.1700
1788362387,255.1700,255.1700,255.1700,255.1700
1788362388,255.1500,255.1500,255.1500,255.1500
1788362389,255.1500,255.1500,255.1500,255.1500
1788362394,255.1300,255.1300,255.0900,255.0900
1788362395,255.0200,255.0200,255.0200,255.0200
1788362406,255.0500,255.0500,255.0500,255.0500
1788362408,255.0400,255.0400,255.0400,255.0400
1788362416,255.0500,255.0500,255.0500,255.0500
1788362417,255.0300,255.0300,255.0300,255.0300
1788362422,255.0600,255.0700,255.0600,255.0700
1788362424,255.0900,255.0900,255.0900,255.0900
1788362425,255.0700,255.0700,255.0600,255.0600
1788362429,255.0450,255.0500,255.0450,255.0500
1788362433,255.0400,255.0400,255.0400,255.0400
1788362434,255.0450,255.0600,255.0450,255.0500
1788362435,255.0500,255.0500,255.0400,255.0400
1788362436,255.0600,255.0700,255.0600,255.0700
1788362443,255.0600,255.0600,255.0600,255.0600
1788362446,255.0400,255.0400,255.0300,255.0300
1788362447,255.0400,255.0400,255.0400,255.0400
1788362449,255.0400,255.0400,255.0400,255.0400
1788362455,255.0200,255.0200,255.0200,255.0200
1788362464,255.0200,255.0200,254.9900,255.0000
1788362465,255.0200,255.0300,255.0200,255.0300
1788362467,255.0150,255.0150,255.0150,255.0150
1788362470,255.0100,255.0100,255.0000,255.0000
1788362473,255.0000,255.0000,254.9900,254.9900
1788362475,255.0000,255.0000,255.0000,255.0000
1788362476,254.9800,254.9800,254.9800,254.9800
1788362480,254.9700,255.0000,254.9700,254.9700
1788362484,254.9850,255.0000,254.9850,255.0000
1788362485,255.0100,255.0100,255.0100,255.0100
1788362490,255.0000,255.0000,255.0000,255.0000
1788362493,254.9900,254.9900,254.9900,254.9900
1788362494,254.9700,254.9700,254.9500,254.9500
1788362495,254.9500,254.9500,254.9500,254.9500
1788362496,254.9600,254.9600,254.9600,254.9600
1788362499,254.9600,254.9700,254.9600,254.9600
1788362506,254.9700,254.9700,254.9700,254.9700
1788362510,254.9800,255.0300,254.9800,255.0300
1788362514,255.0400,255.0600,255.0400,255.0500
1788362517,255.0400,255.0400,255.0300,255.0300
1788362519,255.0200,255.0200,255.0200,255.0200
1788362520,255.0100,255.0100,255.0100,255.0100
1788362523,255.0300,255.0450,255.0300,255.0450
1788362525,255.0400,255.0450,255.0400,255.0450
1788362526,255.0450,255.0450,255.0300,255.0300
1788362527,255.0500,255.0900,255.0500,255.0900
1788362528,255.0900,255.0900,255.0900,255.0900
1788362530,255.0600,255.0600,255.0600,255.0600
1788362531,255.0700,255.0700,255.0400,255.0400
1788362532,255.0600,255.0600,255.0600,255.0600
1788362533,255.0600,255.0600,255.0600,255.0600
1788362537,255.0500,255.0500,255.0300,255.0300
1788362538,255.0300,255.0300,255.0300,255.0300
1788362539,255.0300,255.0600,255.0300,255.0600
1788362542,255.0400,255.0700,255.0400,255.0700
1788362546,255.0500,255.0500,255.0500,255.0500
1788362549,255.0700,255.0700,255.0700,255.0700
1788362550,255.0700,255.0700,255.0700,255.0700
1788362552,255.0800,255.0800,255.0800,255.0800
1788362554,255.0800,255.0800,255.0700,255.0700
1788362555,255.0700,255.0800,255.0700,255.0800
1788362556,255.1000,255.1100,255.1000,255.1000
1788362562,255.0900,255.0900,255.0800,255.0800
1788362563,255.0800,255.0800,255.0700,255.0700
1788362565,255.0750,255.0750,255.0750,255.0750
1788362571,255.1000,255.1000,255.1000,255.1000
1788362572,255.1100,255.1100,255.1100,255.1100
1788362575,255.1200,255.1200,255.0800,255.0800
1788362576,255.0850,255.0850,255.0850,255.0850
1788362582,255.0900,255.0900,255.0900,255.0900
1788362584,255.0700,255.0700,255.0700,255.0700
1788362586,255.0800,255.1000,255.0600,255.1000
1788362587,255.1000,255.1000,255.0900,255.0900
1788362592,255.0600,255.0600,255.0600,255.0600
1788362594,255.0500,255.0800,255.0500,255.0800
1788362598,255.0700,255.0700,255.0600,255.0700
1788362600,255.0500,255.0600,255.0500,255.0600
1788362601,255.0600,255.0700,255.0600,255.0700
1788362602,255.0750,255.0750,255.0750,255.0750
1788362605,255.0800,255.0900,255.0800,255.0900
1788362607,255.0700,255.0700,255.0700,255.0700
1788362608,255.0500,255.0700,255.0400,255.0400
1788362611,255.0500,255.0600,255.0500,255.0600
1788362615,255.0500,255.0500,254.9800,254.9800
1788362616,254.9600,254.9600,254.9450,254.9600
1788362618,255.0000,255.0400,255.0000,255.0400
1788362620,255.0700,255.0700,255.0700,255.0700
1788362624,255.0800,255.0800,255.0800,255.0800
1788362625,255.0700,255.0700,255.0700,255.0700
1788362626,255.0800,255.0800,255.0800,255.0800
1788362629,255.0600,255.0600,255.0600,255.0600
1788362630,255.0500,255.0500,255.0350,255.0500
1788362631,255.0350,255.0350,255.0350,255.0350
1788362632,255.0400,255.0400,255.0400,255.0400
1788362635,255.0100,255.0100,255.0000,255.0000
1788362638,254.9950,254.9950,254.9900,254.9900
1788362641,255.0100,255.0100,255.0100,255.0100
1788362650,255.0000,255.0400,255.0000,255.0400
1788362652,255.0300,255.0300,255.0300,255.0300
1788362653,255.0300,255.0300,255.0300,255.0300
1788362658,255.0250,255.0250,255.0250,255.0250
1788362660,255.0200,255.0200,255.0100,255.0100
1788362662,254.9950,254.9950,254.9950,254.9950
1788362666,255.0200,255.0300,255.0200,255.0300
1788362669,255.0500,255.0500,255.0500,255.0500
1788362672,255.0500,255.0500,255.0500,255.0500
1788362673,255.0500,255.0500,255.0500,255.0500
1788362678,255.0700,255.0800,255.0700,255.0800
1788362679,255.0800,255.0800,255.0700,255.0700
1788362684,255.0750,255.0750,255.0750,255.0750
1788362686,255.0700,255.0800,255.0500,255.0500
1788362688,255.0700,255.0800,255.0700,255.0800
1788362690,255.0800,255.0900,255.0800,255.0900
1788362691,255.0800,255.0800,255.0800,255.0800
1788362695,255.0750,255.0750,255.0750,255.0750
1788362700,255.0700,255.0700,255.0700,255.0700
1788362702,255.0800,255.0800,255.0800,255.0800
1788362703,255.0750,255.0750,255.0750,255.0750
1788362704,255.0750,255.0750,255.0750,255.0750
1788362705,255.0700,255.0700,255.0600,255.0600
1788362706,255.0900,255.1000,255.0900,255.1000
1788362707,255.1000,255.1200,255.1000,255.1200
1788362709,255.1400,255.1400,255.1200,255.1200
1788362711,255.0900,255.0900,255.0900,255.0900
1788362716,255.0600,255.0600,255.0600,255.0600
1788362717,255.0550,255.0900,255.0550,255.0900
1788362719,255.0900,255.0900,255.0900,255.0900
1788362722,255.1000,255.1000,255.1000,255.1000
1788362725,255.1000,255.1000,255.1000,255.1000
1788362727,255.0900,255.0900,255.0800,255.0800
1788362729,255.0900,255.0900,255.0900,255.0900
1788362730,255.0700,255.0700,255.0600,255.0600
1788362734,255.0800,255.0900,255.0800,255.0900
1788362737,255.0900,255.0900,255.0900,255.0900
1788362742,255.0800,255.0800,255.0800,255.0800
1788362745,255.1200,255.1400,255.1200,255.1400
1788362746,255.1500,255.1500,255.1500,255.1500
1788362752,255.1550,255.1550,255.1550,255.1550
1788362754,255.1550,255.1650,255.1550,255.1600
1788362755,255.1600,255.1900,255.1600,255.1900
1788362756,255.2000,255.2000,255.2000,255.2000
1788362758,255.1800,255.1800,255.1800,255.1800
1788362759,255.1800,255.1800,255.1800,255.1800
1788362760,255.1600,255.1900,255.1600,255.1900
1788362761,255.1700,255.1700,255.1600,255.1600
1788362763,255.1500,255.1500,255.1200,255.1200
1788362765,255.1300,255.1300,255.1100,255.1100
1788362769,255.1300,255.1300,255.1300,255.1300
1788362770,255.1300,255.1300,255.1300,255.1300
1788362772,255.1400,255.1400,255.1400,255.1400
1788362776,255.1500,255.1500,255.1500,255.1500
1788362778,255.1500,255.1500,255.1500,255.1500
1788362780,255.1300,255.1300,255.1200,255.1200
1788362783,255.1200,255.1300,255.1200,255.1300
1788362786,255.1200,255.1300,255.1200,255.1200
1788362791,255.1300,255.1550,255.1300,255.1550
1788362792,255.1300,255.1300,255.1300,255.1300
1788362794,255.1300,255.1500,255.1300,255.1500
1788362795,255.1500,255.1600,255.1100,255.1300
1788362796,255.1500,255.1800,255.1500,255.1800
1788362797,255.1900,255.1900,255.1900,255.1900
1788362798,255.2000,255.2300,255.2000,255.2300
1788362800,255.2400,255.2800,255.2400,255.2600
1788362803,255.2300,255.2300,255.2300,255.2300
1788362809,255.2500,255.2500,255.2500,255.2500
1788362810,255.2500,255.2500,255.2200,255.2400
1788362811,255.2250,255.2250,255.2250,255.2250
1788362812,255.2200,255.2200,255.2200,255.2200
1788362813,255.2100,255.2100,255.2000,255.2000
1788362814,255.2100,255.2100,255.2100,255.2100
1788362823,255.2500,255.2500,255.2500,255.2500
1788362827,255.2700,255.2900,255.2700,255.2800
1788362831,255.3000,255.3000,255.3000,255.3000
1788362833,255.3150,255.3400,255.3100,255.3400
1788362835,255.3500,255.3800,255.3500,255.3500
1788362836,255.3550,255.3550,255.3550,255.3550
1788362839,255.3700,255.3700,255.3700,255.3700
1788362840,255.3700,255.3700,255.3700,255.3700
1788362841,255.3400,255.3400,255.3000,255.3000
1788362843,255.3100,255.3100,255.3100,255.3100
1788362844,255.3150,255.3150,255.3150,255.3150
1788362850,255.2800,255.2800,255.2800,255.2800
1788362851,255.2600,255.2600,255.2600,255.2600
1788362852,255.2900,255.2900,255.2900,255.2900
1788362858,255.3000,255.3000,255.3000,255.3000
1788362863,255.3100,255.3200,255.3100,255.3200
1788362867,255.3000,255.3000,255.2900,255.2900
1788362868,255.2950,255.2950,255.2950,255.2950
1788362870,255.2850,255.2850,255.2850,255.2850
1788362871,255.2600,255.2600,255.2300,255.2300
1788362873,255.2200,255.2200,255.2100,255.2100
1788362875,255.2000,255.2000,255.2000,255.2000
1788362876,255.2000,255.2050,255.2000,255.2050
1788362877,255.2100,255.2100,255.2100,255.2100
1788362878,255.2200,255.2300,255.2000,255.2000
1788362881,255.2400,255.2900,255.2400,255.2900
1788362882,255.3200,255.3300,255.3200,255.3300
1788362885,255.3800,255.3800,255.3800,255.3800
1788362892,255.3500,255.3500,255.3400,255.3400
1788362893,255.3600,255.3600,255.3600,255.3600
1788362897,255.3500,255.3500,255.3500,255.3500
1788362901,255.3300,255.3300,255.3300,255.3300
1788362906,255.3300,255.3300,255.3300,255.3300
1788362910,255.3200,255.3200,255.3100,255.3100
1788362911,255.3100,255.3100,255.3100,255.3100
1788362919,255.3000,255.3000,255.3000,255.3000
1788362922,255.2800,255.2800,255.2400,255.2400
1788362923,255.2500,255.2700,255.2500,255.2700
1788362926,255.3100,255.3200,255.3100,255.3200
1788362933,255.3200,255.3300,255.3200,255.3300
1788362936,255.3000,255.3000,255.3000,255.3000
1788362937,255.3150,255.3150,255.3150,255.3150
1788362939,255.3150,255.3300,255.3100,255.3100
1788362942,255.3500,255.3500,255.3400,255.3400
1788362944,255.3500,255.3500,255.3500,255.3500
1788362946,255.3550,255.3550,255.3550,255.3550
1788362948,255.3400,255.3400,255.3400,255.3400
1788362952,255.3400,255.3400,255.3300,255.3300
1788362953,255.3100,255.3100,255.3000,255.3000
1788362954,255.2900,255.3000,255.2600,255.2600
1788362955,255.2500,255.2800,255.2400,255.2800
1788362962,255.3100,255.3200,255.3100,255.3100
1788362967,255.3300,255.3400,255.3000,255.3200
1788362968,255.3450,255.3450,255.3450,255.3450
1788362971,255.3100,255.3100,255.2900,255.2900
1788362988,255.2900,255.2900,255.2900,255.2900
1788362992,255.2900,255.2900,255.2800,255.2800
1788362997,255.3000,255.3100,255.3000,255.3100
1788362998,255.3100,255.3200,255.3100,255.3200
1788363000,255.3250,255.3250,255.3250,255.3250
1788363003,255.3250,255.3250,255.3250,255.3250
1788363007,255.3100,255.3100,255.3100,255.3100
1788363008,255.3000,255.3000,255.2900,255.2900
1788363009,255.3000,255.3100,255.2900,255.2900
1788363011,255.3300,255.3300,255.3300,255.3300
1788363013,255.3250,255.3250,255.3250,255.3250
1788363014,255.3400,255.3400,255.3400,255.3400
1788363015,255.3300,255.3300,255.3200,255.3200
1788363016,255.3100,255.3300,255.3100,255.3300
1788363023,255.3200,255.3200,255.3200,255.3200
1788363027,255.3300,255.3300,255.3300,255.3300
1788363028,255.3200,255.3200,255.3200,255.3200
1788363029,255.3250,255.3250,255.3250,255.3250
1788363030,255.3100,255.3100,255.3000,255.3000
1788363032,255.2900,255.3100,255.2900,255.3100
1788363037,255.3100,255.3100,255.3100,255.3100
1788363038,255.3200,255.3200,255.3200,255.3200
1788363041,255.3150,255.3150,255.3150,255.3150
1788363042,255.3100,255.3100,255.3100,255.3100
1788363044,255.3100,255.3200,255.3100,255.3200
1788363045,255.2900,255.3500,255.2900,255.3500
1788363046,255.3400,255.3800,255.3400,255.3400
1788363047,255.3300,255.3300,255.3300,255.3300
1788363054,255.3500,255.3600,255.3500,255.3600
1788363055,255.3650,255.4000,255.3650,255.3850
1788363056,255.3850,255.3850,255.3500,255.3500
1788363057,255.3200,255.3400,255.3000,255.3400
1788363059,255.3450,255.3450,255.3200,255.3200
1788363064,255.3400,255.3400,255.3400,255.3400
1788363065,255.3200,255.3200,255.3200,255.3200
1788363067,255.3400,255.3400,255.3400,255.3400
1788363068,255.3500,255.3500,255.3500,255.3500
1788363069,255.3500,255.3500,255.3500,255.3500
1788363072,255.3200,255.3200,255.3100,255.3100
1788363075,255.3000,255.3000,255.2700,255.2700
1788363078,255.2600,255.2600,255.2600,255.2600
1788363079,255.2700,255.2700,255.2700,255.2700
1788363080,255.3000,255.3100,255.3000,255.3100
1788363081,255.3300,255.3300,255.3300,255.3300
1788363082,255.3200,255.3200,255.3200,255.3200
1788363085,255.3050,255.3050,255.3050,255.3050
1788363086,255.3200,255.3300,255.3200,255.3300
1788363087,255.3400,255.3400,255.3400,255.3400
1788363090,255.3400,255.3500,255.3400,255.3500
1788363091,255.3450,255.3450,255.3450,255.3450
1788363094,255.3300,255.3300,255.3300,255.3300
1788363101,255.3200,255.3200,255.3200,255.3200
1788363102,255.3200,255.3300,255.3200,255.3300
1788363107,255.3400,255.3400,255.3400,255.3400
1788363108,255.3400,255.3600,255.3400,255.3600
1788363113,255.3500,255.3550,255.3500,255.3550
1788363115,255.3400,255.3400,255.3300,255.3300
1788363119,255.3500,255.3500,255.3400,255.3400
1788363121,255.3500,255.3500,255.3500,255.3500
1788363130,255.3400,255.3400,255.3300,255.3300
1788363133,255.3200,255.3200,255.3200,255.3200
1788363138,255.3000,255.3000,255.2300,255.2300
1788363144,255.2600,255.2600,255.2600,255.2600
1788363145,255.2600,255.2700,255.2600,255.2700
1788363146,255.2800,255.2800,255.2800,255.2800
1788363148,255.2600,255.2600,255.2600,255.2600
1788363150,255.2600,255.2600,255.2600,255.2600
1788363151,255.2800,255.2900,255.2800,255.2900
1788363155,255.2900,255.2900,255.2900,255.2900
1788363156,255.2900,255.2900,255.2900,255.2900
1788363158,255.2850,255.3000,255.2850,255.3000
1788363159,255.3000,255.3100,255.3000,255.3100
1788363162,255.2950,255.2950,255.2950,255.2950
1788363166,255.3200,255.3200,255.3200,255.3200
1788363168,255.3200,255.3200,255.3200,255.3200
1788363169,255.3300,255.3400,255.3300,255.3400
1788363172,255.3300,255.3300,255.3300,255.3300
1788363175,255.3400,255.3400,255.3400,255.3400
1788363183,255.3500,255.3500,255.3500,255.3500
1788363189,255.3500,255.3600,255.3500,255.3600
1788363191,255.3600,255.3600,255.3600,255.3600
1788363192,255.3500,255.3500,255.3300,255.3300
1788363193,255.3200,255.3300,255.3200,255.3300
1788363194,255.3500,255.3800,255.3500,255.3800
1788363195,255.3600,255.3600,255.3600,255.3600
1788363200,255.3600,255.3600,255.3500,255.3500
1788363202,255.3500,255.3500,255.3500,255.3500
1788363203,255.3300,255.3300,255.3300,255.3300
1788363204,255.3200,255.3200,255.3200,255.3200
1788363205,255.3200,255.3200,255.3200,255.3200
1788363210,255.3200,255.3300,255.3200,255.3300
1788363212,255.3200,255.3200,255.3200,255.3200
1788363214,255.3200,255.3200,255.3200,255.3200
1788363218,255.3000,255.3000,255.2900,255.2900
1788363220,255.2700,255.2700,255.2700,255.2700
1788363222,255.2500,255.2500,255.2500,255.2500
1788363225,255.2200,255.2200,255.2200,255.2200
1788363226,255.2200,255.2200,255.2200,255.2200
1788363231,255.2300,255.2400,255.2300,255.2400
1788363233,255.2400,255.2400,255.2400,255.2400
1788363238,255.2700,255.3000,255.2700,255.3000
1788363239,255.2900,255.2900,255.2900,255.2900
1788363245,255.2850,255.3000,255.2850,255.3000
1788363252,255.3000,255.3000,255.3000,255.3000
1788363255,255.2900,255.2900,255.2850,255.2850
1788363257,255.2800,255.3000,255.2800,255.3000
1788363258,255.2700,255.2700,255.2500,255.2500
1788363262,255.2600,255.2600,255.2600,255.2600
1788363269,255.2500,255.2500,255.2400,255.2400
1788363275,255.2400,255.2400,255.2400,255.2400
1788363276,255.2500,255.2600,255.2500,255.2600
1788363280,255.2800,255.2800,255.2800,255.2800
1788363284,255.2800,255.2800,255.2800,255.2800
1788363285,255.2600,255.2800,255.2600,255.2800
1788363290,255.3000,255.3100,255.3000,255.3100
1788363295,255.3000,255.3000,255.3000,255.3000
1788363296,255.2700,255.2700,255.2700,255.2700
1788363297,255.2700,255.2700,255.2700,255.2700
1788363302,255.2800,255.2800,255.2750,255.2750
1788363305,255.2800,255.2800,255.2700,255.2700
1788363307,255.2800,255.2800,255.2800,255.2800
1788363313,255.2700,255.2900,255.2700,255.2700
1788363314,255.2800,255.2800,255.2800,255.2800
1788363316,255.2700,255.2700,255.2700,255.2700
1788363320,255.2600,255.2600,255.2500,255.2500
1788363327,255.2500,255.2500,255.2500,255.2500
1788363328,255.2300,255.2300,255.2300,255.2300
1788363332,255.2300,255.2300,255.2300,255.2300
1788363340,255.2500,255.2500,255.2500,255.2500
1788363345,255.2500,255.2500,255.2500,255.2500
1788363346,255.2800,255.3000,255.2800,255.3000
1788363353,255.3000,255.3000,255.2700,255.2700
1788363354,255.2550,255.2550,255.2550,255.2550
1788363356,255.2300,255.2500,255.2300,255.2500
1788363359,255.2600,255.2700,255.2600,255.2700
1788363361,255.2600,255.2600,255.2600,255.2600
1788363363,255.2600,255.2600,255.2600,255.2600
1788363365,255.2500,255.2500,255.2500,255.2500
1788363367,255.2600,255.2600,255.2600,255.2600
1788363369,255.2550,255.2550,255.2550,255.2550
1788363370,255.2700,255.2700,255.2700,255.2700
1788363372,255.2900,255.2900,255.2900,255.2900
1788363375,255.3100,255.3100,255.2950,255.2950
1788363376,255.3000,255.3000,255.3000,255.3000
1788363384,255.3200,255.3300,255.3200,255.3300
1788363385,255.3300,255.3400,255.3300,255.3400
1788363386,255.3500,255.3700,255.3500,255.3700
1788363389,255.3600,255.3600,255.3600,255.3600
1788363390,255.3400,255.3600,255.3400,255.3600
1788363391,255.3500,255.3500,255.3500,255.3500
1788363395,255.3500,255.3500,255.3500,255.3500
1788363401,255.3800,255.4050,255.3800,255.3800
1788363403,255.3700,255.3700,255.3700,255.3700
1788363405,255.3800,255.4100,255.3800,255.4100
1788363413,255.3800,255.3900,255.3800,255.3800
1788363424,255.3800,255.3800,255.3800,255.3800
1788363425,255.4000,255.4000,255.4000,255.4000
1788363427,255.4100,255.4200,255.4100,255.4200
1788363430,255.4000,255.4000,255.3400,255.3400
1788363431,255.3400,255.3500,255.3400,255.3500
1788363433,255.3300,255.3300,255.3200,255.3200
1788363435,255.3200,255.3200,255.3200,255.3200
1788363436,255.3400,255.3400,255.3400,255.3400
1788363438,255.3300,255.3300,255.3200,255.3200
1788363441,255.3100,255.3200,255.3100,255.3200
1788363442,255.3000,255.3000,255.2950,255.2950
1788363445,255.2900,255.2900,255.2900,255.2900
1788363446,255.3000,255.3000,255.2900,255.2900
1788363448,255.3100,255.3100,255.3100,255.3100
1788363449,255.3000,255.3200,255.2900,255.3200
1788363451,255.3000,255.3000,255.3000,255.3000
1788363455,255.3000,255.3000,255.3000,255.3000
1788363456,255.3200,255.3300,255.3200,255.3200
1788363459,255.3200,255.3200,255.3100,255.3100
1788363460,255.3000,255.3000,255.2900,255.3000
1788363461,255.2950,255.2950,255.2800,255.2800
1788363462,255.2700,255.2800,255.2700,255.2800
1788363465,255.3000,255.3000,255.3000,255.3000
1788363467,255.3000,255.3000,255.3000,255.3000
1788363468,255.3100,255.3100,255.3100,255.3100
1788363470,255.3000,255.3000,255.3000,255.3000
1788363472,255.2800,255.2800,255.2200,255.2600
1788363475,255.2600,255.2600,255.2600,255.2600
1788363476,255.2800,255.3000,255.2800,255.3000
1788363478,255.2800,255.2800,255.2700,255.2800
1788363479,255.2600,255.2600,255.2400,255.2400
1788363487,255.2200,255.2200,255.2100,255.2100
1788363489,255.2200,255.2200,255.2200,255.2200
1788363494,255.2000,255.2000,255.1900,255.1900
1788363496,255.1800,255.1800,255.1600,255.1600
1788363499,255.1900,255.1900,255.1900,255.1900
1788363505,255.1600,255.1600,255.1600,255.1600
1788363506,255.1600,255.1600,255.1200,255.1200
1788363509,255.0900,255.0900,255.0500,255.0700
1788363512,255.0800,255.0800,255.0800,255.0800
1788363513,255.0800,255.0800,255.0800,255.0800
1788363521,255.0900,255.0900,255.0900,255.0900
1788363524,255.0600,255.0600,255.0400,255.0600
1788363525,255.0650,255.0650,255.0650,255.0650
1788363533,255.0600,255.0600,255.0600,255.0600
1788363534,255.0400,255.0400,255.0200,255.0300
1788363535,255.0200,255.0200,255.0100,255.0100
1788363539,255.0100,255.0100,255.0100,255.0100
1788363542,255.0300,255.0300,255.0300,255.0300
1788363543,255.0500,255.0500,255.0500,255.0500
1788363545,255.0400,255.0400,255.0400,255.0400
1788363553,255.0100,255.0100,255.0000,255.0100
1788363554,255.0100,255.0200,255.0100,255.0200
1788363555,255.0000,255.0000,254.9300,254.9400
1788363558,254.9500,254.9500,254.9400,254.9400
1788363564,254.9400,254.9400,254.9400,254.9400
1788363567,254.9500,254.9600,254.9500,254.9600
1788363569,254.9550,254.9550,254.9550,254.9550
1788363570,254.9500,254.9500,254.9500,254.9500
1788363571,254.9500,254.9500,254.9500,254.9500
1788363572,254.9500,254.9500,254.9500,254.9500
1788363575,254.9200,254.9200,254.9100,254.9100
1788363577,254.9000,254.9000,254.8900,254.8900
1788363578,254.8900,254.8900,254.8900,254.8900
1788363579,254.9100,254.9100,254.9100,254.9100
1788363581,254.9100,254.9100,254.9100,254.9100
1788363583,254.9100,254.9100,254.9100,254.9100
1788363584,254.9200,254.9600,254.9200,254.9600
1788363587,254.9600,254.9800,254.9600,254.9700
1788363588,254.9800,254.9800,254.9700,254.9700
1788363592,254.9600,254.9600,254.9200,254.9200
1788363594,254.9400,254.9500,254.9400,254.9500
1788363595,254.9400,254.9400,254.9400,254.9400
1788363596,254.9600,254.9600,254.9600,254.9600
1788363601,254.9600,254.9600,254.9600,254.9600
1788363602,254.9500,254.9500,254.9400,254.9400
1788363603,254.9500,254.9500,254.9500,254.9500
1788363606,254.9500,254.9600,254.9450,254.9600
1788363607,254.9800,255.0600,254.9800,255.0600
1788363608,255.1000,255.1000,255.1000,255.1000
1788363609,255.0750,255.0750,255.0750,255.0750
1788363610,255.0750,255.0750,255.0750,255.0750
1788363613,255.0700,255.0700,255.0700,255.0700
1788363614,255.0750,255.0750,255.0400,255.0400
1788363616,255.0400,255.0400,255.0100,255.0100
1788363618,255.0200,255.0200,255.0200,255.0200
1788363620,255.0300,255.0400,255.0200,255.0200
1788363621,255.0200,255.0200,255.0200,255.0200
1788363625,255.0000,255.0000,254.9800,254.9800
1788363631,255.0050,255.0050,255.0050,255.0050
1788363632,255.0100,255.0200,255.0100,255.0200
1788363633,255.0200,255.0450,255.0200,255.0400
1788363634,255.0300,255.0300,255.0200,255.0200
1788363636,255.0500,255.0500,255.0500,255.0500
1788363639,255.0100,255.0100,254.9800,254.9800
1788363640,254.9700,254.9700,254.9700,254.9700
1788363641,254.9750,254.9750,254.9750,254.9750
1788363642,254.9600,254.9600,254.9500,254.9600
1788363643,254.9700,254.9700,254.9700,254.9700
1788363644,254.9400,254.9400,254.9400,254.9400
1788363645,254.9350,254.9350,254.9350,254.9350
1788363646,254.9200,254.9300,254.9200,254.9300
1788363651,254.9400,254.9500,254.9400,254.9500
1788363652,254.9800,254.9900,254.9800,254.9900
1788363653,255.0100,255.0100,255.0100,255.0100
1788363659,255.0100,255.0200,255.0100,255.0200
1788363662,254.9900,255.0000,254.9700,254.9700
1788363665,254.9900,254.9900,254.9900,254.9900
1788363669,255.0200,255.0200,255.0200,255.0200
1788363670,255.0300,255.0400,255.0300,255.0400
1788363676,255.0350,255.0350,255.0350,255.0350
1788363677,255.0400,255.0400,255.0400,255.0400
1788363679,255.0400,255.0500,255.0400,255.0500
1788363681,255.0700,255.0800,255.0700,255.0800
1788363685,255.0800,255.0800,255.0800,255.0800
1788363690,255.0900,255.0900,255.0700,255.0700
1788363691,255.0900,255.0900,255.0900,255.0900
1788363696,255.0800,255.0800,255.0700,255.0700
1788363699,255.0600,255.0600,255.0300,255.0300
1788363700,255.0100,255.0100,255.0100,255.0100
1788363702,255.0150,255.0300,255.0150,255.0200
1788363706,255.0400,255.0500,255.0400,255.0500
1788363707,255.0400,255.0400,255.0400,255.0400
1788363711,255.0600,255.0800,255.0600,255.0800
1788363714,255.0700,255.0700,255.0700,255.0700
1788363715,255.0800,255.0800,255.0800,255.0800
1788363717,255.1100,255.1100,255.1100,255.1100
1788363725,255.1050,255.1050,255.0900,255.0900
1788363728,255.0700,255.0700,255.0400,255.0450
1788363731,255.0300,255.0300,255.0300,255.0300
1788363733,255.0300,255.0300,255.0300,255.0300
1788363737,255.0500,255.0500,255.0500,255.0500
1788363738,255.0300,255.0300,255.0300,255.0300
1788363740,255.0200,255.0200,255.0200,255.0200
1788363741,255.0100,255.0100,255.0100,255.0100
1788363744,255.0100,255.0100,254.9700,254.9900
1788363745,254.9800,254.9800,254.9800,254.9800
1788363747,255.0000,255.0200,255.0000,255.0200
1788363748,255.0100,255.0100,255.0100,255.0100
1788363753,255.0000,255.0000,255.0000,255.0000
1788363754,254.9800,254.9800,254.9800,254.9800
1788363758,254.9600,254.9600,254.9600,254.9600
1788363760,254.9500,254.9500,254.9300,254.9300
1788363762,254.9100,254.9100,254.9100,254.9100
1788363766,254.9100,254.9100,254.8700,254.8800
1788363768,254.9100,254.9100,254.9100,254.9100
1788363772,254.8900,254.8900,254.8900,254.8900
1788363774,254.8700,254.9000,254.8700,254.8700
1788363780,254.8800,254.8800,254.8750,254.8750
1788363782,254.8700,254.8700,254.8700,254.8700
1788363783,254.8600,254.8700,254.8600,254.8700
1788363787,254.8900,254.9000,254.8900,254.9000
1788363788,254.8900,254.8900,254.8900,254.8900
1788363789,254.9000,254.9000,254.9000,254.9000
1788363790,254.8850,254.8850,254.8850,254.8850
1788363799,254.8900,254.8900,254.8900,254.8900
1788363800,254.8900,254.8900,254.8900,254.8900
1788363803,254.8900,254.9000,254.7200,254.7200
1788363804,254.7100,254.7300,254.7100,254.7300
1788363805,254.7500,254.7500,254.7500,254.7500
1788363806,254.8100,254.8100,254.8100,254.8100
1788363808,254.8000,254.8000,254.7900,254.7900
1788363809,254.7700,254.7700,254.7600,254.7600
1788363810,254.7800,254.7800,254.7800,254.7800
1788363817,254.8000,254.8100,254.8000,254.8100
1788363820,254.8200,254.8200,254.8100,254.8100
1788363822,254.7700,254.7700,254.7700,254.7700
1788363825,254.7600,254.7600,254.7600,254.7600
1788363831,254.7600,254.7600,254.7500,254.7500
1788363833,254.7550,254.7700,254.7550,254.7700
1788363834,254.7600,254.7600,254.7550,254.7550
1788363835,254.7600,254.7600,254.7600,254.7600
1788363836,254.7400,254.7400,254.7300,254.7300
1788363837,254.7300,254.7300,254.7300,254.7300
1788363838,254.7100,254.7300,254.7100,254.7300
1788363840,254.7300,254.7600,254.7300,254.7600
1788363842,254.7600,254.7700,254.7600,254.7700
1788363847,254.7600,254.7600,254.7400,254.7400
1788363850,254.7400,254.7500,254.7400,254.7500
1788363855,254.7700,254.7700,254.7700,254.7700
1788363857,254.7800,254.7900,254.7800,254.7900
1788363860,254.7600,254.7600,254.7500,254.7500
1788363863,254.7500,254.7500,254.7500,254.7500
1788363867,254.7400,254.7400,254.7400,254.7400
1788363870,254.7700,254.7700,254.7700,254.7700
1788363873,254.7600,254.7600,254.7600,254.7600
1788363876,254.7700,254.7700,254.7700,254.7700
1788363877,254.7600,254.7600,254.7500,254.7600
1788363880,254.7700,254.7700,254.7600,254.7600
1788363883,254.7600,254.7600,254.7600,254.7600
1788363886,254.7800,254.7800,254.7600,254.7600
1788363887,254.7600,254.7600,254.7600,254.7600
1788363889,254.7700,254.7700,254.7600,254.7600
1788363892,254.7400,254.7400,254.7400,254.7400
1788363893,254.7600,254.8000,254.7600,254.7800
1788363894,254.7700,254.7800,254.7700,254.7800
1788363898,254.7850,254.7850,254.7800,254.7800
1788363901,254.7600,254.7600,254.7200,254.7200
1788363903,254.7000,254.7100,254.6900,254.7100
1788363904,254.7100,254.7100,254.7100,254.7100
1788363905,254.6800,254.6800,254.6500,254.6500
1788363907,254.6400,254.6700,254.6000,254.6500
1788363910,254.6200,254.6200,254.5900,254.6200
1788363911,254.5800,254.5800,254.5800,254.5800
1788363913,254.6000,254.6000,254.6000,254.6000
1788363914,254.5850,254.5850,254.5850,254.5850
1788363915,254.6100,254.6200,254.6100,254.6200
1788363917,254.6000,254.6000,254.6000,254.6000
1788363918,254.6100,254.6100,254.6000,254.6000
1788363919,254.6000,254.6000,254.5800,254.5800
1788363922,254.6200,254.6300,254.5900,254.5900
1788363923,254.6200,254.6200,254.6200,254.6200
1788363924,254.6000,254.6000,254.6000,254.6000
1788363925,254.6200,254.6200,254.6200,254.6200
1788363927,254.6200,254.6200,254.6050,254.6050
1788363929,254.6050,254.6050,254.6050,254.6050
1788363932,254.5900,254.5900,254.5800,254.5800
1788363936,254.6000,254.6100,254.6000,254.6100
1788363937,254.5800,254.5800,254.5700,254.5700
1788363938,254.5700,254.5700,254.5300,254.5400
1788363940,254.5300,254.5300,254.5300,254.5300
1788363941,254.5400,254.5500,254.5400,254.5500
1788363944,254.5300,254.5300,254.5300,254.5300
1788363946,254.5300,254.5300,254.5300,254.5300
1788363948,254.5200,254.5800,254.5200,254.5800
1788363954,254.5400,254.5600,254.5100,254.5600
1788363960,254.5500,254.5500,254.5200,254.5300
1788363961,254.5200,254.5200,254.5200,254.5200
1788363962,254.5200,254.5200,254.4900,254.5000
1788363964,254.4900,254.4900,254.4900,254.4900
1788363967,254.4800,254.5100,254.4700,254.5100
1788363968,254.5200,254.5200,254.4900,254.4900
1788363970,254.5200,254.6000,254.5200,254.6000
1788363973,254.6200,254.6200,254.6200,254.6200
1788363974,254.6400,254.6700,254.6300,254.6300
1788363975,254.6200,254.6200,254.6200,254.6200
1788363976,254.6300,254.6400,254.6300,254.6400
1788363979,254.6400,254.6500,254.6400,254.6500
1788363980,254.6200,254.6200,254.6200,254.6200
1788363985,254.5900,254.5900,254.5800,254.5800
1788363987,254.5600,254.5600,254.5300,254.5300
1788363989,254.5100,254.5300,254.5000,254.5300
1788363997,254.5500,254.5800,254.5500,254.5800
1788363998,254.5700,254.5700,254.5700,254.5700
1788363999,254.5300,254.5800,254.5300,254.5800
1788364001,254.5700,254.6000,254.5700,254.6000
1788364006,254.5800,254.5800,254.5800,254.5800
1788364009,254.5800,254.5800,254.5800,254.5800
1788364012,254.5750,254.6000,254.5750,254.6000
1788364018,254.6250,254.6250,254.6250,254.6250
1788364019,254.6100,254.6100,254.6000,254.6000
1788364021,254.5800,254.5800,254.5700,254.5700
1788364022,254.5500,254.5500,254.5300,254.5300
1788364025,254.5300,254.5300,254.5300,254.5300
1788364027,254.5500,254.5500,254.5500,254.5500
1788364029,254.5400,254.5500,254.5400,254.5500
1788364030,254.5400,254.5400,254.5400,254.5400
1788364031,254.5600,254.5700,254.5600,254.5700
1788364036,254.5400,254.5400,254.5100,254.5100
1788364037,254.5200,254.5200,254.5200,254.5200
1788364045,254.5300,254.5300,254.5300,254.5300
1788364047,254.5400,254.5400,254.5400,254.5400
1788364048,254.5350,254.5350,254.5350,254.5350
1788364049,254.5600,254.5700,254.5600,254.5600
1788364052,254.5450,254.5450,254.5200,254.5350
1788364054,254.5350,254.5350,254.5350,254.5350
1788364055,254.5400,254.5400,254.5400,254.5400
1788364056,254.5500,254.5600,254.5500,254.5600
1788364060,254.5300,254.5450,254.5300,254.5400
1788364061,254.5500,254.5500,254.5500,254.5500
1788364064,254.5250,254.5250,254.5250,254.5250
1788364066,254.5100,254.5100,254.5100,254.5100
1788364071,254.5000,254.5000,254.4400,254.4800
1788364073,254.5000,254.5200,254.5000,254.5200
1788364075,254.5400,254.5400,254.5400,254.5400
1788364076,254.5300,254.5300,254.5300,254.5300
1788364078,254.5350,254.5350,254.5200,254.5200
1788364081,254.5100,254.5100,254.5100,254.5100
1788364082,254.5000,254.5000,254.4800,254.4800
1788364083,254.5200,254.5200,254.5100,254.5100
1788364085,254.5400,254.5400,254.5400,254.5400
1788364086,254.5550,254.5550,254.5400,254.5400
1788364087,254.5500,254.5500,254.5400,254.5400
1788364090,254.5300,254.5300,254.5000,254.5000
1788364091,254.4950,254.4950,254.4700,254.4700
1788364092,254.4700,254.4800,254.4500,254.4800
1788364093,254.4650,254.4650,254.4650,254.4650
1788364096,254.4600,254.4600,254.4600,254.4600
1788364098,254.4600,254.4600,254.4600,254.4600
1788364100,254.4700,254.4900,254.4700,254.4800
1788364105,254.5100,254.5100,254.5100,254.5100
1788364108,254.5100,254.5400,254.5100,254.5200
1788364112,254.5200,254.5200,254.5200,254.5200
1788364114,254.5200,254.5200,254.5200,254.5200
1788364118,254.5200,254.5200,254.5200,254.5200
1788364122,254.5200,254.5200,254.5200,254.5200
1788364125,254.5400,254.5500,254.5400,254.5500
1788364127,254.5500,254.5800,254.5500,254.5800
1788364128,254.6000,254.6000,254.6000,254.6000
1788364130,254.6000,254.6000,254.5800,254.5800
1788364131,254.6000,254.6000,254.6000,254.6000
1788364139,254.6200,254.6200,254.6150,254.6150
1788364143,254.6150,254.6150,254.6150,254.6150
1788364144,254.6200,254.6200,254.6200,254.6200
1788364148,254.6000,254.6000,254.6000,254.6000
1788364149,254.5900,254.6000,254.5600,254.6000
1788364154,254.6100,254.6100,254.6100,254.6100
1788364158,254.6300,254.6300,254.6300,254.6300
1788364162,254.6000,254.6000,254.6000,254.6000
1788364167,254.6100,254.6100,254.6000,254.6000
1788364169,254.6050,254.6050,254.5500,254.5700
1788364172,254.5600,254.5600,254.5500,254.5500
1788364177,254.5700,254.5700,254.5700,254.5700
1788364179,254.5500,254.5500,254.5500,254.5500
1788364181,254.5400,254.5400,254.4900,254.4900
1788364182,254.4900,254.5000,254.4900,254.5000
1788364184,254.5300,254.5300,254.5300,254.5300
1788364186,254.5300,254.5300,254.5300,254.5300
1788364187,254.5300,254.5300,254.5300,254.5300
1788364191,254.5200,254.5300,254.5200,254.5300
1788364195,254.5200,254.5200,254.5200,254.5200
1788364196,254.5200,254.5300,254.5200,254.5250
1788364200,254.5100,254.5100,254.5100,254.5100
1788364203,254.5000,254.5400,254.5000,254.5400
1788364204,254.5400,254.5400,254.5400,254.5400
1788364206,254.5350,254.5350,254.5350,254.5350
1788364209,254.5600,254.5600,254.5600,254.5600
1788364210,254.5500,254.5500,254.5500,254.5500
1788364211,254.5300,254.5300,254.5300,254.5300
1788364212,254.5400,254.5400,254.5400,254.5400
1788364216,254.5500,254.5500,254.5500,254.5500
1788364217,254.5600,254.5600,254.5600,254.5600
1788364221,254.5300,254.5300,254.5200,254.5200
1788364225,254.5250,254.5250,254.5100,254.5100
1788364236,254.5200,254.5200,254.5000,254.5000
1788364243,254.5200,254.5300,254.4900,254.5100
1788364244,254.5200,254.5200,254.5200,254.5200
1788364248,254.5400,254.5700,254.5400,254.5700
1788364249,254.5700,254.5700,254.5700,254.5700
1788364252,254.5700,254.5800,254.5700,254.5800
1788364258,254.5650,254.5650,254.5650,254.5650
1788364263,254.5600,254.5600,254.5600,254.5600
1788364265,254.5550,254.5550,254.5500,254.5500
1788364268,254.5550,254.5550,254.5550,254.5550
1788364269,254.5550,254.5550,254.5500,254.5500
1788364271,254.5600,254.5900,254.5600,254.5900
1788364273,254.5700,254.5700,254.5700,254.5700
1788364274,254.5700,254.5700,254.5700,254.5700
1788364279,254.5900,254.6100,254.5900,254.6000
1788364281,254.6200,254.6400,254.6200,254.6400
1788364283,254.6300,254.6300,254.6300,254.6300
1788364286,254.6500,254.6500,254.6500,254.6500
1788364295,254.6400,254.6500,254.6400,254.6500
1788364298,254.6400,254.6400,254.6400,254.6400
1788364299,254.6400,254.6400,254.6400,254.6400
1788364300,254.6500,254.6500,254.6500,254.6500
1788364301,254.6450,254.6450,254.6450,254.6450
1788364302,254.6500,254.6600,254.6500,254.6600
1788364303,254.6700,254.6700,254.6700,254.6700
1788364305,254.7000,254.7000,254.7000,254.7000
1788364309,254.7000,254.7000,254.7000,254.7000
1788364310,254.6800,254.6800,254.6500,254.6500
1788364311,254.6400,254.6400,254.6200,254.6200
1788364312,254.6400,254.6400,254.6400,254.6400
1788364313,254.6400,254.6400,254.6400,254.6400
1788364322,254.6400,254.6400,254.6400,254.6400
1788364323,254.6400,254.6400,254.6400,254.6400
1788364324,254.6400,254.6400,254.6400,254.6400
1788364326,254.6600,254.6650,254.6600,254.6650
1788364328,254.6800,254.6900,254.6800,254.6900
1788364329,254.7000,254.7000,254.7000,254.7000
1788364331,254.7100,254.7100,254.7100,254.7100
1788364332,254.7150,254.7400,254.7150,254.7400
1788364333,254.7300,254.7500,254.7200,254.7300
1788364334,254.7100,254.7100,254.7100,254.7100
1788364336,254.7000,254.7000,254.7000,254.7000
1788364337,254.7100,254.7100,254.7100,254.7100
1788364338,254.7100,254.7100,254.7100,254.7100
1788364339,254.7000,254.7100,254.7000,254.7100
1788364340,254.7000,254.7000,254.7000,254.7000
1788364342,254.7300,254.7300,254.7300,254.7300
1788364343,254.7200,254.7200,254.7200,254.7200
1788364346,254.7250,254.7250,254.7250,254.7250
1788364348,254.7300,254.7300,254.7300,254.7300
1788364352,254.7500,254.7500,254.7500,254.7500
1788364353,254.7500,254.7500,254.7500,254.7500
1788364361,254.7500,254.7550,254.7500,254.7550
1788364363,254.7500,254.7500,254.7500,254.7500
1788364365,254.7600,254.7600,254.7600,254.7600
1788364373,254.7600,254.7600,254.7600,254.7600
1788364376,254.7500,254.7500,254.7400,254.7400
1788364381,254.7500,254.7700,254.7500,254.7600
1788364383,254.7500,254.7500,254.7500,254.7500
1788364384,254.7300,254.7300,254.7200,254.7200
1788364387,254.7100,254.7100,254.7100,254.7100
1788364390,254.7200,254.7200,254.7200,254.7200
1788364391,254.7200,254.7200,254.7200,254.7200
1788364392,254.7300,254.7300,254.7300,254.7300
1788364393,254.7200,254.7300,254.7200,254.7200
1788364394,254.7300,254.7400,254.7300,254.7400
1788364397,254.7600,254.7800,254.7600,254.7800
1788364398,254.7800,254.7800,254.7550,254.7550
1788364399,254.7400,254.7400,254.7400,254.7400
1788364403,254.7300,254.7300,254.7300,254.7300
1788364404,254.7300,254.7300,254.7300,254.7300
1788364407,254.7300,254.7300,254.7300,254.7300
1788364409,254.7400,254.7400,254.7400,254.7400
1788364412,254.7500,254.7500,254.7200,254.7200
1788364413,254.7500,254.7600,254.7500,254.7600
1788364414,254.7400,254.7400,254.7400,254.7400
1788364416,254.7400,254.7400,254.7250,254.7300
1788364422,254.7000,254.7000,254.6900,254.6900
1788364425,254.6800,254.6800,254.6800,254.6800
1788364427,254.6600,254.6600,254.6600,254.6600
1788364430,254.6600,254.6600,254.6600,254.6600
1788364433,254.6600,254.6600,254.6600,254.6600
1788364441,254.6300,254.6300,254.6300,254.6300
1788364444,254.6200,254.6200,254.6200,254.6200
1788364447,254.6200,254.6200,254.6200,254.6200
1788364449,254.6000,254.6000,254.5900,254.6000
1788364454,254.5700,254.5700,254.5600,254.5650
1788364462,254.6000,254.6000,254.6000,254.6000
1788364471,254.5800,254.5800,254.5800,254.5800
1788364477,254.5900,254.5900,254.5900,254.5900
1788364478,254.6000,254.6100,254.6000,254.6100
1788364479,254.5900,254.5900,254.5900,254.5900
1788364481,254.5900,254.5900,254.5900,254.5900
1788364484,254.5700,254.5700,254.5700,254.5700
1788364491,254.6000,254.6000,254.6000,254.6000
1788364492,254.6200,254.6200,254.6200,254.6200
1788364503,254.6300,254.6300,254.6300,254.6300
1788364504,254.6300,254.6300,254.6200,254.6300
1788364505,254.6250,254.6250,254.6250,254.6250
1788364508,254.6100,254.6100,254.6100,254.6100
1788364509,254.6300,254.6400,254.6300,254.6400
1788364510,254.6400,254.6600,254.6400,254.6600
1788364511,254.6500,254.6500,254.6500,254.6500
1788364512,254.6400,254.6400,254.6200,254.6200
1788364516,254.6000,254.6100,254.6000,254.6000
1788364518,254.5700,254.5700,254.5700,254.5700
1788364519,254.5800,254.5800,254.5800,254.5800
1788364534,254.5900,254.5900,254.5900,254.5900
1788364536,254.5900,254.5900,254.5900,254.5900
1788364537,254.5900,254.5900,254.5900,254.5900
1788364539,254.5900,254.5900,254.5800,254.5800
1788364544,254.5700,254.5700,254.5400,254.5400
1788364545,254.5400,254.5400,254.5300,254.5300
1788364550,254.5300,254.5300,254.5300,254.5300
1788364560,254.5200,254.5300,254.5200,254.5200
1788364561,254.5100,254.5100,254.5000,254.5100
1788364566,254.5100,254.5100,254.5100,254.5100
1788364567,254.5300,254.5300,254.5300,254.5300
1788364571,254.5500,254.5500,254.5500,254.5500
1788364572,254.5300,254.5300,254.5300,254.5300
1788364575,254.5300,254.5300,254.5300,254.5300
1788364577,254.5300,254.5300,254.5200,254.5200
1788364578,254.5100,254.5100,254.5100,254.5100
1788364584,254.5300,254.5300,254.5300,254.5300
1788364586,254.5600,254.5600,254.5600,254.5600
1788364589,254.5500,254.5500,254.5400,254.5400
1788364591,254.5200,254.5200,254.5200,254.5200
1788364595,254.5200,254.5300,254.4800,254.5000
1788364601,254.5100,254.5200,254.5100,254.5200
1788364607,254.5150,254.5150,254.5150,254.5150
1788364613,254.5200,254.5200,254.5200,254.5200
1788364614,254.5100,254.5100,254.5100,254.5100
1788364615,254.5100,254.5200,254.5100,254.5200
1788364618,254.5300,254.5500,254.5300,254.5500
1788364626,254.5500,254.5500,254.5400,254.5400
1788364631,254.5550,254.5550,254.5500,254.5500
1788364632,254.5600,254.5800,254.5600,254.5800
1788364638,254.5800,254.5900,254.5800,254.5900
1788364642,254.5800,254.5800,254.5800,254.5800
1788364644,254.6000,254.6100,254.6000,254.6100
1788364647,254.6300,254.6300,254.6300,254.6300
1788364650,254.6500,254.6500,254.6500,254.6500
1788364651,254.6600,254.6600,254.6600,254.6600
1788364655,254.6500,254.6550,254.6500,254.6550
1788364657,254.6550,254.6600,254.6550,254.6600
1788364659,254.6700,254.6700,254.6650,254.6650
1788364660,254.6650,254.6650,254.6650,254.6650
1788364663,254.6800,254.6900,254.6800,254.6900
1788364664,254.6850,254.6850,254.6850,254.6850
1788364665,254.6850,254.6850,254.6850,254.6850
1788364667,254.6850,254.6850,254.6850,254.6850
1788364668,254.6850,254.6850,254.6850,254.6850
1788364670,254.6850,254.7100,254.6850,254.7100
1788364673,254.7100,254.7100,254.7100,254.7100
1788364675,254.7200,254.7200,254.7200,254.7200
1788364676,254.7200,254.7200,254.7150,254.7200
1788364678,254.7200,254.7200,254.7100,254.7100
1788364680,254.7000,254.7000,254.7000,254.7000
1788364681,254.6900,254.6900,254.6900,254.6900
1788364684,254.7000,254.7000,254.7000,254.7000
1788364685,254.7200,254.7400,254.7200,254.7400
1788364686,254.7400,254.7400,254.7400,254.7400
1788364689,254.7200,254.7200,254.7200,254.7200
1788364690,254.7000,254.7000,254.7000,254.7000
1788364692,254.7400,254.7500,254.7400,254.7500
1788364693,254.7600,254.7600,254.7600,254.7600
1788364694,254.7900,254.8000,254.7900,254.8000
1788364695,254.8100,254.8300,254.8100,254.8300
1788364696,254.8400,254.8400,254.8400,254.8400
1788364697,254.8500,254.8500,254.8500,254.8500
1788364701,254.8800,254.8800,254.8800,254.8800
1788364707,254.8900,254.8900,254.8900,254.8900
1788364708,254.9000,254.9000,254.9000,254.9000
1788364709,254.9200,254.9200,254.9200,254.9200
1788364710,254.9200,254.9200,254.9200,254.9200
1788364712,254.9100,254.9100,254.9000,254.9000
1788364713,254.9000,254.9000,254.8800,254.8800
1788364714,254.8800,254.8800,254.8800,254.8800
1788364715,254.8800,254.8800,254.8600,254.8700
1788364719,254.8550,254.8550,254.8550,254.8550
1788364723,254.8400,254.8400,254.8300,254.8300
1788364730,254.8700,254.8950,254.8700,254.8800
1788364731,254.8850,254.8850,254.8850,254.8850
1788364736,254.8800,254.8800,254.8800,254.8800
1788364738,254.8900,254.8900,254.8900,254.8900
1788364740,254.8700,254.8700,254.8600,254.8600
1788364747,254.8900,254.8900,254.8900,254.8900
1788364748,254.8900,254.9000,254.8900,254.9000
1788364754,254.8900,254.8900,254.8900,254.8900
1788364757,254.9000,254.9000,254.9000,254.9000
1788364758,254.9200,254.9500,254.9200,254.9500
1788364761,254.9400,254.9400,254.9300,254.9300
1788364762,254.9300,254.9300,254.9100,254.9100
1788364764,254.9400,254.9400,254.9400,254.9400
1788364765,254.9500,254.9500,254.9500,254.9500
1788364768,254.9900,255.0000,254.9900,255.0000
1788364773,255.0200,255.0200,255.0200,255.0200
1788364776,255.0050,255.0050,255.0050,255.0050
1788364782,255.0100,255.0100,255.0000,255.0000
1788364783,255.0000,255.0000,254.9800,254.9800
1788364790,255.0000,255.0000,255.0000,255.0000
1788364791,254.9900,254.9900,254.9800,254.9800
1788364794,255.0000,255.0000,255.0000,255.0000
1788364800,255.0000,255.0000,254.9700,254.9700
1788364802,254.9700,254.9700,254.9600,254.9600
1788364803,254.9500,254.9500,254.9500,254.9500
1788364804,254.9300,254.9400,254.9300,254.9400
1788364806,254.9500,254.9500,254.9400,254.9400
1788364807,254.9500,254.9500,254.9300,254.9300
1788364808,254.9400,254.9400,254.9400,254.9400
1788364809,254.9200,254.9300,254.9200,254.9300
1788364811,254.9400,254.9400,254.9400,254.9400
1788364814,254.9100,254.9100,254.8800,254.8800
1788364815,254.8800,254.8800,254.8800,254.8800
1788364823,254.8800,254.8800,254.8800,254.8800
1788364832,254.8800,254.8800,254.8800,254.8800
1788364839,254.9100,254.9450,254.9100,254.9450
1788364840,254.9700,254.9900,254.9700,254.9900
1788364842,255.0000,255.0000,254.9900,254.9900
1788364849,254.9900,254.9900,254.9900,254.9900
1788364850,255.0200,255.0600,255.0200,255.0600
1788364852,255.0300,255.0300,255.0300,255.0300
1788364858,255.0400,255.0400,255.0400,255.0400
1788364861,255.0200,255.0200,255.0200,255.0200
1788364862,255.0700,255.0700,255.0700,255.0700
1788364863,255.0500,255.0500,255.0500,255.0500
1788364865,255.0400,255.0400,255.0400,255.0400
1788364868,255.0600,255.0600,255.0600,255.0600
1788364869,255.0500,255.0500,255.0500,255.0500
1788364871,255.0500,255.0500,255.0500,255.0500
1788364872,255.0400,255.0400,255.0400,255.0400
1788364876,255.0600,255.1000,255.0600,255.1000
1788364877,255.1100,255.1100,255.1100,255.1100
1788364879,255.1000,255.1000,255.1000,255.1000
1788364881,255.1200,255.1200,255.1200,255.1200
1788364883,255.1300,255.1300,255.1000,255.1000
1788364885,255.1000,255.1000,255.1000,255.1000
1788364887,255.0900,255.0900,255.0900,255.0900
1788364888,255.1050,255.1050,255.1050,255.1050
1788364889,255.0800,255.0800,255.0800,255.0800
1788364894,255.0800,255.1000,255.0800,255.1000
1788364897,255.0600,255.0600,254.9800,254.9800
1788364900,254.9800,254.9800,254.9800,254.9800
1788364901,255.0100,255.0100,255.0100,255.0100
1788364904,255.0500,255.0500,255.0500,255.0500
1788364909,255.0600,255.0600,255.0600,255.0600
1788364910,255.0700,255.0700,255.0600,255.0600
1788364915,255.0500,255.0500,255.0500,255.0500
1788364919,255.0500,255.0500,255.0500,255.0500
1788364920,255.0300,255.0300,255.0300,255.0300
1788364922,255.0700,255.0700,255.0500,255.0500
1788364923,255.0700,255.0700,255.0700,255.0700
1788364925,255.0650,255.0650,255.0650,255.0650
1788364926,255.0500,255.0500,255.0500,255.0500
1788364928,255.0700,255.0700,255.0300,255.0300
1788364932,255.0300,255.0300,255.0300,255.0300
1788364934,255.0200,255.0200,255.0200,255.0200
1788364938,255.0200,255.0200,255.0200,255.0200
1788364939,255.0200,255.0200,255.0200,255.0200
1788364940,255.0100,255.0100,255.0000,255.0000
1788364944,255.0100,255.0100,255.0000,255.0000
1788364953,255.0300,255.0300,254.9900,254.9900
1788364956,254.9500,254.9500,254.9500,254.9500
1788364957,254.9500,254.9500,254.9500,254.9500
1788364963,254.9400,254.9600,254.9400,254.9600
1788364964,254.9700,254.9800,254.9700,254.9800
1788364965,254.9900,254.9900,254.9900,254.9900
1788364966,254.9850,254.9850,254.9850,254.9850
1788364970,254.9800,254.9800,254.9700,254.9700
1788364974,254.9700,254.9700,254.9700,254.9700
1788364975,254.9800,255.0300,254.9800,255.0300
1788364976,255.0400,255.0400,255.0400,255.0400
1788364980,255.0200,255.0200,255.0200,255.0200
1788364983,255.0200,255.0200,255.0200,255.0200
1788364984,255.0100,255.0100,254.9900,254.9900
1788364985,254.9900,254.9900,254.9900,254.9900
1788364988,254.9900,254.9900,254.9800,254.9800
1788364989,254.9900,254.9900,254.9800,254.9800
1788364990,254.9900,254.9900,254.9900,254.9900
1788364991,254.9800,254.9800,254.9800,254.9800
1788364992,254.9800,254.9800,254.9800,254.9800
1788364994,254.9800,254.9800,254.9800,254.9800
1788364999,254.9900,254.9900,254.9900,254.9900
1788365000,255.0000,255.0000,255.0000,255.0000
1788365003,255.0100,255.0100,255.0100,255.0100
1788365006,255.0100,255.0100,255.0100,255.0100
1788365012,255.0050,255.0050,255.0050,255.0050
1788365014,255.0000,255.0200,255.0000,255.0100
1788365015,255.0200,255.0200,255.0200,255.0200
1788365020,255.0300,255.0300,255.0300,255.0300
1788365021,255.0400,255.0400,255.0400,255.0400
1788365022,255.0500,255.0600,255.0500,255.0600
1788365027,255.0700,255.0700,255.0700,255.0700
1788365028,255.0600,255.0600,255.0600,255.0600
1788365029,255.0400,255.0400,255.0300,255.0300
1788365032,255.0200,255.0700,255.0200,255.0700
1788365034,255.0800,255.0800,255.0800,255.0800
1788365035,255.0800,255.0800,255.0600,255.0600
1788365045,255.0500,255.0500,255.0300,255.0300
1788365053,255.0400,255.0400,255.0400,255.0400
1788365059,255.0300,255.0300,255.0300,255.0300
1788365066,255.0350,255.0700,255.0300,255.0700
1788365068,255.0700,255.0700,255.0700,255.0700
1788365069,255.0300,255.0300,255.0300,255.0300
1788365070,255.0200,255.0200,255.0100,255.0100
1788365071,255.0200,255.0200,255.0200,255.0200
1788365075,255.0600,255.0600,255.0600,255.0600
1788365082,255.0700,255.0700,255.0700,255.0700
1788365084,255.0600,255.0600,255.0600,255.0600
1788365085,255.0400,255.0400,255.0400,255.0400
1788365087,255.0300,255.0300,255.0200,255.0200
1788365088,255.0200,255.0200,255.0200,255.0200
1788365094,255.0600,255.0600,255.0600,255.0600
1788365095,255.0700,255.1100,255.0700,255.1100
1788365097,255.1200,255.1200,255.1200,255.1200
1788365104,255.1000,255.1000,255.1000,255.1000
1788365105,255.0700,255.0700,255.0700,255.0700
1788365106,255.0600,255.0600,255.0600,255.0600
1788365111,255.0500,255.0500,255.0400,255.0400
1788365113,255.0100,255.0100,254.9500,254.9500
1788365115,254.9500,254.9500,254.9200,254.9200
1788365119,254.9300,254.9500,254.9300,254.9500
1788365120,254.9600,254.9600,254.9600,254.9600
1788365122,254.9500,254.9500,254.9500,254.9500
1788365123,254.9300,254.9300,254.9300,254.9300
1788365131,254.9300,254.9300,254.9300,254.9300
1788365133,254.9000,254.9000,254.9000,254.9000
1788365136,254.8600,254.8600,254.8500,254.8500
1788365141,254.8800,254.8900,254.8800,254.8900
1788365142,254.8900,254.8900,254.8900,254.8900
1788365145,254.8900,254.8900,254.8800,254.8800
1788365146,254.8700,254.8800,254.8700,254.8700
1788365151,254.8800,254.9000,254.8800,254.9000
1788365152,254.9100,254.9100,254.9100,254.9100
1788365153,254.9300,254.9300,254.9300,254.9300
1788365165,254.9200,254.9200,254.9200,254.9200
1788365167,254.9200,254.9200,254.9000,254.9000
1788365176,254.8800,254.8800,254.8600,254.8600
1788365177,254.8800,254.8800,254.8800,254.8800
1788365180,254.8700,254.8700,254.8600,254.8600
1788365182,254.8500,254.8500,254.8500,254.8500
1788365185,254.8550,254.8550,254.8550,254.8550
1788365187,254.8500,254.8500,254.8500,254.8500
1788365189,254.8500,254.8500,254.8500,254.8500
1788365192,254.8800,254.8800,254.8750,254.8750
1788365193,254.8700,254.8750,254.8700,254.8750
1788365195,254.8600,254.8600,254.8600,254.8600
1788365204,254.8500,254.8500,254.8400,254.8400
1788365206,254.8300,254.8300,254.8300,254.8300
1788365208,254.8000,254.8000,254.8000,254.8000
1788365210,254.8000,254.8000,254.8000,254.8000
1788365211,254.8100,254.8100,254.8000,254.8000
1788365212,254.8100,254.8100,254.8100,254.8100
1788365213,254.7900,254.7900,254.7900,254.7900
1788365214,254.8000,254.8100,254.8000,254.8100
1788365218,254.8200,254.8200,254.8200,254.8200
1788365220,254.8350,254.8350,254.8350,254.8350
1788365222,254.8300,254.8300,254.8300,254.8300
1788365223,254.8400,254.8400,254.8400,254.8400
1788365229,254.8700,254.8700,254.8700,254.8700
1788365235,254.8600,254.8600,254.8600,254.8600
1788365236,254.8600,254.8600,254.8600,254.8600
1788365238,254.8800,254.8800,254.8800,254.8800
1788365239,254.8800,254.8800,254.8800,254.8800
1788365243,254.8800,254.8800,254.8800,254.8800
1788365244,254.8700,254.8700,254.8300,254.8300
1788365246,254.8150,254.8150,254.8150,254.8150
1788365250,254.8100,254.8100,254.8000,254.8000
1788365254,254.7950,254.7950,254.7950,254.7950
1788365258,254.8000,254.8100,254.8000,254.8100
1788365259,254.8400,254.8400,254.8400,254.8400
1788365264,254.8300,254.8300,254.8300,254.8300
1788365265,254.8100,254.8100,254.8100,254.8100
1788365266,254.8200,254.8200,254.8200,254.8200
1788365268,254.8200,254.8300,254.8200,254.8300
1788365271,254.8400,254.8500,254.8400,254.8500
1788365275,254.8600,254.8600,254.8600,254.8600
1788365282,254.8500,254.8500,254.8500,254.8500
1788365283,254.8500,254.8500,254.8500,254.8500
1788365286,254.8700,254.8700,254.8700,254.8700
1788365287,254.8700,254.8700,254.8700,254.8700
1788365289,254.8600,254.8600,254.8600,254.8600
1788365291,254.8500,254.8500,254.8500,254.8500
1788365298,254.8400,254.8400,254.8400,254.8400
1788365303,254.8300,254.8300,254.8300,254.8300
1788365304,254.8300,254.8300,254.8300,254.8300
1788365308,254.8400,254.8400,254.8400,254.8400
1788365310,254.8500,254.8500,254.8500,254.8500
1788365313,254.8400,254.8400,254.8300,254.8300
1788365314,254.8100,254.8100,254.8000,254.8000
1788365315,254.7900,254.7900,254.7800,254.7900
1788365320,254.7800,254.7800,254.7300,254.7500
1788365324,254.7300,254.7300,254.7200,254.7200
1788365331,254.7200,254.7200,254.7100,254.7100
1788365334,254.7300,254.7700,254.7300,254.7400
1788365341,254.7500,254.7500,254.7500,254.7500
1788365345,254.7500,254.7500,254.7500,254.7500
1788365360,254.7400,254.7400,254.7200,254.7200
1788365363,254.7200,254.7200,254.7200,254.7200
1788365373,254.7100,254.7100,254.7100,254.7100
1788365374,254.7100,254.7100,254.7100,254.7100
1788365380,254.7250,254.7250,254.7100,254.7100
1788365381,254.7100,254.7100,254.7100,254.7100
1788365382,254.7000,254.7000,254.6600,254.6600
1788365383,254.6600,254.6600,254.6600,254.6600
1788365384,254.6300,254.6300,254.6200,254.6200
1788365387,254.6100,254.6100,254.6100,254.6100
1788365389,254.6200,254.6700,254.6200,254.6700
1788365390,254.6800,254.6800,254.6500,254.6500
1788365391,254.6500,254.6500,254.6400,254.6400
1788365396,254.6650,254.6650,254.6650,254.6650
1788365402,254.6900,254.7000,254.6900,254.6900
1788365407,254.7200,254.7400,254.7100,254.7400
1788365411,254.7200,254.7200,254.7200,254.7200
1788365413,254.7300,254.7500,254.7300,254.7500
1788365414,254.7300,254.7300,254.7300,254.7300
1788365415,254.7500,254.7600,254.7500,254.7600
1788365416,254.7600,254.7600,254.7600,254.7600
1788365420,254.7800,254.7800,254.7800,254.7800
1788365422,254.7900,254.8200,254.7900,254.8200
1788365423,254.8200,254.8200,254.8200,254.8200
1788365424,254.8400,254.8600,254.8400,254.8600
1788365427,254.8600,254.8600,254.8600,254.8600
1788365433,254.8300,254.8300,254.8300,254.8300
1788365435,254.8000,254.8000,254.8000,254.8000
1788365438,254.7950,254.7950,254.7950,254.7950
1788365441,254.7700,254.7700,254.7500,254.7500
1788365445,254.7800,254.8000,254.7800,254.8000
1788365448,254.7950,254.7950,254.7950,254.7950
1788365451,254.8300,254.8500,254.8300,254.8500
1788365453,254.8400,254.8600,254.8400,254.8600
1788365457,254.8700,254.8700,254.8700,254.8700
1788365461,254.8700,254.8700,254.8600,254.8600
1788365464,254.8800,254.8800,254.8750,254.8750
1788365467,254.8600,254.8600,254.8600,254.8600
1788365470,254.8400,254.8400,254.8200,254.8200
1788365475,254.8300,254.8300,254.8300,254.8300
1788365481,254.8300,254.8400,254.8300,254.8400
1788365483,254.8500,254.8500,254.8500,254.8500
1788365487,254.8700,254.8700,254.8700,254.8700
1788365488,254.8700,254.8700,254.8700,254.8700
1788365491,254.8500,254.8500,254.8500,254.8500
1788365498,254.8500,254.8600,254.8500,254.8600
1788365499,254.8700,254.8700,254.8700,254.8700
1788365503,254.8900,254.8900,254.8900,254.8900
1788365506,254.8700,254.8700,254.8600,254.8600
1788365512,254.8600,254.8600,254.8600,254.8600
1788365514,254.8700,254.8700,254.8700,254.8700
1788365516,254.8600,254.8600,254.8200,254.8200
1788365522,254.8000,254.8000,254.7900,254.7900
1788365528,254.8000,254.8000,254.8000,254.8000
1788365530,254.8200,254.8200,254.8100,254.8200
1788365533,254.8300,254.8300,254.8300,254.8300
1788365541,254.8150,254.8150,254.8150,254.8150
1788365542,254.8400,254.8500,254.8400,254.8500
1788365546,254.8500,254.8500,254.8500,254.8500
1788365547,254.8600,254.8600,254.8600,254.8600
1788365548,254.8600,254.8600,254.8600,254.8600
1788365554,254.8700,254.8700,254.8700,254.8700
1788365555,254.8700,254.8800,254.8700,254.8800
1788365557,254.8900,254.9000,254.8900,254.9000
1788365558,254.9200,254.9300,254.9100,254.9200
1788365565,254.9300,254.9300,254.9300,254.9300
1788365569,254.9400,254.9400,254.9300,254.9300
1788365571,254.9300,254.9300,254.9300,254.9300
1788365572,254.9300,254.9300,254.9300,254.9300
1788365573,254.9300,254.9300,254.9200,254.9200
1788365574,254.9300,254.9400,254.9300,254.9400
1788365575,254.9400,254.9400,254.9400,254.9400
1788365579,254.9250,254.9250,254.9250,254.9250
1788365580,254.9100,254.9100,254.8800,254.8800
1788365582,254.8900,254.9200,254.8900,254.9100
1788365584,254.9100,254.9100,254.9100,254.9100
1788365587,254.9200,254.9600,254.9200,254.9600
1788365593,254.9800,254.9900,254.9700,254.9700
1788365594,254.9600,254.9600,254.9600,254.9600
1788365596,254.9500,254.9500,254.9200,254.9200
1788365598,254.9000,254.9000,254.8600,254.8700
1788365599,254.8900,254.8900,254.8900,254.8900
1788365603,254.8900,254.8900,254.8900,254.8900
1788365605,254.8700,254.8700,254.8700,254.8700
1788365608,254.8800,254.8900,254.8800,254.8900
1788365610,254.9000,254.9000,254.9000,254.9000
1788365613,254.8800,254.8800,254.8700,254.8700
1788365614,254.8800,254.8800,254.8800,254.8800
1788365617,254.8600,254.8600,254.8600,254.8600
1788365620,254.9000,254.9100,254.9000,254.9100
1788365626,254.9000,254.9000,254.9000,254.9000
1788365637,254.9200,254.9200,254.9200,254.9200
1788365639,254.9200,254.9200,254.9200,254.9200
1788365640,254.9200,254.9200,254.9200,254.9200
1788365641,254.9200,254.9200,254.9200,254.9200
1788365647,254.9150,254.9300,254.9150,254.9300
1788365649,254.9300,254.9300,254.9300,254.9300
1788365655,254.9000,254.9000,254.9000,254.9000
1788365657,254.9100,254.9100,254.9100,254.9100
1788365663,254.9150,254.9150,254.9150,254.9150
1788365664,254.9200,254.9200,254.9200,254.9200
1788365668,254.9200,254.9350,254.9000,254.9200
1788365670,254.9300,254.9300,254.9300,254.9300
1788365679,254.9200,254.9200,254.9100,254.9100
1788365683,254.9000,254.9000,254.8650,254.8700
1788365684,254.8750,254.8750,254.8700,254.8700
1788365687,254.8700,254.8700,254.8700,254.8700
1788365688,254.8800,254.8900,254.8800,254.8900
1788365689,254.9100,254.9100,254.9100,254.9100
1788365690,254.9200,254.9700,254.9200,254.9700
1788365695,254.9500,254.9500,254.9500,254.9500
1788365696,254.9400,254.9500,254.9350,254.9400
1788365700,254.9500,254.9500,254.9500,254.9500
1788365701,254.9500,254.9550,254.9500,254.9500
1788365703,254.9500,254.9500,254.9400,254.9500
1788365704,254.9500,254.9500,254.9450,254.9500
1788365707,254.9400,254.9400,254.9200,254.9200
1788365710,254.9300,254.9300,254.9300,254.9300
1788365712,254.9300,254.9300,254.9200,254.9200
1788365716,254.9200,254.9200,254.9200,254.9200
1788365718,254.9100,254.9200,254.9100,254.9200
1788365720,254.9300,254.9300,254.9300,254.9300
1788365721,254.9200,254.9200,254.9200,254.9200
1788365723,254.9050,254.9050,254.9050,254.9050
1788365735,254.8900,254.8900,254.8900,254.8900
1788365737,254.8950,254.8950,254.8950,254.8950
1788365738,254.8950,254.8950,254.8950,254.8950
1788365740,254.8800,254.8800,254.8800,254.8800
1788365744,254.8700,254.8800,254.8700,254.8800
1788365745,254.8700,254.8700,254.8700,254.8700
1788365746,254.8600,254.8600,254.7800,254.7800
1788365748,254.7800,254.8000,254.7600,254.8000
1788365749,254.8000,254.8000,254.8000,254.8000
1788365761,254.7950,254.7950,254.7950,254.7950
1788365762,254.7800,254.7800,254.7800,254.7800
1788365763,254.7700,254.7700,254.7700,254.7700
1788365764,254.7700,254.7700,254.7700,254.7700
1788365766,254.7700,254.7700,254.7700,254.7700
1788365775,254.7700,254.7700,254.7700,254.7700
1788365777,254.7900,254.7900,254.7800,254.7800
1788365780,254.7900,254.7900,254.7800,254.7900
1788365782,254.7950,254.7950,254.7950,254.7950
1788365791,254.8200,254.8300,254.8200,254.8300
1788365794,254.8200,254.8200,254.8200,254.8200
1788365797,254.8000,254.8000,254.8000,254.8000
1788365801,254.7900,254.7900,254.7900,254.7900
1788365802,254.7800,254.7800,254.7600,254.7600
1788365803,254.7550,254.7600,254.7550,254.7600
1788365805,254.7600,254.7600,254.7400,254.7400
1788365806,254.7400,254.7400,254.7000,254.7000
1788365811,254.6900,254.6900,254.6900,254.6900
1788365822,254.7050,254.7400,254.7050,254.7400
1788365824,254.7250,254.7250,254.7250,254.7250
1788365830,254.7350,254.7350,254.7350,254.7350
1788365831,254.7350,254.7350,254.7300,254.7300
1788365832,254.7100,254.7100,254.7000,254.7000
1788365833,254.7200,254.7200,254.7200,254.7200
1788365834,254.7300,254.7700,254.7200,254.7700
1788365836,254.8000,254.8100,254.8000,254.8100
1788365838,254.8000,254.8000,254.8000,254.8000
1788365839,254.7900,254.7900,254.7900,254.7900
1788365840,254.7900,254.8250,254.7900,254.8250
1788365843,254.8300,254.8500,254.8300,254.8500
1788365846,254.8600,254.8600,254.8600,254.8600
1788365852,254.9000,254.9250,254.9000,254.9250
1788365858,254.9350,254.9350,254.9350,254.9350
1788365868,254.9200,254.9200,254.8800,254.8800
1788365869,254.9000,254.9000,254.9000,254.9000
1788365871,254.9400,254.9600,254.9400,254.9600
1788365873,254.9600,254.9600,254.9600,254.9600
1788365874,254.9700,254.9700,254.9700,254.9700
1788365876,254.9800,255.0100,254.9800,255.0100
1788365877,255.0000,255.0000,254.9900,254.9900
1788365879,254.9600,254.9600,254.9500,254.9500
1788365884,254.9600,254.9600,254.9600,254.9600
1788365885,254.9700,255.0200,254.9700,255.0200
1788365887,255.0000,255.0200,254.9400,255.0200
1788365890,255.0400,255.0500,255.0350,255.0350
1788365893,255.0350,255.0350,255.0350,255.0350
1788365895,255.0500,255.0500,255.0500,255.0500
1788365896,255.0600,255.0600,255.0600,255.0600
1788365906,255.0550,255.0550,255.0500,255.0500
1788365907,255.0400,255.0400,255.0400,255.0400
1788365915,255.0400,255.0400,255.0400,255.0400
1788365917,255.0400,255.0400,254.9700,254.9800
1788365918,254.9900,254.9900,254.9800,254.9800
1788365920,254.9700,254.9700,254.9700,254.9700
1788365921,254.9800,254.9900,254.9800,254.9900
1788365922,255.0000,255.0000,255.0000,255.0000
1788365923,255.0300,255.0300,255.0200,255.0200
1788365924,255.0200,255.0200,255.0200,255.0200
1788365927,255.0350,255.0350,255.0350,255.0350
1788365931,255.0350,255.0350,255.0350,255.0350
1788365932,255.0200,255.0200,255.0100,255.0100
1788365934,255.0200,255.0200,255.0200,255.0200
1788365935,255.0250,255.0250,255.0250,255.0250
1788365937,255.0250,255.0250,255.0250,255.0250
1788365938,255.0400,255.0400,255.0200,255.0400
1788365940,255.0450,255.0500,255.0400,255.0400
1788365942,255.0200,255.0200,255.0200,255.0200
1788365947,255.0400,255.0400,255.0400,255.0400
1788365948,255.0200,255.0200,254.9800,254.9900
1788365951,255.0000,255.0000,255.0000,255.0000
1788365952,255.0100,255.0100,255.0100,255.0100
1788365953,255.0000,255.0000,255.0000,255.0000
1788365955,254.9900,254.9900,254.9550,254.9600
1788365958,254.9600,254.9600,254.9600,254.9600
1788365960,254.9500,254.9550,254.9300,254.9300
1788365961,254.9300,254.9300,254.9300,254.9300
1788365964,254.9200,254.9200,254.8950,254.9100
1788365965,254.9200,254.9200,254.9200,254.9200
1788365968,254.8800,254.8800,254.8800,254.8800
1788365973,254.8500,254.8500,254.8500,254.8500
1788365974,254.8300,254.8300,254.8300,254.8300
1788365978,254.8100,254.8100,254.8050,254.8050
1788365980,254.8100,254.8200,254.8000,254.8200
1788365981,254.8150,254.8300,254.8150,254.8200
1788365982,254.8200,254.8200,254.8200,254.8200
1788365983,254.8100,254.8300,254.8100,254.8300
1788365988,254.8200,254.8200,254.8100,254.8200
1788365990,254.8200,254.8200,254.8200,254.8200
1788365991,254.8200,254.8200,254.8200,254.8200
1788365992,254.8300,254.8600,254.8300,254.8600
1788365993,254.8300,254.8300,254.8300,254.8300
1788365995,254.8500,254.8500,254.8500,254.8500
1788365998,254.8600,254.8600,254.8600,254.8600
1788366001,254.8700,254.8700,254.8700,254.8700
1788366009,254.8700,254.8700,254.8700,254.8700
1788366011,254.8600,254.8600,254.8600,254.8600
1788366012,254.8500,254.8500,254.8300,254.8350
1788366014,254.8500,254.8900,254.8500,254.8900
1788366019,254.8700,254.8700,254.8700,254.8700
1788366020,254.8600,254.8600,254.8400,254.8400
1788366023,254.8350,254.8350,254.8100,254.8100
1788366027,254.8050,254.8400,254.8050,254.8400
1788366028,254.8400,254.8400,254.8400,254.8400
1788366029,254.8450,254.8450,254.8450,254.8450
1788366033,254.8500,254.8500,254.8450,254.8450
1788366034,254.8500,254.8600,254.8500,254.8600
1788366037,254.8500,254.8500,254.8500,254.8500
1788366042,254.8700,254.8700,254.8700,254.8700
1788366046,254.8700,254.8700,254.8700,254.8700
1788366050,254.8700,254.8700,254.8700,254.8700
1788366052,254.8500,254.8500,254.8200,254.8200
1788366058,254.8250,254.8300,254.8250,254.8300
1788366065,254.8400,254.8400,254.8400,254.8400
1788366067,254.8400,254.8400,254.8400,254.8400
1788366068,254.8400,254.8500,254.8100,254.8500
1788366069,254.8400,254.8400,254.8350,254.8350
1788366074,254.8200,254.8200,254.7900,254.7900
1788366079,254.8000,254.8200,254.7200,254.7300
1788366080,254.7300,254.7300,254.7300,254.7300
1788366081,254.7300,254.7300,254.7200,254.7200
1788366085,254.7400,254.7400,254.7400,254.7400
1788366087,254.7400,254.7400,254.7400,254.7400
1788366089,254.7500,254.7600,254.7500,254.7600
1788366090,254.7600,254.7800,254.7600,254.7800
1788366091,254.7900,254.7900,254.7900,254.7900
1788366092,254.7800,254.7800,254.7800,254.7800
1788366093,254.7700,254.7700,254.7700,254.7700
1788366097,254.7800,254.7800,254.7800,254.7800
1788366103,254.7800,254.8300,254.7800,254.8300
1788366108,254.8100,254.8100,254.8000,254.8000
1788366109,254.7900,254.7900,254.7900,254.7900
1788366110,254.7700,254.7700,254.7700,254.7700
1788366112,254.7800,254.7800,254.7800,254.7800
1788366118,254.7700,254.7700,254.7700,254.7700
1788366129,254.7700,254.7900,254.7700,254.7900
1788366136,254.8100,254.8200,254.8100,254.8200
1788366138,254.8100,254.8100,254.8100,254.8100
1788366145,254.7800,254.7800,254.7800,254.7800
1788366148,254.7700,254.7700,254.7700,254.7700
1788366154,254.7700,254.7900,254.7700,254.7900
1788366156,254.8000,254.8100,254.8000,254.8100
1788366162,254.8200,254.8300,254.8200,254.8300
1788366163,254.8400,254.8400,254.8400,254.8400
1788366165,254.8400,254.8400,254.8200,254.8200
1788366168,254.8000,254.8000,254.7800,254.7800
1788366174,254.7900,254.8100,254.7900,254.8100
1788366175,254.7900,254.7900,254.7500,254.7500
1788366181,254.7400,254.7400,254.7100,254.7100
1788366186,254.7200,254.7300,254.7100,254.7200
1788366188,254.7100,254.7100,254.6850,254.6900
1788366189,254.6900,254.6900,254.6900,254.6900
1788366191,254.6900,254.6900,254.6900,254.6900
1788366196,254.7000,254.7100,254.7000,254.7100
1788366201,254.7050,254.7050,254.7050,254.7050
1788366202,254.7000,254.7000,254.6900,254.6900
1788366203,254.6800,254.6800,254.6800,254.6800
1788366205,254.6600,254.6600,254.6300,254.6400
1788366208,254.6200,254.6200,254.6200,254.6200
1788366209,254.6100,254.6100,254.5700,254.5700
1788366215,254.5600,254.5600,254.5600,254.5600
1788366216,254.5500,254.5500,254.5300,254.5300
1788366217,254.5400,254.5500,254.5200,254.5400
1788366218,254.5500,254.5500,254.5500,254.5500
1788366220,254.5600,254.5600,254.5600,254.5600
1788366228,254.6150,254.6300,254.6150,254.6300
1788366229,254.6300,254.6300,254.6000,254.6000
1788366234,254.6000,254.6000,254.5800,254.5800
1788366236,254.5600,254.5600,254.5500,254.5500
1788366243,254.5400,254.5400,254.5400,254.5400
1788366246,254.5400,254.6900,254.5000,254.6300
1788366248,254.5800,254.5800,254.5800,254.5800
1788366249,254.5850,254.5850,254.5850,254.5850
1788366250,254.5700,254.5800,254.5700,254.5800
1788366252,254.5700,254.5700,254.5600,254.5600
1788366254,254.5700,254.6100,254.5700,254.6100
1788366259,254.6100,254.6100,254.6100,254.6100
1788366260,254.5900,254.5900,254.5900,254.5900
1788366264,254.5900,254.6000,254.5800,254.5800
1788366266,254.6050,254.6050,254.6050,254.6050
1788366267,254.6000,254.6000,254.6000,254.6000
1788366269,254.6000,254.6500,254.6000,254.6500
1788366271,254.6500,254.6700,254.6200,254.6700
1788366272,254.6400,254.6400,254.6300,254.6300
1788366273,254.6400,254.6400,254.6400,254.6400
1788366275,254.6400,254.6400,254.6400,254.6400
1788366277,254.6400,254.6400,254.6400,254.6400
1788366278,254.6400,254.6900,254.6400,254.6900
1788366279,254.7100,254.7700,254.7100,254.7700
1788366280,254.7700,254.7700,254.7700,254.7700
1788366281,254.7600,254.7700,254.7600,254.7700
1788366285,254.7800,254.8000,254.7800,254.8000
1788366287,254.8250,254.8250,254.8100,254.8100
1788366291,254.8000,254.8000,254.7800,254.7800
1788366293,254.7600,254.7600,254.7600,254.7600
1788366295,254.7300,254.7300,254.7200,254.7200
1788366298,254.7400,254.7400,254.7400,254.7400
1788366300,254.7600,254.7600,254.7400,254.7400
1788366305,254.7250,254.7250,254.7200,254.7200
1788366308,254.7500,254.7600,254.7500,254.7600
1788366309,254.7500,254.7500,254.7500,254.7500
1788366310,254.7600,254.7600,254.7600,254.7600
1788366311,254.7400,254.7400,254.7400,254.7400
1788366316,254.7300,254.7300,254.7300,254.7300
1788366319,254.7200,254.7600,254.7200,254.7500
1788366322,254.7150,254.7150,254.7150,254.7150
1788366323,254.7200,254.7200,254.7200,254.7200
1788366325,254.7250,254.7250,254.7250,254.7250
1788366327,254.7400,254.7400,254.7400,254.7400
1788366330,254.7300,254.7300,254.7300,254.7300
1788366344,254.7300,254.7300,254.7300,254.7300
1788366349,254.7300,254.7300,254.7300,254.7300
1788366350,254.7100,254.7100,254.7000,254.7000
1788366351,254.7000,254.7100,254.7000,254.7100
1788366352,254.7000,254.7000,254.7000,254.7000
1788366353,254.7200,254.7300,254.7200,254.7300
1788366354,254.7200,254.7200,254.7000,254.7000
1788366358,254.6900,254.6900,254.6800,254.6800
1788366362,254.6700,254.6800,254.6500,254.6800
1788366366,254.7000,254.7000,254.7000,254.7000
1788366367,254.7000,254.7000,254.7000,254.7000
1788366369,254.7200,254.7600,254.7200,254.7600
1788366370,254.7800,254.8300,254.7800,254.8300
1788366371,254.8100,254.8100,254.8100,254.8100
1788366372,254.8200,254.8200,254.8200,254.8200
1788366377,254.7600,254.7600,254.7600,254.7600
1788366381,254.7400,254.7400,254.7400,254.7400
1788366382,254.7450,254.7700,254.7450,254.7700
1788366385,254.7600,254.7600,254.7600,254.7600
1788366394,254.7400,254.7400,254.7400,254.7400
1788366395,254.7450,254.7450,254.7450,254.7450
1788366397,254.7300,254.7300,254.7300,254.7300
1788366398,254.7400,254.7400,254.7400,254.7400
1788366405,254.7300,254.7300,254.7300,254.7300
1788366406,254.7400,254.7400,254.7400,254.7400
1788366408,254.7350,254.7350,254.7350,254.7350
1788366409,254.7350,254.7350,254.7350,254.7350
1788366410,254.7200,254.7200,254.7200,254.7200
1788366414,254.7150,254.7150,254.7150,254.7150
1788366418,254.7200,254.7200,254.7150,254.7150
1788366420,254.7300,254.7500,254.7300,254.7500
1788366421,254.7800,254.7800,254.7800,254.7800
1788366425,254.7500,254.7500,254.7100,254.7100
1788366429,254.7200,254.7200,254.7200,254.7200
1788366431,254.7300,254.7500,254.7300,254.7500
1788366433,254.7600,254.7600,254.7600,254.7600
1788366434,254.7700,254.7800,254.7700,254.7800
1788366438,254.7700,254.7700,254.7700,254.7700
1788366442,254.7500,254.7500,254.7200,254.7400
1788366444,254.7400,254.7400,254.7300,254.7300
1788366450,254.7500,254.7600,254.7500,254.7600
1788366473,254.7750,254.7900,254.7750,254.7900
1788366474,254.7700,254.7700,254.7700,254.7700
1788366476,254.7400,254.7400,254.7400,254.7400
1788366477,254.7300,254.7400,254.7300,254.7400
1788366481,254.7550,254.7550,254.7550,254.7550
1788366482,254.7600,254.7800,254.7600,254.7800
1788366487,254.8000,254.8000,254.7900,254.7900
1788366491,254.7800,254.7800,254.7800,254.7800
1788366496,254.7900,254.7900,254.7900,254.7900
1788366497,254.7800,254.7800,254.7400,254.7800
1788366498,254.7850,254.8000,254.7700,254.8000
1788366499,254.8000,254.8000,254.7800,254.8000
1788366506,254.7700,254.7700,254.7400,254.7400
1788366509,254.7400,254.7600,254.7400,254.7600
1788366516,254.7300,254.7300,254.7100,254.7100
1788366517,254.7100,254.7100,254.7100,254.7100
1788366519,254.7000,254.7000,254.6650,254.6800
1788366525,254.6750,254.6750,254.6750,254.6750
1788366527,254.6750,254.6750,254.6750,254.6750
1788366528,254.6800,254.7000,254.6800,254.7000
1788366538,254.7150,254.7300,254.7150,254.7300
1788366539,254.7300,254.7300,254.7300,254.7300
1788366541,254.7200,254.7200,254.7200,254.7200
1788366552,254.7600,254.7900,254.7600,254.7900
1788366553,254.7950,254.7950,254.7950,254.7950
1788366556,254.8000,254.8000,254.8000,254.8000
1788366559,254.8000,254.8000,254.7900,254.7900
1788366562,254.7900,254.7900,254.7900,254.7900
1788366563,254.8000,254.8000,254.8000,254.8000
1788366564,254.8000,254.8000,254.8000,254.8000
1788366574,254.8000,254.8200,254.7800,254.8200
1788366575,254.8200,254.8200,254.7950,254.8000
1788366576,254.8100,254.8200,254.8100,254.8200
1788366577,254.8100,254.8100,254.8000,254.8000
1788366587,254.7800,254.7800,254.7800,254.7800
1788366588,254.7850,254.8100,254.7850,254.8100
1788366589,254.8200,254.8200,254.8200,254.8200
1788366597,254.8300,254.8300,254.8300,254.8300
1788366598,254.8300,254.8500,254.8300,254.8500
1788366599,254.8600,254.8600,254.8600,254.8600
1788366600,254.8500,254.8500,254.8200,254.8500
1788366606,254.8800,254.8800,254.8800,254.8800
1788366607,254.8700,254.8700,254.8700,254.8700
1788366609,254.8500,254.8500,254.8400,254.8400
1788366613,254.8450,254.8500,254.8450,254.8500
1788366614,254.8500,254.8500,254.8200,254.8200
1788366615,254.8200,254.8200,254.8100,254.8200
1788366616,254.8500,254.8600,254.8500,254.8600
1788366617,254.8600,254.8600,254.8400,254.8400
1788366620,254.8400,254.8400,254.8000,254.8000
1788366621,254.7900,254.7900,254.7700,254.7700
1788366622,254.7600,254.7600,254.7400,254.7600
1788366623,254.7400,254.7400,254.7200,254.7200
1788366624,254.7200,254.7200,254.7200,254.7200
1788366626,254.7300,254.7300,254.7300,254.7300
1788366630,254.7200,254.7200,254.7200,254.7200
1788366636,254.7400,254.7700,254.7400,254.7700
1788366639,254.7700,254.7700,254.7700,254.7700
1788366640,254.7700,254.7700,254.7700,254.7700
1788366641,254.7500,254.7500,254.7500,254.7500
1788366644,254.7400,254.7500,254.7400,254.7500
1788366647,254.7400,254.7400,254.7300,254.7350
1788366648,254.7400,254.7600,254.7400,254.7600
1788366650,254.7500,254.7500,254.7400,254.7400
1788366651,254.7300,254.7300,254.7150,254.7150
1788366654,254.7350,254.7400,254.7350,254.7400
1788366655,254.7500,254.7600,254.7500,254.7600
1788366656,254.7800,254.8000,254.7800,254.8000
1788366657,254.8000,254.8000,254.8000,254.8000
1788366662,254.8100,254.8100,254.8100,254.8100
1788366667,254.8250,254.8250,254.8200,254.8200
1788366668,254.8200,254.8200,254.8200,254.8200
1788366675,254.8200,254.8200,254.8200,254.8200
1788366676,254.8100,254.8100,254.8000,254.8000
1788366681,254.8100,254.8200,254.8000,254.8200
1788366682,254.8400,254.8700,254.8400,254.8700
1788366683,254.8800,254.8800,254.8800,254.8800
1788366685,254.8800,254.8800,254.8800,254.8800
1788366686,254.8900,254.9000,254.8900,254.9000
1788366687,254.9100,254.9200,254.9100,254.9200
1788366689,254.9000,254.9000,254.9000,254.9000
1788366691,254.8700,254.8700,254.8400,254.8400
1788366693,254.8450,254.8450,254.8450,254.8450
1788366707,254.8900,254.8900,254.8900,254.8900
1788366710,254.8900,254.8900,254.8900,254.8900
1788366711,254.8900,254.9100,254.8900,254.9100
1788366712,254.9200,254.9200,254.9200,254.9200
1788366714,254.9250,254.9250,254.9250,254.9250
1788366715,254.9200,254.9500,254.9200,254.9500
1788366723,254.9500,254.9500,254.9500,254.9500
1788366725,254.9500,254.9500,254.9500,254.9500
1788366731,254.9400,254.9400,254.9300,254.9400
1788366735,254.9300,254.9400,254.9300,254.9350
1788366739,254.9200,254.9200,254.9200,254.9200
1788366740,254.9100,254.9100,254.8800,254.8800
1788366741,254.8600,254.8700,254.8500,254.8700
1788366744,254.9000,254.9200,254.9000,254.9200
1788366751,254.9000,254.9000,254.8700,254.8700
1788366758,254.8600,254.8600,254.8400,254.8400
1788366759,254.8300,254.8300,254.7800,254.7850
1788366763,254.7950,254.7950,254.7950,254.7950
1788366776,254.8050,254.8050,254.8050,254.8050
1788366778,254.8000,254.8000,254.8000,254.8000
1788366781,254.8150,254.8300,254.8150,254.8300
1788366783,254.8300,254.8300,254.8300,254.8300
1788366785,254.8200,254.8200,254.8200,254.8200
1788366799,254.7900,254.7900,254.7900,254.7900
1788366806,254.7700,254.7700,254.7150,254.7300
1788366807,254.7200,254.7200,254.7200,254.7200
1788366808,254.7150,254.7200,254.7150,254.7150
1788366814,254.7200,254.7200,254.7200,254.7200
1788366819,254.7250,254.7250,254.7250,254.7250
1788366824,254.7200,254.7200,254.7200,254.7200
1788366825,254.7200,254.7200,254.7200,254.7200
1788366827,254.7100,254.7100,254.6300,254.6700
1788366828,254.6800,254.6900,254.6800,254.6900
1788366842,254.6900,254.6900,254.6900,254.6900
1788366848,254.7300,254.7300,254.7300,254.7300
1788366850,254.7400,254.7750,254.7400,254.7750
1788366852,254.7800,254.7800,254.7800,254.7800
1788366854,254.7900,254.8000,254.7900,254.8000
1788366856,254.8100,254.8100,254.8100,254.8100
1788366863,254.8000,254.8000,254.8000,254.8000
1788366865,254.8000,254.8000,254.8000,254.8000
1788366867,254.8200,254.8200,254.8200,254.8200
1788366868,254.7900,254.7900,254.7800,254.7800
1788366869,254.8000,254.8200,254.8000,254.8200
1788366874,254.8250,254.8500,254.8200,254.8500
1788366876,254.8700,254.8700,254.8400,254.8400
1788366877,254.8400,254.8400,254.8400,254.8400
1788366882,254.8300,254.8300,254.8300,254.8300
1788366883,254.8200,254.8200,254.8200,254.8200
1788366887,254.8300,254.8400,254.8300,254.8400
1788366892,254.8400,254.8500,254.8400,254.8500
1788366895,254.8300,254.8300,254.8250,254.8250
1788366900,254.8200,254.8200,254.8200,254.8200
1788366901,254.8000,254.8200,254.8000,254.8200
1788366907,254.8300,254.8500,254.8300,254.8500
1788366909,254.8600,254.8600,254.8600,254.8600
1788366914,254.8700,254.8800,254.8700,254.8800
1788366917,254.9000,254.9100,254.9000,254.9100
1788366918,254.9100,254.9100,254.9100,254.9100
1788366920,254.9100,254.9100,254.9000,254.9000
1788366922,254.8900,254.9000,254.8900,254.9000
1788366926,254.8900,254.8900,254.8900,254.8900
1788366940,254.8600,254.8600,254.8600,254.8600
1788366944,254.8700,254.8700,254.8700,254.8700
1788366948,254.8650,254.8650,254.8650,254.8650
1788366954,254.8700,254.8800,254.8700,254.8800
1788366956,254.8850,254.8850,254.8850,254.8850
1788366964,254.9100,254.9200,254.9100,254.9200
1788366967,254.8900,254.8900,254.8800,254.8800
1788366968,254.8700,254.8700,254.8700,254.8700
1788366972,254.8900,254.8900,254.8900,254.8900
1788366973,254.8700,254.8700,254.8700,254.8700
1788366976,254.8900,254.8900,254.8900,254.8900
1788366985,254.8900,254.8900,254.8900,254.8900
1788366989,254.8700,254.8700,254.8700,254.8700
1788366991,254.8700,254.8700,254.8700,254.8700
1788366997,254.8500,254.8500,254.8100,254.8100
1788366998,254.8100,254.8300,254.8100,254.8300
1788367005,254.8600,254.8700,254.8600,254.8700
1788367009,254.8800,254.8800,254.8800,254.8800
1788367013,254.8800,254.8800,254.8800,254.8800
1788367016,254.8500,254.8700,254.8500,254.8700
1788367017,254.8650,254.8650,254.8650,254.8650
1788367020,254.8800,254.8800,254.8800,254.8800
1788367026,254.8800,254.8800,254.8800,254.8800
1788367031,254.8600,254.8600,254.8600,254.8600
1788367035,254.8400,254.8400,254.8300,254.8300
1788367042,254.8000,254.8000,254.7900,254.7900
1788367051,254.7900,254.7900,254.7900,254.7900
1788367053,254.7950,254.8000,254.7700,254.7700
1788367054,254.7800,254.8300,254.7800,254.8300
1788367055,254.8250,254.8250,254.8250,254.8250
1788367058,254.7900,254.7900,254.7900,254.7900
1788367062,254.8200,254.8200,254.8200,254.8200
1788367064,254.8250,254.8250,254.8100,254.8100
1788367067,254.8300,254.8300,254.8300,254.8300
1788367068,254.8600,254.8600,254.8600,254.8600
1788367069,254.8600,254.8600,254.8600,254.8600
1788367070,254.8300,254.8300,254.8300,254.8300
1788367071,254.8500,254.8500,254.8500,254.8500
1788367080,254.8600,254.8600,254.8600,254.8600
1788367081,254.8600,254.8600,254.8550,254.8550
1788367083,254.8600,254.8600,254.8600,254.8600
1788367084,254.8700,254.8700,254.8700,254.8700
1788367086,254.8600,254.8600,254.8600,254.8600
1788367088,254.8600,254.8600,254.8500,254.8500
1788367089,254.8600,254.8750,254.8600,254.8600
1788367093,254.8800,254.8800,254.8700,254.8800
1788367098,254.8950,254.9000,254.8950,254.9000
1788367100,254.9100,254.9100,254.9100,254.9100
1788367104,254.9100,254.9100,254.9100,254.9100
1788367108,254.9100,254.9100,254.9100,254.9100
1788367113,254.9100,254.9100,254.9100,254.9100
1788367115,254.9300,254.9300,254.9300,254.9300
1788367116,254.9300,254.9400,254.9200,254.9200
1788367118,254.9200,254.9200,254.9200,254.9200
1788367121,254.9100,254.9100,254.9000,254.9000
1788367127,254.9200,254.9200,254.9200,254.9200
1788367128,254.9200,254.9200,254.9200,254.9200
1788367133,254.9400,254.9400,254.9400,254.9400
1788367135,254.9500,254.9600,254.9500,254.9600
1788367140,254.9800,254.9800,254.9800,254.9800
1788367141,254.9900,254.9900,254.9900,254.9900
1788367145,254.9800,254.9800,254.9800,254.9800
1788367149,254.9500,254.9500,254.9500,254.9500
1788367160,254.9400,254.9400,254.9400,254.9400
1788367167,254.9500,254.9700,254.9500,254.9700
1788367171,254.9800,254.9800,254.9800,254.9800
1788367174,254.9600,254.9800,254.9600,254.9800
1788367176,254.9900,255.0200,254.9900,255.0200
1788367182,255.0300,255.0300,255.0300,255.0300
1788367187,255.0500,255.0500,255.0500,255.0500
1788367188,255.0500,255.0500,255.0500,255.0500
1788367191,255.0600,255.0600,255.0600,255.0600
1788367193,255.0550,255.0550,255.0550,255.0550
1788367194,255.0600,255.0600,255.0600,255.0600
1788367195,255.0500,255.0500,255.0400,255.0400
1788367199,255.0300,255.0300,255.0200,255.0200
1788367201,255.0300,255.0300,255.0300,255.0300
1788367204,255.0300,255.0400,255.0300,255.0400
1788367214,255.0350,255.0500,255.0350,255.0400
1788367221,255.0500,255.0500,255.0500,255.0500
1788367222,255.0500,255.0500,255.0500,255.0500
1788367224,255.0300,255.0300,255.0200,255.0200
1788367226,255.0200,255.0200,255.0200,255.0200
1788367227,255.0000,255.0000,254.9900,255.0000
1788367229,255.0000,255.0000,255.0000,255.0000
1788367238,254.9800,254.9800,254.9800,254.9800
1788367246,254.9900,254.9900,254.9900,254.9900
1788367255,254.9900,255.0000,254.9900,255.0000
1788367256,255.0000,255.0000,255.0000,255.0000
1788367260,255.0000,255.0200,255.0000,255.0150
1788367262,255.0150,255.0150,255.0150,255.0150
1788367266,255.0150,255.0150,255.0150,255.0150
1788367271,255.0300,255.0600,255.0300,255.0600
1788367275,255.0550,255.0600,255.0550,255.0600
1788367278,255.0500,255.0500,255.0300,255.0300
1788367285,255.0600,255.0600,255.0600,255.0600
1788367287,255.0800,255.0800,255.0800,255.0800
1788367289,255.0600,255.0600,255.0600,255.0600
1788367299,255.0600,255.0600,255.0600,255.0600
1788367302,255.0500,255.0500,255.0500,255.0500
1788367307,255.0400,255.0400,254.9700,254.9900
1788367317,255.0300,255.0500,255.0300,255.0450
1788367319,255.0400,255.0400,255.0400,255.0400
1788367322,255.0350,255.0350,255.0350,255.0350
1788367327,255.0200,255.0200,255.0100,255.0100
1788367328,255.0100,255.0100,255.0000,255.0000
1788367330,254.9900,255.0000,254.9900,255.0000
1788367331,255.0200,255.0300,255.0200,255.0300
1788367332,255.0200,255.0250,255.0200,255.0250
1788367333,255.0250,255.0250,255.0200,255.0200
1788367334,255.0250,255.0250,255.0200,255.0200
1788367341,255.0100,255.0100,254.9900,254.9900
1788367342,254.9950,254.9950,254.9950,254.9950
1788367343,255.0000,255.0000,255.0000,255.0000
1788367345,255.0200,255.0200,255.0100,255.0200
1788367346,255.0200,255.0200,255.0200,255.0200
1788367347,255.0100,255.0100,255.0100,255.0100
1788367350,255.0000,255.0000,255.0000,255.0000
1788367358,254.9800,254.9800,254.9800,254.9800
1788367359,254.9700,254.9700,254.9500,254.9500
1788367377,254.9800,254.9800,254.9800,254.9800
1788367384,255.0000,255.0000,255.0000,255.0000
1788367386,254.9900,254.9900,254.9850,254.9850
1788367391,255.0000,255.0000,255.0000,255.0000
1788367392,254.9800,254.9800,254.9800,254.9800
1788367393,254.9700,254.9700,254.9700,254.9700
1788367397,254.9600,254.9600,254.9400,254.9400
1788367405,254.9400,254.9500,254.9400,254.9500
1788367406,254.9500,254.9500,254.9500,254.9500
1788367408,254.9400,254.9400,254.9400,254.9400
1788367410,254.9600,254.9700,254.9600,254.9700
1788367414,255.0000,255.0000,255.0000,255.0000
1788367419,255.0000,255.0000,255.0000,255.0000
1788367421,255.0000,255.0000,255.0000,255.0000
1788367429,255.0100,255.0100,255.0100,255.0100
1788367430,255.0200,255.0250,255.0200,255.0250
1788367432,255.0300,255.0300,255.0300,255.0300
1788367436,255.0100,255.0100,255.0000,255.0000
1788367439,255.0000,255.0000,255.0000,255.0000
1788367440,255.0150,255.0150,255.0150,255.0150
1788367442,255.0000,255.0000,255.0000,255.0000
1788367443,255.0200,255.0200,255.0200,255.0200
1788367445,255.0000,255.0050,254.9900,255.0050
1788367457,255.0000,255.0000,254.9900,254.9900
1788367458,255.0100,255.0100,255.0100,255.0100
1788367462,255.0200,255.0200,255.0200,255.0200
1788367466,255.0100,255.0100,254.9800,254.9800
1788367469,254.9900,255.0000,254.9900,255.0000
1788367470,254.9900,254.9900,254.9700,254.9700
1788367475,254.9800,254.9800,254.9800,254.9800
1788367480,254.9500,254.9500,254.9500,254.9500
1788367485,254.9500,254.9500,254.9400,254.9400
1788367489,254.9700,254.9700,254.9700,254.9700
1788367490,254.9700,254.9700,254.9700,254.9700
1788367494,254.9500,254.9500,254.9400,254.9400
1788367497,254.9300,254.9300,254.9200,254.9200
1788367501,254.9300,254.9400,254.9200,254.9400
1788367505,254.9600,254.9800,254.9600,254.9800
1788367507,254.9900,254.9900,254.9900,254.9900
1788367508,255.0000,255.0600,255.0000,255.0600
1788367509,255.0400,255.0400,255.0400,255.0400
1788367524,255.0700,255.0700,255.0700,255.0700
1788367526,255.0800,255.0800,255.0800,255.0800
1788367528,255.0900,255.0900,255.0700,255.0700
1788367533,255.0900,255.1100,255.0900,255.1100
1788367537,255.1250,255.1250,255.1250,255.1250
1788367538,255.1400,255.1500,255.1400,255.1500
1788367542,255.1400,255.1500,255.1400,255.1500
1788367543,255.1500,255.1500,255.1500,255.1500
1788367544,255.1500,255.1600,255.1500,255.1600
1788367545,255.1800,255.1800,255.0500,255.0500
1788367546,255.0600,255.0600,255.0600,255.0600
1788367555,255.0900,255.0900,255.0900,255.0900
1788367557,255.0800,255.0800,255.0800,255.0800
1788367563,255.0500,255.0500,255.0200,255.0500
1788367569,255.0500,255.0500,255.0500,255.0500
1788367575,255.0400,255.0400,255.0400,255.0400
1788367579,255.0600,255.0600,255.0600,255.0600
1788367580,255.0550,255.0600,255.0500,255.0500
1788367587,255.0500,255.0500,254.9500,254.9600
1788367591,254.9700,254.9700,254.9700,254.9700
1788367595,254.9800,254.9800,254.9800,254.9800
1788367597,254.9900,254.9900,254.9900,254.9900
1788367602,255.0100,255.0100,255.0100,255.0100
1788367603,254.9950,254.9950,254.9950,254.9950
1788367608,254.9700,254.9700,254.9500,254.9500
1788367619,254.9550,254.9600,254.9550,254.9600
1788367626,254.9550,254.9550,254.9500,254.9500
1788367628,254.9700,255.0000,254.9700,255.0000
1788367633,255.0000,255.0100,255.0000,255.0100
1788367635,255.0100,255.0100,255.0100,255.0100
1788367645,255.0200,255.0200,255.0150,255.0150
1788367646,255.0100,255.0100,255.0100,255.0100
1788367649,255.0300,255.0300,255.0300,255.0300
1788367650,255.0000,255.0000,254.9800,255.0000
1788367661,254.9900,254.9900,254.9800,254.9800
1788367663,255.0100,255.0100,255.0100,255.0100
1788367664,255.0000,255.0000,255.0000,255.0000
1788367679,255.0300,255.0300,255.0300,255.0300
1788367684,255.0000,255.0000,255.0000,255.0000
1788367685,255.0300,255.0300,255.0100,255.0100
1788367691,255.0400,255.0400,255.0400,255.0400
1788367693,255.0400,255.0400,255.0400,255.0400
1788367700,255.0500,255.0500,255.0500,255.0500
1788367706,255.0500,255.0600,255.0500,255.0600
1788367713,255.0450,255.0450,255.0450,255.0450
1788367717,255.0400,255.0400,255.0200,255.0200
1788367718,255.0400,255.0600,255.0400,255.0600
1788367727,255.0700,255.0700,255.0700,255.0700
1788367728,255.0900,255.0900,255.0900,255.0900
1788367736,255.1000,255.1000,255.1000,255.1000
1788367738,255.1300,255.1300,255.1300,255.1300
1788367740,255.1400,255.1400,255.1400,255.1400
1788367745,255.1500,255.1500,255.1400,255.1400
1788367746,255.1300,255.1300,255.0800,255.0800
1788367748,255.0900,255.0900,255.0900,255.0900
1788367750,255.0600,255.0600,255.0400,255.0400
1788367752,255.0800,255.0800,255.0500,255.0500
1788367753,255.0500,255.0500,254.9100,254.9800
1788367766,254.9800,254.9800,254.9800,254.9800
1788367768,254.9700,254.9700,254.9700,254.9700
1788367775,255.0050,255.0050,255.0050,255.0050
1788367779,255.0300,255.0500,255.0300,255.0500
1788367782,255.0300,255.0300,255.0300,255.0300
1788367785,255.0450,255.0450,255.0450,255.0450
1788367805,255.0600,255.0700,255.0600,255.0700
1788367808,255.0800,255.0900,255.0800,255.0900
1788367810,255.0800,255.0800,255.0800,255.0800
1788367818,255.0600,255.0600,255.0600,255.0600
1788367822,255.0500,255.0500,255.0300,255.0400
1788367823,255.0400,255.0500,255.0400,255.0500
1788367828,255.0700,255.0900,255.0700,255.0900
1788367835,255.0800,255.0800,255.0200,255.0200
1788367840,255.0300,255.0300,255.0300,255.0300
1788367842,255.0200,255.0200,255.0200,255.0200
1788367843,255.0000,255.0100,255.0000,255.0100
1788367848,255.0000,255.0000,255.0000,255.0000
1788367853,255.0000,255.0000,255.0000,255.0000
1788367855,255.0200,255.0200,255.0200,255.0200
1788367868,255.0000,255.0000,255.0000,255.0000
1788367872,255.0150,255.0150,255.0150,255.0150
1788367873,255.0200,255.0300,255.0000,255.0000
1788367875,255.0000,255.0000,254.9950,254.9950
1788367876,254.9900,254.9900,254.9900,254.9900
1788367879,255.0100,255.0100,255.0100,255.0100
1788367881,255.0300,255.0300,255.0300,255.0300
1788367891,255.0400,255.0600,255.0400,255.0600
1788367892,255.0700,255.1100,255.0700,255.1100
1788367893,255.1300,255.1300,255.1200,255.1200
1788367900,255.1300,255.1300,255.1300,255.1300
1788367902,255.1100,255.1200,255.1100,255.1150
1788367907,255.1400,255.1400,255.1400,255.1400
1788367909,255.1300,255.1400,255.1300,255.1400
1788367912,255.1200,255.1400,255.1200,255.1400
1788367915,255.1700,255.1900,255.1700,255.1900
1788367916,255.1800,255.1800,255.1800,255.1800
1788367917,255.1800,255.1800,255.1800,255.1800
1788367919,255.1900,255.2000,255.1900,255.2000
1788367920,255.2100,255.2100,255.2100,255.2100
1788367928,255.2200,255.2200,255.2200,255.2200
1788367931,255.2400,255.2400,255.2200,255.2200
1788367932,255.2100,255.2200,255.2000,255.2200
1788367935,255.2200,255.2200,255.2200,255.2200
1788367940,255.2200,255.2300,255.2200,255.2300
1788367946,255.2300,255.2500,255.2300,255.2500
1788367948,255.2500,255.2600,255.2400,255.2600
1788367949,255.2450,255.2500,255.2450,255.2500
1788367951,255.2500,255.2500,255.2300,255.2300
1788367953,255.2400,255.2700,255.2400,255.2400
1788367954,255.2500,255.2500,255.2500,255.2500
1788367955,255.2500,255.2500,255.2300,255.2300
1788367958,255.2300,255.2300,255.2300,255.2300
1788367962,255.2400,255.2400,255.2400,255.2400
1788367964,255.2500,255.2500,255.2500,255.2500
1788367965,255.2600,255.2600,255.2600,255.2600
1788367968,255.2700,255.2700,255.2700,255.2700
1788367970,255.2800,255.3100,255.2800,255.3000
1788367977,255.3000,255.3000,255.2700,255.2700
1788367978,255.2700,255.2700,255.2700,255.2700
1788367986,255.2800,255.2800,255.2800,255.2800
1788367987,255.2900,255.2900,255.2900,255.2900
1788367991,255.3000,255.3300,255.3000,255.3300
1788367992,255.3600,255.3600,255.3600,255.3600
1788367993,255.3600,255.3600,255.3600,255.3600
1788367995,255.3700,255.4000,255.3700,255.4000
1788367999,255.4100,255.4250,255.4100,255.4200
1788368005,255.4400,255.4450,255.4400,255.4400
1788368008,255.4300,255.4300,255.4100,255.4100
1788368009,255.4200,255.4200,255.4200,255.4200
1788368011,255.4200,255.4200,255.4000,255.4000
1788368013,255.4000,255.4000,255.3800,255.3800
1788368014,255.3950,255.3950,255.3950,255.3950
1788368016,255.4000,255.4000,255.4000,255.4000
1788368021,255.4000,255.4000,255.4000,255.4000
1788368023,255.3800,255.3800,255.3750,255.3750
1788368024,255.3750,255.3800,255.3750,255.3750
1788368025,255.4000,255.4000,255.3900,255.3900
1788368027,255.3800,255.3800,255.3800,255.3800
1788368029,255.4000,255.4000,255.4000,255.4000
1788368030,255.4300,255.4300,255.4300,255.4300
1788368031,255.4400,255.4400,255.4400,255.4400
1788368033,255.4500,255.4500,255.4500,255.4500
1788368034,255.4500,255.4950,255.4500,255.4950
1788368035,255.5000,255.5150,255.5000,255.5150
1788368038,255.5300,255.5400,255.5300,255.5400
1788368039,255.5400,255.5400,255.5400,255.5400
1788368040,255.5400,255.5400,255.5400,255.5400
1788368041,255.5400,255.5600,255.5400,255.5600
1788368042,255.5750,255.5750,255.5750,255.5750
1788368044,255.5900,255.5900,255.5900,255.5900
1788368045,255.5900,255.6100,255.5800,255.5800
1788368046,255.5700,255.5900,255.5400,255.5600
1788368047,255.5300,255.5300,255.5300,255.5300
1788368049,255.5400,255.5400,255.5200,255.5200
1788368051,255.5200,255.5200,255.5000,255.5000
1788368052,255.5100,255.5100,255.5000,255.5000
1788368055,255.5100,255.5100,255.4950,255.4950
1788368057,255.4800,255.4800,255.4700,255.4700
1788368058,255.4800,255.4900,255.4800,255.4800
1788368061,255.5000,255.5000,255.5000,255.5000
1788368062,255.4800,255.4800,255.4800,255.4800
1788368064,255.4800,255.4800,255.4800,255.4800
1788368065,255.4900,255.4950,255.4900,255.4900
1788368066,255.4700,255.4700,255.4700,255.4700
1788368067,255.4500,255.4600,255.4500,255.4600
1788368071,255.4550,255.4600,255.4200,255.4200
1788368073,255.4150,255.4200,255.4150,255.4200
1788368074,255.4400,255.4400,255.4400,255.4400
1788368077,255.4300,255.4400,255.4300,255.4350
1788368080,255.4400,255.4400,255.4400,255.4400
1788368081,255.4500,255.4600,255.4500,255.4600
1788368082,255.4600,255.4700,255.4600,255.4700
1788368083,255.4650,255.4700,255.4650,255.4700
1788368085,255.4700,255.4700,255.4700,255.4700
1788368086,255.4800,255.5000,255.4800,255.5000
1788368089,255.5100,255.5100,255.5100,255.5100
1788368091,255.5200,255.5300,255.5200,255.5300
1788368093,255.5350,255.5350,255.5350,255.5350
1788368096,255.5300,255.5400,255.5300,255.5400
1788368098,255.5400,255.5400,255.5400,255.5400
1788368099,255.5600,255.5600,255.5600,255.5600
1788368100,255.5800,255.5800,255.5800,255.5800
1788368103,255.5700,255.5700,255.5600,255.5600
1788368105,255.5600,255.5600,255.5600,255.5600
1788368106,255.5600,255.5600,255.5500,255.5500
1788368108,255.5700,255.5800,255.5700,255.5800
1788368109,255.5600,255.5600,255.5600,255.5600
1788368110,255.5600,255.5600,255.5600,255.5600
1788368112,255.5500,255.5500,255.5500,255.5500
1788368113,255.5400,255.5400,255.5200,255.5200
1788368118,255.5400,255.5400,255.5400,255.5400
1788368119,255.5450,255.5450,255.5450,255.5450
1788368120,255.5500,255.5600,255.5400,255.5600
1788368123,255.5600,255.5600,255.5600,255.5600
1788368124,255.5600,255.5600,255.5400,255.5400
1788368125,255.5400,255.5400,255.5400,255.5400
1788368129,255.5400,255.5400,255.5400,255.5400
1788368132,255.5400,255.5400,255.5400,255.5400
1788368133,255.5300,255.5300,255.5100,255.5100
1788368134,255.5000,255.5000,255.5000,255.5000
1788368135,255.4900,255.4900,255.4300,255.4300
1788368136,255.4300,255.4300,255.4100,255.4100
1788368138,255.4000,255.4000,255.4000,255.4000
1788368139,255.3800,255.3800,255.3800,255.3800
1788368140,255.3900,255.3900,255.3900,255.3900
1788368141,255.3900,255.3900,255.3900,255.3900
1788368143,255.4100,255.4100,255.4100,255.4100
1788368147,255.4150,255.4150,255.4150,255.4150
1788368149,255.4300,255.4300,255.4300,255.4300
1788368153,255.4300,255.4300,255.4300,255.4300
1788368154,255.4300,255.4300,255.4100,255.4100
1788368156,255.4200,255.4200,255.4200,255.4200
1788368158,255.4400,255.4400,255.4400,255.4400
1788368159,255.4400,255.4400,255.4400,255.4400
1788368160,255.4300,255.4300,255.4300,255.4300
1788368163,255.4000,255.4000,255.3800,255.3800
1788368165,255.4000,255.4000,255.4000,255.4000
1788368168,255.4000,255.4000,255.4000,255.4000
1788368169,255.3900,255.3900,255.3800,255.3800
1788368180,255.3800,255.3800,255.3600,255.3600
1788368184,255.3600,255.3600,255.3000,255.3000
1788368185,255.2900,255.3300,255.2900,255.3300
1788368189,255.3500,255.3500,255.3500,255.3500
1788368190,255.3500,255.3500,255.3500,255.3500
1788368194,255.3700,255.3700,255.3700,255.3700
1788368195,255.3800,255.3800,255.3800,255.3800
1788368198,255.3800,255.3800,255.3700,255.3700
1788368199,255.3700,255.3700,255.3700,255.3700
1788368203,255.3650,255.3650,255.3650,255.3650
1788368204,255.3800,255.3800,255.3500,255.3500
1788368213,255.3700,255.3900,255.3700,255.3900
1788368214,255.3950,255.4300,255.3950,255.4300
1788368215,255.4400,255.4500,255.4400,255.4500
1788368220,255.4500,255.4500,255.4500,255.4500
1788368224,255.4500,255.4700,255.4300,255.4500
1788368225,255.4600,255.4600,255.4600,255.4600
1788368227,255.4500,255.4500,255.4400,255.4400
1788368228,255.4400,255.4400,255.4400,255.4400
1788368233,255.4700,255.4700,255.4700,255.4700
1788368235,255.4400,255.4400,255.4400,255.4400
1788368243,255.4200,255.4300,255.4200,255.4300
1788368250,255.4200,255.4200,255.4200,255.4200
1788368258,255.4100,255.4100,255.4100,255.4100
1788368259,255.4050,255.4050,255.4050,255.4050
1788368264,255.4300,255.4300,255.4300,255.4300
1788368267,255.4200,255.4200,255.4100,255.4100
1788368268,255.3900,255.3900,255.3900,255.3900
1788368269,255.3800,255.3800,255.3800,255.3800
1788368274,255.3800,255.3800,255.3800,255.3800
1788368277,255.3600,255.3600,255.3600,255.3600
1788368279,255.3500,255.3500,255.3500,255.3500
1788368281,255.3600,255.3600,255.3600,255.3600
1788368282,255.3800,255.3800,255.3800,255.3800
1788368288,255.3800,255.3900,255.3800,255.3900
1788368294,255.3700,255.3700,255.3600,255.3600
1788368295,255.3400,255.3400,255.3100,255.3150
1788368296,255.3200,255.3200,255.3200,255.3200
1788368297,255.3100,255.3100,255.3100,255.3100
1788368298,255.3000,255.3100,255.3000,255.3100
1788368305,255.3000,255.3000,255.2700,255.2700
1788368306,255.2500,255.2500,255.2400,255.2400
1788368317,255.2400,255.2400,255.2400,255.2400
1788368327,255.2300,255.2300,255.2300,255.2300
1788368332,255.2300,255.2300,255.2300,255.2300
1788368333,255.2300,255.2300,255.2300,255.2300
1788368334,255.2200,255.2200,255.2100,255.2200
1788368336,255.2100,255.2100,255.2100,255.2100
1788368337,255.2100,255.2100,255.1300,255.1400
1788368338,255.1300,255.1300,255.1300,255.1300
1788368339,255.1500,255.1500,255.1500,255.1500
1788368345,255.1400,255.1400,255.1400,255.1400
1788368346,255.1500,255.1500,255.1400,255.1400
1788368347,255.1400,255.1400,255.1400,255.1400
1788368350,255.1600,255.1700,255.1600,255.1700
1788368353,255.1500,255.1500,255.1400,255.1400
1788368357,255.1550,255.1600,255.1550,255.1600
1788368361,255.1600,255.1600,255.1600,255.1600
1788368363,255.1550,255.1550,255.1550,255.1550
1788368369,255.1700,255.1700,255.1700,255.1700
1788368373,255.1400,255.1400,255.1400,255.1400
1788368374,255.1200,255.1200,255.0900,255.0900
1788368381,255.0800,255.0800,255.0700,255.0800
1788368390,255.0900,255.0900,255.0900,255.0900
1788368393,255.0700,255.0700,255.0600,255.0600
1788368396,255.0500,255.0500,255.0400,255.0500
1788368397,255.0700,255.0700,255.0700,255.0700
1788368399,255.0700,255.0700,255.0700,255.0700
1788368400,255.1000,255.1100,255.1000,255.1100
1788368402,255.1100,255.1100,255.1100,255.1100
1788368404,255.1400,255.1400,255.1400,255.1400
1788368410,255.1500,255.1750,255.1500,255.1750
1788368413,255.1750,255.1750,255.1750,255.1750
1788368414,255.1800,255.1800,255.1800,255.1800
1788368423,255.1800,255.1800,255.1800,255.1800
1788368424,255.1800,255.2000,255.1800,255.1900
1788368425,255.2000,255.2000,255.1800,255.1800
1788368426,255.1900,255.1900,255.1800,255.1800
1788368427,255.1700,255.2000,255.1700,255.2000
1788368441,255.2000,255.2000,255.2000,255.2000
1788368445,255.1700,255.1700,255.1700,255.1700
1788368450,255.1800,255.1800,255.1800,255.1800
1788368455,255.1500,255.1700,255.1500,255.1700
1788368456,255.1600,255.1600,255.1600,255.1600
1788368457,255.1800,255.1900,255.1800,255.1900
1788368460,255.2000,255.2000,255.2000,255.2000
1788368461,255.1900,255.1900,255.1200,255.1200
1788368465,255.1150,255.1200,255.1150,255.1200
1788368469,255.1300,255.1300,255.1300,255.1300
1788368470,255.1300,255.1400,255.1250,255.1250
1788368473,255.1250,255.1300,255.1250,255.1300
1788368475,255.1400,255.1700,255.1400,255.1700
1788368481,255.1700,255.1900,255.1700,255.1900
1788368482,255.2000,255.2000,255.2000,255.2000
1788368490,255.1900,255.1900,255.1400,255.1400
1788368491,255.1250,255.1250,255.1250,255.1250
1788368494,255.1250,255.1250,255.1250,255.1250
1788368495,255.1500,255.1500,255.1500,255.1500
1788368496,255.1500,255.1500,255.1500,255.1500
1788368500,255.1600,255.1600,255.1600,255.1600
1788368501,255.1750,255.1900,255.1600,255.1600
1788368504,255.1300,255.1300,255.1300,255.1300
1788368507,255.1100,255.1100,255.0950,255.0950
1788368517,255.1050,255.1050,255.1050,255.1050
1788368519,255.0900,255.0900,255.0800,255.0800
1788368520,255.0800,255.0800,255.0800,255.0800
1788368528,255.1000,255.1000,255.1000,255.1000
1788368532,255.0950,255.0950,255.0950,255.0950
1788368534,255.1000,255.1000,255.1000,255.1000
1788368536,255.1000,255.1200,255.1000,255.1200
1788368539,255.1100,255.1100,255.1100,255.1100
1788368542,255.1100,255.1100,255.1100,255.1100
1788368544,255.1000,255.1200,255.1000,255.1200
1788368549,255.0900,255.0900,255.0900,255.0900
1788368551,255.1100,255.1300,255.1100,255.1300
1788368556,255.1400,255.1400,255.1400,255.1400
1788368559,255.1200,255.1200,255.1100,255.1100
1788368567,255.0900,255.0900,255.0600,255.0600
1788368568,255.0800,255.0900,255.0800,255.0800
1788368572,255.0850,255.0850,255.0850,255.0850
1788368573,255.0850,255.0850,255.0850,255.0850
1788368575,255.0850,255.0850,255.0850,255.0850
1788368576,255.0850,255.0850,255.0850,255.0850
1788368577,255.1000,255.1500,255.1000,255.1450
1788368584,255.1300,255.1400,255.1000,255.1300
1788368587,255.1500,255.1650,255.1500,255.1650
1788368588,255.1700,255.1900,255.1700,255.1900
1788368592,255.1850,255.1850,255.1850,255.1850
1788368594,255.1850,255.1850,255.1850,255.1850
1788368595,255.1800,255.1800,255.1800,255.1800
1788368599,255.1900,255.2100,255.1850,255.2100
1788368600,255.2000,255.2000,255.2000,255.2000
1788368601,255.1900,255.1900,255.1900,255.1900
1788368604,255.1900,255.1900,255.1900,255.1900
1788368608,255.1800,255.1800,255.1700,255.1800
1788368610,255.1800,255.1800,255.1800,255.1800
1788368612,255.2000,255.2200,255.2000,255.2100
1788368615,255.1900,255.1900,255.1900,255.1900
1788368619,255.1900,255.1900,255.1900,255.1900
1788368622,255.1700,255.1700,255.1700,255.1700
1788368626,255.1500,255.1500,255.1500,255.1500
1788368641,255.1700,255.1700,255.1700,255.1700
1788368645,255.1500,255.1500,255.1500,255.1500
1788368655,255.1400,255.1400,255.1200,255.1200
1788368657,255.1300,255.1300,255.1300,255.1300
1788368658,255.1200,255.1200,255.1100,255.1150
1788368662,255.1300,255.1500,255.1200,255.1300
1788368670,255.1200,255.1200,255.1100,255.1150
1788368671,255.1000,255.1000,255.0650,255.0650
1788368675,255.0700,255.0700,255.0700,255.0700
1788368677,255.0600,255.0600,255.0600,255.0600
1788368683,255.0900,255.1000,255.0900,255.0900
1788368686,255.0900,255.0900,255.0900,255.0900
1788368691,255.0950,255.0950,255.0950,255.0950
1788368692,255.0800,255.0800,255.0800,255.0800
1788368696,255.1000,255.1000,255.1000,255.1000
1788368697,255.0800,255.0800,255.0800,255.0800
1788368698,255.0950,255.1000,255.0950,255.1000
1788368699,255.0800,255.0900,255.0700,255.0900
1788368708,255.0900,255.0900,255.0900,255.0900
1788368711,255.0500,255.0500,255.0500,255.0500
1788368712,255.0400,255.0400,255.0300,255.0300
1788368714,255.0100,255.1000,254.9900,255.0700
1788368715,255.0600,255.0700,255.0500,255.0700
1788368716,255.0900,255.0900,255.0900,255.0900
1788368720,255.0850,255.0850,255.0850,255.0850
1788368733,255.1100,255.1200,255.1000,255.1200
1788368738,255.1200,255.1200,255.1200,255.1200
1788368739,255.1250,255.1250,255.1200,255.1200
1788368742,255.1200,255.1200,255.1200,255.1200
1788368743,255.1100,255.1200,255.1100,255.1200
1788368747,255.1150,255.1150,255.1150,255.1150
1788368751,255.1300,255.1300,255.1300,255.1300
1788368752,255.1300,255.1300,255.1300,255.1300
1788368753,255.1000,255.1000,255.0850,255.0850
1788368756,255.0800,255.0800,255.0700,255.0700
1788368757,255.0600,255.0600,255.0500,255.0500
1788368759,255.0400,255.0400,255.0000,255.0100
1788368760,255.0400,255.0400,255.0400,255.0400
1788368769,255.0500,255.0700,255.0500,255.0700
1788368772,255.0800,255.0800,255.0700,255.0700
1788368773,255.0800,255.0800,255.0800,255.0800
1788368774,255.0600,255.0600,255.0500,255.0500
1788368776,255.0500,255.0550,255.0500,255.0550
1788368778,255.0500,255.0500,254.9800,255.0500
1788368779,255.0700,255.0700,254.9900,255.0000
1788368781,255.0000,255.0000,255.0000,255.0000
1788368783,255.0200,255.0300,255.0200,255.0300
1788368787,255.0400,255.0500,255.0100,255.0500
1788368794,255.0500,255.0500,255.0500,255.0500
1788368798,255.0500,255.0500,255.0500,255.0500
1788368802,255.0200,255.0200,254.9900,255.0000
1788368803,254.9900,255.0000,254.9600,254.9700
1788368805,254.9500,254.9500,254.9400,254.9400
1788368807,254.9700,254.9700,254.9700,254.9700
1788368812,254.9400,254.9700,254.9400,254.9700
1788368813,254.9800,254.9900,254.7400,254.7700
1788368817,254.7600,254.7850,254.7600,254.7850
1788368825,254.8200,254.8200,254.8200,254.8200
1788368826,254.8000,254.8000,254.8000,254.8000
1788368830,254.8000,254.8000,254.8000,254.8000
1788368834,254.7800,254.8900,254.7700,254.8550
1788368835,254.8200,254.8200,254.8200,254.8200
1788368837,254.8300,254.8500,254.8000,254.8100
1788368842,254.7700,254.7700,254.5600,254.5700
1788368843,254.6100,254.6100,254.5900,254.5900
1788368846,254.5850,254.6000,254.5800,254.5900
1788368847,254.5900,254.6200,254.5900,254.5950
1788368849,254.5900,254.5900,254.5900,254.5900
1788368850,254.6000,254.6000,254.6000,254.6000
1788368852,254.6000,254.6200,254.6000,254.6200
1788368856,254.6200,254.6200,254.6200,254.6200
1788368857,254.6400,254.6400,254.6400,254.6400
1788368858,254.6600,254.6600,254.6600,254.6600
1788368860,254.6700,254.6700,254.6300,254.6300
1788368863,254.6200,254.6200,254.6000,254.6000
1788368868,254.5800,254.5800,254.5600,254.5800
1788368869,254.5800,254.6200,254.5800,254.5800
1788368871,254.5800,254.5800,254.4700,254.4700
1788368872,254.5100,254.5300,254.4900,254.5300
1788368873,254.5300,254.5300,254.5300,254.5300
1788368877,254.5100,254.5100,254.5100,254.5100
1788368880,254.5500,254.5500,254.5200,254.5400
1788368884,254.5700,254.5900,254.5700,254.5900
1788368885,254.5900,254.6000,254.5500,254.5500
1788368886,254.5400,254.5400,254.5200,254.5200
1788368887,254.5350,254.5350,254.5350,254.5350
1788368888,254.5350,254.5350,254.5350,254.5350
1788368891,254.5100,254.5100,254.4800,254.4900
1788368893,254.4600,254.4600,254.4400,254.4400
1788368894,254.4300,254.4500,254.4100,254.4300
1788368897,254.4500,254.4500,254.4500,254.4500
1788368898,254.4200,254.4200,254.3800,254.3800
1788368900,254.3600,254.3900,254.3500,254.3800
1788368902,254.3800,254.3800,254.3500,254.3500
1788368903,254.3650,254.3650,254.3650,254.3650
1788368904,254.3500,254.3800,254.3500,254.3800
1788368906,254.3650,254.3800,254.3650,254.3700
1788368911,254.3500,254.3500,254.3500,254.3500
1788368914,254.3400,254.3400,254.3300,254.3400
1788368915,254.3600,254.3600,254.3500,254.3500
1788368917,254.3400,254.4000,254.3400,254.4000
1788368919,254.3700,254.3700,254.3700,254.3700
1788368921,254.3700,254.3700,254.3700,254.3700
1788368926,254.3500,254.3500,254.3500,254.3500
1788368927,254.3500,254.3500,254.3500,254.3500
1788368930,254.3600,254.3600,254.3600,254.3600
1788368931,254.3600,254.3600,254.3600,254.3600
1788368933,254.3500,254.3600,254.3000,254.3000
1788368935,254.2900,254.2900,254.2900,254.2900
1788368936,254.2800,254.2800,254.2800,254.2800
1788368938,254.2700,254.2700,254.2350,254.2600
1788368939,254.2900,254.2900,254.2900,254.2900
1788368940,254.3200,254.3900,254.3200,254.3900
1788368942,254.4200,254.4200,254.4200,254.4200
1788368945,254.4400,254.5000,254.4100,254.5000
1788368948,254.4800,254.4800,254.4800,254.4800
1788368949,254.4600,254.4600,254.4600,254.4600
1788368950,254.4400,254.4400,254.4400,254.4400
1788368952,254.4550,254.4550,254.4550,254.4550
1788368956,254.4500,254.4500,254.4500,254.4500
1788368963,254.4400,254.4400,254.4200,254.4200
1788368964,254.4000,254.4150,254.3300,254.4150
1788368965,254.4300,254.4300,254.4300,254.4300
1788368968,254.4000,254.4000,254.4000,254.4000
1788368970,254.4150,254.4400,254.4150,254.4400
1788368971,254.4500,254.4500,254.4500,254.4500
1788368973,254.4300,254.4500,254.4300,254.4500
1788368975,254.4400,254.4500,254.4400,254.4500
1788368978,254.4300,254.4300,254.4300,254.4300
1788368979,254.4100,254.4100,254.4100,254.4100
1788368980,254.4000,254.4000,254.4000,254.4000
1788368981,254.3900,254.3900,254.3900,254.3900
1788368982,254.3800,254.4200,254.3800,254.4200
1788368985,254.4400,254.4600,254.4400,254.4500
1788368989,254.4450,254.4800,254.4450,254.4800
1788368991,254.5200,254.5200,254.5200,254.5200
1788368997,254.5150,254.5150,254.5150,254.5150
1788368998,254.5200,254.5200,254.5000,254.5000
1788368999,254.5200,254.5400,254.5200,254.5400
1788369007,254.5400,254.5500,254.5400,254.5500
1788369009,254.5650,254.5650,254.5600,254.5600
1788369013,254.5750,254.5750,254.5750,254.5750
1788369015,254.5500,254.5500,254.4400,254.4400
1788369030,254.4400,254.4400,254.4400,254.4400
1788369034,254.4100,254.4100,254.4000,254.4000
1788369036,254.3900,254.3900,254.3900,254.3900
1788369040,254.4050,254.4050,254.4050,254.4050
1788369045,254.4000,254.4000,254.4000,254.4000
1788369046,254.4300,254.4300,254.4300,254.4300
1788369047,254.4400,254.4800,254.4400,254.4600
1788369048,254.4500,254.4500,254.4300,254.4300
1788369049,254.4000,254.4000,254.4000,254.4000
1788369052,254.4050,254.4400,254.3900,254.4400
1788369062,254.4550,254.4550,254.4300,254.4400
1788369071,254.4300,254.4400,254.4200,254.4400
1788369076,254.4400,254.4400,254.4300,254.4300
1788369077,254.4200,254.4200,254.4200,254.4200
1788369079,254.4450,254.4450,254.4450,254.4450
1788369081,254.4100,254.4600,254.4100,254.4500
1788369082,254.4500,254.4500,254.4500,254.4500
1788369083,254.4450,254.4450,254.4450,254.4450
1788369087,254.4400,254.4400,254.4400,254.4400
1788369088,254.4600,254.4700,254.4600,254.4700
1788369089,254.4650,254.4650,254.4650,254.4650
1788369096,254.4800,254.5600,254.4800,254.5600
1788369097,254.5650,254.5650,254.5650,254.5650
1788369102,254.5300,254.5300,254.5300,254.5300
1788369103,254.5350,254.5350,254.5350,254.5350
1788369109,254.5400,254.5400,254.5400,254.5400
1788369112,254.5700,254.5700,254.5600,254.5600
1788369113,254.5450,254.5450,254.5400,254.5400
1788369115,254.5400,254.5400,254.5400,254.5400
1788369116,254.5400,254.5400,254.5400,254.5400
1788369117,254.5400,254.5600,254.5400,254.5600
1788369122,254.5900,254.5900,254.5900,254.5900
1788369129,254.6000,254.6100,254.6000,254.6100
1788369135,254.5700,254.5700,254.5700,254.5700
1788369140,254.5900,254.5900,254.5900,254.5900
1788369141,254.5800,254.5800,254.5800,254.5800
1788369147,254.6000,254.6100,254.6000,254.6100
1788369151,254.6300,254.6300,254.6100,254.6100
1788369155,254.6300,254.6300,254.6300,254.6300
1788369156,254.6400,254.6400,254.6400,254.6400
1788369157,254.6500,254.6500,254.6500,254.6500
1788369158,254.6600,254.6600,254.6600,254.6600
1788369160,254.6700,254.7000,254.6700,254.7000
1788369161,254.6950,254.6950,254.6900,254.6900
1788369162,254.6900,254.6900,254.6900,254.6900
1788369165,254.6800,254.6800,254.6700,254.6700
1788369169,254.6750,254.6750,254.6750,254.6750
1788369176,254.6850,254.7300,254.6850,254.7300
1788369180,254.7000,254.7000,254.6900,254.6900
1788369181,254.6700,254.6800,254.6600,254.6600
1788369182,254.6800,254.6800,254.6800,254.6800
1788369183,254.6800,254.6800,254.6800,254.6800
1788369185,254.6800,254.6800,254.6800,254.6800
1788369186,254.6900,254.6900,254.6900,254.6900
1788369190,254.7000,254.7000,254.6900,254.6900
1788369201,254.7200,254.7500,254.7200,254.7500
1788369202,254.7500,254.7500,254.7500,254.7500
1788369206,254.7200,254.7200,254.7200,254.7200
1788369212,254.7300,254.7400,254.7300,254.7400
1788369221,254.7400,254.7400,254.7100,254.7100
1788369229,254.7100,254.7100,254.7100,254.7100
1788369236,254.7000,254.7000,254.6500,254.6500
1788369240,254.6650,254.6700,254.6650,254.6700
1788369244,254.6600,254.6600,254.6500,254.6500
1788369248,254.6400,254.6400,254.6400,254.6400
1788369257,254.6500,254.6500,254.6100,254.6100
1788369258,254.6200,254.6200,254.6200,254.6200
1788369259,254.6300,254.6400,254.6300,254.6400
1788369262,254.6800,254.6800,254.6800,254.6800
1788369264,254.6800,254.6800,254.6800,254.6800
1788369266,254.7000,254.7000,254.7000,254.7000
1788369270,254.6900,254.6900,254.6900,254.6900
1788369279,254.6700,254.6700,254.6700,254.6700
1788369283,254.6700,254.6700,254.6700,254.6700
1788369286,254.6500,254.6500,254.6500,254.6500
1788369287,254.6300,254.6300,254.6300,254.6300
1788369288,254.6400,254.6400,254.6400,254.6400
1788369291,254.6600,254.6600,254.6600,254.6600
1788369296,254.6600,254.6600,254.6300,254.6300
1788369309,254.6250,254.6250,254.6250,254.6250
1788369311,254.6100,254.6100,254.6100,254.6100
1788369320,254.6100,254.6100,254.6000,254.6000
1788369324,254.6150,254.6200,254.6150,254.6200
1788369325,254.6000,254.6000,254.6000,254.6000
1788369330,254.6000,254.6000,254.5900,254.5900
1788369335,254.5950,254.5950,254.5950,254.5950
1788369338,254.6200,254.6200,254.6200,254.6200
1788369340,254.6300,254.6300,254.6200,254.6200
1788369343,254.6400,254.6400,254.6300,254.6300
1788369347,254.6300,254.6300,254.6300,254.6300
1788369350,254.6500,254.6500,254.6500,254.6500
1788369351,254.6300,254.6300,254.6300,254.6300
1788369353,254.6400,254.6500,254.6400,254.6500
1788369354,254.6500,254.6600,254.6500,254.6600
1788369355,254.6600,254.6650,254.6600,254.6650
1788369356,254.6700,254.6900,254.6700,254.6900
1788369358,254.6650,254.6650,254.6650,254.6650
1788369366,254.6500,254.6500,254.6500,254.6500
1788369369,254.6400,254.6400,254.6300,254.6300
1788369370,254.6100,254.6100,254.6000,254.6000
1788369371,254.5900,254.5900,254.5900,254.5900
1788369373,254.5800,254.5800,254.5800,254.5800
1788369376,254.5600,254.5600,254.5500,254.5600
1788369377,254.5500,254.5500,254.5400,254.5400
1788369378,254.5250,254.5250,254.5250,254.5250
1788369379,254.5250,254.5300,254.5250,254.5300
1788369381,254.5400,254.5500,254.5400,254.5450
1788369383,254.5300,254.5500,254.5300,254.5500
1788369384,254.5500,254.5500,254.5400,254.5500
1788369385,254.5550,254.5700,254.5550,254.5700
1788369387,254.5500,254.5500,254.5500,254.5500
1788369388,254.5500,254.5500,254.5500,254.5500
1788369391,254.5550,254.5550,254.5550,254.5550
1788369397,254.5550,254.5700,254.5550,254.5700
1788369404,254.5600,254.5600,254.5500,254.5500
1788369410,254.5400,254.5400,254.5350,254.5350
1788369411,254.5500,254.5500,254.5500,254.5500
1788369416,254.5700,254.5800,254.5600,254.5800
1788369420,254.5800,254.5800,254.5800,254.5800
1788369424,254.5750,254.5750,254.5750,254.5750
1788369427,254.5900,254.5900,254.5800,254.5800
1788369428,254.5850,254.5850,254.5850,254.5850
1788369429,254.5900,254.5900,254.5900,254.5900
1788369435,254.6000,254.6000,254.6000,254.6000
1788369437,254.5800,254.5800,254.5600,254.5600
1788369439,254.5700,254.5700,254.5700,254.5700
1788369441,254.5800,254.5900,254.5800,254.5900
1788369443,254.5700,254.5700,254.5700,254.5700
1788369449,254.5600,254.5600,254.5600,254.5600
1788369450,254.5600,254.5600,254.5600,254.5600
1788369452,254.5550,254.5550,254.5550,254.5550
1788369454,254.5500,254.5500,254.5500,254.5500
1788369466,254.5500,254.5500,254.5500,254.5500
1788369469,254.5300,254.5300,254.5200,254.5200
1788369470,254.5200,254.5200,254.5200,254.5200
1788369474,254.5200,254.5200,254.5200,254.5200
1788369475,254.5100,254.5100,254.5100,254.5100
1788369476,254.5100,254.5200,254.5000,254.5200
1788369479,254.5200,254.5200,254.5200,254.5200
1788369481,254.5200,254.5200,254.5200,254.5200
1788369491,254.4900,254.4900,254.4800,254.4800
1788369496,254.4700,254.4700,254.4700,254.4700
1788369498,254.4600,254.4600,254.4400,254.4400
1788369501,254.4300,254.4300,254.4100,254.4100
1788369502,254.4100,254.4100,254.4100,254.4100
1788369504,254.4000,254.4000,254.4000,254.4000
1788369505,254.4000,254.4000,254.4000,254.4000
1788369508,254.4000,254.4000,254.3900,254.3900
1788369509,254.3900,254.3900,254.3900,254.3900
1788369516,254.4200,254.4200,254.4200,254.4200
1788369520,254.4200,254.5000,254.4200,254.5000
1788369522,254.4800,254.4800,254.4800,254.4800
1788369526,254.5000,254.5000,254.5000,254.5000
1788369528,254.5000,254.5000,254.5000,254.5000
1788369530,254.5200,254.5200,254.5200,254.5200
1788369531,254.5300,254.5300,254.5300,254.5300
1788369538,254.5100,254.5100,254.5100,254.5100
1788369540,254.5100,254.5100,254.5100,254.5100
1788369543,254.5400,254.5400,254.5400,254.5400
1788369551,254.5500,254.5500,254.5500,254.5500
1788369552,254.5300,254.5300,254.5300,254.5300
1788369557,254.5300,254.5900,254.5300,254.5900
1788369558,254.5900,254.5900,254.5800,254.5800
1788369562,254.5900,254.6000,254.5900,254.6000
1788369563,254.6100,254.6100,254.6100,254.6100
1788369564,254.6200,254.6200,254.6200,254.6200
1788369566,254.6300,254.6300,254.6300,254.6300
1788369567,254.6300,254.6300,254.6300,254.6300
1788369571,254.6500,254.6500,254.6500,254.6500
1788369572,254.6700,254.6700,254.6700,254.6700
1788369577,254.7000,254.7000,254.6900,254.6900
1788369582,254.6400,254.6400,254.6400,254.6400
1788369587,254.6400,254.6400,254.6400,254.6400
1788369590,254.6300,254.6300,254.6300,254.6300
1788369591,254.6300,254.6300,254.6300,254.6300
1788369592,254.6400,254.6400,254.6400,254.6400
1788369598,254.6600,254.6700,254.6600,254.6700
1788369599,254.6900,254.6900,254.6900,254.6900
1788369601,254.7200,254.7200,254.7200,254.7200
1788369604,254.6900,254.6900,254.6900,254.6900
1788369605,254.6850,254.6850,254.6850,254.6850
1788369606,254.6900,254.6900,254.6900,254.6900
1788369607,254.6800,254.6800,254.6800,254.6800
1788369615,254.6700,254.6700,254.6700,254.6700
1788369622,254.6700,254.6700,254.6600,254.6600
1788369631,254.6800,254.6800,254.6800,254.6800
1788369633,254.6600,254.6600,254.6300,254.6350
1788369635,254.6350,254.6350,254.6350,254.6350
1788369636,254.6300,254.6300,254.5900,254.5900
1788369638,254.6100,254.6100,254.6100,254.6100
1788369639,254.6200,254.6300,254.6200,254.6200
1788369640,254.6100,254.6200,254.6100,254.6200
1788369644,254.6300,254.6300,254.6300,254.6300
1788369647,254.6350,254.6350,254.6350,254.6350
1788369648,254.6350,254.6350,254.6350,254.6350
1788369652,254.6400,254.6400,254.6400,254.6400
1788369655,254.6600,254.6800,254.6600,254.6800
1788369665,254.7000,254.7000,254.7000,254.7000
1788369667,254.7200,254.7200,254.7200,254.7200
1788369671,254.7100,254.7100,254.7000,254.7000
1788369672,254.6900,254.6900,254.6900,254.6900
1788369679,254.6700,254.6700,254.6600,254.6600
1788369688,254.6800,254.6800,254.6800,254.6800
1788369691,254.6800,254.6900,254.6800,254.6900
1788369699,254.6900,254.6900,254.6900,254.6900
1788369700,254.6800,254.6950,254.6800,254.6950
1788369702,254.6900,254.6900,254.6900,254.6900
1788369707,254.7000,254.7000,254.7000,254.7000
1788369712,254.7100,254.7200,254.7100,254.7200
1788369715,254.7200,254.7200,254.7200,254.7200
1788369717,254.7300,254.7700,254.7300,254.7700
1788369718,254.7600,254.7700,254.7600,254.7600
1788369719,254.7400,254.7400,254.7400,254.7400
1788369722,254.7700,254.7700,254.7700,254.7700
1788369723,254.7800,254.7800,254.7800,254.7800
1788369724,254.8100,254.8300,254.8100,254.8300
1788369725,254.8100,254.8100,254.8100,254.8100
1788369726,254.7900,254.7900,254.7500,254.7500
1788369730,254.7500,254.7500,254.7300,254.7300
1788369734,254.7600,254.7600,254.7600,254.7600
1788369746,254.7200,254.7200,254.7200,254.7200
1788369751,254.7300,254.7300,254.7300,254.7300
1788369752,254.7400,254.7400,254.7400,254.7400
1788369753,254.7500,254.7500,254.7300,254.7300
1788369758,254.7200,254.7200,254.7200,254.7200
1788369761,254.7200,254.7200,254.7200,254.7200
1788369762,254.7300,254.7300,254.7300,254.7300
1788369764,254.7200,254.7200,254.7200,254.7200
1788369767,254.7300,254.7500,254.7300,254.7500
1788369768,254.7700,254.7700,254.7700,254.7700
1788369773,254.7700,254.7700,254.7700,254.7700
1788369781,254.7600,254.7600,254.7600,254.7600
1788369789,254.7700,254.7700,254.7700,254.7700
1788369793,254.7600,254.7600,254.7600,254.7600
1788369796,254.7650,254.7650,254.7650,254.7650
1788369801,254.7600,254.7600,254.7600,254.7600
1788369803,254.7600,254.7600,254.7600,254.7600
1788369805,254.7700,254.8100,254.7700,254.8100
1788369806,254.8050,254.8050,254.8050,254.8050
1788369807,254.7900,254.7900,254.7900,254.7900
1788369808,254.7700,254.7700,254.7700,254.7700
1788369809,254.7600,254.7600,254.7600,254.7600
1788369810,254.7500,254.7500,254.7500,254.7500
1788369811,254.7600,254.7600,254.7600,254.7600
1788369812,254.7600,254.7600,254.7600,254.7600
1788369813,254.7400,254.7500,254.7400,254.7500
1788369814,254.7300,254.7300,254.7200,254.7200
1788369816,254.7200,254.7200,254.7200,254.7200
1788369819,254.7200,254.7200,254.7200,254.7200
1788369825,254.7200,254.7250,254.7200,254.7250
1788369831,254.7250,254.7250,254.6900,254.6900
1788369832,254.6950,254.7000,254.6950,254.7000
1788369833,254.7000,254.8000,254.7000,254.7900
1788369836,254.8200,254.8200,254.8200,254.8200
1788369843,254.8500,254.8600,254.8500,254.8600
1788369847,254.8600,254.8600,254.8500,254.8500
1788369860,254.8450,254.8450,254.8450,254.8450
1788369867,254.8400,254.8400,254.8400,254.8400
1788369869,254.8500,254.8600,254.8000,254.8000
1788369871,254.8100,254.8100,254.8100,254.8100
1788369878,254.7800,254.7800,254.7800,254.7800
1788369879,254.7900,254.8000,254.7900,254.8000
1788369896,254.7700,254.7700,254.7600,254.7600
1788369899,254.7900,254.7900,254.7800,254.7900
1788369900,254.7800,254.7800,254.7800,254.7800
1788369903,254.7750,254.7750,254.7750,254.7750
1788369909,254.8000,254.8000,254.7800,254.7800
1788369918,254.7700,254.7700,254.7600,254.7600
1788369923,254.7700,254.7700,254.7500,254.7500
1788369929,254.7600,254.8300,254.7300,254.8300
1788369931,254.8400,254.8600,254.8400,254.8600
1788369933,254.8800,254.9100,254.8800,254.9100
1788369934,254.9000,254.9000,254.9000,254.9000
1788369935,254.9000,254.9000,254.9000,254.9000
1788369936,254.9100,254.9100,254.9100,254.9100
1788369939,254.9100,254.9100,254.9100,254.9100
1788369942,254.9000,254.9000,254.9000,254.9000
1788369943,254.8800,254.8800,254.8600,254.8600
1788369945,254.8800,254.8800,254.8800,254.8800
1788369961,254.9100,254.9100,254.9000,254.9000
1788369965,254.8900,254.8900,254.8900,254.8900
1788369970,254.9000,254.9000,254.9000,254.9000
1788369972,254.9000,254.9000,254.9000,254.9000
1788369973,254.9000,254.9000,254.9000,254.9000
1788369976,254.9100,254.9100,254.9100,254.9100
1788369984,254.9000,254.9000,254.9000,254.9000
1788369988,254.9300,254.9300,254.9300,254.9300
1788369989,254.9400,254.9400,254.9400,254.9400
1788369990,254.9400,254.9400,254.9400,254.9400
1788369996,254.9500,254.9700,254.9300,254.9300
1788369998,254.9300,254.9400,254.9300,254.9400
1788369999,254.9300,254.9300,254.9300,254.9300
1788370006,254.9200,254.9500,254.9200,254.9500
1788370014,254.9300,254.9300,254.9300,254.9300
1788370016,254.9300,254.9300,254.9300,254.9300
1788370024,254.9300,254.9300,254.9200,254.9200
1788370033,254.9000,254.9000,254.9000,254.9000
1788370036,254.8950,254.8950,254.8950,254.8950
1788370037,254.8800,254.8800,254.8300,254.8300
1788370039,254.8400,254.8500,254.8400,254.8500
1788370043,254.8600,254.8700,254.8600,254.8700
1788370054,254.8800,254.8800,254.8800,254.8800
1788370060,254.8600,254.8600,254.8600,254.8600
1788370066,254.8700,254.8700,254.8700,254.8700
1788370069,254.8700,254.8700,254.8700,254.8700
1788370071,254.8600,254.8600,254.8400,254.8500
1788370091,254.8300,254.8300,254.8000,254.8100
1788370096,254.8200,254.8200,254.8200,254.8200
1788370104,254.8100,254.8100,254.8100,254.8100
1788370105,254.8000,254.8000,254.7300,254.7300
1788370110,254.7600,254.7800,254.7600,254.7800
1788370113,254.7600,254.7600,254.7600,254.7600
1788370116,254.7700,254.7800,254.7700,254.7800
1788370119,254.7800,254.8000,254.7800,254.8000
1788370120,254.7850,254.7850,254.7850,254.7850
1788370123,254.8100,254.8400,254.8000,254.8000
1788370138,254.8000,254.8000,254.8000,254.8000
1788370146,254.7900,254.7900,254.7900,254.7900
1788370147,254.7800,254.7800,254.7800,254.7800
1788370154,254.8000,254.8000,254.8000,254.8000
1788370157,254.7800,254.7800,254.7700,254.7700
1788370159,254.7800,254.7800,254.7800,254.7800
1788370160,254.7850,254.7850,254.7850,254.7850
1788370165,254.7800,254.7950,254.7800,254.7950
1788370170,254.7700,254.8000,254.7700,254.8000
1788370174,254.8200,254.8200,254.8200,254.8200
1788370175,254.8200,254.8200,254.8200,254.8200
1788370181,254.8100,254.8100,254.8100,254.8100
1788370185,254.8000,254.8000,254.8000,254.8000
1788370186,254.7800,254.7800,254.7700,254.7700
1788370191,254.7750,254.7750,254.7750,254.7750
1788370194,254.7750,254.7750,254.7750,254.7750
1788370196,254.7700,254.7800,254.7700,254.7800
1788370197,254.7700,254.7800,254.7700,254.7800
1788370199,254.7750,254.7800,254.7750,254.7800
1788370202,254.7900,254.7900,254.7750,254.7750
1788370203,254.7750,254.7750,254.7750,254.7750
1788370205,254.7500,254.7650,254.7500,254.7650
1788370209,254.7900,254.7900,254.7800,254.7800
1788370212,254.7750,254.7750,254.7750,254.7750
1788370213,254.7700,254.7700,254.7500,254.7600
1788370216,254.7600,254.7600,254.7600,254.7600
1788370217,254.7400,254.7400,254.7200,254.7200
1788370218,254.7100,254.7200,254.7100,254.7200
1788370221,254.7400,254.7500,254.7400,254.7500
1788370222,254.7600,254.7600,254.7600,254.7600
1788370227,254.7100,254.7100,254.6700,254.6700
1788370228,254.6700,254.6700,254.6700,254.6700
1788370229,254.6600,254.6600,254.6200,254.6200
1788370230,254.6300,254.6300,254.6300,254.6300
1788370232,254.6600,254.6700,254.6600,254.6700
1788370233,254.6500,254.6500,254.6500,254.6500
1788370237,254.6700,254.6900,254.6700,254.6700
1788370240,254.6600,254.6600,254.6600,254.6600
1788370244,254.6200,254.6200,254.6200,254.6200
1788370246,254.6400,254.6400,254.6400,254.6400
1788370248,254.6650,254.6650,254.6650,254.6650
1788370251,254.6900,254.6900,254.6900,254.6900
1788370252,254.6800,254.6800,254.6800,254.6800
1788370261,254.6900,254.6900,254.6700,254.6700
1788370268,254.6700,254.6700,254.6700,254.6700
1788370269,254.6700,254.6900,254.6700,254.6900
1788370275,254.6800,254.6800,254.6800,254.6800
1788370276,254.6700,254.6700,254.6500,254.6500
1788370286,254.6200,254.6200,254.5800,254.5800
1788370289,254.5700,254.5700,254.5700,254.5700
1788370290,254.5700,254.5700,254.5700,254.5700
1788370292,254.5600,254.5600,254.5600,254.5600
1788370293,254.5650,254.5900,254.5650,254.5900
1788370294,254.6000,254.6000,254.6000,254.6000
1788370295,254.5950,254.5950,254.5950,254.5950
1788370297,254.6000,254.6000,254.6000,254.6000
1788370299,254.6000,254.6000,254.6000,254.6000
1788370300,254.6100,254.6500,254.6100,254.6500
1788370312,254.6400,254.6800,254.6400,254.6800
1788370313,254.6800,254.6800,254.6800,254.6800
1788370319,254.6750,254.6750,254.6750,254.6750
1788370322,254.7000,254.7000,254.6800,254.6800
1788370334,254.6500,254.6500,254.6400,254.6400
1788370335,254.6200,254.6200,254.6000,254.6000
1788370337,254.6200,254.6350,254.6200,254.6350
1788370339,254.6200,254.6200,254.6200,254.6200
1788370341,254.6100,254.6100,254.6100,254.6100
1788370347,254.6250,254.6250,254.6250,254.6250
1788370356,254.6300,254.6300,254.6000,254.6100
1788370364,254.5900,254.5900,254.5900,254.5900
1788370365,254.5800,254.5800,254.5600,254.5600
1788370367,254.5800,254.5800,254.5800,254.5800
1788370368,254.6100,254.6100,254.6100,254.6100
1788370371,254.5800,254.5800,254.5700,254.5700
1788370388,254.6050,254.6050,254.6050,254.6050
1788370389,254.5900,254.5900,254.5700,254.5700
1788370391,254.5700,254.5700,254.5700,254.5700
1788370394,254.5600,254.5600,254.5600,254.5600
1788370397,254.5600,254.5600,254.5600,254.5600
1788370399,254.5500,254.5500,254.4900,254.5050
1788370406,254.4800,254.4800,254.4800,254.4800
1788370412,254.5000,254.5000,254.5000,254.5000
1788370414,254.5100,254.5300,254.5100,254.5300
1788370417,254.5100,254.5100,254.5100,254.5100
1788370424,254.5150,254.5150,254.5150,254.5150
1788370428,254.5100,254.5100,254.5100,254.5100
1788370433,254.5100,254.5100,254.5100,254.5100
1788370435,254.5000,254.5000,254.5000,254.5000
1788370436,254.5100,254.5150,254.5100,254.5150
1788370441,254.5000,254.5000,254.4800,254.4800
1788370451,254.4600,254.4600,254.4400,254.4400
1788370452,254.4300,254.4300,254.4300,254.4300
1788370456,254.4300,254.4300,254.4100,254.4200
1788370457,254.4100,254.4100,254.4100,254.4100
1788370461,254.4150,254.4150,254.4150,254.4150
1788370463,254.4300,254.4400,254.4300,254.4400
1788370465,254.4300,254.4300,254.4300,254.4300
1788370467,254.4200,254.4200,254.4000,254.4000
1788370468,254.4100,254.4100,254.4100,254.4100
1788370470,254.4100,254.4100,254.4100,254.4100
1788370474,254.4300,254.4300,254.4300,254.4300
1788370475,254.4400,254.4600,254.4400,254.4600
1788370479,254.4600,254.4600,254.4600,254.4600
1788370486,254.4400,254.4400,254.4400,254.4400
1788370490,254.4500,254.4500,254.4500,254.4500
1788370495,254.4300,254.4300,254.4200,254.4200
1788370501,254.4100,254.4100,254.4000,254.4000
1788370502,254.4100,254.4100,254.4100,254.4100
1788370506,254.4100,254.4400,254.4100,254.4400
1788370518,254.4700,254.4700,254.4400,254.4550
1788370521,254.4700,254.4800,254.4700,254.4800
1788370523,254.4800,254.4800,254.4800,254.4800
1788370527,254.4900,254.4900,254.4900,254.4900
1788370531,254.5100,254.5300,254.5100,254.5300
1788370532,254.5300,254.5300,254.5300,254.5300
1788370533,254.5300,254.5300,254.5200,254.5200
1788370537,254.5200,254.5300,254.5200,254.5300
1788370539,254.5400,254.5400,254.5400,254.5400
1788370541,254.5300,254.5300,254.5300,254.5300
1788370543,254.5300,254.5300,254.5300,254.5300
1788370551,254.5250,254.5250,254.5250,254.5250
1788370553,254.5500,254.5500,254.5500,254.5500
1788370555,254.5400,254.5400,254.5200,254.5200
1788370560,254.5200,254.5200,254.5200,254.5200
1788370561,254.5400,254.5400,254.5400,254.5400
1788370565,254.5400,254.5400,254.5400,254.5400
1788370568,254.5450,254.5600,254.5450,254.5600
1788370569,254.5500,254.5500,254.5400,254.5400
1788370570,254.5400,254.5400,254.5400,254.5400
1788370572,254.5300,254.5300,254.5300,254.5300
1788370574,254.5250,254.5400,254.5250,254.5400
1788370575,254.5100,254.5100,254.4900,254.4900
1788370577,254.4900,254.4900,254.4900,254.4900
1788370578,254.4800,254.4800,254.4800,254.4800
1788370579,254.4950,254.5500,254.4950,254.5500
1788370580,254.5400,254.5400,254.5400,254.5400
1788370582,254.5500,254.5600,254.5500,254.5600
1788370583,254.5500,254.5500,254.5500,254.5500
1788370586,254.5300,254.5300,254.5300,254.5300
1788370589,254.5400,254.5400,254.5400,254.5400
1788370590,254.5400,254.5400,254.5400,254.5400
1788370592,254.5500,254.5500,254.5500,254.5500
1788370594,254.5600,254.5800,254.5600,254.5800
1788370597,254.5900,254.5900,254.5900,254.5900
1788370598,254.6000,254.6000,254.6000,254.6000
1788370600,254.5700,254.5700,254.5700,254.5700
1788370609,254.5600,254.5600,254.5600,254.5600
1788370610,254.5700,254.5800,254.5700,254.5800
1788370619,254.5500,254.5500,254.5500,254.5500
1788370622,254.5700,254.5700,254.5700,254.5700
1788370637,254.5900,254.6300,254.5900,254.6300
1788370639,254.6400,254.6500,254.6400,254.6500
1788370643,254.6600,254.6600,254.6500,254.6500
1788370649,254.6500,254.6500,254.6500,254.6500
1788370655,254.6300,254.6300,254.6300,254.6300
1788370661,254.6100,254.6100,254.6000,254.6100
1788370668,254.6400,254.6400,254.6400,254.6400
1788370671,254.6300,254.6300,254.6300,254.6300
1788370678,254.6400,254.6400,254.6400,254.6400
1788370689,254.6200,254.6200,254.6200,254.6200
1788370695,254.6300,254.6300,254.6200,254.6300
1788370697,254.6400,254.6400,254.6400,254.6400
1788370700,254.6400,254.6400,254.6400,254.6400
1788370702,254.6300,254.6300,254.6300,254.6300
1788370713,254.6100,254.6100,254.6000,254.6000
1788370714,254.6100,254.6100,254.6100,254.6100
1788370718,254.6100,254.6100,254.6100,254.6100
1788370721,254.5900,254.5900,254.5900,254.5900
1788370739,254.5800,254.5800,254.5800,254.5800
1788370740,254.5700,254.5700,254.5700,254.5700
1788370745,254.5800,254.5800,254.5600,254.5600
1788370748,254.6000,254.6000,254.6000,254.6000
1788370749,254.6100,254.6100,254.6100,254.6100
1788370751,254.6000,254.6100,254.5900,254.5900
1788370753,254.6100,254.6200,254.6100,254.6200
1788370756,254.6200,254.6300,254.6200,254.6300
1788370757,254.6500,254.6500,254.6500,254.6500
1788370759,254.6500,254.6500,254.6500,254.6500
1788370773,254.6200,254.6200,254.6200,254.6200
1788370778,254.6100,254.6100,254.6100,254.6100
1788370785,254.6100,254.6100,254.5900,254.5900
1788370788,254.5700,254.5700,254.5700,254.5700
1788370792,254.5600,254.5600,254.5600,254.5600
1788370797,254.5800,254.5800,254.5800,254.5800
1788370798,254.5600,254.5600,254.5600,254.5600
1788370803,254.5600,254.5600,254.5600,254.5600
1788370806,254.5750,254.5750,254.5750,254.5750
1788370809,254.5600,254.5600,254.5500,254.5500
1788370822,254.5700,254.5800,254.5700,254.5800
1788370827,254.5900,254.5900,254.5900,254.5900
1788370830,254.5700,254.5700,254.5500,254.5500
1788370831,254.5400,254.5400,254.5200,254.5250
1788370835,254.5500,254.5500,254.5500,254.5500
1788370837,254.5500,254.5600,254.5500,254.5600
1788370838,254.5600,254.5600,254.5600,254.5600
1788370843,254.5800,254.5800,254.5700,254.5700
1788370859,254.5700,254.5700,254.5600,254.5600
1788370863,254.5600,254.5600,254.5500,254.5500
1788370866,254.5700,254.5700,254.5600,254.5600
1788370867,254.5550,254.5550,254.5550,254.5550
1788370868,254.5500,254.5500,254.5500,254.5500
1788370870,254.5200,254.5200,254.5200,254.5200
1788370871,254.5300,254.5300,254.5300,254.5300
1788370874,254.5100,254.5100,254.5100,254.5100
1788370875,254.5000,254.5000,254.4900,254.4900
1788370884,254.5200,254.5200,254.5200,254.5200
1788370888,254.5300,254.5300,254.5300,254.5300
1788370898,254.5100,254.5100,254.5100,254.5100
1788370903,254.5200,254.5200,254.5200,254.5200
1788370906,254.5300,254.5300,254.5200,254.5200
1788370911,254.5200,254.5300,254.5000,254.5000
1788370921,254.5000,254.5000,254.5000,254.5000
1788370926,254.4800,254.4900,254.4800,254.4900
1788370927,254.4900,254.4900,254.4900,254.4900
1788370930,254.5000,254.5200,254.5000,254.5200
1788370934,254.5150,254.5150,254.5150,254.5150
1788370938,254.4900,254.4900,254.4900,254.4900
1788370940,254.4800,254.4800,254.4800,254.4800
1788370942,254.5000,254.5500,254.5000,254.5400
1788370943,254.5100,254.5100,254.5100,254.5100
1788370951,254.4900,254.6200,254.4900,254.5800
1788370954,254.5600,254.5600,254.5600,254.5600
1788370958,254.5700,254.5700,254.5700,254.5700
1788370962,254.5700,254.5700,254.5700,254.5700
1788370967,254.6100,254.6100,254.6100,254.6100
1788370969,254.6000,254.6000,254.6000,254.6000
1788370973,254.6300,254.6300,254.6300,254.6300
1788370976,254.6300,254.6300,254.6300,254.6300
1788370979,254.6300,254.6300,254.6300,254.6300
1788370982,254.6400,254.6400,254.6400,254.6400
1788370983,254.6500,254.6600,254.6500,254.6600
1788370990,254.6700,254.6700,254.6700,254.6700
1788370992,254.6900,254.7200,254.6900,254.7200
1788370996,254.6900,254.7100,254.6900,254.6950
1788370997,254.6800,254.6800,254.6700,254.6700
1788371009,254.6500,254.6500,254.6500,254.6500
1788371011,254.6400,254.6400,254.6400,254.6400
1788371022,254.6400,254.6400,254.6400,254.6400
1788371024,254.6300,254.6300,254.5900,254.5900
1788371028,254.5900,254.5900,254.5900,254.5900
1788371037,254.6000,254.6000,254.6000,254.6000
1788371040,254.6100,254.6100,254.6100,254.6100
1788371042,254.6000,254.6000,254.6000,254.6000
1788371050,254.6100,254.6200,254.6100,254.6200
1788371051,254.6300,254.6300,254.6300,254.6300
1788371052,254.6200,254.6200,254.6200,254.6200
1788371057,254.6500,254.6500,254.6500,254.6500
1788371059,254.6700,254.6700,254.6700,254.6700
1788371061,254.6800,254.6900,254.6800,254.6900
1788371062,254.7200,254.7200,254.7100,254.7100
1788371063,254.7000,254.7000,254.7000,254.7000
1788371066,254.6700,254.6700,254.6700,254.6700
1788371067,254.6600,254.6600,254.6600,254.6600
1788371071,254.6800,254.6800,254.6800,254.6800
1788371078,254.6600,254.6600,254.6600,254.6600
1788371080,254.6700,254.6700,254.6700,254.6700
1788371081,254.6800,254.6800,254.6800,254.6800
1788371082,254.6900,254.7000,254.6900,254.7000
1788371089,254.7300,254.7400,254.7300,254.7400
1788371094,254.7500,254.7500,254.7450,254.7450
1788371095,254.7400,254.7400,254.7400,254.7400
1788371099,254.7600,254.7700,254.7600,254.7700
1788371103,254.7750,254.7750,254.7750,254.7750
1788371105,254.7700,254.7900,254.7700,254.7800
1788371106,254.7700,254.7700,254.7700,254.7700
1788371108,254.7900,254.8000,254.7700,254.8000
1788371109,254.8200,254.8200,254.8200,254.8200
1788371110,254.8100,254.8100,254.7900,254.7900
1788371111,254.8000,254.8100,254.7800,254.7900
1788371112,254.8300,254.8400,254.8300,254.8300
1788371114,254.8100,254.8100,254.8100,254.8100
1788371115,254.8000,254.8000,254.7900,254.7900
1788371118,254.8200,254.8200,254.8200,254.8200
1788371119,254.8200,254.8200,254.8200,254.8200
1788371129,254.8150,254.8150,254.8150,254.8150
1788371130,254.8300,254.8400,254.8300,254.8400
1788371131,254.8500,254.8700,254.8500,254.8700
1788371132,254.8700,254.8800,254.8500,254.8550
1788371133,254.8300,254.8300,254.8300,254.8300
1788371141,254.8800,254.8800,254.8800,254.8800
1788371142,254.8650,254.8650,254.8650,254.8650
1788371144,254.8800,254.8900,254.8800,254.8900
1788371146,254.9000,254.9000,254.9000,254.9000
1788371150,254.8800,254.8800,254.8700,254.8700
1788371175,254.8500,254.8500,254.8300,254.8300
1788371176,254.8300,254.8300,254.8200,254.8200
1788371179,254.8500,254.8600,254.8500,254.8550
1788371181,254.8600,254.8600,254.8450,254.8450
1788371183,254.8100,254.8100,254.7800,254.7800
1788371186,254.7500,254.7500,254.7300,254.7300
1788371192,254.7500,254.7700,254.7500,254.7700
1788371195,254.7700,254.7900,254.7700,254.7900
1788371200,254.8300,254.8300,254.8200,254.8200
1788371205,254.8100,254.8100,254.8100,254.8100
1788371207,254.8200,254.8200,254.8200,254.8200
1788371209,254.8000,254.8000,254.7600,254.7600
1788371213,254.7600,254.7600,254.7600,254.7600
1788371215,254.7600,254.7600,254.7600,254.7600
1788371230,254.7500,254.7500,254.7400,254.7400
1788371238,254.7300,254.7300,254.7300,254.7300
1788371242,254.7300,254.7300,254.7300,254.7300
1788371246,254.7100,254.7100,254.6950,254.6950
1788371250,254.6900,254.6900,254.6900,254.6900
1788371255,254.7100,254.7100,254.7100,254.7100
1788371257,254.7000,254.7000,254.7000,254.7000
1788371258,254.7100,254.7200,254.7100,254.7200
1788371261,254.7200,254.7200,254.7100,254.7100
1788371268,254.7200,254.7200,254.7200,254.7200
1788371269,254.7300,254.7300,254.7300,254.7300
1788371282,254.7250,254.7500,254.7250,254.7300
1788371284,254.7100,254.7100,254.7100,254.7100
1788371288,254.7300,254.7300,254.7300,254.7300
1788371292,254.7200,254.7200,254.7200,254.7200
1788371293,254.7200,254.7200,254.7000,254.7000
1788371307,254.6900,254.6900,254.6900,254.6900
1788371311,254.7000,254.7000,254.7000,254.7000
1788371314,254.7100,254.7100,254.7100,254.7100
1788371318,254.7200,254.7600,254.7200,254.7600
1788371326,254.7700,254.8100,254.7700,254.8100
1788371334,254.8200,254.8200,254.8200,254.8200
1788371335,254.8200,254.8200,254.8200,254.8200
1788371336,254.8300,254.8300,254.8300,254.8300
1788371338,254.8300,254.8300,254.8300,254.8300
1788371339,254.8300,254.8300,254.8200,254.8200
1788371344,254.8400,254.8400,254.8400,254.8400
1788371348,254.8500,254.8500,254.8500,254.8500
1788371352,254.8500,254.8700,254.8500,254.8700
1788371365,254.8600,254.8600,254.8600,254.8600
1788371366,254.8500,254.8500,254.8400,254.8500
1788371370,254.8500,254.8500,254.8500,254.8500
1788371377,254.8600,254.8700,254.8600,254.8700
1788371379,254.8700,254.8700,254.8700,254.8700
1788371382,254.8600,254.8600,254.8600,254.8600
1788371384,254.8500,254.8500,254.8500,254.8500
1788371388,254.8500,254.8500,254.8500,254.8500
1788371401,254.8500,254.8600,254.8500,254.8600
1788371402,254.8800,254.8800,254.8800,254.8800
1788371403,254.8900,254.9100,254.8900,254.9100
1788371405,254.9100,254.9100,254.9100,254.9100
1788371407,254.9150,254.9150,254.8800,254.8800
1788371411,254.8800,254.8800,254.8800,254.8800
1788371418,254.8800,254.8800,254.8800,254.8800
1788371426,254.8900,254.8900,254.8900,254.8900
1788371427,254.8800,254.8800,254.8700,254.8700
1788371429,254.8700,254.8900,254.8700,254.8700
1788371430,254.8700,254.8750,254.8700,254.8750
1788371431,254.8700,254.8700,254.8700,254.8700
1788371433,254.8600,254.8700,254.8500,254.8700
1788371436,254.8500,254.8500,254.8500,254.8500
1788371440,254.8500,254.8500,254.8400,254.8400
1788371442,254.8200,254.8300,254.8100,254.8300
1788371450,254.8200,254.8200,254.8200,254.8200
1788371451,254.8400,254.8500,254.8400,254.8400
1788371453,254.8500,254.8600,254.8500,254.8600
1788371454,254.8600,254.8600,254.8600,254.8600
1788371456,254.8800,254.8900,254.8700,254.8700
1788371457,254.8600,254.8600,254.8600,254.8600
1788371459,254.8800,254.8800,254.8400,254.8400
1788371461,254.8300,254.8300,254.8000,254.8100
1788371465,254.8400,254.8500,254.8400,254.8500
1788371467,254.8500,254.8500,254.8500,254.8500
1788371475,254.8300,254.8400,254.8300,254.8400
1788371482,254.8400,254.8400,254.8200,254.8200
1788371485,254.8200,254.8200,254.8100,254.8150
1788371489,254.8150,254.8200,254.8150,254.8200
1788371494,254.8100,254.8100,254.8100,254.8100
1788371499,254.8000,254.8000,254.8000,254.8000
1788371504,254.7900,254.7900,254.7800,254.7800
1788371506,254.7900,254.7900,254.7800,254.7800
1788371512,254.7850,254.7900,254.7800,254.7900
1788371513,254.7900,254.8000,254.7900,254.8000
1788371514,254.8100,254.8100,254.8100,254.8100
1788371516,254.8200,254.8200,254.8200,254.8200
1788371517,254.8300,254.8400,254.8300,254.8400
1788371518,254.8350,254.8350,254.8350,254.8350
1788371521,254.8400,254.8600,254.8400,254.8600
1788371524,254.8700,254.8800,254.8700,254.8800
1788371525,254.8900,254.9000,254.8800,254.8800
1788371526,254.8800,254.8800,254.8800,254.8800
1788371529,254.8600,254.8600,254.8500,254.8500
1788371530,254.8500,254.8500,254.8400,254.8500
1788371532,254.8600,254.8600,254.8600,254.8600
1788371534,254.8700,254.8700,254.8700,254.8700
1788371536,254.8900,254.8900,254.8900,254.8900
1788371539,254.8800,254.8800,254.8800,254.8800
1788371551,254.8800,254.8800,254.8800,254.8800
1788371554,254.8800,254.8800,254.8500,254.8500
1788371560,254.8500,254.8500,254.8400,254.8400
1788371561,254.8400,254.8400,254.8400,254.8400
1788371568,254.8700,254.8700,254.8700,254.8700
1788371570,254.8650,254.8650,254.8600,254.8600
1788371579,254.8600,254.8600,254.8550,254.8550
1788371585,254.8600,254.8600,254.8600,254.8600
1788371589,254.8700,254.8700,254.8700,254.8700
1788371591,254.8600,254.8600,254.8600,254.8600
1788371594,254.8600,254.8600,254.8600,254.8600
1788371596,254.8700,254.8700,254.8700,254.8700
1788371602,254.8800,254.8900,254.8800,254.8900
1788371605,254.9000,254.9000,254.8900,254.8900
1788371610,254.9200,254.9200,254.9200,254.9200
1788371611,254.9000,254.9200,254.8900,254.9200
1788371614,254.9100,254.9100,254.9000,254.9000
1788371621,254.9100,254.9100,254.9100,254.9100
1788371622,254.9100,254.9100,254.9100,254.9100
1788371626,254.9200,254.9200,254.9200,254.9200
1788371627,254.9300,254.9300,254.9300,254.9300
1788371629,254.9250,254.9250,254.9250,254.9250
1788371631,254.9250,254.9250,254.9250,254.9250
1788371634,254.9300,254.9300,254.9300,254.9300
1788371635,254.9400,254.9800,254.9400,254.9800
1788371637,254.9800,254.9900,254.9800,254.9900
1788371641,254.9800,254.9800,254.9800,254.9800
1788371642,254.9700,254.9700,254.9600,254.9600
1788371652,254.9700,254.9700,254.9700,254.9700
1788371653,254.9900,254.9900,254.9900,254.9900
1788371654,254.9900,254.9900,254.9800,254.9800
1788371657,254.9700,254.9700,254.9600,254.9600
1788371658,254.9500,254.9500,254.9500,254.9500
1788371659,254.9400,254.9400,254.9200,254.9200
1788371671,254.9200,254.9200,254.9200,254.9200
1788371679,254.9100,254.9100,254.9100,254.9100
1788371684,254.9100,254.9100,254.8900,254.8900
1788371687,254.8800,254.8800,254.8800,254.8800
1788371691,254.8700,254.8700,254.8500,254.8500
1788371693,254.8600,254.8600,254.8600,254.8600
1788371697,254.8550,254.8550,254.8550,254.8550
1788371700,254.8700,254.9400,254.8700,254.9400
1788371701,254.9450,254.9450,254.9450,254.9450
1788371704,254.9500,254.9500,254.9500,254.9500
1788371709,254.9400,254.9400,254.9300,254.9400
1788371711,254.9200,254.9200,254.8800,254.8800
1788371715,254.8800,254.8800,254.8800,254.8800
1788371718,254.8800,254.8800,254.8800,254.8800
1788371720,254.8600,254.8600,254.8600,254.8600
1788371722,254.8500,254.8500,254.8400,254.8400
1788371724,254.8500,254.8500,254.8500,254.8500
1788371727,254.8600,254.8700,254.8600,254.8700
1788371733,254.8800,254.8800,254.8800,254.8800
1788371735,254.8900,254.8900,254.8900,254.8900
1788371738,254.8800,254.8800,254.8800,254.8800
1788371740,254.9000,254.9000,254.9000,254.9000
1788371741,254.9400,254.9400,254.9400,254.9400
1788371742,254.9400,254.9400,254.9400,254.9400
1788371745,254.9700,254.9700,254.9700,254.9700
1788371746,254.9700,254.9800,254.9700,254.9800
1788371752,254.9900,254.9900,254.9900,254.9900
1788371753,254.9900,254.9900,254.9900,254.9900
1788371759,254.9800,254.9900,254.9800,254.9900
1788371760,254.9900,254.9900,254.9900,254.9900
1788371763,254.9900,255.0300,254.9900,255.0300
1788371764,255.0350,255.0350,255.0350,255.0350
1788371765,255.0350,255.0500,255.0350,255.0450
1788371767,255.0400,255.0400,255.0400,255.0400
1788371768,255.0200,255.0200,254.9800,254.9800
1788371771,254.9750,254.9750,254.9750,254.9750
1788371772,254.9800,254.9800,254.9800,254.9800
1788371773,254.9900,255.0000,254.9900,255.0000
1788371775,255.0400,255.0400,255.0400,255.0400
1788371779,255.0500,255.0500,255.0500,255.0500
1788371787,255.0300,255.0300,255.0300,255.0300
1788371791,255.0400,255.0400,255.0200,255.0250
1788371796,255.0400,255.0400,255.0400,255.0400
1788371798,255.0400,255.0400,255.0400,255.0400
1788371799,255.0300,255.0300,255.0200,255.0200
1788371823,255.0200,255.0700,255.0200,255.0700
1788371824,255.0750,255.0750,255.0750,255.0750
1788371827,255.0800,255.0900,255.0800,255.0900
1788371831,255.0750,255.0750,255.0750,255.0750
1788371832,255.0900,255.0900,255.0900,255.0900
1788371841,255.0700,255.0700,255.0700,255.0700
1788371843,255.0600,255.0600,255.0600,255.0600
1788371847,255.0500,255.0500,255.0450,255.0450
1788371852,255.0500,255.0500,255.0500,255.0500
1788371853,255.0800,255.0800,255.0800,255.0800
1788371854,255.0600,255.0600,255.0600,255.0600
1788371855,255.0900,255.0900,255.0700,255.0700
1788371857,255.0700,255.0700,255.0700,255.0700
1788371865,255.0700,255.0700,255.0700,255.0700
1788371868,255.0800,255.0900,255.0800,255.0900
1788371870,255.1000,255.1000,255.0800,255.0800
1788371873,255.0900,255.0900,255.0900,255.0900
1788371874,255.0900,255.0900,255.0900,255.0900
1788371880,255.0800,255.0800,255.0800,255.0800
1788371883,255.0800,255.0900,255.0800,255.0900
1788371886,255.0850,255.0850,255.0850,255.0850
1788371887,255.0850,255.0850,255.0800,255.0800
1788371888,255.0800,255.0800,255.0800,255.0800
1788371889,255.0700,255.0700,255.0700,255.0700
1788371893,255.0600,255.0600,255.0500,255.0500
1788371897,255.0400,255.0400,255.0400,255.0400
1788371899,255.0300,255.0300,255.0300,255.0300
1788371901,255.0300,255.0300,255.0200,255.0200
1788371910,255.0150,255.0150,255.0150,255.0150
1788371911,255.0100,255.0100,255.0000,255.0000
1788371915,255.0000,255.0000,255.0000,255.0000
1788371916,255.0000,255.0000,255.0000,255.0000
1788371919,255.0000,255.0000,255.0000,255.0000
1788371924,255.0000,255.0050,255.0000,255.0050
1788371925,255.0000,255.0000,255.0000,255.0000
1788371926,255.0000,255.0000,255.0000,255.0000
1788371927,254.9900,254.9900,254.9900,254.9900
1788371928,254.9700,254.9750,254.9700,254.9750
1788371934,254.9900,254.9900,254.9850,254.9850
1788371936,254.9750,254.9750,254.9750,254.9750
1788371940,254.9800,254.9850,254.9800,254.9800
1788371943,254.9900,254.9900,254.9900,254.9900
1788371946,254.9900,254.9900,254.9900,254.9900
1788371952,254.9900,254.9900,254.9900,254.9900
1788371955,254.9900,254.9900,254.9900,254.9900
1788371956,254.9900,254.9900,254.9900,254.9900
1788371958,255.0000,255.0300,255.0000,255.0300
1788371968,255.0400,255.0400,255.0400,255.0400
1788371971,255.0500,255.0600,255.0500,255.0600
1788371975,255.0700,255.0800,255.0700,255.0800
1788371981,255.0800,255.0800,255.0600,255.0600
1788371985,255.0550,255.0550,255.0550,255.0550
1788371987,255.0550,255.0600,255.0550,255.0550
1788371988,255.0550,255.0550,255.0550,255.0550
1788371989,255.0500,255.0500,255.0300,255.0300
1788371995,255.0200,255.0200,255.0000,255.0000
1788372000,255.0000,255.0000,255.0000,255.0000
1788372002,255.0000,255.0000,255.0000,255.0000
1788372004,255.0100,255.0100,255.0100,255.0100
1788372008,255.0050,255.0050,255.0000,255.0000
1788372009,255.0000,255.0000,255.0000,255.0000
1788372011,255.0000,255.0000,255.0000,255.0000
1788372012,255.0000,255.0000,255.0000,255.0000
1788372013,255.0000,255.0100,255.0000,255.0100
1788372014,255.0100,255.0100,255.0000,255.0000
1788372017,254.9950,254.9950,254.9950,254.9950
1788372018,254.9950,254.9950,254.9950,254.9950
1788372020,254.9950,254.9950,254.9950,254.9950
1788372021,254.9800,254.9800,254.9700,254.9700
1788372026,254.9600,254.9700,254.9600,254.9700
1788372028,254.9400,254.9400,254.9400,254.9400
1788372030,254.9350,254.9350,254.9300,254.9300
1788372038,254.9100,254.9100,254.9100,254.9100
1788372039,254.8900,254.8900,254.8900,254.8900
1788372040,254.9100,254.9100,254.9100,254.9100
1788372042,254.9050,254.9050,254.9050,254.9050
1788372043,254.9200,254.9300,254.9200,254.9300
1788372050,254.9350,254.9350,254.8900,254.9000
1788372051,254.9100,254.9100,254.9100,254.9100
1788372052,254.9100,254.9100,254.8950,254.8950
1788372053,254.8800,254.8800,254.8800,254.8800
1788372057,254.8500,254.8500,254.8400,254.8400
1788372058,254.8300,254.8300,254.8300,254.8300
1788372060,254.8300,254.8300,254.8300,254.8300
1788372062,254.8400,254.8400,254.8400,254.8400
1788372063,254.8300,254.8300,254.8300,254.8300
1788372072,254.8500,254.8500,254.8500,254.8500
1788372074,254.8450,254.8450,254.8400,254.8400
1788372076,254.8500,254.8500,254.8500,254.8500
1788372079,254.8600,254.8600,254.8600,254.8600
1788372091,254.8450,254.8450,254.8450,254.8450
1788372092,254.8300,254.8300,254.8300,254.8300
1788372093,254.8200,254.8200,254.7900,254.7900
1788372094,254.7900,254.7900,254.7900,254.7900
1788372095,254.7950,254.7950,254.7950,254.7950
1788372096,254.8100,254.8200,254.8100,254.8200
1788372100,254.7800,254.7800,254.7700,254.7700
1788372102,254.7600,254.7600,254.7600,254.7600
1788372103,254.7700,254.7700,254.7700,254.7700
1788372104,254.7800,254.7800,254.7800,254.7800
1788372105,254.8000,254.8000,254.8000,254.8000
1788372110,254.7800,254.7900,254.7800,254.7900
1788372111,254.7800,254.7800,254.7800,254.7800
1788372113,254.7500,254.7500,254.7400,254.7400
1788372114,254.7300,254.7300,254.7200,254.7200
1788372115,254.7300,254.7300,254.7300,254.7300
1788372116,254.7500,254.7500,254.7200,254.7200
1788372120,254.7400,254.7400,254.7400,254.7400
1788372123,254.7500,254.7600,254.7500,254.7600
1788372130,254.7600,254.7700,254.7600,254.7700
1788372133,254.7800,254.7800,254.7800,254.7800
1788372135,254.7800,254.7800,254.7800,254.7800
1788372139,254.7800,254.7800,254.7800,254.7800
1788372140,254.7900,254.7900,254.7900,254.7900
1788372142,254.8000,254.8000,254.8000,254.8000
1788372143,254.8100,254.8100,254.8100,254.8100
1788372145,254.8200,254.8200,254.7800,254.7800
1788372150,254.7800,254.7800,254.7700,254.7700
1788372156,254.7750,254.7750,254.7750,254.7750
1788372158,254.7600,254.7600,254.7600,254.7600
1788372159,254.7700,254.7700,254.7700,254.7700
1788372160,254.7700,254.7700,254.7700,254.7700
1788372163,254.7500,254.7500,254.7500,254.7500
1788372165,254.7400,254.7400,254.7400,254.7400
1788372168,254.7500,254.7600,254.7500,254.7600
1788372171,254.7900,254.8000,254.7900,254.8000
1788372180,254.8100,254.8200,254.8100,254.8200
1788372189,254.8200,254.8200,254.8200,254.8200
1788372190,254.8300,254.8400,254.8300,254.8400
1788372194,254.8300,254.8300,254.8300,254.8300
1788372196,254.8100,254.8100,254.8100,254.8100
1788372203,254.8200,254.8300,254.8200,254.8300
1788372207,254.8500,254.8500,254.8500,254.8500
1788372208,254.8500,254.8700,254.8500,254.8700
1788372209,254.8800,254.8800,254.8800,254.8800
1788372211,254.8900,254.8900,254.8900,254.8900
1788372213,254.9000,254.9000,254.9000,254.9000
1788372220,254.9000,254.9000,254.9000,254.9000
1788372225,254.8800,254.8800,254.8800,254.8800
1788372231,254.8900,254.9400,254.8900,254.9400
1788372236,254.9200,254.9200,254.9100,254.9100
1788372244,254.8800,254.8800,254.8500,254.8500
1788372248,254.8700,254.8700,254.8700,254.8700
1788372250,254.8700,254.8700,254.8700,254.8700
1788372251,254.8650,254.8650,254.8650,254.8650
1788372254,254.8800,254.8800,254.8800,254.8800
1788372257,254.9000,254.9700,254.9000,254.9700
1788372261,254.9700,254.9900,254.9500,254.9600
1788372270,254.9700,254.9700,254.9700,254.9700
1788372278,254.9500,254.9500,254.9500,254.9500
1788372279,254.9300,254.9300,254.9300,254.9300
1788372281,254.9000,254.9000,254.9000,254.9000
1788372284,254.8900,254.8900,254.8900,254.8900
1788372287,254.8800,254.8800,254.8800,254.8800
1788372299,254.9100,254.9200,254.9100,254.9200
1788372308,254.9100,254.9100,254.9100,254.9100
1788372309,254.8900,254.8900,254.8800,254.8800
1788372322,254.8900,254.9000,254.8900,254.9000
1788372328,254.9100,254.9300,254.9100,254.9300
1788372329,254.9350,254.9350,254.9350,254.9350
1788372333,254.9300,254.9300,254.9300,254.9300
1788372340,254.9000,254.9000,254.8900,254.8900
1788372343,254.8850,254.8850,254.8850,254.8850
1788372345,254.8850,254.8850,254.8850,254.8850
1788372347,254.9000,254.9000,254.9000,254.9000
1788372348,254.9100,254.9100,254.9100,254.9100
1788372351,254.9200,254.9200,254.9200,254.9200
1788372354,254.9000,254.9000,254.9000,254.9000
1788372355,254.8700,254.8700,254.8700,254.8700
1788372356,254.8600,254.8600,254.8600,254.8600
1788372358,254.8600,254.8600,254.8600,254.8600
1788372362,254.8800,254.8800,254.8800,254.8800
1788372363,254.9100,254.9100,254.9100,254.9100
1788372366,254.9100,254.9100,254.9100,254.9100
1788372368,254.9200,254.9200,254.9200,254.9200
1788372369,254.9400,254.9400,254.9400,254.9400
1788372373,254.9500,254.9500,254.9500,254.9500
1788372375,254.9600,254.9600,254.9500,254.9500
1788372376,254.9500,254.9500,254.9500,254.9500
1788372379,254.9600,254.9600,254.9600,254.9600
1788372384,254.9700,254.9700,254.9700,254.9700
1788372386,254.9800,254.9800,254.9700,254.9700
1788372388,254.9650,254.9650,254.9650,254.9650
1788372391,254.9500,254.9500,254.9400,254.9400
1788372394,254.9400,254.9400,254.9400,254.9400
1788372401,254.9400,254.9400,254.9400,254.9400
1788372402,254.9500,254.9600,254.9500,254.9600
1788372403,254.9700,254.9700,254.9700,254.9700
1788372405,254.9500,254.9500,254.9300,254.9300
1788372406,254.9300,254.9400,254.9300,254.9400
1788372417,254.9700,254.9700,254.9700,254.9700
1788372429,254.9300,254.9300,254.9100,254.9150
1788372431,254.9150,254.9150,254.9150,254.9150
1788372440,254.9100,254.9100,254.9100,254.9100
1788372442,254.9200,254.9200,254.9200,254.9200
1788372445,254.9300,254.9300,254.9300,254.9300
1788372451,254.9100,254.9100,254.9000,254.9000
1788372456,254.8900,254.8900,254.8900,254.8900
1788372457,254.9000,254.9000,254.9000,254.9000
1788372464,254.8800,254.8800,254.8650,254.8650
1788372465,254.8600,254.8600,254.8400,254.8500
1788372466,254.8600,254.8600,254.8600,254.8600
1788372469,254.8200,254.8200,254.8000,254.8000
1788372475,254.8100,254.8100,254.8100,254.8100
1788372476,254.8200,254.8300,254.8200,254.8300
1788372479,254.8100,254.8100,254.8000,254.8000
1788372481,254.8200,254.8200,254.8200,254.8200
1788372482,254.8300,254.8300,254.8300,254.8300
1788372492,254.8200,254.8200,254.8000,254.8000
1788372498,254.8000,254.8000,254.8000,254.8000
1788372501,254.8000,254.8200,254.8000,254.8200
1788372503,254.8250,254.8400,254.8250,254.8400
1788372505,254.8400,254.8400,254.8400,254.8400
1788372510,254.8600,254.8600,254.8600,254.8600
1788372515,254.8600,254.8600,254.8600,254.8600
1788372517,254.8800,254.8800,254.8800,254.8800
1788372520,254.8700,254.8700,254.8700,254.8700
1788372521,254.8600,254.8600,254.8500,254.8500
1788372532,254.8400,254.8400,254.8300,254.8300
1788372540,254.8400,254.8500,254.8400,254.8500
1788372542,254.8600,254.8600,254.8600,254.8600
1788372548,254.8400,254.8400,254.8400,254.8400
1788372559,254.8500,254.8500,254.8500,254.8500
1788372566,254.8500,254.8500,254.8500,254.8500
1788372567,254.8500,254.8900,254.8500,254.8600
1788372571,254.8650,254.8800,254.8650,254.8700
1788372572,254.8700,254.8900,254.8700,254.8900
1788372577,254.8700,254.8700,254.8700,254.8700
1788372579,254.8700,254.8700,254.8700,254.8700
1788372588,254.8500,254.8600,254.8500,254.8600
1788372592,254.8800,254.8800,254.8450,254.8450
1788372594,254.8700,254.8700,254.8700,254.8700
1788372602,254.8650,254.8650,254.8650,254.8650
1788372607,254.8700,254.8700,254.8500,254.8500
1788372609,254.8500,254.8500,254.8350,254.8400
1788372612,254.8600,254.8600,254.8600,254.8600
1788372618,254.8300,254.8300,254.7900,254.7900
1788372619,254.7800,254.7800,254.7700,254.7700
1788372621,254.7500,254.7500,254.7500,254.7500
1788372625,254.7400,254.7500,254.7400,254.7500
1788372635,254.7600,254.7700,254.7600,254.7700
1788372638,254.7800,254.8200,254.7800,254.8200
1788372639,254.8100,254.8100,254.8100,254.8100
1788372641,254.8300,254.8300,254.8300,254.8300
1788372642,254.8250,254.8250,254.8250,254.8250
1788372645,254.8100,254.8100,254.8100,254.8100
1788372648,254.7900,254.7900,254.7900,254.7900
1788372651,254.7900,254.7900,254.7900,254.7900
1788372655,254.7950,254.7950,254.7950,254.7950
1788372657,254.8000,254.8050,254.8000,254.8050
1788372664,254.8100,254.8100,254.8100,254.8100
1788372669,254.8000,254.8000,254.7500,254.7500
1788372670,254.7400,254.7400,254.7400,254.7400
1788372671,254.7600,254.7600,254.7600,254.7600
1788372679,254.7500,254.7600,254.7500,254.7600
1788372682,254.7550,254.7550,254.7550,254.7550
1788372688,254.7500,254.7500,254.7500,254.7500
1788372692,254.7450,254.7450,254.7450,254.7450
1788372700,254.7300,254.7300,254.7200,254.7200
1788372702,254.7300,254.7600,254.7300,254.7500
1788372704,254.7450,254.7450,254.7450,254.7450
1788372711,254.7450,254.7450,254.7450,254.7450
1788372716,254.7500,254.7500,254.7450,254.7450
1788372718,254.7300,254.7300,254.7100,254.7100
1788372722,254.7350,254.7350,254.7350,254.7350
1788372730,254.7300,254.7300,254.7300,254.7300
1788372735,254.7300,254.7300,254.7300,254.7300
1788372736,254.7400,254.7500,254.7400,254.7500
1788372737,254.7550,254.7550,254.7550,254.7550
1788372739,254.7600,254.7600,254.7600,254.7600
1788372741,254.7600,254.7600,254.7500,254.7500
1788372742,254.7500,254.7550,254.7500,254.7550
1788372743,254.7500,254.7500,254.7400,254.7400
1788372749,254.7000,254.7000,254.7000,254.7000
1788372751,254.6900,254.6900,254.6900,254.6900
1788372754,254.6950,254.6950,254.6700,254.6700
1788372757,254.6900,254.6900,254.6900,254.6900
1788372761,254.6900,254.6900,254.6700,254.6800
1788372764,254.6900,254.7100,254.6900,254.7100
1788372766,254.7200,254.7200,254.7200,254.7200
1788372767,254.7300,254.7300,254.7300,254.7300
1788372771,254.7200,254.7200,254.7200,254.7200
1788372773,254.7200,254.7200,254.7100,254.7100
1788372774,254.7200,254.7300,254.7200,254.7300
1788372776,254.7400,254.7600,254.7400,254.7600
1788372783,254.7600,254.7600,254.7600,254.7600
1788372786,254.7700,254.7700,254.7700,254.7700
1788372787,254.7800,254.7800,254.7800,254.7800
1788372789,254.7800,254.7800,254.7800,254.7800
1788372793,254.7700,254.7700,254.7600,254.7600
1788372797,254.7600,254.8100,254.7600,254.8100
1788372798,254.8100,254.8100,254.8100,254.8100
1788372799,254.8100,254.8100,254.8100,254.8100
1788372800,254.8200,254.8200,254.8200,254.8200
1788372801,254.8150,254.8150,254.8150,254.8150
1788372802,254.8000,254.8000,254.8000,254.8000
1788372803,254.8200,254.8200,254.8200,254.8200
1788372807,254.8300,254.8300,254.8300,254.8300
1788372810,254.8400,254.8400,254.8400,254.8400
1788372812,254.8400,254.8400,254.8400,254.8400
1788372813,254.8500,254.8500,254.8500,254.8500
1788372814,254.8500,254.8500,254.8500,254.8500
1788372815,254.8500,254.8600,254.8500,254.8600
1788372824,254.8650,254.8650,254.8650,254.8650
1788372825,254.8500,254.8500,254.8300,254.8300
1788372840,254.8200,254.8200,254.8100,254.8100
1788372848,254.7950,254.7950,254.7950,254.7950
1788372850,254.7900,254.7900,254.7900,254.7900
1788372853,254.7800,254.7800,254.7800,254.7800
1788372855,254.7700,254.7700,254.7700,254.7700
1788372859,254.7700,254.7700,254.7700,254.7700
1788372863,254.7800,254.7800,254.7800,254.7800
1788372866,254.7900,254.7900,254.7900,254.7900
1788372869,254.7900,254.7900,254.7900,254.7900
1788372872,254.7850,254.7850,254.7850,254.7850
1788372873,254.7800,254.7800,254.7800,254.7800
1788372880,254.7900,254.7900,254.7900,254.7900
1788372900,254.7800,254.7800,254.7700,254.7700
1788372902,254.7800,254.7800,254.7600,254.7600
1788372904,254.7400,254.7400,254.7400,254.7400
1788372906,254.7350,254.7350,254.7350,254.7350
1788372912,254.7500,254.7800,254.7500,254.7800
1788372915,254.7900,254.8000,254.7900,254.8000
1788372918,254.8100,254.8100,254.8100,254.8100
1788372920,254.8100,254.8100,254.8100,254.8100
1788372922,254.8100,254.8100,254.8100,254.8100
1788372924,254.8000,254.8000,254.8000,254.8000
1788372926,254.8000,254.8000,254.8000,254.8000
1788372928,254.8000,254.8000,254.8000,254.8000
1788372931,254.8000,254.8200,254.8000,254.8200
1788372935,254.8400,254.8400,254.8400,254.8400
1788372941,254.8100,254.8100,254.8100,254.8100
1788372945,254.8100,254.8100,254.8100,254.8100
1788372952,254.8050,254.8050,254.8000,254.8000
1788372957,254.8050,254.8100,254.8050,254.8100
1788372958,254.8100,254.8300,254.8100,254.8300
1788372961,254.8300,254.8300,254.8300,254.8300
1788372962,254.8300,254.8300,254.8300,254.8300
1788372963,254.8300,254.8300,254.8300,254.8300
1788372964,254.8200,254.8200,254.8100,254.8100
1788372966,254.8100,254.8100,254.8000,254.8000
1788372967,254.7900,254.7900,254.7900,254.7900
1788372968,254.8300,254.8300,254.8300,254.8300
1788372971,254.8200,254.8200,254.8200,254.8200
1788372974,254.8250,254.8250,254.8200,254.8200
1788372975,254.8100,254.8100,254.8100,254.8100
1788372976,254.8100,254.8100,254.8100,254.8100
1788372977,254.8100,254.8100,254.7900,254.7900
1788372980,254.7800,254.7800,254.7600,254.7600
1788372990,254.7700,254.7700,254.7700,254.7700
1788372993,254.7800,254.7800,254.7800,254.7800
1788372994,254.7800,254.7800,254.7700,254.7700
1788372997,254.7700,254.7700,254.7700,254.7700
1788372999,254.7700,254.7700,254.7600,254.7600
1788373000,254.7500,254.7500,254.7500,254.7500
1788373003,254.7650,254.7650,254.7650,254.7650
1788373005,254.7650,254.7650,254.7650,254.7650
1788373010,254.7800,254.7900,254.7800,254.7900
1788373011,254.7900,254.7900,254.7900,254.7900
1788373012,254.7900,254.7900,254.7600,254.7600
1788373013,254.7700,254.7700,254.7700,254.7700
1788373014,254.7800,254.7800,254.7800,254.7800
1788373015,254.7750,254.7750,254.7750,254.7750
1788373016,254.7800,254.8000,254.7700,254.7700
1788373018,254.7600,254.7600,254.7600,254.7600
1788373022,254.7700,254.7700,254.7700,254.7700
1788373026,254.7800,254.7800,254.7800,254.7800
1788373032,254.7750,254.7750,254.7750,254.7750
1788373033,254.7900,254.7900,254.7900,254.7900
1788373034,254.8000,254.8100,254.8000,254.8100
1788373039,254.8100,254.8100,254.8100,254.8100
1788373044,254.7900,254.7900,254.7700,254.7700
1788373047,254.7700,254.7800,254.7700,254.7800
1788373050,254.7500,254.7500,254.7400,254.7400
1788373062,254.7700,254.7900,254.7700,254.7900
1788373066,254.7650,254.7650,254.7650,254.7650
1788373072,254.7800,254.7800,254.7800,254.7800
1788373073,254.7900,254.8000,254.7900,254.8000
1788373074,254.8100,254.8100,254.8100,254.8100
1788373078,254.8100,254.8100,254.8100,254.8100
1788373079,254.8000,254.8000,254.8000,254.8000
1788373082,254.7900,254.7900,254.7900,254.7900
1788373089,254.7700,254.7700,254.7700,254.7700
1788373094,254.7800,254.7800,254.7800,254.7800
1788373096,254.7800,254.7800,254.7800,254.7800
1788373099,254.7900,254.7900,254.7900,254.7900
1788373102,254.8100,254.8100,254.8100,254.8100
1788373109,254.8000,254.8000,254.8000,254.8000
1788373117,254.8200,254.8300,254.8200,254.8300
1788373118,254.8400,254.8400,254.8400,254.8400
1788373120,254.8550,254.8550,254.8550,254.8550
1788373125,254.8600,255.1000,254.8600,255.0600
1788373126,255.0200,255.1100,255.0100,255.1000
1788373127,255.0950,255.2300,255.0950,255.2100
1788373128,255.1500,255.1700,255.1400,255.1500
1788373129,255.1800,255.1800,255.1800,255.1800
1788373130,255.2400,255.3500,255.2400,255.3300
1788373131,255.2900,255.2900,255.0700,255.1600
1788373132,255.1300,255.1300,255.0600,255.1000
1788373133,255.1000,255.1000,255.0700,255.0700
1788373134,255.0400,255.0400,255.0400,255.0400
1788373135,255.0700,255.0700,255.0500,255.0500
1788373136,255.0500,255.0500,255.0500,255.0500
1788373137,255.0300,255.0300,255.0200,255.0200
1788373141,255.0600,255.0600,255.0600,255.0600
1788373143,255.0500,255.0500,255.0500,255.0500
1788373149,255.0500,255.0500,255.0500,255.0500
1788373151,255.0300,255.0300,255.0000,255.0000
1788373152,255.0400,255.0400,255.0400,255.0400
1788373153,255.0300,255.0300,255.0300,255.0300
1788373155,254.9900,254.9900,254.9900,254.9900
1788373156,255.0100,255.0100,255.0100,255.0100
1788373162,255.0100,255.0100,255.0100,255.0100
1788373165,255.0050,255.0050,255.0050,255.0050
1788373167,255.0200,255.0200,255.0200,255.0200
1788373169,255.0300,255.0300,255.0300,255.0300
1788373178,255.0300,255.0300,255.0300,255.0300
1788373179,255.0250,255.0300,255.0250,255.0300
1788373180,255.0200,255.0300,255.0100,255.0300
1788373185,255.0200,255.0200,255.0200,255.0200
1788373186,255.0300,255.0400,255.0100,255.0100
1788373192,255.0000,255.0000,254.9700,254.9700
1788373194,254.9900,254.9900,254.9900,254.9900
1788373195,255.0000,255.0000,255.0000,255.0000
1788373198,255.0000,255.0000,255.0000,255.0000
1788373201,254.9800,254.9800,254.9800,254.9800
1788373203,254.9900,254.9900,254.9900,254.9900
1788373207,254.9900,255.0000,254.9900,255.0000
1788373208,255.0100,255.0100,255.0100,255.0100
1788373209,255.0200,255.0900,255.0200,255.0900
1788373210,255.0800,255.0800,255.0800,255.0800
1788373211,255.0700,255.0700,255.0500,255.0500
1788373213,255.0800,255.0800,255.0800,255.0800
1788373215,255.0600,255.1100,255.0600,255.1100
1788373223,255.0600,255.0600,255.0300,255.0300
1788373228,255.0300,255.0300,255.0300,255.0300
1788373239,255.0400,255.0400,255.0400,255.0400
1788373244,255.0200,255.0200,255.0200,255.0200
1788373247,255.0200,255.0200,255.0000,255.0050
1788373249,255.0050,255.0050,255.0050,255.0050
1788373252,255.0200,255.0200,255.0200,255.0200
1788373254,255.0300,255.0300,255.0200,255.0300
1788373257,255.0000,255.0000,254.9900,254.9900
1788373258,254.9700,254.9700,254.9500,254.9500
1788373259,254.9700,254.9900,254.9700,254.9900
1788373261,255.0000,255.0200,255.0000,255.0200
1788373262,255.0200,255.0200,255.0200,255.0200
1788373266,255.0100,255.0100,255.0000,255.0000
1788373267,254.9900,254.9900,254.9900,254.9900
1788373269,255.0200,255.0200,255.0200,255.0200
1788373273,255.0000,255.0000,254.9900,254.9900
1788373275,254.9700,254.9700,254.9700,254.9700
1788373276,254.9600,254.9600,254.9600,254.9600
1788373280,254.9300,254.9300,254.9300,254.9300
1788373282,254.9400,254.9400,254.9400,254.9400
1788373290,254.9200,254.9300,254.9200,254.9300
1788373291,254.9250,254.9250,254.9250,254.9250
1788373300,254.9200,254.9250,254.9200,254.9250
1788373302,254.9200,254.9200,254.9200,254.9200
1788373303,254.9100,254.9100,254.8500,254.8500
1788373305,254.8500,254.8500,254.8500,254.8500
1788373306,254.8500,254.8500,254.8500,254.8500
1788373315,254.8700,254.9400,254.8700,254.9400
1788373318,254.9400,254.9600,254.9400,254.9600
1788373320,254.9700,254.9700,254.9700,254.9700
1788373321,254.9800,254.9800,254.9800,254.9800
1788373322,254.9800,254.9900,254.9800,254.9900
1788373324,254.9700,254.9700,254.9300,254.9300
1788373329,254.9100,254.9100,254.9100,254.9100
1788373332,254.9300,254.9300,254.9300,254.9300
1788373335,254.9100,254.9100,254.8950,254.8950
1788373340,254.8950,254.8950,254.8950,254.8950
1788373345,254.9000,254.9000,254.9000,254.9000
1788373347,254.9200,254.9300,254.9200,254.9300
1788373351,254.9400,254.9400,254.9400,254.9400
1788373352,254.9500,254.9600,254.9500,254.9600
1788373354,254.9600,254.9600,254.9600,254.9600
1788373356,254.9600,254.9600,254.9400,254.9400
1788373364,254.9350,254.9350,254.9350,254.9350
1788373369,254.9400,254.9600,254.9400,254.9600
1788373376,254.9500,254.9500,254.9500,254.9500
1788373377,254.9600,254.9600,254.9600,254.9600
1788373382,254.9700,254.9700,254.9700,254.9700
1788373383,254.9700,254.9700,254.9700,254.9700
1788373396,254.9650,254.9650,254.9400,254.9400
1788373397,254.9450,254.9450,254.9450,254.9450
1788373400,254.9700,254.9700,254.9500,254.9500
1788373403,254.9700,254.9900,254.9700,254.9900
1788373404,255.0000,255.0100,255.0000,255.0100
1788373405,255.0100,255.0100,255.0100,255.0100
1788373407,255.0200,255.0400,255.0200,255.0300
1788373413,255.0200,255.0200,255.0000,255.0000
1788373414,255.0200,255.0200,255.0200,255.0200
1788373415,255.0100,255.0100,255.0100,255.0100
1788373418,255.0000,255.0000,255.0000,255.0000
1788373430,254.9950,255.0000,254.9800,254.9800
1788373436,254.9600,254.9600,254.9600,254.9600
1788373447,254.9600,254.9600,254.9600,254.9600
1788373449,254.9700,254.9700,254.9700,254.9700
1788373456,254.9600,254.9600,254.9500,254.9600
1788373459,254.9400,254.9400,254.9200,254.9200
1788373463,254.9100,254.9100,254.9100,254.9100
1788373471,254.9100,254.9100,254.9100,254.9100
1788373473,254.9100,254.9100,254.9100,254.9100
1788373477,254.9000,254.9000,254.8900,254.8900
1788373479,254.8800,254.8800,254.8800,254.8800
1788373480,254.8750,254.8750,254.8750,254.8750
1788373503,254.8850,254.9100,254.8850,254.9000
1788373512,254.9000,254.9000,254.9000,254.9000
1788373513,254.9100,254.9100,254.9100,254.9100
1788373516,254.9100,254.9100,254.9100,254.9100
1788373523,254.9100,254.9100,254.9000,254.9000
1788373528,254.8850,254.8850,254.8850,254.8850
1788373549,254.8700,254.8700,254.8700,254.8700
1788373550,254.8600,254.8600,254.8600,254.8600
1788373552,254.8700,254.8700,254.8700,254.8700
1788373556,254.8800,254.8800,254.8800,254.8800
1788373562,254.8700,254.8700,254.8700,254.8700
1788373564,254.8800,254.8800,254.8800,254.8800
1788373566,254.8900,254.8900,254.8900,254.8900
1788373567,254.9000,254.9100,254.9000,254.9100
1788373570,254.9200,254.9200,254.9200,254.9200
1788373575,254.9200,254.9200,254.9200,254.9200
1788373578,254.9200,254.9200,254.9200,254.9200
1788373579,254.9100,254.9100,254.9100,254.9100
1788373592,254.9200,254.9300,254.9200,254.9200
1788373597,254.9000,254.9000,254.9000,254.9000
1788373600,254.8900,254.8900,254.8800,254.8800
1788373601,254.8700,254.8700,254.8700,254.8700
1788373607,254.8600,254.8600,254.8600,254.8600
1788373612,254.8600,254.8700,254.8600,254.8700
1788373619,254.8700,254.8700,254.8700,254.8700
1788373620,254.8700,254.8700,254.8700,254.8700
1788373621,254.8700,254.8800,254.8700,254.8800
1788373622,254.8700,254.8700,254.8700,254.8700
1788373624,254.8700,254.8700,254.8700,254.8700
1788373625,254.8600,254.8600,254.8600,254.8600
1788373627,254.8500,254.8500,254.8500,254.8500
1788373629,254.8500,254.8500,254.8500,254.8500
1788373633,254.8400,254.8400,254.8150,254.8300
1788373642,254.8200,254.8300,254.8200,254.8300
1788373647,254.8300,254.8300,254.8300,254.8300
1788373651,254.8200,254.8200,254.8200,254.8200
1788373652,254.8100,254.8100,254.8100,254.8100
1788373653,254.8000,254.8000,254.7900,254.7900
1788373654,254.7700,254.7700,254.7700,254.7700
1788373655,254.7600,254.7600,254.7600,254.7600
1788373659,254.7650,254.7650,254.7650,254.7650
1788373662,254.7600,254.7600,254.7500,254.7500
1788373673,254.7400,254.7400,254.7300,254.7300
1788373679,254.7300,254.7500,254.7300,254.7400
1788373683,254.7200,254.7200,254.7150,254.7200
1788373688,254.7400,254.7500,254.7400,254.7400
1788373689,254.7200,254.7200,254.7100,254.7100
1788373695,254.7000,254.7000,254.6900,254.6900
1788373700,254.6900,254.6900,254.6900,254.6900
1788373706,254.6900,254.6900,254.6900,254.6900
1788373708,254.6900,254.6900,254.6900,254.6900
1788373712,254.6900,254.6900,254.6900,254.6900
1788373713,254.7000,254.7000,254.7000,254.7000
1788373714,254.7000,254.7000,254.7000,254.7000
1788373716,254.7000,254.7300,254.7000,254.7300
1788373722,254.7400,254.7900,254.7400,254.7900
1788373723,254.7900,254.7900,254.7700,254.7700
1788373725,254.7700,254.7700,254.7700,254.7700
1788373727,254.7800,254.7800,254.7800,254.7800
1788373731,254.7600,254.7600,254.7200,254.7200
1788373736,254.7000,254.7000,254.6700,254.6700
1788373740,254.6800,254.6900,254.6800,254.6900
1788373762,254.6800,254.6800,254.6800,254.6800
1788373767,254.6700,254.6700,254.6600,254.6600
1788373776,254.6500,254.6500,254.6500,254.6500
1788373778,254.6700,254.6700,254.6700,254.6700
1788373781,254.6800,254.6800,254.6800,254.6800
1788373785,254.6700,254.6700,254.6700,254.6700
1788373787,254.6700,254.6700,254.6700,254.6700
1788373790,254.6650,254.6650,254.6650,254.6650
1788373793,254.6800,254.7100,254.6800,254.7100
1788373797,254.7400,254.7900,254.7400,254.7850
1788373801,254.7850,254.8000,254.7800,254.8000
1788373807,254.8000,254.8000,254.8000,254.8000
1788373809,254.8500,254.8500,254.8500,254.8500
1788373810,254.8350,254.8350,254.8200,254.8200
1788373811,254.8300,254.8300,254.8300,254.8300
1788373812,254.8100,254.8100,254.7800,254.7800
1788373823,254.8100,254.8100,254.8100,254.8100
1788373830,254.8150,254.8150,254.8150,254.8150
1788373836,254.8200,254.8200,254.8200,254.8200
1788373837,254.8200,254.8200,254.8200,254.8200
1788373838,254.8150,254.8150,254.8150,254.8150
1788373840,254.8100,254.8100,254.7800,254.7800
1788373841,254.7650,254.7650,254.7500,254.7500
1788373847,254.7600,254.7800,254.7600,254.7800
1788373853,254.7700,254.7700,254.7500,254.7600
1788373854,254.7500,254.7500,254.7300,254.7300
1788373855,254.7500,254.7500,254.7500,254.7500
1788373858,254.7550,254.7550,254.7550,254.7550
1788373862,254.7550,254.7550,254.7550,254.7550
1788373865,254.7400,254.7400,254.7400,254.7400
1788373867,254.7400,254.7400,254.7400,254.7400
1788373868,254.7400,254.7400,254.7400,254.7400
1788373869,254.7600,254.7600,254.7600,254.7600
1788373871,254.7600,254.7600,254.7600,254.7600
1788373872,254.7700,254.7700,254.7700,254.7700
1788373873,254.7800,254.7800,254.7800,254.7800
1788373879,254.7900,254.7900,254.7900,254.7900
1788373883,254.8100,254.8100,254.7900,254.7900
1788373887,254.8000,254.8100,254.7900,254.8100
1788373888,254.8300,254.8300,254.8300,254.8300
1788373889,254.8400,254.8400,254.8400,254.8400
1788373892,254.8400,254.8500,254.8400,254.8500
1788373895,254.8500,254.8500,254.8500,254.8500
1788373896,254.8400,254.8400,254.8300,254.8300
1788373897,254.8200,254.8200,254.8200,254.8200
1788373900,254.8100,254.8100,254.7900,254.7900
1788373901,254.8000,254.8100,254.7800,254.7800
1788373909,254.7900,254.7900,254.7900,254.7900
1788373910,254.8000,254.8300,254.8000,254.8300
1788373919,254.8600,254.8600,254.8600,254.8600
1788373921,254.8600,254.8600,254.8500,254.8500
1788373924,254.8600,254.8600,254.8600,254.8600
1788373925,254.8600,254.8600,254.8500,254.8500
1788373934,254.8600,254.8600,254.8600,254.8600
1788373935,254.8600,254.8600,254.8400,254.8400
1788373936,254.8500,254.8500,254.8500,254.8500
1788373940,254.8500,254.8500,254.8300,254.8300
1788373942,254.8150,254.8150,254.8150,254.8150
1788373945,254.8150,254.8150,254.8150,254.8150
1788373948,254.8000,254.8000,254.7900,254.7900
1788373951,254.7900,254.7900,254.7900,254.7900
1788373953,254.7800,254.7800,254.7700,254.7700
1788373954,254.7600,254.7600,254.7600,254.7600
1788373956,254.7600,254.7600,254.7500,254.7500
1788373959,254.7550,254.7550,254.7550,254.7550
1788373963,254.7500,254.7500,254.7400,254.7400
1788373966,254.7450,254.7450,254.7450,254.7450
1788373967,254.7450,254.7500,254.7450,254.7500
1788373972,254.7200,254.7200,254.7000,254.7000
1788373974,254.6900,254.6900,254.6800,254.6800
1788373976,254.6700,254.6700,254.6700,254.6700
1788373982,254.6800,254.6800,254.6800,254.6800
1788373985,254.7000,254.7150,254.7000,254.7000
1788373987,254.7000,254.7000,254.6900,254.6900
1788373990,254.6900,254.6900,254.6900,254.6900
1788373995,254.6700,254.6700,254.6500,254.6500
1788373998,254.6700,254.6700,254.6650,254.6650
1788374000,254.6650,254.6650,254.6650,254.6650
1788374004,254.6550,254.6550,254.6550,254.6550
1788374008,254.6500,254.6500,254.6400,254.6400
1788374017,254.6700,254.6700,254.6700,254.6700
1788374018,254.6700,254.6700,254.6700,254.6700
1788374021,254.6550,254.6550,254.6550,254.6550
1788374029,254.6700,254.6700,254.6700,254.6700
1788374030,254.6800,254.6900,254.6800,254.6900
1788374031,254.6900,254.7000,254.6800,254.6800
1788374035,254.6600,254.6600,254.6400,254.6400
1788374038,254.6400,254.6400,254.6400,254.6400
1788374043,254.6300,254.6300,254.5800,254.5800
1788374045,254.5600,254.5800,254.5600,254.5800
1788374049,254.5900,254.5900,254.5900,254.5900
1788374054,254.5900,254.5900,254.5900,254.5900
1788374058,254.5900,254.6000,254.5900,254.6000
1788374063,254.6000,254.6100,254.6000,254.6100
1788374064,254.6300,254.6300,254.6200,254.6200
1788374068,254.6100,254.6100,254.6100,254.6100
1788374070,254.6000,254.6200,254.5900,254.6200
1788374079,254.6000,254.6000,254.6000,254.6000
1788374083,254.6000,254.6000,254.6000,254.6000
1788374087,254.6000,254.6000,254.6000,254.6000
1788374092,254.6100,254.6200,254.6100,254.6200
1788374093,254.6200,254.6200,254.6200,254.6200
1788374096,254.6100,254.6100,254.5900,254.5900
1788374108,254.6200,254.6200,254.6200,254.6200
1788374114,254.6200,254.6200,254.6200,254.6200
1788374115,254.6200,254.6200,254.6200,254.6200
1788374118,254.6300,254.6300,254.6300,254.6300
1788374122,254.6400,254.6500,254.6100,254.6100
1788374127,254.6000,254.6100,254.6000,254.6100
1788374131,254.6100,254.6100,254.5900,254.5900
1788374135,254.5900,254.5900,254.5900,254.5900
1788374139,254.6000,254.6000,254.6000,254.6000
1788374140,254.5700,254.5700,254.5700,254.5700
1788374146,254.6000,254.6000,254.6000,254.6000
1788374147,254.6100,254.6100,254.6100,254.6100
1788374148,254.6100,254.6100,254.6100,254.6100
1788374152,254.6100,254.6100,254.6100,254.6100
1788374153,254.6000,254.6000,254.6000,254.6000
1788374158,254.5900,254.5900,254.5800,254.5800
1788374163,254.5900,254.5900,254.5900,254.5900
1788374165,254.5900,254.5900,254.5900,254.5900
1788374168,254.5600,254.5600,254.5400,254.5400
1788374172,254.5300,254.5300,254.5300,254.5300
1788374175,254.5400,254.5400,254.5300,254.5300
1788374176,254.5400,254.5400,254.5300,254.5300
1788374178,254.5500,254.5500,254.5500,254.5500
1788374188,254.5500,254.5500,254.5400,254.5400
1788374191,254.5200,254.5200,254.5000,254.5000
1788374192,254.4900,254.5000,254.4900,254.5000
1788374194,254.5050,254.5050,254.5050,254.5050
1788374195,254.4900,254.4900,254.4900,254.4900
1788374197,254.5000,254.5000,254.5000,254.5000
1788374200,254.4900,254.5100,254.4800,254.5000
1788374206,254.5050,254.5050,254.5000,254.5000
1788374208,254.4900,254.4950,254.4900,254.4950
1788374209,254.4800,254.4800,254.4700,254.4800
1788374210,254.4800,254.4800,254.4500,254.4500
1788374212,254.4500,254.4500,254.4500,254.4500
1788374213,254.4600,254.4600,254.4600,254.4600
1788374214,254.4600,254.4600,254.4500,254.4500
1788374219,254.4600,254.4700,254.4600,254.4700
1788374220,254.4800,254.4800,254.4800,254.4800
1788374225,254.4900,254.4900,254.4900,254.4900
1788374228,254.5000,254.5000,254.5000,254.5000
1788374230,254.5000,254.5000,254.5000,254.5000
1788374231,254.5000,254.5000,254.5000,254.5000
1788374237,254.5000,254.5000,254.4900,254.4900
1788374239,254.4800,254.4800,254.4700,254.4700
1788374244,254.4800,254.4800,254.4800,254.4800
1788374255,254.4800,254.4800,254.4800,254.4800
1788374257,254.4850,254.4850,254.4850,254.4850
1788374258,254.4800,254.4900,254.4800,254.4900
1788374261,254.5000,254.5000,254.5000,254.5000
1788374262,254.4900,254.4900,254.4900,254.4900
1788374263,254.4700,254.4700,254.4700,254.4700
1788374265,254.4400,254.4400,254.4100,254.4100
1788374269,254.4500,254.4600,254.4500,254.4600
1788374272,254.4400,254.4400,254.4400,254.4400
1788374273,254.4300,254.4300,254.4300,254.4300
1788374280,254.4500,254.4500,254.4500,254.4500
1788374283,254.4500,254.4500,254.4400,254.4400
1788374284,254.4700,254.4700,254.4700,254.4700
1788374288,254.4500,254.4500,254.4500,254.4500
1788374289,254.4700,254.4700,254.4600,254.4600
1788374293,254.4500,254.4600,254.4500,254.4600
1788374294,254.4600,254.4600,254.4600,254.4600
1788374297,254.4800,254.5800,254.4800,254.5800
1788374301,254.5900,254.5900,254.5900,254.5900
1788374303,254.6000,254.6000,254.5900,254.5900
1788374304,254.5900,254.5900,254.5900,254.5900
1788374306,254.5800,254.5800,254.5700,254.5700
1788374317,254.5900,254.5900,254.5900,254.5900
1788374318,254.6000,254.6100,254.5900,254.5900
1788374319,254.6200,254.6200,254.6200,254.6200
1788374320,254.6150,254.6150,254.6100,254.6100
1788374321,254.6150,254.6150,254.6150,254.6150
1788374324,254.6000,254.6000,254.5700,254.5800
1788374330,254.5950,254.6000,254.5800,254.5800
1788374331,254.5950,254.5950,254.5950,254.5950
1788374332,254.5900,254.5900,254.5900,254.5900
1788374346,254.6100,254.6100,254.6100,254.6100
1788374351,254.6100,254.6200,254.6100,254.6200
1788374359,254.6200,254.6200,254.6200,254.6200
1788374360,254.6300,254.6400,254.6300,254.6400
1788374362,254.6450,254.6450,254.6450,254.6450
1788374366,254.6500,254.6500,254.6500,254.6500
1788374367,254.6600,254.6600,254.6600,254.6600
1788374374,254.6800,254.7000,254.6800,254.7000
1788374377,254.7200,254.7200,254.6700,254.6700
1788374381,254.6600,254.6600,254.6600,254.6600
1788374383,254.6600,254.6600,254.6600,254.6600
1788374384,254.6700,254.6700,254.6600,254.6600
1788374385,254.7100,254.7600,254.7100,254.7600
1788374386,254.7900,254.7900,254.7750,254.7750
1788374387,254.7900,254.7900,254.7700,254.7700
1788374396,254.7700,254.7900,254.7700,254.7900
1788374397,254.7500,254.7600,254.7400,254.7500
1788374399,254.7600,254.7600,254.7600,254.7600
1788374400,254.7700,254.7700,254.7700,254.7700
1788374401,254.7700,254.7700,254.7700,254.7700
1788374402,254.7900,254.7900,254.7900,254.7900
1788374403,254.7800,254.7800,254.7800,254.7800
1788374405,254.7850,254.7850,254.7850,254.7850
1788374414,254.7850,254.7850,254.7850,254.7850
1788374417,254.8000,254.8000,254.8000,254.8000
1788374419,254.8000,254.8000,254.7800,254.7800
1788374420,254.8000,254.8200,254.7850,254.8200
1788374424,254.8400,254.8400,254.8400,254.8400
1788374426,254.8800,254.8800,254.8800,254.8800
1788374427,254.8700,254.8700,254.8700,254.8700
1788374430,254.8600,254.8600,254.8600,254.8600
1788374437,254.8700,254.8800,254.8700,254.8800
1788374438,254.8900,254.8900,254.8900,254.8900
1788374441,254.9050,254.9050,254.9050,254.9050
1788374444,254.9000,254.9000,254.8850,254.8850
1788374445,254.8800,254.8800,254.8400,254.8400
1788374448,254.8500,254.8500,254.8500,254.8500
1788374454,254.8300,254.8300,254.8200,254.8200
1788374457,254.8300,254.8700,254.8300,254.8700
1788374460,254.8600,254.8600,254.8600,254.8600
1788374461,254.8500,254.8500,254.8400,254.8400
1788374462,254.8200,254.8200,254.8100,254.8100
1788374463,254.8200,254.8300,254.8200,254.8300
1788374464,254.8600,254.8600,254.8600,254.8600
1788374465,254.8800,254.8800,254.8800,254.8800
1788374475,254.8800,254.8800,254.8600,254.8600
1788374476,254.8500,254.8500,254.8500,254.8500
1788374480,254.8600,254.8600,254.8600,254.8600
1788374488,254.8600,254.8600,254.8500,254.8500
1788374494,254.8700,254.8700,254.8700,254.8700
1788374503,254.8700,254.8700,254.8700,254.8700
1788374504,254.8700,254.8700,254.8700,254.8700
1788374506,254.8700,254.8700,254.8500,254.8500
1788374511,254.8500,254.8600,254.8500,254.8600
1788374514,254.8700,254.8700,254.8700,254.8700
1788374515,254.8800,254.8800,254.8800,254.8800
1788374516,254.8850,254.8850,254.8850,254.8850
1788374518,254.8850,254.8850,254.8850,254.8850
1788374519,254.8700,254.8700,254.8700,254.8700
1788374523,254.8700,254.8700,254.8700,254.8700
1788374525,254.8800,254.8800,254.8800,254.8800
1788374528,254.8900,254.9200,254.8900,254.9200
1788374530,254.9200,254.9200,254.9200,254.9200
1788374531,254.9300,254.9300,254.9300,254.9300
1788374533,254.9300,254.9300,254.9300,254.9300
1788374536,254.9300,254.9300,254.9300,254.9300
1788374541,254.9400,254.9400,254.9200,254.9200
1788374542,254.9300,254.9300,254.9300,254.9300
1788374544,254.9400,254.9400,254.9400,254.9400
1788374545,254.9500,254.9900,254.9500,254.9900
1788374546,254.9900,255.0000,254.9900,255.0000
1788374550,254.9900,254.9900,254.9900,254.9900
1788374551,254.9800,254.9800,254.9700,254.9700
1788374553,254.9800,254.9800,254.9800,254.9800
1788374556,254.9700,254.9700,254.9600,254.9600
1788374557,254.9200,254.9200,254.9200,254.9200
1788374560,254.9000,254.9000,254.9000,254.9000
1788374561,254.9100,254.9100,254.9100,254.9100
1788374564,254.9150,254.9150,254.9150,254.9150
1788374569,254.9100,254.9100,254.9100,254.9100
1788374570,254.9200,254.9200,254.9200,254.9200
1788374572,254.9300,254.9300,254.9300,254.9300
1788374573,254.9400,254.9400,254.9400,254.9400
1788374576,254.9200,254.9200,254.9200,254.9200
1788374579,254.9500,254.9500,254.9500,254.9500
1788374590,254.9700,254.9700,254.9700,254.9700
1788374597,254.9700,254.9700,254.9700,254.9700
1788374599,254.9600,254.9600,254.9200,254.9200
1788374608,254.9300,254.9300,254.9300,254.9300
1788374614,254.9300,254.9300,254.9300,254.9300
1788374619,254.9350,254.9350,254.9200,254.9200
1788374620,254.9100,254.9100,254.9000,254.9000
1788374622,254.9000,254.9000,254.9000,254.9000
1788374623,254.8900,254.8900,254.8700,254.8700
1788374624,254.8600,254.8600,254.8100,254.8100
1788374628,254.8300,254.8300,254.8300,254.8300
1788374629,254.8300,254.8300,254.8300,254.8300
1788374630,254.8400,254.8400,254.8400,254.8400
1788374631,254.8500,254.8650,254.8500,254.8650
1788374634,254.8700,254.8700,254.8700,254.8700
1788374637,254.8750,254.8750,254.8750,254.8750
1788374640,254.8900,254.9000,254.8900,254.9000
1788374643,254.9100,254.9100,254.9100,254.9100
1788374644,254.9100,254.9100,254.9100,254.9100
1788374646,254.9000,254.9000,254.9000,254.9000
1788374651,254.9100,254.9100,254.9100,254.9100
1788374652,254.9300,254.9700,254.9300,254.9700
1788374653,254.9700,254.9700,254.9700,254.9700
1788374654,254.9500,254.9600,254.9500,254.9600
1788374655,254.9500,254.9500,254.9500,254.9500
1788374657,254.9300,254.9300,254.9100,254.9100
1788374663,254.9100,254.9100,254.9100,254.9100
1788374665,254.9300,254.9300,254.9300,254.9300
1788374671,254.9300,254.9300,254.9300,254.9300
1788374676,254.9100,254.9100,254.9000,254.9000
1788374677,254.8800,254.8800,254.8600,254.8600
1788374684,254.8900,254.8900,254.8700,254.8700
1788374690,254.9000,254.9100,254.9000,254.9100
1788374697,254.9100,254.9100,254.9100,254.9100
1788374699,254.9200,254.9200,254.9200,254.9200
1788374701,254.9500,254.9700,254.9500,254.9700
1788374702,254.9700,254.9800,254.9700,254.9800
1788374704,254.9600,254.9650,254.9500,254.9650
1788374707,254.9800,254.9800,254.9800,254.9800
1788374708,254.9700,254.9700,254.9700,254.9700
1788374710,254.9600,254.9600,254.9600,254.9600
1788374728,254.9800,254.9800,254.9800,254.9800
1788374730,254.9800,254.9800,254.9800,254.9800
1788374733,254.9600,254.9600,254.9600,254.9600
1788374736,254.9800,254.9800,254.9800,254.9800
1788374738,254.9600,254.9600,254.8900,254.9200
1788374746,254.9000,254.9000,254.9000,254.9000
1788374747,254.9100,254.9100,254.9100,254.9100
1788374755,254.9100,254.9100,254.9100,254.9100
1788374756,254.9000,254.9000,254.8900,254.8900
1788374757,254.8800,254.8800,254.8800,254.8800
1788374758,254.8900,254.8900,254.8900,254.8900
1788374764,254.8950,254.8950,254.8950,254.8950
1788374766,254.8900,254.8900,254.8700,254.8700
1788374769,254.8600,254.8600,254.8500,254.8500
1788374772,254.8300,254.8300,254.8300,254.8300
1788374777,254.8400,254.8400,254.8400,254.8400
1788374779,254.8400,254.8400,254.8350,254.8350
1788374780,254.8350,254.8350,254.7600,254.7900
1788374790,254.7800,254.7800,254.7400,254.7400
1788374791,254.7500,254.7500,254.7400,254.7400
1788374792,254.7450,254.7450,254.7300,254.7450
1788374793,254.7300,254.7300,254.7000,254.7200
1788374801,254.7300,254.7300,254.7300,254.7300
1788374803,254.7600,254.7700,254.7600,254.7700
1788374804,254.7700,254.7700,254.7700,254.7700
1788374805,254.7700,254.7700,254.7700,254.7700
1788374808,254.7700,254.7800,254.7600,254.7700
1788374809,254.7600,254.7600,254.7600,254.7600
1788374811,254.7600,254.7600,254.7600,254.7600
1788374812,254.7650,254.7650,254.7650,254.7650
1788374813,254.7700,254.7700,254.7700,254.7700
1788374816,254.7700,254.7700,254.7700,254.7700
1788374820,254.7700,254.7700,254.7700,254.7700
1788374824,254.7800,254.7800,254.7800,254.7800
1788374826,254.7800,254.7800,254.7800,254.7800
1788374827,254.7900,254.7900,254.7900,254.7900
1788374828,254.8000,254.8000,254.8000,254.8000
1788374829,254.8100,254.8100,254.8100,254.8100
1788374830,254.7900,254.7900,254.7900,254.7900
1788374831,254.7900,254.7900,254.7600,254.7600
1788374834,254.7700,254.7700,254.7700,254.7700
1788374835,254.7800,254.7800,254.7800,254.7800
1788374839,254.8000,254.8100,254.8000,254.8100
1788374850,254.8400,254.8400,254.8100,254.8100
1788374859,254.8300,254.8300,254.8300,254.8300
1788374863,254.8100,254.8100,254.8100,254.8100
1788374864,254.8200,254.8200,254.8200,254.8200
1788374865,254.8200,254.8200,254.8200,254.8200
1788374867,254.8000,254.8000,254.7900,254.7900
1788374870,254.7800,254.7800,254.7800,254.7800
1788374872,254.7900,254.7950,254.7900,254.7950
1788374875,254.7800,254.7800,254.7000,254.7000
1788374876,254.7150,254.7200,254.6900,254.7000
1788374877,254.7000,254.7000,254.7000,254.7000
1788374878,254.6950,254.6950,254.6950,254.6950
1788374879,254.6950,254.6950,254.6950,254.6950
1788374881,254.7200,254.7200,254.7200,254.7200
1788374884,254.7100,254.7100,254.7100,254.7100
1788374886,254.7200,254.7300,254.6900,254.6900
1788374887,254.7050,254.7050,254.7050,254.7050
1788374888,254.7150,254.7150,254.7150,254.7150
1788374889,254.7150,254.7150,254.6300,254.6500
1788374891,254.6700,254.6700,254.6700,254.6700
1788374892,254.6900,254.6900,254.6900,254.6900
1788374893,254.7100,254.7400,254.7100,254.7400
1788374895,254.7400,254.8600,254.7400,254.8600
1788374896,254.8700,254.8700,254.8700,254.8700
1788374905,254.8900,254.9000,254.8900,254.9000
1788374907,254.9000,254.9300,254.9000,254.9200
1788374908,254.8950,254.8950,254.8950,254.8950
1788374910,254.8700,254.8700,254.8700,254.8700
1788374912,254.8600,254.8600,254.8500,254.8500
1788374915,254.8600,254.8700,254.8600,254.8700
1788374920,254.8500,254.8500,254.8300,254.8300
1788374931,254.8700,254.8700,254.8700,254.8700
1788374936,254.8800,254.8800,254.8800,254.8800
1788374938,254.8900,254.9000,254.8700,254.8700
1788374940,254.8500,254.8500,254.8400,254.8400
1788374947,254.8600,254.8700,254.8600,254.8700
1788374953,254.8850,254.9000,254.8850,254.9000
1788374954,254.8800,254.8800,254.8700,254.8700
1788374958,254.8800,254.8800,254.8800,254.8800
1788374962,254.8950,254.8950,254.8950,254.8950
1788374967,254.8850,254.9600,254.8850,254.9600
1788374968,254.9600,254.9600,254.9600,254.9600
1788374970,254.9700,254.9700,254.9700,254.9700
1788374971,254.9650,254.9650,254.9650,254.9650
1788374972,254.9650,255.0050,254.9650,255.0050
1788374976,255.0200,255.0300,255.0200,255.0300
1788374979,255.0050,255.0050,255.0050,255.0050
1788374988,255.0000,255.0100,255.0000,255.0100
1788374989,255.0200,255.0200,255.0200,255.0200
1788374991,255.0400,255.0500,255.0400,255.0500
1788374994,255.0600,255.0600,255.0600,255.0600
1788374996,255.0700,255.0700,255.0700,255.0700
1788375000,255.0800,255.0900,255.0700,255.0900
1788375002,255.1000,255.1000,255.1000,255.1000
1788375005,255.1200,255.1200,255.1200,255.1200
1788375008,255.1300,255.1300,255.1300,255.1300
1788375012,255.1200,255.1200,255.1200,255.1200
1788375017,255.1500,255.1500,255.1400,255.1400
1788375022,255.1500,255.1500,255.1400,255.1400
1788375025,255.1500,255.1500,255.1500,255.1500
1788375028,255.1500,255.1500,255.1500,255.1500
1788375029,255.1500,255.1500,255.1500,255.1500
1788375034,255.1600,255.1600,255.1600,255.1600
1788375035,255.1600,255.1600,255.1600,255.1600
1788375036,255.1700,255.1700,255.1700,255.1700
1788375038,255.1700,255.1700,255.1700,255.1700
1788375039,255.1800,255.1800,255.1700,255.1700
1788375041,255.1950,255.1950,255.1950,255.1950
1788375042,255.2000,255.2200,255.2000,255.2200
1788375049,255.2100,255.2100,255.2100,255.2100
1788375054,255.2200,255.2300,255.2200,255.2300
1788375057,255.2500,255.2600,255.2500,255.2600
1788375060,255.2700,255.2700,255.2700,255.2700
1788375062,255.2750,255.2750,255.2600,255.2600
1788375065,255.2600,255.2600,255.2400,255.2400
1788375069,255.2500,255.2500,255.2500,255.2500
1788375070,255.2500,255.2500,255.2500,255.2500
1788375072,255.2500,255.2500,255.2500,255.2500
1788375075,255.2450,255.2450,255.2450,255.2450
1788375079,255.2600,255.2700,255.2600,255.2700
1788375080,255.2700,255.2800,255.2600,255.2800
1788375083,255.2800,255.2800,255.2800,255.2800
1788375086,255.2900,255.3100,255.2900,255.2950
1788375088,255.3000,255.3000,255.2900,255.2900
1788375093,255.2800,255.2800,255.2600,255.2600
1788375095,255.2650,255.2650,255.2650,255.2650
1788375104,255.2800,255.2800,255.2800,255.2800
1788375110,255.2900,255.2900,255.2800,255.2800
1788375111,255.3000,255.3000,255.2900,255.2900
1788375112,255.2900,255.2900,255.2700,255.2700
1788375114,255.3000,255.3000,255.3000,255.3000
1788375115,255.2700,255.2700,255.2700,255.2700
1788375117,255.3000,255.3000,255.3000,255.3000
1788375123,255.3100,255.3100,255.3100,255.3100
1788375125,255.2900,255.2900,255.2600,255.2700
1788375127,255.2950,255.2950,255.2950,255.2950
1788375131,255.2700,255.2700,255.2700,255.2700
1788375134,255.2550,255.2800,255.2550,255.2600
1788375135,255.2500,255.2500,255.1800,255.1900
1788375140,255.1800,255.1800,255.1800,255.1800
1788375144,255.1700,255.1700,255.1600,255.1600
1788375145,255.1600,255.1600,255.1500,255.1500
1788375147,255.1400,255.1400,255.1400,255.1400
1788375150,255.1300,255.1300,255.1200,255.1200
1788375168,255.1600,255.1600,255.1600,255.1600
1788375169,255.1600,255.1600,255.1600,255.1600
1788375175,255.1700,255.1800,255.1700,255.1800
1788375176,255.1650,255.1650,255.1650,255.1650
1788375179,255.1500,255.1500,255.1400,255.1400
1788375187,255.1550,255.1550,255.1400,255.1400
1788375195,255.1800,255.1800,255.1800,255.1800
1788375196,255.1800,255.1800,255.1800,255.1800
1788375197,255.1900,255.2000,255.1900,255.2000
1788375200,255.2050,255.2050,255.2050,255.2050
1788375201,255.2100,255.2100,255.2100,255.2100
1788375203,255.2000,255.2000,255.1700,255.1700
1788375204,255.1600,255.1600,255.1600,255.1600
1788375206,255.1400,255.1400,255.1400,255.1400
1788375211,255.1800,255.1800,255.1800,255.1800
1788375214,255.1800,255.1800,255.1800,255.1800
1788375219,255.2300,255.2300,255.2300,255.2300
1788375220,255.2300,255.2500,255.2300,255.2500
1788375223,255.2500,255.2550,255.2400,255.2400
1788375228,255.2400,255.2400,255.2400,255.2400
1788375230,255.2500,255.2500,255.2500,255.2500
1788375231,255.2700,255.2700,255.2500,255.2500
1788375232,255.2400,255.2400,255.2400,255.2400
1788375233,255.2600,255.2600,255.2600,255.2600
1788375237,255.2500,255.2500,255.2500,255.2500
1788375246,255.2500,255.2500,255.2400,255.2400
1788375260,255.2500,255.2500,255.2500,255.2500
1788375262,255.2200,255.2200,255.2100,255.2100
1788375271,255.2200,255.2200,255.2200,255.2200
1788375275,255.2300,255.2300,255.2300,255.2300
1788375276,255.2400,255.2400,255.2400,255.2400
1788375278,255.2200,255.2200,255.2100,255.2100
1788375279,255.2100,255.2100,255.1800,255.1800
1788375284,255.1900,255.1900,255.1900,255.1900
1788375285,255.1900,255.1900,255.1900,255.1900
1788375289,255.2000,255.2200,255.2000,255.2000
1788375297,255.1800,255.1800,255.1700,255.1700
1788375298,255.1800,255.1800,255.1800,255.1800
1788375299,255.1700,255.1700,255.1600,255.1600
1788375302,255.1900,255.2100,255.1900,255.2100
1788375305,255.2000,255.2000,255.2000,255.2000
1788375308,255.2000,255.2000,255.2000,255.2000
1788375310,255.1900,255.1900,255.1900,255.1900
1788375313,255.1800,255.1800,255.1800,255.1800
1788375318,255.1600,255.1600,255.1600,255.1600
1788375319,255.1500,255.1500,255.1300,255.1300
1788375321,255.1400,255.1400,255.1400,255.1400
1788375324,255.1500,255.1500,255.1500,255.1500
1788375326,255.1600,255.1600,255.1600,255.1600
1788375329,255.1900,255.1900,255.1900,255.1900
1788375333,255.1800,255.1800,255.1800,255.1800
1788375334,255.1600,255.1600,255.1600,255.1600
1788375335,255.1600,255.1600,255.1600,255.1600
1788375336,255.1500,255.1500,255.1400,255.1400
1788375342,255.1700,255.1700,255.1700,255.1700
1788375343,255.1800,255.1800,255.1800,255.1800
1788375344,255.1700,255.1700,255.1700,255.1700
1788375345,255.1700,255.1700,255.1700,255.1700
1788375346,255.1900,255.1900,255.1800,255.1800
1788375347,255.1700,255.1700,255.1700,255.1700
1788375350,255.2000,255.2000,255.2000,255.2000
1788375351,255.2100,255.2100,255.2100,255.2100
1788375353,255.2200,255.2200,255.2200,255.2200
1788375355,255.2200,255.2300,255.2200,255.2300
1788375358,255.2300,255.2300,255.2200,255.2200
1788375360,255.2200,255.2200,255.2200,255.2200
1788375365,255.2300,255.2300,255.2300,255.2300
1788375366,255.2300,255.2300,255.2300,255.2300
1788375368,255.2200,255.2200,255.1900,255.1900
1788375374,255.2000,255.2300,255.2000,255.2300
1788375377,255.2200,255.2300,255.2200,255.2300
1788375389,255.2300,255.2300,255.2100,255.2100
1788375392,255.2200,255.2200,255.2200,255.2200
1788375401,255.2000,255.2200,255.2000,255.2200
1788375402,255.2300,255.2300,255.2300,255.2300
1788375405,255.2400,255.2400,255.2400,255.2400
1788375411,255.2200,255.2200,255.2100,255.2200
1788375412,255.2300,255.2300,255.2300,255.2300
1788375414,255.2250,255.2250,255.2250,255.2250
1788375419,255.2500,255.2500,255.2500,255.2500
1788375420,255.2500,255.2500,255.2500,255.2500
1788375421,255.2500,255.2600,255.2500,255.2600
1788375425,255.2700,255.2700,255.2500,255.2500
1788375426,255.2500,255.2500,255.2500,255.2500
1788375432,255.2300,255.2400,255.2100,255.2400
1788375434,255.2500,255.2500,255.2500,255.2500
1788375437,255.2350,255.2350,255.2000,255.2000
1788375443,255.2100,255.2100,255.2100,255.2100
1788375445,255.2200,255.2200,255.2200,255.2200
1788375456,255.2000,255.2000,255.1700,255.1700
1788375459,255.1500,255.1500,255.1400,255.1400
1788375461,255.1300,255.1300,255.1300,255.1300
1788375464,255.1350,255.1350,255.1350,255.1350
1788375466,255.1200,255.1200,255.1200,255.1200
1788375468,255.1100,255.1100,255.1050,255.1050
1788375469,255.1000,255.1000,255.0950,255.0950
1788375472,255.0950,255.0950,255.0950,255.0950
1788375479,255.0800,255.0800,255.0700,255.0700
1788375482,255.0500,255.0500,255.0400,255.0400
1788375483,255.0300,255.0300,255.0300,255.0300
1788375485,255.0350,255.0350,255.0350,255.0350
1788375486,255.0200,255.0200,255.0000,255.0050
1788375487,254.9950,254.9950,254.9950,254.9950
1788375488,255.0000,255.0100,255.0000,255.0000
1788375492,255.0200,255.0200,255.0200,255.0200
1788375494,255.0350,255.0350,255.0350,255.0350
1788375496,255.0200,255.0200,255.0100,255.0100
1788375497,255.0000,255.0000,254.9900,254.9900
1788375502,255.0000,255.0000,255.0000,255.0000
1788375503,255.0100,255.0100,255.0100,255.0100
1788375504,255.0000,255.0100,255.0000,255.0100
1788375506,254.9900,255.0150,254.9900,255.0150
1788375511,254.9900,255.0000,254.9800,255.0000
1788375512,255.0400,255.0700,255.0400,255.0700
1788375519,255.1000,255.1000,255.1000,255.1000
1788375520,255.1000,255.1100,255.1000,255.1100
1788375521,255.1100,255.1100,255.1100,255.1100
1788375523,255.0700,255.0700,255.0700,255.0700
1788375528,255.1000,255.1000,255.1000,255.1000
1788375532,255.1200,255.1300,255.1200,255.1250
1788375534,255.1100,255.1200,255.1000,255.1200
1788375539,255.1100,255.1100,255.1100,255.1100
1788375540,255.1300,255.1400,255.1300,255.1400
1788375545,255.1300,255.1300,255.1300,255.1300
1788375553,255.1300,255.1400,255.1300,255.1400
1788375555,255.1300,255.1300,255.1200,255.1200
1788375557,255.1300,255.1300,255.1300,255.1300
1788375560,255.1300,255.1300,255.1300,255.1300
1788375565,255.1400,255.1400,255.1400,255.1400
1788375569,255.1500,255.1700,255.1500,255.1700
1788375570,255.1800,255.1800,255.1800,255.1800
1788375576,255.2000,255.2000,255.2000,255.2000
1788375578,255.2100,255.2100,255.2100,255.2100
1788375579,255.2000,255.2000,255.2000,255.2000
1788375583,255.2200,255.2250,255.2100,255.2100
1788375587,255.2100,255.2100,255.2100,255.2100
1788375590,255.2100,255.2100,255.2000,255.2000
1788375593,255.1900,255.1900,255.1800,255.1900
1788375598,255.1900,255.1900,255.1900,255.1900
1788375601,255.2100,255.2700,255.2100,255.2700
1788375602,255.2700,255.2900,255.2200,255.2200
1788375606,255.2100,255.2100,255.1900,255.1900
1788375608,255.1700,255.1700,255.1500,255.1500
1788375612,255.1500,255.1500,255.1500,255.1500
1788375613,255.1700,255.1700,255.1700,255.1700
1788375614,255.1700,255.1700,255.1700,255.1700
1788375615,255.1900,255.2000,255.1900,255.2000
1788375616,255.1700,255.1700,255.1700,255.1700
1788375617,255.1600,255.1600,255.1600,255.1600
1788375618,255.1500,255.1500,255.1500,255.1500
1788375620,255.2100,255.2100,255.2100,255.2100
1788375627,255.1700,255.1700,255.1500,255.1500
1788375631,255.1600,255.1600,255.1600,255.1600
1788375634,255.1700,255.2000,255.1650,255.2000
1788375635,255.2100,255.2100,255.1800,255.1800
1788375638,255.1900,255.1900,255.1900,255.1900
1788375639,255.1900,255.1900,255.1900,255.1900
1788375645,255.1700,255.1700,255.1700,255.1700
1788375646,255.1600,255.1600,255.1600,255.1600
1788375654,255.1700,255.1700,255.1700,255.1700
1788375660,255.1800,255.1800,255.1800,255.1800
1788375667,255.2000,255.2000,255.2000,255.2000
1788375671,255.2100,255.2100,255.2100,255.2100
1788375672,255.2000,255.2000,255.2000,255.2000
1788375673,255.1900,255.1900,255.1900,255.1900
1788375675,255.1950,255.1950,255.1950,255.1950
1788375678,255.1800,255.1800,255.1800,255.1800
1788375682,255.1850,255.1900,255.1850,255.1900
1788375684,255.1800,255.1800,255.1800,255.1800
1788375689,255.1800,255.1800,255.1600,255.1600
1788375692,255.1500,255.1500,255.1300,255.1300
1788375693,255.1400,255.1500,255.1400,255.1500
1788375694,255.1300,255.1300,255.1000,255.1000
1788375698,255.0900,255.0900,255.0900,255.0900
1788375699,255.0800,255.0800,255.0800,255.0800
1788375700,255.0800,255.0800,255.0800,255.0800
1788375701,255.0800,255.0800,255.0700,255.0700
1788375703,255.0500,255.0500,255.0500,255.0500
1788375704,255.0600,255.0600,255.0600,255.0600
1788375707,255.0400,255.0400,255.0400,255.0400
1788375711,255.0400,255.0400,255.0400,255.0400
1788375717,255.0800,255.0800,255.0800,255.0800
1788375720,255.0750,255.0750,255.0750,255.0750
1788375722,255.0900,255.1200,255.0900,255.1200
1788375728,255.1000,255.1000,255.0700,255.0700
1788375729,255.0800,255.1100,255.0800,255.1100
1788375731,255.0700,255.0700,255.0700,255.0700
1788375734,255.0700,255.0700,255.0600,255.0700
1788375737,255.0750,255.0750,255.0750,255.0750
1788375738,255.0800,255.0800,255.0800,255.0800
1788375740,255.0850,255.1100,255.0850,255.1100
1788375743,255.1000,255.1000,255.1000,255.1000
1788375746,255.0800,255.0800,255.0800,255.0800
1788375747,255.0700,255.0700,255.0700,255.0700
1788375756,255.0500,255.0500,255.0400,255.0400
1788375759,255.0300,255.0300,255.0300,255.0300
1788375760,255.0300,255.0300,255.0300,255.0300
1788375764,255.0500,255.0600,255.0500,255.0600
1788375768,255.0900,255.1000,255.0900,255.1000
1788375770,255.1100,255.1300,255.1100,255.1300
1788375771,255.1400,255.1500,255.1400,255.1500
1788375773,255.1500,255.1550,255.1500,255.1550
1788375778,255.1600,255.1600,255.1600,255.1600
1788375785,255.1600,255.1600,255.1600,255.1600
1788375786,255.1800,255.1900,255.1800,255.1900
1788375790,255.1900,255.1900,255.1900,255.1900
1788375792,255.1900,255.1900,255.1800,255.1800
1788375793,255.1700,255.1700,255.1700,255.1700
1788375794,255.1850,255.1850,255.1850,255.1850
1788375798,255.1900,255.2000,255.1900,255.1900
1788375799,255.2000,255.2000,255.2000,255.2000
1788375803,255.2000,255.2100,255.2000,255.2100
1788375806,255.2000,255.2000,255.2000,255.2000
1788375814,255.2100,255.2100,255.2100,255.2100
1788375815,255.2200,255.2300,255.2200,255.2300
1788375816,255.2300,255.2350,255.2300,255.2350
1788375822,255.2300,255.2300,255.2300,255.2300
1788375827,255.2300,255.2300,255.2300,255.2300
1788375830,255.2200,255.2200,255.2100,255.2100
1788375838,255.2100,255.2200,255.2100,255.2150
1788375840,255.2200,255.2300,255.2200,255.2300
1788375841,255.2200,255.2200,255.2200,255.2200
1788375842,255.2300,255.2300,255.2200,255.2200
1788375847,255.2000,255.2000,255.1600,255.1600
1788375848,255.1750,255.1750,255.1750,255.1750
1788375850,255.1700,255.1700,255.1700,255.1700
1788375851,255.1500,255.1500,255.1500,255.1500
1788375859,255.1600,255.1600,255.1600,255.1600
1788375860,255.1550,255.1550,255.1550,255.1550
1788375866,255.1400,255.1400,255.1200,255.1200
1788375868,255.1300,255.1300,255.1300,255.1300
1788375870,255.1400,255.1550,255.1400,255.1550
1788375875,255.1500,255.1500,255.1500,255.1500
1788375882,255.1500,255.1700,255.1500,255.1700
1788375886,255.1400,255.1400,255.1200,255.1200
1788375887,255.0900,255.0900,255.0800,255.0900
1788375895,255.0900,255.0900,255.0800,255.0900
1788375900,255.1000,255.1100,255.1000,255.1100
1788375902,255.1100,255.1100,255.1100,255.1100
1788375903,255.1300,255.1500,255.1300,255.1500
1788375906,255.1200,255.1200,255.1200,255.1200
1788375910,255.1200,255.1200,255.1100,255.1100
1788375915,255.1000,255.1000,255.1000,255.1000
1788375917,255.1100,255.1100,255.1100,255.1100
1788375919,255.1100,255.1100,255.1100,255.1100
1788375923,255.1300,255.1300,255.1300,255.1300
1788375928,255.1200,255.1200,255.1200,255.1200
1788375933,255.1400,255.1600,255.1350,255.1600
1788375937,255.1800,255.1800,255.1800,255.1800
1788375938,255.2000,255.2100,255.2000,255.2100
1788375939,255.2100,255.2100,255.2100,255.2100
1788375941,255.2100,255.2100,255.2100,255.2100
1788375951,255.2300,255.2450,255.2300,255.2450
1788375956,255.2200,255.2200,255.2000,255.2000
1788375960,255.1350,255.1350,255.1350,255.1350
1788375961,255.1600,255.1600,255.1600,255.1600
1788375962,255.1600,255.1600,255.1600,255.1600
1788375963,255.1700,255.1700,255.1700,255.1700
1788375969,255.1800,255.1800,255.1800,255.1800
1788375971,255.1750,255.1750,255.1750,255.1750
1788375973,255.2100,255.2100,255.2100,255.2100
1788375977,255.2100,255.2100,255.2100,255.2100
1788375989,255.2000,255.2000,255.2000,255.2000
1788375990,255.1900,255.1900,255.1800,255.1800
1788376002,255.1900,255.2000,255.1900,255.2000
1788376018,255.1950,255.1950,255.1950,255.1950
1788376020,255.1900,255.1900,255.1800,255.1800
1788376031,255.1700,255.1700,255.1700,255.1700
1788376033,255.1600,255.2000,255.1600,255.2000
1788376036,255.2100,255.2200,255.2100,255.2200
1788376043,255.2000,255.2000,255.1900,255.1900
1788376047,255.1700,255.1700,255.1700,255.1700
1788376051,255.1500,255.1500,255.1300,255.1300
1788376054,255.1500,255.1500,255.1500,255.1500
1788376065,255.1500,255.1700,255.1500,255.1700
1788376067,255.1700,255.1900,255.1700,255.1900
1788376070,255.2100,255.2100,255.2100,255.2100
1788376072,255.2100,255.2200,255.2100,255.2200
1788376073,255.2000,255.2000,255.1900,255.1900
1788376081,255.1700,255.1700,255.1700,255.1700
1788376092,255.1900,255.1900,255.1900,255.1900
1788376096,255.1800,255.1800,255.1800,255.1800
1788376097,255.1900,255.1900,255.1900,255.1900
1788376102,255.1700,255.1700,255.1450,255.1450
1788376107,255.1500,255.1500,255.1500,255.1500
1788376110,255.1400,255.1500,255.1400,255.1500
1788376129,255.1600,255.1600,255.1600,255.1600
1788376131,255.1650,255.1700,255.1650,255.1700
1788376133,255.1700,255.1700,255.1700,255.1700
1788376141,255.1600,255.1600,255.1600,255.1600
1788376142,255.1700,255.1700,255.1700,255.1700
1788376148,255.1800,255.1800,255.1800,255.1800
1788376151,255.1800,255.1800,255.1600,255.1600
1788376158,255.1750,255.1750,255.1750,255.1750
1788376160,255.1900,255.2000,255.1900,255.2000
1788376165,255.2000,255.2000,255.1900,255.1900
1788376167,255.1850,255.1900,255.1850,255.1900
1788376169,255.1900,255.1900,255.1900,255.1900
1788376170,255.2000,255.2000,255.2000,255.2000
1788376171,255.2100,255.2500,255.2100,255.2500
1788376176,255.2500,255.2500,255.2500,255.2500
1788376179,255.2600,255.3000,255.2600,255.3000
1788376180,255.2900,255.2900,255.2800,255.2800
1788376183,255.2900,255.2900,255.2900,255.2900
1788376185,255.3000,255.3200,255.3000,255.3000
1788376187,255.3000,255.3100,255.3000,255.3100
1788376189,255.3000,255.3000,255.3000,255.3000
1788376191,255.2900,255.2900,255.2900,255.2900
1788376198,255.3300,255.3300,255.3100,255.3200
1788376200,255.3300,255.3600,255.3300,255.3600
1788376201,255.3700,255.3700,255.3700,255.3700
1788376202,255.3700,255.3700,255.3500,255.3500
1788376203,255.3400,255.3400,255.3300,255.3300
1788376205,255.3100,255.3100,255.3100,255.3100
1788376208,255.3100,255.3100,255.3100,255.3100
1788376210,255.3000,255.3000,255.2900,255.2900
1788376211,255.3000,255.3000,255.3000,255.3000
1788376213,255.3200,255.3200,255.3200,255.3200
1788376220,255.3200,255.3200,255.3200,255.3200
1788376223,255.3300,255.3300,255.3300,255.3300
1788376225,255.3300,255.3300,255.3300,255.3300
1788376228,255.3200,255.3250,255.3000,255.3250
1788376230,255.3200,255.3200,255.3200,255.3200
1788376231,255.3200,255.3200,255.3100,255.3100
1788376233,255.3100,255.3100,255.3100,255.3100
1788376237,255.3300,255.3300,255.3300,255.3300
1788376244,255.3300,255.3300,255.3200,255.3200
1788376250,255.3500,255.3500,255.3400,255.3400
1788376262,255.3400,255.3400,255.3400,255.3400
1788376263,255.3200,255.3300,255.3200,255.3300
1788376264,255.3200,255.3200,255.3200,255.3200
1788376266,255.3000,255.3000,255.3000,255.3000
1788376284,255.2900,255.2900,255.2800,255.2800
1788376287,255.2600,255.2600,255.2500,255.2500
1788376290,255.2600,255.2600,255.2600,255.2600
1788376293,255.2800,255.2800,255.2800,255.2800
1788376295,255.2800,255.2800,255.2800,255.2800
1788376299,255.2700,255.2700,255.2700,255.2700
1788376302,255.2600,255.2600,255.2500,255.2500
1788376307,255.2300,255.2300,255.2200,255.2200
1788376308,255.2300,255.2300,255.2300,255.2300
1788376315,255.2500,255.2700,255.2500,255.2700
1788376319,255.2700,255.2700,255.2700,255.2700
1788376323,255.2600,255.2600,255.2600,255.2600
1788376324,255.2500,255.2500,255.2500,255.2500
1788376328,255.2400,255.2400,255.2200,255.2200
1788376329,255.2000,255.2000,255.2000,255.2000
1788376350,255.2050,255.2050,255.2050,255.2050
1788376368,255.2200,255.2700,255.2200,255.2600
1788376371,255.2800,255.3100,255.2800,255.3100
1788376372,255.3200,255.3200,255.3200,255.3200
1788376378,255.3400,255.3400,255.3250,255.3250
1788376382,255.3100,255.3100,255.3000,255.3000
1788376384,255.2900,255.3000,255.2900,255.3000
1788376392,255.3000,255.3000,255.3000,255.3000
1788376393,255.3100,255.3100,255.3000,255.3000
1788376401,255.2800,255.2800,255.2700,255.2700
1788376403,255.2500,255.2500,255.2500,255.2500
1788376407,255.2450,255.2450,255.2400,255.2400
1788376408,255.2500,255.2500,255.2500,255.2500
1788376412,255.2400,255.2400,255.2400,255.2400
1788376414,255.2300,255.2300,255.2300,255.2300
1788376416,255.2400,255.2500,255.2400,255.2500
1788376418,255.2300,255.2300,255.2300,255.2300
1788376431,255.2500,255.2500,255.2500,255.2500
1788376433,255.2300,255.2300,255.1800,255.1800
1788376434,255.1700,255.1700,255.1700,255.1700
1788376439,255.1700,255.1700,255.1700,255.1700
1788376440,255.1900,255.2350,255.1900,255.2350
1788376441,255.2350,255.2350,255.2350,255.2350
1788376443,255.2000,255.2000,255.2000,255.2000
1788376446,255.2200,255.2200,255.2200,255.2200
1788376448,255.2400,255.2400,255.2200,255.2200
1788376449,255.2150,255.2200,255.2150,255.2200
1788376452,255.2150,255.2300,255.2150,255.2200
1788376465,255.2300,255.2300,255.2200,255.2200
1788376469,255.2200,255.2400,255.2200,255.2400
1788376476,255.2300,255.2300,255.2300,255.2300
1788376477,255.2400,255.2400,255.2400,255.2400
1788376480,255.2300,255.2300,255.2300,255.2300
1788376483,255.2300,255.2300,255.2300,255.2300
1788376484,255.2300,255.2300,255.2300,255.2300
1788376486,255.2500,255.2500,255.2500,255.2500
1788376487,255.2500,255.2500,255.2500,255.2500
1788376491,255.2700,255.2900,255.2700,255.2700
1788376498,255.2700,255.2700,255.2600,255.2600
1788376499,255.2800,255.3000,255.2800,255.3000
1788376501,255.3100,255.3100,255.3100,255.3100
1788376506,255.3200,255.3200,255.3200,255.3200
1788376508,255.3200,255.3200,255.3100,255.3200
1788376510,255.3200,255.3400,255.3200,255.3400
1788376512,255.3100,255.3100,255.3100,255.3100
1788376513,255.3100,255.3150,255.3100,255.3150
1788376514,255.3200,255.3200,255.3200,255.3200
1788376515,255.3200,255.3300,255.3200,255.3300
1788376516,255.3200,255.3200,255.3200,255.3200
1788376517,255.3300,255.3300,255.3300,255.3300
1788376519,255.3200,255.3200,255.3200,255.3200
1788376533,255.3500,255.3500,255.3500,255.3500
1788376535,255.3600,255.3600,255.3600,255.3600
1788376536,255.3800,255.4200,255.3800,255.4000
1788376537,255.4000,255.4300,255.3900,255.4200
1788376538,255.4300,255.4300,255.4300,255.4300
1788376540,255.4500,255.5000,255.4500,255.5000
1788376542,255.4900,255.4900,255.4800,255.4800
1788376543,255.4700,255.4800,255.4700,255.4800
1788376545,255.4900,255.4900,255.4900,255.4900
1788376546,255.4900,255.4950,255.4900,255.4950
1788376547,255.4700,255.4700,255.4600,255.4600
1788376548,255.4400,255.4400,255.4400,255.4400
1788376553,255.4300,255.4300,255.4300,255.4300
1788376555,255.4050,255.4050,255.4050,255.4050
1788376557,255.4000,255.4000,255.4000,255.4000
1788376558,255.3600,255.3600,255.3500,255.3500
1788376559,255.3450,255.3450,255.3450,255.3450
1788376561,255.3600,255.3600,255.3600,255.3600
1788376563,255.3800,255.3800,255.3800,255.3800
1788376572,255.4000,255.4000,255.4000,255.4000
1788376573,255.4100,255.4100,255.4100,255.4100
1788376579,255.4500,255.4500,255.4500,255.4500
1788376580,255.4400,255.4400,255.4000,255.4000
1788376581,255.3900,255.3900,255.3700,255.3700
1788376583,255.3500,255.3500,255.3500,255.3500
1788376589,255.3500,255.3500,255.3500,255.3500
1788376593,255.3500,255.3500,255.3500,255.3500
1788376594,255.3550,255.3550,255.3300,255.3300
1788376600,255.3300,255.3300,255.3300,255.3300
1788376605,255.3400,255.3400,255.3400,255.3400
1788376614,255.3300,255.3300,255.3000,255.3050
1788376619,255.3200,255.3300,255.3200,255.3300
1788376621,255.3400,255.3400,255.3400,255.3400
1788376626,255.3450,255.3450,255.3450,255.3450
1788376629,255.3500,255.3500,255.3500,255.3500
1788376633,255.3300,255.3300,255.3100,255.3100
1788376634,255.3150,255.3150,255.3150,255.3150
1788376638,255.3100,255.3100,255.3100,255.3100
1788376639,255.3000,255.3000,255.2750,255.2850
1788376640,255.2800,255.2800,255.2800,255.2800
1788376644,255.2700,255.2700,255.2700,255.2700
1788376645,255.2700,255.2700,255.2700,255.2700
1788376646,255.2800,255.2800,255.2800,255.2800
1788376647,255.2800,255.2800,255.2800,255.2800
1788376648,255.2900,255.2900,255.2900,255.2900
1788376649,255.2700,255.2700,255.2700,255.2700
1788376653,255.2900,255.2900,255.2900,255.2900
1788376655,255.2750,255.2750,255.2750,255.2750
1788376657,255.2750,255.2750,255.2750,255.2750
1788376659,255.2700,255.2800,255.2700,255.2800
1788376663,255.2800,255.2800,255.2800,255.2800
1788376668,255.2700,255.2700,255.2700,255.2700
1788376673,255.2600,255.2600,255.2400,255.2400
1788376674,255.2500,255.2500,255.2500,255.2500
1788376677,255.2600,255.3500,255.2600,255.3500
1788376678,255.3500,255.3800,255.3500,255.3800
1788376679,255.3800,255.3800,255.3800,255.3800
1788376685,255.3700,255.3700,255.3700,255.3700
1788376692,255.3600,255.3600,255.3600,255.3600
1788376695,255.3700,255.3700,255.3700,255.3700
1788376696,255.3800,255.3900,255.3800,255.3900
1788376697,255.3950,255.3950,255.3950,255.3950
1788376699,255.4000,255.4300,255.4000,255.4300
1788376701,255.4250,255.4250,255.4250,255.4250
1788376703,255.4100,255.4100,255.4000,255.4000
1788376712,255.4000,255.4000,255.3700,255.4000
1788376718,255.4100,255.4100,255.4100,255.4100
1788376726,255.4200,255.4400,255.4200,255.4400
1788376727,255.4300,255.4300,255.4300,255.4300
1788376728,255.4200,255.4200,255.4100,255.4100
1788376729,255.4000,255.4000,255.3800,255.3800
1788376738,255.4100,255.4100,255.3900,255.3900
1788376740,255.3900,255.3900,255.3800,255.3900
1788376742,255.4100,255.4100,255.4100,255.4100
1788376745,255.4100,255.4100,255.4000,255.4000
1788376747,255.4150,255.4150,255.4150,255.4150
1788376754,255.4400,255.4400,255.4400,255.4400
1788376759,255.4200,255.4200,255.4200,255.4200
1788376763,255.3850,255.3850,255.3850,255.3850
1788376766,255.4100,255.4100,255.4100,255.4100
1788376767,255.4400,255.4400,255.4400,255.4400
1788376773,255.4100,255.4100,255.3900,255.4000
1788376774,255.4000,255.4000,255.4000,255.4000
1788376778,255.3900,255.4300,255.3900,255.4300
1788376779,255.4400,255.4400,255.4400,255.4400
1788376788,255.4300,255.4300,255.4300,255.4300
1788376791,255.4500,255.4500,255.4500,255.4500
1788376795,255.4400,255.4400,255.4200,255.4200
1788376798,255.4350,255.4350,255.4350,255.4350
1788376799,255.4350,255.4350,255.4350,255.4350
1788376803,255.4300,255.4300,255.4200,255.4300
1788376805,255.4400,255.4400,255.4400,255.4400
1788376810,255.4200,255.4200,255.4200,255.4200
1788376812,255.4000,255.4000,255.3300,255.3300
1788376815,255.3000,255.3000,255.3000,255.3000
1788376819,255.3000,255.3000,255.2950,255.2950
1788376820,255.2700,255.2800,255.2700,255.2800
1788376823,255.2600,255.2600,255.2300,255.2300
1788376827,255.2200,255.2200,255.2100,255.2100
1788376832,255.2100,255.2100,255.2100,255.2100
1788376834,255.2000,255.2000,255.2000,255.2000
1788376840,255.1800,255.1800,255.1800,255.1800
1788376843,255.2000,255.2000,255.2000,255.2000
1788376844,255.2100,255.2100,255.2100,255.2100
1788376846,255.2000,255.2000,255.2000,255.2000
1788376847,255.1900,255.1900,255.1900,255.1900
1788376848,255.1800,255.1800,255.1800,255.1800
1788376852,255.1800,255.1800,255.1800,255.1800
1788376854,255.1600,255.1600,255.1300,255.1300
1788376855,255.1400,255.1400,255.1400,255.1400
1788376857,255.1200,255.1200,255.1200,255.1200
1788376864,255.1000,255.1000,255.0900,255.0900
1788376868,255.0800,255.0800,255.0600,255.0600
1788376869,255.0500,255.0500,255.0500,255.0500
1788376870,255.0400,255.0400,255.0400,255.0400
1788376871,255.0500,255.0600,255.0300,255.0500
1788376872,255.0400,255.0500,255.0200,255.0200
1788376873,255.0500,255.1400,255.0500,255.1400
1788376874,255.1800,255.1800,255.1800,255.1800
1788376882,255.2200,255.2200,255.2200,255.2200
1788376889,255.2300,255.2300,255.2300,255.2300
1788376890,255.2200,255.2200,255.2200,255.2200
1788376891,255.2400,255.2400,255.2400,255.2400
1788376893,255.2700,255.2800,255.2700,255.2800
1788376897,255.2400,255.2400,255.1800,255.2100
1788376905,255.2000,255.2000,255.2000,255.2000
1788376909,255.2300,255.2300,255.2300,255.2300
1788376910,255.2350,255.2350,255.2350,255.2350
1788376913,255.2600,255.2600,255.2100,255.2100
1788376914,255.2000,255.2000,255.2000,255.2000
1788376915,255.1700,255.1700,255.1600,255.1600
1788376918,255.1600,255.1600,255.1300,255.1300
1788376923,255.1000,255.1000,255.0800,255.0800
1788376932,255.1400,255.1500,255.1400,255.1500
1788376944,255.1400,255.1400,255.1400,255.1400
1788376948,255.1400,255.1400,255.1400,255.1400
1788376950,255.1700,255.1700,255.1700,255.1700
1788376954,255.1700,255.1700,255.1700,255.1700
1788376956,255.1400,255.1400,255.1150,255.1150
1788376962,255.1250,255.1250,255.1250,255.1250
1788376963,255.1250,255.1250,255.1250,255.1250
1788376972,255.1300,255.1300,255.1300,255.1300
1788376974,255.1200,255.1200,255.1000,255.1000
1788376978,255.1100,255.1500,255.1100,255.1500
1788376989,255.1550,255.1550,255.1550,255.1550
1788376992,255.1400,255.1400,255.1400,255.1400
1788377000,255.1300,255.1300,255.1300,255.1300
1788377001,255.1000,255.1000,255.0800,255.0800
1788377002,255.0800,255.0800,255.0800,255.0800
1788377004,255.0900,255.0900,255.0900,255.0900
1788377011,255.1250,255.1250,255.1250,255.1250
1788377013,255.1400,255.1500,255.0800,255.1100
1788377015,255.0950,255.0950,255.0950,255.0950
1788377020,255.1200,255.1300,255.1200,255.1200
1788377027,255.1100,255.1100,255.1100,255.1100
1788377029,255.1300,255.1300,255.1300,255.1300
1788377038,255.1100,255.1100,255.1100,255.1100
1788377040,255.1000,255.1100,255.1000,255.1100
1788377045,255.1100,255.1100,255.1100,255.1100
1788377050,255.1300,255.1600,255.1300,255.1600
1788377061,255.1200,255.1200,255.1200,255.1200
1788377064,255.1300,255.1300,255.1300,255.1300
1788377065,255.1300,255.1300,255.1300,255.1300
1788377068,255.1200,255.1200,255.1200,255.1200
1788377069,255.1200,255.1200,255.1200,255.1200
1788377070,255.1200,255.1200,255.1200,255.1200
1788377073,255.1400,255.1800,255.1400,255.1800
1788377074,255.1900,255.1900,255.1900,255.1900
1788377075,255.2000,255.2000,255.2000,255.2000
1788377082,255.2000,255.2000,255.2000,255.2000
1788377086,255.2150,255.2150,255.2150,255.2150
1788377087,255.2300,255.2300,255.2300,255.2300
1788377088,255.2400,255.2400,255.2400,255.2400
1788377089,255.2300,255.2300,255.2300,255.2300
1788377101,255.2000,255.2000,255.1900,255.1900
1788377112,255.1800,255.1850,255.1800,255.1850
1788377114,255.1700,255.1700,255.1700,255.1700
1788377116,255.1600,255.1600,255.1600,255.1600
1788377117,255.1300,255.1300,255.1300,255.1300
1788377125,255.1700,255.2100,255.1700,255.2100
1788377131,255.1850,255.2100,255.1850,255.2100
1788377138,255.1600,255.1600,255.1600,255.1600
1788377139,255.1600,255.1600,255.1400,255.1400
1788377149,255.1600,255.1900,255.1600,255.1700
1788377153,255.1600,255.1600,255.1600,255.1600
1788377160,255.1600,255.1600,255.1600,255.1600
1788377170,255.1700,255.1700,255.1600,255.1600
1788377173,255.1900,255.1900,255.1600,255.1600
1788377177,255.1800,255.1900,255.1800,255.1900
1788377178,255.2000,255.2000,255.2000,255.2000
1788377181,255.1900,255.1900,255.1900,255.1900
1788377188,255.2000,255.2000,255.2000,255.2000
1788377192,255.2150,255.2150,255.2150,255.2150
1788377195,255.2150,255.2150,255.2150,255.2150
1788377197,255.2300,255.2300,255.2300,255.2300
1788377205,255.2200,255.2200,255.2100,255.2100
1788377206,255.2200,255.2500,255.2200,255.2500
1788377210,255.2300,255.2300,255.2300,255.2300
1788377218,255.2700,255.2700,255.2600,255.2600
1788377221,255.2500,255.2500,255.2500,255.2500
1788377224,255.2500,255.2500,255.2500,255.2500
1788377225,255.2600,255.2600,255.2600,255.2600
1788377226,255.2500,255.2500,255.2300,255.2500
1788377227,255.2500,255.2500,255.2500,255.2500
1788377238,255.2500,255.2500,255.1900,255.1900
1788377244,255.2000,255.2000,255.2000,255.2000
1788377245,255.2100,255.2100,255.2100,255.2100
1788377251,255.2300,255.2500,255.2200,255.2200
1788377252,255.2000,255.2000,255.2000,255.2000
1788377253,255.1800,255.1900,255.1700,255.1900
1788377258,255.1800,255.1800,255.1800,255.1800
1788377264,255.1600,255.1600,255.1600,255.1600
1788377269,255.1600,255.1600,255.1500,255.1500
1788377270,255.1400,255.1400,255.1200,255.1200
1788377275,255.1400,255.1400,255.1400,255.1400
1788377280,255.1400,255.1400,255.1400,255.1400
1788377282,255.1500,255.1500,255.1500,255.1500
1788377285,255.1500,255.1500,255.1500,255.1500
1788377288,255.1400,255.1600,255.1400,255.1600
1788377290,255.1550,255.1550,255.1550,255.1550
1788377292,255.1400,255.1400,255.1300,255.1300
1788377293,255.1450,255.1450,255.1450,255.1450
1788377295,255.1600,255.1800,255.1600,255.1800
1788377300,255.1800,255.1800,255.1800,255.1800
1788377303,255.1900,255.2000,255.1700,255.1800
1788377309,255.2000,255.2000,255.2000,255.2000
1788377311,255.2100,255.2300,255.2100,255.2300
1788377316,255.2500,255.2600,255.1700,255.1700
1788377317,255.1600,255.1600,255.1300,255.1300
1788377322,255.1400,255.1400,255.1000,255.1100
1788377323,255.0900,255.0900,255.0800,255.0800
1788377326,255.0900,255.1100,255.0900,255.1100
1788377330,255.1100,255.1200,255.1100,255.1200
1788377332,255.1400,255.1400,255.1400,255.1400
1788377340,255.1300,255.1300,255.1300,255.1300
1788377343,255.1000,255.1000,255.0900,255.0900
1788377345,255.1200,255.1200,255.1200,255.1200
1788377351,255.1400,255.2000,255.1400,255.1500
1788377355,255.2000,255.2100,255.1900,255.1900
1788377365,255.1600,255.1600,255.1600,255.1600
1788377368,255.1600,255.1600,255.1400,255.1500
1788377373,255.1450,255.1450,255.1450,255.1450
1788377381,255.1500,255.1500,255.1500,255.1500
1788377384,255.1500,255.1500,255.1500,255.1500
1788377385,255.1400,255.1500,255.1400,255.1500
1788377386,255.1500,255.1600,255.1500,255.1600
1788377388,255.1800,255.1800,255.1800,255.1800
1788377389,255.1900,255.1900,255.1900,255.1900
1788377391,255.1900,255.1900,255.1900,255.1900
1788377392,255.1900,255.2000,255.1900,255.1900
1788377394,255.2000,255.2100,255.2000,255.2100
1788377396,255.2100,255.2100,255.2100,255.2100
1788377397,255.2200,255.2400,255.2200,255.2300
1788377398,255.2100,255.2100,255.1700,255.1700
1788377399,255.1500,255.1500,255.1400,255.1400
1788377400,255.1100,255.1100,255.0700,255.0700
1788377401,255.0600,255.0600,255.0500,255.0500
1788377405,255.0800,255.0800,255.0800,255.0800
1788377408,255.1000,255.1100,255.1000,255.1100
1788377409,255.0900,255.0900,255.0900,255.0900
1788377411,255.0700,255.0700,255.0700,255.0700
1788377413,255.0600,255.0700,255.0600,255.0700
1788377416,255.0750,255.0750,255.0750,255.0750
1788377421,255.0500,255.0500,255.0500,255.0500
1788377423,255.0500,255.0500,255.0450,255.0500
1788377428,255.0700,255.0800,255.0700,255.0800
1788377432,255.0700,255.0700,255.0700,255.0700
1788377433,255.0900,255.0900,255.0900,255.0900
1788377437,255.1000,255.1000,255.1000,255.1000
1788377439,255.0800,255.0900,255.0800,255.0900
1788377442,255.0700,255.0700,255.0700,255.0700
1788377443,255.0700,255.1000,255.0700,255.0950
1788377449,255.1100,255.1100,255.1100,255.1100
1788377450,255.1300,255.1300,255.1300,255.1300
1788377451,255.1400,255.1400,255.1400,255.1400
1788377452,255.1300,255.1300,255.1300,255.1300
1788377453,255.1500,255.1500,255.1500,255.1500
1788377454,255.1500,255.1600,255.1500,255.1600
1788377456,255.1600,255.1600,255.1600,255.1600
1788377458,255.1400,255.1400,255.1400,255.1400
1788377460,255.1200,255.1200,255.1000,255.1000
1788377471,255.0600,255.0600,255.0300,255.0300
1788377474,255.0300,255.0300,255.0300,255.0300
1788377475,255.0600,255.0600,255.0600,255.0600
1788377478,255.0300,255.0300,254.9100,254.9150
1788377479,254.9200,254.9200,254.9200,254.9200
1788377490,254.9500,254.9800,254.9500,254.9800
1788377492,254.9900,254.9900,254.9900,254.9900
1788377493,255.0000,255.0100,255.0000,255.0100
1788377494,255.0100,255.0100,255.0100,255.0100
1788377499,255.0400,255.0600,255.0400,255.0600
1788377503,255.0200,255.0300,255.0150,255.0300
1788377511,255.0000,255.0000,255.0000,255.0000
1788377513,255.0000,255.0000,255.0000,255.0000
1788377514,254.9900,254.9900,254.9900,254.9900
1788377519,254.9800,254.9800,254.9800,254.9800
1788377523,254.9800,254.9800,254.9800,254.9800
1788377525,254.9600,254.9600,254.9600,254.9600
1788377526,254.9500,254.9500,254.9500,254.9500
1788377527,254.9700,254.9700,254.9700,254.9700
1788377528,254.9600,254.9600,254.9600,254.9600
1788377530,254.9500,254.9500,254.9400,254.9400
1788377531,254.9300,254.9300,254.9300,254.9300
1788377532,254.9400,254.9400,254.9400,254.9400
1788377533,254.9300,254.9450,254.9300,254.9450
1788377534,254.9600,254.9600,254.9600,254.9600
1788377535,254.9500,254.9500,254.9300,254.9300
1788377537,254.9400,254.9800,254.9400,254.9700
1788377539,254.9650,254.9650,254.9600,254.9600
1788377543,254.9800,254.9800,254.9800,254.9800
1788377546,254.9600,254.9600,254.9600,254.9600
1788377549,254.9450,254.9450,254.9450,254.9450
1788377557,254.9400,254.9400,254.9300,254.9300
1788377559,254.9200,254.9200,254.9100,254.9100
1788377562,254.9250,254.9250,254.8900,254.8900
1788377564,254.8800,254.8800,254.8800,254.8800
1788377565,254.8800,254.8800,254.8800,254.8800
1788377566,254.9000,254.9100,254.8900,254.8900
1788377569,254.9100,254.9100,254.9100,254.9100
1788377570,254.9000,254.9000,254.9000,254.9000
1788377578,254.9000,254.9000,254.9000,254.9000
1788377582,254.9200,254.9200,254.9200,254.9200
1788377583,254.9300,254.9400,254.9300,254.9400
1788377584,254.9400,254.9500,254.9400,254.9500
1788377589,254.9600,254.9700,254.9600,254.9700
1788377593,254.9750,254.9750,254.9500,254.9500
1788377600,254.9500,254.9500,254.9400,254.9400
1788377601,254.9600,255.0100,254.9600,255.0000
1788377605,254.9900,254.9900,254.9900,254.9900
1788377606,254.9800,254.9800,254.9800,254.9800
1788377607,254.9800,254.9800,254.9800,254.9800
1788377610,254.9800,254.9800,254.9800,254.9800
1788377620,254.9600,254.9600,254.9500,254.9500
1788377622,254.9450,254.9600,254.9450,254.9600
1788377623,254.9500,254.9500,254.9500,254.9500
1788377624,254.9400,254.9400,254.9200,254.9200
1788377628,254.9100,254.9100,254.9100,254.9100
1788377632,254.8900,254.8900,254.8500,254.8500
1788377636,254.8200,254.8200,254.8100,254.8100
1788377641,254.8300,254.8300,254.8300,254.8300
1788377644,254.8000,254.8000,254.7700,254.7700
1788377645,254.7600,254.7600,254.7600,254.7600
1788377646,254.7600,254.7600,254.7600,254.7600
1788377649,254.7700,254.7700,254.7650,254.7650
1788377650,254.7650,254.7650,254.7650,254.7650
1788377651,254.7500,254.7500,254.7500,254.7500
1788377655,254.7500,254.7500,254.7500,254.7500
1788377657,254.7500,254.7500,254.7500,254.7500
1788377660,254.7500,254.7500,254.7500,254.7500
1788377662,254.7600,254.7700,254.7600,254.7600
1788377665,254.7500,254.7500,254.7500,254.7500
1788377669,254.7600,254.7600,254.7600,254.7600
1788377671,254.7600,254.7600,254.7400,254.7400
1788377674,254.7400,254.7400,254.7400,254.7400
1788377675,254.7600,254.7600,254.7600,254.7600
1788377676,254.7700,254.7700,254.7700,254.7700
1788377679,254.7600,254.7600,254.7600,254.7600
1788377680,254.7800,254.7800,254.7800,254.7800
1788377681,254.8000,254.8000,254.8000,254.8000
1788377684,254.7800,254.7800,254.7800,254.7800
1788377687,254.7800,254.7800,254.7800,254.7800
1788377688,254.7700,254.7700,254.7600,254.7600
1788377689,254.7700,254.7700,254.7700,254.7700
1788377690,254.7700,254.8500,254.7500,254.8450
1788377695,254.8200,254.8200,254.8200,254.8200
1788377698,254.8100,254.8100,254.8100,254.8100
1788377700,254.8200,254.8200,254.8200,254.8200
1788377701,254.8400,254.8400,254.8400,254.8400
1788377702,254.8400,254.8400,254.8400,254.8400
1788377704,254.8500,254.8500,254.8500,254.8500
1788377705,254.8600,254.8700,254.8600,254.8700
1788377707,254.9000,254.9000,254.8900,254.8900
1788377713,254.9300,254.9300,254.9300,254.9300
1788377716,254.9350,254.9350,254.9350,254.9350
1788377719,254.9200,254.9200,254.9100,254.9200
1788377722,254.9300,254.9300,254.9300,254.9300
1788377729,254.9100,254.9100,254.8400,254.8400
1788377738,254.8550,254.8550,254.8500,254.8500
1788377740,254.8700,254.8700,254.8700,254.8700
1788377745,254.8900,254.9000,254.8900,254.9000
1788377746,254.9100,254.9100,254.9100,254.9100
1788377747,254.9200,254.9700,254.9100,254.9500
1788377750,254.9600,254.9600,254.9600,254.9600
1788377752,254.9300,254.9300,254.9200,254.9200
1788377755,254.9200,254.9300,254.9200,254.9300
1788377765,254.9500,254.9500,254.9500,254.9500
1788377769,254.9800,254.9900,254.9800,254.9900
1788377770,254.9800,254.9800,254.9800,254.9800
1788377771,254.9800,254.9800,254.9700,254.9700
1788377773,254.9700,254.9700,254.9700,254.9700
1788377774,254.9800,254.9800,254.9700,254.9700
1788377776,254.9900,254.9900,254.9900,254.9900
1788377777,254.9900,255.0400,254.9900,255.0400
1788377778,255.0500,255.0500,255.0500,255.0500
1788377779,255.0600,255.1000,255.0600,255.1000
1788377780,255.1100,255.1100,255.1100,255.1100
1788377781,255.0900,255.0900,255.0800,255.0800
1788377783,255.0950,255.0950,255.0800,255.0800
1788377785,255.0850,255.0850,255.0850,255.0850
1788377786,255.1000,255.1000,255.1000,255.1000
1788377789,255.1000,255.1000,255.1000,255.1000
1788377790,255.1000,255.1200,255.1000,255.1200
1788377793,255.1300,255.1500,255.1300,255.1500
1788377794,255.1400,255.1400,255.1400,255.1400
1788377796,255.1600,255.1700,255.1600,255.1700
1788377797,255.1700,255.1700,255.1500,255.1500
1788377810,255.1800,255.1800,255.1800,255.1800
1788377812,255.1800,255.1800,255.1400,255.1400
1788377813,255.1400,255.1400,255.1300,255.1300
1788377814,255.1300,255.1300,255.1300,255.1300
1788377817,255.1200,255.1200,255.1200,255.1200
1788377820,255.1200,255.1400,255.1200,255.1400
1788377831,255.1250,255.1250,255.1250,255.1250
1788377833,255.1400,255.1400,255.1400,255.1400
1788377834,255.1400,255.1400,255.1400,255.1400
1788377836,255.1300,255.1300,255.1300,255.1300
1788377842,255.1200,255.1200,255.1000,255.1200
1788377844,255.1300,255.1300,255.1300,255.1300
1788377846,255.1300,255.1300,255.1200,255.1200
1788377847,255.1000,255.1000,255.0600,255.0600
1788377850,255.0300,255.0300,255.0000,255.0000
1788377851,254.9900,254.9900,254.9800,254.9800
1788377852,254.9850,254.9850,254.9850,254.9850
1788377853,254.9800,254.9800,254.9800,254.9800
1788377857,254.9500,254.9500,254.9400,254.9400
1788377861,254.9100,254.9100,254.9100,254.9100
1788377865,254.8800,254.8800,254.8800,254.8800
1788377866,254.9000,254.9000,254.9000,254.9000
1788377871,254.9300,254.9400,254.9300,254.9400
1788377875,254.9200,254.9200,254.9000,254.9000
1788377879,254.8900,254.8900,254.8900,254.8900
1788377882,254.8700,254.8700,254.8700,254.8700
1788377884,254.8700,254.8700,254.8700,254.8700
1788377891,254.8700,254.8800,254.8700,254.8800
1788377894,254.8700,254.8700,254.8700,254.8700
1788377897,254.8800,254.9200,254.8800,254.9200
1788377898,254.9100,254.9100,254.9100,254.9100
1788377900,254.8900,254.8900,254.8300,254.8700
1788377917,254.8900,254.8900,254.8900,254.8900
1788377918,254.9200,254.9200,254.9200,254.9200
1788377922,254.9000,254.9000,254.8900,254.8900
1788377924,254.8800,254.8800,254.8800,254.8800
1788377925,254.8700,254.8800,254.8700,254.8800
1788377933,254.8950,254.8950,254.8950,254.8950
1788377942,254.8900,254.8900,254.8900,254.8900
1788377944,254.8800,254.8900,254.8800,254.8800
1788377945,254.8800,254.8800,254.8800,254.8800
1788377946,254.9000,254.9000,254.9000,254.9000
1788377947,254.8900,254.8900,254.8900,254.8900
1788377952,254.9000,254.9000,254.9000,254.9000
1788377954,254.9000,254.9000,254.8900,254.8900
1788377955,254.8900,254.8900,254.8900,254.8900
1788377956,254.9000,254.9000,254.9000,254.9000
1788377958,254.9000,254.9000,254.8900,254.8900
1788377961,254.9100,254.9100,254.9100,254.9100
1788377962,254.9100,254.9100,254.9100,254.9100
1788377964,254.9100,254.9100,254.9100,254.9100
1788377969,254.9200,254.9200,254.9200,254.9200
1788377973,254.9200,254.9200,254.9150,254.9150
1788377976,254.9300,254.9300,254.9300,254.9300
1788377979,254.9400,254.9400,254.9400,254.9400
1788377982,254.9300,254.9300,254.9200,254.9300
1788377988,254.9400,254.9500,254.9400,254.9500
1788377990,254.9500,254.9600,254.9500,254.9600
1788377999,254.9500,254.9600,254.9400,254.9400
1788378000,254.9200,254.9200,254.9100,254.9100
1788378001,254.9100,254.9100,254.9100,254.9100
1788378002,254.9000,254.9000,254.8700,254.8800
1788378003,254.8700,254.8700,254.8700,254.8700
1788378006,254.8700,254.8700,254.8700,254.8700
1788378008,254.8750,254.8750,254.8700,254.8700
1788378009,254.8900,254.9100,254.8900,254.9100
1788378011,254.9200,254.9200,254.9200,254.9200
1788378015,254.9200,254.9300,254.9200,254.9300
1788378018,254.9200,254.9200,254.9000,254.9000
1788378019,254.9050,254.9050,254.8800,254.8800
1788378020,254.8800,254.8800,254.8800,254.8800
1788378022,254.9000,254.9300,254.9000,254.9300
1788378024,254.9300,254.9300,254.9300,254.9300
1788378028,254.9400,254.9400,254.9400,254.9400
1788378032,254.9500,254.9600,254.9500,254.9600
1788378033,254.9600,254.9700,254.9600,254.9700
1788378036,254.9600,254.9600,254.9600,254.9600
1788378037,254.9400,254.9400,254.9400,254.9400
1788378042,254.9500,254.9500,254.9500,254.9500
1788378044,254.9500,254.9500,254.9500,254.9500
1788378047,254.9600,254.9600,254.9600,254.9600
1788378050,254.9700,254.9800,254.9700,254.9800
1788378051,254.9700,255.0000,254.9700,255.0000
1788378055,255.0000,255.0000,255.0000,255.0000
1788378056,255.0000,255.0000,255.0000,255.0000
1788378059,254.9900,254.9900,254.9900,254.9900
1788378064,254.9700,254.9700,254.9700,254.9700
1788378066,254.9600,254.9600,254.9400,254.9600
1788378071,254.9600,254.9600,254.9500,254.9500
1788378073,254.9600,254.9700,254.9600,254.9700
1788378079,254.9500,254.9500,254.9500,254.9500
1788378080,254.9300,254.9300,254.9300,254.9300
1788378081,254.9300,254.9300,254.9300,254.9300
1788378084,254.9300,254.9300,254.9300,254.9300
1788378094,254.9400,254.9400,254.9400,254.9400
1788378098,254.9200,254.9200,254.9150,254.9150
1788378099,254.9000,254.9000,254.8900,254.9000
1788378102,254.9000,254.9000,254.8900,254.8900
1788378103,254.8900,254.8900,254.8900,254.8900
1788378105,254.9100,254.9100,254.9100,254.9100
1788378106,254.9300,254.9300,254.9300,254.9300
1788378111,254.9250,254.9250,254.9250,254.9250
1788378116,254.9400,254.9400,254.9400,254.9400
1788378117,254.9400,254.9500,254.9400,254.9500
1788378118,254.9600,254.9600,254.9600,254.9600
1788378119,254.9700,254.9700,254.9700,254.9700
1788378126,254.9750,254.9750,254.9750,254.9750
1788378128,254.9750,254.9750,254.9750,254.9750
1788378131,254.9800,254.9800,254.9800,254.9800
1788378137,254.9800,254.9800,254.9800,254.9800
1788378142,254.9600,254.9600,254.9450,254.9450
1788378148,254.9400,254.9400,254.9100,254.9100
1788378151,254.8900,254.8900,254.8500,254.8500
1788378153,254.8500,254.8500,254.8500,254.8500
1788378161,254.8600,254.8600,254.8600,254.8600
1788378171,254.8600,254.8600,254.8300,254.8500
1788378172,254.8600,254.8600,254.8600,254.8600
1788378174,254.8600,254.8600,254.8600,254.8600
1788378175,254.8800,254.9100,254.8800,254.9100
1788378177,254.9000,254.9000,254.9000,254.9000
1788378178,254.9000,254.9000,254.9000,254.9000
1788378184,254.9100,254.9100,254.9100,254.9100
1788378187,254.9100,254.9100,254.9000,254.9100
1788378189,254.9100,254.9200,254.9100,254.9200
1788378190,254.9300,254.9400,254.9300,254.9400
1788378193,254.9300,254.9300,254.9300,254.9300
1788378194,254.9400,254.9500,254.9400,254.9500
1788378195,254.9600,254.9700,254.9600,254.9700
1788378199,254.9800,255.0200,254.9800,255.0100
1788378201,255.0300,255.0600,255.0300,255.0600
1788378202,255.0500,255.0500,255.0500,255.0500
1788378207,255.0700,255.0700,255.0700,255.0700
1788378208,255.0800,255.0850,255.0800,255.0850
1788378210,255.1100,255.1100,255.1100,255.1100
1788378215,255.1100,255.1100,255.1100,255.1100
1788378216,255.1200,255.1300,255.1200,255.1250
1788378217,255.1100,255.1100,255.1100,255.1100
1788378219,255.1200,255.1200,255.1000,255.1000
1788378221,255.1100,255.1100,255.1100,255.1100
1788378222,255.1250,255.1250,255.1250,255.1250
1788378225,255.1400,255.1500,255.1400,255.1500
1788378226,255.1400,255.1400,255.1400,255.1400
1788378227,255.1400,255.1400,255.1400,255.1400
1788378228,255.1400,255.1400,255.1400,255.1400
1788378230,255.1300,255.1300,255.1300,255.1300
1788378231,255.1300,255.1700,255.1300,255.1700
1788378232,255.1700,255.1700,255.1700,255.1700
1788378241,255.1600,255.1600,255.1300,255.1300
1788378247,255.1300,255.1500,255.1300,255.1500
1788378251,255.1550,255.1550,255.1100,255.1200
1788378252,255.1400,255.1500,255.0800,255.0800
1788378255,255.0950,255.0950,255.0950,255.0950
1788378258,255.1200,255.1200,255.1200,255.1200
1788378263,255.1600,255.1600,255.1600,255.1600
1788378265,255.1550,255.1550,255.1550,255.1550
1788378268,255.1800,255.1900,255.1700,255.1700
1788378269,255.1400,255.1400,255.1300,255.1350
1788378271,255.1800,255.1800,255.1800,255.1800
1788378272,255.1600,255.1600,255.1600,255.1600
1788378273,255.1500,255.1500,255.1500,255.1500
1788378274,255.1700,255.1700,255.1300,255.1300
1788378275,255.1600,255.1600,255.1600,255.1600
1788378276,255.1800,255.1800,255.1600,255.1600
1788378278,255.1600,255.1600,255.1600,255.1600
1788378280,255.1600,255.1600,255.1600,255.1600
1788378284,255.1400,255.1400,255.1100,255.1100
1788378287,255.0900,255.0900,255.0900,255.0900
1788378288,255.1000,255.1100,255.1000,255.1100
1788378291,255.1400,255.1600,255.1400,255.1600
1788378299,255.1650,255.1650,255.1650,255.1650
1788378300,255.1650,255.1800,255.1500,255.1600
1788378301,255.1550,255.1600,255.1500,255.1500
1788378302,255.1400,255.1400,255.1300,255.1300
1788378305,255.1400,255.1600,255.1400,255.1600
1788378306,255.1650,255.1900,255.1650,255.1900
1788378307,255.1800,255.1800,255.1800,255.1800
1788378310,255.1600,255.1800,255.1600,255.1800
1788378311,255.1800,255.2100,255.1800,255.2100
1788378312,255.2200,255.2350,255.2200,255.2350
1788378313,255.2350,255.2400,255.2350,255.2400
1788378314,255.2400,255.2400,255.2400,255.2400
1788378315,255.2400,255.2500,255.2400,255.2500
1788378318,255.2300,255.2300,255.2200,255.2300
1788378320,255.2300,255.2300,255.2200,255.2200
1788378321,255.2200,255.2300,255.2200,255.2300
1788378322,255.2300,255.2300,255.2300,255.2300
1788378325,255.2350,255.2350,255.2350,255.2350
1788378328,255.2450,255.2500,255.2450,255.2500
1788378329,255.2300,255.2300,255.2300,255.2300
1788378330,255.2250,255.2250,255.1900,255.1900
1788378335,255.2100,255.2700,255.1800,255.1800
1788378336,255.1800,255.1800,255.1800,255.1800
1788378337,255.1800,255.1900,255.1800,255.1900
1788378340,255.1700,255.1750,255.1700,255.1750
1788378341,255.1750,255.1750,255.1750,255.1750
1788378343,255.1750,255.1750,255.1500,255.1600
1788378344,255.1600,255.1600,255.1600,255.1600
1788378350,255.1700,255.1700,255.1600,255.1600
1788378352,255.1700,255.1700,255.1700,255.1700
1788378354,255.1750,255.1750,255.1750,255.1750
1788378355,255.1700,255.1700,255.1400,255.1600
1788378356,255.1600,255.1600,255.1500,255.1500
1788378359,255.1700,255.1800,255.1600,255.1600
1788378360,255.1650,255.1650,255.1650,255.1650
1788378361,255.1800,255.1800,255.1800,255.1800
1788378368,255.1600,255.1600,255.1600,255.1600
1788378370,255.1600,255.1600,255.1600,255.1600
1788378371,255.1600,255.1600,255.1600,255.1600
1788378375,255.1700,255.1700,255.1700,255.1700
1788378377,255.1600,255.1600,255.1600,255.1600
1788378378,255.1500,255.1500,255.1400,255.1400
1788378380,255.1400,255.1400,255.1400,255.1400
1788378382,255.1600,255.1800,255.1600,255.1700
1788378385,255.1600,255.1600,255.1600,255.1600
1788378387,255.1400,255.1400,255.1400,255.1400
1788378389,255.1500,255.1500,255.1500,255.1500
1788378390,255.1600,255.1600,255.1600,255.1600
1788378391,255.1600,255.1600,255.1100,255.1100
1788378394,255.1300,255.1300,255.1250,255.1250
1788378396,255.1200,255.1200,255.1200,255.1200
1788378404,255.1250,255.1250,255.1250,255.1250
1788378405,255.1300,255.1300,255.1300,255.1300
1788378409,255.1250,255.1250,255.1250,255.1250
1788378413,255.1200,255.1200,255.1200,255.1200
1788378415,255.1100,255.1200,255.1100,255.1200
1788378418,255.1400,255.1500,255.1400,255.1500
1788378424,255.1600,255.1600,255.1600,255.1600
1788378425,255.1600,255.1600,255.1500,255.1500
1788378426,255.1400,255.1400,255.1300,255.1300
1788378427,255.1500,255.1500,255.1500,255.1500
1788378428,255.1400,255.1400,255.1400,255.1400
1788378431,255.1500,255.1500,255.1500,255.1500
1788378432,255.1400,255.1800,255.1300,255.1600
1788378434,255.1600,255.1600,255.1600,255.1600
1788378437,255.1700,255.2100,255.1700,255.2100
1788378438,255.1900,255.2000,255.1900,255.2000
1788378439,255.1800,255.1800,255.1700,255.1700
1788378443,255.1800,255.1800,255.1800,255.1800
1788378444,255.1800,255.1800,255.1800,255.1800
1788378445,255.1850,255.1900,255.1850,255.1900
1788378450,255.1850,255.1850,255.1850,255.1850
1788378451,255.1700,255.1700,255.1700,255.1700
1788378453,255.1400,255.1400,255.1300,255.1300
1788378456,255.1300,255.1300,255.1200,255.1200
1788378459,255.1250,255.1400,255.1250,255.1400
1788378462,255.1300,255.1300,255.1300,255.1300
1788378463,255.1200,255.1200,255.1200,255.1200
1788378464,255.1200,255.1200,255.1200,255.1200
1788378465,255.1200,255.1200,255.1200,255.1200
1788378467,255.1100,255.1100,255.1100,255.1100
1788378469,255.1200,255.1200,255.1200,255.1200
1788378470,255.1100,255.1100,255.1100,255.1100
1788378473,255.1050,255.1200,255.1000,255.1000
1788378476,255.0950,255.0950,255.0950,255.0950
1788378477,255.0900,255.0900,255.0700,255.0700
1788378478,255.0700,255.0700,255.0700,255.0700
1788378479,255.0800,255.0800,255.0700,255.0700
1788378480,255.1000,255.1000,255.0900,255.0900
1788378481,255.0900,255.1050,255.0900,255.0900
1788378484,255.1050,255.1050,255.0900,255.0900
1788378485,255.0900,255.0900,255.0900,255.0900
1788378486,255.0900,255.0900,255.0900,255.0900
1788378488,255.0900,255.1000,255.0900,255.1000
1788378489,255.1000,255.1000,255.1000,255.1000
1788378492,255.0900,255.0900,255.0900,255.0900
1788378493,255.0750,255.0750,255.0750,255.0750
1788378495,255.0700,255.0700,255.0700,255.0700
1788378499,255.0700,255.0700,255.0700,255.0700
1788378500,255.0800,255.0800,255.0700,255.0700
1788378501,255.0750,255.0800,255.0750,255.0800
1788378504,255.0700,255.0700,255.0700,255.0700
1788378505,255.0500,255.0500,255.0300,255.0300
1788378506,255.0250,255.0250,255.0250,255.0250
1788378508,255.0250,255.0250,255.0250,255.0250
1788378510,255.0400,255.0700,255.0200,255.0700
1788378513,255.0450,255.0450,255.0450,255.0450
1788378519,255.0700,255.0700,255.0400,255.0400
1788378524,255.0500,255.0500,255.0500,255.0500
1788378529,255.0500,255.0500,255.0500,255.0500
1788378530,255.0500,255.0500,255.0400,255.0400
1788378531,255.0400,255.0900,255.0400,255.0900
1788378535,255.0900,255.0900,255.0900,255.0900
1788378537,255.1000,255.1000,255.1000,255.1000
1788378538,255.1100,255.1200,255.1100,255.1200
1788378540,255.1400,255.1400,255.1400,255.1400
1788378541,255.1400,255.1500,255.1400,255.1500
1788378543,255.1500,255.1500,255.1400,255.1400
1788378544,255.1500,255.1500,255.1500,255.1500
1788378545,255.1400,255.1400,255.1400,255.1400
1788378552,255.1450,255.1450,255.1450,255.1450
1788378554,255.1500,255.1600,255.1500,255.1600
1788378556,255.1600,255.1600,255.1600,255.1600
1788378557,255.1700,255.2000,255.1700,255.2000
1788378561,255.2000,255.2000,255.2000,255.2000
1788378563,255.1900,255.1900,255.1900,255.1900
1788378564,255.1800,255.1800,255.1800,255.1800
1788378565,255.1700,255.1700,255.1600,255.1650
1788378568,255.1500,255.1500,255.1300,255.1300
1788378569,255.1400,255.1400,255.1400,255.1400
1788378572,255.1300,255.1300,255.1300,255.1300
1788378573,255.1250,255.1250,255.1250,255.1250
1788378574,255.1100,255.1100,255.0950,255.0950
1788378575,255.0900,255.0900,255.0900,255.0900
1788378579,255.1000,255.1000,255.0700,255.0700
1788378580,255.0600,255.0600,255.0500,255.0500
1788378582,255.0800,255.0900,255.0800,255.0900
1788378583,255.1050,255.1050,255.1050,255.1050
1788378586,255.1100,255.1100,255.1050,255.1050
1788378592,255.0900,255.0900,255.0600,255.0600
1788378593,255.0650,255.0650,255.0650,255.0650
1788378595,255.1000,255.1000,255.1000,255.1000
1788378596,255.1000,255.1100,255.1000,255.1100
1788378600,255.0900,255.2000,255.0600,255.1800
1788378601,255.1500,255.1600,255.1200,255.1200
1788378602,255.1200,255.1400,255.0850,255.1300
1788378603,255.1600,255.1800,255.1600,255.1700
1788378604,255.1700,255.1700,255.1700,255.1700
1788378605,255.1600,255.1800,255.1450,255.1600
1788378606,255.1800,255.1800,255.1800,255.1800
1788378607,255.1800,255.1800,255.1800,255.1800
1788378610,255.2000,255.2000,255.2000,255.2000
1788378611,255.2300,255.2400,255.2300,255.2400
1788378612,255.2500,255.2600,255.2400,255.2400
1788378613,255.2400,255.2400,255.2300,255.2400
1788378614,255.2400,255.2400,255.2400,255.2400
1788378616,255.2450,255.2700,255.2450,255.2500
1788378617,255.2400,255.2700,255.2400,255.2700
1788378618,255.2500,255.2500,255.2500,255.2500
1788378619,255.2300,255.2300,255.2300,255.2300
1788378622,255.2400,255.2400,255.2400,255.2400
1788378623,255.2300,255.2300,255.2200,255.2200
1788378624,255.2100,255.2100,255.1900,255.1900
1788378625,255.1800,255.1900,255.1800,255.1900
1788378626,255.1900,255.2000,255.1800,255.2000
1788378628,255.2200,255.2200,255.2200,255.2200
1788378629,255.2200,255.2200,255.2200,255.2200
1788378630,255.2000,255.2000,255.2000,255.2000
1788378636,255.1800,255.1800,255.1500,255.1500
1788378639,255.1400,255.1400,255.1400,255.1400
1788378641,255.1500,255.1500,255.1500,255.1500
1788378643,255.1600,255.1700,255.1600,255.1700
1788378644,255.1800,255.1800,255.1750,255.1750
1788378645,255.1700,255.1700,255.1700,255.1700
1788378646,255.1750,255.1900,255.1750,255.1800
1788378647,255.1900,255.1900,255.1900,255.1900
1788378648,255.1800,255.1800,255.1700,255.1700
1788378649,255.1700,255.1800,255.1700,255.1800
1788378650,255.1900,255.1900,255.1900,255.1900
1788378652,255.2000,255.2000,255.1800,255.1800
1788378653,255.1700,255.1700,255.1700,255.1700
1788378654,255.1500,255.1500,255.1400,255.1500
1788378655,255.1500,255.1500,255.1500,255.1500
1788378656,255.1700,255.1700,255.1700,255.1700
1788378657,255.1600,255.1600,255.1600,255.1600
1788378660,255.1600,255.1700,255.1600,255.1600
1788378663,255.1500,255.1500,255.1500,255.1500
1788378664,255.1700,255.1700,255.1700,255.1700
1788378669,255.1500,255.1500,255.1500,255.1500
1788378670,255.1600,255.1600,255.1500,255.1500
1788378671,255.1400,255.1400,255.1200,255.1200
1788378672,255.1100,255.1100,255.1000,255.1000
1788378674,255.1000,255.1000,255.1000,255.1000
1788378675,255.1100,255.1100,255.1100,255.1100
1788378677,255.1000,255.1000,255.1000,255.1000
1788378679,255.0900,255.0900,255.0900,255.0900
1788378680,255.0700,255.0900,255.0700,255.0900
1788378683,255.0700,255.0700,255.0700,255.0700
1788378684,255.0600,255.0600,255.0500,255.0500
1788378685,255.0600,255.0600,255.0600,255.0600
1788378686,255.0600,255.0600,255.0600,255.0600
1788378687,255.0600,255.0700,255.0600,255.0600
1788378690,255.0800,255.0800,255.0800,255.0800
1788378691,255.0900,255.0900,255.0900,255.0900
1788378692,255.0800,255.0800,255.0800,255.0800
1788378694,255.0800,255.0800,255.0800,255.0800
1788378696,255.0800,255.0800,255.0800,255.0800
1788378697,255.0700,255.0700,255.0700,255.0700
1788378701,255.0700,255.0700,255.0700,255.0700
1788378702,255.0700,255.0700,255.0600,255.0600
1788378703,255.0500,255.0500,255.0500,255.0500
1788378706,255.0500,255.0500,255.0500,255.0500
1788378708,255.0400,255.0400,255.0300,255.0300
1788378709,255.0200,255.0200,255.0200,255.0200
1788378710,255.0500,255.0500,255.0500,255.0500
1788378713,255.0200,255.0200,255.0200,255.0200
1788378714,255.0300,255.0400,255.0300,255.0400
1788378716,255.0500,255.0800,255.0500,255.0800
1788378717,255.0800,255.0800,255.0800,255.0800
1788378721,255.0600,255.0600,255.0600,255.0600
1788378724,255.0600,255.0600,255.0500,255.0500
1788378729,255.0700,255.0700,255.0700,255.0700
1788378730,255.0800,255.1300,255.0800,255.1200
1788378731,255.1000,255.1000,255.1000,255.1000
1788378733,255.0800,255.0800,255.0800,255.0800
1788378740,255.0900,255.0900,255.0900,255.0900
1788378744,255.0900,255.0900,255.0900,255.0900
1788378746,255.1000,255.1000,255.1000,255.1000
1788378747,255.0850,255.0850,255.0550,255.0600
1788378748,255.0700,255.0700,255.0700,255.0700
1788378750,255.0800,255.0800,255.0800,255.0800
1788378752,255.0650,255.0650,255.0600,255.0650
1788378756,255.0600,255.0600,255.0600,255.0600
1788378758,255.0500,255.0500,255.0500,255.0500
1788378760,255.0500,255.0600,255.0500,255.0600
1788378762,255.0600,255.0600,255.0400,255.0400
1788378765,255.0400,255.0500,255.0400,255.0500
1788378767,255.0500,255.0500,255.0500,255.0500
1788378768,255.0600,255.0600,255.0500,255.0600
1788378771,255.0600,255.0600,255.0500,255.0600
1788378773,255.0700,255.0700,255.0600,255.0600
1788378774,255.0600,255.0600,255.0600,255.0600
1788378776,255.0600,255.0600,255.0450,255.0500
1788378779,255.0600,255.0600,255.0600,255.0600
1788378780,255.0600,255.0600,255.0550,255.0550
1788378783,255.0600,255.0600,255.0600,255.0600
1788378784,255.0700,255.0700,255.0700,255.0700
1788378785,255.0900,255.0900,255.0900,255.0900
1788378786,255.0800,255.0800,255.0800,255.0800
1788378787,255.0900,255.0900,255.0900,255.0900
1788378789,255.0900,255.1200,255.0900,255.1200
1788378790,255.1400,255.1900,255.1400,255.1900
1788378791,255.2000,255.2000,255.2000,255.2000
1788378793,255.1700,255.1700,255.1600,255.1700
1788378794,255.1600,255.1600,255.1600,255.1600
1788378799,255.1700,255.1700,255.1700,255.1700
1788378800,255.1700,255.1700,255.1700,255.1700
1788378801,255.1800,255.1800,255.1800,255.1800
1788378803,255.1800,255.1800,255.1800,255.1800
1788378804,255.1800,255.1850,255.1800,255.1850
1788378805,255.1900,255.1900,255.1900,255.1900
1788378808,255.1800,255.1800,255.1700,255.1700
1788378811,255.1700,255.1700,255.1700,255.1700
1788378812,255.1800,255.1800,255.1600,255.1700
1788378813,255.1800,255.1800,255.1800,255.1800
1788378814,255.1900,255.2000,255.1800,255.2000
1788378815,255.1850,255.1850,255.1850,255.1850
1788378816,255.1850,255.1850,255.1850,255.1850
1788378817,255.1700,255.1700,255.1650,255.1700
1788378819,255.1600,255.1600,255.1500,255.1500
1788378820,255.1400,255.1400,255.1300,255.1300
1788378821,255.1300,255.1300,255.1300,255.1300
1788378822,255.1800,255.1800,255.1800,255.1800
1788378824,255.1750,255.1750,255.1750,255.1750
1788378826,255.1600,255.1600,255.1200,255.1200
1788378827,255.1250,255.1500,255.1250,255.1500
1788378828,255.1200,255.1200,255.1200,255.1200
1788378829,255.1500,255.1500,255.1500,255.1500
1788378830,255.1400,255.1500,255.1300,255.1300
1788378831,255.1200,255.1200,255.1100,255.1100
1788378834,255.1100,255.1100,255.0850,255.0900
1788378836,255.0800,255.0800,255.0600,255.0600
1788378837,255.0700,255.0700,255.0600,255.0700
1788378839,255.0700,255.0700,255.0700,255.0700
1788378840,255.0700,255.0700,255.0700,255.0700
1788378841,255.0600,255.0600,255.0500,255.0500
1788378844,255.0500,255.0500,255.0500,255.0500
1788378845,255.0600,255.0600,255.0600,255.0600
1788378846,255.0500,255.0700,255.0500,255.0700
1788378848,255.0900,255.0900,255.0900,255.0900
1788378849,255.1000,255.1000,255.1000,255.1000
1788378850,255.1200,255.1200,255.1050,255.1100
1788378854,255.1000,255.1000,255.1000,255.1000
1788378858,255.1100,255.1200,255.1100,255.1200
1788378859,255.1200,255.1200,255.1200,255.1200
1788378860,255.1400,255.1600,255.1400,255.1600
1788378861,255.1600,255.2000,255.1600,255.2000
1788378862,255.2000,255.2000,255.2000,255.2000
1788378863,255.2000,255.2100,255.2000,255.2000
1788378865,255.2100,255.2300,255.2000,255.2300
1788378866,255.2100,255.2100,255.1600,255.1600
1788378869,255.1450,255.1500,255.1450,255.1500
1788378870,255.1700,255.1700,255.1700,255.1700
1788378871,255.1500,255.1500,255.1500,255.1500
1788378872,255.1500,255.1500,255.1500,255.1500
1788378873,255.1400,255.1400,255.1400,255.1400
1788378875,255.1400,255.1400,255.1400,255.1400
1788378876,255.1400,255.1500,255.1400,255.1500
1788378877,255.1500,255.1800,255.1500,255.1800
1788378878,255.1700,255.1700,255.1500,255.1500
1788378879,255.1700,255.1900,255.1700,255.1900
1788378880,255.2000,255.2200,254.9900,255.0400
1788378881,255.0300,255.0500,255.0300,255.0500
1788378882,255.0500,255.0700,255.0300,255.0500
1788378884,255.0600,255.0700,255.0500,255.0500
1788378885,255.0400,255.0700,255.0400,255.0700
1788378887,255.0700,255.0700,255.0700,255.0700
1788378888,255.0600,255.0600,255.0400,255.0400
1788378889,255.0400,255.0400,255.0400,255.0400
1788378890,255.0500,255.1100,255.0300,255.0400
1788378891,255.0300,255.0300,255.0000,255.0200
1788378892,255.0300,255.0300,255.0300,255.0300
1788378893,255.0400,255.0400,255.0400,255.0400
1788378894,255.0350,255.0350,255.0350,255.0350
1788378896,255.0450,255.0500,255.0350,255.0500
1788378897,255.0400,255.0400,254.9800,254.9800
1788378898,254.9500,254.9600,254.9000,254.9000
1788378899,254.9200,254.9300,254.9200,254.9300
1788378900,254.9400,254.9900,254.8500,254.9700
1788378901,254.9700,254.9950,254.9700,254.9800
1788378902,254.9800,254.9900,254.9500,254.9600
1788378903,254.9100,254.9200,254.9050,254.9100
1788378904,254.9200,254.9400,254.9200,254.9300
1788378905,254.9200,254.9400,254.9200,254.9400
1788378907,254.9600,254.9600,254.9450,254.9450
1788378908,254.9600,254.9700,254.9500,254.9500
1788378910,254.9600,254.9600,254.9550,254.9550
1788378911,254.9400,254.9400,254.9200,254.9200
1788378912,254.9200,254.9250,254.9200,254.9250
1788378913,254.9300,254.9500,254.9300,254.9500
1788378914,254.9600,254.9700,254.9600,254.9700
1788378915,254.9500,254.9500,254.9500,254.9500
1788378916,254.9300,254.9300,254.9300,254.9300
1788378917,254.9300,254.9300,254.9300,254.9300
1788378918,254.9300,254.9300,254.9300,254.9300
1788378919,254.9400,254.9500,254.9300,254.9500
1788378920,254.9500,254.9600,254.9500,254.9600
1788378921,254.9400,254.9400,254.9100,254.9100
1788378922,254.9200,254.9200,254.9200,254.9200
1788378923,254.9200,254.9200,254.9200,254.9200
1788378924,254.9200,254.9300,254.9200,254.9300
1788378925,254.9200,254.9200,254.9200,254.9200
1788378926,254.9100,254.9100,254.8400,254.8400
1788378927,254.8400,254.8400,254.8400,254.8400
1788378928,254.8500,254.8500,254.8300,254.8300
1788378929,254.8500,254.8600,254.8500,254.8600
1788378930,254.8300,254.8300,254.8300,254.8300
1788378931,254.8400,254.8400,254.8400,254.8400
1788378933,254.8600,254.8600,254.8400,254.8400
1788378934,254.8400,254.8400,254.8300,254.8300
1788378935,254.8200,254.8300,254.8200,254.8250
1788378936,254.8300,254.8300,254.8300,254.8300
1788378937,254.8400,254.8400,254.8300,254.8400
1788378938,254.8300,254.8300,254.8200,254.8200
1788378941,254.8250,254.8250,254.8250,254.8250
1788378942,254.8200,254.8200,254.8000,254.8050
1788378943,254.8050,254.8050,254.8050,254.8050
1788378944,254.8100,254.8100,254.8100,254.8100
1788378946,254.7900,254.8050,254.7900,254.8050
1788378947,254.8050,254.8100,254.8050,254.8100
1788378948,254.8000,254.8000,254.8000,254.8000
1788378949,254.8000,254.8000,254.7850,254.7900
1788378950,254.7800,254.7800,254.7700,254.7700
1788378951,254.7600,254.7700,254.7550,254.7700
1788378953,254.7800,254.7800,254.7700,254.7700
1788378955,254.7700,254.7700,254.7700,254.7700
1788378957,254.7750,254.7750,254.7750,254.7750
1788378958,254.7800,254.7800,254.7800,254.7800
1788378959,254.7800,254.7800,254.7700,254.7750
1788378960,254.7750,254.7750,254.7750,254.7750
1788378961,254.7900,254.8000,254.7800,254.8000
1788378962,254.7900,254.7900,254.7300,254.7600
1788378964,254.7600,254.7700,254.7600,254.7700
1788378965,254.7700,254.7700,254.7700,254.7700
1788378966,254.7500,254.7500,254.7500,254.7500
1788378968,254.7500,254.7500,254.7500,254.7500
1788378971,254.7600,254.7600,254.7600,254.7600
1788378972,254.7700,254.7700,254.7700,254.7700
1788378973,254.7600,254.7600,254.7400,254.7400
1788378974,254.7400,254.7600,254.7400,254.7600
1788378975,254.7600,254.7600,254.7500,254.7600
1788378976,254.7500,254.7500,254.7500,254.7500
1788378977,254.7600,254.7600,254.7600,254.7600
1788378978,254.7600,254.8300,254.7600,254.7900
1788378981,254.7900,254.7900,254.7900,254.7900
1788378982,254.7700,254.7700,254.7600,254.7600
1788378983,254.7500,254.7500,254.7350,254.7350
1788378984,254.7350,254.7350,254.7100,254.7100
1788378985,254.7200,254.7200,254.7200,254.7200
1788378987,254.7200,254.7200,254.7100,254.7100
1788378988,254.7000,254.7000,254.6800,254.6800
1788378989,254.6800,254.6900,254.6600,254.6600
1788378990,254.6700,254.6800,254.6300,254.6300
1788378991,254.6300,254.6300,254.6200,254.6200
1788378992,254.6300,254.6400,254.6300,254.6400
1788378993,254.6300,254.6350,254.6200,254.6200
1788378994,254.6200,254.6200,254.6000,254.6100
1788378995,254.6200,254.6200,254.6100,254.6100
1788378996,254.6000,254.6000,254.5900,254.5900
1788378997,254.5700,254.5800,254.5500,254.5700
1788378998,254.5750,254.5900,254.5400,254.5450
1788378999,254.5400,254.5400,254.5400,254.5400
1788379000,254.5400,254.5700,254.5400,254.5650
1788379001,254.5650,254.5950,254.5500,254.5950
1788379002,254.6000,254.6000,254.5800,254.5800
1788379003,254.5850,254.5850,254.5700,254.5800
1788379004,254.5700,254.5700,254.5700,254.5700
1788379006,254.5700,254.5800,254.5700,254.5800
1788379007,254.5900,254.6300,254.5900,254.6100
1788379009,254.6200,254.6600,254.6200,254.6600
1788379010,254.6600,254.6900,254.6600,254.6900
1788379011,254.6900,254.6900,254.6800,254.6800
1788379012,254.7000,254.7000,254.7000,254.7000
1788379014,254.6800,254.6800,254.6700,254.6700
1788379016,254.6800,254.6900,254.6800,254.6900
1788379017,254.6900,254.6900,254.6900,254.6900
1788379018,254.6700,254.6700,254.6700,254.6700
1788379021,254.6700,254.6700,254.6600,254.6600
1788379022,254.6600,254.6600,254.6500,254.6500
1788379023,254.6500,254.6600,254.6500,254.6600
1788379024,254.6700,254.6700,254.6700,254.6700
1788379025,254.6600,254.6900,254.6500,254.6900
1788379026,254.6900,254.7100,254.6900,254.7100
1788379027,254.7000,254.7000,254.6900,254.7000
1788379028,254.7100,254.7200,254.7000,254.7000
1788379029,254.7100,254.7200,254.7100,254.7200
1788379030,254.7200,254.7300,254.7200,254.7200
1788379031,254.7100,254.7100,254.7100,254.7100
1788379032,254.7100,254.7100,254.7000,254.7000
1788379033,254.6900,254.6900,254.6900,254.6900
1788379034,254.6900,254.7100,254.6900,254.7000
1788379035,254.7050,254.7050,254.6800,254.6800
1788379036,254.7100,254.7100,254.7100,254.7100
1788379037,254.7150,254.7150,254.7000,254.7150
1788379038,254.7000,254.7000,254.7000,254.7000
1788379039,254.6800,254.6800,254.6800,254.6800
1788379040,254.6900,254.7000,254.6850,254.6900
1788379041,254.7000,254.7000,254.7000,254.7000
1788379042,254.7000,254.7000,254.6900,254.6900
1788379043,254.6900,254.7100,254.6900,254.7100
1788379044,254.7100,254.7300,254.7100,254.7100
1788379045,254.7150,254.7150,254.7150,254.7150
1788379046,254.7400,254.7700,254.7400,254.7600
1788379047,254.7600,254.7600,254.7400,254.7400
1788379049,254.7300,254.7300,254.7300,254.7300
1788379050,254.7200,254.7200,254.7200,254.7200
1788379051,254.7250,254.7250,254.7250,254.7250
1788379054,254.7400,254.7500,254.7400,254.7500
1788379055,254.7500,254.7500,254.7200,254.7300
1788379056,254.7400,254.7400,254.7400,254.7400
1788379057,254.7400,254.7400,254.7400,254.7400
1788379058,254.7400,254.7400,254.7400,254.7400
1788379059,254.7500,254.7500,254.7200,254.7300
1788379060,254.7400,254.7400,254.7400,254.7400
1788379061,254.7400,254.7500,254.7300,254.7300
1788379062,254.7400,254.7400,254.7200,254.7200
1788379063,254.7100,254.7200,254.7100,254.7200
1788379064,254.7300,254.7700,254.7300,254.7600
1788379065,254.7700,254.7900,254.7700,254.7900
1788379066,254.7900,254.7900,254.7850,254.7850
1788379067,254.7850,254.7850,254.7500,254.7500
1788379068,254.7400,254.7400,254.7400,254.7400
1788379069,254.7500,254.7800,254.7450,254.7600
1788379070,254.7500,254.7500,254.7300,254.7300
1788379071,254.7300,254.7300,254.7300,254.7300
1788379072,254.7400,254.7400,254.7200,254.7200
1788379073,254.7300,254.7300,254.7200,254.7300
1788379074,254.7100,254.7100,254.7100,254.7100
1788379075,254.7100,254.7100,254.7000,254.7100
1788379077,254.7100,254.7300,254.7100,254.7300
1788379078,254.7300,254.7300,254.7300,254.7300
1788379079,254.7250,254.7300,254.7200,254.7300
1788379080,254.7400,254.7400,254.7200,254.7300
1788379081,254.7300,254.7400,254.7300,254.7400
1788379082,254.7400,254.7400,254.7300,254.7300
1788379083,254.7200,254.7400,254.7200,254.7400
1788379084,254.7400,254.7400,254.7300,254.7300
1788379085,254.7400,254.7600,254.7400,254.7500
1788379086,254.7600,254.7600,254.7600,254.7600
1788379087,254.7600,254.7800,254.7600,254.7600
1788379088,254.7650,254.7800,254.7600,254.7600
1788379089,254.7500,254.7700,254.7500,254.7600
1788379090,254.7400,254.7600,254.7400,254.7500
1788379091,254.7600,254.7600,254.7500,254.7500
1788379092,254.7400,254.7600,254.7400,254.7400
1788379093,254.7500,254.7500,254.7400,254.7400
1788379094,254.7500,254.7500,254.7400,254.7400
1788379095,254.7600,254.7600,254.7500,254.7500
1788379096,254.7500,254.7500,254.7300,254.7300
1788379097,254.7500,254.7500,254.7300,254.7300
1788379098,254.7200,254.7400,254.7200,254.7400
1788379099,254.7500,254.7600,254.7400,254.7500
1788379100,254.7600,254.7600,254.7400,254.7400
1788379101,254.7450,254.7450,254.7450,254.7450
1788379102,254.7300,254.7300,254.7300,254.7300
1788379103,254.7400,254.7600,254.7400,254.7500
1788379104,254.7400,254.7500,254.7400,254.7500
1788379105,254.7500,254.7500,254.7400,254.7400
1788379106,254.7300,254.7300,254.7300,254.7300
1788379107,254.7200,254.7350,254.7200,254.7200
1788379108,254.7200,254.7400,254.7200,254.7300
1788379109,254.7200,254.7400,254.7100,254.7100
1788379110,254.7100,254.7100,254.7100,254.7100
1788379111,254.7300,254.7300,254.7300,254.7300
1788379112,254.7300,254.7300,254.7100,254.7150
1788379113,254.7100,254.7200,254.7000,254.7100
1788379114,254.7100,254.7200,254.7100,254.7100
1788379115,254.7150,254.7150,254.7150,254.7150
1788379116,254.7200,254.7200,254.7100,254.7100
1788379117,254.7100,254.7200,254.7000,254.7000
1788379118,254.7050,254.7200,254.7000,254.7000
1788379119,254.6900,254.7000,254.6900,254.7000
1788379120,254.7000,254.7200,254.7000,254.7100
1788379121,254.7100,254.7200,254.7100,254.7200
1788379122,254.7100,254.7100,254.7000,254.7000
1788379123,254.7100,254.7200,254.7100,254.7200
1788379125,254.7200,254.7200,254.7200,254.7200
1788379126,254.7300,254.7400,254.7300,254.7400
1788379127,254.7300,254.7300,254.7300,254.7300
1788379128,254.7200,254.7300,254.7200,254.7200
1788379129,254.7200,254.7300,254.7200,254.7300
1788379130,254.7300,254.7400,254.7200,254.7400
1788379131,254.7200,254.7200,254.7100,254.7200
1788379132,254.7200,254.7350,254.7200,254.7300
1788379133,254.7200,254.7400,254.7200,254.7400
1788379134,254.7400,254.7400,254.7300,254.7300
1788379135,254.7200,254.7200,254.7200,254.7200
1788379136,254.7300,254.7300,254.7200,254.7300
1788379137,254.7200,254.7200,254.7200,254.7200
1788379138,254.7200,254.7300,254.7200,254.7300
1788379139,254.7200,254.7200,254.7100,254.7200
1788379140,254.7200,254.7300,254.7100,254.7200
1788379141,254.7300,254.7500,254.7300,254.7400
1788379142,254.7400,254.7400,254.7300,254.7400
1788379143,254.7500,254.7800,254.7500,254.7700
1788379144,254.7800,254.7800,254.7700,254.7800
1788379145,254.7800,254.8100,254.7800,254.7900
1788379146,254.8200,254.8500,254.8100,254.8500
1788379147,254.8500,254.8500,254.8400,254.8400
1788379148,254.8400,254.8600,254.8400,254.8600
1788379149,254.8600,254.8700,254.8600,254.8600
1788379150,254.8500,254.8600,254.8500,254.8500
1788379151,254.8500,254.8500,254.8150,254.8200
1788379152,254.8200,254.8300,254.8200,254.8300
1788379153,254.8400,254.8400,254.8200,254.8200
1788379154,254.8250,254.8250,254.8100,254.8100
1788379155,254.8100,254.8200,254.7900,254.8000
1788379156,254.7900,254.8000,254.7900,254.7900
1788379157,254.7900,254.8200,254.7800,254.8200
1788379158,254.8200,254.8400,254.8200,254.8300
1788379159,254.8300,254.8300,254.8200,254.8200
1788379160,254.8200,254.8200,254.7950,254.8000
1788379161,254.8100,254.8300,254.8000,254.8300
1788379162,254.8250,254.8300,254.8200,254.8200
1788379163,254.8200,254.8200,254.8100,254.8100
1788379164,254.8000,254.8000,254.7950,254.8000
1788379165,254.8000,254.8100,254.8000,254.8100
1788379166,254.8200,254.8350,254.8200,254.8200
1788379167,254.8200,254.8200,254.8000,254.8000
1788379168,254.8000,254.8000,254.7750,254.7750
1788379169,254.7750,254.7800,254.7700,254.7750
1788379170,254.7800,254.7800,254.7500,254.7500
1788379171,254.7400,254.7500,254.7300,254.7500
1788379172,254.7500,254.7500,254.7300,254.7500
1788379173,254.7400,254.7550,254.7400,254.7550
1788379174,254.7550,254.7600,254.7500,254.7600
1788379175,254.7500,254.7500,254.7500,254.7500
1788379176,254.7600,254.7600,254.7500,254.7500
1788379177,254.7550,254.7800,254.7500,254.7700
1788379178,254.7700,254.7700,254.7600,254.7600
1788379179,254.7700,254.7700,254.7500,254.7600
1788379180,254.7700,254.8550,254.7700,254.8450
1788379181,254.8600,254.9000,254.8300,254.8800
1788379182,254.8850,254.8850,254.8700,254.8700
1788379183,254.8700,254.9000,254.8700,254.8750
1788379184,254.8700,254.9100,254.8700,254.9100
1788379185,254.9200,254.9400,254.8700,254.8700
1788379186,254.8700,254.8700,254.8500,254.8600
1788379187,254.8600,254.8600,254.8400,254.8400
1788379188,254.8400,254.8400,254.8100,254.8100
1788379189,254.8100,254.8600,254.8100,254.8600
1788379190,254.8700,254.8800,254.7900,254.8200
1788379191,254.8000,254.8300,254.8000,254.8100
1788379192,254.8300,254.8650,254.8300,254.8300
1788379193,254.8400,254.8700,254.8200,254.8300
1788379194,254.8300,254.8500,254.8100,254.8300
1788379195,254.8200,254.9000,254.8200,254.8650
1788379196,254.8500,254.8700,254.8200,254.8400
1788379197,254.8400,254.9200,254.8400,254.8900
1788379198,254.8900,254.9400,254.8800,254.9400
1788379199,254.9300,255.0200,254.9000,254.9800
