ts,o,h,l,c
1787751000,590.3600,591.3700,588.7100,590.0000
1787751001,590.0000,590.0000,588.0000,588.8200
1787751002,588.8200,591.0000,588.5000,590.2700
1787751003,590.2300,590.2300,589.2400,589.2400
1787751004,589.6100,590.0000,589.2200,590.0000
1787751005,590.0000,590.9900,589.2300,590.6500
1787751006,590.5700,590.6200,588.5600,588.7800
1787751007,588.4500,589.0000,587.6000,587.6400
1787751008,587.6400,587.8500,586.6800,586.7700
1787751009,586.7700,587.5800,586.5200,587.5800
1787751010,587.6800,587.9000,587.6800,587.8100
1787751011,587.7900,589.6900,587.1000,589.6900
1787751012,589.7300,590.3100,589.3200,589.9400
1787751013,590.4900,590.6400,588.9100,589.2400
1787751014,589.4600,589.4700,589.0300,589.4700
1787751015,589.2100,589.3500,588.4000,588.6600
1787751016,588.6600,588.8000,588.6600,588.8000
1787751017,588.9000,589.9500,588.7500,589.3900
1787751018,589.5800,589.5800,589.3400,589.4600
1787751019,589.1400,590.4100,588.9800,590.0100
1787751020,590.2500,590.3250,589.5000,590.2450
1787751021,590.4400,591.5000,590.3600,591.3500
1787751022,591.4800,591.5000,591.3000,591.5000
1787751023,591.4900,591.9500,591.2800,591.6000
1787751024,591.6900,592.5000,591.6200,592.4300
1787751025,592.2800,592.3800,591.7200,592.2900
1787751026,591.6300,591.9200,591.0900,591.0900
1787751027,591.0000,591.0000,590.2600,590.4600
1787751028,590.6000,590.6400,590.4950,590.6400
1787751029,590.7100,590.9800,590.7100,590.9800
1787751030,590.9900,591.5000,590.8800,591.2900
1787751031,591.5000,592.9200,591.4000,592.6400
1787751032,592.6200,593.1000,592.5200,593.1000
1787751033,593.0000,593.2000,591.5000,591.6200
1787751034,591.3700,591.3700,590.3950,590.9000
1787751035,591.0000,591.0400,590.3100,590.9300
1787751036,590.9900,591.0500,590.6700,590.8600
1787751037,590.8600,591.1500,590.7550,590.7550
1787751038,590.7500,591.2800,590.7500,591.2800
1787751039,591.3400,593.3400,591.3400,593.2000
1787751040,592.9300,592.9300,592.3100,592.3100
1787751041,592.4500,592.7900,592.0400,592.0400
1787751042,592.0200,592.0200,590.0300,590.0300
1787751043,590.0300,590.1350,588.6600,589.0000
1787751044,589.5200,589.5400,589.0000,589.4800
1787751045,589.3900,589.4000,588.5300,588.5300
1787751046,588.5300,588.6800,588.1300,588.6800
1787751047,588.7900,588.8900,588.3300,588.8900
1787751048,588.8800,588.8900,587.1400,587.1400
1787751049,587.6050,587.6050,586.8800,586.8800
1787751050,587.0000,587.7500,587.0000,587.7500
1787751051,587.9600,589.1000,587.6000,589.1000
1787751052,588.8300,589.0300,588.5150,588.7900
1787751053,588.7500,588.9900,588.5100,588.7500
1787751054,588.5200,588.6400,588.2800,588.6400
1787751055,589.0400,589.1100,589.0300,589.1100
1787751056,588.6300,588.6300,588.5100,588.5100
1787751057,588.3400,588.3400,588.2800,588.3000
1787751058,588.4500,588.7250,587.7500,587.7500
1787751061,587.7900,588.7200,587.5100,588.6300
1787751062,588.8500,588.9400,588.5000,588.7100
1787751063,589.0000,589.4300,589.0000,589.4300
1787751064,589.1300,589.3400,589.1000,589.1000
1787751065,589.0800,589.0800,589.0800,589.0800
1787751066,589.3800,589.3900,588.7400,588.7400
1787751067,588.3300,588.3300,586.2600,586.2600
1787751068,586.2300,586.2300,585.5000,585.7300
1787751069,585.9650,586.0100,585.5000,585.5000
1787751070,586.0800,586.6200,585.9100,586.6200
1787751071,586.1300,586.3300,585.7600,586.1200
1787751072,586.0900,586.0900,585.1100,585.1100
1787751073,585.1200,585.7400,584.9100,585.7400
1787751074,585.5750,585.7400,585.5200,585.7400
1787751075,585.6500,586.3100,585.6500,586.3100
1787751076,586.3100,587.0650,586.1400,586.8800
1787751077,586.9500,587.0800,586.3400,586.7800
1787751078,586.6700,587.0400,586.4000,586.4000
1787751079,586.6500,586.8600,586.6500,586.7100
1787751080,587.1400,587.3000,586.9900,587.0100
1787751081,587.1800,587.2100,587.0750,587.0800
1787751082,587.0700,588.0000,587.0700,588.0000
1787751083,587.7000,587.7000,587.7000,587.7000
1787751084,587.4600,588.2200,587.3800,588.2200
1787751085,588.1500,588.2000,588.0800,588.1500
1787751086,588.3000,588.4200,588.3000,588.4200
1787751087,588.3200,588.4900,588.2400,588.4000
1787751088,588.6000,588.7700,588.6000,588.7700
1787751089,588.3600,588.3600,587.7800,588.1600
1787751090,588.3500,588.3500,587.3800,587.3900
1787751091,587.3800,587.3800,586.7700,587.1600
1787751092,587.0000,587.4600,587.0000,587.4600
1787751093,587.8300,587.8300,587.8300,587.8300
1787751094,587.8900,589.5000,587.8900,588.9600
1787751095,588.9900,589.2300,588.8550,588.8550
1787751096,588.8600,588.8600,588.6000,588.6000
1787751097,588.5800,588.5800,588.1900,588.2200
1787751099,588.1100,588.4200,588.1100,588.2900
1787751100,588.1100,588.2800,588.1100,588.2350
1787751101,588.3050,588.4700,587.9600,588.1900
1787751102,588.2700,588.2700,587.1800,587.3500
1787751103,587.1750,589.0700,587.1750,589.0700
1787751104,588.8300,589.2200,588.7200,588.9500
1787751105,588.9500,589.0000,588.9500,589.0000
1787751106,589.0400,590.1600,589.0400,589.8000
1787751107,589.8000,590.3800,589.6600,590.3800
1787751108,590.3800,590.4000,590.1300,590.1300
1787751109,589.9900,590.0000,589.9900,590.0000
1787751110,590.0100,590.0650,589.8300,589.9100
1787751111,589.8350,590.1800,589.5700,589.6700
1787751112,589.6700,589.6700,589.6700,589.6700
1787751115,589.5700,590.8600,589.5700,590.8600
1787751116,590.6500,590.7600,590.3800,590.7500
1787751117,590.9500,591.0100,590.7350,590.8900
1787751118,590.7100,590.7600,590.4750,590.4750
1787751119,590.5000,590.5000,590.5000,590.5000
1787751120,590.5200,590.5800,590.5200,590.5800
1787751121,590.3900,590.3900,590.0800,590.3800
1787751122,590.1400,590.3700,589.8500,589.9500
1787751123,589.9400,590.3100,589.7800,589.9000
1787751124,589.8650,590.3600,589.8650,590.3600
1787751125,590.0400,590.0600,589.7000,590.0600
1787751126,589.7000,590.3600,589.7000,590.3600
1787751127,590.4700,591.1200,590.4700,591.1000
1787751128,591.1800,591.5100,591.0300,591.2300
1787751129,591.0300,591.3300,590.8900,591.0100
1787751130,591.1900,591.8800,591.1900,591.4000
1787751131,591.9000,592.0600,591.3400,591.4400
1787751132,591.5600,591.9400,591.5500,591.9400
1787751133,591.9000,592.7800,591.9000,592.6800
1787751134,592.4700,592.4700,591.7700,591.7700
1787751135,591.6800,591.6800,591.5200,591.5200
1787751136,591.5750,592.0900,591.5100,592.0900
1787751137,592.2200,592.3900,591.9500,591.9900
1787751138,591.8900,591.9200,591.5000,591.5900
1787751139,591.2200,591.5100,591.2200,591.5100
1787751140,591.7000,591.7000,591.3300,591.3300
1787751141,591.8000,591.9200,591.6100,591.6900
1787751142,591.9200,592.3400,591.8400,592.2000
1787751143,592.2700,592.3200,591.6200,591.6200
1787751144,591.4000,591.4000,590.8900,590.8900
1787751145,590.7300,590.7300,590.3500,590.3500
1787751146,590.2700,590.5700,589.9600,590.4500
1787751147,590.6700,590.8700,590.6700,590.8700
1787751148,590.5500,590.5500,590.5500,590.5500
1787751149,590.8800,590.9600,590.2200,590.2200
1787751150,590.3000,590.6700,590.3000,590.6700
1787751152,590.3600,590.5800,590.3600,590.5800
1787751153,590.3700,590.4100,590.2200,590.4100
1787751154,590.1250,590.1250,587.8700,587.8700
1787751155,587.5000,587.5000,586.5000,586.5900
1787751156,586.8800,587.5200,586.6500,587.4500
1787751157,587.4200,587.4200,587.0400,587.0900
1787751158,587.4600,587.5400,586.8400,586.9700
1787751159,586.6600,587.7200,585.8900,586.0100
1787751160,586.0000,586.0000,585.2800,585.2800
1787751161,585.4850,586.3500,585.4850,586.3500
1787751162,586.3600,586.5500,586.1800,586.1800
1787751163,586.2600,586.8400,586.2600,586.8400
1787751164,586.2700,586.2700,585.4200,585.4200
1787751165,585.2700,585.7100,585.2000,585.5700
1787751166,585.2000,585.3100,585.0000,585.0300
1787751167,585.1300,585.5100,585.0700,585.5100
1787751168,585.4550,585.4550,584.9900,585.4100
1787751169,585.4300,585.8000,585.4300,585.4600
1787751170,585.1400,585.1600,584.8400,585.1100
1787751171,585.0600,585.0600,584.5000,584.6600
1787751172,584.7000,584.8600,584.7000,584.8600
1787751173,584.7200,585.0000,584.7200,584.8100
1787751174,585.0400,585.2100,585.0400,585.1900
1787751175,585.0450,585.0600,584.7100,584.9800
1787751176,585.1400,585.1400,584.7400,584.9450
1787751177,584.8300,584.8300,584.6000,584.6000
1787751178,584.5550,584.8600,583.6600,584.3100
1787751179,584.1600,584.1600,583.5900,583.6000
1787751180,583.5900,583.5900,583.5900,583.5900
1787751181,583.5900,584.2000,583.4800,583.5900
1787751183,583.4700,583.4700,582.2800,582.2800
1787751184,582.4700,582.4700,582.4400,582.4400
1787751185,582.4500,582.9400,582.4500,582.9400
1787751186,583.0700,583.2500,582.7200,582.7200
1787751187,582.6000,582.7450,582.1000,582.1000
1787751188,582.0400,582.6000,582.0400,582.6000
1787751189,582.7000,582.7300,581.8000,581.8500
1787751190,581.5600,582.3200,581.4000,581.6700
1787751191,581.8300,582.1700,581.7100,581.7100
1787751192,581.8000,582.5500,581.8000,582.5500
1787751193,581.9700,581.9700,581.6200,581.6200
1787751194,581.5000,581.6300,581.4400,581.6300
1787751195,581.7200,581.7200,581.1100,581.3000
1787751196,581.3400,581.8000,581.0400,581.6300
1787751197,581.3300,581.3300,581.3300,581.3300
1787751198,581.4400,581.8100,581.4400,581.8100
1787751199,581.9400,582.0300,581.9400,581.9400
1787751200,581.8800,582.0500,580.7600,580.8800
1787751201,580.7500,581.1600,580.5200,580.6800
1787751202,580.6700,581.8900,580.6300,581.2800
1787751203,581.4000,581.5900,581.2200,581.2200
1787751204,581.3900,582.1600,581.3900,582.1600
1787751205,582.2500,583.3800,581.9200,583.2950
1787751206,583.0800,583.0800,582.2700,582.7500
1787751207,582.6800,582.7700,582.0800,582.0900
1787751208,582.0100,582.5100,581.9100,582.5100
1787751209,582.7200,583.3300,582.7200,583.3300
1787751210,582.7700,582.7700,582.3550,582.3550
1787751211,582.3550,583.1000,582.3550,583.1000
1787751212,582.7400,582.7400,582.6000,582.6000
1787751213,582.9400,583.2300,582.4500,582.6600
1787751214,582.8400,584.5900,582.6400,583.4100
1787751215,583.5800,583.6200,583.0000,583.2800
1787751216,583.1300,583.1300,583.1200,583.1200
1787751217,583.1000,583.1000,582.7500,583.0000
1787751218,582.8600,583.6300,582.8600,583.6300
1787751219,583.6800,583.6800,583.1500,583.1500
1787751221,583.7200,583.8200,583.2500,583.2600
1787751222,583.4700,583.5400,583.4500,583.4500
1787751223,583.3900,583.3900,583.0200,583.1700
1787751224,583.1700,583.1700,582.8000,582.8000
1787751225,582.7700,583.2800,582.7000,583.2100
1787751226,583.4700,583.6350,583.4700,583.6100
1787751227,583.2100,583.2100,583.1100,583.2000
1787751228,583.3000,583.3000,583.3000,583.3000
1787751229,583.2800,583.6050,583.2800,583.4300
1787751230,583.3100,583.3100,583.3100,583.3100
1787751231,583.0400,583.1100,582.8300,583.0100
1787751232,583.0100,583.0100,582.5800,582.5800
1787751233,582.7450,583.3200,582.7200,583.0500
1787751234,583.4300,583.7400,583.3900,583.4200
1787751235,583.7900,584.2000,583.5300,583.5300
1787751236,583.5300,583.5300,583.5300,583.5300
1787751237,583.9300,584.6000,583.9300,584.3900
1787751238,584.2200,584.5000,584.1700,584.3600
1787751239,584.2100,584.2100,584.2100,584.2100
1787751240,584.2600,584.2600,583.4300,583.5800
1787751241,583.6700,584.0000,583.5300,584.0000
1787751242,584.0000,584.0000,583.4400,583.7800
1787751243,583.7600,583.7600,583.7300,583.7600
1787751244,583.7000,583.7000,583.7000,583.7000
1787751245,583.8800,584.2200,583.6900,584.2200
1787751246,584.3300,584.3900,584.3300,584.3900
1787751247,584.3400,584.3400,584.1400,584.1800
1787751248,584.1800,584.8100,584.1400,584.8100
1787751249,584.7600,584.7600,583.6400,584.1900
1787751250,584.3700,584.3700,584.1450,584.1450
1787751251,584.1500,584.1500,584.1500,584.1500
1787751252,583.9900,584.4300,583.9900,584.3750
1787751253,584.3800,584.4050,584.0200,584.0200
1787751255,584.6700,585.0000,584.6700,584.7400
1787751257,584.6700,584.8400,584.2100,584.2100
1787751258,584.2200,585.6500,583.9500,585.6500
1787751259,585.2500,585.5000,585.2400,585.3200
1787751260,585.4700,585.4700,585.4700,585.4700
1787751261,585.6300,585.8000,585.2100,585.2300
1787751262,585.1400,585.1400,584.6000,584.6000
1787751263,585.1300,585.1300,584.7200,584.7200
1787751264,584.8700,585.0100,584.5900,584.7800
1787751265,584.8300,585.3900,584.7600,585.0000
1787751266,585.0000,585.0000,584.9700,585.0000
1787751267,585.2900,585.4700,585.2900,585.4700
1787751269,585.5800,585.5800,585.5800,585.5800
1787751270,585.3200,586.1100,585.1700,586.1100
1787751271,586.1800,586.2600,586.1800,586.2600
1787751272,586.0700,586.0700,585.8900,585.9200
1787751273,585.5800,585.6050,585.5800,585.6050
1787751274,585.6350,586.0100,585.6350,585.6700
1787751275,585.6800,585.9200,585.3400,585.8600
1787751276,586.0900,586.3200,585.5900,585.5900
1787751277,585.5900,585.5900,585.4900,585.4900
1787751280,585.6000,585.6600,585.5650,585.5650
1787751281,585.4300,585.6700,585.1500,585.3000
1787751282,585.1000,585.3700,584.6900,585.3000
1787751283,585.3300,585.5800,585.3300,585.5700
1787751284,585.6900,585.8100,585.6900,585.8100
1787751285,585.8100,585.9500,585.8100,585.9500
1787751286,585.9700,586.0000,585.8300,586.0000
1787751287,585.9600,585.9600,585.8000,585.8000
1787751288,585.7100,585.9600,585.6800,585.9600
1787751289,585.7400,585.7700,585.7200,585.7200
1787751290,585.6600,585.9700,585.6600,585.8400
1787751291,585.8900,585.8900,585.8900,585.8900
1787751292,585.8300,585.8300,585.2000,585.2000
1787751293,585.4550,585.4550,585.4500,585.4500
1787751294,585.3250,585.3250,583.7000,583.8200
1787751295,583.6200,583.6800,582.8000,583.1600
1787751296,582.5900,583.3400,582.5000,583.2300
1787751297,583.2000,583.2000,582.8600,582.8600
1787751298,582.6300,582.6300,582.4400,582.5800
1787751299,582.3600,582.7000,582.3300,582.3700
1787751300,582.1700,582.4300,581.8500,581.8600
1787751301,582.0400,582.2000,582.0400,582.0400
1787751302,582.0950,582.0950,581.8600,582.0000
1787751303,582.0500,582.0900,581.4000,581.9400
1787751304,582.1900,582.2200,581.8100,581.8650
1787751305,581.8650,582.0100,581.7250,581.9200
1787751306,581.7500,581.7800,581.0000,581.0000
1787751307,581.2350,581.4800,581.1100,581.4600
1787751308,581.0900,581.0900,581.0700,581.0700
1787751309,581.0100,581.0100,580.7200,580.9300
1787751310,580.7700,580.7700,580.7700,580.7700
1787751311,580.5900,580.7800,579.3600,579.7600
1787751312,579.8200,580.0600,579.8200,579.8900
1787751313,580.1100,580.1400,579.8600,579.9900
1787751314,579.7600,579.9300,579.4400,579.4600
1787751315,579.6900,579.9900,579.3700,579.6900
1787751316,579.9000,580.0000,579.7550,580.0000
1787751317,580.0200,580.0200,579.6900,579.6900
1787751318,579.5200,579.5200,579.0800,579.0800
1787751319,579.2600,579.5900,579.2600,579.4200
1787751320,579.4200,579.4600,579.4200,579.4500
1787751321,579.1500,579.3600,579.1500,579.3600
1787751322,579.3800,579.6400,579.3300,579.3300
1787751323,579.3600,579.3600,579.3200,579.3200
1787751324,579.4800,579.5900,579.4800,579.5600
1787751325,579.7700,580.0000,579.7700,580.0000
1787751326,580.1700,580.5700,580.1700,580.5300
1787751327,580.5650,580.6400,580.5650,580.6400
1787751328,580.5800,580.5800,580.2100,580.2100
1787751329,580.2700,580.4000,579.3600,579.3600
1787751330,579.7000,579.7000,579.7000,579.7000
1787751331,579.9400,580.6900,579.9400,580.6900
1787751332,580.6000,581.5000,580.6000,581.4400
1787751333,581.0300,581.1900,580.6000,580.9600
1787751334,580.9900,581.0000,580.9900,581.0000
1787751335,581.0000,581.0500,581.0000,581.0500
1787751336,581.4500,581.6500,581.4500,581.4600
1787751337,581.0100,581.0100,580.8400,580.8400
1787751338,580.8300,580.8300,580.8200,580.8200
1787751339,581.0800,581.2100,581.0300,581.1150
1787751340,581.0950,581.0950,581.0950,581.0950
1787751341,581.0100,581.0100,581.0000,581.0000
1787751342,581.1000,581.1900,581.1000,581.1900
1787751343,581.3800,582.5000,581.3800,582.5000
1787751344,582.5900,583.0000,582.5900,582.8800
1787751345,582.8900,582.8900,582.4600,582.4600
1787751346,582.2200,582.2200,582.1500,582.1500
1787751347,581.6800,581.6800,581.1000,581.1000
1787751348,581.0000,581.1700,580.9000,581.1700
1787751352,581.3200,581.3200,581.3200,581.3200
1787751353,581.0700,581.1400,580.9000,581.1400
1787751354,581.4800,581.8500,581.4800,581.7900
1787751355,581.8600,581.9100,581.0000,581.0000
1787751356,581.0000,581.0650,580.8600,581.0650
1787751357,581.2100,581.2700,580.7000,580.7000
1787751358,580.9600,581.0000,580.9600,581.0000
1787751359,580.8500,581.0100,580.8200,580.8500
1787751360,580.7600,580.7600,580.3500,580.3500
1787751361,580.3100,580.3100,579.3100,579.3100
1787751362,579.3900,579.6200,579.3000,579.5550
1787751363,579.8100,579.8200,579.1300,579.1300
1787751364,579.1400,579.1400,577.5200,577.5200
1787751365,577.5000,577.5000,576.4500,576.4500
1787751366,576.5000,576.7200,575.7500,576.3600
1787751367,576.3800,576.9600,575.0000,576.0500
1787751368,575.9900,576.0100,575.2700,575.7700
1787751369,575.5300,575.6700,575.2100,575.6700
1787751370,575.3300,575.6500,575.2500,575.6500
1787751371,575.6900,576.2500,575.6900,576.2500
1787751372,575.7300,575.9950,575.4800,575.9950
1787751373,575.9800,576.4800,575.9300,576.4800
1787751374,576.5300,576.5300,576.0200,576.1400
1787751375,575.9400,575.9400,575.9400,575.9400
1787751376,575.8200,575.8200,573.7000,573.7000
1787751377,573.6500,574.2700,573.5400,574.2700
1787751378,573.8300,574.3500,573.8300,574.3400
1787751379,574.4300,574.5700,574.3400,574.5700
1787751380,574.7800,574.7800,574.2800,574.5200
1787751381,574.1100,574.3500,574.0000,574.0200
1787751382,574.0100,574.0600,573.8300,573.9400
1787751383,573.9500,574.3100,573.7000,573.7000
1787751384,573.8400,574.0600,573.8400,573.8600
1787751385,573.7000,573.7000,573.0000,573.0000
1787751386,573.5200,573.9600,573.1000,573.9600
1787751387,573.9800,574.2700,573.7100,574.0400
1787751388,573.7200,573.7200,573.4800,573.6400
1787751390,573.1000,573.1000,572.4100,572.4100
1787751391,572.4000,572.9700,572.1700,572.2800
1787751392,572.0400,572.4200,571.8500,571.9800
1787751394,571.8700,571.9200,571.8000,571.8700
1787751395,572.3600,572.3600,571.7600,572.1300
1787751396,572.3650,573.5100,572.3650,573.5100
1787751397,573.3900,573.9900,573.0000,573.0000
1787751398,573.1600,573.5400,573.0000,573.0000
1787751399,572.7300,573.1600,572.7300,573.1600
1787751400,572.8700,574.0500,572.7800,573.8000
1787751401,573.8600,573.9200,573.8600,573.9200
1787751402,574.0800,574.8600,574.0050,574.7100
1787751403,574.6300,574.7600,574.1900,574.5700
1787751404,574.7100,574.7100,574.0000,574.3900
1787751405,574.0800,574.1600,573.4000,573.4900
1787751406,573.7950,573.7950,573.3400,573.5100
1787751407,573.2100,573.2100,572.5800,572.7000
1787751408,573.0200,573.0550,573.0000,573.0000
1787751409,573.0500,573.3400,573.0000,573.0000
1787751410,572.7300,572.7300,572.4700,572.5500
1787751411,572.6900,572.9900,572.3200,572.6900
1787751412,572.5600,572.5600,572.3200,572.3200
1787751413,572.2700,572.9400,572.2700,572.8200
1787751414,572.9200,573.5800,572.8700,573.4100
1787751415,573.1500,573.1700,572.9200,573.0800
1787751416,573.3700,573.5000,573.3700,573.5000
1787751417,573.6500,573.6700,573.4400,573.4400
1787751418,573.5800,573.7000,573.1600,573.1600
1787751419,573.1500,573.1500,572.3700,572.7000
1787751420,572.9300,572.9300,572.7250,572.7250
1787751421,572.7200,573.2600,572.7200,572.8600
1787751422,572.9300,573.0100,572.9300,573.0100
1787751423,572.8100,573.6400,572.8100,573.2700
1787751424,573.2300,573.2300,573.2300,573.2300
1787751425,573.2400,573.2400,573.2400,573.2400
1787751426,573.3500,573.9500,573.3500,573.9500
1787751427,573.5200,573.5200,573.1100,573.2900
1787751428,573.0200,573.2100,572.9900,573.0800
1787751429,572.9900,573.1500,572.8000,572.8800
1787751430,573.1200,573.1600,573.1200,573.1600
1787751431,573.0600,573.0900,573.0000,573.0200
1787751432,572.8300,572.8750,572.7000,572.8400
1787751433,573.0000,573.7900,572.9600,573.7900
1787751434,573.5700,574.2650,573.5600,574.2650
1787751435,574.0900,574.0950,573.8000,574.0950
1787751437,574.2000,574.5400,574.2000,574.4950
1787751438,574.1700,574.1700,573.3400,573.3400
1787751439,573.2800,573.4100,573.2800,573.4100
1787751440,573.4700,573.4700,573.4700,573.4700
1787751441,573.4900,574.1400,573.4900,573.8900
1787751442,573.7400,573.7400,573.6900,573.6900
1787751443,573.9250,574.2100,573.9000,574.2100
1787751444,573.9200,573.9200,573.4100,573.7600
1787751445,573.7600,574.0550,573.4900,573.4900
1787751446,573.7350,573.7600,573.7350,573.7600
1787751447,573.7600,574.1100,573.4700,573.9600
1787751448,573.8600,574.0500,573.8500,573.8700
1787751449,573.7400,573.8400,573.5100,573.5100
1787751450,573.8400,573.9300,573.6800,573.8850
1787751451,573.8600,573.9100,573.8100,573.9100
1787751452,573.8300,573.8800,573.7400,573.7500
1787751453,573.5500,573.6000,573.3000,573.5550
1787751454,573.5000,573.8100,573.3000,573.5650
1787751455,573.5700,573.8200,573.5600,573.5600
1787751456,573.5600,573.5600,572.9900,573.0100
1787751457,573.1500,573.1500,572.9600,573.0000
1787751458,573.1350,573.1400,573.1350,573.1350
1787751459,573.1350,573.1350,572.9600,573.1350
1787751460,573.0100,573.0100,572.7350,572.8900
1787751461,572.7300,572.9600,572.7000,572.9600
1787751462,573.2000,573.3100,573.2000,573.2600
1787751463,573.2050,573.2300,572.8200,572.8800
1787751464,572.8000,572.8000,572.2200,572.2800
1787751465,572.1500,572.3800,571.9900,572.3800
1787751466,572.0100,572.0800,571.6000,571.6000
1787751467,571.6800,571.7800,571.4100,571.4100
1787751468,571.7150,571.9200,571.7150,571.9200
1787751469,571.7500,572.1000,571.7500,572.1000
1787751470,571.8100,571.8700,571.6700,571.7400
1787751471,571.7000,571.9000,571.6950,571.9000
1787751472,571.9150,571.9400,571.6000,571.6000
1787751473,571.6950,571.9900,571.4000,571.4000
1787751474,571.4100,571.6400,571.3400,571.5100
1787751475,571.7000,571.7700,571.6100,571.6800
1787751476,571.6800,572.3000,571.6500,572.3000
1787751477,572.1500,572.1550,572.0800,572.1550
1787751478,572.1900,572.1900,572.1900,572.1900
1787751479,572.1950,572.3800,572.1500,572.2000
1787751480,572.2300,572.2400,572.2300,572.2400
1787751481,572.2400,572.2450,572.2400,572.2450
1787751482,572.2500,572.6400,572.2500,572.5000
1787751484,572.5000,573.0100,572.4600,572.8600
1787751485,572.6500,572.6700,572.5800,572.6700
1787751486,572.7600,572.7600,572.5300,572.6500
1787751488,572.6800,572.6800,572.1600,572.1950
1787751489,572.2000,572.2000,571.3000,571.5000
1787751490,571.5300,571.5300,571.4200,571.4200
1787751491,571.5100,571.5100,571.2000,571.3750
1787751492,571.3750,571.5500,571.3750,571.4000
1787751493,571.2000,571.5900,571.0000,571.5900
1787751494,571.2000,571.2000,570.6900,570.8150
1787751495,571.0400,571.3000,570.7100,570.9750
1787751496,570.8000,571.5700,570.7300,571.1800
1787751497,571.3400,571.3400,571.3400,571.3400
1787751498,571.3100,571.3100,571.3000,571.3000
1787751499,571.2500,571.3300,571.1700,571.3300
1787751500,571.2650,571.2650,571.2650,571.2650
1787751501,571.2600,571.5300,571.2000,571.3000
1787751502,571.2600,571.2600,571.0000,571.0500
1787751503,571.2550,571.2550,571.2450,571.2450
1787751504,571.2450,571.8600,571.2450,571.8550
1787751505,571.8100,571.8600,571.6000,571.8300
1787751506,571.6700,571.6700,570.8000,570.9000
1787751507,570.8500,571.0000,570.8500,571.0000
1787751508,571.2000,571.4200,571.0000,571.4200
1787751509,571.5650,571.5650,571.5650,571.5650
1787751510,571.4200,571.7800,571.3400,571.6700
1787751511,571.7300,571.7300,571.6200,571.7300
1787751512,571.8600,571.9200,571.7000,571.7700
1787751513,571.6800,571.6800,571.5300,571.5300
1787751514,571.5800,572.0000,571.5800,572.0000
1787751515,571.7500,572.0900,571.7500,572.0900
1787751516,572.0000,572.0000,571.7600,571.8300
1787751517,571.5700,571.5700,571.3000,571.3700
1787751518,571.7400,571.7500,571.7400,571.7500
1787751519,571.5600,571.6300,571.5600,571.6300
1787751520,571.6800,571.8500,571.6800,571.8500
1787751522,571.5700,571.5700,571.3000,571.3000
1787751523,571.3000,571.3500,570.9300,570.9300
1787751524,570.8300,571.4200,570.8300,571.4200
1787751525,571.0900,571.0900,570.7100,570.7200
1787751526,570.8700,571.3500,570.8700,571.3500
1787751527,570.7200,570.8000,570.5900,570.6600
1787751528,570.7000,570.7000,570.2000,570.2000
1787751529,570.5850,571.0300,570.4000,570.4000
1787751530,570.3500,570.3500,569.7500,570.0900
1787751531,570.1900,570.2000,569.0000,569.0000
1787751532,569.1200,569.1200,568.4300,568.4300
1787751533,568.6650,568.8700,568.4100,568.4100
1787751534,568.5600,568.8200,568.3200,568.4700
1787751536,568.4700,568.6800,568.3300,568.6800
1787751537,568.6300,568.6300,568.3900,568.3900
1787751538,568.5000,568.6600,568.2100,568.6000
1787751539,568.4600,568.8800,568.3100,568.4600
1787751540,568.5200,568.6700,568.3900,568.3900
1787751541,568.5350,568.6300,568.3200,568.4300
1787751542,568.3600,568.4000,567.6100,567.8700
1787751543,567.6700,568.4000,567.6700,568.4000
1787751544,568.3200,568.5000,568.0000,568.1600
1787751545,568.4400,568.4400,568.3000,568.3000
1787751546,568.3400,568.6300,568.0800,568.3100
1787751547,568.4100,568.9400,568.4100,568.4400
1787751548,568.6900,568.9600,568.6350,568.6500
1787751549,568.6500,568.6500,567.9400,567.9400
1787751550,568.0500,568.4700,567.9900,568.2550
1787751551,568.0000,568.0000,567.7100,567.7100
1787751552,567.6700,567.8200,567.4100,567.7600
1787751553,567.4100,567.6200,567.2400,567.5800
1787751554,567.4200,567.5900,567.2000,567.2000
1787751555,567.2000,567.6700,567.2000,567.6700
1787751556,567.6700,568.0300,567.3500,567.6200
1787751557,567.7100,567.7100,566.7700,567.2900
1787751558,567.6000,567.6000,567.2100,567.3900
1787751559,567.6100,567.6500,567.2100,567.3800
1787751560,567.5500,567.6700,566.5600,566.8400
1787751561,566.4800,566.7200,566.1300,566.6400
1787751562,566.6000,566.7700,566.2300,566.2300
1787751563,566.2900,566.4100,566.2900,566.3900
1787751564,566.2900,566.3650,566.2300,566.3650
1787751565,566.3000,566.3700,566.2000,566.2900
1787751566,566.4200,566.7500,565.6500,565.7750
1787751567,565.7300,565.8300,565.5100,565.7200
1787751568,565.7100,566.0700,565.2300,565.2800
1787751569,565.2300,566.1900,565.2300,565.9300
1787751570,565.6400,565.7800,565.4400,565.5100
1787751571,565.4400,565.5800,564.6600,565.0000
1787751572,564.8300,565.4100,564.6700,565.1250
1787751573,565.1100,565.2400,564.9200,565.2300
1787751574,565.4400,565.6800,565.4000,565.6800
1787751575,565.6600,566.0000,565.3900,565.8750
1787751576,565.9200,566.0500,565.6300,565.6300
1787751577,565.8050,566.2300,565.7800,566.1900
1787751578,565.9800,566.0400,565.7800,565.7800
1787751579,565.9800,566.0800,565.9300,565.9300
1787751580,566.0100,566.1300,565.8600,566.1300
1787751581,566.1000,566.1000,565.2700,565.4800
1787751582,565.5750,565.7700,565.5700,565.7700
1787751583,565.8200,566.5200,565.8200,566.4900
1787751584,566.2500,566.2500,565.8600,565.9000
1787751585,565.9400,566.0200,565.8400,565.8900
1787751586,566.0700,566.1800,566.0000,566.0900
1787751587,566.0900,566.1600,566.0200,566.1500
1787751588,566.1800,566.4200,566.1400,566.3250
1787751589,566.1600,566.4700,566.1000,566.4500
1787751590,566.1100,566.1100,565.1800,565.1800
1787751591,565.5200,566.6800,565.3900,566.3300
1787751592,566.4600,567.2000,566.4600,566.5500
1787751593,566.5600,566.6800,566.5100,566.5200
1787751594,566.8100,566.8100,566.8100,566.8100
1787751595,566.6900,566.6900,566.2800,566.2800
1787751596,566.1500,566.1500,565.7300,565.7300
1787751597,566.0100,566.0200,566.0100,566.0200
1787751598,566.0000,566.0000,565.7200,565.9400
1787751599,566.0300,566.1000,565.9300,565.9300
1787751600,566.0900,566.0900,565.6700,565.6700
1787751601,565.6600,566.0500,564.4900,564.4900
1787751602,564.6900,564.6900,564.3900,564.5300
1787751603,564.6000,565.3100,563.4700,563.5100
1787751604,563.3800,563.7800,563.1200,563.7800
1787751605,563.4700,564.1800,563.4700,564.1800
1787751606,564.1500,564.1500,563.4500,563.8400
1787751607,563.8300,563.9900,563.0000,563.9900
1787751608,563.6800,563.8000,563.4200,563.6500
1787751609,563.8200,563.8350,563.4500,563.6900
1787751610,563.7200,563.9800,563.5200,563.8900
1787751611,563.9900,564.1300,563.9000,564.1300
1787751612,563.9000,564.0900,563.8500,563.8500
1787751613,564.0500,564.3400,564.0200,564.3400
1787751614,564.3500,564.3600,564.2600,564.2600
1787751615,564.3000,564.5800,564.3000,564.5700
1787751616,564.5700,564.7600,564.5700,564.7600
1787751617,564.7600,564.9000,563.6200,563.7500
1787751618,563.9100,564.0900,563.6600,564.0900
1787751619,564.1200,564.6300,563.9800,564.6100
1787751620,564.5600,564.7700,564.5600,564.7700
1787751621,564.7100,564.7800,564.7100,564.7300
1787751622,564.6100,565.0000,564.5500,564.9300
1787751623,565.1200,565.2200,564.9500,564.9500
1787751624,565.0600,565.0600,564.5300,564.5300
1787751625,564.4800,564.9100,564.4800,564.9100
1787751626,564.6600,564.6900,564.4400,564.4400
1787751627,564.6200,564.6200,564.6200,564.6200
1787751628,564.5000,564.5000,564.0000,564.0900
1787751629,564.2500,565.0100,563.9900,565.0100
1787751630,565.2000,565.5600,565.2000,565.2700
1787751631,565.3600,565.3600,564.9000,564.9600
1787751632,564.9800,565.2200,564.8400,564.9300
1787751633,564.8200,565.0700,564.7100,565.0700
1787751634,565.1600,565.1600,564.9700,565.0000
1787751635,565.1900,565.1900,565.0000,565.1500
1787751636,565.1400,565.1600,564.9900,565.1000
1787751637,564.9000,565.0000,564.7000,564.9900
1787751638,564.9100,564.9300,564.6000,564.9300
1787751639,565.0100,565.0200,565.0100,565.0200
1787751640,565.0100,565.4400,564.7000,565.2000
1787751641,565.1200,565.2400,565.0300,565.2400
1787751642,565.1100,566.2200,565.1100,565.8600
1787751643,565.9500,566.1600,565.9500,566.1200
1787751644,565.8900,566.1400,565.8400,565.8900
1787751645,566.0500,566.0500,565.5100,565.5100
1787751646,566.0500,566.2200,565.2900,566.1300
1787751647,565.8400,565.8400,565.0700,565.6150
1787751648,566.0900,566.2800,566.0600,566.0600
1787751649,566.0000,566.2200,565.8800,566.2200
1787751650,566.3400,566.3400,565.9800,565.9800
1787751651,565.9800,566.1100,565.5200,565.7400
1787751652,565.7500,565.9500,565.4200,565.9500
1787751653,566.0300,566.0700,565.7600,565.9100
1787751654,565.7900,566.2800,565.2800,566.2800
1787751655,566.0100,566.1500,566.0000,566.0600
1787751656,565.6700,566.1000,565.6700,565.8850
1787751657,565.9600,566.0800,565.8000,565.8000
1787751658,565.6700,565.8000,565.2600,565.5100
1787751659,565.7700,567.1300,565.7700,567.1300
1787751660,566.9500,567.0700,566.7750,566.8600
1787751661,566.9200,566.9200,566.9200,566.9200
1787751662,566.7500,566.8700,566.5100,566.8700
1787751663,566.8800,567.1100,566.3500,566.9100
1787751664,566.6400,566.9000,566.6400,566.6400
1787751665,566.3600,566.8000,566.2000,566.8000
1787751666,566.8000,566.8000,565.9000,565.9900
1787751667,566.2900,566.4200,565.3500,566.3200
1787751668,566.5000,567.8500,566.4850,567.8500
1787751669,567.5300,567.5300,567.5300,567.5300
1787751670,567.5150,567.5150,566.8900,566.8900
1787751671,566.8800,566.9950,566.8500,566.8500
1787751672,566.9850,567.0100,566.9850,567.0100
1787751673,566.8400,566.8400,566.8400,566.8400
1787751674,566.7200,566.7200,566.6300,566.6300
1787751675,566.8100,566.8100,566.8050,566.8050
1787751676,566.7800,567.1200,566.3600,566.5300
1787751677,566.6100,566.8500,566.4000,566.6200
1787751678,566.7200,566.7600,566.6800,566.7600
1787751679,566.9000,567.0700,566.9000,567.0700
1787751680,567.0700,567.2000,567.0700,567.2000
1787751681,567.0500,567.3100,566.7600,567.0000
1787751682,566.7300,566.7300,565.6900,566.0500
1787751683,566.3000,566.4400,566.3000,566.4400
1787751684,566.5600,566.7900,566.5300,566.7900
1787751685,566.8600,566.8800,566.7700,566.8800
1787751686,566.8800,566.9000,566.6000,566.9000
1787751687,566.9400,567.4000,566.9400,567.4000
1787751688,567.5000,567.5700,567.3400,567.5700
1787751689,567.5700,567.6400,567.4200,567.4200
1787751690,567.4200,567.5500,567.2100,567.2100
1787751691,567.3500,567.4100,567.3300,567.4100
1787751692,567.4200,567.4200,567.4200,567.4200
1787751693,567.5000,567.7900,567.5000,567.7900
1787751694,567.7900,568.1100,567.7900,568.0000
1787751695,568.1200,568.3600,568.1200,568.1900
1787751696,568.1200,568.8500,568.1200,568.6500
1787751697,568.5600,568.7800,568.5050,568.5050
1787751698,568.6200,569.0000,568.2700,568.6400
1787751699,568.6900,568.8000,568.6900,568.7800
1787751700,568.7600,568.8200,568.5450,568.8000
1787751701,568.6700,568.6700,567.3700,567.3700
1787751702,567.3300,567.5500,567.2100,567.4400
1787751703,567.3700,567.3700,566.5000,566.5900
1787751704,566.5400,566.9500,566.5000,566.9500
1787751705,566.5500,566.5500,566.5200,566.5200
1787751706,566.6000,566.6000,566.0600,566.5000
1787751707,566.0600,566.2500,566.0000,566.0100
1787751708,566.0100,566.0100,565.9200,565.9200
1787751709,565.9500,566.5700,565.8200,566.5700
1787751710,566.1100,567.3200,566.1100,567.1600
1787751711,567.1100,567.6500,567.0400,567.5000
1787751712,567.7100,568.2100,567.6800,568.2100
1787751713,568.1600,568.2400,567.9300,568.2400
1787751714,568.2500,568.3600,568.1400,568.3500
1787751715,568.2200,568.2500,567.7900,567.7900
1787751716,567.7500,568.2400,567.5700,568.1700
1787751717,568.3000,568.6600,568.3000,568.6600
1787751718,568.6600,568.6600,568.4500,568.4500
1787751719,568.6600,568.7700,568.6600,568.6700
1787751720,568.5600,568.5600,568.4400,568.4400
1787751722,568.5500,568.5500,568.2400,568.3000
1787751723,568.2400,568.4900,568.0000,568.0600
1787751724,567.9100,567.9500,567.6200,567.7550
1787751725,567.5500,567.5900,566.9000,567.2800
1787751726,567.1000,567.1000,567.0300,567.0300
1787751727,567.4800,567.5900,567.4800,567.5900
1787751728,567.6600,567.7400,567.6100,567.6900
1787751729,567.6000,567.6600,567.3000,567.3000
1787751730,567.3200,567.3200,567.3200,567.3200
1787751731,567.3600,567.3600,567.3600,567.3600
1787751732,567.4800,567.7100,567.3500,567.3500
1787751733,567.6400,567.6500,567.3400,567.6500
1787751734,567.4200,567.8000,567.4100,567.4900
1787751735,567.4700,567.9900,567.4700,567.9900
1787751736,568.0800,568.0900,568.0000,568.0900
1787751737,568.0900,568.2500,568.0900,568.1700
1787751738,567.9100,567.9100,567.5600,567.7300
1787751739,567.8700,567.9500,567.7000,567.7000
1787751740,567.6900,567.6900,567.3200,567.3900
1787751741,567.2700,567.2700,566.6200,566.7000
1787751742,566.7000,566.7000,565.9200,566.1900
1787751743,566.2600,566.5600,566.2400,566.2400
1787751744,565.9800,566.0900,565.9600,566.0200
1787751745,565.9300,565.9500,565.7600,565.8700
1787751746,565.9800,565.9800,565.7600,565.8900
1787751747,565.8000,566.0000,565.8000,566.0000
1787751748,565.8500,565.8500,565.5000,565.5000
1787751750,565.7250,566.1100,565.7250,566.1100
1787751752,566.4950,566.4950,566.4950,566.4950
1787751753,566.4900,566.4900,566.4900,566.4900
1787751754,566.4900,566.4900,565.9700,566.2400
1787751755,566.3500,566.3500,566.3500,566.3500
1787751756,566.5500,566.5500,566.2100,566.2700
1787751757,566.3500,566.3500,566.1500,566.1500
1787751758,566.1400,566.8400,566.0200,566.8100
1787751759,566.8500,567.0300,566.8500,566.9100
1787751760,566.5900,566.5900,566.2100,566.2100
1787751761,566.2100,566.2800,566.0600,566.2200
1787751762,566.1200,566.1200,566.1200,566.1200
1787751763,566.2200,566.3600,566.2200,566.3600
1787751764,566.4100,566.4400,566.4100,566.4400
1787751765,566.1000,566.1000,565.8000,565.9600
1787751766,566.0300,566.1600,565.9800,566.1100
1787751767,566.2450,566.2450,566.0000,566.0100
1787751768,566.0700,566.2000,566.0700,566.2000
1787751769,566.2700,566.2700,566.0000,566.2500
1787751770,566.2700,566.5200,566.1700,566.1700
1787751772,566.1200,566.2800,566.0000,566.2500
1787751773,566.1100,566.4200,566.0800,566.4200
1787751774,566.3200,566.7600,566.3200,566.7600
1787751775,566.9900,567.0000,566.4700,566.6000
1787751776,566.5400,566.6300,565.7400,565.8300
1787751777,566.0000,566.5400,566.0000,566.5400
1787751778,566.4600,566.4700,566.0000,566.0000
1787751779,566.0000,566.2000,565.8500,566.1900
1787751780,565.8800,566.4200,565.7500,566.2700
1787751781,566.2700,566.2700,566.2600,566.2600
1787751782,566.4900,566.7700,566.4900,566.7700
1787751783,566.7050,566.9200,566.2800,566.5800
1787751784,566.6900,566.8000,566.6900,566.8000
1787751785,566.9800,567.0100,566.8400,566.8400
1787751786,566.9600,567.0300,566.9600,567.0300
1787751787,567.0400,567.2500,567.0400,567.2300
1787751788,567.2400,567.5800,567.1700,567.5800
1787751789,567.5700,567.5700,567.5100,567.5100
1787751790,567.4800,567.7700,567.4800,567.7300
1787751791,567.6700,567.9000,567.6500,567.7100
1787751792,567.9000,568.3800,567.9000,568.3200
1787751793,568.2500,568.3600,568.0000,568.1000
1787751794,568.0100,568.4600,567.8200,568.0650
1787751795,568.2500,568.2500,568.2500,568.2500
1787751796,567.8000,567.8000,566.4800,567.1100
1787751797,567.2100,567.4200,567.2100,567.2800
1787751798,567.5400,568.0900,567.5400,568.0900
1787751799,568.1900,568.3900,568.1600,568.1600
1787751800,568.3200,568.5300,568.0000,568.2800
1787751801,567.9700,568.1400,567.9500,568.1200
1787751802,568.2300,568.2300,568.2300,568.2300
1787751803,567.9400,567.9400,567.8000,567.8000
1787751804,567.7700,567.8850,567.7300,567.8850
1787751805,567.9100,568.1200,567.8300,568.1200
1787751806,568.2300,568.2300,567.6000,567.6000
1787751808,567.5200,567.5200,567.4200,567.4900
1787751809,567.3000,567.3000,567.2000,567.2000
1787751810,567.2100,567.3400,567.1200,567.3400
1787751811,567.2000,567.2000,567.2000,567.2000
1787751813,567.1600,567.4400,567.1600,567.3700
1787751814,567.5850,567.8300,567.5850,567.7100
1787751815,567.5400,567.7000,566.7700,567.3300
1787751816,567.0000,567.1700,566.7800,567.1700
1787751817,566.7700,566.7700,566.4100,566.4300
1787751819,566.3900,566.3900,566.1000,566.2000
1787751820,566.2350,566.2350,565.2800,565.3900
1787751821,565.4700,565.4700,564.3600,564.3600
1787751822,564.4900,564.8600,564.4900,564.8600
1787751823,564.7400,564.8500,563.9000,563.9200
1787751824,563.8000,563.8800,563.4300,563.6900
1787751825,563.4800,563.8000,563.4800,563.8000
1787751826,563.4800,563.9900,563.4800,563.7200
1787751827,563.5700,563.6300,563.4000,563.5900
1787751828,564.0400,564.1800,564.0400,564.1400
1787751829,564.1700,564.1800,563.4000,563.5500
1787751830,563.5500,563.5500,563.4500,563.5000
1787751831,563.4600,563.8450,563.4200,563.6900
1787751832,563.6900,563.8500,563.6900,563.7000
1787751833,563.6300,563.6600,563.4300,563.6200
1787751834,563.6200,563.6200,563.5300,563.5300
1787751835,563.6700,564.0000,563.5700,563.6800
1787751836,563.5000,563.5300,563.1200,563.1200
1787751837,563.1200,564.2900,563.1000,564.2900
1787751838,564.2900,564.6900,564.2200,564.6900
1787751839,564.7100,564.7800,564.6600,564.7800
1787751840,564.7600,564.7600,564.7600,564.7600
1787751841,564.7400,564.7800,564.0100,564.0100
1787751842,564.1300,564.3600,563.7800,564.2300
1787751843,564.3100,564.3100,564.0800,564.0800
1787751844,564.0800,564.1100,563.7400,563.8500
1787751845,564.0600,564.0700,563.6900,563.6900
1787751846,563.6000,563.6900,563.3700,563.5000
1787751847,563.3300,563.4400,563.2800,563.4300
1787751848,563.4100,563.4800,563.2100,563.2100
1787751849,563.2400,563.4700,563.2300,563.4700
1787751850,563.2200,563.5600,563.2100,563.4100
1787751851,563.2700,563.2700,562.1200,562.5300
1787751852,562.5300,562.5350,562.2400,562.5350
1787751853,562.5350,563.2500,562.5350,563.2000
1787751854,563.1000,563.2250,563.0000,563.2250
1787751855,563.2350,563.5100,563.1300,563.3100
1787751856,563.5100,563.5100,563.5100,563.5100
1787751857,563.5400,563.6400,562.4900,562.4900
1787751858,562.3000,562.3000,562.0000,562.1300
1787751859,562.0000,562.3300,561.9500,562.3050
1787751860,562.3050,562.7700,562.3050,562.3300
1787751861,562.3300,562.3300,562.3000,562.3000
1787751862,562.2700,563.1600,562.2600,562.9000
1787751863,562.9000,563.0000,562.8700,562.8700
1787751864,562.8600,563.0700,562.8100,562.9100
1787751865,563.0500,564.3200,563.0500,563.7700
1787751866,564.0800,564.1000,564.0800,564.1000
1787751867,564.0900,564.2900,564.0900,564.1500
1787751868,564.3100,564.3200,564.0500,564.0500
1787751869,564.2150,564.2150,564.0100,564.0100
1787751870,564.0100,564.4400,564.0100,564.2800
1787751871,564.1600,564.3200,564.1600,564.3200
1787751872,564.3900,564.3900,564.3900,564.3900
1787751873,564.3900,564.9400,564.3900,564.9400
1787751874,564.9900,564.9900,564.6300,564.7300
1787751875,564.7300,564.7300,564.2000,564.2000
1787751876,564.3600,564.3600,564.2800,564.2800
1787751877,564.4100,564.8100,564.3400,564.5600
1787751878,564.2200,564.2200,564.2200,564.2200
1787751879,564.2200,564.3600,563.8000,563.9700
1787751880,563.7900,563.7900,563.3200,563.3200
1787751881,563.3300,563.4300,563.1900,563.4300
1787751882,563.5600,564.0000,563.5600,563.8200
1787751885,564.0000,564.4100,564.0000,564.3600
1787751886,564.3100,564.6100,564.1600,564.1600
1787751887,564.5100,564.5100,564.5100,564.5100
1787751888,564.6000,564.6000,564.6000,564.6000
1787751890,564.5000,564.5000,563.9200,563.9800
1787751892,564.0000,564.0000,563.7900,563.7900
1787751894,563.8300,563.9900,563.7500,563.9900
1787751895,563.8600,564.2700,563.8300,564.0000
1787751897,564.0000,564.0000,563.8600,563.8600
1787751898,563.8300,564.0900,563.5700,563.7600
1787751899,563.8300,564.3000,563.8300,564.3000
1787751901,564.5700,564.5700,564.2100,564.5700
1787751902,564.4100,564.4100,564.4100,564.4100
1787751903,564.6200,564.6700,564.0000,564.2800
1787751904,564.3300,564.5000,563.7500,563.7500
1787751905,563.7400,563.7400,563.7400,563.7400
1787751906,563.6700,563.6700,563.6600,563.6600
1787751907,563.8300,563.8300,563.6700,563.6700
1787751908,563.6700,563.7550,563.3500,563.5200
1787751911,563.3350,563.8600,563.3350,563.8600
1787751913,563.7400,563.7400,563.7300,563.7300
1787751915,563.8300,564.1100,563.8100,563.9000
1787751916,563.9300,563.9300,563.6400,563.7700
1787751917,563.9400,565.1000,563.9400,565.1000
1787751918,565.1000,565.1000,565.1000,565.1000
1787751919,565.1700,565.1900,565.1700,565.1900
1787751920,565.2300,565.4400,565.0000,565.3600
1787751921,565.4200,565.4700,565.3600,565.3600
1787751922,565.5500,565.7200,565.5500,565.7200
1787751923,565.4500,565.6600,565.4200,565.6600
1787751925,565.4200,565.4200,565.4200,565.4200
1787751926,565.1900,565.3450,565.0300,565.3450
1787751927,565.2400,565.3400,565.2300,565.3400
1787751929,565.0700,565.8000,564.8400,565.7800
1787751930,565.7950,565.8000,565.5900,565.6800
1787751931,565.6200,565.6600,565.5500,565.5500
1787751932,565.5300,566.5000,565.5300,566.3000
1787751933,566.4600,567.2000,566.4600,567.2000
1787751934,567.3400,567.4300,567.0600,567.0600
1787751935,567.0400,567.6000,566.8800,567.1400
1787751936,567.2000,567.9500,567.0800,567.2000
1787751937,567.1000,567.1300,567.0500,567.1300
1787751938,567.2100,567.2150,567.2100,567.2150
1787751939,567.5400,567.5800,567.4500,567.5100
1787751940,567.3200,567.4000,567.3100,567.4000
1787751941,567.3900,567.4000,567.2100,567.2100
1787751942,567.2100,567.2700,567.1000,567.2700
1787751943,567.2100,567.3500,567.2100,567.2800
1787751944,567.3100,567.3100,567.2100,567.2100
1787751945,566.9400,567.1000,566.1500,566.7200
1787751947,566.9000,567.0300,566.7900,566.7900
1787751948,566.7100,566.7100,566.7100,566.7100
1787751949,566.5500,566.5500,566.3200,566.3350
1787751950,566.2200,566.3300,566.0000,566.0200
1787751951,565.9900,566.1000,565.8600,565.9200
1787751952,566.0900,566.5200,566.0900,566.5200
1787751953,566.5600,566.5600,566.5600,566.5600
1787751956,566.5800,566.5800,566.5800,566.5800
1787751957,566.3200,566.3200,565.9800,565.9800
1787751958,566.2800,566.2800,566.2800,566.2800
1787751959,566.3300,566.3300,566.3200,566.3200
1787751960,566.4100,566.6400,566.3100,566.4000
1787751961,566.3300,566.3400,566.1900,566.3400
1787751962,566.3300,566.3300,566.3300,566.3300
1787751964,566.3300,566.3300,566.1850,566.1850
1787751965,566.1900,566.2500,566.0500,566.1950
1787751967,566.0500,566.0500,566.0000,566.0000
1787751968,565.8000,565.9000,565.6600,565.7850
1787751970,565.8600,565.9800,565.5400,565.5400
1787751971,565.7400,566.0300,565.6500,565.6500
1787751972,565.5500,565.5500,565.0100,565.0400
1787751973,565.1100,565.2300,564.9600,565.2300
1787751974,565.2400,565.2700,565.2400,565.2700
1787751975,565.1950,565.1950,565.0000,565.0500
1787751976,565.2200,565.2200,565.0550,565.0550
1787751977,565.1400,565.2700,565.1400,565.2400
1787751978,565.2000,565.5100,565.1900,565.4700
1787751979,565.2900,565.5700,565.2900,565.4300
1787751981,565.4200,565.4200,565.2700,565.4200
1787751982,565.4300,565.5200,565.0000,565.0100
1787751983,565.1800,565.3400,565.0700,565.2800
1787751984,565.3200,565.3500,565.3200,565.3500
1787751985,565.2000,565.3600,565.2000,565.3600
1787751987,565.3100,565.4800,565.3100,565.4800
1787751988,565.4400,565.4400,565.3200,565.3700
1787751989,565.3900,565.4100,565.2400,565.3200
1787751990,565.4400,565.4400,565.4400,565.4400
1787751991,565.4800,565.4900,565.4000,565.4400
1787751992,565.4000,565.4000,565.4000,565.4000
1787751993,565.3700,565.4200,565.0000,565.2200
1787751994,565.2000,565.2000,565.2000,565.2000
1787751995,565.2000,565.2000,565.0150,565.0150
1787751996,565.2200,565.5800,565.1100,565.1100
1787751997,565.0000,565.2400,564.8700,565.2300
1787751998,565.2400,565.2400,565.2400,565.2400
1787751999,565.3500,565.3500,565.3500,565.3500
1787752000,565.2900,565.3500,565.0000,565.1400
1787752001,565.2400,565.2400,564.9800,564.9800
1787752002,565.2000,565.2000,565.0000,565.0000
1787752003,565.0000,565.2200,564.8700,565.2200
1787752004,565.0600,565.4000,565.0600,565.4000
1787752005,565.3700,565.4300,565.2400,565.2400
1787752007,565.2400,565.7800,565.2400,565.7800
1787752008,565.9700,566.3400,565.9000,566.3400
1787752009,566.3400,566.5900,566.3400,566.5900
1787752010,566.5000,567.0000,566.5000,566.9800
1787752011,567.0000,567.2150,566.7600,567.2150
1787752012,567.2200,567.3600,567.0700,567.2700
1787752013,567.2100,567.2100,567.0500,567.2000
1787752014,567.1200,567.3300,567.0500,567.3300
1787752015,567.3200,567.4250,567.1700,567.3700
1787752016,567.4700,567.5600,567.3600,567.5100
1787752017,567.4000,567.8000,567.4000,567.5800
1787752018,567.6800,567.9100,567.6700,567.6700
1787752019,567.7200,567.7200,567.4900,567.6200
1787752020,567.6200,567.6400,567.3200,567.6400
1787752021,567.7500,567.7500,567.6000,567.6000
1787752022,567.7600,567.8600,567.3100,567.3100
1787752023,567.3450,567.3500,567.3450,567.3500
1787752024,567.4800,567.8800,567.2000,567.6700
1787752025,567.6800,567.7100,567.6800,567.7100
1787752026,567.5300,567.5650,567.4000,567.5650
1787752028,567.7200,567.7200,567.7200,567.7200
1787752029,567.6600,567.6600,567.6600,567.6600
1787752030,567.6150,567.6600,567.3300,567.3500
1787752031,567.5000,567.5000,567.3300,567.3300
1787752032,567.4200,567.4200,567.3800,567.4100
1787752033,567.4000,567.4300,567.3400,567.3400
1787752034,567.3300,567.4300,567.2900,567.3350
1787752035,567.2500,567.4000,567.2000,567.3600
1787752036,567.4600,567.4600,567.3700,567.3700
1787752037,567.4300,567.4700,567.3300,567.4700
1787752038,567.3900,567.4600,567.2000,567.2000
1787752039,567.2000,567.3500,566.8700,567.2000
1787752040,567.0000,567.1100,566.8700,567.0100
1787752041,566.7700,566.7700,566.6700,566.6700
1787752042,566.5500,566.5500,566.5500,566.5500
1787752043,566.5600,566.7900,566.5600,566.7900
1787752044,566.6000,566.6000,566.4200,566.4600
1787752046,566.4900,566.4900,566.4900,566.4900
1787752047,566.6000,566.6000,566.5950,566.5950
1787752049,566.6000,566.6500,566.6000,566.6500
1787752050,566.5200,566.6400,566.2500,566.2500
1787752053,566.4100,566.4100,566.4000,566.4000
1787752054,566.2800,566.2800,566.2000,566.2000
1787752055,566.3000,566.3000,566.1400,566.1900
1787752056,566.1100,566.1100,565.9000,565.9000
1787752058,565.8850,565.8850,565.8850,565.8850
1787752059,566.0200,566.8200,566.0200,566.8200
1787752060,566.9000,566.9400,566.7300,566.7300
1787752061,566.9700,566.9700,566.9700,566.9700
1787752062,566.8800,566.9850,566.7800,566.7800
1787752063,566.6200,566.6200,566.4200,566.4200
1787752067,566.5800,566.5850,566.3900,566.5850
1787752068,566.4400,566.4900,566.4400,566.4900
1787752069,566.4000,566.4000,566.3200,566.3200
1787752070,566.3100,566.4700,566.2900,566.4700
1787752072,566.4100,566.4100,566.4100,566.4100
1787752073,566.4700,566.4900,566.4700,566.4900
1787752074,566.4900,567.0600,566.4900,566.9800
1787752075,567.0400,567.1500,567.0400,567.0600
1787752076,566.8000,566.8300,566.8000,566.8300
1787752079,566.7300,566.7300,566.7300,566.7300
1787752080,566.5000,566.5000,566.3800,566.3800
1787752081,566.3800,566.3800,566.3000,566.3000
1787752084,566.4000,566.4000,566.3600,566.3600
1787752086,566.4900,566.4900,566.3000,566.3000
1787752087,566.3000,566.3000,566.1200,566.2400
1787752088,566.2600,566.3200,566.2600,566.3200
1787752089,566.3200,566.3200,566.3200,566.3200
1787752090,566.3000,566.3000,565.9900,566.0000
1787752093,566.0400,566.3000,566.0400,566.3000
1787752094,566.3000,566.6300,566.3000,566.4900
1787752095,566.6700,566.7500,566.6700,566.7500
1787752096,566.6700,566.7200,566.6600,566.6600
1787752097,566.7100,566.7700,566.7100,566.7700
1787752098,566.6900,566.7400,566.6900,566.7400
1787752099,566.9100,567.1100,566.9100,566.9800
1787752101,566.8800,566.8800,566.7700,566.7900
1787752102,566.9000,567.0500,566.9000,567.0500
1787752103,567.1800,567.1800,567.0600,567.0600
1787752106,567.0600,567.0600,567.0600,567.0600
1787752109,566.8200,567.0950,566.8200,567.0000
1787752110,567.0000,567.0000,567.0000,567.0000
1787752111,566.8000,566.8500,566.7700,566.7700
1787752113,566.9500,567.0600,566.8700,566.8700
1787752114,566.9400,567.1000,566.9000,566.9000
1787752115,567.0000,567.2300,567.0000,567.1500
1787752116,567.0500,567.0500,567.0500,567.0500
1787752117,567.1800,567.2800,567.1800,567.2800
1787752118,567.2900,567.7500,567.2900,567.6200
1787752119,567.7700,567.7700,567.6450,567.6450
1787752120,567.6450,567.8900,567.6450,567.8900
1787752121,567.8100,567.8100,567.5900,567.7100
1787752122,567.5100,567.5100,567.4600,567.4600
1787752123,567.4800,567.5000,567.4800,567.5000
1787752124,567.6300,567.6400,567.6300,567.6400
1787752125,567.5600,567.5600,567.5600,567.5600
1787752127,567.6600,567.6600,567.6600,567.6600
1787752129,567.7000,567.7000,567.6200,567.6200
1787752130,567.6700,567.8200,567.6700,567.8200
1787752131,567.9500,567.9500,567.9500,567.9500
1787752132,567.6700,567.6700,567.6200,567.6200
1787752133,567.6100,567.6100,567.3400,567.3900
1787752134,567.3900,567.6800,567.0000,567.2100
1787752136,567.2100,567.4500,567.2100,567.4500
1787752137,567.4500,567.4500,567.4500,567.4500
1787752138,567.4900,567.4900,567.4900,567.4900
1787752139,567.3500,567.3500,567.2800,567.3450
1787752141,567.3300,567.4900,567.3300,567.4100
1787752143,567.2100,567.2100,567.2100,567.2100
1787752144,567.4500,568.4600,567.4500,568.4000
1787752145,568.3700,568.4900,568.3600,568.4700
1787752147,568.4400,568.4400,568.4400,568.4400
1787752148,568.2600,568.2600,568.2400,568.2400
1787752149,568.2600,568.3300,568.0400,568.0400
1787752150,568.0700,568.0800,568.0700,568.0800
1787752151,568.1500,568.1500,568.1500,568.1500
1787752152,568.0100,568.0100,567.8900,567.8900
1787752153,568.0000,568.0750,568.0000,568.0000
1787752154,568.0500,568.0500,568.0500,568.0500
1787752155,568.0900,568.0900,567.8900,568.0000
1787752156,568.0000,568.0000,567.9000,567.9000
1787752157,567.8900,567.8900,567.4900,567.7400
1787752159,567.9000,567.9300,567.7600,567.8700
1787752160,567.9300,568.0400,567.9300,568.0100
1787752162,567.7600,567.7600,567.7600,567.7600
1787752164,567.7800,567.7800,567.3400,567.3400
1787752165,567.5200,567.5200,567.2800,567.3400
1787752166,567.3500,567.6900,567.3300,567.4700
1787752167,567.3500,567.3500,567.2800,567.2800
1787752168,567.3300,567.3500,567.3300,567.3500
1787752169,567.3300,567.4100,567.3300,567.4100
1787752171,567.6800,567.9900,567.6800,567.9000
1787752172,567.9800,567.9800,567.9800,567.9800
1787752173,568.0000,568.0000,567.8300,567.9200
1787752174,568.0000,568.0500,568.0000,568.0000
1787752175,568.1200,568.5700,568.1200,568.5700
1787752176,568.3800,568.3800,568.3800,568.3800
1787752177,568.4900,569.5200,568.4900,569.4700
1787752178,569.5300,569.5400,569.4100,569.5200
1787752179,569.4400,569.4600,569.2600,569.3400
1787752180,569.4600,569.4900,569.4100,569.4500
1787752181,569.4500,569.5200,569.4100,569.4100
1787752182,569.3400,569.3800,569.2000,569.3400
1787752183,569.4000,569.4000,569.3000,569.3000
1787752184,569.2900,569.2900,569.2800,569.2800
1787752185,569.1400,569.1700,569.1400,569.1700
1787752186,569.1800,569.2400,569.1800,569.2200
1787752188,569.2000,569.3100,569.2000,569.2900
1787752189,569.3100,569.3800,569.2400,569.2600
1787752190,569.3800,569.3800,569.2000,569.3800
1787752191,569.2950,569.4500,569.2000,569.4500
1787752192,569.4900,569.4900,569.4900,569.4900
1787752193,569.3000,569.3900,569.0700,569.0700
1787752194,569.1500,569.2400,569.0700,569.2000
1787752195,569.2000,569.2900,569.2000,569.2900
1787752196,569.2000,569.3000,569.2000,569.3000
1787752197,569.2100,569.3100,569.2100,569.3100
1787752198,569.2650,569.2650,569.2050,569.2050
1787752199,569.1000,569.3800,569.1000,569.3300
1787752200,569.2950,569.2950,569.2950,569.2950
1787752202,569.3200,569.5300,569.2000,569.2000
1787752204,569.2950,569.4500,569.2100,569.2950
1787752205,569.2500,569.6000,569.2400,569.5300
1787752206,569.2700,569.3700,569.2300,569.3700
1787752207,569.3000,569.3000,569.1600,569.2000
1787752208,569.2500,569.7500,569.2500,569.7400
1787752209,569.5000,569.7200,569.4500,569.5000
1787752210,569.6400,569.6400,569.6400,569.6400
1787752212,569.6100,569.6100,569.3900,569.4400
1787752213,569.4600,569.5000,569.3000,569.3850
1787752214,569.3850,569.3850,569.3850,569.3850
1787752215,569.4200,569.4600,569.3300,569.4200
1787752216,569.4200,569.7800,569.4200,569.5100
1787752217,569.4100,569.4100,568.9900,569.0300
1787752218,569.3200,569.3200,569.3200,569.3200
1787752219,569.2800,569.3300,569.2400,569.3300
1787752220,569.3100,569.4300,569.3100,569.4300
1787752221,569.3100,569.3100,569.2300,569.2400
1787752222,569.3300,569.4600,569.3300,569.4600
1787752223,569.4600,569.4600,569.4600,569.4600
1787752224,569.4200,569.4200,569.3700,569.3700
1787752225,569.2500,569.2500,569.2000,569.2000
1787752226,569.2000,569.2000,569.2000,569.2000
1787752228,569.1000,569.1700,569.1000,569.1700
1787752229,569.1400,569.1400,569.1100,569.1100
1787752230,569.2300,569.2300,568.9400,569.0000
1787752231,569.0200,569.2300,569.0200,569.2300
1787752232,569.0200,569.0200,568.9000,569.0000
1787752233,568.9600,569.0000,568.9600,569.0000
1787752234,569.1600,569.2300,569.1600,569.2300
1787752235,569.2000,569.2900,568.8900,568.8900
1787752237,568.9650,568.9650,568.6600,568.7600
1787752238,568.7700,568.9200,568.7700,568.9200
1787752239,568.8300,568.8300,568.8300,568.8300
1787752240,568.7700,568.8500,568.7500,568.8500
1787752241,568.9300,568.9300,568.9300,568.9300
1787752242,568.9200,569.0000,568.8100,568.9400
1787752243,568.9900,569.0600,568.9900,569.0600
1787752244,569.0100,569.0100,569.0100,569.0100
1787752245,569.0600,569.0600,568.9900,568.9900
1787752246,568.9900,569.1000,568.9900,569.1000
1787752247,569.3700,569.4900,569.3700,569.4900
1787752248,569.4000,569.4100,569.4000,569.4100
1787752249,569.4600,569.4900,569.3600,569.3600
1787752250,569.3900,569.4000,569.3200,569.3200
1787752251,569.3600,569.3600,569.1000,569.1000
1787752252,569.1300,569.2000,569.0600,569.1600
1787752253,569.1500,569.1600,569.0000,569.0100
1787752254,568.9900,569.0400,568.8700,568.9500
1787752255,568.9900,569.0500,568.9900,569.0500
1787752256,569.0800,569.0800,569.0800,569.0800
1787752257,568.9400,569.0500,568.8900,569.0500
1787752258,569.0100,569.0100,568.9400,568.9400
1787752259,568.9200,569.0000,568.9100,569.0000
1787752260,569.0300,569.0300,568.8700,568.9900
1787752261,569.0300,569.0500,568.7950,568.7950
1787752262,568.8300,568.9700,568.8300,568.9700
1787752263,568.9000,568.9300,568.8000,568.9300
1787752264,568.9600,569.0900,568.9500,569.0200
1787752265,569.0600,569.1900,569.0100,569.1900
1787752268,569.3300,569.4500,569.3300,569.4500
1787752269,569.3200,569.3900,569.2000,569.3300
1787752270,569.2900,569.4600,569.1100,569.3400
1787752271,569.1900,569.2300,569.1500,569.2300
1787752272,569.3000,569.4000,569.3000,569.4000
1787752273,569.4000,569.4300,569.4000,569.4300
1787752274,569.4300,569.5200,569.3600,569.4100
1787752275,569.4500,569.5200,569.4100,569.5200
1787752276,569.5500,569.5500,569.1900,569.3200
1787752277,569.2500,569.2500,569.2500,569.2500
1787752278,569.3200,569.4000,569.3000,569.3900
1787752279,569.3400,569.3400,568.6900,568.7100
1787752280,568.7750,568.7750,568.6800,568.6800
1787752281,568.6900,568.6900,568.6900,568.6900
1787752282,568.8600,569.1100,568.8600,569.1100
1787752283,569.2500,569.2500,568.9800,569.1800
1787752285,569.2700,569.2700,569.2700,569.2700
1787752286,569.2600,569.3000,569.2600,569.3000
1787752287,569.4000,569.4000,569.4000,569.4000
1787752288,569.4800,569.6000,569.4800,569.4900
1787752289,569.5000,569.6800,569.5000,569.6800
1787752291,569.4600,569.5200,569.4600,569.5200
1787752292,569.5200,569.6600,569.5100,569.6600
1787752294,569.6100,569.6600,569.6100,569.6600
1787752296,569.5200,569.6700,569.5200,569.6500
1787752297,569.6500,569.7000,569.6500,569.7000
1787752299,569.8000,569.8700,569.7900,569.7900
1787752300,569.8200,569.8200,569.6700,569.6700
1787752301,569.6700,569.6700,569.6700,569.6700
1787752303,569.6900,569.8200,569.6900,569.8100
1787752304,569.7300,570.2500,569.7100,570.2200
1787752305,570.2500,570.2500,569.7200,569.9000
1787752306,569.9500,569.9500,569.9300,569.9300
1787752307,570.0100,570.1300,569.9000,569.9000
1787752308,569.7600,569.7600,569.6300,569.6300
1787752309,569.7200,569.7500,569.7200,569.7500
1787752310,569.9700,570.0000,569.9600,569.9700
1787752311,569.9500,569.9600,569.9500,569.9500
1787752312,569.9400,570.0100,569.9200,570.0000
1787752314,569.9100,569.9500,569.4600,569.4600
1787752315,569.4600,569.4600,569.3700,569.3700
1787752316,569.6000,569.6600,569.6000,569.6100
1787752317,569.5000,569.7100,569.4900,569.7100
1787752318,569.6500,569.7300,569.6500,569.7300
1787752319,569.6200,569.6200,569.4800,569.4800
1787752320,569.5000,569.5900,569.5000,569.5900
1787752321,569.6700,569.6700,569.6700,569.6700
1787752322,569.7900,569.8500,569.7900,569.8500
1787752323,570.0000,570.0900,569.8400,569.8400
1787752324,569.8500,569.8500,569.8500,569.8500
1787752325,569.8500,569.8800,569.8500,569.8800
1787752326,569.7900,569.7900,569.2000,569.2000
1787752327,569.1200,569.6400,569.0300,569.6400
1787752328,569.6400,569.6800,569.5000,569.5700
1787752329,569.6500,569.8100,569.5400,569.6300
1787752331,569.5600,569.5600,569.3500,569.5400
1787752332,569.5300,569.5300,569.5300,569.5300
1787752333,569.5300,569.5300,569.4400,569.4500
1787752334,569.4950,569.4950,569.3600,569.3600
1787752335,569.4700,569.4700,568.3600,568.4700
1787752336,568.7200,569.2800,568.7200,569.2800
1787752337,569.1000,569.3800,569.0300,569.3800
1787752338,569.2300,569.2300,569.1800,569.1800
1787752339,569.2200,569.2500,569.0000,569.0100
1787752340,569.0250,569.0250,568.8000,568.8000
1787752341,568.8700,569.0000,568.8700,569.0000
1787752342,568.8800,568.8800,568.8400,568.8400
1787752343,568.9600,568.9600,568.8600,568.8600
1787752344,569.0000,569.1300,569.0000,569.1300
1787752345,569.1500,569.2400,569.1100,569.1100
1787752346,569.1800,569.1800,569.0400,569.0500
1787752347,569.0400,569.2500,568.8800,569.2500
1787752349,569.1300,569.1300,569.1300,569.1300
1787752350,569.1400,569.3000,569.1400,569.3000
1787752351,569.1900,569.2500,569.1800,569.2500
1787752352,569.2400,569.2500,569.2400,569.2500
1787752353,569.3100,569.4900,569.3100,569.4900
1787752354,569.4500,569.4500,569.3100,569.3100
1787752356,569.4500,569.5600,568.9500,568.9500
1787752357,568.9500,568.9500,568.4700,568.6900
1787752358,568.4700,568.4700,568.3200,568.3200
1787752359,568.2400,568.3300,568.1900,568.3300
1787752360,568.2700,568.2800,568.2000,568.2800
1787752362,568.3300,568.5100,568.3300,568.5100
1787752363,568.5200,568.5200,568.1600,568.1600
1787752364,568.1500,568.1500,568.0000,568.0100
1787752365,567.9900,568.0400,567.9800,568.0000
1787752366,568.0200,568.0200,568.0200,568.0200
1787752367,568.0900,568.2500,568.0900,568.2500
1787752368,568.1700,568.3000,568.0400,568.1700
1787752370,568.1500,568.1500,568.1100,568.1100
1787752371,568.0600,568.0600,568.0300,568.0600
1787752373,568.1400,568.1700,568.0800,568.1100
1787752374,568.0000,568.1800,568.0000,568.1800
1787752375,568.2000,568.2000,568.2000,568.2000
1787752376,568.2500,568.2500,568.1100,568.1100
1787752377,568.0500,568.1300,568.0100,568.1300
1787752378,568.1300,568.1400,568.1300,568.1400
1787752379,568.0100,568.0100,567.8300,567.8300
1787752380,567.8000,567.8000,567.5800,567.5800
1787752381,567.5700,567.5700,567.4600,567.4600
1787752382,567.2800,567.2800,567.2800,567.2800
1787752383,567.1800,567.1800,567.1600,567.1600
1787752384,567.0600,567.1850,567.0500,567.1000
1787752385,567.1300,567.2900,567.1300,567.2900
1787752387,567.2800,567.2800,567.2800,567.2800
1787752388,567.4200,567.4200,567.4200,567.4200
1787752389,567.3300,567.3400,567.2600,567.2700
1787752390,567.3200,567.4200,567.3200,567.4200
1787752391,567.4100,567.4100,567.4100,567.4100
1787752392,567.4200,567.4200,567.4200,567.4200
1787752393,567.4200,567.5000,567.4200,567.4700
1787752396,567.4600,567.4600,567.0800,567.1600
1787752397,567.3600,567.4500,567.3600,567.4500
1787752398,567.3800,567.6100,567.3500,567.6100
1787752399,567.7650,567.8000,567.7650,567.8000
1787752402,567.7200,567.7200,567.6400,567.6400
1787752403,567.7300,567.7500,567.7300,567.7500
1787752404,567.6500,567.6500,567.4400,567.4400
1787752405,567.4500,567.4500,567.4500,567.4500
1787752406,567.3100,567.3650,567.3100,567.3650
1787752407,567.3000,567.3900,567.2500,567.3600
1787752409,567.4600,567.4900,567.4600,567.4900
1787752410,567.4700,567.5600,567.4000,567.5600
1787752411,567.6400,567.6400,567.3700,567.3700
1787752412,567.4000,567.5400,566.8400,566.8400
1787752413,566.9100,566.9100,566.6100,566.6100
1787752414,566.7100,566.7300,566.7100,566.7300
1787752415,566.7350,566.7350,566.7350,566.7350
1787752416,566.7350,566.7350,566.7350,566.7350
1787752417,566.8700,567.0300,566.8700,566.8900
1787752418,566.9500,567.3200,566.9500,567.3200
1787752422,567.6650,567.6700,567.6100,567.6600
1787752423,567.6600,567.7500,567.6600,567.7500
1787752424,567.7700,567.7700,567.7100,567.7100
1787752425,567.9300,568.0200,567.7900,568.0200
1787752426,568.0500,568.1500,568.0500,568.1500
1787752427,568.2200,568.2500,568.1600,568.2500
1787752428,568.2900,568.3400,568.2900,568.3000
1787752430,568.1800,568.1800,568.1800,568.1800
1787752432,567.9200,567.9200,567.8800,567.8800
1787752436,567.7300,567.7700,567.7000,567.7100
1787752437,567.7300,567.7500,567.5600,567.5600
1787752438,567.4700,567.4700,567.3600,567.3600
1787752439,567.4200,567.4800,567.4200,567.4800
1787752440,567.6000,567.6300,566.8050,566.8050
1787752442,566.7600,566.8500,566.7600,566.8100
1787752444,566.7500,566.9600,566.6800,566.9600
1787752445,566.9800,567.0000,566.9800,567.0000
1787752446,566.9850,566.9850,566.9850,566.9850
1787752447,566.9800,566.9800,566.9800,566.9800
1787752448,566.9500,567.0500,566.9500,566.9600
1787752449,566.9100,566.9500,566.9100,566.9500
1787752450,566.9600,567.2000,566.9600,567.1400
1787752452,566.9900,567.1000,566.9700,566.9700
1787752453,566.9800,566.9800,566.9700,566.9700
1787752454,566.9700,567.5400,566.9700,567.4900
1787752455,567.4900,567.4900,567.3300,567.3300
1787752456,567.0700,567.1500,567.0600,567.1500
1787752457,567.1200,567.1400,566.6700,566.9500
1787752458,566.8800,567.4900,566.8800,567.2100
1787752459,567.2200,567.3350,566.8800,566.8800
1787752460,566.9900,566.9900,566.9900,566.9900
1787752461,567.0100,567.0100,566.8300,566.8300
1787752462,566.8300,566.9000,566.8300,566.9000
1787752463,567.1300,567.1300,567.1300,567.1300
1787752464,567.0000,567.0000,566.8500,566.9400
1787752465,566.9200,567.1000,566.8550,566.9400
1787752466,566.8500,566.8500,566.1500,566.3300
1787752468,566.1300,566.1300,565.8100,566.0200
1787752471,565.8900,565.9700,565.8900,565.9700
1787752473,566.1600,566.2000,566.0800,566.1500
1787752474,566.0900,566.0900,566.0900,566.0900
1787752475,566.0900,566.3900,566.0900,566.3900
1787752476,566.2300,566.2300,566.2000,566.2000
1787752477,566.3800,566.8400,566.3800,566.8200
1787752478,566.6400,566.6800,566.6400,566.6400
1787752479,566.5900,566.6900,566.5900,566.6900
1787752480,566.9800,567.2100,566.9800,567.2100
1787752481,567.2300,567.2300,567.0200,567.0200
1787752482,566.9700,566.9700,566.9300,566.9300
1787752484,566.7400,566.7400,566.6600,566.6900
1787752485,566.6400,566.6400,566.6400,566.6400
1787752487,566.5900,566.6600,566.5200,566.6600
1787752488,566.6800,566.6800,566.6800,566.6800
1787752489,566.6600,566.6600,566.6600,566.6600
1787752490,566.7400,567.0900,566.7400,567.0900
1787752491,567.0800,567.0800,567.0800,567.0800
1787752492,567.0800,567.1300,567.0800,567.1300
1787752493,567.0000,567.0000,567.0000,567.0000
1787752494,566.9400,566.9400,566.7500,566.8100
1787752495,566.5000,566.5800,566.3000,566.5400
1787752497,566.5000,566.6000,566.5000,566.6000
1787752500,566.7000,566.7000,566.7000,566.7000
1787752501,566.7000,566.7000,566.7000,566.7000
1787752502,566.7000,566.7500,566.7000,566.7500
1787752504,566.9200,567.0000,566.9200,567.0000
1787752505,567.0400,567.1200,567.0400,567.1200
1787752506,567.0500,567.0500,566.9800,566.9800
1787752507,566.9900,567.6500,566.9200,567.5600
1787752509,567.6100,567.6100,567.6100,567.6100
1787752510,567.6200,567.9900,567.6200,567.9600
1787752511,567.9200,568.3200,567.9200,568.3200
1787752512,568.3200,568.3200,568.2700,568.2700
1787752513,568.1100,568.1100,568.1100,568.1100
1787752514,568.0900,568.0900,568.0900,568.0900
1787752515,568.1900,568.2400,568.1900,568.2400
1787752516,567.9800,567.9800,567.9400,567.9500
1787752517,568.0900,568.0900,568.0900,568.0900
1787752519,568.0700,568.0700,568.0700,568.0700
1787752521,568.0250,568.0600,567.9400,568.0000
1787752522,568.0000,568.1300,567.9900,568.1100
1787752523,568.1100,568.1100,568.1100,568.1100
1787752524,568.0800,568.2200,568.0800,568.2200
1787752525,568.1200,568.2200,568.0900,568.2100
1787752526,568.3600,568.4500,568.3500,568.4500
1787752527,568.4400,568.4800,568.4400,568.4500
1787752528,568.5200,568.7900,568.4500,568.4500
1787752529,568.5700,568.5700,568.5700,568.5700
1787752530,568.7700,568.7800,568.5700,568.5700
1787752531,568.5250,568.6000,568.5250,568.6000
1787752532,568.4700,568.4700,568.4600,568.4600
1787752533,568.6000,568.9900,568.6000,568.9900
1787752535,568.9900,568.9900,568.8000,568.8000
1787752536,568.9500,569.2300,568.9500,569.2300
1787752537,569.1000,569.2300,569.1000,569.2300
1787752538,569.2300,569.2300,569.2000,569.2000
1787752539,569.2100,569.2900,569.1700,569.2500
1787752540,569.2000,569.2100,569.1700,569.2100
1787752541,569.1000,569.1000,569.0900,569.0900
1787752542,569.0900,569.0900,569.0900,569.0900
1787752543,569.1600,569.1600,569.1600,569.1600
1787752544,569.1600,569.1600,569.1600,569.1600
1787752545,569.1300,569.1400,569.1300,569.1400
1787752546,569.1300,569.2000,569.1300,569.2000
1787752547,569.2300,569.3500,569.2300,569.3500
1787752548,569.4200,569.4200,569.3500,569.3500
1787752549,569.4400,569.5400,569.4400,569.5200
1787752550,569.4750,569.4750,569.4750,569.4750
1787752551,569.4750,569.4750,569.2500,569.2900
1787752552,569.2000,569.2000,569.2000,569.2000
1787752553,569.2000,569.2000,569.1300,569.1300
1787752555,569.1300,569.1300,569.1300,569.1300
1787752556,569.2100,569.2600,569.2000,569.2000
1787752557,569.1700,569.2600,569.1300,569.2500
1787752560,569.1600,569.1600,569.1550,569.1550
1787752561,569.1550,569.2100,569.1550,569.2100
1787752562,569.1950,569.6200,569.1950,569.6200
1787752563,569.6250,569.6250,569.5600,569.6200
1787752565,569.4200,569.4200,569.4200,569.4200
1787752566,569.6200,569.7000,569.6200,569.7000
1787752567,569.6100,569.6100,569.4500,569.5200
1787752569,569.4300,569.5900,569.4300,569.5900
1787752570,569.5050,569.8600,569.5050,569.8600
1787752571,569.8600,570.2900,569.8600,570.2900
1787752572,570.1800,570.1900,570.1800,570.1800
1787752573,570.1200,570.1400,570.0000,570.0000
1787752574,569.9900,569.9900,569.9900,569.9900
1787752575,570.0700,570.1900,570.0700,570.1700
1787752577,570.0900,570.0900,570.0800,570.0800
1787752578,570.2100,570.2200,570.2100,570.2200
1787752579,570.2200,570.2200,570.2200,570.2200
1787752580,570.2900,570.4100,570.2900,570.3600
1787752581,570.3000,570.3200,570.3000,570.3200
1787752582,570.3100,570.3100,569.5200,569.5900
1787752583,569.8400,569.9700,569.7000,569.9700
1787752584,569.8000,569.8200,569.8000,569.8100
1787752585,569.7250,569.9900,569.7250,569.9900
1787752586,569.8350,569.8350,569.6900,569.7300
1787752587,569.8500,569.8800,569.3650,569.3650
1787752589,569.3400,569.3400,568.9400,569.0600
1787752591,568.9400,569.1700,568.8800,568.9600
1787752592,569.0450,569.3600,569.0450,569.3600
1787752594,569.4100,569.6450,569.4100,569.4100
1787752595,569.3500,569.3500,569.3500,569.3500
1787752599,569.3100,569.4700,569.3100,569.4700
1787752600,569.5500,569.6500,569.5500,569.6200
1787752601,569.5400,569.7900,569.5400,569.7100
1787752602,569.8000,569.8000,569.8000,569.8000
1787752603,569.7100,569.7100,569.5400,569.7100
1787752606,569.7900,569.7900,569.7900,569.7900
1787752607,569.8100,570.2300,569.8100,570.2300
1787752608,570.1200,570.1200,570.1100,570.1100
1787752610,570.2200,570.2200,570.2200,570.2200
1787752611,570.1600,570.2100,570.0700,570.1300
1787752612,570.1500,570.3300,570.0600,570.2600
1787752613,570.3100,570.3600,570.3100,570.3100
1787752614,570.2150,570.3200,570.2150,570.2150
1787752615,570.2300,570.3100,570.2000,570.2400
1787752616,570.2500,570.2900,570.2500,570.2900
1787752617,570.2250,570.2250,570.0700,570.0900
1787752618,570.0650,570.1200,570.0650,570.1200
1787752619,570.1500,570.3000,570.1500,570.3000
1787752621,570.2100,570.2100,570.2100,570.2100
1787752622,570.1300,570.1800,570.0700,570.1500
1787752623,570.1900,570.2000,570.1900,570.2000
1787752624,570.2000,570.2000,570.1400,570.1400
1787752625,570.0700,570.2200,570.0000,570.1800
1787752626,570.2300,570.7000,570.2300,570.7000
1787752627,570.7300,570.7800,570.5400,570.7800
1787752628,570.6500,570.7600,570.6500,570.7500
1787752629,570.6500,570.6500,570.6300,570.6300
1787752630,570.5300,570.7500,570.5300,570.6800
1787752631,570.5700,570.6400,570.5700,570.6400
1787752632,570.5000,570.5000,570.5000,570.5000
1787752633,570.4500,570.5900,570.4500,570.5900
1787752634,570.5700,570.5700,570.3500,570.4400
1787752635,570.5000,570.5100,570.3900,570.5100
1787752636,570.5000,570.5400,570.2000,570.2000
1787752637,570.2300,570.4550,570.2300,570.3600
1787752638,570.4700,570.5800,570.4700,570.5800
1787752639,570.7700,570.9800,570.7700,570.8700
1787752640,570.9800,571.0300,570.7600,570.7600
1787752641,570.6400,570.7700,570.6400,570.7250
1787752642,570.7200,570.7200,570.4000,570.5700
1787752644,570.4500,570.4500,570.3000,570.3000
1787752645,570.3200,570.5700,570.3200,570.5700
1787752646,570.4200,570.4200,570.1600,570.1850
1787752647,570.1000,570.2200,570.1000,570.2200
1787752649,570.1800,570.3200,570.1800,570.2000
1787752651,570.1700,570.1700,569.6200,569.6200
1787752652,569.5200,569.6300,569.5000,569.6300
1787752653,569.6200,569.7400,569.6100,569.7300
1787752654,569.6700,569.6700,569.6700,569.6700
1787752655,569.7200,569.7200,569.5900,569.6400
1787752656,569.4800,569.7100,569.4800,569.7100
1787752657,569.5000,569.5600,569.4200,569.5600
1787752658,569.4300,569.4300,569.4200,569.4200
1787752659,569.3900,569.3900,569.3900,569.3900
1787752660,569.3200,569.3200,569.2200,569.2200
1787752661,569.4450,569.4450,569.3500,569.3500
1787752663,569.4300,569.4400,569.3200,569.3200
1787752664,569.4200,569.4200,569.4200,569.4200
1787752665,569.4300,569.4300,569.4300,569.4300
1787752666,569.4400,569.7000,569.4400,569.7000
1787752668,569.8900,569.8900,569.8300,569.8300
1787752669,569.8200,569.8200,569.8200,569.8200
1787752670,569.8900,570.0200,569.8900,570.0200
1787752671,570.2000,570.2000,570.2000,570.2000
1787752672,570.3500,570.3500,570.2400,570.2400
1787752673,570.5100,570.5100,570.2900,570.2900
1787752674,570.3100,570.3600,570.1950,570.1950
1787752675,570.1700,570.1700,570.1100,570.1100
1787752676,570.2300,570.2500,570.0000,570.2500
1787752677,570.0800,570.0800,570.0800,570.0800
1787752678,570.0800,570.4000,570.0800,570.2700
1787752679,570.3300,570.4300,570.2900,570.3300
1787752680,570.5900,570.8000,570.5900,570.7600
1787752681,570.7400,570.7700,570.7400,570.7600
1787752682,570.7500,570.7500,570.7500,570.7500
1787752683,570.7450,570.7600,570.6900,570.7400
1787752684,570.7400,570.8100,570.7400,570.8100
1787752685,570.7700,570.7700,570.6500,570.6500
1787752686,570.5700,570.5700,570.1600,570.2300
1787752687,570.2300,570.4600,570.2300,570.4600
1787752688,570.4300,570.5000,570.3500,570.3500
1787752689,570.6200,570.6200,570.6200,570.6200
1787752691,570.6400,570.7500,570.6400,570.7500
1787752693,570.7500,570.7700,570.6950,570.6950
1787752694,570.7000,570.7050,570.5800,570.5800
1787752695,570.7200,570.7200,570.7200,570.7200
1787752696,570.7500,570.7500,570.6700,570.7300
1787752697,570.6800,570.8900,570.6800,570.8900
1787752698,570.8150,570.9400,570.7300,570.9400
1787752699,570.9400,570.9400,570.7800,570.8800
1787752700,570.8500,570.9300,570.8300,570.9300
1787752701,570.9600,571.1800,570.9600,571.1100
1787752702,571.1000,571.3400,571.1000,571.3400
1787752703,571.4600,571.4600,571.4000,571.4000
1787752704,571.4200,571.4200,571.2200,571.2200
1787752706,571.3600,571.3700,571.3600,571.3700
1787752707,571.3700,571.5000,571.3000,571.4600
1787752708,571.5900,571.5900,571.5900,571.5900
1787752709,571.5000,571.5000,571.5000,571.5000
1787752710,571.6800,571.7200,571.6100,571.7200
1787752711,571.6100,571.6100,571.6100,571.6100
1787752712,571.6100,571.6900,571.6100,571.6900
1787752713,571.6000,571.8100,571.6000,571.7100
1787752714,571.7100,571.7200,571.6300,571.6700
1787752715,571.7500,571.9500,571.7500,571.9500
1787752716,571.9100,572.2100,571.8600,572.2000
1787752717,572.0100,572.0100,572.0000,572.0000
1787752718,571.9700,572.0200,571.7200,571.8500
1787752719,571.8200,571.8200,571.8200,571.8200
1787752720,571.8500,571.9100,571.8500,571.9000
1787752721,571.7200,571.8200,571.7000,571.8200
1787752722,571.9700,571.9700,571.9700,571.9700
1787752723,571.9000,571.9000,571.7200,571.7200
1787752724,571.7200,571.8500,571.7200,571.8400
1787752725,571.9200,572.0000,571.9200,571.9800
1787752726,572.0000,572.0200,572.0000,572.0200
1787752727,572.1100,572.1800,572.0000,572.0200
1787752728,572.1100,572.1200,571.9500,572.0000
1787752729,572.0000,572.1700,572.0000,572.1300
1787752730,572.1100,572.2300,572.1100,572.2100
1787752731,572.2900,572.3400,572.1900,572.3400
1787752732,572.2300,572.3800,572.1900,572.3800
1787752733,572.3400,572.3800,572.3000,572.3600
1787752734,572.3600,572.3900,572.3600,572.3900
1787752735,572.3900,572.5000,572.3900,572.4700
1787752736,572.4700,572.6400,572.4700,572.6400
1787752737,572.7000,572.7000,572.6500,572.6500
1787752738,572.6500,572.7100,572.6000,572.7100
1787752739,572.7200,572.7600,572.5600,572.5600
1787752740,572.5600,572.6500,572.5000,572.5000
1787752741,572.4500,572.5800,572.3800,572.4900
1787752742,572.4400,572.4800,572.3100,572.4800
1787752743,572.5000,572.5900,572.4600,572.5900
1787752744,572.6900,572.6900,572.6900,572.6900
1787752745,572.6900,572.7500,572.5900,572.5900
1787752746,572.5900,572.6600,572.4900,572.6600
1787752747,572.6050,572.6050,572.4500,572.5900
1787752748,572.6400,572.7800,572.6400,572.7800
1787752749,572.6800,572.6800,572.4900,572.5500
1787752750,572.4400,572.5350,572.4000,572.4700
1787752751,572.3800,572.4400,572.3000,572.3200
1787752752,572.4450,572.5000,572.4450,572.5000
1787752753,572.5100,572.5400,572.4900,572.5400
1787752754,572.5400,572.6000,572.5000,572.5000
1787752755,572.4900,572.4900,572.2500,572.2500
1787752756,572.2500,572.2500,572.0900,572.0900
1787752757,572.2100,572.4900,572.2100,572.3800
1787752760,572.3200,572.4400,572.3200,572.4400
1787752761,572.4400,572.4400,572.0900,572.1400
1787752762,572.2200,572.3300,572.2200,572.3300
1787752764,572.4500,572.5800,572.4500,572.5350
1787752765,572.3000,572.3000,572.3000,572.3000
1787752766,572.2400,572.2400,571.8600,571.8900
1787752767,571.9500,571.9500,571.7200,571.7300
1787752768,571.9200,571.9300,571.8250,571.9300
1787752769,571.7900,571.8050,571.7900,571.8050
1787752770,571.9100,572.0100,571.8100,572.0100
1787752771,571.8200,571.8200,571.7600,571.7700
1787752772,571.8600,571.8600,571.8600,571.8600
1787752773,572.0000,572.0000,572.0000,572.0000
1787752774,572.0100,572.1200,572.0100,572.1200
1787752775,572.1200,572.1900,572.0800,572.1900
1787752776,572.1900,572.1900,572.0000,572.0600
1787752779,572.1300,572.2000,572.1000,572.1750
1787752780,572.1900,572.2500,572.1300,572.1300
1787752781,572.1600,572.1600,572.1600,572.1600
1787752782,572.1600,572.1600,572.1600,572.1600
1787752783,572.1700,572.4900,572.1700,572.4900
1787752784,572.4800,572.4900,572.4400,572.4800
1787752785,572.4800,572.5000,572.4700,572.5000
1787752786,572.5000,572.5350,572.1500,572.2400
1787752787,572.1900,572.2300,572.0200,572.2300
1787752789,572.2300,572.2300,572.2300,572.2300
1787752790,572.2400,572.2400,572.0000,572.0000
1787752792,572.2000,572.2000,572.1650,572.1650
1787752793,572.0800,572.3000,572.0800,572.3000
1787752794,572.3000,572.3300,572.3000,572.3300
1787752795,572.3900,572.5000,572.3900,572.4800
1787752796,572.4900,572.5600,572.4900,572.5600
1787752797,572.4600,572.5600,572.3500,572.3900
1787752798,572.3200,572.3200,572.2200,572.2400
1787752800,572.2200,572.4000,572.2200,572.4000
1787752801,572.5600,572.6500,572.5500,572.5500
1787752802,572.5500,572.6600,572.5500,572.6600
1787752803,572.6700,572.6800,572.6700,572.6800
1787752805,572.6200,572.7000,572.6200,572.7000
1787752806,572.7600,572.7600,572.6600,572.6600
1787752807,572.6600,572.8400,572.6600,572.6650
1787752808,572.7000,572.8400,572.7000,572.7100
1787752809,572.8300,572.8400,572.7300,572.7300
1787752810,572.8300,573.0500,572.8300,572.9800
1787752811,572.9100,572.9300,572.8300,572.9300
1787752812,572.9300,573.0450,572.9300,573.0450
1787752813,573.0900,573.3100,573.0900,573.3100
1787752814,573.2100,573.2100,573.1600,573.1600
1787752815,573.2500,573.2500,573.1500,573.1500
1787752816,573.1700,573.3300,573.1700,573.2900
1787752817,573.1900,573.3600,572.9000,572.9000
1787752818,573.0000,573.0000,572.8400,572.8600
1787752819,572.8500,572.9800,572.8300,572.8900
1787752820,572.9600,572.9600,572.8300,572.8300
1787752821,572.8400,573.0000,572.7900,572.9800
1787752822,572.9200,572.9200,572.8600,572.9100
1787752824,572.9700,573.0700,572.7500,572.8400
1787752825,572.8200,572.9100,572.7700,572.9100
1787752826,572.7600,572.8500,572.6500,572.8500
1787752827,572.9400,573.1850,572.9400,573.1850
1787752828,573.1800,573.4300,573.1650,573.3200
1787752829,573.3600,573.4100,573.2300,573.2300
1787752830,573.2000,573.2700,573.1500,573.1550
1787752831,573.0800,573.0800,572.8000,572.8000
1787752832,572.9900,573.3000,572.9900,573.2900
1787752833,573.2750,573.3900,573.2700,573.3600
1787752834,573.3800,573.4200,573.3800,573.4100
1787752835,573.3000,573.5500,573.2200,573.3000
1787752837,573.4800,573.5100,573.4800,573.5100
1787752838,573.4000,573.4000,573.1400,573.1400
1787752839,573.2300,573.3200,573.1800,573.3200
1787752840,573.3600,573.3600,573.2300,573.2300
1787752841,573.2500,573.2800,573.2500,573.2800
1787752842,573.2700,573.2800,573.1500,573.2000
1787752843,573.2100,573.2100,572.8500,572.9400
1787752844,572.9400,573.2800,572.9400,573.0500
1787752845,573.2100,573.2100,573.1000,573.2100
1787752846,573.2900,573.3100,573.2900,573.3100
1787752847,573.3500,573.4000,573.3500,573.4000
1787752848,573.3200,573.3200,573.1700,573.2900
1787752849,573.2500,573.2500,573.1600,573.1600
1787752850,573.1600,573.4200,573.1200,573.1200
1787752851,573.2100,573.2100,573.1400,573.2000
1787752852,573.2000,573.2000,573.0000,573.0000
1787752853,573.0700,573.0700,573.0700,573.0700
1787752854,573.0300,573.0300,572.8100,572.8800
1787752855,572.8100,572.8800,572.8000,572.8800
1787752856,572.8900,572.8900,572.8900,572.8900
1787752857,572.9300,573.0000,572.9200,573.0000
1787752858,573.0000,573.0500,572.9200,572.9400
1787752859,572.9600,573.0000,572.9000,572.9200
1787752860,572.8300,572.8400,572.6200,572.6200
1787752861,572.7400,572.8200,572.7300,572.8200
1787752862,572.7700,572.7700,572.7700,572.7700
1787752863,572.7700,572.7700,572.7150,572.7150
1787752864,572.8200,572.8600,572.8200,572.8600
1787752867,572.8800,572.8800,572.8800,572.8800
1787752868,572.7400,572.8800,572.7400,572.8800
1787752869,572.7600,572.7600,572.7200,572.7200
1787752870,572.6100,572.6700,572.5700,572.6600
1787752871,572.7100,572.8200,572.7100,572.7950
1787752872,572.8650,573.1100,572.8650,573.1100
1787752874,573.1200,573.1250,573.1100,573.1250
1787752875,573.1300,573.1800,572.9900,573.0000
1787752876,573.0000,573.0000,572.7700,572.9900
1787752877,572.9900,573.0700,572.9900,573.0000
1787752879,573.0300,573.0300,573.0300,573.0300
1787752880,572.9400,573.0100,572.9200,573.0100
1787752882,573.0200,573.0200,573.0200,573.0200
1787752883,573.0400,573.0400,573.0400,573.0400
1787752884,573.0400,573.2400,573.0400,573.2400
1787752885,573.1900,573.2100,573.1900,573.1900
1787752886,573.1900,573.2300,573.1900,573.2300
1787752887,573.1200,573.1200,572.9600,572.9600
1787752888,573.0900,573.0900,573.0900,573.0900
1787752889,573.1500,573.1500,573.1400,573.1400
1787752890,573.1700,573.1700,573.0900,573.0900
1787752891,573.0800,573.0800,572.7700,572.8400
1787752892,572.9600,572.9600,572.7500,572.7500
1787752893,572.8000,572.8000,572.8000,572.8000
1787752894,572.7000,572.7000,572.6800,572.6800
1787752895,572.6500,572.6750,572.5600,572.6750
1787752896,572.5500,572.5500,572.4200,572.5000
1787752897,572.4200,572.6900,572.4200,572.6200
1787752900,572.6450,572.6450,572.6450,572.6450
1787752901,572.5000,572.5000,572.3700,572.3700
1787752902,572.5400,572.5400,572.5400,572.5400
1787752903,572.5900,572.5900,572.5900,572.5900
1787752904,572.5000,572.5000,572.5000,572.5000
1787752905,572.6200,572.7300,572.6200,572.7300
1787752906,572.6400,572.7400,572.5600,572.5600
1787752907,572.6500,572.7400,572.6500,572.7400
1787752908,572.6300,572.6300,572.6300,572.6300
1787752909,572.5800,572.6100,572.4700,572.5550
1787752910,572.5000,572.5000,572.1300,572.1300
1787752911,572.1200,572.3000,572.1200,572.2950
1787752913,572.1200,572.2900,572.1200,572.2900
1787752915,572.4800,572.6300,572.4800,572.6200
1787752916,572.7500,572.9300,572.7500,572.8950
1787752917,573.0000,573.0000,572.9500,572.9600
1787752918,572.9600,572.9600,572.9600,572.9600
1787752920,572.8800,572.9500,572.8800,572.9500
1787752921,572.9700,572.9800,572.9600,572.9600
1787752922,573.0100,573.1000,572.9300,572.9800
1787752923,572.8700,573.0400,572.8700,573.0400
1787752925,572.9900,573.0200,572.9900,573.0200
1787752926,573.0200,573.0200,573.0200,573.0200
1787752927,573.0200,573.2200,573.0200,573.1950
1787752930,573.2700,573.2800,573.2700,573.2800
1787752931,573.2000,573.2000,573.2000,573.2000
1787752932,573.2600,573.2600,572.9400,573.0100
1787752934,572.9700,572.9700,572.9200,572.9200
1787752935,572.8800,572.8800,572.7500,572.7600
1787752936,572.8300,572.9200,572.7500,572.8650
1787752937,572.9900,573.0000,572.9900,573.0000
1787752938,573.1900,573.2200,573.1900,573.2200
1787752939,573.2200,573.2500,573.1000,573.1000
1787752940,572.8400,572.8700,572.7400,572.7400
1787752941,572.8200,572.8200,572.4600,572.5200
1787752945,572.5600,572.6600,572.3400,572.3400
1787752946,572.5600,572.5600,572.5600,572.5600
1787752947,572.5700,572.5750,572.5000,572.5000
1787752948,572.6000,572.6000,572.6000,572.6000
1787752949,572.6400,572.6400,572.6400,572.6400
1787752950,572.6400,572.6400,572.5000,572.5650
1787752951,572.6500,572.6600,572.6500,572.6600
1787752952,572.6000,572.6000,572.6000,572.6000
1787752953,572.6900,572.6900,572.4900,572.6350
1787752955,572.4900,572.4900,572.4900,572.4900
1787752956,572.6500,572.7700,572.6500,572.7700
1787752959,572.6800,572.6800,572.6500,572.6500
1787752960,572.6500,572.6500,572.6500,572.6500
1787752961,572.5600,572.6300,572.5000,572.6300
1787752962,572.4700,572.4700,572.3500,572.4200
1787752965,572.3300,572.3700,572.3100,572.3700
1787752966,572.4800,572.5700,572.4800,572.5700
1787752967,572.5700,572.5700,572.5700,572.5700
1787752968,572.6600,572.6800,572.5700,572.6800
1787752969,572.6850,572.6850,572.6850,572.6850
1787752970,572.7900,572.8800,572.7800,572.8300
1787752971,572.9000,573.0900,572.9000,573.0900
1787752975,573.0800,573.0800,573.0700,573.0700
1787752976,573.0900,573.1000,573.0900,573.1000
1787752977,573.0200,573.2800,572.9800,573.2800
1787752978,573.3000,573.4000,573.3000,573.3700
1787752979,573.3800,573.4000,573.3800,573.3800
1787752980,573.2600,573.2600,573.2600,573.2600
1787752981,573.2600,573.5300,573.2600,573.5300
1787752983,573.5000,573.5000,573.5000,573.5000
1787752985,573.4800,573.6500,573.4500,573.5350
1787752986,573.5800,573.6300,573.5350,573.6300
1787752987,573.6200,573.6300,573.5100,573.5100
1787752988,573.6300,573.6300,573.6300,573.6300
1787752989,573.6000,573.6300,573.6000,573.6100
1787752990,573.6400,573.6500,573.6000,573.6000
1787752991,573.6600,573.9500,573.6600,573.9500
1787752992,573.8900,573.8900,573.8900,573.8900
1787752993,573.8900,573.8900,573.8600,573.8600
1787752994,573.8800,573.8800,573.8800,573.8800
1787752995,573.9300,573.9600,573.8700,573.8700
1787752996,573.9600,573.9700,573.9600,573.9700
1787752997,573.9500,574.1800,573.9000,574.1800
1787752998,574.1800,574.1900,574.1800,574.1900
1787752999,574.2200,574.3700,574.1500,574.2500
1787753000,574.3600,574.5000,574.2200,574.2200
1787753002,574.0700,574.0800,573.9700,574.0800
1787753003,574.1900,574.1900,574.1900,574.1900
1787753004,574.2300,574.2500,574.2300,574.2500
1787753005,574.3300,574.5000,574.3200,574.4600
1787753006,574.4900,574.4900,574.4000,574.4900
1787753007,574.4700,574.5900,574.4450,574.5900
1787753008,574.6300,574.6300,574.6300,574.6300
1787753009,574.5550,574.5550,573.9000,573.9000
1787753010,573.9000,573.9000,573.5800,573.5800
1787753011,573.7500,574.1000,573.7500,574.1000
1787753013,574.0800,574.0800,574.0000,574.0000
1787753014,574.2700,574.2700,574.2700,574.2700
1787753015,574.3100,574.3700,574.3100,574.3700
1787753016,574.3400,574.4000,574.3400,574.4000
1787753018,574.4900,574.5400,574.4600,574.5400
1787753019,574.5500,574.5600,574.5500,574.5600
1787753020,574.6500,574.6500,574.6500,574.6500
1787753021,574.6500,574.6800,574.3300,574.3300
1787753022,574.4900,574.5800,574.4900,574.5800
1787753023,574.5400,574.6700,574.5400,574.6500
1787753024,574.5300,574.6500,574.5200,574.6500
1787753025,574.6800,574.6800,574.6800,574.6800
1787753026,574.5500,574.5700,574.4800,574.5700
1787753027,574.6600,574.8000,574.6600,574.8000
1787753028,574.7600,574.7600,574.3600,574.3600
1787753029,574.4100,574.5000,574.3300,574.5000
1787753030,574.4100,574.5500,574.4100,574.5500
1787753031,574.6900,574.6900,574.6900,574.6900
1787753032,574.6900,574.6900,574.6900,574.6900
1787753033,574.6900,574.7900,574.6000,574.6000
1787753034,574.6100,574.6100,574.6100,574.6100
1787753036,574.5900,574.5900,574.5900,574.5900
1787753037,574.6900,574.8000,574.6600,574.7700
1787753038,574.6000,574.6000,574.6000,574.6000
1787753039,574.7000,574.7000,574.7000,574.7000
1787753040,574.7250,574.8000,574.7250,574.8000
1787753041,574.8000,574.8000,574.7500,574.7500
1787753042,574.7100,574.7500,574.7100,574.7500
1787753043,574.8000,574.8500,574.7700,574.7700
1787753044,574.8100,575.3200,574.6700,575.2000
1787753045,575.2000,575.2000,575.1800,575.1800
1787753046,575.2700,575.2700,575.2600,575.2700
1787753048,575.2300,575.2300,575.0100,575.0100
1787753049,575.1100,575.1100,575.1100,575.1100
1787753050,575.3200,575.4400,575.3000,575.3000
1787753051,575.4100,575.4100,575.4100,575.4100
1787753053,575.4400,575.4600,575.4300,575.4300
1787753054,575.4600,575.4600,575.4600,575.4600
1787753055,575.4400,575.4600,575.4400,575.4600
1787753056,575.3300,575.4400,575.0000,575.0500
1787753057,574.8500,574.9700,574.7900,574.9600
1787753058,574.9300,575.0200,574.8600,574.9450
1787753059,575.0900,575.0900,575.0900,575.0900
1787753060,575.0000,575.0000,574.8900,574.8900
1787753061,575.0000,575.0800,574.9700,575.0800
1787753062,575.1200,575.1200,575.0600,575.0600
1787753063,575.1150,575.1150,575.0000,575.0000
1787753064,575.0500,575.0700,575.0000,575.0100
1787753065,575.1600,575.1600,575.1600,575.1600
1787753066,575.0000,575.0300,574.9500,574.9500
1787753067,574.9000,574.9000,574.8100,574.8100
1787753068,574.8100,574.8500,574.8100,574.8500
1787753069,574.9000,574.9000,574.8100,574.8500
1787753070,574.8100,574.8100,574.8100,574.8100
1787753071,574.8300,574.9500,574.8100,574.9500
1787753072,574.8200,575.0000,574.8200,575.0000
1787753074,575.0200,575.0200,575.0200,575.0200
1787753075,574.9600,574.9900,574.8100,574.8100
1787753076,574.8000,574.8000,574.7200,574.7600
1787753077,574.9500,575.3800,574.9500,575.3800
1787753078,575.2300,575.3200,575.2200,575.3200
1787753079,575.3700,575.4100,575.3700,575.4100
1787753080,575.4300,575.4500,575.3300,575.3700
1787753081,575.3600,575.3900,575.3350,575.3350
1787753082,575.3150,575.3150,575.1100,575.1100
1787753083,575.1600,575.1600,575.1600,575.1600
1787753084,575.1800,575.2000,575.1200,575.2000
1787753085,575.2400,575.2800,575.1800,575.2800
1787753086,575.2200,575.2200,575.1300,575.2200
1787753087,575.2300,575.2300,575.1400,575.1400
1787753088,575.1100,575.1800,575.1100,575.1800
1787753089,575.0400,575.1350,575.0400,575.1350
1787753090,575.1100,575.1100,574.9400,575.0000
1787753091,575.1800,575.2300,575.1500,575.2300
1787753092,575.2300,575.2600,575.2000,575.2300
1787753093,575.2600,575.3000,575.2600,575.3000
1787753094,575.2000,575.3800,575.2000,575.3800
1787753095,575.3100,575.3100,575.2800,575.2900
1787753096,575.2000,575.2500,575.1500,575.2500
1787753097,575.1700,575.1700,575.1600,575.1600
1787753098,575.2400,575.2900,575.2000,575.2400
1787753099,575.2700,575.2900,575.2600,575.2600
1787753101,575.2400,575.2500,575.2400,575.2400
1787753102,575.2400,575.2900,575.2400,575.2900
1787753103,575.2900,575.2900,574.9300,574.9300
1787753104,575.0000,575.0000,574.9100,574.9100
1787753105,574.9900,575.0800,574.9900,575.0800
1787753106,575.0000,575.0400,574.9700,574.9700
1787753107,575.0200,575.1100,574.9600,575.0600
1787753108,575.1100,575.2000,575.0200,575.0400
1787753109,575.0500,575.0600,574.9000,574.9000
1787753110,574.8500,574.8500,574.5200,574.6300
1787753111,574.6700,574.7700,574.6700,574.6700
1787753112,574.8000,574.8400,574.6600,574.6750
1787753113,574.6200,574.6900,574.5800,574.5800
1787753115,574.5700,574.6600,574.5600,574.6600
1787753116,574.7200,575.0800,574.7200,575.0000
1787753117,575.1900,575.2500,575.1900,575.2500
1787753118,575.1400,575.1450,575.1400,575.1450
1787753119,575.1500,575.2900,575.1300,575.2900
1787753120,575.1500,575.3300,575.1500,575.3300
1787753121,575.3300,575.4400,575.3300,575.4400
1787753122,575.4800,575.5000,575.3900,575.4700
1787753123,575.4400,575.5050,575.1700,575.3050
1787753125,575.2350,575.2350,575.0000,575.0100
1787753126,575.0200,575.0400,574.2900,574.4500
1787753127,574.5300,574.5400,574.4500,574.4500
1787753128,574.3800,574.3800,574.3800,574.3800
1787753129,574.4400,574.4400,574.2600,574.3500
1787753132,574.2900,574.2900,574.2000,574.2000
1787753133,574.1700,574.1700,574.1700,574.1700
1787753134,574.1200,574.4500,574.1000,574.4500
1787753135,574.3300,574.3300,574.3300,574.3300
1787753138,574.3200,574.3200,574.3200,574.3200
1787753139,574.3150,574.5300,574.3150,574.5300
1787753141,574.5900,574.5900,574.4900,574.4900
1787753142,574.5550,574.7000,574.5550,574.7000
1787753143,574.6200,574.6200,574.5400,574.6100
1787753144,574.5350,574.5350,574.5350,574.5350
1787753145,574.5350,574.5700,574.3000,574.5700
1787753149,574.4000,574.4000,574.4000,574.4000
1787753150,574.3100,574.3100,574.0800,574.1300
1787753153,574.2100,574.2900,574.2100,574.2900
1787753154,574.2800,574.3100,574.2800,574.2900
1787753155,574.2500,574.3600,574.2500,574.3600
1787753156,574.3600,574.6000,574.3600,574.6000
1787753158,574.5800,574.5800,574.5800,574.5800
1787753160,574.5000,574.7200,574.5000,574.6800
1787753161,574.6300,574.7000,574.6300,574.7000
1787753162,574.7200,574.7800,574.7200,574.7800
1787753163,574.7700,574.9400,574.7700,574.9400
1787753164,575.0000,575.0000,574.8500,574.8500
1787753165,574.8500,574.8500,574.8500,574.8500
1787753166,574.9000,574.9000,574.9000,574.9000
1787753167,574.8800,574.8900,574.8700,574.8900
1787753170,574.9900,575.0600,574.9800,575.0600
1787753171,575.0950,575.0950,574.9800,575.0000
1787753172,575.0000,575.0000,575.0000,575.0000
1787753173,575.0700,575.0900,575.0700,575.0900
1787753175,575.0200,575.0200,575.0200,575.0200
1787753176,574.9900,575.0000,574.9000,574.9000
1787753177,574.8700,574.8700,574.7100,574.8000
1787753178,574.9200,575.0700,574.9200,574.9900
1787753179,574.9900,575.0800,574.9900,575.0800
1787753181,575.1500,575.2300,575.1500,575.1650
1787753182,575.1900,575.2200,575.1800,575.1800
1787753183,575.2200,575.3700,575.2200,575.3500
1787753184,575.2900,575.5000,575.2900,575.4900
1787753185,575.3800,575.4800,575.3800,575.4700
1787753187,575.3750,575.4300,575.3750,575.4300
1787753188,575.4600,575.4750,575.3800,575.3800
1787753189,575.3900,575.4700,575.3900,575.4100
1787753190,575.4100,575.4300,575.4100,575.4300
1787753191,575.4300,575.4900,574.9500,574.9500
1787753192,575.0300,575.1850,575.0300,575.1850
1787753195,575.3800,575.6300,575.3800,575.6300
1787753196,575.7300,575.9000,575.7000,575.7300
1787753198,575.9100,575.9100,575.7900,575.8100
1787753199,575.7450,575.7450,575.7450,575.7450
1787753201,575.6900,575.6900,575.2600,575.2600
1787753202,575.2200,575.2200,575.1200,575.1200
1787753203,575.1600,575.2100,575.1600,575.1600
1787753205,575.2400,575.3600,575.2400,575.3600
1787753206,575.4100,575.4500,575.4100,575.4300
1787753207,575.4500,575.5000,575.4500,575.4500
1787753208,575.5000,575.5300,575.4500,575.4500
1787753210,575.4700,575.4700,575.4700,575.4700
1787753214,575.6700,575.6900,575.4000,575.4000
1787753215,575.3600,575.3600,575.3000,575.3200
1787753216,575.4500,575.4500,575.4500,575.4500
1787753217,575.5100,575.6900,575.5100,575.6900
1787753218,575.6900,575.6900,575.5900,575.5900
1787753220,575.4900,575.4900,575.2100,575.2100
1787753221,575.5100,575.5700,575.5100,575.5700
1787753225,575.4100,575.5600,574.9400,575.0100
1787753226,575.0100,575.0700,574.8400,574.8400
1787753227,575.0000,575.0000,575.0000,575.0000
1787753228,574.8400,574.8400,574.7500,574.7500
1787753229,574.6700,574.6700,574.6600,574.6600
1787753230,574.6600,574.6600,574.6600,574.6600
1787753232,574.8700,574.8700,574.7000,574.7000
1787753233,574.7000,574.7000,574.7000,574.7000
1787753234,574.6600,574.6700,574.5400,574.6700
1787753235,574.6800,574.8500,574.6800,574.8500
1787753236,574.5200,574.5200,574.2700,574.2700
1787753237,574.1300,574.1300,574.0600,574.0600
1787753238,574.0500,574.1100,573.8600,574.1100
1787753239,574.1000,574.1200,574.0800,574.0800
1787753241,574.0000,574.0500,573.9350,574.0100
1787753242,573.9100,573.9100,573.6600,573.6600
1787753243,573.6400,573.8500,573.6400,573.8500
1787753245,573.8500,573.9000,573.8500,573.9000
1787753246,573.9400,573.9400,573.9400,573.9400
1787753247,573.8100,573.8100,573.8100,573.8100
1787753248,573.9000,573.9000,573.9000,573.9000
1787753249,573.7900,573.8100,573.6000,573.6000
1787753250,573.6800,573.6900,573.1100,573.2550
1787753252,573.2800,573.5000,573.2800,573.5000
1787753253,573.5700,573.5700,573.5700,573.5700
1787753254,573.5000,573.5000,573.5000,573.5000
1787753256,573.4000,573.4000,573.4000,573.4000
1787753257,573.5100,573.5300,573.5000,573.5000
1787753258,573.5200,573.5300,573.5200,573.5300
1787753259,573.5050,573.5050,573.4300,573.4300
1787753260,573.5900,573.5900,573.5900,573.5900
1787753261,573.5000,573.5900,573.4500,573.5600
1787753263,573.6700,573.7300,573.6300,573.6700
1787753264,573.5000,573.5000,573.2900,573.2900
1787753269,573.2500,573.3500,573.2500,573.3500
1787753270,573.4400,573.5400,573.4400,573.5400
1787753271,573.2100,573.2100,573.2000,573.2000
1787753273,573.1800,573.1800,573.1800,573.1800
1787753274,573.1500,573.1500,573.1500,573.1500
1787753275,573.1100,573.1100,573.1100,573.1100
1787753277,573.1100,573.1600,572.7700,573.1100
1787753278,573.1950,573.5000,573.1600,573.4600
1787753279,573.5000,573.5200,573.5000,573.5000
1787753280,573.5500,573.6000,573.5100,573.6000
1787753281,573.4700,573.5500,573.4700,573.5500
1787753282,573.6800,573.6800,573.5400,573.5400
1787753289,573.4800,573.5000,573.4800,573.5000
1787753290,573.5600,573.5600,573.5600,573.5600
1787753294,573.5200,573.5200,573.5200,573.5200
1787753295,573.5100,573.5100,573.4100,573.4100
1787753296,573.6200,573.6200,573.6200,573.6200
1787753297,573.7100,574.0300,573.6950,573.9000
1787753298,573.7000,573.7000,573.4000,573.4600
1787753300,573.7100,573.7100,573.6200,573.6700
1787753301,573.6600,573.6600,573.6600,573.6600
1787753302,573.7600,573.7800,573.7600,573.7800
1787753304,573.7800,573.8400,573.7800,573.8400
1787753307,573.7800,573.7800,573.5000,573.5000
1787753308,573.6400,573.6400,573.6400,573.6400
1787753311,573.7200,573.7200,573.4300,573.5300
1787753313,573.6600,573.6600,573.6600,573.6600
1787753317,573.7200,573.8000,573.3600,573.3600
1787753318,573.4550,573.4550,573.4550,573.4550
1787753324,573.4400,573.4400,573.4400,573.4400
1787753326,573.4100,573.5000,573.4000,573.5000
1787753327,573.5550,573.5550,573.1600,573.2800
1787753329,573.5700,573.5700,573.4500,573.4500
1787753331,573.4000,573.4000,573.3900,573.3900
1787753335,573.3200,573.3400,573.3200,573.3400
1787753338,573.1600,573.3700,573.1600,573.3700
1787753339,573.4500,573.6800,573.4500,573.6300
1787753341,573.7000,573.7000,573.7000,573.7000
1787753343,573.6100,573.8300,573.6000,573.8300
1787753344,573.5900,573.5900,573.5900,573.5900
1787753347,573.5300,573.5300,573.4500,573.4500
1787753351,573.3400,573.3400,573.3400,573.3400
1787753355,573.3500,573.3500,573.0700,573.2800
1787753356,573.2950,573.2950,573.2950,573.2950
1787753358,573.3700,573.3700,573.3500,573.3500
1787753359,573.1100,573.1100,572.9600,572.9600
1787753360,572.9200,572.9200,572.8000,572.8000
1787753361,573.0300,573.0300,573.0300,573.0300
1787753366,572.8200,572.9400,572.8200,572.9400
1787753367,572.7600,572.7600,572.6600,572.6600
1787753368,572.6400,572.6400,572.4000,572.5000
1787753370,572.4500,572.4500,571.7700,571.9100
1787753371,571.9400,572.0000,571.8700,571.9900
1787753373,572.1400,572.3200,571.9800,572.0500
1787753374,572.0000,572.0000,572.0000,572.0000
1787753377,572.1800,572.3300,572.1800,572.3100
1787753378,572.3700,572.4200,572.3600,572.3900
1787753379,572.1600,572.1600,572.1600,572.1600
1787753381,572.3600,572.4200,572.2650,572.2650
1787753383,572.2600,572.2600,572.0700,572.2100
1787753384,572.2100,572.2100,572.2100,572.2100
1787753385,572.0200,572.0200,571.7700,571.7700
1787753386,571.6500,571.6500,571.5000,571.5300
1787753387,571.5800,571.5800,571.5800,571.5800
1787753390,571.5800,571.5800,571.5400,571.5400
1787753391,571.5850,571.5850,571.5850,571.5850
1787753392,571.6000,571.6000,571.6000,571.6000
1787753393,571.7600,571.8100,571.7600,571.8100
1787753394,571.9500,571.9500,571.9400,571.9500
1787753395,571.8900,571.8900,571.8400,571.8400
1787753396,571.7900,571.7900,571.5400,571.6150
1787753397,571.5800,571.5800,571.3100,571.4250
1787753398,571.4250,571.4250,571.2800,571.2800
1787753399,571.5400,571.5400,571.5400,571.5400
1787753401,571.6000,571.6000,571.6000,571.6000
1787753403,571.5000,571.5200,571.4800,571.5000
1787753404,571.4800,571.4800,571.4800,571.4800
1787753406,571.4200,571.5350,571.3500,571.5350
1787753407,571.4000,571.4000,571.3500,571.3500
1787753408,571.3700,571.3700,571.3700,571.3700
1787753410,571.3900,571.3900,571.3300,571.3300
1787753411,571.3200,571.5300,571.3200,571.4000
1787753412,571.4300,571.4300,571.4300,571.4300
1787753413,571.4400,571.5000,571.4400,571.4550
1787753415,571.4100,571.4400,571.3800,571.4000
1787753416,571.3600,571.4000,570.7800,570.9300
1787753417,570.7900,570.7900,570.6300,570.7000
1787753418,570.6000,570.6000,570.5300,570.5700
1787753419,570.4400,570.4500,570.4200,570.4500
1787753421,570.3600,570.3600,570.3500,570.3500
1787753422,570.3600,570.4300,570.3500,570.3800
1787753424,570.4550,570.4550,570.4350,570.4350
1787753426,570.4300,570.4300,570.3000,570.3500
1787753428,570.3300,570.3300,570.3300,570.3300
1787753429,570.3300,570.3500,570.2400,570.3500
1787753430,570.2300,570.2300,570.2300,570.2300
1787753431,570.2100,570.2100,570.2100,570.2100
1787753432,570.2200,570.2200,569.7400,569.7500
1787753433,569.7200,569.7200,569.5800,569.6600
1787753434,569.6100,569.6100,569.3700,569.3700
1787753435,569.3800,569.5700,569.3800,569.5700
1787753436,569.5600,569.5700,569.5600,569.5700
1787753438,569.6600,569.6600,569.5800,569.6600
1787753439,569.6600,569.7200,569.6600,569.7200
1787753440,569.7500,569.7500,569.6300,569.6300
1787753441,569.7500,569.7500,569.7500,569.7500
1787753442,569.8100,569.9400,569.8100,569.9400
1787753444,569.9900,569.9900,569.7500,569.7500
1787753445,569.9000,569.9100,569.7800,569.7800
1787753447,569.8100,569.8100,569.8100,569.8100
1787753448,569.9300,569.9300,569.9200,569.9200
1787753449,569.9900,570.0100,569.9900,570.0000
1787753450,570.1200,570.3300,570.1200,570.3300
1787753451,570.3300,570.3300,570.2300,570.2300
1787753453,570.1700,570.1700,570.1700,570.1700
1787753454,570.1300,570.1300,570.1300,570.1300
1787753458,570.3900,570.4000,569.5000,569.5000
1787753459,569.3000,569.3000,569.2000,569.2200
1787753460,569.2200,569.5300,569.2000,569.3900
1787753461,569.6000,569.6000,569.6000,569.6000
1787753466,569.6550,569.6600,569.6550,569.6600
1787753468,569.7300,569.7400,569.7100,569.7100
1787753469,569.7800,569.7800,569.7800,569.7800
1787753470,569.6300,569.7300,569.5500,569.5500
1787753474,569.6550,569.7800,569.6550,569.7800
1787753475,569.6100,569.6100,569.5100,569.5100
1787753476,569.5700,569.5800,569.3600,569.3600
1787753478,569.4650,569.5000,569.2800,569.3300
1787753482,569.2000,569.3300,569.0400,569.3300
1787753483,569.0500,569.0900,569.0300,569.0500
1787753484,569.0200,569.0200,568.7400,568.7500
1787753486,568.9300,568.9400,568.7400,568.7400
1787753487,568.7400,568.7400,568.5300,568.7150
1787753488,568.5100,568.5100,568.4300,568.4300
1787753489,568.5600,568.5600,568.5600,568.5600
1787753491,568.7100,568.8000,568.6800,568.6800
1787753492,568.6400,568.6400,568.6100,568.6100
1787753493,568.5500,568.6600,568.5500,568.6600
1787753495,568.6000,568.6000,568.5000,568.5000
1787753496,568.5000,568.5000,568.4000,568.4000
1787753497,568.4000,568.5000,568.3900,568.5000
1787753498,568.3600,568.3600,568.3600,568.3600
1787753499,568.4800,568.5000,568.3700,568.3700
1787753500,568.5100,568.5200,568.5100,568.5200
1787753503,568.6900,568.6900,568.5000,568.5000
1787753505,568.5000,568.5000,568.5000,568.5000
1787753507,568.5000,568.5500,568.4500,568.5100
1787753508,568.4300,568.5500,568.4300,568.5500
1787753509,568.4200,568.4200,568.4200,568.4200
1787753510,568.4300,568.5200,568.4250,568.4250
1787753512,568.5200,568.5200,568.3700,568.4350
1787753514,568.5700,568.5700,568.5700,568.5700
1787753515,568.5800,568.5800,568.3200,568.3200
1787753516,568.3200,568.4100,568.2200,568.2200
1787753517,568.2100,568.2100,568.1200,568.1200
1787753518,568.1400,568.1400,568.1300,568.1400
1787753520,568.2000,568.2000,568.2000,568.2000
1787753521,568.2300,568.2300,568.1900,568.1900
1787753522,568.2900,568.3000,568.1300,568.2200
1787753523,568.1450,568.2500,568.1450,568.2500
1787753525,568.0900,568.0900,568.0800,568.0800
1787753526,568.1900,568.1900,568.1900,568.1900
1787753527,568.0600,568.0600,568.0000,568.0100
1787753528,568.0150,568.0400,568.0150,568.0400
1787753529,568.1000,568.6900,568.1000,568.6900
1787753530,568.7900,568.8000,568.5500,568.5500
1787753534,568.7900,568.9000,568.7900,568.8700
1787753535,568.9800,569.1000,568.9800,568.9900
1787753536,569.1000,569.1000,568.9900,568.9900
1787753537,569.2000,569.2000,569.2000,569.2000
1787753538,569.1100,569.1100,569.0000,569.0000
1787753539,569.0300,569.0300,569.0200,569.0200
1787753540,568.8800,568.8800,568.8700,568.8700
1787753541,568.8300,568.8700,568.8300,568.8700
1787753543,568.9800,569.0350,568.9200,568.9200
1787753544,568.8700,568.8700,568.6300,568.6300
1787753545,568.5100,568.5100,568.5100,568.5100
1787753546,568.5300,568.5300,568.5300,568.5300
1787753547,568.4900,568.4900,568.4900,568.4900
1787753548,568.4900,568.4900,568.4900,568.4900
1787753549,568.4900,568.4900,568.4900,568.4900
1787753552,568.6200,568.6300,568.5500,568.5700
1787753553,568.5500,568.6300,568.5500,568.6300
1787753556,568.5700,568.5900,568.5500,568.5500
1787753558,568.5500,568.5500,568.5500,568.5500
1787753559,568.5300,568.6300,568.5100,568.5200
1787753560,568.5500,568.5500,568.5500,568.5500
1787753561,568.5100,569.3800,568.3900,569.3800
1787753564,569.4800,569.6500,569.4800,569.6500
1787753565,569.7000,569.7500,569.5900,569.7400
1787753566,569.7300,569.7300,569.7300,569.7300
1787753567,569.7200,569.7500,569.7200,569.7350
1787753569,569.6200,569.6300,569.3700,569.3700
1787753573,569.3200,569.3250,569.3200,569.3250
1787753574,569.2300,569.2300,569.0800,569.0800
1787753575,569.1800,569.1800,569.1800,569.1800
1787753577,569.1800,569.1800,569.1550,569.1550
1787753578,569.1900,569.4200,569.1900,569.4200
1787753579,569.4350,569.4350,569.4300,569.4300
1787753580,569.4500,569.4500,569.4500,569.4500
1787753581,569.5800,569.5800,569.5800,569.5800
1787753582,569.5400,569.5400,569.2900,569.3950
1787753583,569.3300,569.3500,569.2900,569.2900
1787753584,569.4900,569.5000,569.4900,569.5000
1787753585,569.5900,569.6900,569.5900,569.6900
1787753586,569.6000,569.6000,569.6000,569.6000
1787753588,569.5900,569.5900,569.5900,569.5900
1787753589,569.5550,569.5600,569.5550,569.5600
1787753591,569.4600,569.4600,569.4600,569.4600
1787753594,569.5600,569.6800,569.5600,569.6800
1787753596,569.7500,570.0700,569.7500,570.0700
1787753598,569.7300,569.7300,569.6300,569.6300
1787753599,569.8000,569.8000,569.5800,569.5800
1787753601,569.7700,569.7700,569.7700,569.7700
1787753604,569.5900,569.5900,569.5500,569.5500
1787753605,569.7000,569.7000,569.7000,569.7000
1787753606,569.6000,569.6000,569.5200,569.5500
1787753607,569.6200,569.6200,569.5200,569.5900
1787753608,569.5000,569.5000,569.5000,569.5000
1787753609,569.4900,569.4900,569.4900,569.4900
1787753610,569.6050,569.8400,569.6050,569.8400
1787753611,569.7450,569.7450,569.7450,569.7450
1787753612,569.6100,569.6500,569.6100,569.6500
1787753613,569.4900,569.4900,569.3000,569.4400
1787753616,569.2400,569.3100,569.0400,569.3100
1787753618,569.2200,569.2200,569.2200,569.2200
1787753620,569.1200,569.2000,569.0000,569.2000
1787753621,569.2200,569.2200,569.2200,569.2200
1787753623,569.2000,569.2000,569.2000,569.2000
1787753624,569.0100,569.0200,568.7900,568.7900
1787753627,568.9300,568.9300,568.9300,568.9300
1787753629,568.7300,568.7300,568.7200,568.7200
1787753632,568.7750,568.8400,568.6800,568.8200
1787753634,568.8500,568.8500,568.8500,568.8500
1787753636,568.8800,569.0500,568.8800,569.0500
1787753639,569.1400,569.3900,569.1000,569.2000
1787753641,569.3600,569.3600,569.3600,569.3600
1787753643,569.1800,569.1800,569.1500,569.1500
1787753644,569.0300,569.1400,569.0200,569.1400
1787753645,569.0850,569.0850,569.0850,569.0850
1787753646,569.0000,569.0100,569.0000,569.0000
1787753647,568.9700,569.0100,568.9700,569.0000
1787753648,569.0400,569.0400,569.0400,569.0400
1787753649,569.1600,569.1700,569.1600,569.1700
1787753650,569.2700,569.2700,569.2700,569.2700
1787753651,569.2700,569.2700,569.2700,569.2700
1787753652,569.1600,569.2500,569.1300,569.1300
1787753653,569.2500,569.2600,569.2500,569.2600
1787753654,569.3500,569.4300,569.3500,569.4300
1787753655,569.5650,569.6200,569.5650,569.6200
1787753656,569.4700,569.4700,569.4700,569.4700
1787753657,569.3000,569.3850,569.0700,569.0700
1787753659,569.0400,569.0400,568.9100,568.9700
1787753660,568.9600,568.9700,568.9600,568.9650
1787753661,568.9750,568.9750,568.9750,568.9750
1787753663,568.8100,568.8200,568.6900,568.8000
1787753664,568.8800,568.8800,568.8800,568.8800
1787753665,568.8400,568.8400,568.8400,568.8400
1787753666,568.8400,568.8400,568.8300,568.8300
1787753667,568.8300,568.8300,568.5500,568.7300
1787753668,568.5600,568.5600,568.4100,568.4500
1787753669,568.4100,568.4100,568.3800,568.3800
1787753670,568.3950,568.4400,568.3600,568.3600
1787753671,568.4400,568.6000,568.4400,568.6000
1787753673,568.3700,568.4450,568.3200,568.3200
1787753677,568.6400,568.6700,568.6400,568.6600
1787753679,568.6100,568.6100,568.6100,568.6100
1787753682,568.5500,568.5500,568.5000,568.5100
1787753683,568.5650,568.6200,568.4000,568.4000
1787753685,568.4300,568.4300,568.2800,568.2800
1787753686,568.3800,568.3850,568.0800,568.0800
1787753687,568.2400,568.2400,568.2400,568.2400
1787753691,568.2450,568.3200,568.2450,568.3200
1787753692,568.1200,568.3200,568.1200,568.3200
1787753693,568.3100,568.4500,568.3100,568.4500
1787753694,568.3000,568.3000,568.3000,568.3000
1787753695,568.2400,568.2400,567.1300,567.1300
1787753696,567.3150,567.3900,567.3150,567.3900
1787753697,567.4900,567.4900,567.4900,567.4900
1787753698,567.4900,567.5500,567.4900,567.5500
1787753699,567.7200,567.7700,567.6400,567.7500
1787753700,567.7700,567.9800,567.7700,567.9800
1787753702,567.9800,568.0000,567.9800,568.0000
1787753703,568.0000,568.0000,567.9400,567.9400
1787753706,567.9400,567.9400,567.8400,567.8400
1787753707,568.0000,568.0000,567.8500,567.9000
1787753708,568.0000,568.0000,567.6600,567.7750
1787753710,567.7750,567.7750,567.7750,567.7750
1787753711,567.7800,567.7800,567.5000,567.5000
1787753714,567.2400,567.2400,567.1600,567.1700
1787753718,567.3900,567.3900,567.3600,567.3800
1787753719,567.3100,567.3100,567.3100,567.3100
1787753720,567.1900,567.2500,567.1700,567.2150
1787753723,567.1700,567.1700,567.1500,567.1500
1787753724,567.2000,567.2800,567.1500,567.2300
1787753725,567.3300,567.4400,567.3300,567.3400
1787753726,567.5300,567.5700,567.5300,567.5700
1787753727,567.6700,567.7500,567.5900,567.5900
1787753728,567.4700,567.4700,567.3800,567.3800
1787753729,567.3600,567.3600,567.3600,567.3600
1787753731,567.5000,567.5000,567.3500,567.4200
1787753732,567.3850,567.5900,567.3850,567.5900
1787753733,567.5600,567.6000,567.5600,567.6000
1787753734,567.6000,567.6000,567.6000,567.6000
1787753736,567.7100,567.8600,567.7100,567.8600
1787753737,567.8100,567.8700,567.7700,567.7900
1787753739,567.9100,568.0000,567.9000,567.9900
1787753740,567.8350,567.8350,567.8350,567.8350
1787753741,568.2900,568.2900,568.1500,568.1500
1787753742,568.2200,568.2200,568.2200,568.2200
1787753743,568.2400,568.3000,568.2400,568.3000
1787753744,568.3400,568.3500,568.3200,568.3200
1787753745,568.3500,568.3500,568.3200,568.3200
1787753746,568.3400,568.3400,568.3400,568.3400
1787753747,568.2900,568.3100,568.2900,568.3100
1787753748,568.3300,568.3800,568.3200,568.3400
1787753749,568.3300,568.4000,568.2700,568.2700
1787753750,568.3500,568.3500,568.0900,568.2200
1787753751,568.3000,568.3200,568.3000,568.3100
1787753752,568.3000,568.3100,568.3000,568.3100
1787753754,568.3500,568.4400,568.3500,568.4400
1787753755,568.5000,568.5000,568.5000,568.5000
1787753757,568.2200,568.2200,568.2000,568.2000
1787753759,568.2900,568.2900,568.2900,568.2900
1787753760,568.3400,568.3400,568.3400,568.3400
1787753763,568.3400,568.3400,568.3400,568.3400
1787753765,568.2500,568.2500,568.2300,568.2300
1787753766,568.2100,568.2100,568.1300,568.1300
1787753767,568.1400,568.1400,568.0000,568.0000
1787753769,567.8800,567.8800,567.8800,567.8800
1787753770,567.9600,567.9600,567.9600,567.9600
1787753772,567.9900,567.9900,567.9900,567.9900
1787753774,567.9000,567.9000,567.6100,567.6100
1787753775,567.8300,567.8300,567.8300,567.8300
1787753781,567.6100,567.6100,567.4200,567.4200
1787753782,567.5600,567.5600,567.5600,567.5600
1787753783,567.5600,567.5700,567.5600,567.5600
1787753784,567.5600,567.7300,567.5600,567.7300
1787753786,567.6600,567.6600,567.6500,567.6500
1787753787,567.8000,567.8000,567.6400,567.6500
1787753788,567.6600,567.6600,567.6600,567.6600
1787753790,567.6400,567.6400,567.5100,567.5200
1787753792,567.5800,567.5800,567.5800,567.5800
1787753793,567.5850,567.5950,567.5850,567.5950
1787753794,567.5950,567.6500,567.5950,567.6500
1787753795,567.6450,567.7700,567.6450,567.6750
1787753796,567.6700,567.6700,567.6600,567.6700
1787753797,567.7700,567.8200,567.6700,567.6700
1787753798,567.6450,567.6450,567.6450,567.6450
1787753799,567.7300,567.7300,567.7000,567.7000
1787753802,567.6800,567.6800,567.6800,567.6800
1787753804,567.7300,567.7300,567.7300,567.7300
1787753805,567.7000,567.7300,567.6900,567.7300
1787753808,567.7400,567.7400,567.7200,567.7200
1787753811,567.7200,567.7200,567.7200,567.7200
1787753812,567.6600,567.6600,567.6600,567.6600
1787753813,567.6000,567.6000,567.4500,567.4500
1787753814,567.6600,567.6700,567.6600,567.6700
1787753817,567.7100,567.7300,567.5950,567.6300
1787753818,567.6200,567.6200,567.3400,567.3800
1787753819,567.4700,567.4700,567.4700,567.4700
1787753820,567.4600,567.4700,567.3850,567.3850
1787753821,567.3900,567.4550,567.3900,567.4550
1787753822,567.5100,567.6000,567.5000,567.5300
1787753823,567.5850,567.5850,567.5400,567.5850
1787753824,567.5900,567.5900,567.5900,567.5900
1787753825,567.5100,567.5100,567.4000,567.4700
1787753826,567.4300,567.4300,567.4300,567.4300
1787753827,567.5900,567.7400,567.5900,567.7400
1787753828,567.6300,567.6300,567.6300,567.6300
1787753829,567.6300,567.6300,567.6300,567.6300
1787753830,567.7000,567.7000,567.6600,567.6600
1787753831,567.6800,567.6800,567.6800,567.6800
1787753832,567.7000,567.7000,567.7000,567.7000
1787753833,567.5600,567.5600,567.5600,567.5600
1787753834,567.5650,567.5650,567.5650,567.5650
1787753835,567.5650,567.5650,567.5650,567.5650
1787753836,567.6700,567.6700,567.2900,567.3200
1787753837,567.2300,567.2300,566.5600,566.6300
1787753838,566.6800,566.6800,566.4900,566.6350
1787753839,566.4800,566.4900,566.4500,566.4600
1787753840,566.4800,566.4900,566.3200,566.3800
1787753841,566.4400,566.5500,566.4400,566.5500
1787753842,566.4600,566.4600,566.4600,566.4600
1787753843,566.4700,566.4700,566.3700,566.3700
1787753844,566.4500,566.4700,566.4500,566.4700
1787753845,566.3700,566.4700,566.3700,566.4700
1787753846,566.3900,566.3900,566.3900,566.3900
1787753847,566.3900,566.3900,566.1100,566.3700
1787753850,566.2300,566.2300,566.2300,566.2300
1787753851,566.1200,566.1200,566.1100,566.1100
1787753852,566.2300,566.2300,566.2300,566.2300
1787753853,566.2600,566.2600,566.2450,566.2450
1787753854,566.2800,566.2800,566.2700,566.2700
1787753856,566.2300,566.3500,566.1900,566.3500
1787753857,566.1900,566.1900,566.1900,566.1900
1787753858,566.3600,566.5400,566.3600,566.5400
1787753859,566.6600,566.6800,566.6600,566.6800
1787753861,566.5600,566.5600,566.5600,566.5600
1787753863,566.4700,566.4700,566.4700,566.4700
1787753864,566.4700,566.4700,566.3000,566.3200
1787753865,566.3800,566.5400,566.3600,566.5400
1787753869,566.6000,566.6000,566.6000,566.6000
1787753870,566.6400,566.6400,566.6100,566.6100
1787753871,566.6000,566.6700,566.6000,566.6700
1787753874,566.6900,566.6900,566.6900,566.6900
1787753876,566.5800,566.5800,566.5800,566.5800
1787753878,566.5700,566.5700,566.3500,566.4700
1787753879,566.4700,566.5700,566.3600,566.5700
1787753881,566.3700,566.3700,566.3700,566.3700
1787753884,566.5000,566.5800,566.5000,566.5800
1787753885,566.5900,566.6500,566.5900,566.6000
1787753892,566.6100,567.2200,566.4700,566.9100
1787753896,567.0000,567.0400,567.0000,567.0400
1787753899,567.0200,567.0200,567.0200,567.0200
1787753901,567.0600,567.0600,567.0600,567.0600
1787753902,566.8400,566.8400,566.8400,566.8400
1787753904,566.6100,566.6700,566.4300,566.4800
1787753905,566.5000,566.5000,566.4450,566.4450
1787753908,566.4100,566.4100,566.3500,566.3500
1787753910,566.2500,566.2500,566.2400,566.2400
1787753913,566.1600,566.1600,565.3500,565.5900
1787753914,565.5900,565.6000,565.3700,565.3700
1787753915,565.3600,565.3700,565.3550,565.3550
1787753916,565.3400,565.4800,565.2400,565.4800
1787753917,565.5000,565.5000,565.4400,565.4400
1787753919,565.5900,565.5900,565.4300,565.4300
1787753920,565.4300,565.4300,565.4300,565.4300
1787753924,565.4200,565.4200,564.9000,565.1400
1787753925,565.0800,565.2200,565.0200,565.2200
1787753926,565.2200,565.2200,565.1200,565.1200
1787753927,565.2000,565.2000,565.2000,565.2000
1787753929,565.1100,565.1100,564.7500,564.7500
1787753930,564.7400,564.7400,564.7000,564.7000
1787753932,564.8600,564.8600,564.8600,564.8600
1787753933,564.9000,564.9000,564.9000,564.9000
1787753934,564.7400,564.9900,564.7400,564.9900
1787753935,565.0000,565.0000,565.0000,565.0000
1787753936,564.9200,564.9200,564.9200,564.9200
1787753937,565.0000,565.1000,565.0000,565.1000
1787753938,565.0850,565.0850,565.0850,565.0850
1787753939,565.0850,565.0850,564.9200,564.9200
1787753940,564.9300,564.9300,564.9200,564.9200
1787753943,564.8200,564.8200,564.3600,564.5400
1787753944,564.5400,564.5400,564.5400,564.5400
1787753945,564.5400,564.5400,564.5000,564.5400
1787753946,564.5800,564.5800,564.5100,564.5100
1787753948,564.6800,564.7300,564.6800,564.7300
1787753949,564.8200,565.1100,564.8200,565.1100
1787753950,565.1000,565.1000,564.7900,564.7900
1787753951,564.9600,564.9600,564.9600,564.9600
1787753952,565.0500,565.0500,564.9100,564.9100
1787753954,565.0000,565.1700,565.0000,565.1100
1787753955,565.1700,565.1700,565.1700,565.1700
1787753956,565.2000,565.2300,565.2000,565.2300
1787753957,565.2300,565.3200,565.1900,565.2000
1787753958,565.2200,565.2200,565.1600,565.1600
1787753959,565.2200,565.2200,565.1700,565.1700
1787753960,565.1100,565.1100,565.0000,565.0000
1787753962,565.1500,565.1500,565.1500,565.1500
1787753963,565.1900,565.1900,565.0000,565.0000
1787753967,565.0400,566.0100,565.0300,566.0100
1787753968,566.3000,566.3000,566.3000,566.3000
1787753971,566.2700,566.3100,566.2400,566.3100
1787753972,566.3150,566.3150,566.3150,566.3150
1787753973,566.2700,566.2700,566.2700,566.2700
1787753974,566.1550,566.1550,566.1550,566.1550
1787753977,566.2000,566.2000,565.6800,565.8700
1787753980,565.6100,565.6100,565.4500,565.5600
1787753987,565.4500,565.6150,565.0800,565.0800
1787753990,565.1600,565.1600,565.0700,565.0700
1787753991,565.2100,565.2100,565.2100,565.2100
1787753992,565.0800,565.0800,564.7300,564.7300
1787753993,564.8950,564.8950,564.7100,564.7100
1787753996,564.7800,564.8950,564.7800,564.8950
1787753997,565.0100,565.1100,565.0100,565.0700
1787753999,565.0900,565.0900,565.0900,565.0900
1787754000,564.9800,565.0600,564.9800,564.9800
1787754001,565.0600,565.4100,565.0600,565.4100
1787754002,565.5700,565.9900,565.5700,565.9900
1787754003,566.0000,566.2500,566.0000,566.2500
1787754004,566.1900,566.1950,565.8900,565.8900
1787754005,566.0000,566.1100,566.0000,566.1100
1787754009,566.2600,566.2900,566.2600,566.2900
1787754011,566.2700,566.2700,566.0000,566.0000
1787754012,566.0700,566.0700,566.0700,566.0700
1787754014,566.1200,566.1200,566.1200,566.1200
1787754016,566.1000,566.1000,566.0700,566.0700
1787754017,566.1800,566.1900,566.1800,566.1900
1787754018,566.1600,566.1600,566.1600,566.1600
1787754020,566.2300,566.2300,566.2300,566.2300
1787754022,566.2300,566.6200,566.2300,566.6200
1787754023,566.4950,566.4950,566.4950,566.4950
1787754026,566.6800,566.9000,566.6600,566.9000
1787754028,566.9000,566.9300,566.8800,566.9000
1787754029,566.9400,566.9400,566.9400,566.9400
1787754031,566.9800,567.0000,566.7000,566.8700
1787754032,566.8600,566.9000,566.6800,566.7100
1787754033,566.8900,566.9200,566.8300,566.9100
1787754035,566.9800,567.0400,566.9800,567.0400
1787754037,567.0600,567.1200,567.0600,567.1200
1787754038,567.0300,567.0300,566.9100,566.9100
1787754039,566.9100,566.9100,566.9000,566.9000
1787754040,566.9000,567.0000,566.9000,567.0000
1787754041,567.0600,567.2000,567.0600,567.2000
1787754042,567.1400,567.2500,567.1400,567.2100
1787754044,567.1400,567.1400,567.1300,567.1300
1787754045,567.1200,567.1200,567.0500,567.0500
1787754047,567.0400,567.0600,567.0400,567.0600
1787754048,567.1500,567.2700,567.1500,567.2700
1787754050,567.2800,567.5900,567.2800,567.5900
1787754053,567.4300,567.4300,567.4300,567.4300
1787754054,567.5600,567.5600,567.5600,567.5600
1787754055,567.3700,567.3700,567.3700,567.3700
1787754058,567.4450,567.4450,567.4450,567.4450
1787754060,567.3800,567.3800,567.2500,567.2500
1787754061,567.3600,567.3600,567.2800,567.2800
1787754062,567.4300,567.5000,567.3700,567.4900
1787754063,567.4800,567.4800,567.4800,567.4800
1787754064,567.5100,567.5100,567.4300,567.4300
1787754065,567.4200,567.4200,567.4200,567.4200
1787754066,567.5400,567.5800,567.3700,567.4700
1787754067,567.4700,567.4700,567.4700,567.4700
1787754068,567.4000,567.6500,567.3500,567.6500
1787754071,567.6200,567.6900,567.5900,567.5900
1787754073,567.7800,567.7800,567.7800,567.7800
1787754074,567.6500,567.7100,567.5900,567.6200
1787754075,567.5700,567.5700,567.5700,567.5700
1787754077,567.6500,567.7100,567.3600,567.3600
1787754078,567.2600,567.2950,567.1200,567.1200
1787754079,567.1300,567.1300,567.1300,567.1300
1787754081,567.2200,567.2200,567.2200,567.2200
1787754085,567.4100,567.4100,567.4100,567.4100
1787754086,567.4200,567.5000,567.4200,567.5000
1787754087,567.6600,567.6600,567.6600,567.6600
1787754089,567.6700,567.7500,567.6100,567.6100
1787754090,567.7600,567.8000,567.7600,567.7600
1787754091,567.7600,567.8000,567.6500,567.6500
1787754092,567.8400,567.8400,567.8400,567.8400
1787754094,567.6000,567.6000,567.5600,567.5600
1787754095,567.7000,567.7500,567.7000,567.7500
1787754096,567.8100,567.8100,567.7500,567.7500
1787754098,567.8600,567.8800,567.8000,567.8000
1787754100,567.8100,567.8100,567.7300,567.7300
1787754104,567.6400,567.7000,567.6100,567.7000
1787754105,567.6100,567.7600,567.6000,567.6500
1787754107,567.6850,567.6850,567.6850,567.6850
1787754108,567.6850,567.6850,567.5900,567.5900
1787754112,567.7700,567.8400,567.7600,567.8400
1787754113,567.7400,567.7400,567.7400,567.7400
1787754114,567.8700,567.8800,567.8700,567.8800
1787754115,567.8350,567.8350,567.7400,567.7400
1787754118,567.7500,567.7500,567.7400,567.7400
1787754120,567.8800,567.9500,567.8800,567.9500
1787754122,567.9900,568.0400,567.6100,567.6100
1787754123,567.8000,567.8000,567.7400,567.7400
1787754124,567.6100,567.7000,567.6100,567.7000
1787754125,567.8300,567.8300,567.8300,567.8300
1787754126,567.8800,567.8900,567.8800,567.8900
1787754127,567.7700,567.7700,567.7700,567.7700
1787754130,567.8900,567.9300,567.8900,567.9300
1787754131,567.9700,567.9700,567.8700,567.8700
1787754133,567.9200,567.9200,567.7000,567.7000
1787754134,567.7500,567.7500,567.7500,567.7500
1787754136,567.7000,567.7000,567.6000,567.6100
1787754138,567.7050,567.7050,567.7050,567.7050
1787754140,567.6100,567.6900,567.5900,567.6900
1787754145,567.7500,567.8900,567.7500,567.8000
1787754147,567.7400,567.7400,567.7400,567.7400
1787754149,567.6800,567.7600,567.6800,567.7600
1787754151,567.7000,567.7000,567.7000,567.7000
1787754152,567.7600,567.7600,567.7600,567.7600
1787754153,567.7900,567.8500,567.7900,567.8500
1787754159,567.7800,567.8000,567.7800,567.8000
1787754161,567.7100,567.7100,567.7100,567.7100
1787754163,567.7700,567.7700,567.7700,567.7700
1787754164,567.6800,567.6800,567.6800,567.6800
1787754166,567.7100,567.7500,567.7100,567.7200
1787754167,567.6800,567.6800,567.6800,567.6800
1787754168,567.6500,567.6500,567.6200,567.6200
1787754171,567.6800,567.6800,567.6800,567.6800
1787754172,567.7400,568.0700,567.7400,567.9600
1787754173,568.2200,568.2200,568.0500,568.0500
1787754176,568.0600,568.0600,568.0300,568.0300
1787754180,567.9650,567.9650,567.9650,567.9650
1787754181,568.0300,568.0300,568.0300,568.0300
1787754182,568.0800,568.0800,568.0700,568.0800
1787754183,568.0100,568.0100,568.0100,568.0100
1787754184,568.0750,568.0750,568.0750,568.0750
1787754185,568.0600,568.0600,568.0600,568.0600
1787754187,568.0700,568.0700,568.0000,568.0000
1787754188,568.0500,568.0500,568.0000,568.0000
1787754189,567.9000,567.9700,567.7500,567.8400
1787754192,567.9900,568.0500,567.9900,568.0500
1787754193,567.9600,567.9600,567.9600,567.9600
1787754195,568.1100,568.1500,568.1100,568.1500
1787754197,568.1900,568.1900,568.1900,568.1900
1787754198,568.2000,568.3100,568.2000,568.3100
1787754199,568.3800,568.4000,568.3800,568.4000
1787754200,568.4500,568.5600,568.4400,568.5600
1787754201,568.5600,568.5600,568.4800,568.4800
1787754203,568.6500,568.7100,568.6500,568.7100
1787754204,568.7200,568.7400,568.7200,568.7400
1787754205,568.7350,568.7350,568.7350,568.7350
1787754206,568.8500,568.8800,568.8500,568.8500
1787754207,568.7200,568.7200,568.6600,568.6700
1787754208,568.5900,568.6800,568.5800,568.6800
1787754209,568.6450,568.6450,568.6450,568.6450
1787754210,568.7200,568.7200,568.7200,568.7200
1787754212,568.7000,568.7000,568.7000,568.7000
1787754216,568.5900,568.8800,568.5000,568.7600
1787754217,568.8050,568.8050,568.7500,568.7900
1787754220,568.8200,568.8200,568.8200,568.8200
1787754221,568.8200,568.8200,568.7700,568.7700
1787754222,568.8200,568.9000,568.8100,568.8100
1787754223,568.8900,568.9500,568.8900,568.9500
1787754224,568.8000,568.8000,568.8000,568.8000
1787754225,568.7200,568.7200,568.6900,568.7100
1787754226,568.7800,568.7800,568.7800,568.7800
1787754227,568.7700,568.8000,568.7700,568.8000
1787754228,568.8200,568.8600,568.8200,568.8300
1787754230,568.8600,568.8600,568.8600,568.8600
1787754232,568.8400,568.8600,568.8400,568.8600
1787754233,568.8900,568.8900,568.8900,568.8900
1787754234,568.8500,568.8500,568.8500,568.8500
1787754236,568.8200,568.8200,568.8000,568.8000
1787754237,568.9000,568.9000,568.8900,568.8900
1787754238,568.8500,568.8500,568.8000,568.8000
1787754239,568.8500,568.8500,568.8500,568.8500
1787754240,568.7700,568.7700,568.7400,568.7400
1787754241,568.7200,568.7200,568.7200,568.7200
1787754245,568.7200,568.8000,568.6500,568.8000
1787754246,568.7000,568.7000,568.7000,568.7000
1787754248,568.6000,568.6000,568.5700,568.5700
1787754251,568.5500,568.5500,568.5400,568.5400
1787754252,568.5200,568.5400,568.3300,568.3300
1787754253,568.3550,568.3550,568.2700,568.2700
1787754254,568.2200,568.2200,568.2200,568.2200
1787754257,568.3400,568.3400,568.3400,568.3400
1787754258,568.4100,568.4100,568.4100,568.4100
1787754260,568.3800,568.3800,568.3800,568.3800
1787754263,568.3800,568.3800,568.3100,568.3300
1787754264,568.4600,568.5200,568.4600,568.5200
1787754265,568.5200,568.5200,568.5200,568.5200
1787754266,568.6400,568.6400,568.6400,568.6400
1787754267,568.6000,568.6000,568.5200,568.5200
1787754268,568.6400,568.7000,568.6400,568.7000
1787754270,568.7000,568.7000,568.7000,568.7000
1787754272,568.8000,568.9500,568.8000,568.9500
1787754273,568.9900,569.1200,568.9900,569.0400
1787754274,569.0700,569.0700,569.0700,569.0700
1787754275,569.1500,569.2600,569.1450,569.1450
1787754276,569.3600,569.5800,569.3600,569.5800
1787754277,569.6000,569.6000,569.4650,569.4650
1787754278,569.5800,569.5900,569.5800,569.5900
1787754279,569.3800,569.4800,569.3500,569.4800
1787754280,569.3600,569.5900,569.3600,569.5900
1787754281,569.5300,569.6000,569.5200,569.6000
1787754282,569.6000,569.7000,569.6000,569.7000
1787754283,569.6400,569.6400,569.4600,569.4900
1787754284,569.6700,569.7700,569.6700,569.7700
1787754285,569.8000,570.0700,569.7500,570.0700
1787754286,569.9700,569.9700,569.9600,569.9600
1787754287,570.0300,570.0700,570.0300,570.0500
1787754288,570.0400,570.0400,570.0400,570.0400
1787754289,570.0700,570.1500,570.0700,570.1500
1787754290,570.0400,570.1500,569.8800,569.8800
1787754291,569.8900,570.0000,569.7600,569.7600
1787754292,569.9300,569.9300,569.9300,569.9300
1787754293,570.0400,570.1000,570.0400,570.1000
1787754294,570.1300,570.1500,570.1300,570.1500
1787754295,570.0600,570.1200,570.0400,570.0600
1787754296,570.0400,570.1600,570.0400,570.1600
1787754298,570.1800,570.1900,570.1800,570.1900
1787754299,570.1900,570.1900,570.0800,570.0800
1787754301,570.1800,570.1900,570.1800,570.1800
1787754302,570.2400,570.2500,570.1500,570.2500
1787754303,570.2900,570.3900,570.2900,570.3900
1787754304,570.3400,570.3400,570.1700,570.1700
1787754305,570.1800,570.1800,570.1800,570.1800
1787754306,570.1800,570.1800,569.8700,569.8800
1787754307,569.9800,570.1800,569.9800,570.1800
1787754308,570.0950,570.0950,570.0950,570.0950
1787754309,570.0950,570.0950,570.0950,570.0950
1787754310,570.0950,570.0950,570.0200,570.0200
1787754312,570.0900,570.0900,570.0000,570.0900
1787754314,570.0950,570.0950,570.0950,570.0950
1787754315,570.0400,570.0950,570.0000,570.0000
1787754316,570.0000,570.0300,570.0000,570.0300
1787754317,570.0000,570.0000,570.0000,570.0000
1787754319,570.0000,570.1000,570.0000,570.0300
1787754321,570.0000,570.0700,569.9100,570.0500
1787754322,569.9400,570.0300,569.9400,570.0000
1787754323,570.0300,570.0600,570.0300,570.0500
1787754324,570.1700,570.1800,570.1700,570.1800
1787754325,570.0900,570.0900,570.0900,570.0900
1787754326,570.0900,570.1800,570.0900,570.1800
1787754327,570.1700,570.1900,570.1400,570.1900
1787754328,570.2000,570.2000,570.0000,570.0700
1787754329,570.1900,570.1900,570.1900,570.1900
1787754332,570.1900,570.1900,570.1900,570.1900
1787754333,570.2000,570.2000,570.2000,570.2000
1787754335,570.2600,570.2900,570.2600,570.2900
1787754337,570.3600,570.3900,570.2950,570.2950
1787754338,570.2950,570.3800,570.2900,570.3800
1787754339,570.3900,570.5600,570.3900,570.5600
1787754340,570.5600,570.8200,570.5600,570.8200
1787754341,570.7000,570.7500,570.7000,570.7500
1787754343,570.6600,570.7200,570.6600,570.7200
1787754345,570.7900,570.7900,570.7900,570.7900
1787754347,570.8200,570.8400,570.7900,570.7900
1787754348,570.8700,570.9600,570.8400,570.9600
1787754349,570.8100,570.8100,570.8100,570.8100
1787754354,570.9200,570.9200,570.9200,570.9200
1787754355,570.8700,571.0000,570.7700,571.0000
1787754356,571.0800,572.4400,571.0800,572.4400
1787754358,572.4300,572.4300,572.4200,572.4300
1787754359,572.1100,572.1100,572.1100,572.1100
1787754360,572.3400,572.3400,571.9400,571.9400
1787754361,571.8900,571.8900,571.8900,571.8900
1787754364,571.9900,571.9900,571.7000,571.7450
1787754365,571.8200,571.8200,571.4900,571.4950
1787754366,571.6400,571.8400,571.6400,571.8400
1787754367,571.8400,571.8700,571.7200,571.7250
1787754368,571.5700,571.6500,571.5700,571.6500
1787754369,571.6500,571.7200,571.5200,571.5200
1787754371,571.4800,571.4800,571.4000,571.4000
1787754372,571.4100,571.4100,571.3500,571.3500
1787754373,571.4700,571.4700,571.4700,571.4700
1787754375,571.3750,571.5300,571.3000,571.3100
1787754376,571.4800,571.4800,571.4800,571.4800
1787754377,571.3800,571.3800,571.3000,571.3000
1787754379,571.3500,571.3550,571.1500,571.1500
1787754380,571.3000,571.3200,571.3000,571.3200
1787754382,571.3000,571.3000,571.3000,571.3000
1787754383,571.2200,571.2200,571.2200,571.2200
1787754384,571.3700,571.4000,571.3700,571.4000
1787754385,571.4000,571.4000,571.4000,571.4000
1787754386,571.4000,571.4000,571.4000,571.4000
1787754387,571.4500,571.4800,571.4500,571.4800
1787754389,571.5000,571.5200,571.4700,571.4700
1787754390,571.5150,571.5600,571.5150,571.5600
1787754391,571.5150,571.5600,571.5150,571.5600
1787754394,571.5850,571.5850,571.4900,571.4900
1787754395,571.6500,571.6700,571.6500,571.6700
1787754396,571.7500,571.7500,571.7500,571.7500
1787754397,571.7200,571.7900,571.6500,571.6500
1787754398,571.8300,571.8300,571.8300,571.8300
1787754399,571.8500,571.8500,571.6350,571.6350
1787754400,571.5300,571.5300,571.3000,571.3000
1787754401,571.3000,571.3000,571.3000,571.3000
1787754402,571.3600,571.3600,571.3550,571.3550
1787754405,571.3550,571.5200,571.2900,571.5000
1787754407,571.6400,571.6400,571.6400,571.6400
1787754408,571.7400,572.1000,571.7400,572.0700
1787754409,572.2400,572.3000,571.8500,571.8500
1787754420,571.8250,571.8250,571.7800,571.7800
1787754421,571.7700,571.7700,571.6400,571.7700
1787754422,571.6900,571.6900,571.6900,571.6900
1787754423,571.6900,571.6900,571.6900,571.6900
1787754424,571.6450,571.6450,571.4900,571.4900
1787754425,571.4400,571.4400,570.9700,570.9700
1787754426,571.1250,571.1250,570.9000,570.9000
1787754427,571.0300,571.0300,571.0300,571.0300
1787754430,571.1200,571.2700,571.0000,571.0000
1787754431,571.1350,571.1350,571.1350,571.1350
1787754433,571.0100,571.0200,570.9700,570.9750
1787754434,570.9850,570.9850,570.9000,570.9000
1787754435,570.9000,570.9350,570.9000,570.9350
1787754436,570.9000,570.9350,570.8700,570.9200
1787754437,570.9600,571.0000,570.9600,571.0000
1787754438,571.1100,571.1100,571.1100,571.1100
1787754439,570.9700,571.0000,570.9700,571.0000
1787754440,571.0000,571.0200,571.0000,571.0200
1787754442,571.0300,571.1400,571.0200,571.1400
1787754444,571.1400,571.1400,571.0800,571.0800
1787754445,571.0100,571.0100,571.0100,571.0100
1787754446,571.1100,571.1100,571.1100,571.1100
1787754449,571.2900,571.5000,571.2900,571.5000
1787754452,571.7200,571.9000,571.7200,571.9000
1787754453,571.8700,571.8900,571.8700,571.8900
1787754455,571.7350,571.8000,571.7350,571.8000
1787754459,571.8000,571.8000,571.8000,571.8000
1787754460,571.9000,572.2000,571.9000,572.2000
1787754463,572.2400,572.2400,572.2400,572.2400
1787754464,572.3000,572.3000,572.3000,572.3000
1787754465,572.3500,572.4300,572.1250,572.1250
1787754467,572.2500,572.2600,572.2500,572.2600
1787754468,572.3700,572.5000,572.3700,572.4800
1787754469,572.5200,572.5200,572.4150,572.4500
1787754470,572.4600,572.4600,572.3200,572.3200
1787754471,572.5300,572.5400,572.5100,572.5400
1787754472,572.5400,572.5400,572.4300,572.5300
1787754476,572.4850,572.4850,572.2600,572.2800
1787754477,572.2500,572.3600,572.2500,572.3600
1787754478,572.3600,572.3600,572.3600,572.3600
1787754479,572.2800,572.2800,572.2800,572.2800
1787754480,572.3500,572.3500,572.3500,572.3500
1787754481,572.3500,572.4100,572.3200,572.3200
1787754482,572.3800,572.5000,572.3800,572.4500
1787754484,572.4300,572.4300,572.4300,572.4300
1787754487,572.4400,572.5400,572.2600,572.4500
1787754489,572.5000,572.5000,572.5000,572.5000
1787754490,572.5000,572.5000,572.5000,572.5000
1787754491,572.5100,572.5500,572.5100,572.5500
1787754492,572.5200,572.5200,572.3250,572.3500
1787754493,572.3500,572.3500,572.2500,572.2500
1787754494,572.3400,572.3400,572.3400,572.3400
1787754495,572.3500,572.3500,572.2600,572.2600
1787754496,572.4800,572.6300,572.4800,572.5500
1787754497,572.6600,572.7850,572.5200,572.5200
1787754498,572.5250,572.5250,572.4500,572.5100
1787754499,572.3300,572.3700,572.2000,572.2000
1787754500,572.2200,572.5000,572.2200,572.5000
1787754501,572.4000,572.4000,572.4000,572.4000
1787754502,572.5800,572.6000,572.5800,572.6000
1787754503,572.6500,572.6500,572.5900,572.5900
1787754504,572.5850,572.5850,572.5850,572.5850
1787754505,572.7700,572.7700,572.7300,572.7300
1787754506,572.7500,572.7500,572.7500,572.7500
1787754507,572.7600,572.9400,572.7600,572.8700
1787754508,572.9700,572.9700,572.8800,572.9400
1787754509,572.8200,572.8200,572.8200,572.8200
1787754510,572.9500,572.9600,572.7700,572.7700
1787754511,572.8500,572.9000,572.5600,572.5700
1787754512,572.8600,572.8600,572.8600,572.8600
1787754513,572.6300,572.6900,572.5200,572.5200
1787754516,572.6900,572.6900,572.6900,572.6900
1787754518,572.7000,572.7000,572.7000,572.7000
1787754520,572.7500,572.7500,572.7500,572.7500
1787754521,572.7600,572.8700,572.7500,572.7500
1787754523,572.6100,572.6650,572.5000,572.5000
1787754524,572.4900,572.5000,572.4400,572.4400
1787754525,572.5000,572.7000,572.3500,572.7000
1787754526,572.5800,572.8100,572.4500,572.8100
1787754527,572.9000,573.3300,572.8700,573.3300
1787754528,573.2900,573.4400,573.2900,573.3400
1787754529,573.4500,573.4800,573.4500,573.4650
1787754530,573.3650,573.4000,573.2400,573.4000
1787754531,573.4000,573.4300,573.2500,573.2500
1787754532,573.3400,573.3400,573.3400,573.3400
1787754533,573.3000,573.3000,573.3000,573.3000
1787754534,573.2800,573.3000,573.2800,573.3000
1787754535,573.1800,573.5000,573.1300,573.4700
1787754536,573.3800,573.4000,573.3800,573.4000
1787754538,573.4200,573.5400,573.4200,573.5300
1787754539,573.4400,573.4400,573.4400,573.4400
1787754540,573.4550,573.4900,573.3900,573.4900
1787754541,573.4900,573.5200,573.4900,573.5200
1787754542,573.4500,573.4700,573.4500,573.4700
1787754543,573.5000,573.5000,573.4700,573.4700
1787754546,573.4700,573.4700,573.4350,573.4700
1787754548,573.4700,573.7200,573.4700,573.7200
1787754550,573.8100,574.0100,573.8100,574.0100
1787754551,574.1300,574.1500,573.7700,573.8200
1787754552,573.7200,573.7200,573.7200,573.7200
1787754554,573.7000,573.7000,573.7000,573.7000
1787754555,573.7350,573.7350,573.7350,573.7350
1787754557,573.6000,573.6000,573.6000,573.6000
1787754559,573.5500,573.6000,573.5200,573.6000
1787754560,573.6300,573.6600,573.6000,573.6000
1787754561,573.6000,573.6000,573.5900,573.6000
1787754562,573.6000,573.6600,573.6000,573.6600
1787754563,573.6600,573.6700,573.6200,573.6200
1787754564,573.6500,573.9000,573.5000,573.9000
1787754566,573.7400,573.7400,573.1000,573.2600
1787754567,573.3100,573.3100,573.3100,573.3100
1787754568,573.3100,573.3100,573.3100,573.3100
1787754570,573.4500,573.4500,573.4500,573.4500
1787754571,573.5100,573.5200,573.5100,573.5200
1787754572,573.7200,573.7200,573.7200,573.7200
1787754575,573.8000,573.8000,573.8000,573.8000
1787754576,573.7800,573.7800,573.5900,573.5900
1787754580,573.7300,573.7300,573.7300,573.7300
1787754583,573.6600,573.6600,573.6000,573.6000
1787754585,573.7000,573.8000,573.7000,573.7250
1787754586,573.8000,573.8800,573.8000,573.8200
1787754588,573.9000,573.9000,573.9000,573.9000
1787754589,573.9300,573.9300,573.9300,573.9300
1787754590,573.9000,573.9600,573.9000,573.9250
1787754591,573.9600,573.9600,573.9600,573.9600
1787754592,573.8800,573.8800,573.8500,573.8500
1787754593,573.8300,573.8300,573.8250,573.8250
1787754594,573.9200,573.9600,573.9200,573.9600
1787754596,573.9500,574.0000,573.9500,573.9900
1787754597,573.9900,574.0000,573.9900,574.0000
1787754598,574.0000,574.0000,574.0000,574.0000
1787754599,574.0000,574.1500,574.0000,574.1500
1787754600,574.0750,574.1500,574.0500,574.1500
1787754601,574.1100,574.1100,574.0950,574.1100
1787754603,574.0700,574.0700,573.9100,573.9100
1787754604,574.0500,574.1800,574.0400,574.0400
1787754608,574.1800,574.2550,574.1800,574.2550
1787754609,574.3000,574.4500,574.3000,574.3400
1787754610,574.2200,574.3600,574.0900,574.0900
1787754611,574.0000,574.0000,573.9000,573.9000
1787754613,574.0000,574.0000,574.0000,574.0000
1787754614,574.0900,574.0900,573.5000,573.5000
1787754615,573.6300,573.8500,573.6300,573.8500
1787754616,573.8600,573.8600,573.8600,573.8600
1787754618,574.1000,574.2200,574.1000,574.2200
1787754619,574.3000,574.3000,574.3000,574.3000
1787754620,574.3200,574.4800,574.3200,574.4800
1787754621,574.3950,574.3950,574.2600,574.2600
1787754622,574.2400,574.2400,574.2400,574.2400
1787754624,574.3400,574.4400,574.3400,574.4400
1787754625,574.4000,574.4200,574.3400,574.4200
1787754628,574.3500,574.4800,574.3500,574.4600
1787754629,574.3650,574.3650,573.5900,573.6100
1787754630,573.7100,573.7100,573.6200,573.6200
1787754631,573.6300,573.6900,573.6100,573.6900
1787754632,573.7100,573.8500,573.7100,573.8500
1787754634,573.5500,573.6400,573.5400,573.6400
1787754635,573.7100,573.7100,573.7100,573.7100
1787754636,573.5200,573.7400,573.5000,573.7400
1787754637,573.5800,573.5800,573.5700,573.5700
1787754639,573.6500,573.8100,573.6500,573.8100
1787754640,573.8100,573.8100,573.8100,573.8100
1787754642,573.5400,573.5400,573.5400,573.5400
1787754643,573.7500,573.7500,573.7500,573.7500
1787754649,573.6400,573.6400,573.5000,573.5000
1787754650,573.5550,573.5550,573.5550,573.5550
1787754651,573.5100,573.6600,573.5100,573.6350
1787754653,573.5800,573.6400,573.5800,573.6400
1787754655,573.5100,573.5600,573.3800,573.3800
1787754656,573.3600,573.5200,573.3300,573.5200
1787754657,573.5150,573.5150,573.5150,573.5150
1787754658,573.5100,573.5100,573.5100,573.5100
1787754661,573.4400,573.5100,573.4300,573.5100
1787754662,573.4400,573.4400,573.4400,573.4400
1787754664,573.4900,573.6900,573.4900,573.5100
1787754665,573.5000,573.5000,573.5000,573.5000
1787754666,573.5000,573.5400,573.5000,573.5400
1787754667,573.4300,573.4300,573.2900,573.2900
1787754668,573.2600,573.3200,573.2600,573.3200
1787754669,573.3600,573.3600,573.2600,573.2600
1787754670,573.2300,573.2300,573.2300,573.2300
1787754671,573.2300,573.2300,573.1700,573.1700
1787754672,573.1700,573.1700,573.1700,573.1700
1787754674,573.2300,573.2300,572.8000,572.8000
1787754675,572.9100,572.9100,572.9100,572.9100
1787754677,572.9000,572.9000,572.9000,572.9000
1787754678,572.8850,572.8850,572.5600,572.5600
1787754679,572.4900,572.5600,572.4900,572.5600
1787754680,572.3900,572.4600,572.2200,572.2200
1787754681,572.2500,572.3000,572.2400,572.2400
1787754683,572.2400,572.2400,572.1500,572.1600
1787754684,572.1900,572.3400,572.1900,572.3400
1787754686,572.3200,572.3200,572.3200,572.3200
1787754687,572.4000,572.4000,572.4000,572.4000
1787754689,572.2700,572.2700,572.2700,572.2700
1787754690,572.2800,572.2900,572.2800,572.2800
1787754691,572.2450,572.3400,572.2450,572.3400
1787754693,572.3400,572.3500,572.3400,572.3500
1787754694,572.3800,572.4500,572.3100,572.3100
1787754695,572.2900,572.2900,571.7000,571.7200
1787754696,571.6500,571.6600,571.6400,571.6500
1787754697,571.7300,571.7300,571.7300,571.7300
1787754699,571.8000,571.8200,571.8000,571.8200
1787754702,571.8200,571.8200,571.8200,571.8200
1787754703,571.7800,571.8500,571.6300,571.6300
1787754704,571.6500,571.6500,571.6500,571.6500
1787754705,571.6500,571.6700,571.6500,571.6700
1787754706,571.7500,571.7500,571.7500,571.7500
1787754708,571.6500,571.6500,571.6500,571.6500
1787754709,571.6600,571.7600,571.6600,571.7600
1787754710,571.6200,571.6300,571.5800,571.6300
1787754713,571.5400,571.5400,571.5000,571.5400
1787754715,571.4900,571.4900,571.3500,571.3600
1787754716,571.4700,571.4900,571.4700,571.4900
1787754717,571.4900,571.4900,571.4300,571.4300
1787754719,571.4200,571.5900,571.3600,571.5900
1787754720,571.4600,571.4600,571.4600,571.4600
1787754721,571.5800,571.6500,571.5800,571.6500
1787754723,571.6100,571.6100,571.6000,571.6000
1787754724,571.6800,571.7000,571.6700,571.6700
1787754725,571.7600,571.8200,571.7600,571.8200
1787754727,571.7500,571.7500,571.7500,571.7500
1787754728,571.7000,571.7000,571.6500,571.6500
1787754729,571.7200,571.7200,571.7200,571.7200
1787754730,571.7800,571.8750,571.7800,571.8750
1787754731,571.6600,571.6600,571.6500,571.6600
1787754732,571.6800,571.6800,571.6800,571.6800
1787754736,571.6700,571.6700,571.6700,571.6700
1787754737,571.5700,571.5700,570.8500,570.8500
1787754738,570.8200,570.9900,570.8200,570.9900
1787754739,571.1200,571.2000,571.1200,571.2000
1787754741,571.3600,571.3600,571.3600,571.3600
1787754748,571.4400,571.4400,571.4400,571.4400
1787754749,571.4800,571.4800,571.4800,571.4800
1787754750,571.4800,571.5300,571.4300,571.4300
1787754752,571.4300,571.4300,571.4300,571.4300
1787754753,571.3200,571.3300,571.3000,571.3000
1787754755,571.3000,571.3300,571.2500,571.2500
1787754759,571.3900,571.5100,571.3900,571.5100
1787754763,571.4800,571.4800,571.4450,571.4450
1787754764,571.4450,571.6000,571.4450,571.5300
1787754765,571.5700,571.5700,571.5700,571.5700
1787754766,571.6200,571.8900,571.6200,571.8900
1787754767,571.7100,571.8200,571.7100,571.8200
1787754768,571.6200,571.8700,571.6200,571.7400
1787754773,571.9100,571.9100,571.9100,571.9100
1787754774,571.9600,571.9600,571.9600,571.9600
1787754778,571.9600,572.0500,571.9000,571.9000
1787754780,571.9000,571.9000,571.9000,571.9000
1787754782,571.8100,571.8100,571.7600,571.7600
1787754783,571.7900,571.7900,571.7200,571.7200
1787754785,571.7400,571.7400,571.7400,571.7400
1787754787,571.7800,571.8100,571.7500,571.7500
1787754788,571.8700,571.9700,571.8700,571.9700
1787754791,571.8800,571.8800,571.8800,571.8800
1787754792,571.9900,572.0700,571.9900,572.0700
1787754796,572.1400,572.1400,572.1400,572.1400
1787754797,572.0000,572.0600,571.9900,572.0200
1787754798,572.1300,572.5400,572.1300,572.5400
1787754799,572.5700,572.6300,572.5400,572.6300
1787754802,572.5300,572.6800,572.5100,572.5100
1787754804,572.5200,572.5900,572.5200,572.5900
1787754805,572.5600,572.5600,572.5600,572.5600
1787754807,572.4600,572.4600,572.4600,572.4600
1787754815,572.5500,572.5500,572.4000,572.4000
1787754818,572.5300,572.5300,572.4100,572.4100
1787754819,572.4100,572.4100,572.4000,572.4000
1787754820,572.5800,572.5800,572.5800,572.5800
1787754822,572.4000,572.4000,571.8500,571.8500
1787754823,571.8000,571.8000,571.8000,571.8000
1787754825,571.7200,571.8400,571.7200,571.8400
1787754826,571.7150,571.7150,571.6300,571.6300
1787754833,571.7700,571.7700,571.7000,571.7000
1787754834,571.7400,571.7400,571.7400,571.7400
1787754835,571.7800,571.7800,571.7800,571.7800
1787754839,571.9600,571.9800,571.8800,571.9800
1787754840,571.9250,571.9250,571.9250,571.9250
1787754841,571.9350,571.9350,571.9350,571.9350
1787754845,571.7800,571.7800,571.7200,571.7200
1787754847,571.7000,571.7000,571.6700,571.6700
1787754848,571.6000,571.8500,571.6000,571.7800
1787754851,571.8600,571.9000,571.8600,571.8900
1787754852,571.9900,572.0500,571.9500,571.9500
1787754853,571.8600,571.8600,571.8600,571.8600
1787754854,571.7700,571.7700,571.7700,571.7700
1787754856,571.8500,572.1400,571.8500,572.0350
1787754857,572.1700,572.1700,572.1700,572.1700
1787754859,572.3900,572.7000,572.3900,572.7000
1787754860,572.5600,572.7000,572.5600,572.7000
1787754863,572.6800,572.7000,572.5650,572.5650
1787754864,572.6400,572.7000,572.5750,572.5750
1787754867,572.6800,572.6800,572.5500,572.5500
1787754870,572.6400,572.6400,572.6400,572.6400
1787754871,572.5100,572.6700,572.5000,572.6700
1787754872,572.7000,572.7000,572.7000,572.7000
1787754873,572.5850,572.5850,572.5850,572.5850
1787754874,572.6200,572.7200,572.6200,572.7200
1787754875,572.7300,572.7300,572.5700,572.5700
1787754876,572.7100,572.7100,572.5900,572.6700
1787754878,572.7200,572.7200,572.7200,572.7200
1787754880,572.7300,572.9500,572.7300,572.9500
1787754881,572.9700,573.0000,572.9400,572.9600
1787754882,572.9800,572.9800,572.8000,572.8000
1787754883,572.8900,572.8900,572.8900,572.8900
1787754884,572.9400,572.9400,572.9400,572.9400
1787754886,572.9700,572.9800,572.9700,572.9800
1787754887,573.0000,573.0000,573.0000,573.0000
1787754888,573.0800,573.1600,573.0500,573.0500
1787754890,573.1000,573.1000,572.7800,572.7800
1787754892,572.7500,572.7500,572.7200,572.7500
1787754895,572.7100,572.7100,572.7100,572.7100
1787754896,572.7800,572.9900,572.7800,572.9900
1787754899,573.0900,573.1000,573.0400,573.0900
1787754900,573.1000,573.1700,573.0900,573.0900
1787754901,573.0000,573.0000,572.9100,572.9100
1787754903,572.9400,572.9400,572.8800,572.8800
1787754904,572.9500,573.0500,572.9500,573.0200
1787754905,573.0250,573.0250,573.0200,573.0200
1787754906,573.0000,573.0000,572.7800,572.7800
1787754907,572.9400,572.9400,572.9400,572.9400
1787754911,572.9500,572.9500,572.9500,572.9500
1787754912,572.9500,573.0200,572.9100,573.0200
1787754913,573.0400,573.0400,573.0300,573.0300
1787754914,573.0700,573.0800,573.0700,573.0800
1787754916,573.0650,573.0650,572.7600,572.7600
1787754919,572.9150,572.9400,572.8000,572.9400
1787754920,572.8800,572.8800,572.8800,572.8800
1787754925,572.7600,572.7600,572.6000,572.6700
1787754927,572.5600,572.5600,572.5000,572.5300
1787754929,572.4000,572.4000,572.3750,572.3750
1787754931,572.5100,572.5300,572.5100,572.5300
1787754932,572.6700,572.6800,572.6600,572.6700
1787754933,572.6700,572.6700,572.5600,572.5600
1787754934,572.7300,572.7400,572.7300,572.7400
1787754936,572.7900,572.7900,572.6900,572.7000
1787754941,572.7000,572.7000,572.7000,572.7000
1787754950,572.6400,572.6400,572.6400,572.6400
1787754953,572.5700,572.5700,572.5700,572.5700
1787754954,572.7500,572.8000,572.7200,572.7600
1787754956,572.8100,572.8800,572.7600,572.7600
1787754957,572.8400,572.8400,572.8400,572.8400
1787754960,572.9100,572.9200,572.8900,572.9200
1787754961,572.9300,572.9400,572.9300,572.9400
1787754963,572.9300,572.9300,572.9300,572.9300
1787754965,572.9100,572.9100,572.9100,572.9100
1787754967,572.8500,572.8500,572.7500,572.8100
1787754968,572.7600,572.7600,572.7600,572.7600
1787754969,572.8500,572.8500,572.8100,572.8100
1787754970,572.9100,572.9100,572.9100,572.9100
1787754972,572.8500,572.8500,572.7500,572.7500
1787754974,572.9100,573.1300,572.9100,573.0400
1787754975,573.0400,573.1400,573.0400,573.1400
1787754976,573.2000,573.2200,573.2000,573.2200
1787754977,573.1700,573.1900,573.0100,573.1900
1787754980,573.1150,573.2300,573.1150,573.2300
1787754984,573.2300,573.2400,573.2300,573.2400
1787754985,573.2500,573.2500,572.9900,572.9900
1787754987,573.0400,573.0600,573.0400,573.0600
1787754988,573.2900,573.3500,573.2900,573.3500
1787754989,573.4300,573.4300,573.4300,573.4300
1787754991,573.3000,573.3000,573.2300,573.2300
1787754993,573.3500,573.3500,573.3500,573.3500
1787754995,573.4300,573.4800,573.4200,573.4700
1787754996,573.4450,573.6300,573.4450,573.6300
1787754997,573.6400,573.7400,573.6400,573.7400
1787755000,573.5300,573.5300,573.4700,573.4700
1787755001,573.4650,573.4650,573.4400,573.4400
1787755002,573.4000,573.4000,573.3400,573.3400
1787755005,573.3400,573.3400,573.2300,573.2300
1787755006,573.2000,573.2000,573.0500,573.0500
1787755007,573.2200,573.2500,573.2200,573.2500
1787755008,573.2500,573.2500,573.2500,573.2500
1787755009,573.4200,573.4200,573.4200,573.4200
1787755010,573.4200,573.4200,573.4200,573.4200
1787755012,573.5000,573.5000,573.5000,573.5000
1787755013,573.5000,573.6300,573.4900,573.6300
1787755015,573.7400,573.8000,573.7400,573.8000
1787755017,573.7900,573.8000,573.7400,573.7400
1787755018,573.7400,573.8000,573.7400,573.7800
1787755019,573.8000,573.8400,573.8000,573.8400
1787755020,573.9300,573.9300,573.9300,573.9300
1787755021,573.8800,573.8800,573.8600,573.8600
1787755022,573.8300,573.8300,573.7900,573.7900
1787755023,573.8800,573.8800,573.8800,573.8800
1787755024,573.8600,573.9600,573.8600,573.9600
1787755025,573.9900,574.0000,573.9200,573.9900
1787755026,573.9900,574.2500,573.9800,574.2350
1787755027,574.2500,574.2500,574.2500,574.2500
1787755029,574.3200,574.3200,574.3200,574.3200
1787755030,574.3200,574.3900,574.3200,574.3900
1787755033,574.4900,574.5000,574.4900,574.5000
1787755035,574.4800,574.6000,574.4200,574.6000
1787755036,574.5100,574.6000,574.3000,574.3200
1787755038,574.3100,574.3100,574.3100,574.3100
1787755039,574.3900,574.5000,574.3900,574.5000
1787755041,574.4700,574.4800,574.4700,574.4800
1787755044,574.5500,574.6300,574.5500,574.6300
1787755045,574.5200,574.5200,574.3500,574.3900
1787755046,574.6500,574.6500,574.6500,574.6500
1787755047,574.6000,574.8400,574.6000,574.8400
1787755048,574.8350,574.8350,574.8000,574.8350
1787755049,574.8500,574.8800,574.8500,574.8800
1787755050,574.8350,574.8350,574.7800,574.7800
1787755053,574.7600,574.8800,574.7600,574.8800
1787755054,574.8000,574.8000,574.8000,574.8000
1787755055,574.8800,574.9700,574.8500,574.9100
1787755056,574.8800,574.9200,574.7900,574.9200
1787755057,574.8400,574.8800,574.8000,574.8800
1787755058,574.8450,574.8450,574.8450,574.8450
1787755059,574.9800,575.0500,574.9600,574.9600
1787755060,575.0050,575.0600,575.0000,575.0600
1787755063,575.1200,575.1200,575.1000,575.1000
1787755064,575.0800,575.1600,575.0800,575.1600
1787755065,575.1600,575.1600,575.1600,575.1600
1787755066,575.1000,575.3000,575.1000,575.3000
1787755068,575.3200,575.3800,575.3200,575.3300
1787755070,575.3800,575.5000,575.1700,575.3300
1787755072,575.1900,575.2100,575.1700,575.2100
1787755073,575.2600,575.3200,575.2600,575.3200
1787755074,575.3800,575.3900,575.3800,575.3900
1787755077,575.4700,575.4700,575.4700,575.4700
1787755080,575.5000,575.5100,575.4700,575.4700
1787755081,575.5000,575.5000,575.4400,575.4400
1787755082,575.4400,575.4400,575.3700,575.3800
1787755083,575.3800,575.5000,575.3800,575.5000
1787755084,575.3600,575.3600,575.2900,575.2900
1787755085,575.3000,575.3000,575.1600,575.1600
1787755087,575.1400,575.2000,575.1000,575.2000
1787755089,575.2700,575.2700,575.2700,575.2700
1787755090,575.2200,575.2200,575.2200,575.2200
1787755091,575.2000,575.2000,575.0500,575.0500
1787755092,575.1300,575.1300,575.1300,575.1300
1787755094,575.2000,575.2000,575.2000,575.2000
1787755095,575.2500,575.2500,575.2500,575.2500
1787755096,575.2100,575.3600,575.2100,575.3050
1787755097,575.3000,575.3000,575.3000,575.3000
1787755098,575.3700,575.3800,575.3700,575.3800
1787755099,575.4500,575.5100,575.4500,575.4650
1787755100,575.3850,575.3850,575.3850,575.3850
1787755102,575.3700,575.3800,575.3000,575.3700
1787755103,575.3300,575.3300,575.2100,575.3000
1787755104,575.2000,575.2100,575.1200,575.1950
1787755105,575.1100,575.1100,575.0400,575.0400
1787755106,575.1800,575.1800,575.1800,575.1800
1787755107,575.2200,575.2200,575.2200,575.2200
1787755108,575.1200,575.1200,574.9100,574.9100
1787755110,574.9000,574.9000,574.8200,574.8200
1787755112,574.8150,574.8150,574.8150,574.8150
1787755114,574.8150,574.8500,574.8150,574.8500
1787755115,574.8450,574.8450,574.7800,574.7800
1787755117,574.7300,574.8150,574.7300,574.8150
1787755120,574.7800,574.7800,574.7800,574.7800
1787755121,574.7900,574.8100,574.7900,574.8100
1787755122,574.9150,575.0000,574.9150,575.0000
1787755124,574.9700,575.0000,574.9450,574.9450
1787755125,574.9200,574.9200,574.9200,574.9200
1787755127,574.9100,574.9350,574.8700,574.9350
1787755129,574.9350,574.9350,574.9350,574.9350
1787755131,574.9300,574.9300,574.8000,574.8000
1787755132,574.8500,574.8500,574.8500,574.8500
1787755137,574.7300,574.7800,574.7000,574.7000
1787755139,574.7400,574.7400,574.7350,574.7350
1787755140,574.7200,574.7200,574.7200,574.7200
1787755141,574.7200,574.7200,574.7200,574.7200
1787755145,574.7400,574.7400,574.6900,574.6900
1787755146,574.6700,574.8300,574.6700,574.8300
1787755147,574.8200,574.8200,574.8200,574.8200
1787755148,574.6600,574.7400,574.6600,574.6700
1787755150,574.6800,574.7200,574.6800,574.6800
1787755151,574.6800,574.7400,574.5400,574.5400
1787755152,574.5700,574.5700,574.5000,574.5000
1787755153,574.5150,574.5150,574.4300,574.4300
1787755156,574.6400,574.7300,574.6400,574.7300
1787755157,574.6100,574.6700,573.8800,573.9100
1787755158,574.0000,574.0000,574.0000,574.0000
1787755160,574.0400,574.0400,574.0400,574.0400
1787755162,573.8900,573.8900,573.4500,573.5300
1787755164,573.5350,573.5350,573.5350,573.5350
1787755166,573.5450,573.5450,573.5450,573.5450
1787755167,573.6600,573.8700,573.6600,573.8700
1787755170,573.8800,573.9200,573.8500,573.9200
1787755171,574.0000,574.0000,574.0000,574.0000
1787755172,574.0000,574.0000,574.0000,574.0000
1787755175,574.0900,574.2000,574.0900,574.2000
1787755176,574.2000,574.2000,574.2000,574.2000
1787755177,574.2100,574.2100,574.1050,574.1100
1787755178,574.1350,574.1350,574.1350,574.1350
1787755179,574.0700,574.0700,574.0700,574.0700
1787755180,574.0800,574.0800,574.0800,574.0800
1787755181,574.1200,574.2200,574.1200,574.2200
1787755183,574.2800,574.2800,574.2800,574.2800
1787755185,574.2700,574.2700,574.2700,574.2700
1787755187,574.2600,574.2600,574.2100,574.2100
1787755188,574.2100,574.2100,574.2100,574.2100
1787755190,574.2200,574.2200,574.0700,574.0700
1787755191,574.0700,574.1000,574.0700,574.1000
1787755195,574.0700,574.0700,574.0100,574.0100
1787755196,574.0200,574.1650,574.0200,574.1650
1787755197,574.2000,574.2000,574.2000,574.2000
1787755198,574.2000,574.2200,574.2000,574.2200
1787755200,574.2100,574.2100,574.1800,574.1800
1787755201,574.2000,574.2200,574.0000,574.0500
1787755202,574.0500,574.0500,574.0500,574.0500
1787755204,574.1000,574.1000,574.1000,574.1000
1787755205,574.2000,574.2000,574.1500,574.1500
1787755206,574.2500,574.2500,574.2500,574.2500
1787755209,574.2850,574.2850,574.2850,574.2850
1787755210,574.3000,574.3200,574.2350,574.2350
1787755213,574.4300,574.5800,574.4300,574.5400
1787755215,574.7900,574.7900,574.6450,574.6450
1787755219,574.4800,574.4800,574.4800,574.4800
1787755222,574.7600,574.7600,574.7600,574.7600
1787755224,574.6900,574.6900,574.6900,574.6900
1787755225,574.6100,574.6100,574.6100,574.6100
1787755226,574.6000,574.6000,574.2300,574.3300
1787755227,574.2800,574.4550,574.2800,574.4550
1787755230,574.5100,574.5100,574.3500,574.3500
1787755233,574.4500,574.4600,574.4500,574.4600
1787755234,574.5000,574.5000,574.3500,574.3500
1787755236,574.5100,574.5100,574.5100,574.5100
1787755240,574.6800,574.6800,574.5600,574.5600
1787755243,574.4300,574.4300,574.2500,574.2500
1787755244,574.3100,574.3100,574.3100,574.3100
1787755247,574.3500,574.4200,574.3500,574.4200
1787755249,574.3450,574.3450,574.2900,574.2900
1787755251,574.4000,574.4000,574.4000,574.4000
1787755252,574.5000,574.5000,574.5000,574.5000
1787755254,574.5500,574.6100,574.5500,574.6100
1787755255,574.5400,574.5400,574.5400,574.5400
1787755261,574.4900,574.5000,574.4900,574.5000
1787755262,574.5400,574.5400,574.5400,574.5400
1787755264,574.5800,574.5800,574.5000,574.5000
1787755266,574.6400,574.7600,574.6400,574.7600
1787755267,574.8000,574.9100,574.8000,574.9100
1787755268,574.8700,574.8700,574.8700,574.8700
1787755269,574.8000,574.8000,574.8000,574.8000
1787755279,574.7000,574.7400,574.6800,574.7200
1787755280,574.7600,574.7600,574.6900,574.6900
1787755281,574.7300,574.7950,574.6800,574.7950
1787755282,574.8100,574.8100,574.8100,574.8100
1787755283,574.9000,574.9100,574.9000,574.9100
1787755286,574.8700,574.8700,574.8700,574.8700
1787755287,574.7850,574.8000,574.7500,574.7800
1787755288,574.7300,574.7300,574.7300,574.7300
1787755289,574.8700,574.8700,574.8700,574.8700
1787755290,574.9200,575.0500,574.9200,575.0200
1787755291,575.0200,575.0200,575.0200,575.0200
1787755292,574.9500,574.9500,574.9500,574.9500
1787755293,574.9500,575.0000,574.8800,575.0000
1787755294,574.9400,574.9400,574.9400,574.9400
1787755297,574.9900,575.0000,574.9900,575.0000
1787755298,574.9500,575.0200,574.9500,575.0200
1787755299,574.9450,574.9450,574.7400,574.7500
1787755301,574.8250,574.8250,574.8250,574.8250
1787755302,574.8800,574.8800,574.8800,574.8800
1787755304,574.8800,574.8800,574.8800,574.8800
1787755305,574.8400,575.2900,574.8400,575.2900
1787755308,575.3000,575.3000,575.3000,575.3000
1787755309,575.2900,575.2900,575.2900,575.2900
1787755310,575.1600,575.3100,575.0700,575.3050
1787755312,575.2100,575.2100,575.2100,575.2100
1787755313,575.3100,575.3100,575.2800,575.2800
1787755314,575.3100,575.3100,575.3100,575.3100
1787755315,575.3000,575.3000,575.3000,575.3000
1787755320,575.3000,575.3000,575.3000,575.3000
1787755321,575.3700,575.4600,575.3700,575.4600
1787755322,575.4900,575.7500,575.4900,575.7500
1787755323,575.8100,575.8200,575.8100,575.8200
1787755325,575.8100,575.8700,575.7450,575.8700
1787755327,575.8800,576.4000,575.8800,576.4000
1787755328,576.3450,576.4000,576.3450,576.3600
1787755329,576.4000,576.4000,576.4000,576.4000
1787755330,576.3450,576.4000,576.2600,576.3000
1787755331,576.2800,576.2800,576.1600,576.1600
1787755332,576.1500,576.1500,575.9300,575.9300
1787755333,575.8300,575.8300,575.8000,575.8000
1787755337,575.9600,575.9600,575.8700,575.9600
1787755338,576.0400,576.0400,576.0400,576.0400
1787755340,576.0600,576.0900,576.0600,576.0900
1787755341,576.0900,576.0900,576.0900,576.0900
1787755342,576.0700,576.2200,576.0700,576.2200
1787755343,576.3400,576.3600,576.3400,576.3600
1787755344,576.3600,576.3600,576.1700,576.2100
1787755346,576.2400,576.2400,576.2400,576.2400
1787755349,576.2300,576.2300,576.0800,576.0800
1787755351,576.2000,576.2900,576.2000,576.2900
1787755352,576.2000,576.2000,576.0000,576.0000
1787755353,576.0200,576.0200,575.8700,575.9000
1787755358,576.0700,576.1600,576.0700,576.1600
1787755360,576.1300,576.1300,576.1300,576.1300
1787755361,576.1100,576.1100,576.1100,576.1100
1787755362,576.1100,576.1900,575.8700,575.9500
1787755363,575.8200,575.8200,575.5000,575.5050
1787755365,575.6200,575.6300,575.6200,575.6300
1787755366,575.7200,575.7200,575.7200,575.7200
1787755369,575.9500,575.9500,575.9500,575.9500
1787755370,575.8700,575.8700,575.7500,575.7500
1787755372,575.7200,575.7200,575.7200,575.7200
1787755373,575.6100,575.7400,575.5900,575.7400
1787755375,575.7950,575.7950,575.7600,575.7600
1787755379,575.7600,575.8700,575.7550,575.8300
1787755380,575.8750,575.8750,575.8200,575.8750
1787755381,575.9300,575.9300,575.8200,575.8250
1787755385,575.7600,575.7600,575.7500,575.7500
1787755386,575.7200,575.7200,575.6800,575.6800
1787755387,575.8100,575.8100,575.8000,575.8000
1787755388,575.7800,575.7800,575.5300,575.5300
1787755389,575.6800,575.6800,575.6800,575.6800
1787755391,575.5300,575.5300,575.5300,575.5300
1787755392,575.5900,575.6700,575.5900,575.6700
1787755393,575.6800,575.6800,575.6800,575.6800
1787755395,575.5900,575.6800,575.5900,575.6800
1787755396,575.6900,575.8800,575.6900,575.8800
1787755397,575.8800,575.9400,575.8800,575.9400
1787755398,575.8100,575.8100,575.8100,575.8100
1787755399,575.9500,575.9500,575.8500,575.8700
1787755400,575.9500,575.9900,575.9500,575.9900
1787755402,575.9200,576.1000,575.7800,576.1000
1787755404,576.1000,576.2300,576.0300,576.1900
1787755405,576.2300,576.2500,576.1750,576.2500
1787755406,576.2500,576.3900,576.2500,576.3000
1787755407,576.3700,576.8500,576.3700,576.8100
1787755408,576.8400,576.8400,576.7100,576.7200
1787755409,576.7400,576.7400,576.7100,576.7400
1787755410,576.7400,576.7400,576.6000,576.7000
1787755411,576.6000,576.6000,576.6000,576.6000
1787755412,576.6000,576.6000,576.4600,576.4600
1787755413,576.5200,576.6200,576.4400,576.5800
1787755415,576.5800,576.5800,576.5800,576.5800
1787755416,576.5900,576.6000,576.5900,576.6000
1787755417,576.6000,576.6500,576.5400,576.6500
1787755418,576.6300,576.7500,576.6300,576.7100
1787755419,576.7600,576.7900,576.7600,576.7900
1787755420,576.7900,576.7900,576.7900,576.7900
1787755422,576.8000,576.8000,576.8000,576.8000
1787755423,576.7700,576.7700,576.7700,576.7700
1787755424,576.7950,576.8400,576.7400,576.7500
1787755425,576.6900,576.8300,576.6400,576.7700
1787755426,576.7500,576.7950,576.7500,576.7950
1787755427,576.8400,576.8700,576.7700,576.8400
1787755428,576.7600,576.7600,576.7300,576.7300
1787755429,576.7700,576.7700,576.7700,576.7700
1787755430,576.7700,576.7700,576.5000,576.5000
1787755431,576.4900,576.4900,576.4000,576.4000
1787755434,576.4200,576.4200,576.4200,576.4200
1787755435,576.4700,576.4700,576.4700,576.4700
1787755437,576.4900,576.4900,576.4200,576.4200
1787755440,576.4100,576.4400,576.4050,576.4050
1787755441,576.5200,576.5200,576.5100,576.5100
1787755442,576.5800,576.5800,576.5800,576.5800
1787755445,576.4700,576.4700,576.2800,576.2800
1787755446,576.2100,576.2100,576.1900,576.1900
1787755450,576.2400,576.2600,576.2400,576.2500
1787755451,576.2000,576.2000,576.2000,576.2000
1787755453,576.2900,576.2900,576.2900,576.2900
1787755455,576.2500,576.4150,576.2500,576.4100
1787755456,576.4100,576.4500,575.9600,576.1900
1787755457,576.1600,576.2600,576.1600,576.2600
1787755459,576.2600,576.2600,576.2100,576.2100
1787755460,576.2500,576.2500,576.2200,576.2200
1787755461,576.3200,576.3200,576.3200,576.3200
1787755462,576.3150,576.3800,576.3150,576.3800
1787755463,576.3200,576.3200,576.3200,576.3200
1787755464,576.2700,576.2700,576.2700,576.2700
1787755466,576.2700,576.2700,576.2700,576.2700
1787755467,576.3100,576.4000,576.3000,576.4000
1787755468,576.4000,576.5000,576.4000,576.4500
1787755470,576.4400,576.4900,576.2900,576.2900
1787755472,576.3800,576.3800,576.3800,576.3800
1787755473,576.3200,576.3200,576.3200,576.3200
1787755474,576.2700,576.2700,576.1000,576.1800
1787755475,576.1900,576.2400,576.1900,576.2400
1787755476,576.2900,576.2900,576.1300,576.1300
1787755478,576.2200,576.3100,576.2200,576.3100
1787755479,576.3000,576.3000,576.3000,576.3000
1787755480,576.2950,576.2950,576.2950,576.2950
1787755481,576.2500,576.4800,576.2400,576.4000
1787755484,576.4800,576.4800,576.4800,576.4800
1787755486,576.4900,576.4900,576.4900,576.4900
1787755490,576.3300,576.5400,576.3300,576.5400
1787755491,576.5000,576.5000,576.5000,576.5000
1787755493,576.5900,576.6000,576.5900,576.6000
1787755494,576.6500,576.8700,576.6400,576.8300
1787755495,576.8800,576.8800,576.7300,576.7500
1787755496,576.7500,576.8900,576.6900,576.7800
1787755497,576.8100,576.8300,576.8100,576.8200
1787755500,576.8200,576.8900,576.7200,576.8100
1787755501,576.7600,576.7600,576.7000,576.7000
1787755502,576.6800,576.7100,576.6800,576.7100
1787755503,576.6200,576.6850,576.5700,576.5700
1787755505,576.6400,576.6400,576.6400,576.6400
1787755506,576.6800,576.6800,576.6800,576.6800
1787755509,576.7000,576.7400,576.7000,576.7400
1787755510,576.6800,576.7600,576.6300,576.6300
1787755511,576.6200,576.6400,576.5000,576.6400
1787755512,576.7700,576.8000,576.7700,576.7700
1787755514,576.8900,576.9300,576.8900,576.9300
1787755515,576.9300,577.0200,576.8900,576.8900
1787755517,576.9000,576.9700,576.8900,576.9700
1787755518,577.0500,577.0900,577.0200,577.0900
1787755519,577.1100,577.1200,577.1100,577.1200
1787755520,577.1900,577.1900,577.1400,577.1400
1787755521,577.1400,577.2500,577.1200,577.2500
1787755522,577.1750,577.1750,577.1700,577.1700
1787755523,577.3000,577.3000,577.2900,577.3000
1787755525,577.3300,577.3400,577.2600,577.2900
1787755526,577.2000,577.2000,577.1900,577.1900
1787755527,577.2900,577.2900,577.2900,577.2900
1787755528,577.2800,577.2800,577.1200,577.1200
1787755531,577.1700,577.1700,577.1700,577.1700
1787755533,577.2100,577.2300,577.2100,577.2200
1787755534,577.1400,577.1400,577.1400,577.1400
1787755535,577.0800,577.1500,577.0500,577.0900
1787755536,577.0300,577.0300,576.9400,576.9400
1787755537,576.9300,576.9300,576.9300,576.9300
1787755539,576.9100,576.9800,576.5900,576.5900
1787755540,576.6800,576.9000,576.6800,576.9000
1787755541,576.9200,576.9200,576.9200,576.9200
1787755542,576.8050,576.8050,576.8050,576.8050
1787755543,576.8000,576.9200,576.7700,576.9200
1787755545,576.8000,576.8000,576.7200,576.7200
1787755546,576.7200,576.7200,576.7200,576.7200
1787755547,576.8600,576.8600,576.8600,576.8600
1787755548,576.8800,576.8800,576.8800,576.8800
1787755549,576.8800,576.9300,576.8700,576.8700
1787755550,576.8400,576.9300,576.8400,576.9300
1787755552,576.7600,576.7600,576.5900,576.7200
1787755553,576.7450,576.8500,576.7450,576.8500
1787755554,576.9300,576.9400,576.9000,576.9400
1787755556,576.9900,577.0000,576.9900,577.0000
1787755557,577.0000,577.0000,577.0000,577.0000
1787755558,576.9900,576.9900,576.9900,576.9900
1787755559,577.0400,577.0400,576.8800,576.8800
1787755560,576.7950,576.8800,576.7950,576.8800
1787755561,576.8700,576.8700,576.8700,576.8700
1787755566,576.8900,576.8900,576.8900,576.8900
1787755568,576.9300,576.9800,576.9300,576.9800
1787755569,577.0000,577.0000,577.0000,577.0000
1787755570,577.0400,577.1350,577.0400,577.1350
1787755571,577.1800,577.1900,577.1800,577.1900
1787755572,577.1900,577.1900,577.0100,577.0100
1787755574,577.2200,577.3000,577.2200,577.3000
1787755575,577.3000,577.3100,577.2200,577.2800
1787755576,577.1800,577.3500,577.1800,577.3500
1787755577,577.3700,577.4000,577.2900,577.3600
1787755578,577.3600,577.4000,577.3300,577.3700
1787755582,577.2500,577.2600,577.0200,577.1400
1787755584,577.2500,577.3300,577.2300,577.2300
1787755585,577.2500,577.9600,577.2500,577.8100
1787755586,577.8100,577.8100,577.6400,577.6700
1787755587,577.6500,577.7400,577.6500,577.7400
1787755589,577.8000,577.8600,577.8000,577.8600
1787755590,577.8700,577.8800,577.8700,577.8800
1787755591,577.8800,577.8800,577.8000,577.8000
1787755592,577.8000,577.8000,577.7400,577.7400
1787755593,577.7100,577.7200,577.6400,577.6600
1787755594,577.6600,577.7200,577.2100,577.2100
1787755597,577.4400,577.4400,577.3400,577.4000
1787755598,577.2300,577.3500,577.2000,577.3500
1787755599,577.4500,577.6500,577.4400,577.6500
1787755601,577.4900,577.4900,577.4700,577.4700
1787755602,577.5650,577.5650,577.5650,577.5650
1787755603,577.5500,577.5500,577.4300,577.4600
1787755604,577.4100,577.4800,577.4100,577.4800
1787755605,577.4300,577.4300,577.4300,577.4300
1787755606,577.5600,577.5600,577.3900,577.3900
1787755608,577.2800,577.3000,577.2350,577.3000
1787755609,577.2900,577.3000,577.2000,577.2000
1787755611,577.1400,577.1800,577.1300,577.1800
1787755613,577.1900,577.1900,577.1900,577.1900
1787755615,577.3000,577.3200,577.2400,577.2400
1787755616,577.2900,577.3300,577.2700,577.2700
1787755617,577.3300,577.3300,577.3200,577.3300
1787755619,577.3700,577.4200,577.3700,577.4200
1787755620,577.4200,577.4200,577.4200,577.4200
1787755621,577.4000,577.4000,577.4000,577.4000
1787755622,577.4700,577.5700,577.4700,577.5700
1787755624,577.5500,577.8100,577.5500,577.7800
1787755625,577.8300,577.8800,577.8300,577.8800
1787755626,577.7700,577.8900,577.7700,577.8900
1787755627,577.9000,577.9600,577.7200,577.7200
1787755628,577.6400,577.6400,577.6400,577.6400
1787755629,577.6200,577.6800,577.6200,577.6800
1787755630,577.7000,577.7000,577.7000,577.7000
1787755631,577.5300,577.7000,577.5300,577.7000
1787755632,577.7100,577.7200,577.7100,577.7200
1787755633,577.6500,577.6500,577.6500,577.6500
1787755634,577.6700,577.7500,577.6300,577.6300
1787755635,577.6600,577.7800,577.6600,577.7800
1787755636,577.7800,578.1900,577.7800,578.1900
1787755637,578.1800,578.1900,578.0300,578.0300
1787755638,578.0450,578.2000,578.0450,578.1700
1787755639,578.1500,578.1500,578.0000,578.0000
1787755640,577.9200,577.9200,577.8100,577.9000
1787755641,577.9200,577.9200,577.9200,577.9200
1787755642,577.9500,577.9500,577.9200,577.9200
1787755643,577.8900,577.8900,577.8900,577.8900
1787755645,577.8800,577.8900,577.6800,577.6800
1787755646,577.7200,577.7200,577.6200,577.6700
1787755648,577.6700,577.7000,577.5900,577.7000
1787755649,577.7700,577.7700,577.7700,577.7700
1787755650,577.7700,577.8100,577.7700,577.8100
1787755652,577.7600,577.7600,577.6900,577.6900
1787755654,577.8000,577.8000,577.7500,577.7500
1787755655,577.8200,577.8450,577.7900,577.8200
1787755656,577.7800,577.9500,577.7800,577.9400
1787755657,577.7200,577.7200,577.7200,577.7200
1787755659,577.7400,577.8900,577.7400,577.8900
1787755662,577.8400,577.8400,577.8000,577.8000
1787755663,577.8200,577.8200,577.8100,577.8100
1787755664,577.8300,577.8300,577.8100,577.8100
1787755668,577.8900,577.8900,577.8800,577.8800
1787755670,577.9800,578.0000,577.9800,578.0000
1787755672,577.9300,577.9300,577.6400,577.7000
1787755674,577.7300,577.7800,577.7000,577.7600
1787755675,577.7800,577.7800,577.7800,577.7800
1787755676,577.9100,578.0100,577.8800,577.9700
1787755680,578.0000,578.0300,577.8800,578.0300
1787755681,578.0500,578.2000,578.0500,578.1200
1787755682,578.1000,578.1100,577.9200,577.9200
1787755683,577.8300,577.8300,577.7500,577.7500
1787755684,577.7300,577.7600,577.7000,577.7600
1787755685,577.9800,577.9900,577.9800,577.9900
1787755686,578.0000,578.0600,578.0000,578.0600
1787755687,578.1200,578.3000,578.1200,578.3000
1787755688,578.4000,579.0000,578.4000,578.9600
1787755689,578.9900,579.0000,578.9100,578.9100
1787755690,578.9000,579.0100,578.9000,578.9900
1787755691,578.9700,579.0600,578.9700,578.9750
1787755692,578.9700,578.9700,578.8700,578.8700
1787755693,578.7800,578.7800,578.7000,578.7450
1787755696,578.7200,578.8400,578.6800,578.7400
1787755698,578.7950,578.7950,578.5900,578.6900
1787755699,578.6400,578.7800,578.4500,578.4500
1787755701,578.4500,578.4500,578.4500,578.4500
1787755703,578.2900,578.2900,578.2800,578.2800
1787755704,578.2300,578.2300,578.2300,578.2300
1787755705,578.2900,578.4000,578.2050,578.2800
1787755706,578.2200,578.2200,578.2200,578.2200
1787755707,578.2600,578.2600,578.2600,578.2600
1787755708,578.2600,578.2600,578.2600,578.2600
1787755709,578.1900,578.2600,578.1900,578.2600
1787755711,578.3600,578.3700,578.3600,578.3700
1787755712,578.4000,578.4000,578.3700,578.3700
1787755717,578.4400,578.4400,578.4400,578.4400
1787755718,578.3800,578.3800,578.3800,578.3800
1787755719,578.4400,578.7000,578.4400,578.5650
1787755720,578.6900,578.6900,578.6900,578.6900
1787755721,578.6800,578.8000,578.6700,578.8000
1787755722,578.8300,578.8300,578.5000,578.5000
1787755725,578.5650,578.5900,578.5650,578.5900
1787755726,578.6500,578.8800,578.6500,578.8800
1787755728,579.0000,579.0000,579.0000,579.0000
1787755729,579.0000,579.0000,579.0000,579.0000
1787755730,578.9450,579.0000,578.9450,579.0000
1787755731,579.0000,579.1500,578.9500,578.9500
1787755732,579.0000,579.0450,578.9500,579.0450
1787755733,579.0400,579.0400,578.8000,578.8600
1787755734,578.8900,578.8900,578.8900,578.8900
1787755735,578.9100,578.9100,578.9100,578.9100
1787755737,578.9200,578.9200,578.8900,578.8900
1787755738,578.8600,578.8600,578.4600,578.4600
1787755739,578.4600,578.7000,578.4600,578.7000
1787755742,578.4300,578.4300,577.8400,577.9300
1787755744,578.0800,578.0800,578.0800,578.0800
1787755746,578.0750,578.0750,578.0750,578.0750
1787755750,578.3100,578.3100,578.3100,578.3100
1787755751,578.2750,578.2750,578.2750,578.2750
1787755752,578.2800,578.2800,578.2800,578.2800
1787755753,578.3000,578.3000,578.3000,578.3000
1787755754,578.4100,578.7200,578.4100,578.7200
1787755755,578.7300,578.9400,578.5600,578.6500
1787755757,578.8100,578.8100,578.8100,578.8100
1787755760,578.9000,578.9200,578.8700,578.8700
1787755761,578.8200,578.8300,578.7950,578.7950
1787755763,578.8200,578.8750,578.8200,578.8750
1787755765,578.9100,578.9100,578.9100,578.9100
1787755766,578.9100,579.0000,578.9100,578.9500
1787755767,578.9800,578.9900,578.9800,578.9900
1787755768,578.8300,578.8300,578.7700,578.7700
1787755769,578.8500,578.8800,578.8400,578.8800
1787755770,578.8800,578.8800,578.8800,578.8800
1787755771,578.9000,578.9200,578.9000,578.9200
1787755772,578.9300,578.9350,578.9300,578.9350
1787755773,578.9100,578.9500,578.8900,578.9250
1787755774,578.9200,579.0000,578.9200,578.9800
1787755775,578.9450,578.9450,578.8300,578.8300
1787755776,578.8200,578.8200,578.8200,578.8200
1787755778,578.9100,578.9100,578.9100,578.9100
1787755779,578.9000,578.9000,578.9000,578.9000
1787755781,578.8900,579.0400,578.8900,579.0400
1787755782,579.2200,579.4600,579.1700,579.1700
1787755783,579.1700,579.4600,579.1700,579.4600
1787755784,579.4600,579.4600,579.4600,579.4600
1787755785,579.4600,579.4600,579.4000,579.4100
1787755786,579.4100,579.4100,579.2800,579.2950
1787755787,579.0500,579.0500,579.0500,579.0500
1787755788,579.1950,579.1950,579.1950,579.1950
1787755791,579.3200,579.4600,579.3200,579.4600
1787755792,579.4600,579.4600,579.4600,579.4600
1787755793,579.4600,579.5100,579.4400,579.5100
1787755794,579.5400,579.5400,579.4500,579.4500
1787755795,579.4500,579.4500,579.4500,579.4500
1787755796,579.4000,579.4700,579.3900,579.4700
1787755797,579.4700,579.5700,579.4700,579.4700
1787755798,579.4900,579.5300,579.4700,579.5300
1787755799,579.5600,579.6100,579.5600,579.5800
1787755800,579.5500,579.5500,579.5500,579.5500
1787755801,579.6300,579.6300,579.6300,579.6300
1787755803,579.6100,579.6100,579.6100,579.6100
1787755804,579.6300,579.6300,579.5800,579.5800
1787755805,579.5100,579.6000,579.4800,579.6000
1787755806,579.5550,579.5550,579.5550,579.5550
1787755807,579.6000,579.6000,579.6000,579.6000
1787755809,579.6300,579.6300,579.6300,579.6300
1787755810,579.6300,579.6300,579.5300,579.6300
1787755811,579.6400,579.7600,579.5800,579.7600
1787755812,579.8000,579.8000,579.8000,579.8000
1787755813,579.8200,579.8500,579.5700,579.5700
1787755815,579.6400,579.6400,579.6000,579.6100
1787755816,579.6100,579.7650,579.6100,579.7650
1787755820,579.8100,579.8100,579.8100,579.8100
1787755822,579.7800,579.7800,579.7800,579.7800
1787755824,579.8000,579.9600,579.6600,579.7900
1787755825,579.8000,579.9800,579.8000,579.9800
1787755827,579.9800,580.4800,579.9700,580.3000
1787755828,580.2900,580.2900,580.1800,580.1800
1787755829,580.2500,580.2700,580.2500,580.2700
1787755830,580.2800,580.2900,580.2800,580.2900
1787755831,580.3000,580.3600,580.2850,580.3600
1787755832,580.3800,580.3800,580.2100,580.2100
1787755833,580.2800,580.2800,580.2800,580.2800
1787755836,580.4800,580.6100,580.4600,580.6100
1787755837,580.6400,580.7000,580.6400,580.7000
1787755838,580.7200,580.8000,580.6300,580.8000
1787755839,580.8200,581.1200,580.8200,581.0300
1787755840,581.2000,581.2100,581.2000,581.2100
1787755841,581.1900,581.1900,581.1450,581.1450
1787755842,581.0900,581.0900,581.0500,581.0500
1787755843,581.0200,581.1000,580.9700,581.1000
1787755844,581.0000,581.0000,580.7100,580.7100
1787755845,580.7500,580.7500,580.7500,580.7500
1787755846,580.7750,580.7750,580.7750,580.7750
1787755848,580.8800,580.8800,580.8800,580.8800
1787755849,580.8800,581.0100,580.8800,581.0100
1787755850,581.1100,581.1100,581.1100,581.1100
1787755851,581.1900,581.2200,581.1900,581.2200
1787755852,581.2400,581.5000,581.2400,581.4700
1787755853,581.4400,581.5100,581.4000,581.5100
1787755854,581.6000,581.9000,581.6000,581.7300
1787755855,581.7900,581.9000,581.7900,581.9000
1787755857,581.6400,581.7800,581.5000,581.5000
1787755858,581.5800,581.5800,581.4200,581.4200
1787755859,581.5100,581.5100,581.4200,581.4200
1787755860,581.5300,581.5300,581.4200,581.4200
1787755861,581.5400,581.6000,581.5000,581.5700
1787755862,581.6300,581.8000,581.6200,581.6200
1787755863,581.6900,581.6900,581.6900,581.6900
1787755864,581.6400,581.6400,581.6200,581.6400
1787755865,581.6400,581.6400,581.5100,581.5200
1787755866,581.5500,581.5500,581.5000,581.5400
1787755867,581.6500,581.8200,581.5800,581.8200
1787755869,581.8200,581.8800,581.8200,581.8800
1787755870,581.9000,581.9000,581.8600,581.8600
1787755871,581.9700,581.9900,581.9700,581.9900
1787755872,581.9900,582.1700,581.9800,582.1000
1787755873,582.0300,582.1700,581.9400,581.9400
1787755874,582.0000,582.0000,581.9700,581.9700
1787755875,582.1400,582.1400,582.1400,582.1400
1787755876,582.0700,582.0700,582.0700,582.0700
1787755877,582.1900,582.2000,582.0900,582.0900
1787755878,582.0600,582.3000,582.0600,582.2700
1787755879,582.2400,582.2400,582.2300,582.2300
1787755880,582.2400,582.2400,582.2000,582.2100
1787755881,582.3400,582.4600,582.3400,582.4200
1787755882,582.4800,582.4800,582.4250,582.4250
1787755883,582.4800,582.5000,582.4600,582.5000
1787755884,582.5900,582.5900,582.5900,582.5900
1787755885,582.6000,582.6400,582.4100,582.5800
1787755886,582.6600,582.7700,582.6500,582.7000
1787755887,582.6900,582.7900,582.6900,582.7900
1787755888,582.8500,583.1300,582.8500,583.0000
1787755889,583.0200,583.1700,583.0000,583.1700
1787755890,583.1600,583.2900,583.0800,583.2900
1787755891,583.3000,583.3700,583.2600,583.3700
1787755892,583.1900,583.3000,583.1700,583.3000
1787755893,583.3300,583.3900,583.2800,583.2800
1787755894,583.3000,583.4300,583.2800,583.3200
1787755896,583.3100,583.4100,583.3000,583.3000
1787755897,583.4300,583.5000,583.2000,583.3000
1787755898,583.3200,583.5200,583.3200,583.5200
1787755899,583.5100,583.5100,583.4000,583.4000
1787755900,583.3600,583.3900,583.3000,583.3900
1787755901,583.3900,583.7300,583.3900,583.6500
1787755902,583.5300,583.7900,583.5300,583.7900
1787755903,583.7700,583.7700,583.7300,583.7700
1787755904,583.8700,583.9400,583.6500,583.6500
1787755905,583.6500,584.1000,583.6500,584.1000
1787755906,584.0900,584.0900,583.9000,584.0400
1787755907,583.9300,583.9400,583.7700,583.7700
1787755908,583.7600,583.8000,583.7600,583.7700
1787755909,583.8800,584.0000,583.8500,583.9100
1787755910,583.9600,584.4000,583.9600,584.3000
1787755911,584.4000,584.5000,584.3800,584.4300
1787755912,584.4300,584.4300,584.3100,584.3100
1787755913,584.3800,584.4000,584.3800,584.4000
1787755914,584.3650,584.5000,584.3000,584.4100
1787755915,584.3500,584.5300,584.3500,584.5300
1787755916,584.5050,584.5700,584.4900,584.5700
1787755917,584.5700,584.5700,584.3800,584.4200
1787755918,584.4200,584.6500,584.4200,584.6500
1787755919,584.5700,584.5900,584.5100,584.5900
1787755920,584.4800,584.4800,584.3600,584.3600
1787755921,584.2900,584.6050,584.2800,584.4500
1787755922,584.5200,584.6000,584.5200,584.5500
1787755923,584.5900,584.5900,584.4400,584.4400
1787755924,584.4600,584.6600,584.4300,584.6600
1787755925,584.6900,584.6900,584.5500,584.6900
1787755926,584.7000,584.9800,584.6000,584.7900
1787755927,584.8500,584.9800,584.7300,584.7900
1787755929,584.8550,584.8550,584.7400,584.7400
1787755930,584.7600,584.8550,584.7300,584.7900
1787755931,584.8600,584.9600,584.8500,584.8500
1787755932,584.7400,584.8400,584.6300,584.7100
1787755933,584.8250,584.8300,584.8250,584.8300
1787755934,584.9000,584.9600,584.9000,584.9600
1787755935,584.8100,584.8300,584.7900,584.8300
1787755936,584.8000,584.8200,584.7200,584.8100
1787755937,584.8000,584.9100,584.5000,584.5000
1787755938,584.6900,584.6900,584.6900,584.6900
1787755939,584.7800,584.7800,584.7800,584.7800
1787755940,584.7800,584.9400,584.7200,584.9400
1787755941,584.8800,585.0000,584.8700,585.0000
1787755942,585.0200,585.0500,584.8400,584.9200
1787755943,584.8500,584.8500,584.8500,584.8500
1787755944,584.8500,584.8900,584.8300,584.8300
1787755946,584.8100,584.8100,584.8100,584.8100
1787755947,584.8900,584.9200,584.8800,584.9200
1787755948,584.8300,584.9700,584.8300,584.9700
1787755949,584.9800,585.3000,584.9300,584.9300
1787755951,584.9100,584.9900,584.8800,584.8800
1787755952,585.0500,585.0500,585.0500,585.0500
1787755953,585.1400,585.1400,585.1400,585.1400
1787755954,585.2400,585.2400,585.2400,585.2400
1787755955,585.3500,585.5600,585.3300,585.5600
1787755956,585.5800,585.9000,585.5700,585.7800
1787755957,585.7400,585.7400,585.7400,585.7400
1787755958,585.7700,585.7700,585.7300,585.7300
1787755959,585.7300,585.8700,585.7000,585.8700
1787755960,585.8900,585.9000,585.8200,585.8200
1787755961,585.7100,585.8200,585.7100,585.8000
1787755962,585.8200,585.8600,585.7700,585.7700
1787755963,585.7400,585.7400,585.7100,585.7100
1787755964,585.7100,585.8700,585.6700,585.7500
1787755965,585.7500,585.7500,585.7500,585.7500
1787755966,585.6700,585.6700,585.6100,585.6400
1787755967,585.6200,585.7400,585.5400,585.7400
1787755968,585.6900,585.7000,585.6700,585.7000
1787755969,585.8000,585.8000,585.8000,585.8000
1787755970,585.7300,585.8200,585.7300,585.8200
1787755971,585.6900,585.8000,585.6700,585.8000
1787755972,585.8200,585.9300,585.8100,585.9300
1787755973,585.9300,585.9600,585.9300,585.9600
1787755974,585.9600,585.9900,585.8900,585.9900
1787755975,586.0000,586.2700,586.0000,586.2700
1787755976,586.2100,586.2100,586.2100,586.2100
1787755977,586.2900,586.3900,586.2900,586.3000
1787755978,586.3000,586.4500,586.3000,586.4000
1787755979,586.4700,586.4700,586.3500,586.3500
1787755980,586.3200,586.3200,586.2500,586.2500
1787755981,586.1400,586.1400,586.0800,586.0800
1787755982,586.2200,586.3700,586.2200,586.3700
1787755983,586.3500,586.3800,586.2700,586.2700
1787755984,586.4100,586.4100,586.3400,586.3400
1787755985,586.3800,586.5600,586.3500,586.5500
1787755986,586.5200,587.0000,586.5200,587.0000
1787755987,586.9250,587.2900,586.9200,587.1900
1787755988,587.2050,587.3700,587.2050,587.3400
1787755989,587.2850,587.3700,587.0900,587.0900
1787755990,587.0100,587.3500,587.0000,587.2000
1787755991,587.2400,587.2900,587.2400,587.2900
1787755992,587.3200,587.3500,587.1000,587.2300
1787755993,587.1000,587.2100,587.0700,587.2100
1787755994,587.1000,587.1600,587.1000,587.1600
1787755995,587.0800,587.2500,586.8300,587.0300
1787755996,587.1000,587.1100,586.9250,587.1100
1787755997,587.1600,587.2500,587.1600,587.2200
1787755998,587.2800,587.3300,587.2000,587.2800
1787755999,587.3300,587.3300,587.3300,587.3300
1787756000,587.2300,587.3100,587.1200,587.1200
1787756001,587.0900,587.0900,586.7300,586.7900
1787756002,586.7200,586.7200,586.6900,586.7000
1787756003,586.7600,586.7600,586.6200,586.6700
1787756004,586.6200,586.7000,586.5800,586.6300
1787756005,586.6900,586.8350,586.6700,586.8000
1787756006,586.8500,586.8500,586.3100,586.3100
1787756007,586.3200,586.4700,586.3200,586.4700
1787756008,586.3600,586.3600,586.1600,586.3400
1787756009,586.4000,586.5200,586.4000,586.5200
1787756010,586.3750,586.3750,586.2000,586.2000
1787756011,586.1400,586.2900,586.1250,586.2100
1787756012,586.2700,586.2700,586.2700,586.2700
1787756013,586.2000,586.2000,585.9000,585.9000
1787756014,586.0800,586.1600,585.9000,585.9000
1787756015,586.0250,586.0250,585.9500,585.9500
1787756016,586.0000,586.0200,585.9300,586.0000
1787756017,585.9100,585.9100,585.9100,585.9100
1787756018,585.9100,586.0000,585.7600,585.9900
1787756019,586.0100,586.0100,586.0100,586.0100
1787756020,586.0700,586.2000,586.0700,586.2000
1787756021,586.0800,586.1700,586.0800,586.1700
1787756022,586.1100,586.1100,585.9900,586.0700
1787756024,586.0000,586.0000,585.7500,585.8000
1787756025,585.7500,585.8700,585.7100,585.8700
1787756026,585.8750,585.8750,585.7500,585.7500
1787756027,585.8350,585.8350,585.8200,585.8200
1787756028,585.8350,585.9800,585.8350,585.9700
1787756029,585.8800,585.9500,585.8700,585.8700
1787756030,585.8800,585.8800,585.8800,585.8800
1787756031,585.7700,585.8700,585.7400,585.8700
1787756032,585.9700,586.0300,585.9700,586.0300
1787756033,585.9800,586.0200,585.9800,586.0200
1787756034,585.9000,585.9000,585.9000,585.9000
1787756035,585.9100,585.9300,585.9000,585.9000
1787756036,585.8700,585.8700,585.7800,585.8700
1787756037,585.8100,585.8100,585.5300,585.7000
1787756039,585.7700,585.7700,585.7700,585.7700
1787756040,585.7250,585.7250,585.7250,585.7250
1787756041,585.8000,585.8600,585.8000,585.8500
1787756042,585.7200,585.7900,585.4500,585.4700
1787756043,585.4200,585.5900,585.4200,585.5900
1787756044,585.4150,585.4150,585.2600,585.2600
1787756045,585.4000,585.5000,585.3450,585.3450
1787756047,585.3000,585.3500,585.3000,585.3500
1787756048,585.3100,585.3100,585.1500,585.1900
1787756049,585.1500,585.2200,585.1100,585.1100
1787756050,585.1200,585.1200,585.1200,585.1200
1787756051,585.1450,585.3300,585.1450,585.1900
1787756052,585.0900,585.0900,585.0600,585.0700
1787756053,585.1200,585.1600,584.8600,585.1200
1787756054,585.1800,585.1800,585.1200,585.1200
1787756055,585.1100,585.1100,585.1000,585.1000
1787756056,585.0000,585.0200,584.8900,584.9500
1787756057,584.9000,584.9000,584.7000,584.7000
1787756058,584.6700,584.7700,584.6700,584.7700
1787756059,584.8300,584.9100,584.8300,584.9100
1787756060,584.9100,584.9500,584.8900,584.8900
1787756061,584.8700,584.8700,584.7600,584.8250
1787756063,584.6800,584.6800,584.3600,584.3600
1787756064,584.4300,584.4300,584.4300,584.4300
1787756066,584.4800,584.4800,584.2600,584.3000
1787756067,584.2600,584.3100,584.0800,584.1900
1787756069,584.1400,584.1400,584.1000,584.1000
1787756070,584.1500,584.1500,584.1500,584.1500
1787756071,584.1500,584.2200,584.1500,584.2200
1787756072,584.1500,584.1500,584.0200,584.1000
1787756073,584.1600,584.1600,584.1500,584.1500
1787756074,584.2600,584.4100,584.2600,584.4100
1787756075,584.4000,584.4700,584.3500,584.4700
1787756076,584.4300,584.7000,584.2500,584.6700
1787756077,584.6800,584.6800,584.6600,584.6700
1787756078,584.7500,584.8700,584.5000,584.5000
1787756079,584.5950,584.5950,584.5900,584.5900
1787756081,584.7700,584.7700,584.7700,584.7700
1787756082,584.6100,584.6100,584.6100,584.6100
1787756083,584.6000,584.6000,584.6000,584.6000
1787756084,584.7600,584.7600,584.7600,584.7600
1787756085,584.7600,584.8200,584.7600,584.8200
1787756086,584.7450,584.7450,584.7450,584.7450
1787756087,584.6500,584.6700,584.0600,584.1800
1787756088,584.1050,584.2000,584.0400,584.2000
1787756089,584.1800,584.1800,584.1700,584.1700
1787756091,584.2000,584.2000,584.2000,584.2000
1787756092,584.0200,584.0200,584.0100,584.0100
1787756093,584.1100,584.1100,584.1100,584.1100
1787756094,584.2400,584.2400,584.2400,584.2400
1787756095,584.1200,584.1300,583.7800,583.8200
1787756096,583.8700,583.8750,583.8300,583.8300
1787756097,583.7000,583.7500,583.5400,583.5800
1787756098,583.6700,583.6800,583.6700,583.6800
1787756099,583.7300,583.7300,583.5200,583.5200
1787756100,583.6200,583.7300,583.6200,583.7300
1787756101,583.6800,583.7300,583.5500,583.7000
1787756105,583.6600,583.9200,583.6600,583.9200
1787756106,583.8800,583.9100,583.8600,583.8600
1787756107,583.9400,584.0000,583.8000,583.8000
1787756109,583.7400,583.7400,583.7400,583.7400
1787756110,583.7900,583.8000,583.6100,583.7100
1787756111,583.7000,583.7100,583.7000,583.7100
1787756112,583.6400,583.6850,583.6300,583.6850
1787756113,583.7400,583.7900,583.7400,583.7900
1787756114,583.9100,584.3000,583.8600,584.3000
1787756116,584.2800,584.2800,584.1500,584.1500
1787756117,584.1500,584.1700,583.4100,583.4100
1787756118,583.3900,583.3900,583.1100,583.1100
1787756119,583.3700,583.3700,583.1100,583.3100
1787756120,583.3250,583.3250,583.3200,583.3200
1787756122,583.3200,583.3200,583.3200,583.3200
1787756123,583.4400,583.4400,583.3200,583.3200
1787756124,583.2200,583.3500,583.1200,583.3500
1787756125,583.4200,583.4300,583.3500,583.4200
1787756126,583.4600,583.5800,583.4200,583.5800
1787756127,583.4100,583.4100,583.3300,583.3300
1787756128,583.3200,583.3200,583.3200,583.3200
1787756129,583.4900,583.5000,583.4900,583.5000
1787756131,583.4900,583.5900,583.4900,583.5600
1787756132,583.5600,583.5600,583.4400,583.5200
1787756133,583.5000,583.5000,583.5000,583.5000
1787756134,583.4000,583.4000,583.4000,583.4000
1787756136,583.3700,583.3800,583.3300,583.3800
1787756137,583.3200,583.4500,583.2200,583.2200
1787756138,583.2200,583.2200,583.1500,583.1500
1787756139,583.2100,583.4700,583.2100,583.4400
1787756140,583.4400,583.6100,583.4200,583.4200
1787756142,583.3300,583.4150,583.3300,583.3900
1787756145,583.4100,583.4600,583.4100,583.4600
1787756147,583.4000,583.5500,583.4000,583.5500
1787756148,583.4100,583.4100,583.4100,583.4100
1787756150,583.3650,583.3650,583.0100,583.0100
1787756151,583.1700,583.2000,583.1700,583.2000
1787756152,583.1000,583.1000,583.0000,583.0000
1787756153,583.1100,583.1200,583.1100,583.1200
1787756154,583.1400,583.1400,583.1400,583.1400
1787756155,583.1400,583.1400,583.1400,583.1400
1787756157,583.0100,583.0100,582.8800,582.8800
1787756158,583.0200,583.0200,582.8000,582.9400
1787756159,582.8400,582.8400,582.6200,582.7300
1787756160,582.6200,582.6200,582.6200,582.6200
1787756161,582.6200,582.6200,582.6200,582.6200
1787756162,582.6200,582.6200,582.5600,582.5600
1787756163,582.6300,582.7100,582.6300,582.7100
1787756166,582.6500,582.7000,582.5600,582.5600
1787756167,582.5700,582.6000,582.5100,582.5100
1787756168,582.5000,582.5100,582.4800,582.5100
1787756169,582.5400,582.6650,582.5400,582.5400
1787756170,582.5200,582.5200,582.2700,582.3350
1787756171,582.4100,582.6000,582.3800,582.5800
1787756172,582.5700,582.7700,582.5700,582.6300
1787756173,582.7600,582.8550,582.7600,582.8550
1787756174,582.9200,583.1000,582.9200,583.0500
1787756175,583.1300,583.1700,583.0000,583.1700
1787756176,583.1200,583.4700,583.1200,583.4700
1787756177,583.3600,583.6400,583.3600,583.6400
1787756178,583.6500,583.6500,583.6500,583.6500
1787756179,583.4800,583.4800,583.4700,583.4800
1787756180,583.5500,583.5700,583.5050,583.5700
1787756181,583.4200,583.4200,583.4200,583.4200
1787756183,583.6500,583.7200,583.6500,583.7200
1787756184,583.7600,583.8200,583.7600,583.8200
1787756185,583.8100,583.8300,583.8100,583.8100
1787756186,583.8800,583.9600,583.8800,583.8800
1787756187,583.8850,583.8850,583.8850,583.8850
1787756188,583.9900,584.0300,583.9800,583.9800
1787756189,584.0400,584.0400,584.0200,584.0300
1787756191,584.0800,584.1100,583.7700,583.7700
1787756192,583.6500,583.6500,583.3900,583.3900
1787756193,583.4500,583.4500,583.2800,583.2800
1787756194,583.1100,583.1100,583.0300,583.0300
1787756196,583.1800,583.1800,583.1800,583.1800
1787756200,583.4500,583.4500,583.4500,583.4500
1787756202,583.5500,583.5500,583.4100,583.4100
1787756204,583.5200,583.5400,583.1600,583.2150
1787756205,583.2500,583.2500,583.2500,583.2500
1787756206,583.3800,583.4400,583.3800,583.3800
1787756208,583.4400,583.4400,583.3150,583.3150
1787756209,583.3400,583.3400,583.3300,583.3300
1787756211,583.3150,583.3150,583.3150,583.3150
1787756212,583.4500,583.4500,583.4500,583.4500
1787756214,583.5000,583.5000,583.4600,583.4750
1787756215,583.4750,583.4750,583.4750,583.4750
1787756216,583.4100,583.4600,583.3500,583.3500
1787756217,583.3400,583.3400,583.3300,583.3300
1787756219,583.1900,583.2300,583.0700,583.0900
1787756220,583.0900,583.0900,582.8500,582.8500
1787756225,583.0800,583.0800,583.0000,583.0000
1787756226,583.0000,583.2500,582.9900,583.2500
1787756227,583.2500,583.2500,583.2500,583.2500
1787756228,583.3400,583.4300,583.3400,583.4300
1787756229,583.5100,583.5100,583.4300,583.5100
1787756230,583.5400,584.2850,583.5400,584.2600
1787756231,584.3600,584.3700,584.3500,584.3700
1787756235,584.3150,584.3350,584.2200,584.2400
1787756236,584.4000,584.4200,584.4000,584.4000
1787756237,584.2800,584.2800,583.7500,583.7600
1787756238,583.7200,583.7800,583.7000,583.7000
1787756240,583.7300,583.7300,583.7300,583.7300
1787756241,583.7900,583.7900,583.7200,583.7200
1787756242,583.7300,583.7300,583.7300,583.7300
1787756244,583.6300,583.6300,583.5700,583.5700
1787756245,583.5700,583.5700,583.5700,583.5700
1787756247,583.5900,583.6300,583.5900,583.6300
1787756248,583.6300,583.8500,583.6300,583.8500
1787756250,583.9200,584.0000,583.9200,584.0000
1787756251,584.0000,584.0000,583.8100,583.8100
1787756252,583.7600,583.8500,583.7600,583.8500
1787756253,583.7100,583.7500,583.7100,583.7500
1787756255,583.5700,583.5700,583.3700,583.3700
1787756256,583.3500,583.3500,583.2900,583.3200
1787756258,583.3100,583.3100,583.2900,583.2900
1787756259,583.1500,583.1800,583.1200,583.1200
1787756260,583.0300,583.0300,582.9600,582.9600
1787756262,583.0000,583.0000,583.0000,583.0000
1787756264,583.1300,583.1400,583.1300,583.1400
1787756265,583.1000,583.1000,583.1000,583.1000
1787756266,583.1500,583.1500,583.1500,583.1500
1787756267,583.2100,583.2100,583.2100,583.2100
1787756268,583.2100,583.2100,583.2100,583.2100
1787756270,583.4100,583.5300,583.4100,583.5300
1787756271,583.6600,584.0400,583.6600,583.9800
1787756272,584.0000,584.2000,583.9700,584.2000
1787756273,584.0800,584.0800,584.0600,584.0600
1787756274,584.1600,584.1600,584.1600,584.1600
1787756275,584.0800,584.0800,584.0300,584.0300
1787756277,584.0850,584.0850,584.0850,584.0850
1787756278,584.1600,584.2600,584.1600,584.2600
1787756279,584.2500,584.2600,584.2100,584.2100
1787756282,584.1600,584.1700,584.0100,584.0100
1787756283,584.1100,584.1100,584.1100,584.1100
1787756284,584.3400,584.4100,584.3400,584.4100
1787756285,584.4400,584.4400,584.4400,584.4400
1787756287,584.4400,584.4500,584.4300,584.4500
1787756288,584.2400,584.2800,584.2100,584.2200
1787756289,584.2800,585.3000,584.2800,585.3000
1787756290,585.2900,585.4000,585.1900,585.2900
1787756291,585.3500,585.4100,585.3500,585.4100
1787756292,585.4600,585.6100,585.4600,585.6100
1787756293,585.4900,585.5800,585.4400,585.5500
1787756294,585.3200,585.3200,585.1300,585.1300
1787756295,585.1300,585.1300,584.8600,584.9200
1787756296,585.0000,585.0000,584.8600,584.8600
1787756297,584.8550,584.8550,584.8550,584.8550
1787756298,584.9800,584.9800,584.9100,584.9700
1787756299,584.9100,584.9300,584.7800,584.7800
1787756300,584.7700,584.7700,584.5700,584.5700
1787756301,584.4200,584.5700,584.4100,584.5700
1787756303,584.6200,584.7500,584.6200,584.7500
1787756304,584.8600,584.8600,584.8600,584.8600
1787756307,584.8000,584.8900,584.8000,584.8900
1787756308,584.9400,585.1000,584.8900,584.9600
1787756309,584.8200,584.9000,584.7700,584.8900
1787756310,584.8700,584.9700,584.8700,584.9700
1787756312,584.8400,584.8900,584.8100,584.8900
1787756313,584.8200,584.8200,584.8200,584.8200
1787756314,584.8900,584.8900,584.7900,584.7900
1787756315,584.9900,585.0000,584.9100,585.0000
1787756316,585.1800,585.3000,585.1800,585.3000
1787756317,585.0800,585.1900,585.0600,585.0600
1787756318,585.2200,585.2200,585.0800,585.0800
1787756320,585.1500,585.1500,585.1500,585.1500
1787756321,585.1200,585.1200,585.1200,585.1200
1787756322,585.3000,585.3000,585.3000,585.3000
1787756323,585.3000,585.3100,585.3000,585.3100
1787756324,585.3300,585.3300,585.3300,585.3300
1787756325,585.3300,585.3700,585.3000,585.3000
1787756326,585.3750,585.3750,585.3750,585.3750
1787756327,585.4100,585.5500,585.4100,585.5400
1787756328,585.4300,585.4500,585.4300,585.4500
1787756329,585.3700,585.3700,585.3700,585.3700
1787756330,585.3300,585.4100,585.3300,585.4100
1787756331,585.5000,585.5300,585.0800,585.1800
1787756332,585.1700,585.1700,585.1000,585.1000
1787756333,585.2500,585.2500,585.2500,585.2500
1787756334,585.4200,585.4200,585.4100,585.4100
1787756335,585.4700,585.5100,585.4700,585.5100
1787756336,585.5200,585.5400,585.5000,585.5000
1787756337,585.4400,585.4400,585.4400,585.4400
1787756338,585.4200,585.4200,585.3000,585.3950
1787756340,585.4700,585.5800,585.4400,585.5800
1787756342,585.6400,585.7500,585.5300,585.5300
1787756343,585.5000,585.5000,585.4600,585.4600
1787756344,585.4500,585.4500,585.3000,585.3000
1787756345,585.2300,585.3000,585.2200,585.3000
1787756347,585.2000,585.2000,585.1700,585.1700
1787756349,585.1200,585.4100,585.1200,585.4100
1787756350,585.4100,585.5900,585.4100,585.5200
1787756351,585.5100,585.6100,585.5000,585.5000
1787756352,585.6400,585.6600,585.6400,585.6600
1787756353,585.5400,585.5400,585.2300,585.2500
1787756354,585.3400,585.3400,585.2400,585.2400
1787756357,585.3000,585.3000,585.0500,585.0500
1787756358,585.2000,585.2000,585.2000,585.2000
1787756359,585.1200,585.1200,585.1200,585.1200
1787756360,585.1900,585.2000,585.1900,585.2000
1787756361,585.0400,585.0400,584.9700,584.9900
1787756362,585.0000,585.0000,584.6700,584.7200
1787756364,584.7100,584.7500,584.6700,584.7500
1787756365,584.8800,584.8800,584.7200,584.7200
1787756366,584.6600,584.7000,584.5000,584.5000
1787756367,584.3600,584.3600,584.1100,584.2700
1787756368,584.2100,584.3500,584.2100,584.3500
1787756370,584.3700,584.3800,584.3700,584.3800
1787756371,584.3100,584.3700,584.3100,584.3700
1787756372,584.1900,584.1900,584.1700,584.1700
1787756373,584.1600,584.2000,584.1100,584.2000
1787756376,584.2700,584.2900,584.2700,584.2900
1787756377,584.3700,584.4100,584.3700,584.4100
1787756378,584.3000,584.3000,584.0200,584.2100
1787756381,584.0100,584.2700,583.9250,584.2700
1787756383,584.2800,584.2900,584.2800,584.2900
1787756385,584.2900,584.2900,584.2900,584.2900
1787756386,584.5200,584.6100,584.5200,584.5400
1787756388,584.5600,584.6300,584.5600,584.6300
1787756389,584.5600,584.6300,584.5300,584.6200
1787756390,584.6150,584.6150,584.5700,584.5700
1787756391,584.6150,584.6150,584.5800,584.5800
1787756392,584.5300,585.0200,584.4400,584.9900
1787756395,585.1000,585.1600,584.9900,585.0800
1787756397,585.0000,585.0200,585.0000,585.0200
1787756398,585.0000,585.0000,585.0000,585.0000
1787756399,585.0000,585.0000,585.0000,585.0000
1787756400,584.9900,585.0000,584.9900,585.0000
1787756401,584.7900,584.7900,584.7900,584.7900
1787756402,584.8900,584.8900,584.8900,584.8900
1787756403,584.9100,584.9600,584.7100,584.9300
1787756405,584.7800,584.9600,584.7800,584.9600
1787756406,584.8200,584.8200,584.7500,584.7500
1787756408,584.8900,584.9800,584.5100,584.6100
1787756410,584.7600,584.7600,584.7600,584.7600
1787756411,584.7850,584.7900,584.7850,584.7900
1787756412,584.7900,584.7900,584.7900,584.7900
1787756414,584.7900,584.7900,584.6000,584.6000
1787756415,584.6200,584.6700,584.5900,584.6150
1787756416,584.6200,584.6200,584.6200,584.6200
1787756417,584.8000,584.8000,584.8000,584.8000
1787756420,584.6600,584.7400,584.6600,584.7400
1787756421,584.7500,584.7500,584.7500,584.7500
1787756423,584.5300,584.7000,584.5000,584.7000
1787756424,584.7700,585.2000,584.7700,585.2000
1787756425,585.2400,585.2500,585.2400,585.2500
1787756428,585.1050,585.1050,585.1050,585.1050
1787756430,585.1100,585.1100,585.0000,585.0000
1787756431,585.2000,585.2400,584.9000,585.1000
1787756432,585.2300,585.3600,585.2300,585.3600
1787756433,585.3500,585.3500,585.1100,585.2800
1787756435,585.2500,585.2500,585.2500,585.2500
1787756436,585.3500,585.4700,585.3500,585.4700
1787756437,585.3600,585.6000,585.3600,585.5300
1787756438,585.6400,585.6600,585.6400,585.6600
1787756440,585.6600,585.7600,585.6600,585.7600
1787756441,585.7700,585.8600,585.7700,585.8600
1787756442,585.8000,585.8000,585.2800,585.2800
1787756443,585.4200,585.6000,585.4200,585.6000
1787756444,585.5000,585.5500,585.4300,585.5500
1787756446,585.6100,585.6100,585.6100,585.6100
1787756447,585.6350,585.8000,585.6350,585.7700
1787756448,585.8400,586.0900,585.7800,586.0900
1787756449,586.0200,586.0800,586.0200,586.0200
1787756450,586.0300,586.0300,585.8100,585.8100
1787756451,585.9400,585.9400,585.9400,585.9400
1787756453,586.0200,586.0200,586.0200,586.0200
1787756454,585.9600,585.9900,585.9200,585.9900
1787756455,586.1200,586.1900,586.1200,586.1900
1787756457,586.0100,586.0100,585.6800,585.6800
1787756458,585.7000,585.7000,585.7000,585.7000
1787756460,585.8100,585.8150,585.6600,585.6600
1787756461,585.7800,585.7800,585.5200,585.6100
1787756464,585.7000,585.7000,585.7000,585.7000
1787756466,585.8800,585.9000,585.8800,585.9000
1787756467,586.0000,586.2100,586.0000,586.2100
1787756468,586.1500,586.1500,586.1100,586.1350
1787756469,586.1350,586.1350,585.9600,586.0000
1787756471,585.9750,585.9750,585.8800,585.8800
1787756473,585.8600,585.8600,585.4000,585.5100
1787756474,585.7200,585.7200,585.7200,585.7200
1787756475,585.7100,585.7100,585.7100,585.7100
1787756476,585.6900,585.6900,585.6900,585.6900
1787756478,585.7800,585.7800,585.6550,585.6600
1787756479,585.7800,585.9000,585.7800,585.8550
1787756480,585.8500,585.8500,585.8500,585.8500
1787756481,586.0000,586.0000,585.8500,585.8500
1787756484,585.8150,585.8500,585.6700,585.7200
1787756485,585.7800,585.7800,585.4400,585.5400
1787756486,585.4300,585.5500,585.4300,585.5500
1787756488,585.6200,585.6200,585.6200,585.6200
1787756489,585.7800,586.0900,585.7800,586.0900
1787756490,586.0900,586.1200,586.0800,586.0800
1787756491,586.0000,586.0000,585.9650,585.9650
1787756492,585.8400,585.8400,585.8200,585.8200
1787756493,585.7800,585.7800,585.7800,585.7800
1787756494,585.8300,585.8700,585.8300,585.8450
1787756495,585.8450,585.8450,585.8450,585.8450
1787756497,585.7500,585.7500,585.7500,585.7500
1787756498,585.9600,585.9600,585.9600,585.9600
1787756500,585.8500,585.8500,585.8500,585.8500
1787756503,585.9000,585.9000,585.9000,585.9000
1787756504,585.9000,585.9000,585.8700,585.9000
1787756506,585.8350,585.8350,585.6700,585.8300
1787756507,585.9700,586.7500,585.9700,586.6100
1787756508,586.5400,586.5550,586.4700,586.5100
1787756513,586.5400,586.5400,586.4100,586.4100
1787756514,586.3600,586.3600,586.3100,586.3100
1787756515,586.2400,586.2400,586.2400,586.2400
1787756517,586.1100,586.1100,586.0700,586.0700
1787756518,586.1300,586.2000,586.0600,586.2000
1787756520,586.1600,586.1600,586.1600,586.1600
1787756521,586.0900,586.0900,585.9400,585.9800
1787756522,585.9000,586.0400,585.8400,586.0400
1787756523,586.0000,586.0200,585.9900,585.9900
1787756524,585.9400,585.9400,585.9400,585.9400
1787756526,585.9600,586.0750,585.9500,585.9500
1787756530,585.9100,585.9100,585.9100,585.9100
1787756531,585.9100,585.9100,585.8900,585.8900
1787756534,585.9000,585.9800,585.8900,585.9800
1787756535,585.9550,586.0800,585.9550,586.0800
1787756536,586.0600,586.0800,586.0600,586.0800
1787756537,586.0800,586.2350,586.0000,586.2300
1787756540,586.3000,586.3000,586.2100,586.3000
1787756541,586.1700,586.2300,586.1600,586.2300
1787756542,586.1100,586.1100,585.9600,585.9600
1787756543,586.0000,586.0000,586.0000,586.0000
1787756544,585.9200,585.9200,585.7600,585.8600
1787756545,585.8600,585.8600,585.8600,585.8600
1787756546,585.7900,585.7900,585.7900,585.7900
1787756548,585.8800,585.8800,585.8800,585.8800
1787756549,585.9100,585.9100,585.8100,585.8700
1787756551,585.8000,585.8100,585.8000,585.8100
1787756552,585.9000,585.9900,585.9000,585.9500
1787756553,585.7800,585.7800,585.7500,585.7500
1787756554,585.8400,585.8800,585.8400,585.8800
1787756555,585.8300,585.8300,585.7200,585.7200
1787756557,585.7000,585.7000,585.6000,585.6000
1787756558,585.6500,585.6900,585.6500,585.6900
1787756560,585.6900,586.0500,585.6900,586.0000
1787756562,586.0700,586.2500,586.0700,586.2500
1787756563,586.2200,586.2200,586.2200,586.2200
1787756564,586.1900,586.3900,586.1900,586.3900
1787756565,586.3900,586.5300,586.3900,586.4700
1787756566,586.5800,587.1800,586.5800,587.1800
1787756567,587.0400,587.0400,587.0000,587.0000
1787756570,586.8900,586.8900,586.7600,586.8100
1787756571,586.8700,586.8700,586.8700,586.8700
1787756573,586.6000,586.6000,586.3000,586.3000
1787756575,586.4800,586.6400,586.4800,586.5450
1787756577,586.6500,586.6500,586.6500,586.6500
1787756579,586.6600,586.7600,586.6600,586.6800
1787756580,586.7500,586.7500,586.7500,586.7500
1787756581,586.7200,586.7400,586.6000,586.6000
1787756583,586.5000,586.5000,586.3400,586.4400
1787756585,586.4300,586.4300,586.2100,586.2100
1787756586,586.4000,586.4000,586.4000,586.4000
1787756587,586.4350,586.5550,586.4350,586.5550
1787756589,586.5500,586.5800,586.5500,586.5800
1787756590,586.6600,586.7200,586.6600,586.7000
1787756592,586.7400,586.7400,586.0400,586.2400
1787756593,586.2700,586.2800,586.1400,586.1400
1787756594,586.1650,586.1650,586.1600,586.1600
1787756596,586.1450,586.1450,586.1450,586.1450
1787756597,586.0000,586.0250,585.8400,585.8600
1787756598,585.9600,585.9600,585.9600,585.9600
1787756600,585.9800,586.0000,585.9800,586.0000
1787756601,586.0000,586.0000,586.0000,586.0000
1787756602,586.0500,586.2100,586.0500,586.2050
1787756604,586.1700,586.1700,586.1700,586.1700
1787756605,586.1700,586.3800,586.1600,586.3800
1787756606,586.4300,586.5500,586.4300,586.5500
1787756607,586.5000,586.5000,586.5000,586.5000
1787756608,586.6500,586.6500,586.4900,586.5600
1787756609,586.6700,586.7300,586.6100,586.6100
1787756610,586.6750,586.6750,586.6400,586.6750
1787756611,586.5600,586.5600,586.5500,586.5600
1787756612,586.5150,586.5150,586.4400,586.4400
1787756613,586.5400,586.5400,586.5400,586.5400
1787756615,586.4900,586.5200,586.4900,586.5200
1787756616,586.5300,586.6000,586.5300,586.6000
1787756617,586.5800,586.5800,586.5800,586.5800
1787756618,586.5800,586.5800,586.5800,586.5800
1787756620,586.5900,586.5900,586.5000,586.5200
1787756621,586.5500,586.6700,586.5000,586.6700
1787756622,586.6200,587.0000,586.6200,587.0000
1787756623,587.0500,587.1000,587.0500,587.0900
1787756624,587.1600,587.3650,586.9000,587.2200
1787756627,587.2700,587.2700,587.2700,587.2700
1787756628,587.1800,587.1800,587.1400,587.1400
1787756629,587.1700,587.2300,587.1100,587.2300
1787756632,587.3900,587.4100,587.3900,587.4100
1787756633,587.4400,587.6500,587.4400,587.5300
1787756634,587.6600,587.7500,587.3900,587.3900
1787756635,587.2600,587.6300,587.2400,587.6300
1787756636,587.7100,587.7700,587.7100,587.7700
1787756637,587.7800,587.8900,587.7700,587.7700
1787756638,587.8500,587.8500,587.8500,587.8500
1787756640,587.7800,587.7800,587.7800,587.7800
1787756641,587.8700,587.8700,587.8150,587.8150
1787756642,587.8100,587.8100,587.8100,587.8100
1787756643,587.7600,587.7600,587.7000,587.7600
1787756644,587.8300,588.0300,587.8300,588.0300
1787756645,587.9750,587.9750,587.6700,587.7200
1787756646,587.7600,587.7600,587.7600,587.7600
1787756647,587.6700,587.7000,587.6500,587.7000
1787756648,587.6900,587.7000,587.6900,587.7000
1787756649,587.6200,587.6200,587.2200,587.3700
1787756650,587.3700,587.3800,587.3650,587.3800
1787756651,587.5000,587.5700,587.5000,587.5700
1787756652,587.4400,587.5100,587.4000,587.5100
1787756654,587.5100,587.5300,587.5100,587.5300
1787756655,587.5100,587.6400,587.5100,587.6400
1787756656,587.7000,587.7000,587.6850,587.6850
1787756657,587.6850,587.6850,587.6850,587.6850
1787756658,587.6350,587.6350,587.6350,587.6350
1787756660,587.5500,587.6200,587.5500,587.6200
1787756662,587.6000,587.6000,587.6000,587.6000
1787756663,587.6700,587.6900,587.6000,587.6000
1787756665,587.7000,587.7500,587.7000,587.7500
1787756667,587.8100,587.8100,587.8100,587.8100
1787756669,587.8200,587.8500,587.8200,587.8500
1787756671,587.7600,587.8200,587.7000,587.7400
1787756672,587.7500,587.7500,587.6000,587.6000
1787756674,587.6800,587.6800,587.6800,587.6800
1787756676,587.7150,587.7150,587.7150,587.7150
1787756678,587.6600,587.7500,587.6600,587.7500
1787756679,587.7500,587.7500,587.6500,587.6700
1787756680,587.6300,587.7100,587.4200,587.7100
1787756681,587.7600,587.7600,587.7600,587.7600
1787756682,587.7800,587.8300,587.7800,587.8000
1787756683,587.7400,587.7400,587.7200,587.7200
1787756685,587.5900,587.5900,587.3700,587.3700
1787756686,587.3500,587.3500,587.2400,587.3400
1787756687,587.2500,587.2500,587.2500,587.2500
1787756690,587.3000,587.3000,587.3000,587.3000
1787756693,587.2500,587.2500,586.8900,587.0000
1787756694,586.9400,586.9400,586.8000,586.8100
1787756695,586.8700,587.0300,586.8700,587.0100
1787756696,587.0100,587.0100,587.0100,587.0100
1787756697,586.9200,586.9400,586.8600,586.9400
1787756699,587.0000,587.0200,587.0000,587.0200
1787756700,587.2600,587.3500,587.2600,587.3500
1787756701,587.3900,587.4800,587.3500,587.4800
1787756702,587.4850,587.5500,587.4850,587.5500
1787756703,587.6600,587.7000,587.6600,587.7000
1787756704,587.7600,587.8000,587.7600,587.8000
1787756705,587.8300,588.0000,587.8250,587.8250
1787756707,587.6900,587.6900,587.6600,587.6600
1787756708,587.4500,587.4500,587.3200,587.3500
1787756710,587.4500,587.4550,587.2600,587.2600
1787756711,587.3300,587.3800,587.3000,587.3800
1787756712,587.2900,587.2900,587.2900,587.2900
1787756713,587.2900,587.2900,587.2800,587.2800
1787756715,587.3300,587.4600,587.3300,587.4600
1787756717,587.3600,587.3600,587.3500,587.3500
1787756718,587.2200,587.2200,587.1100,587.1100
1787756719,587.1000,587.1300,587.0800,587.1300
1787756720,587.1100,587.1100,587.1100,587.1100
1787756721,587.0700,587.1050,587.0100,587.1050
1787756722,587.1050,587.2000,587.1050,587.1100
1787756723,587.1100,587.2100,587.1100,587.1400
1787756726,587.2000,587.2000,587.0200,587.0200
1787756727,587.1100,587.1100,586.9800,586.9800
1787756728,587.0400,587.0400,587.0400,587.0400
1787756730,587.1000,587.1800,587.1000,587.1800
1787756731,587.2100,587.2400,587.2000,587.2400
1787756732,587.2000,587.2000,587.2000,587.2000
1787756734,587.2300,587.2700,587.2200,587.2700
1787756735,587.3100,587.3100,587.2800,587.2800
1787756736,587.2700,587.3500,587.2700,587.3200
1787756738,587.4800,587.4900,587.4800,587.4900
1787756739,587.3200,587.4000,587.3200,587.4000
1787756741,587.3400,587.3400,587.2100,587.2100
1787756743,587.2000,587.2000,587.2000,587.2000
1787756744,587.2500,587.3100,587.2200,587.2200
1787756746,587.4000,587.4000,587.4000,587.4000
1787756747,587.4100,587.4100,587.3400,587.3400
1787756749,587.1400,587.1550,586.9500,586.9700
1787756750,586.9400,586.9500,586.8800,586.9100
1787756752,586.8700,586.9400,586.8700,586.9400
1787756754,587.1400,587.1600,587.1150,587.1150
1787756755,587.0500,587.0500,587.0500,587.0500
1787756756,587.0200,587.0200,587.0200,587.0200
1787756758,587.0300,587.0300,587.0000,587.0000
1787756760,587.1000,587.1200,587.0900,587.0900
1787756761,587.1350,587.2200,587.1350,587.2200
1787756762,587.2700,587.2700,587.2700,587.2700
1787756764,587.3100,587.5200,587.3100,587.5200
1787756765,587.4600,587.4600,587.4600,587.4600
1787756766,587.5000,587.5000,587.4600,587.4600
1787756768,587.4400,587.4400,587.2700,587.2900
1787756769,587.4100,587.4200,587.4100,587.4200
1787756770,587.4200,587.4700,587.4200,587.4700
1787756771,587.4300,587.6300,587.4300,587.6300
1787756772,587.6000,587.6600,587.6000,587.6600
1787756773,587.6300,587.7600,587.6200,587.7600
1787756774,587.7400,587.7400,587.7400,587.7400
1787756775,587.6500,587.6500,587.6500,587.6500
1787756776,587.7600,588.1700,587.7600,588.1600
1787756777,588.1700,588.2000,588.0600,588.0600
1787756779,588.0000,588.0000,588.0000,588.0000
1787756781,588.0500,588.1100,588.0500,588.0600
1787756782,588.0600,588.0700,588.0600,588.0600
1787756783,588.1100,588.2200,588.0700,588.0700
1787756784,587.9900,587.9900,587.9500,587.9500
1787756785,587.9700,587.9700,587.9600,587.9600
1787756786,587.9850,587.9850,587.9000,587.9000
1787756787,587.8500,587.9000,587.8500,587.8800
1787756789,587.9700,588.0000,587.8800,587.9000
1787756790,587.9400,587.9800,587.7600,587.9800
1787756791,587.9800,587.9800,587.9800,587.9800
1787756794,587.9250,587.9300,587.9250,587.9300
1787756795,587.9600,588.0000,587.9600,587.9650
1787756796,587.9400,587.9400,587.9100,587.9100
1787756797,587.9650,587.9900,587.9100,587.9200
1787756798,587.8800,587.9200,587.8700,587.8700
1787756799,587.9400,587.9400,587.9400,587.9400
1787756800,587.9400,587.9400,587.9400,587.9400
1787756801,587.9700,588.0000,587.9500,587.9800
1787756802,588.0800,588.0800,588.0700,588.0800
1787756804,588.0800,588.0800,588.0800,588.0800
1787756805,588.1100,588.1400,588.1100,588.1400
1787756806,588.1000,588.1000,588.0700,588.0700
1787756807,588.0700,588.1700,588.0700,588.1700
1787756810,588.1400,588.1400,588.1400,588.1400
1787756811,588.1800,588.2400,588.1300,588.2400
1787756812,588.2400,588.4300,587.9200,587.9400
1787756813,587.9700,588.0100,587.9700,588.0100
1787756815,588.0000,588.0000,588.0000,588.0000
1787756817,587.9000,588.1400,587.9000,588.0150
1787756818,587.9300,587.9300,587.8900,587.9000
1787756820,587.8500,587.8500,587.6400,587.6500
1787756821,587.7900,587.7900,587.7900,587.7900
1787756822,587.9800,588.0200,587.9800,588.0200
1787756823,588.0100,588.3000,588.0000,588.3000
1787756825,588.4000,588.4100,588.0900,588.0900
1787756826,588.0800,588.2200,588.0800,588.2200
1787756831,588.0900,588.1100,588.0900,588.1100
1787756832,588.0000,588.0000,588.0000,588.0000
1787756833,588.0000,588.0000,588.0000,588.0000
1787756834,588.0500,588.0500,588.0500,588.0500
1787756836,588.1200,588.1400,588.1200,588.1400
1787756837,588.1000,588.3600,588.1000,588.3600
1787756838,588.3200,588.3200,588.3200,588.3200
1787756840,588.2400,588.2400,588.1000,588.1000
1787756842,588.1100,588.1100,588.1100,588.1100
1787756843,588.1400,588.1700,588.1400,588.1400
1787756844,588.1100,588.1600,588.0500,588.1100
1787756845,588.1300,588.2300,588.1300,588.2100
1787756846,588.1000,588.2200,588.0600,588.1900
1787756848,588.1100,588.1100,588.0300,588.0300
1787756849,588.0400,588.1000,588.0400,588.1000
1787756850,588.0800,588.0800,587.6500,587.6700
1787756851,587.6200,587.6200,587.6000,587.6000
1787756852,587.6000,587.6000,587.5700,587.5700
1787756853,587.5600,587.5650,587.4500,587.5650
1787756854,587.4400,587.4400,587.3300,587.3700
1787756855,587.3500,587.3500,587.3100,587.3100
1787756857,587.4300,587.4400,587.4300,587.4400
1787756858,587.3300,587.4600,587.3300,587.4600
1787756859,587.4600,587.5700,587.4600,587.5700
1787756860,587.5300,587.5600,587.4600,587.4600
1787756864,587.4300,587.4400,587.4100,587.4400
1787756865,587.4200,587.4800,587.2600,587.2600
1787756869,587.6400,587.6700,587.6400,587.6700
1787756870,587.6700,587.7000,587.6700,587.7000
1787756871,587.9300,587.9300,587.6900,587.6900
1787756874,587.8400,587.8400,587.8400,587.8400
1787756875,587.9700,588.2700,587.9700,588.1200
1787756876,588.2100,588.4700,588.2100,588.4700
1787756877,588.4000,588.4000,588.2700,588.3800
1787756878,588.4300,588.6000,588.4300,588.5900
1787756879,588.5300,588.5300,588.5300,588.5300
1787756881,588.5900,588.6400,588.5900,588.6300
1787756883,588.6300,588.6300,588.5800,588.5800
1787756884,588.5400,588.6800,588.5000,588.6300
1787756885,588.6400,588.7600,588.6400,588.7200
1787756886,588.7000,588.7000,588.7000,588.7000
1787756887,588.6200,588.6200,588.5200,588.5200
1787756889,588.5700,588.6000,588.5700,588.6000
1787756890,588.6100,588.6200,588.5000,588.5900
1787756891,588.4900,588.5600,588.4900,588.5600
1787756892,588.5100,588.5700,588.4000,588.4000
1787756893,588.3550,588.4000,588.3200,588.4000
1787756894,588.4050,588.5000,588.4050,588.5000
1787756895,588.5600,588.5700,588.5600,588.5700
1787756897,588.4650,588.5600,588.4650,588.4700
1787756898,588.3500,588.3500,588.3400,588.3400
1787756899,588.4600,588.4600,588.4600,588.4600
1787756900,588.3400,588.3400,588.1500,588.2600
1787756901,588.2800,588.2800,588.2800,588.2800
1787756902,588.3300,588.3300,588.3300,588.3300
1787756903,588.2650,588.2650,588.1900,588.2000
1787756904,588.2300,588.2300,588.2300,588.2300
1787756905,588.2200,588.2200,588.1200,588.2000
1787756906,588.2100,588.2100,588.2100,588.2100
1787756907,588.1800,588.1800,588.1800,588.1800
1787756908,588.1700,588.1700,588.1700,588.1700
1787756912,588.1600,588.3800,588.1000,588.3800
1787756913,588.2900,588.2900,588.1500,588.2500
1787756914,588.1000,588.1000,587.8600,587.8600
1787756915,587.8900,587.8900,587.7500,587.7500
1787756916,587.7700,587.7700,587.6700,587.6700
1787756917,587.5800,587.5800,587.5800,587.5800
1787756918,587.7100,587.7100,587.7100,587.7100
1787756919,587.7200,587.7500,587.7200,587.7500
1787756920,587.7500,587.8500,587.7500,587.8100
1787756921,587.8600,587.9500,587.8600,587.9300
1787756922,587.8600,587.9100,587.8400,587.8400
1787756923,587.8500,587.8500,587.7900,587.7900
1787756924,587.7600,588.2400,587.7600,588.2400
1787756925,588.1400,588.2700,588.1200,588.2700
1787756926,588.2700,588.2700,588.2600,588.2600
1787756927,588.2300,588.3800,588.1700,588.3800
1787756928,588.3800,588.3800,588.3300,588.3300
1787756936,588.3500,588.4000,588.3500,588.4000
1787756937,588.4200,588.4900,588.1800,588.2800
1787756938,588.3000,588.3000,588.2200,588.2200
1787756939,588.2200,588.4000,588.2200,588.3950
1787756940,588.4250,588.4500,588.4250,588.4500
1787756941,588.4550,588.4550,588.4000,588.4250
1787756942,588.4050,588.4050,588.3900,588.4050
1787756943,588.3500,588.3500,588.2850,588.2850
1787756944,588.2600,588.2750,588.2300,588.2750
1787756945,588.2750,588.2750,588.1600,588.1600
1787756946,588.1500,588.1900,588.1500,588.1900
1787756948,588.1600,588.1600,588.1100,588.1100
1787756949,588.1300,588.1300,588.0700,588.0700
1787756950,588.0700,588.0700,587.9200,587.9600
1787756951,587.9600,588.0500,587.9600,588.0100
1787756952,588.0350,588.0500,588.0100,588.0500
1787756953,588.0100,588.1300,588.0100,588.0500
1787756954,587.9800,588.1400,587.9800,588.1000
1787756956,588.1700,588.2000,588.0600,588.0600
1787756960,588.0500,588.0500,588.0000,588.0000
1787756961,587.9800,587.9800,587.9300,587.9600
1787756962,587.9500,587.9900,587.9500,587.9900
1787756963,587.9800,588.0000,587.9800,587.9850
1787756965,587.9400,587.9400,587.9400,587.9400
1787756966,587.9200,587.9400,587.9200,587.9400
1787756968,587.9450,587.9450,587.9200,587.9200
1787756969,587.9450,587.9450,587.9450,587.9450
1787756970,587.9100,587.9100,587.8500,587.8900
1787756971,587.9900,588.0400,587.9900,588.0000
1787756972,587.9300,587.9300,587.9100,587.9100
1787756973,587.9100,587.9100,587.9100,587.9100
1787756975,587.9100,587.9100,587.8600,587.8600
1787756976,587.8600,587.8700,587.8600,587.8700
1787756978,587.8600,587.8600,587.8600,587.8600
1787756979,587.8400,587.8400,587.8100,587.8100
1787756980,587.8500,588.0300,587.8500,588.0200
1787756981,588.0000,588.0000,587.9300,587.9300
1787756982,587.8700,587.8750,587.8400,587.8750
1787756983,587.9000,587.9800,587.8300,587.9800
1787756984,588.0000,588.2200,588.0000,588.2000
1787756985,588.2350,588.2700,588.0900,588.1600
1787756986,588.1600,588.1600,588.0100,588.0200
1787756987,588.0500,588.0500,587.9500,588.0200
1787756989,587.9500,587.9500,587.5000,587.5000
1787756992,587.4200,587.4200,587.4200,587.4200
1787756993,587.3700,587.3700,587.2000,587.3000
1787756996,587.3700,587.3700,587.3700,587.3700
1787756997,587.3400,587.3400,587.2100,587.2200
1787756998,587.2200,587.3000,587.2200,587.2400
1787756999,587.2300,587.4000,587.2300,587.4000
1787757000,587.4500,587.4500,587.3200,587.3800
1787757001,587.3300,587.3300,587.2800,587.2800
1787757002,587.3100,587.3400,587.2200,587.3400
1787757003,587.3800,587.3800,587.2500,587.2600
1787757005,587.2400,587.2800,587.2000,587.2600
1787757006,587.2100,587.2100,587.1800,587.2000
1787757007,587.2700,587.2700,587.2700,587.2700
1787757008,587.3500,587.3500,587.3500,587.3500
1787757009,587.3400,587.3400,587.3400,587.3400
1787757011,587.3700,587.6300,587.3300,587.3300
1787757012,587.3200,587.3200,587.1000,587.1600
1787757013,587.1100,587.1600,587.1100,587.1600
1787757014,587.2300,587.2300,587.1600,587.1600
1787757015,587.2300,587.2300,587.2300,587.2300
1787757016,587.2500,587.2600,587.2500,587.2500
1787757018,587.2500,587.3000,587.1350,587.2100
1787757019,587.2000,587.2000,587.1100,587.1100
1787757020,587.1100,587.1100,587.1100,587.1100
1787757021,587.1100,587.1100,587.0000,587.0900
1787757022,587.1700,587.1700,587.1700,587.1700
1787757023,587.1700,587.1700,587.0100,587.0200
1787757024,587.0200,587.1100,587.0000,587.0000
1787757025,587.0200,587.0200,586.8800,586.8800
1787757026,586.8900,586.8900,586.2600,586.5000
1787757029,586.5900,586.5900,586.5900,586.5900
1787757030,586.5900,586.5900,586.4100,586.4100
1787757031,586.4900,586.5200,586.4100,586.4100
1787757032,586.4800,586.5000,586.4800,586.5000
1787757033,586.5450,586.5450,586.3600,586.3600
1787757035,586.3600,586.3600,586.0800,586.0800
1787757036,586.0400,586.1100,586.0400,586.1100
1787757038,586.2450,586.2450,586.1500,586.1500
1787757039,586.1600,586.1600,586.1600,586.1600
1787757040,586.1600,586.1600,586.0200,586.1100
1787757041,586.0100,586.0950,585.9300,586.0950
1787757042,586.0400,586.0900,586.0400,586.0400
1787757043,586.0400,586.1000,586.0100,586.0800
1787757044,586.0500,586.0500,586.0000,586.0000
1787757045,585.8900,585.9250,585.8600,585.9000
1787757046,585.9000,585.9100,585.5300,585.5800
1787757047,585.6300,585.6300,585.5000,585.5100
1787757048,585.5600,585.5600,585.5600,585.5600
1787757049,585.5600,585.6200,585.5200,585.6200
1787757050,585.5600,585.5600,585.3500,585.3500
1787757051,585.3900,585.4350,585.3500,585.4350
1787757052,585.4100,585.8900,584.9200,585.3200
1787757053,585.1100,585.3300,585.1100,585.3100
1787757054,585.4500,585.6400,585.3100,585.3100
1787757055,585.1900,585.3100,585.1400,585.1400
1787757056,585.2000,585.2000,585.2000,585.2000
1787757057,585.1300,585.3500,585.1100,585.1100
1787757059,585.3000,585.3900,585.3000,585.3900
1787757060,585.2500,585.4000,585.2500,585.4000
1787757061,585.3100,585.3500,585.3100,585.3500
1787757062,585.4000,585.5200,585.4000,585.5000
1787757063,585.5300,585.5300,585.5300,585.5300
1787757064,585.5300,585.5300,585.5300,585.5300
1787757065,585.5200,585.5400,585.3850,585.3850
1787757066,585.3300,585.3300,585.3300,585.3300
1787757067,585.4700,585.4700,585.3800,585.3800
1787757069,585.3700,585.3700,585.3700,585.3700
1787757070,585.4000,585.4600,585.3000,585.4600
1787757071,585.3000,585.3000,585.2500,585.2500
1787757072,585.4500,585.7200,585.4500,585.7000
1787757073,585.7800,585.7800,585.6200,585.7000
1787757076,585.6400,585.6400,585.2600,585.3600
1787757077,585.2600,585.2600,585.2000,585.2100
1787757078,585.2800,585.3800,585.2800,585.3800
1787757079,585.4700,585.5900,585.4100,585.5000
1787757080,585.5000,585.5700,585.5000,585.5600
1787757081,585.4400,585.4950,585.4400,585.4950
1787757084,585.3900,585.6200,585.3800,585.5800
1787757085,585.4100,585.4100,584.5200,584.5200
1787757086,584.5100,584.5100,584.3400,584.4300
1787757087,584.3800,584.4600,584.3400,584.4300
1787757088,584.3300,584.3800,584.3200,584.3500
1787757089,584.4700,584.4700,584.4000,584.4000
1787757090,584.5200,584.6600,584.5200,584.6400
1787757091,584.6700,584.6800,584.6700,584.6800
1787757092,584.7300,584.7350,584.7300,584.7350
1787757093,584.8000,584.8000,584.7400,584.7400
1787757094,584.9500,585.0000,584.9300,584.9300
1787757095,584.8400,584.8400,584.8400,584.8400
1787757096,584.8950,584.8950,584.8950,584.8950
1787757097,584.8000,584.8000,584.6000,584.7850
1787757099,584.5700,584.5700,584.4100,584.4100
1787757100,584.2600,584.3800,584.2300,584.3800
1787757101,584.5500,584.6300,584.5500,584.6300
1787757102,584.5200,584.5200,584.5000,584.5000
1787757103,584.5000,584.5200,584.4150,584.5200
1787757104,584.4750,584.5700,584.4750,584.5700
1787757106,584.4800,584.4800,584.3100,584.3100
1787757107,584.2900,584.2900,584.2900,584.2900
1787757108,584.2800,584.3600,584.2800,584.3600
1787757109,584.2900,585.1900,584.2100,585.1900
1787757110,585.0000,585.0100,584.9100,585.0000
1787757111,585.0900,585.0900,585.0900,585.0900
1787757112,585.0000,585.0000,585.0000,585.0000
1787757113,585.0000,585.0000,585.0000,585.0000
1787757114,585.0000,585.0000,585.0000,585.0000
1787757115,585.0000,585.0000,584.8600,585.0000
1787757116,584.8300,584.8300,584.6400,584.8200
1787757117,584.6700,584.7900,584.6700,584.7900
1787757119,584.7700,584.7700,584.7700,584.7700
1787757120,584.7700,584.7700,584.7200,584.7200
1787757121,584.7200,584.7200,584.7200,584.7200
1787757122,584.7800,584.8500,584.7200,584.8500
1787757123,584.8500,584.8500,584.7800,584.8200
1787757124,584.8500,584.8500,584.7000,584.7000
1787757125,584.6000,584.6000,584.4300,584.4300
1787757126,584.6000,584.6100,584.5500,584.5500
1787757127,584.4800,584.5000,584.3500,584.3500
1787757128,584.3600,584.3600,584.3100,584.3100
1787757129,584.3100,584.3100,584.2600,584.2800
1787757130,584.3100,584.4700,584.1600,584.4700
1787757131,584.4350,584.4350,584.4350,584.4350
1787757132,584.4200,584.4200,584.4000,584.4000
1787757133,584.4700,584.4800,584.4700,584.4800
1787757135,584.5400,584.5900,584.5100,584.5500
1787757136,584.5400,584.5400,584.5200,584.5200
1787757137,584.6200,584.6200,584.6200,584.6200
1787757138,584.4300,584.5300,584.4300,584.5300
1787757139,584.5300,584.5300,584.5300,584.5300
1787757142,584.5300,584.5300,584.5300,584.5300
1787757144,584.5850,585.0200,584.5850,584.6900
1787757145,584.8300,584.8300,584.3400,584.3400
1787757146,584.3200,584.3200,583.8400,583.9600
1787757147,583.9700,583.9700,583.9700,583.9700
1787757148,584.0900,584.0900,584.0900,584.0900
1787757149,584.1500,584.1500,584.1500,584.1500
1787757151,583.9700,583.9700,583.5400,583.5400
1787757152,583.5100,583.5800,583.4100,583.5600
1787757153,583.7500,583.9700,583.7500,583.9700
1787757154,584.0100,584.0800,583.9900,583.9900
1787757157,583.8800,583.8800,583.8600,583.8600
1787757158,583.8350,583.8800,583.8350,583.8800
1787757159,583.7200,583.8300,583.6500,583.6500
1787757161,583.7100,584.0000,583.7100,583.9900
1787757162,583.9100,584.0000,583.9100,584.0000
1787757164,584.0100,584.0100,583.8700,583.9300
1787757165,584.1400,584.2000,584.1400,584.2000
1787757167,584.1100,584.3900,584.1100,584.3900
1787757168,584.4600,584.5000,584.3400,584.3400
1787757169,584.3000,584.4500,584.1900,584.1900
1787757171,584.1500,584.2600,584.0500,584.1100
1787757172,584.1300,584.1300,584.1300,584.1300
1787757173,584.2900,584.3000,584.2900,584.3000
1787757174,584.2100,584.2100,584.2100,584.2100
1787757175,584.2900,584.2900,584.2900,584.2900
1787757176,584.2700,584.2700,584.2700,584.2700
1787757177,584.3000,584.3200,584.2800,584.2800
1787757178,584.3600,584.7650,584.1500,584.7650
1787757179,585.0000,585.2000,585.0000,585.2000
1787757180,585.3000,585.4800,585.2200,585.2200
1787757181,585.2800,585.3400,585.2200,585.2200
1787757185,585.2500,585.2600,585.1400,585.2000
1787757186,585.0400,585.1500,585.0000,585.1500
1787757187,585.2000,585.2000,585.2000,585.2000
1787757188,585.3300,585.3400,585.3300,585.3400
1787757190,585.3400,585.3800,585.3400,585.3500
1787757191,585.4900,585.5100,585.2100,585.2100
1787757192,585.4900,585.8000,585.4900,585.8000
1787757193,585.7800,585.7800,585.7000,585.7000
1787757194,585.6300,585.6300,585.4500,585.4500
1787757195,585.3800,585.3800,585.3800,585.3800
1787757202,585.3500,585.3500,585.2000,585.3400
1787757203,585.2000,585.2000,585.1450,585.1450
1787757206,585.1000,585.1700,584.9000,584.9000
1787757207,584.8800,585.0600,584.8000,585.0600
1787757210,585.2100,585.2100,585.0600,585.0600
1787757214,585.1100,585.1100,585.0200,585.0200
1787757215,585.0900,585.4100,585.0900,585.3800
1787757216,585.5000,585.5400,585.4500,585.4500
1787757217,585.3200,585.3200,585.3200,585.3200
1787757218,585.3500,585.4800,585.3400,585.4800
1787757219,585.4900,585.4900,585.4900,585.4900
1787757220,585.5100,585.5100,585.5100,585.5100
1787757224,585.4900,585.5000,585.3400,585.3800
1787757225,585.4150,585.4150,585.4150,585.4150
1787757227,585.3400,585.3400,585.3000,585.3000
1787757229,585.2000,585.2000,585.1000,585.1000
1787757230,585.1400,585.1400,585.1400,585.1400
1787757232,585.1400,585.1400,585.1400,585.1400
1787757237,585.0100,585.0100,584.8200,584.9000
1787757240,584.9800,585.0000,584.9800,585.0000
1787757241,585.0000,585.0100,585.0000,585.0000
1787757244,584.9700,584.9700,584.8700,584.8700
1787757251,584.9800,585.0800,584.9800,585.0000
1787757252,585.0000,585.0000,585.0000,585.0000
1787757253,585.0350,585.0900,585.0350,585.0900
1787757254,585.0300,585.3500,585.0000,585.3300
1787757255,585.3000,585.3000,585.3000,585.3000
1787757256,585.3800,585.4000,585.3800,585.4000
1787757258,585.4000,585.4000,585.4000,585.4000
1787757259,585.4700,585.4700,585.1950,585.1950
1787757260,585.2800,585.3100,585.2800,585.3100
1787757262,585.4600,585.8800,585.4600,585.8400
1787757263,585.8000,585.8800,585.7900,585.7900
1787757265,585.7900,585.7900,585.7900,585.7900
1787757266,585.7900,585.7900,585.7900,585.7900
1787757268,585.7900,585.7900,585.6800,585.6800
1787757269,585.6800,585.7450,585.6200,585.6400
1787757270,585.7650,585.7650,585.7650,585.7650
1787757274,585.6300,585.6300,585.6300,585.6300
1787757278,585.5000,585.5100,585.3300,585.5100
1787757280,585.4900,585.4900,585.2800,585.2800
1787757281,585.3200,585.3200,585.3200,585.3200
1787757284,585.4100,585.5400,585.4100,585.4700
1787757285,585.3550,585.3550,585.3000,585.3000
1787757288,585.3500,585.3500,585.3500,585.3500
1787757291,585.2500,585.2500,585.2500,585.2500
1787757292,585.2300,585.2300,585.2100,585.2100
1787757294,585.2850,585.2850,585.2850,585.2850
1787757295,585.2200,585.2200,585.1950,585.1950
1787757297,585.2600,585.2600,585.1500,585.1500
1787757298,585.1900,585.1900,585.1900,585.1900
1787757301,585.2200,585.2500,585.2200,585.2500
1787757302,585.3100,585.3300,585.3100,585.3300
1787757304,585.4400,585.5000,585.4400,585.5000
1787757305,585.4600,585.4600,585.4600,585.4600
1787757309,585.5200,585.5200,585.5200,585.5200
1787757310,585.5300,585.6800,585.4100,585.6800
1787757312,585.5400,585.5400,585.4000,585.4000
1787757313,585.4250,585.4250,585.4250,585.4250
1787757314,585.3600,585.3600,585.3400,585.3500
1787757316,585.3300,585.3300,585.3100,585.3100
1787757317,585.3400,585.3400,585.3400,585.3400
1787757318,585.3700,585.3800,585.3700,585.3800
1787757321,585.3300,585.3300,585.2300,585.2600
1787757323,585.3700,585.3700,585.3700,585.3700
1787757326,585.3150,585.3150,585.3150,585.3150
1787757330,585.2600,585.2600,585.2600,585.2600
1787757333,585.3200,585.3200,585.3200,585.3200
1787757335,585.3500,585.3500,585.3500,585.3500
1787757336,585.3800,585.4000,585.2000,585.4000
1787757337,585.4000,585.4300,585.4000,585.4300
1787757338,585.3600,585.3600,585.3100,585.3100
1787757339,585.2600,585.2700,585.2000,585.2700
1787757340,585.2700,585.2700,584.8000,584.9400
1787757341,584.9800,585.1200,584.9800,585.1200
1787757342,585.0400,585.0650,585.0000,585.0200
1787757352,585.2900,585.2900,585.2900,585.2900
1787757353,585.3200,585.5100,585.3200,585.5100
1787757354,585.4500,585.4500,585.4100,585.4100
1787757355,585.3650,585.3650,585.3650,585.3650
1787757356,585.3700,585.4100,585.3700,585.4100
1787757362,585.4350,585.5000,585.4300,585.5000
1787757363,585.5200,585.5200,585.5200,585.5200
1787757364,585.4800,585.4800,585.4700,585.4750
1787757366,585.5600,585.7000,585.5500,585.7000
1787757367,585.6500,585.6500,585.6400,585.6400
1787757368,585.7000,585.7000,585.5700,585.5700
1787757370,585.5600,585.5600,585.5500,585.5500
1787757373,585.5800,585.6100,585.5800,585.6100
1787757374,585.7000,585.7500,585.6450,585.7300
1787757378,585.6800,585.6800,585.4600,585.5000
1787757379,585.5000,585.5000,585.4700,585.4700
1787757382,585.4600,585.4600,585.4600,585.4600
1787757383,585.5100,585.5200,585.4600,585.4600
1787757385,585.4400,585.5400,585.4300,585.4800
1787757386,585.4800,585.4800,585.4800,585.4800
1787757387,585.4800,585.4800,585.4800,585.4800
1787757391,585.4100,585.4100,585.4100,585.4100
1787757392,585.4250,585.4500,585.4000,585.4500
1787757393,585.4700,585.4700,585.4400,585.4400
1787757395,585.4500,585.4500,585.4000,585.4000
1787757397,585.3700,585.3700,585.2000,585.2000
1787757398,585.2900,585.2900,585.2900,585.2900
1787757401,585.2300,585.2300,585.2300,585.2300
1787757402,585.3300,585.3400,585.3300,585.3400
1787757403,585.2600,585.2600,585.2050,585.2050
1787757405,585.1900,585.1900,585.1900,585.1900
1787757410,585.2200,585.2200,585.2000,585.2000
1787757411,585.2000,585.2000,585.2000,585.2000
1787757412,585.2300,585.2300,585.2200,585.2200
1787757414,585.2050,585.2050,585.2050,585.2050
1787757415,585.1800,585.1800,585.1200,585.1200
1787757416,585.2500,585.2500,585.2500,585.2500
1787757420,585.1300,585.1300,585.1100,585.1100
1787757422,585.1300,585.1300,585.0900,585.1000
1787757426,585.1300,585.1300,585.1300,585.1300
1787757427,585.1300,585.1300,584.8700,584.8800
1787757430,584.7100,584.7600,584.7100,584.7300
1787757431,584.7400,584.8000,584.7200,584.8000
1787757432,584.7000,584.7000,584.1900,584.1900
1787757433,584.1400,584.1400,584.1400,584.1400
1787757434,584.2500,584.2500,584.2500,584.2500
1787757437,584.3300,584.3300,584.3300,584.3300
1787757438,584.3300,584.3300,584.3300,584.3300
1787757444,584.1500,584.1600,584.1400,584.1600
1787757445,584.2100,584.2100,584.1600,584.1600
1787757446,584.1100,584.1100,583.4500,583.6100
1787757447,583.5900,583.5900,583.5900,583.5900
1787757450,583.7700,583.7700,583.7700,583.7700
1787757451,583.8200,583.8200,583.8200,583.8200
1787757452,583.7700,583.7900,583.7300,583.7300
1787757454,583.7200,583.7300,583.6000,583.6000
1787757455,583.5800,583.5800,583.5400,583.5400
1787757456,583.5300,583.5300,583.3900,583.3900
1787757457,583.3900,583.4100,583.3900,583.4100
1787757458,583.4600,583.4700,583.4600,583.4700
1787757460,583.5600,583.5600,583.4900,583.4900
1787757461,583.4800,583.5100,583.4800,583.5100
1787757462,583.4500,583.4500,583.4400,583.4400
1787757464,583.6200,583.6400,583.6200,583.6400
1787757465,583.6900,583.8500,583.6900,583.8500
1787757466,583.8700,583.9300,583.8700,583.9300
1787757470,583.8450,583.8450,583.8450,583.8450
1787757472,583.8500,584.0000,583.8500,584.0000
1787757474,583.9200,583.9200,583.9200,583.9200
1787757475,583.9900,584.0000,583.9150,584.0000
1787757476,584.0000,584.0400,584.0000,584.0400
1787757478,584.0000,584.0000,584.0000,584.0000
1787757480,583.9700,584.0100,583.9700,584.0100
1787757481,583.9600,583.9600,583.8600,583.9400
1787757482,583.9300,583.9300,583.9300,583.9300
1787757483,583.8600,583.8600,583.6000,583.6000
1787757485,583.5200,583.5200,583.4700,583.4700
1787757488,583.4300,583.4300,583.3300,583.3500
1787757490,583.3700,583.5500,583.3700,583.4600
1787757491,583.4650,583.4650,583.4650,583.4650
1787757492,583.3600,583.4400,583.3200,583.4000
1787757493,583.3800,583.4700,583.3800,583.4100
1787757495,583.5200,583.5200,583.4000,583.4000
1787757496,583.4000,583.4000,583.4000,583.4000
1787757499,583.3300,583.3300,583.3100,583.3100
1787757500,583.3300,583.3600,583.3300,583.3600
1787757502,583.3500,583.4000,583.3200,583.4000
1787757504,583.3900,583.3900,583.3900,583.3900
1787757505,583.3100,583.3400,583.3100,583.3400
1787757506,583.3300,583.4700,583.1100,583.2350
1787757508,583.2500,583.3000,583.1200,583.1200
1787757509,583.1450,583.1450,583.1450,583.1450
1787757511,583.1450,583.1450,583.0700,583.0700
1787757513,583.1000,583.1100,582.8900,582.9000
1787757514,582.8600,582.8600,582.8600,582.8600
1787757515,582.8200,582.8200,582.8200,582.8200
1787757516,582.8200,582.9700,582.8200,582.9700
1787757517,582.8600,582.8900,582.8600,582.8900
1787757518,582.8900,582.9600,582.8900,582.9600
1787757519,582.8200,582.8200,582.8200,582.8200
1787757520,582.8100,582.8100,582.8100,582.8100
1787757521,582.9100,582.9100,582.9000,582.9000
1787757522,582.8600,582.8600,582.8200,582.8200
1787757523,582.8850,583.0100,582.8850,583.0000
1787757525,582.8100,582.9800,582.8100,582.9000
1787757527,582.9000,583.0100,582.9000,582.9700
1787757529,583.0400,583.2400,583.0400,583.2400
1787757533,583.1700,583.1700,583.1700,583.1700
1787757534,583.1900,583.1900,583.1900,583.1900
1787757535,583.2500,583.2500,583.1900,583.1900
1787757536,583.1300,583.1300,583.1300,583.1300
1787757539,583.2500,583.6600,583.2500,583.6600
1787757545,583.5950,583.6000,583.5950,583.6000
1787757547,583.5800,583.5800,583.5800,583.5800
1787757549,583.6900,583.7000,583.6900,583.7000
1787757550,583.4700,583.4700,583.4700,583.4700
1787757551,583.4700,583.4700,583.4700,583.4700
1787757552,583.5400,583.5400,583.4500,583.4500
1787757553,583.4500,583.4500,583.4500,583.4500
1787757554,583.4500,583.5800,583.4500,583.4500
1787757555,583.4400,583.4400,583.4300,583.4300
1787757556,583.4600,583.4700,583.4500,583.4500
1787757559,583.3700,583.3700,583.3600,583.3600
1787757560,583.2900,583.2900,583.2900,583.2900
1787757561,583.3100,583.3100,583.3100,583.3100
1787757564,583.4200,583.4200,583.4200,583.4200
1787757565,583.4500,583.5300,583.4500,583.5300
1787757566,583.5200,583.5200,583.5200,583.5200
1787757567,583.4400,583.4400,583.4400,583.4400
1787757569,583.4000,583.4600,583.0900,583.1000
1787757572,583.2250,583.2250,583.2250,583.2250
1787757575,583.2850,583.2850,583.2850,583.2850
1787757577,583.3500,583.4000,583.3500,583.4000
1787757579,583.4000,583.4000,583.4000,583.4000
1787757580,583.3500,583.4400,583.3500,583.4400
1787757581,583.2000,583.2000,583.2000,583.2000
1787757582,583.2050,583.2050,583.1200,583.1400
1787757584,583.1900,583.1900,583.1900,583.1900
1787757585,583.1300,583.2100,583.1200,583.2100
1787757586,583.0900,583.0900,583.0900,583.0900
1787757587,583.0800,583.1800,583.0700,583.1800
1787757588,583.1400,583.1400,583.1400,583.1400
1787757590,583.2400,583.2400,583.0800,583.0800
1787757591,583.1900,583.1900,583.1900,583.1900
1787757593,583.0400,583.0400,583.0000,583.0000
1787757594,583.0000,583.0650,583.0000,583.0650
1787757595,583.0300,583.1200,582.9900,583.0300
1787757596,582.9600,582.9600,582.9500,582.9500
1787757598,582.9500,583.0200,582.9400,583.0200
1787757599,582.8800,582.8800,582.8800,582.8800
1787757600,582.9000,582.9000,582.9000,582.9000
1787757601,582.8500,582.9100,582.8400,582.9100
1787757603,583.0000,583.0800,583.0000,583.0350
1787757604,583.0000,583.0000,583.0000,583.0000
1787757605,583.0000,583.0000,582.9200,582.9200
1787757607,582.8200,582.9250,582.8200,582.9250
1787757609,582.9000,582.9000,582.9000,582.9000
1787757610,582.8600,582.8600,582.8600,582.8600
1787757611,582.9100,583.0000,582.9100,582.9300
1787757612,582.9700,582.9700,582.9700,582.9700
1787757614,582.9700,582.9700,582.9000,582.9000
1787757615,582.9350,582.9350,582.9300,582.9300
1787757616,582.9800,583.0000,582.9800,583.0000
1787757617,582.9500,583.1500,582.9400,583.0550
1787757618,583.1800,583.4100,583.1800,583.2900
1787757622,583.3500,583.4300,583.3300,583.4000
1787757623,583.3200,583.3200,583.1700,583.1700
1787757624,583.1200,583.1200,583.0700,583.0700
1787757628,583.1100,583.1100,583.1100,583.1100
1787757630,583.1500,583.1500,583.1500,583.1500
1787757631,583.1100,583.1100,583.1100,583.1100
1787757632,583.1100,583.1100,583.1100,583.1100
1787757633,583.0700,583.0700,583.0000,583.0000
1787757634,583.1300,583.5500,583.0500,583.5500
1787757635,583.4400,583.4400,583.4400,583.4400
1787757636,583.4400,583.4400,583.4400,583.4400
1787757639,583.5000,583.6000,583.5000,583.5500
1787757640,583.5850,583.5850,583.4000,583.5150
1787757641,583.4950,583.4950,583.4950,583.4950
1787757643,583.4100,583.4100,583.3800,583.3800
1787757645,583.3800,583.3800,583.3100,583.3100
1787757646,583.3700,583.3700,583.2700,583.2700
1787757647,583.3700,583.3700,583.3700,583.3700
1787757648,583.2700,583.2700,583.2600,583.2600
1787757650,583.1900,583.1900,583.1650,583.1650
1787757651,583.1800,583.1800,583.1800,583.1800
1787757655,583.2500,583.2600,583.2300,583.2600
1787757657,583.1900,583.1900,583.1900,583.1900
1787757658,583.2700,583.2700,583.2700,583.2700
1787757659,583.2200,583.2200,583.2200,583.2200
1787757661,583.3200,583.3300,583.3200,583.3300
1787757662,583.3600,583.4100,583.3500,583.4100
1787757664,583.3900,583.4200,583.2400,583.2400
1787757665,583.2100,583.2100,583.0000,583.1000
1787757666,583.1100,583.1100,583.0800,583.0800
1787757667,583.1000,583.1000,583.1000,583.1000
1787757668,583.0400,583.0400,583.0400,583.0400
1787757669,583.1000,583.1050,583.1000,583.1050
1787757671,583.2000,583.2200,583.2000,583.2200
1787757672,583.2400,583.2400,583.2400,583.2400
1787757673,583.2500,583.2500,583.2100,583.2100
1787757678,583.3200,583.3200,583.1750,583.1750
1787757680,583.1200,583.2300,583.1200,583.1900
1787757681,583.2500,583.3300,583.2150,583.3300
1787757682,583.1500,583.1500,582.7300,582.7300
1787757683,582.8850,582.8850,582.8850,582.8850
1787757684,582.8900,582.9500,582.8900,582.9500
1787757687,583.0200,583.2700,582.9100,583.2700
1787757690,583.3050,583.5200,583.3050,583.5200
1787757691,583.6200,583.6800,583.6200,583.6800
1787757692,583.6800,583.6800,583.6800,583.6800
1787757693,583.7400,583.7600,583.5600,583.5900
1787757694,583.6700,583.6700,583.5800,583.6350
1787757695,583.6200,583.6200,583.4700,583.4700
1787757698,583.6000,583.6100,583.5550,583.6100
1787757699,583.6000,583.6000,583.5600,583.5600
1787757700,583.5800,583.6100,583.5800,583.6100
1787757702,583.5050,583.5050,583.5050,583.5050
1787757703,583.5700,583.5800,583.5600,583.5600
1787757704,583.4900,583.5600,583.4900,583.5600
1787757705,583.4700,583.4700,583.4300,583.4400
1787757706,583.5200,583.6100,583.5100,583.6100
1787757709,583.5900,583.5900,583.5600,583.5600
1787757710,583.6500,583.6900,583.6250,583.6900
1787757711,583.5900,583.5900,583.5900,583.5900
1787757713,583.6300,583.6500,583.6300,583.6500
1787757715,583.7000,583.7300,583.6450,583.7300
1787757716,583.6450,583.6450,583.6450,583.6450
1787757717,583.6000,583.6000,583.6000,583.6000
1787757719,583.6800,583.6800,583.6800,583.6800
1787757720,583.7000,583.7000,583.7000,583.7000
1787757721,583.6800,583.6800,583.6800,583.6800
1787757725,583.7300,584.1400,583.7300,584.1400
1787757726,584.1600,584.1600,584.0900,584.0900
1787757727,584.0800,584.0800,583.6950,583.7100
1787757729,583.6700,583.6700,583.5200,583.5500
1787757732,583.5500,583.5500,583.5500,583.5500
1787757733,583.5000,583.5000,583.4600,583.4600
1787757736,583.4600,583.5800,583.4600,583.5100
1787757740,583.5200,583.5200,583.4800,583.4800
1787757741,583.4700,583.5200,583.4700,583.5200
1787757742,583.5300,583.5500,583.4700,583.4700
1787757744,583.5300,583.5300,583.4600,583.4600
1787757745,583.5000,583.5000,583.5000,583.5000
1787757747,583.4600,583.4600,583.4600,583.4600
1787757748,583.4600,583.4600,583.4600,583.4600
1787757750,583.5000,583.5000,583.4800,583.5000
1787757754,583.5600,583.6500,583.5600,583.6500
1787757757,583.6950,583.6950,583.6000,583.6000
1787757759,583.5100,583.5100,583.4400,583.4400
1787757760,583.4300,583.4300,583.3000,583.3000
1787757761,583.2600,583.2600,583.2200,583.2200
1787757766,583.2100,583.4200,583.1350,583.4200
1787757768,583.5000,583.5000,583.4400,583.5000
1787757770,583.2500,583.2500,583.2500,583.2500
1787757777,583.1700,583.2300,583.1700,583.2300
1787757778,583.1900,583.1900,583.1200,583.1300
1787757779,583.0600,583.0600,582.7300,582.7300
1787757780,582.7100,582.7200,582.7100,582.7200
1787757783,582.6600,582.6600,582.6500,582.6500
1787757784,582.7050,582.7050,582.7050,582.7050
1787757785,582.7150,582.7150,582.5300,582.5400
1787757786,582.5000,582.5000,582.4000,582.5000
1787757787,582.5300,582.6200,582.5300,582.6200
1787757788,582.5400,582.5400,582.5400,582.5400
1787757790,582.5200,582.5200,582.5100,582.5100
1787757792,582.5100,582.5200,582.5100,582.5200
1787757793,582.4800,582.4800,582.4800,582.4800
1787757794,582.5100,582.5100,582.5100,582.5100
1787757795,582.4900,582.4900,582.4900,582.4900
1787757796,582.5000,582.5000,582.4700,582.4700
1787757797,582.6300,582.7600,582.5400,582.7600
1787757798,582.7450,582.7450,582.7450,582.7450
1787757799,582.5600,582.5600,582.4000,582.4000
1787757800,582.5100,582.5100,582.5100,582.5100
1787757802,582.5900,582.5900,582.3800,582.3800
1787757803,582.4900,582.4900,582.3800,582.4000
1787757804,582.4600,582.5400,582.4200,582.4200
1787757808,582.3400,582.3400,582.3000,582.3000
1787757809,582.3000,582.3000,582.1700,582.1700
1787757810,582.1200,582.1700,582.1200,582.1700
1787757812,582.1100,582.1100,582.1100,582.1100
1787757813,582.1100,582.1100,582.1100,582.1100
1787757814,582.0700,582.0700,582.0700,582.0700
1787757817,582.0650,582.1200,582.0500,582.0700
1787757818,582.0650,582.0700,582.0500,582.0500
1787757820,582.0300,582.2000,582.0100,582.2000
1787757823,582.1500,582.1500,582.1500,582.1500
1787757826,582.1400,582.1400,582.1400,582.1400
1787757827,582.1100,582.1100,582.0000,582.0000
1787757831,582.0200,582.0200,582.0200,582.0200
1787757833,582.0900,582.1500,582.0800,582.0800
1787757834,582.1300,582.1300,582.1300,582.1300
1787757835,582.1500,582.1500,582.1500,582.1500
1787757836,582.1000,582.1000,582.1000,582.1000
1787757837,582.1200,582.1200,582.1200,582.1200
1787757839,582.1000,582.1000,582.1000,582.1000
1787757841,582.1450,582.1700,582.1450,582.1700
1787757843,582.0600,582.0600,582.0400,582.0400
1787757844,582.0200,582.1500,582.0200,582.1500
1787757845,582.0400,582.0400,582.0400,582.0400
1787757847,582.0900,582.0900,582.0900,582.0900
1787757849,582.0600,582.0600,582.0600,582.0600
1787757850,582.0200,582.0200,582.0200,582.0200
1787757851,582.1300,582.1300,582.0700,582.0700
1787757852,582.0600,582.0600,581.6600,581.7300
1787757853,581.8700,581.8700,581.8700,581.8700
1787757854,582.0000,582.1000,582.0000,582.1000
1787757855,581.9600,581.9600,581.9600,581.9600
1787757857,581.8600,581.8600,581.7950,581.7950
1787757858,581.7900,581.7900,581.7900,581.7900
1787757859,581.7100,581.7100,581.7100,581.7100
1787757861,581.6700,581.6700,581.5900,581.5900
1787757862,581.6900,581.6900,581.6900,581.6900
1787757864,581.5900,581.6000,581.5900,581.6000
1787757866,581.6400,581.8000,581.6400,581.8000
1787757869,581.8100,581.9250,581.8100,581.9250
1787757873,581.9500,581.9500,581.9200,581.9200
1787757874,581.9200,581.9200,581.9200,581.9200
1787757876,581.9900,582.0000,581.8800,581.9000
1787757877,581.9400,582.0100,581.9400,582.0100
1787757879,582.0500,582.1000,582.0500,582.0700
1787757880,582.0700,582.0700,582.0700,582.0700
1787757881,582.0700,582.0700,582.0700,582.0700
1787757882,582.1300,582.2400,582.1300,582.2400
1787757883,582.2000,582.2000,582.2000,582.2000
1787757887,582.3000,582.3000,582.2400,582.2600
1787757890,582.0500,582.0500,582.0500,582.0500
1787757891,582.0400,582.0400,581.9800,581.9800
1787757892,582.0000,582.0000,582.0000,582.0000
1787757895,581.9500,581.9500,581.9500,581.9500
1787757896,581.8600,581.8700,581.7900,581.8700
1787757899,581.7900,581.7900,581.7900,581.7900
1787757900,581.8000,581.8000,581.5200,581.5200
1787757905,581.6500,581.6500,581.5300,581.5300
1787757906,581.5200,581.5200,581.5000,581.5000
1787757907,581.5000,581.5500,581.5000,581.5500
1787757908,581.5700,581.5700,581.5700,581.5700
1787757909,581.5700,583.0000,581.5700,582.7500
1787757910,582.4900,582.6900,582.4900,582.5000
1787757911,582.5100,582.5600,582.4100,582.4100
1787757912,582.5200,582.5200,582.5200,582.5200
1787757914,582.3450,582.3450,582.3450,582.3450
1787757915,582.4450,582.4450,582.4450,582.4450
1787757916,582.5500,582.5500,582.5500,582.5500
1787757917,582.4400,582.4400,582.1800,582.1800
1787757918,582.3100,582.3100,582.3100,582.3100
1787757920,582.4300,582.4300,582.3600,582.3600
1787757921,582.4300,582.4300,582.4300,582.4300
1787757923,582.4700,582.5200,582.3400,582.3400
1787757926,582.3750,582.3750,582.3750,582.3750
1787757927,582.3200,582.3250,582.2800,582.3250
1787757928,582.5100,582.5200,582.5100,582.5200
1787757930,582.3600,582.3600,582.3500,582.3500
1787757931,582.4400,582.4900,582.4350,582.4350
1787757933,582.4350,582.4350,582.4350,582.4350
1787757934,582.4400,582.4400,582.4400,582.4400
1787757937,582.4400,582.5200,582.4000,582.4000
1787757939,582.4000,582.4000,582.4000,582.4000
1787757940,582.4100,582.4400,582.3900,582.4400
1787757941,582.4350,582.4350,582.1700,582.2850
1787757945,582.2300,582.2300,582.2300,582.2300
1787757946,582.2300,582.2300,582.2300,582.2300
1787757949,582.1800,582.1800,582.1600,582.1600
1787757950,582.1800,582.1800,582.1400,582.1400
1787757952,582.1700,582.2250,582.1700,582.2250
1787757953,582.2700,582.2700,582.2700,582.2700
1787757954,582.2400,582.2400,582.2400,582.2400
1787757955,582.2000,582.2000,582.1600,582.1600
1787757956,582.1100,582.2200,582.0900,582.2200
1787757957,582.3000,582.3200,582.1900,582.1900
1787757958,582.2600,582.2600,582.0300,582.0600
1787757959,582.0900,582.0900,582.0900,582.0900
1787757960,582.1000,582.1000,582.1000,582.1000
1787757961,582.0600,582.0600,582.0500,582.0500
1787757962,582.1800,582.6100,582.1800,582.5300
1787757963,582.4900,582.4900,582.4900,582.4900
1787757965,582.3500,582.3500,582.3500,582.3500
1787757968,582.3000,582.3000,582.3000,582.3000
1787757971,582.2600,582.2600,582.0600,582.0600
1787757973,582.0500,582.0500,581.9400,581.9400
1787757975,582.0400,582.0400,582.0400,582.0400
1787757976,581.9400,582.0600,581.9000,582.0600
1787757978,582.0200,582.0200,581.9800,581.9800
1787757979,581.9800,581.9800,581.9800,581.9800
1787757980,582.0400,582.0400,582.0300,582.0300
1787757981,581.9900,581.9900,581.9900,581.9900
1787757983,582.0400,582.0700,581.9950,582.0200
1787757985,582.0900,582.1800,582.0900,582.1800
1787757988,582.1800,582.1800,582.1100,582.1100
1787757990,582.1700,582.1700,582.1700,582.1700
1787757991,582.1100,582.1100,582.1100,582.1100
1787757994,582.1300,582.1300,582.0150,582.0150
1787757996,582.0900,582.0900,582.0800,582.0800
1787757997,582.0650,582.0650,581.9900,581.9900
1787757998,581.9000,581.9000,581.8700,581.9000
1787757999,582.0600,582.0700,582.0200,582.0200
1787758004,582.0000,582.0000,581.8200,581.8200
1787758007,581.9500,581.9500,581.7500,581.7500
1787758008,581.7200,581.7200,581.7200,581.7200
1787758009,581.7500,581.7500,581.6600,581.6600
1787758012,581.8300,581.8300,581.8300,581.8300
1787758013,581.8300,581.8900,581.8300,581.8900
1787758015,581.8500,581.8500,581.8500,581.8500
1787758017,581.8900,582.1800,581.8900,582.1000
1787758018,582.1600,582.1600,582.1400,582.1400
1787758020,582.2600,582.2700,582.2600,582.2700
1787758021,582.2800,582.2800,582.2800,582.2800
1787758022,582.2800,582.2800,582.2600,582.2600
1787758023,582.2600,582.2700,582.2600,582.2700
1787758026,582.1800,582.1800,582.0400,582.0700
1787758027,582.0900,582.0900,582.0900,582.0900
1787758028,582.0900,582.0900,582.0300,582.0300
1787758029,582.0000,582.0000,582.0000,582.0000
1787758030,582.0000,582.0800,582.0000,582.0800
1787758031,582.0600,582.1300,582.0600,582.0800
1787758032,582.1400,582.1800,582.1400,582.1500
1787758034,582.2000,582.2000,582.2000,582.2000
1787758035,582.2000,582.2000,582.1800,582.1800
1787758037,582.1900,582.1900,582.1800,582.1800
1787758038,582.2000,582.2000,582.2000,582.2000
1787758039,582.2900,582.2900,582.1950,582.1950
1787758041,582.2100,582.2100,582.2100,582.2100
1787758042,582.2300,582.2300,582.1800,582.1800
1787758043,582.2100,582.2100,582.2100,582.2100
1787758046,582.1100,582.1100,582.0400,582.0400
1787758048,582.1800,582.3300,582.1800,582.3300
1787758049,582.2650,582.2650,582.2650,582.2650
1787758051,582.2800,582.2800,582.2800,582.2800
1787758055,582.3000,582.3700,582.3000,582.3700
1787758057,582.3700,582.3700,582.3700,582.3700
1787758058,582.4300,582.6000,582.3950,582.6000
1787758062,582.5500,582.5500,582.4700,582.4700
1787758064,582.4300,582.4700,582.4300,582.4700
1787758065,582.4900,582.5500,582.4800,582.4850
1787758070,582.6500,582.7800,582.6500,582.7800
1787758075,582.6900,582.6900,582.6500,582.6900
1787758077,582.7200,582.7250,582.7200,582.7250
1787758078,582.7650,582.7650,582.7650,582.7650
1787758079,582.8400,582.8500,582.7650,582.7650
1787758080,582.8700,582.8700,582.8700,582.8700
1787758081,582.8700,582.8700,582.6450,582.6450
1787758082,582.6400,582.6450,582.6400,582.6450
1787758083,582.6200,582.7000,582.6200,582.7000
1787758084,582.7100,582.7100,582.7100,582.7100
1787758085,582.7200,582.8800,582.7200,582.8800
1787758086,582.8700,582.9500,582.8000,582.8500
1787758090,582.8900,582.8900,582.8900,582.8900
1787758091,582.8200,582.8200,582.7400,582.7400
1787758093,582.8400,583.0100,582.8400,582.9800
1787758094,582.9500,582.9500,582.8900,582.8900
1787758095,582.9800,582.9800,582.9800,582.9800
1787758096,583.0500,583.0700,582.8100,582.8100
1787758098,582.9500,582.9500,582.9500,582.9500
1787758102,582.9300,583.0000,582.9150,582.9700
1787758103,583.0600,583.1000,583.0600,583.0800
1787758104,583.0400,583.0400,582.9900,583.0000
1787758105,583.0800,583.0800,582.8700,582.8700
1787758106,582.8300,582.8800,582.8000,582.8800
1787758108,582.8800,582.8800,582.8800,582.8800
1787758109,582.8800,582.8800,582.8800,582.8800
1787758111,582.8800,582.8800,582.8200,582.8800
1787758112,582.8200,582.8200,582.8100,582.8100
1787758115,582.8100,582.8500,582.8100,582.8500
1787758118,582.9500,582.9500,582.8300,582.9000
1787758119,582.9100,582.9300,582.8750,582.9200
1787758120,582.9600,583.0500,582.9600,583.0500
1787758121,583.0500,583.0500,583.0500,583.0500
1787758123,583.0450,583.1200,583.0450,583.0600
1787758124,583.1000,583.1400,583.1000,583.1400
1787758125,583.2000,583.5000,583.2000,583.5000
1787758127,583.5400,583.5400,583.4700,583.4700
1787758128,583.5700,583.5800,583.4700,583.4700
1787758129,583.4100,583.5350,583.3600,583.4800
1787758130,583.4400,583.4400,583.4000,583.4000
1787758131,583.3800,583.3800,582.8800,582.8800
1787758132,582.8200,582.8200,582.7600,582.7600
1787758135,582.7800,582.8800,582.7800,582.8800
1787758136,582.7800,582.7800,582.7800,582.7800
1787758139,582.8800,582.8800,582.7000,582.7200
1787758140,582.7300,582.8600,582.7300,582.7600
1787758141,582.7200,582.7500,582.7200,582.7300
1787758144,582.8600,582.8600,582.8600,582.8600
1787758145,582.8500,582.8500,582.7800,582.8200
1787758146,582.7800,582.7800,582.7800,582.7800
1787758149,582.7800,582.7900,582.7800,582.7900
1787758150,582.7000,582.7000,582.2900,582.3700
1787758151,582.3400,582.3400,582.3400,582.3400
1787758154,582.4700,582.4700,582.3500,582.3500
1787758157,582.3350,582.3350,582.3350,582.3350
1787758158,582.2400,582.2400,582.2200,582.2200
1787758159,582.2100,582.2100,582.1050,582.1050
1787758161,582.2300,582.3200,582.2300,582.3200
1787758162,582.2900,582.3300,582.1700,582.2300
1787758163,582.1900,582.3400,582.1900,582.3400
1787758165,582.2400,582.3450,582.2400,582.3450
1787758167,582.3200,582.3200,582.2200,582.3200
1787758170,582.2000,582.2150,582.1400,582.2150
1787758173,582.1400,582.1400,582.1400,582.1400
1787758179,582.0300,582.0300,582.0000,582.0300
1787758182,582.0850,582.2700,582.0850,582.1800
1787758185,582.1800,582.2000,582.1100,582.2000
1787758188,582.3700,582.3800,582.3700,582.3800
1787758190,582.2500,582.2500,582.2500,582.2500
1787758191,582.3000,582.3200,582.3000,582.3200
1787758192,582.3000,582.3200,582.3000,582.3200
1787758193,582.3000,582.4400,582.2950,582.4000
1787758194,582.4600,582.4600,582.4600,582.4600
1787758195,582.4700,582.5000,582.4700,582.5000
1787758196,582.5000,582.6400,582.5000,582.6400
1787758197,582.5000,582.5000,582.5000,582.5000
1787758198,582.5000,582.5400,582.5000,582.5400
1787758199,582.6000,582.6200,582.5900,582.6200
1787758202,582.5900,582.6500,582.5000,582.5000
1787758204,582.5350,582.6600,582.5350,582.6600
1787758207,582.5900,582.6400,582.5900,582.6400
1787758209,582.5900,582.6000,582.5000,582.6000
1787758211,582.6800,582.8800,582.6800,582.7050
1787758212,582.5700,582.5700,582.5600,582.5600
1787758213,582.6600,582.7300,582.6600,582.7300
1787758216,582.7100,582.7100,582.7100,582.7100
1787758217,582.8100,582.8300,582.5800,582.7100
1787758218,582.6400,582.6400,582.6400,582.6400
1787758219,582.6000,582.7600,582.6000,582.7600
1787758220,582.7000,582.7800,582.7000,582.7800
1787758224,582.6950,582.7200,582.6900,582.6900
1787758225,582.5700,582.5800,582.5700,582.5800
1787758227,582.6800,582.6800,582.4200,582.4200
1787758228,582.4100,582.4100,582.1100,582.1200
1787758229,582.2800,582.3000,582.2800,582.3000
1787758231,582.2500,582.3300,582.2500,582.3300
1787758234,582.3200,582.3300,582.2500,582.2500
1787758238,582.2900,582.3200,582.2100,582.2100
1787758242,582.2300,582.2300,582.2300,582.2300
1787758243,582.3200,582.3550,582.3200,582.3550
1787758244,582.3550,582.3550,582.2300,582.2300
1787758245,582.1800,582.1800,582.1700,582.1700
1787758248,582.1800,582.1800,582.1400,582.1400
1787758249,582.1400,582.1400,582.1100,582.1100
1787758250,582.1500,582.1500,582.0600,582.0600
1787758251,582.0950,582.0950,582.0950,582.0950
1787758252,582.1600,582.2400,582.1600,582.2400
1787758257,582.2900,582.2900,582.2400,582.2400
1787758261,582.3600,582.5000,582.3600,582.5000
1787758262,582.5700,582.6000,582.5700,582.6000
1787758263,582.6300,582.6300,582.6100,582.6100
1787758265,582.4800,582.4800,582.4500,582.4500
1787758266,582.5300,582.5300,582.5300,582.5300
1787758267,582.4800,582.4800,582.3900,582.3900
1787758268,582.4050,582.4050,582.4050,582.4050
1787758270,582.3900,582.3900,582.3900,582.3900
1787758272,582.3900,582.3900,582.2800,582.2800
1787758279,582.2500,582.2500,582.2200,582.2200
1787758282,582.2500,582.2900,582.2100,582.2500
1787758285,582.3000,582.3050,582.0800,582.3050
1787758287,582.1800,582.1800,582.1400,582.1400
1787758288,582.2150,582.2150,582.1600,582.1600
1787758289,582.2500,582.2500,582.2500,582.2500
1787758290,582.1900,582.1900,582.1900,582.1900
1787758291,582.3400,582.4000,582.3400,582.4000
1787758293,582.3200,582.3200,582.3200,582.3200
1787758295,582.2200,582.2200,582.2200,582.2200
1787758296,582.1900,582.1900,582.1900,582.1900
1787758297,582.2200,582.2300,582.2200,582.2300
1787758298,582.1400,582.1400,582.1400,582.1400
1787758299,582.1400,582.1400,582.0700,582.0700
1787758301,582.1700,582.1700,582.1700,582.1700
1787758304,582.0900,582.0900,582.0200,582.0400
1787758305,582.0600,582.1200,582.0600,582.0800
1787758306,582.0000,582.0000,581.9900,581.9900
1787758307,582.0100,582.0100,582.0100,582.0100
1787758309,582.0300,582.0300,581.9800,582.0200
1787758310,582.0150,582.0150,582.0150,582.0150
1787758312,582.0100,582.1100,582.0100,582.1100
1787758313,582.0850,582.1900,582.0850,582.1900
1787758314,582.0800,582.0800,582.0800,582.0800
1787758315,582.0600,582.0600,582.0400,582.0400
1787758316,582.0200,582.0200,582.0000,582.0000
1787758318,581.9800,582.0000,581.9700,581.9800
1787758324,581.9800,581.9800,581.9300,581.9700
1787758327,582.0000,582.0000,581.9700,581.9700
1787758328,581.9300,581.9950,581.9300,581.9950
1787758330,582.0700,582.0800,582.0700,582.0800
1787758331,582.1600,582.1600,582.1600,582.1600
1787758332,582.1000,582.1000,582.1000,582.1000
1787758340,582.0300,582.0300,582.0300,582.0300
1787758341,582.0000,582.0000,581.9600,581.9600
1787758346,581.9200,581.9200,581.8500,581.8500
1787758349,581.8000,581.8650,581.8000,581.8650
1787758353,581.9000,581.9000,581.9000,581.9000
1787758354,581.8800,581.9700,581.8800,581.9700
1787758355,581.9800,582.0100,581.9700,581.9700
1787758358,581.8900,581.8900,581.8600,581.8600
1787758359,581.9600,581.9700,581.9400,581.9400
1787758360,581.9200,581.9200,581.9200,581.9200
1787758362,581.9000,581.9000,581.8000,581.8000
1787758365,581.8600,581.8600,581.3300,581.5550
1787758366,581.5700,581.5700,581.5700,581.5700
1787758371,581.4000,581.4000,581.4000,581.4000
1787758373,581.4000,581.4000,581.4000,581.4000
1787758375,581.4000,581.4000,581.3500,581.3500
1787758376,581.4000,581.4000,581.4000,581.4000
1787758378,581.3300,581.3500,581.2400,581.2400
1787758380,581.3500,581.3500,581.3500,581.3500
1787758381,581.4100,581.4100,581.4100,581.4100
1787758383,581.3300,581.3300,581.3300,581.3300
1787758385,581.2700,581.2700,581.2050,581.2600
1787758387,581.2400,581.2400,581.1700,581.1700
1787758390,581.2700,581.2700,581.2700,581.2700
1787758391,581.3100,581.3100,581.3100,581.3100
1787758392,581.3050,581.3050,581.3000,581.3000
1787758393,581.3000,581.3000,581.2800,581.2800
1787758394,581.3300,581.3300,581.3300,581.3300
1787758395,581.3000,581.3000,581.2800,581.2800
1787758399,581.3000,581.5950,581.3000,581.5950
1787758401,581.6100,581.6100,581.6100,581.6100
1787758402,581.6700,581.6700,581.5300,581.5300
1787758405,581.4200,581.4200,581.4200,581.4200
1787758406,581.3900,581.3900,581.3600,581.3600
1787758408,581.4000,581.4000,581.3800,581.3800
1787758410,581.4100,581.4200,581.3700,581.3700
1787758412,581.3700,581.3700,581.3500,581.3500
1787758413,581.2700,581.2700,581.2600,581.2600
1787758415,581.2000,581.2000,581.1100,581.1400
1787758416,581.1300,581.1300,581.1100,581.1100
1787758417,581.1550,581.1550,581.1550,581.1550
1787758419,581.1100,581.2000,581.0800,581.2000
1787758420,581.1800,581.1800,581.1200,581.1200
1787758422,581.1200,581.1300,581.0400,581.0800
1787758423,581.1900,581.2000,581.1050,581.1050
1787758424,581.0400,581.0400,580.8400,580.8400
1787758425,580.8700,580.8700,580.8700,580.8700
1787758427,580.9200,580.9400,580.8400,580.9400
1787758429,580.9000,580.9000,580.9000,580.9000
1787758430,580.8100,580.8600,580.7900,580.8600
1787758434,580.8300,580.9000,580.8300,580.9000
1787758435,580.8300,580.8300,580.8200,580.8200
1787758436,580.9400,580.9800,580.9300,580.9300
1787758438,580.8700,580.8700,580.8700,580.8700
1787758439,581.0000,581.0200,581.0000,581.0200
1787758441,580.9700,580.9700,580.9700,580.9700
1787758442,581.0300,581.0300,581.0100,581.0100
1787758444,581.0400,581.1800,581.0400,581.1800
1787758445,581.2800,581.4000,581.2800,581.4000
1787758447,581.3800,581.3800,581.3750,581.3750
1787758448,581.3100,581.3100,581.3100,581.3100
1787758449,581.3400,581.4000,581.3400,581.4000
1787758453,581.4000,581.4000,581.2500,581.2500
1787758454,581.2000,581.2000,581.2000,581.2000
1787758456,581.1400,581.1400,581.1400,581.1400
1787758457,581.1900,581.1900,581.1900,581.1900
1787758459,581.1400,581.1400,581.1400,581.1400
1787758462,581.2500,581.2500,581.2500,581.2500
1787758464,581.2400,581.2600,581.0700,581.0800
1787758465,581.0700,581.0800,580.8100,580.8100
1787758466,580.7500,580.7500,580.3800,580.3900
1787758467,580.4100,580.4100,580.4100,580.4100
1787758469,580.3800,580.3800,580.3600,580.3600
1787758470,580.3000,580.3500,580.2100,580.3500
1787758473,580.3500,580.4900,580.3500,580.4900
1787758479,580.5000,580.5000,580.5000,580.5000
1787758480,580.4500,580.4500,580.4500,580.4500
1787758483,580.4300,580.4700,580.4300,580.4700
1787758485,580.4200,580.4200,580.3700,580.3700
1787758486,580.4100,580.4100,580.4100,580.4100
1787758487,580.4100,580.5000,580.4100,580.4900
1787758488,580.4600,580.4600,580.4600,580.4600
1787758489,580.5700,581.1000,580.5700,581.1000
1787758490,581.2400,581.3700,581.2300,581.3300
1787758491,581.3500,581.3900,581.2700,581.2700
1787758492,581.2800,581.2850,581.2800,581.2850
1787758494,581.0000,581.0000,581.0000,581.0000
1787758496,581.1600,581.2300,581.1600,581.2300
1787758498,581.0900,581.0900,580.8800,580.8800
1787758500,580.9800,581.0450,580.8600,580.8600
1787758503,580.9700,580.9700,580.9100,580.9100
1787758504,580.9000,580.9700,580.9000,580.9700
1787758505,580.9200,580.9200,580.9200,580.9200
1787758506,581.0400,581.0400,581.0400,581.0400
1787758508,580.8900,580.8900,580.8050,580.8050
1787758512,580.8800,580.8800,580.8800,580.8800
1787758514,580.8600,580.8600,580.8600,580.8600
1787758515,580.9400,580.9400,580.8700,580.8700
1787758516,580.9800,581.0800,580.9800,581.0400
1787758517,581.0700,581.0700,581.0400,581.0400
1787758519,580.9400,580.9400,580.8900,580.8900
1787758520,580.8700,580.8700,580.8700,580.8700
1787758522,580.8700,580.8700,580.8600,580.8600
1787758524,580.8700,580.8700,580.7200,580.7450
1787758526,580.5900,580.5900,580.5000,580.5000
1787758527,580.5400,580.5400,580.5000,580.5300
1787758530,580.4600,580.4600,580.4200,580.4200
1787758532,580.5200,580.5200,580.5200,580.5200
1787758534,580.3000,580.3800,580.0400,580.0400
1787758536,580.0600,580.0600,579.4200,579.4900
1787758537,579.4100,579.4100,579.0900,579.1700
1787758538,579.1000,579.4100,579.1000,579.4100
1787758539,579.5000,579.5000,579.5000,579.5000
1787758541,579.6500,579.6500,579.6500,579.6500
1787758543,579.6500,579.6500,579.6500,579.6500
1787758545,579.6800,579.7600,579.6800,579.7600
1787758549,579.7600,580.0800,579.7600,580.0050
1787758551,580.0700,580.4800,580.0700,580.3000
1787758554,580.1400,580.1400,580.0800,580.0800
1787758555,580.0400,580.0400,580.0400,580.0400
1787758556,580.0250,580.0250,580.0250,580.0250
1787758557,580.0500,580.0500,580.0500,580.0500
1787758560,579.9100,580.1100,579.9000,580.0800
1787758563,580.1250,580.1250,580.0500,580.0500
1787758565,579.8200,579.8200,579.7800,579.7800
1787758566,579.9900,580.0200,579.9900,580.0200
1787758567,579.9900,579.9900,579.9900,579.9900
1787758569,579.9550,580.3000,579.9550,580.3000
1787758570,580.2500,580.2500,580.0100,580.0200
1787758571,580.0900,580.0900,580.0900,580.0900
1787758572,580.1200,580.1200,580.0000,580.0000
1787758574,579.9100,579.9100,579.9100,579.9100
1787758575,580.0000,580.0700,579.9600,579.9600
1787758576,579.9400,579.9400,579.9000,579.9000
1787758578,579.9300,579.9300,579.9300,579.9300
1787758583,579.9100,580.2900,579.9100,580.1400
1787758585,580.2200,580.2200,580.2200,580.2200
1787758587,580.2200,580.2300,580.2200,580.2300
1787758588,580.3000,580.5300,580.3000,580.5300
1787758589,580.3300,580.3300,580.2900,580.2900
1787758591,580.1300,580.1300,580.1300,580.1300
1787758592,580.0400,580.0400,579.9000,579.9000
1787758593,579.9400,579.9400,579.8300,579.8300
1787758597,579.8700,579.8700,579.8700,579.8700
1787758599,579.9800,580.0500,579.9800,580.0100
1787758602,579.8700,579.8700,579.8000,579.8000
1787758603,579.8500,579.8600,579.8500,579.8600
1787758604,579.8400,579.8400,579.8400,579.8400
1787758605,579.8400,579.8500,579.8400,579.8500
1787758607,579.8900,579.8950,579.8000,579.8000
1787758609,579.8450,579.9600,579.8450,579.9600
1787758610,579.9000,579.9000,579.5500,579.5500
1787758613,579.6200,579.6200,579.6200,579.6200
1787758614,579.6000,579.6000,579.5900,579.5900
1787758615,579.6200,579.7000,579.6200,579.7000
1787758618,579.5500,579.5500,579.4200,579.4200
1787758621,579.6600,579.6600,579.6600,579.6600
1787758624,579.6400,579.6400,579.6000,579.6000
1787758625,579.5800,579.5800,579.5800,579.5800
1787758626,579.5750,579.5750,579.5750,579.5750
1787758630,579.4800,579.4800,579.4600,579.4600
1787758631,579.5250,579.5250,579.4400,579.4400
1787758632,579.4600,579.4600,579.4600,579.4600
1787758634,579.4400,579.4400,579.3750,579.3800
1787758635,579.3800,580.9900,579.3800,580.9900
1787758636,580.8600,581.0000,580.5400,580.8600
1787758637,580.9400,580.9400,580.9400,580.9400
1787758640,580.8550,580.9000,580.8000,580.8000
1787758641,580.8100,580.8100,580.7900,580.7900
1787758642,580.8000,580.8000,580.6800,580.6800
1787758643,580.6200,580.6200,580.5950,580.5950
1787758645,580.5500,580.5500,580.4000,580.4000
1787758646,580.2550,580.2550,580.2300,580.2300
1787758649,580.2000,580.3200,580.2000,580.3200
1787758650,580.3250,580.3250,580.3250,580.3250
1787758652,580.3800,580.6200,580.3600,580.6200
1787758654,580.7000,580.7000,580.7000,580.7000
1787758660,580.6200,580.8000,580.6200,580.8000
1787758663,580.8200,580.8200,580.7300,580.7300
1787758664,580.6100,580.6100,580.6100,580.6100
1787758666,580.7400,580.7400,580.6500,580.6500
1787758668,580.5500,580.5500,580.5100,580.5100
1787758669,580.6400,580.6400,580.6300,580.6300
1787758673,580.5800,580.5800,580.5800,580.5800
1787758678,580.5800,580.6700,580.5800,580.6700
1787758680,580.5700,580.5700,580.2200,580.2200
1787758681,580.2950,580.2950,580.2950,580.2950
1787758682,580.2700,580.2950,580.2700,580.2950
1787758685,580.2300,580.2550,580.2000,580.2550
1787758687,580.2000,580.2000,580.1300,580.1300
1787758691,580.2050,580.3100,580.2050,580.3100
1787758694,580.2000,580.2000,580.2000,580.2000
1787758697,580.2600,580.2600,580.2600,580.2600
1787758701,580.2900,580.2900,580.2900,580.2900
1787758702,580.3000,580.3900,580.3000,580.3800
1787758703,580.3200,580.3900,580.3200,580.3900
1787758704,580.2800,580.2800,580.2200,580.2200
1787758706,580.2900,580.2900,580.2900,580.2900
1787758707,580.2700,580.2900,580.2000,580.2900
1787758709,580.2200,580.2200,580.2200,580.2200
1787758710,580.2300,580.2300,580.2300,580.2300
1787758712,580.1900,580.2000,580.1900,580.2000
1787758714,580.1900,580.1900,580.1900,580.1900
1787758715,580.1900,580.2000,580.1900,580.2000
1787758717,580.2200,580.2200,580.0300,580.1400
1787758722,580.0500,580.0500,579.9300,580.0100
1787758726,580.0000,580.0100,579.9800,580.0100
1787758727,580.0100,580.0100,580.0100,580.0100
1787758729,580.0100,580.0100,579.9200,579.9900
1787758731,579.9900,579.9900,579.7500,579.7600
1787758732,579.7500,579.7500,579.5700,579.5700
1787758734,579.6900,579.7600,579.6900,579.7600
1787758737,579.7000,579.7000,579.7000,579.7000
1787758742,579.5300,579.5300,579.4100,579.4100
1787758746,579.3700,579.3700,578.9800,578.9800
1787758747,578.9400,578.9400,578.8700,578.8700
1787758748,578.8400,579.2600,578.8300,579.1800
1787758749,579.2600,579.2600,579.2600,579.2600
1787758750,579.4000,579.4600,579.4000,579.4600
1787758761,579.7300,579.8300,579.7300,579.8300
1787758765,579.9400,579.9700,579.9300,579.9300
1787758766,579.9250,579.9250,579.9250,579.9250
1787758768,579.9900,580.0000,579.9900,580.0000
1787758770,579.9200,579.9200,579.9200,579.9200
1787758771,579.8700,579.8700,579.8500,579.8500
1787758772,579.8500,579.8700,579.8500,579.8700
1787758773,579.8500,579.8500,579.7500,579.7500
1787758775,579.8000,579.8000,579.8000,579.8000
1787758776,579.8700,579.8700,579.8600,579.8600
1787758777,579.8100,579.8100,579.8100,579.8100
1787758778,579.8200,579.8200,579.6800,579.7800
1787758782,579.7000,579.7000,579.5900,579.5900
1787758784,579.5700,579.5800,579.5700,579.5800
1787758786,579.5500,579.5500,579.5300,579.5300
1787758789,579.5000,579.5000,579.5000,579.5000
1787758790,579.5500,579.5500,579.5500,579.5500
1787758795,579.5000,579.5000,579.5000,579.5000
1787758796,579.5200,579.5200,579.5100,579.5100
1787758798,579.5900,579.5900,579.5900,579.5900
1787758800,579.5000,579.5100,579.5000,579.5100
1787758804,579.5600,579.5700,579.5600,579.5700
1787758809,579.5000,579.5000,579.5000,579.5000
1787758811,579.4800,579.4800,579.4400,579.4400
1787758812,579.4400,579.4400,579.4400,579.4400
1787758813,579.4400,579.4400,579.4100,579.4100
1787758814,579.4400,579.4400,579.4400,579.4400
1787758816,579.5700,580.1350,579.5700,580.1350
1787758817,580.1500,580.1500,580.1250,580.1250
1787758820,580.2200,580.2200,580.2200,580.2200
1787758822,580.2900,580.5000,580.2900,580.5000
1787758823,580.4000,580.5400,580.4000,580.5400
1787758824,580.4500,580.4500,580.3800,580.4500
1787758825,580.5200,580.5900,580.5200,580.5900
1787758827,580.5300,580.5950,580.4600,580.4600
1787758830,580.5500,580.5500,580.5500,580.5500
1787758833,580.5000,580.5600,580.5000,580.5600
1787758835,580.5700,580.6800,580.5600,580.6800
1787758836,580.6700,580.6700,580.6700,580.6700
1787758842,580.8000,580.8000,580.6800,580.7700
1787758843,580.7550,580.8500,580.7550,580.8500
1787758844,580.9200,581.0000,580.9200,580.9500
1787758845,580.9800,581.0000,580.9800,580.9900
1787758846,580.8500,580.8500,580.8300,580.8500
1787758847,580.9200,581.0000,580.9100,581.0000
1787758849,580.9100,580.9100,580.9100,580.9100
1787758853,580.9000,580.9200,580.8900,580.9200
1787758854,580.9800,580.9800,580.9800,580.9800
1787758855,580.9150,580.9200,580.8500,580.8900
1787758856,580.9150,580.9150,580.9150,580.9150
1787758857,580.8500,580.8500,580.8500,580.8500
1787758859,580.8800,580.8800,580.8800,580.8800
1787758860,580.8800,580.8800,580.8650,580.8650
1787758861,580.9300,581.0200,580.9300,581.0200
1787758862,581.0800,581.1000,581.0800,581.1000
1787758863,581.0100,581.0100,580.9800,580.9800
1787758869,581.1700,581.2500,581.1700,581.2500
1787758870,581.2650,581.3100,581.2650,581.3100
1787758872,581.3200,581.3900,581.3100,581.3800
1787758873,581.3700,581.3700,581.3650,581.3650
1787758874,581.3300,581.3300,581.3300,581.3300
1787758876,581.3000,581.3000,580.9750,580.9750
1787758878,581.0800,581.2300,581.0800,581.2300
1787758879,581.0800,581.0900,580.8500,580.8500
1787758881,580.9200,580.9200,580.9200,580.9200
1787758882,580.9800,580.9800,580.6600,580.6600
1787758883,580.6900,580.6900,580.6000,580.6000
1787758884,580.7000,580.7000,580.7000,580.7000
1787758885,580.7500,580.7500,580.7500,580.7500
1787758889,580.7400,580.7400,580.7400,580.7400
1787758892,580.6200,580.6200,580.6000,580.6100
1787758893,580.6900,580.6900,580.3800,580.4400
1787758894,580.4100,580.4100,580.2700,580.2700
1787758900,580.2500,580.2500,580.2500,580.2500
1787758902,580.3000,580.3000,580.3000,580.3000
1787758907,580.2400,580.2400,580.2400,580.2400
1787758909,580.2300,580.2300,580.2300,580.2300
1787758910,580.0400,580.0400,580.0400,580.0400
1787758911,580.2000,580.2000,580.2000,580.2000
1787758912,580.1400,580.1400,580.1400,580.1400
1787758913,580.2100,580.2750,580.2100,580.2700
1787758914,580.1850,580.2500,580.1850,580.2500
1787758916,580.1900,580.1900,580.0400,580.0400
1787758919,580.0000,580.0000,579.9400,580.0000
1787758920,580.0300,580.0400,580.0300,580.0400
1787758921,579.8900,579.8900,579.8900,579.8900
1787758922,580.0000,580.0000,579.8700,579.8700
1787758924,579.9900,579.9900,579.9900,579.9900
1787758927,580.0000,580.0100,580.0000,580.0000
1787758928,580.0750,580.0750,580.0750,580.0750
1787758929,580.0100,580.1400,580.0000,580.1400
1787758930,579.9600,579.9600,579.9550,579.9550
1787758935,580.1300,580.1800,580.1200,580.1800
1787758937,580.4200,580.5000,580.4200,580.5000
1787758939,580.4500,580.4500,580.3800,580.3800
1787758941,580.4200,580.5100,580.4200,580.5100
1787758947,580.3700,580.3700,580.3400,580.3400
1787758955,580.4300,580.4300,580.4300,580.4300
1787758958,580.4300,580.4400,580.4000,580.4000
1787758960,580.4500,580.4500,580.4100,580.4100
1787758961,580.4100,580.4100,580.4100,580.4100
1787758963,580.4450,580.7500,580.4450,580.7500
1787758965,580.7300,580.7300,580.7100,580.7100
1787758970,580.8200,580.8200,580.7900,580.7900
1787758971,580.9000,580.9350,580.9000,580.9350
1787758972,580.9350,580.9350,580.9350,580.9350
1787758973,580.9500,580.9500,580.9500,580.9500
1787758974,580.9500,580.9500,580.7100,580.7400
1787758975,580.7400,580.7400,580.6700,580.7200
1787758976,580.7100,580.8000,580.7100,580.8000
1787758978,580.8500,580.8600,580.8500,580.8600
1787758983,580.8700,580.9300,580.8700,580.9200
1787758985,580.9350,580.9900,580.9350,580.9900
1787758986,580.9300,580.9300,580.9200,580.9200
1787758989,581.0000,581.0000,580.9900,581.0000
1787758992,581.0400,581.1000,580.8700,580.9500
1787758993,580.8700,580.8700,580.8700,580.8700
1787758995,580.9200,580.9550,580.8000,580.8800
1787758996,580.8000,580.8100,580.8000,580.8100
1787759002,580.9500,581.0100,580.9400,581.0100
1787759007,581.1900,581.1900,581.1900,581.1900
1787759009,581.1000,581.2250,581.1000,581.1600
1787759010,581.2250,581.2250,581.2250,581.2250
1787759012,581.2800,581.3650,581.2800,581.3650
1787759014,581.4500,581.4500,581.4500,581.4500
1787759015,581.4350,581.5000,581.4350,581.5000
1787759018,581.5200,581.5200,581.4000,581.4000
1787759020,581.4800,581.4800,581.4800,581.4800
1787759021,581.5500,581.5500,581.5500,581.5500
1787759022,581.6400,581.8100,581.6000,581.7450
1787759023,581.7450,581.7450,581.5000,581.5300
1787759024,581.5400,581.6000,581.5200,581.5200
1787759025,581.2900,581.2900,581.2900,581.2900
1787759026,581.2100,581.2100,581.1100,581.1100
1787759031,581.0000,581.0000,580.9900,580.9900
1787759032,581.0000,581.0000,581.0000,581.0000
1787759033,581.0900,581.0900,581.0900,581.0900
1787759039,581.1400,581.1400,581.1400,581.1400
1787759041,581.0900,581.0900,581.0900,581.0900
1787759043,581.1800,581.2500,581.1800,581.2100
1787759046,581.1600,581.2800,581.1600,581.2800
1787759048,581.4000,581.4000,581.4000,581.4000
1787759051,581.4350,581.4350,581.4350,581.4350
1787759053,581.5200,581.5700,581.5200,581.5700
1787759056,581.6150,581.6150,581.4900,581.4900
1787759057,581.5700,581.6100,581.5700,581.6100
1787759058,581.6300,581.7000,581.6300,581.7000
1787759059,581.7000,581.7000,581.7000,581.7000
1787759060,581.7000,581.8000,581.6800,581.8000
1787759068,581.8450,581.8450,581.7700,581.8000
1787759070,581.7800,581.8300,581.7800,581.8000
1787759071,581.7700,581.7700,581.7700,581.7700
1787759072,581.7700,581.7700,581.7700,581.7700
1787759074,581.7700,581.7700,581.7700,581.7700
1787759075,581.7700,581.7700,581.7700,581.7700
1787759077,581.8000,581.8000,581.8000,581.8000
1787759078,581.7700,581.7700,581.7000,581.7000
1787759080,581.6300,581.6300,581.6300,581.6300
1787759081,581.5100,581.5100,581.4650,581.4650
1787759082,581.3600,581.3600,579.4300,579.9400
1787759083,580.1900,580.4000,580.1900,580.4000
1787759084,580.2900,580.3450,580.2900,580.3450
1787759085,580.4400,580.4400,578.9700,579.0600
1787759086,579.2800,579.5200,579.2800,579.5200
1787759087,580.0000,580.1100,580.0000,580.1100
1787759088,580.0100,580.0100,579.3600,579.4200
1787759089,579.4900,579.6100,579.3500,579.3500
1787759091,579.6150,579.6150,579.6150,579.6150
1787759092,579.6000,579.6300,579.6000,579.6000
1787759093,579.6400,579.6400,579.6400,579.6400
1787759094,579.7900,579.9600,579.7900,579.9600
1787759095,579.8100,579.8100,579.8100,579.8100
1787759096,579.9200,579.9200,579.9200,579.9200
1787759097,579.8400,580.1200,579.8300,580.1200
1787759098,579.8800,579.8800,579.2400,579.2400
1787759099,579.2400,579.2800,579.2400,579.2800
1787759100,579.3000,579.3200,579.3000,579.3200
1787759101,579.4500,579.4500,579.2700,579.2700
1787759102,579.5100,579.7500,578.6600,578.6600
1787759103,579.0300,579.1500,579.0300,579.1500
1787759105,579.4400,579.4600,579.4400,579.4600
1787759109,579.7600,579.8800,579.7600,579.7800
1787759110,579.7750,579.7750,579.7750,579.7750
1787759112,579.7750,579.7750,579.7750,579.7750
1787759114,579.8000,579.8100,579.7700,579.7700
1787759115,579.7700,579.7700,579.7700,579.7700
1787759119,579.6700,579.7900,579.5900,579.7900
1787759120,579.7900,580.0200,579.7900,580.0200
1787759121,580.0000,580.0000,580.0000,580.0000
1787759122,580.0100,580.0550,579.8900,580.0000
1787759124,579.9400,579.9400,579.9400,579.9400
1787759126,579.9100,579.9400,579.9100,579.9400
1787759127,579.9100,579.9600,579.9100,579.9600
1787759130,579.9600,579.9600,579.9600,579.9600
1787759131,580.0000,580.0000,580.0000,580.0000
1787759132,579.9500,579.9500,579.8900,579.8900
1787759135,579.9900,580.1100,579.9900,580.1100
1787759136,580.2000,580.2800,580.2000,580.2800
1787759137,580.3800,580.3800,580.3800,580.3800
1787759138,580.2300,580.2300,580.2300,580.2300
1787759141,580.1200,580.1200,580.1200,580.1200
1787759142,580.1900,580.1900,580.1900,580.1900
1787759143,580.1900,580.2300,580.1900,580.1950
1787759146,580.2000,580.2000,580.2000,580.2000
1787759149,580.3050,580.3050,580.3050,580.3050
1787759150,580.2500,580.3700,580.2500,580.2500
1787759151,580.3000,580.3200,580.3000,580.3200
1787759153,580.3000,580.3000,580.2100,580.2650
1787759158,580.3700,580.5700,580.3700,580.5700
1787759160,580.5700,580.5700,580.5700,580.5700
1787759161,580.6500,580.6700,580.6500,580.6700
1787759163,580.5850,580.5850,580.4700,580.5350
1787759164,580.5300,580.6200,580.5300,580.6200
1787759167,580.4500,580.4500,580.4500,580.4500
1787759168,580.5350,580.5350,580.5350,580.5350
1787759169,580.4100,580.4100,580.3400,580.3400
1787759170,580.4850,580.4850,580.4850,580.4850
1787759172,580.4650,580.4650,580.3200,580.3200
1787759174,580.3900,580.3900,580.3900,580.3900
1787759175,580.4800,580.4800,580.4800,580.4800
1787759176,580.5200,580.5200,580.5200,580.5200
1787759177,580.5200,580.5200,580.5200,580.5200
1787759180,580.6000,580.6700,580.5800,580.6550
1787759181,580.6550,580.6550,580.6550,580.6550
1787759182,580.6550,580.6800,580.6550,580.6800
1787759184,580.7500,580.7500,580.7000,580.7000
1787759185,580.7000,580.7700,580.6000,580.7700
1787759186,580.6950,580.6950,580.6900,580.6900
1787759187,580.6950,580.6950,580.6950,580.6950
1787759188,580.6900,580.7800,580.6900,580.7800
1787759190,580.7450,580.8600,580.6900,580.8600
1787759191,580.8500,581.0000,580.8500,581.0000
1787759194,581.0150,581.0150,581.0150,581.0150
1787759195,580.8800,580.8800,580.8000,580.8600
1787759199,580.9500,580.9500,580.9500,580.9500
1787759200,580.8600,580.8600,580.8600,580.8600
1787759202,580.8600,580.8600,580.8600,580.8600
1787759204,580.8700,580.8700,580.8700,580.8700
1787759205,580.8650,580.8650,580.8650,580.8650
1787759207,580.8100,580.8100,580.8100,580.8100
1787759209,580.9100,580.9100,580.8800,580.8800
1787759214,580.9000,581.0000,580.8800,581.0000
1787759215,581.1000,581.1000,581.0250,581.0250
1787759216,581.0250,581.0250,581.0250,581.0250
1787759220,581.0800,581.0800,581.0100,581.0100
1787759222,581.0800,581.0800,580.7800,580.7800
1787759227,580.8900,581.0700,580.8900,581.0700
1787759231,581.2200,581.3000,581.2200,581.3000
1787759233,581.3700,581.6300,581.3700,581.6300
1787759235,581.5400,581.5400,581.4800,581.4800
1787759236,581.5400,581.5500,581.5400,581.5500
1787759239,581.5700,581.6350,581.5700,581.6350
1787759241,581.7000,581.7600,581.7000,581.7600
1787759242,581.7000,581.7000,581.7000,581.7000
1787759243,581.7400,581.7900,581.7400,581.7900
1787759248,581.7150,581.9900,581.7150,581.9900
1787759249,581.9900,582.0400,581.9900,582.0100
1787759250,581.9950,581.9950,581.9950,581.9950
1787759252,581.9100,581.9100,581.8900,581.8900
1787759253,581.9000,581.9000,581.9000,581.9000
1787759255,581.8800,581.8800,581.6300,581.6300
1787759263,581.7150,581.7300,581.6700,581.7300
1787759264,581.7200,581.7300,581.7200,581.7300
1787759268,581.7300,581.7300,581.7300,581.7300
1787759271,581.6600,581.6600,581.4700,581.4700
1787759272,581.5200,581.5200,581.5200,581.5200
1787759273,581.6500,581.7200,581.6500,581.7200
1787759274,581.7300,581.8000,581.7300,581.8000
1787759275,581.8500,581.8700,581.8500,581.8700
1787759276,581.9500,582.0000,581.9500,582.0000
1787759277,582.1000,582.3000,582.1000,582.2150
1787759278,582.2150,582.2150,582.2150,582.2150
1787759279,582.2150,582.2400,582.2150,582.2400
1787759282,582.1000,582.1000,581.9600,581.9600
1787759285,581.9800,581.9800,581.9800,581.9800
1787759289,582.0000,582.0000,582.0000,582.0000
1787759291,582.1000,582.1350,582.1000,582.1350
1787759292,582.1050,582.1050,582.1000,582.1000
1787759293,582.1000,582.1200,582.1000,582.1200
1787759295,582.1550,582.1550,581.9400,581.9400
1787759296,581.9200,581.9300,581.9100,581.9300
1787759299,581.9100,581.9100,581.9100,581.9100
1787759301,581.9500,581.9500,581.9500,581.9500
1787759303,581.9000,581.9000,581.8600,581.8600
1787759305,581.9600,581.9700,581.9600,581.9700
1787759306,581.9700,581.9700,581.9700,581.9700
1787759307,581.9000,581.9000,581.8600,581.8600
1787759310,581.7000,581.7000,581.7000,581.7000
1787759313,581.6800,581.7400,581.6800,581.7400
1787759317,581.7900,581.7900,581.7900,581.7900
1787759319,581.7450,581.7450,581.6400,581.6400
1787759320,581.6900,581.7000,581.6700,581.6700
1787759322,581.7000,581.7500,581.7000,581.7500
1787759324,581.6800,581.6800,581.6700,581.6700
1787759325,581.6000,581.6000,581.6000,581.6000
1787759327,581.5900,581.5900,581.3400,581.3700
1787759328,581.4900,581.4900,581.3400,581.3400
1787759329,581.4200,581.4400,581.4200,581.4400
1787759330,581.4500,581.4500,581.3000,581.3000
1787759331,581.1900,581.1900,581.1300,581.1800
1787759333,581.1800,581.1800,581.1800,581.1800
1787759338,581.1800,581.1800,581.1800,581.1800
1787759339,581.0600,581.0600,581.0600,581.0600
1787759340,581.0100,581.0200,580.9100,581.0200
1787759343,581.0000,581.0200,581.0000,581.0100
1787759345,581.0700,581.0700,581.0400,581.0400
1787759346,581.1000,581.1000,581.1000,581.1000
1787759348,581.0800,581.0800,580.5400,580.5400
1787759349,580.6600,580.6800,580.6600,580.6800
1787759350,580.7500,580.7500,580.5300,580.6200
1787759352,580.7150,580.7150,580.7150,580.7150
1787759353,580.5800,580.5800,580.5800,580.5800
1787759356,580.5400,580.5400,580.5400,580.5400
1787759359,580.5400,580.5400,580.5400,580.5400
1787759362,580.5500,580.5600,580.5500,580.5600
1787759364,580.5400,580.5400,580.5400,580.5400
1787759369,580.5600,580.5600,580.5600,580.5600
1787759370,580.5700,580.5700,580.4900,580.5500
1787759376,580.5000,580.5000,580.5000,580.5000
1787759377,580.4900,580.5000,579.8800,579.9100
1787759378,580.0300,580.1600,580.0300,580.1600
1787759381,580.4900,580.8400,580.4900,580.8400
1787759382,580.7000,580.7500,580.6900,580.7500
1787759383,580.6300,580.6300,580.6200,580.6200
1787759384,580.6200,580.6200,580.5000,580.5200
1787759385,580.5100,580.5100,580.5100,580.5100
1787759388,580.5200,580.5200,580.5200,580.5200
1787759389,580.6200,580.6200,580.6200,580.6200
1787759390,580.6650,580.6650,580.6650,580.6650
1787759396,580.8100,580.8100,580.8100,580.8100
1787759398,581.0000,581.0100,581.0000,581.0100
1787759399,581.0350,581.0350,581.0350,581.0350
1787759400,580.9600,580.9600,580.9600,580.9600
1787759401,580.9600,580.9600,580.9600,580.9600
1787759403,581.0000,581.0000,581.0000,581.0000
1787759407,581.1700,581.1700,581.1700,581.1700
1787759408,581.1700,581.2000,581.1250,581.2000
1787759411,581.2100,581.2100,581.2100,581.2100
1787759415,581.3000,581.3000,581.3000,581.3000
1787759416,581.2200,581.3300,581.2200,581.3300
1787759417,581.2600,581.2600,581.1700,581.1700
1787759418,581.1300,581.1300,581.0400,581.0400
1787759422,581.1200,581.1200,581.0400,581.0400
1787759423,581.1200,581.1200,581.1200,581.1200
1787759426,581.1200,581.1200,581.1200,581.1200
1787759430,581.1000,581.2100,581.1000,581.2100
1787759431,581.3000,581.5000,581.3000,581.5000
1787759432,581.5400,581.5400,581.5400,581.5400
1787759433,581.4500,581.4500,581.4500,581.4500
1787759434,581.4600,581.4600,581.4600,581.4600
1787759436,581.5400,581.5400,581.5400,581.5400
1787759437,581.5100,581.5100,581.5100,581.5100
1787759438,581.4300,581.4300,581.4300,581.4300
1787759439,581.5500,581.5500,581.5500,581.5500
1787759440,581.4200,581.4200,581.4200,581.4200
1787759441,581.4550,581.4550,581.4550,581.4550
1787759443,581.4500,581.4500,581.3600,581.3600
1787759446,581.2600,581.3250,581.2600,581.3250
1787759448,581.2500,581.2500,581.2100,581.2100
1787759449,581.0500,581.0500,580.9900,580.9900
1787759456,581.0250,581.0250,581.0250,581.0250
1787759459,581.1600,581.2050,581.1600,581.2050
1787759460,581.2050,581.2050,581.2050,581.2050
1787759461,581.3200,581.3300,581.2700,581.2700
1787759466,581.2850,581.2850,581.2850,581.2850
1787759467,581.2500,581.2500,581.2500,581.2500
1787759468,581.2450,581.2450,581.2450,581.2450
1787759473,581.2800,581.2800,581.2800,581.2800
1787759480,581.3000,581.3400,581.3000,581.3400
1787759481,581.2400,581.2400,581.2000,581.2000
1787759483,581.1900,581.1900,581.1800,581.1800
1787759486,581.3000,581.3000,581.3000,581.3000
1787759492,581.2700,581.3850,581.2700,581.2700
1787759493,581.2200,581.2200,581.2200,581.2200
1787759494,581.2200,581.2200,581.2200,581.2200
1787759497,581.1850,581.1850,581.1850,581.1850
1787759498,581.1700,581.1750,581.1100,581.1100
1787759499,581.1100,581.1250,580.7200,580.7400
1787759500,580.7550,580.7550,580.3200,580.3200
1787759501,580.4400,580.4400,580.4300,580.4300
1787759502,580.5600,580.6400,580.5600,580.6400
1787759503,580.6150,580.6150,580.5600,580.5600
1787759507,580.4800,580.5000,580.4800,580.5000
1787759508,580.5000,580.5000,580.5000,580.5000
1787759511,580.4200,580.4200,580.3200,580.3200
1787759512,580.3100,580.3100,580.1400,580.1400
1787759513,580.1800,580.1800,580.1800,580.1800
1787759518,580.0100,580.0100,579.9100,580.0000
1787759519,580.1050,580.1050,580.1050,580.1050
1787759522,580.0000,580.0000,580.0000,580.0000
1787759523,579.9350,579.9350,579.8300,579.8300
1787759524,579.8200,579.8200,579.6600,579.6600
1787759530,579.7400,579.7400,579.5500,579.5500
1787759532,579.7000,579.7000,579.6000,579.6000
1787759534,579.8000,579.9100,579.8000,579.9100
1787759535,579.9250,579.9250,579.9250,579.9250
1787759536,579.8800,579.8800,579.7100,579.7100
1787759537,579.6200,579.6200,579.6200,579.6200
1787759538,579.7400,579.7400,579.7400,579.7400
1787759540,579.5300,579.5500,579.5300,579.5500
1787759541,579.5500,579.5800,579.4100,579.4100
1787759542,579.4300,579.5100,579.3600,579.3600
1787759544,579.3300,579.3300,579.2500,579.2500
1787759545,579.2900,579.2900,579.2900,579.2900
1787759546,579.3000,579.3000,579.3000,579.3000
1787759551,579.2600,579.3100,579.2350,579.2750
1787759552,579.2200,579.2200,579.1600,579.1800
1787759553,579.1700,579.2000,579.1700,579.2000
1787759557,579.2500,579.2500,579.2500,579.2500
1787759558,579.2100,579.2100,579.2100,579.2100
1787759562,579.2700,579.3300,579.2700,579.3100
1787759563,579.1700,579.2000,579.1700,579.2000
1787759567,579.1200,579.1200,578.9050,578.9500
1787759568,578.9900,579.0600,578.8900,578.8900
1787759575,579.2000,579.3600,579.2000,579.3600
1787759576,579.2900,579.2900,579.2900,579.2900
1787759577,579.3200,579.3200,579.3200,579.3200
1787759580,579.4500,579.4500,579.4500,579.4500
1787759581,579.5100,579.7000,579.4900,579.7000
1787759582,579.8000,579.8850,579.8000,579.8850
1787759583,579.7900,579.7900,579.7500,579.7700
1787759592,579.6300,579.6300,579.6300,579.6300
1787759595,579.5850,579.7000,579.5850,579.7000
1787759598,579.5850,579.5850,579.5000,579.5000
1787759600,579.4900,579.4900,579.0400,579.0400
1787759601,578.8800,578.8800,578.8700,578.8700
1787759608,579.0000,579.0000,579.0000,579.0000
1787759609,578.8900,578.8900,578.7000,578.7000
1787759610,578.5700,578.6800,578.5200,578.5500
1787759611,578.6150,578.6600,578.6150,578.6600
1787759614,578.6100,578.6100,578.6100,578.6100
1787759615,578.6100,578.6100,578.6050,578.6050
1787759618,578.5200,578.7300,578.5000,578.7300
1787759619,578.7100,578.9000,578.7100,578.8600
1787759623,578.9800,579.0000,578.9800,579.0000
1787759624,579.2100,579.2100,578.9800,578.9800
1787759627,578.5300,578.5300,578.3050,578.3700
1787759628,578.2900,578.2900,578.0400,578.0600
1787759630,578.2800,578.3100,578.2800,578.3100
1787759631,578.2200,578.2200,578.2100,578.2100
1787759635,578.2150,578.2150,578.2150,578.2150
1787759636,578.2000,578.2200,578.2000,578.2200
1787759639,578.4000,578.4300,578.4000,578.4300
1787759640,578.4050,578.4400,578.4000,578.4000
1787759641,578.4700,578.6500,578.4700,578.6500
1787759642,578.5600,578.5600,578.5500,578.5500
1787759647,578.4700,578.4700,578.4300,578.4300
1787759648,578.5000,578.5000,578.5000,578.5000
1787759651,578.5000,578.5000,578.5000,578.5000
1787759656,578.5100,578.5100,578.5100,578.5100
1787759658,578.6500,578.6700,578.5200,578.5200
1787759663,578.6400,578.6400,578.6400,578.6400
1787759671,578.6400,578.6400,578.6400,578.6400
1787759672,578.7800,578.7900,578.7800,578.7900
1787759675,578.6450,578.6450,578.6450,578.6450
1787759676,578.6300,578.6800,578.6300,578.6800
1787759677,578.7000,578.7000,578.7000,578.7000
1787759678,578.7200,578.7200,578.7100,578.7100
1787759682,578.6300,578.6300,578.5900,578.5900
1787759683,578.5700,578.5700,578.4000,578.4000
1787759684,578.0400,578.0400,577.6300,577.7100
1787759685,577.8700,577.8700,577.8250,577.8300
1787759686,577.8400,577.8400,577.8400,577.8400
1787759690,577.9400,578.0000,577.9400,578.0000
1787759693,578.0000,578.0000,578.0000,578.0000
1787759694,578.1000,578.1000,578.1000,578.1000
1787759695,577.9700,578.0200,577.9700,578.0200
1787759698,577.9400,577.9400,577.9400,577.9400
1787759700,577.8300,577.8300,577.8300,577.8300
1787759703,577.8200,578.0000,577.8100,577.8200
1787759704,577.9400,577.9400,577.9400,577.9400
1787759706,577.9100,577.9100,577.9100,577.9100
1787759708,577.9500,577.9500,577.9500,577.9500
1787759712,577.9100,577.9100,577.9100,577.9100
1787759713,577.9150,577.9150,577.9150,577.9150
1787759714,577.8300,577.8400,577.8200,577.8400
1787759715,577.9100,578.0200,577.7600,577.7700
1787759716,577.7500,577.7500,577.5500,577.5500
1787759718,577.5200,577.6000,577.5200,577.6000
1787759719,577.6900,577.7100,577.6900,577.6900
1787759721,577.5200,577.5200,577.5000,577.5000
1787759722,577.4000,577.5000,577.4000,577.5000
1787759723,577.3900,577.3900,577.3600,577.3600
1787759724,577.3500,577.4900,577.3300,577.4900
1787759725,577.3100,577.3300,577.2500,577.3300
1787759726,577.3300,577.3300,577.0900,577.2400
1787759729,577.2900,577.4400,577.2900,577.4300
1787759730,577.4900,577.5000,577.4500,577.4900
1787759731,577.4500,577.5800,577.4000,577.5800
1787759732,577.4100,577.4500,577.4000,577.4000
1787759734,577.3100,577.4100,577.3100,577.3700
1787759735,577.3050,577.3050,577.3050,577.3050
1787759736,577.2100,577.2200,577.2000,577.2000
1787759737,577.3000,577.3050,577.3000,577.3050
1787759738,577.2000,577.2900,577.1500,577.1500
1787759739,577.1500,577.1500,577.0600,577.0600
1787759740,577.0400,577.0400,577.0400,577.0400
1787759741,577.0300,577.0650,577.0300,577.0650
1787759742,577.0000,577.2100,577.0000,577.2100
1787759743,577.2700,577.2700,577.2700,577.2700
1787759745,577.3800,577.4200,577.3800,577.4200
1787759746,577.3500,577.3500,577.3500,577.3500
1787759748,577.3100,577.3100,577.0700,577.0700
1787759751,577.1700,577.1700,577.0700,577.0700
1787759752,577.1400,577.2300,577.0400,577.2300
1787759753,577.2400,577.2400,576.8200,576.8200
1787759755,576.9400,577.0100,576.8200,577.0100
1787759756,576.9400,576.9950,576.9400,576.9950
1787759758,576.9900,576.9950,576.9900,576.9950
1787759759,577.0000,577.0000,577.0000,577.0000
1787759760,577.1700,577.2100,577.1700,577.2100
1787759761,577.1800,577.1800,577.1800,577.1800
1787759762,577.1700,577.1700,577.1700,577.1700
1787759763,577.1800,577.1800,577.1800,577.1800
1787759767,577.2800,577.2800,577.1950,577.2500
1787759768,577.1700,577.3500,577.1700,577.3500
1787759769,577.2800,577.2800,577.1300,577.1300
1787759771,577.0600,577.0600,577.0000,577.0000
1787759772,577.0000,577.0000,576.9100,576.9200
1787759777,576.8200,576.8900,576.4500,576.5200
1787759779,576.5200,576.5200,576.4950,576.4950
1787759780,576.4900,576.4900,576.4300,576.4750
1787759781,576.4350,576.4350,576.3200,576.3900
1787759782,576.3600,576.3600,576.3600,576.3600
1787759784,576.4900,576.5100,576.4600,576.4800
1787759785,576.4800,576.4800,576.4800,576.4800
1787759786,576.4800,576.4800,576.4000,576.4600
1787759787,576.5100,576.5100,576.3600,576.3600
1787759788,576.3600,576.3600,576.3600,576.3600
1787759789,576.3200,576.3200,576.3200,576.3200
1787759790,576.3600,576.3600,576.3400,576.3600
1787759792,576.3500,576.4050,576.3500,576.4050
1787759796,576.4900,576.6200,576.4400,576.4600
1787759799,576.5500,576.5500,576.5250,576.5250
1787759802,576.4700,576.5400,576.4600,576.5200
1787759803,576.6400,576.6500,576.5300,576.5800
1787759804,576.5700,576.6300,576.5700,576.6300
1787759805,576.6500,576.6500,576.6300,576.6300
1787759806,576.5700,576.5700,576.5600,576.5600
1787759807,576.5900,576.6000,576.5900,576.6000
1787759810,576.6500,576.7600,576.6500,576.7600
1787759812,576.7700,576.9300,576.7700,576.9300
1787759814,576.8600,576.8600,576.5200,576.5200
1787759815,576.5000,576.5000,576.5000,576.5000
1787759817,576.7300,576.7400,576.7300,576.7400
1787759818,576.7400,576.7400,576.6000,576.6000
1787759820,576.6000,576.6600,576.6000,576.6600
1787759821,576.6600,576.6600,576.6600,576.6600
1787759822,576.6800,576.7800,576.6800,576.7800
1787759823,576.8450,576.8450,576.8450,576.8450
1787759827,576.9300,576.9800,576.9300,576.9800
1787759829,576.9900,577.0700,576.9900,577.0700
1787759830,577.0950,577.0950,577.0950,577.0950
1787759831,577.0950,577.0950,577.0950,577.0950
1787759832,577.0700,577.0700,577.0700,577.0700
1787759833,576.9800,576.9800,576.9800,576.9800
1787759836,576.9800,576.9800,576.9800,576.9800
1787759837,577.0000,577.0050,577.0000,577.0050
1787759838,577.0050,577.0050,577.0050,577.0050
1787759839,576.8600,576.8600,576.8100,576.8100
1787759840,576.7500,576.7500,576.7000,576.7000
1787759841,576.7800,576.7800,576.7800,576.7800
1787759843,576.8900,576.8900,576.8900,576.8900
1787759845,576.7500,576.7500,576.4900,576.5200
1787759846,576.5100,576.5100,576.5000,576.5000
1787759848,576.5100,576.5100,576.5000,576.5000
1787759850,576.4000,576.4000,576.4000,576.4000
1787759853,576.3700,576.3700,576.3400,576.3400
1787759854,576.4700,576.4700,576.3900,576.3900
1787759856,576.3900,576.3900,576.3900,576.3900
1787759857,576.3900,576.3900,576.3900,576.3900
1787759858,576.3900,576.3900,576.3900,576.3900
1787759862,576.3200,576.4000,576.3000,576.4000
1787759863,576.3300,576.3300,576.3000,576.3000
1787759864,576.3600,576.3600,576.3600,576.3600
1787759865,576.2700,576.3600,576.2700,576.3600
1787759866,576.2600,576.3000,576.2000,576.3000
1787759868,576.2200,576.3000,576.2200,576.3000
1787759869,576.3000,576.3100,576.3000,576.3100
1787759873,576.2200,576.2200,575.8000,575.8000
1787759874,575.8000,575.8000,575.3300,575.4600
1787759875,575.4800,575.4900,575.4800,575.4900
1787759877,575.4500,575.4500,575.4500,575.4500
1787759878,575.4500,575.4500,575.3200,575.3200
1787759880,575.3000,575.3900,575.2800,575.3900
1787759881,575.2400,575.2800,575.1600,575.1600
1787759882,575.2250,575.2250,575.2250,575.2250
1787759883,575.3000,575.3000,575.3000,575.3000
1787759884,575.2800,575.2800,575.2800,575.2800
1787759887,575.3000,575.3050,575.3000,575.3050
1787759891,575.4000,576.2800,575.4000,576.1500
1787759892,576.1200,576.5000,576.1050,576.1050
1787759893,576.1050,576.1100,576.1050,576.1100
1787759894,576.0800,576.0800,575.8600,575.8600
1787759895,575.8500,575.8500,575.8500,575.8500
1787759896,575.9350,575.9350,575.9350,575.9350
1787759902,575.9800,576.0900,575.9800,576.0900
1787759903,576.1000,576.1000,576.0900,576.1000
1787759905,576.0200,576.0200,576.0100,576.0100
1787759906,576.1000,576.1000,576.1000,576.1000
1787759907,576.1000,576.1100,576.1000,576.1100
1787759909,576.0400,576.0400,575.9800,575.9800
1787759910,576.0400,576.0800,576.0400,576.0800
1787759911,575.9700,575.9700,575.9700,575.9700
1787759913,576.0100,576.0100,575.9200,575.9200
1787759915,575.9100,575.9100,575.9000,575.9100
1787759916,575.9000,575.9000,575.9000,575.9000
1787759917,575.9200,575.9200,575.8900,575.8900
1787759918,575.8200,575.8200,575.8100,575.8100
1787759919,575.8000,575.8000,575.8000,575.8000
1787759920,575.7600,575.7600,575.5700,575.5800
1787759922,575.5600,575.5600,575.5000,575.5000
1787759923,575.5600,575.5600,575.5600,575.5600
1787759924,575.4700,575.4700,575.4700,575.4700
1787759929,575.4200,575.4200,575.4100,575.4200
1787759933,575.5000,575.5000,575.3700,575.4400
1787759934,575.4600,575.4900,575.3900,575.3900
1787759935,575.4800,575.5300,575.4200,575.5300
1787759937,575.5000,575.5000,575.5000,575.5000
1787759939,575.4700,575.4800,575.4600,575.4600
1787759940,575.5900,575.6600,575.5900,575.6600
1787759942,575.5000,575.5000,575.4300,575.5000
1787759944,575.5000,575.5000,575.5000,575.5000
1787759951,575.4200,575.4200,575.4000,575.4000
1787759952,575.4950,575.4950,575.4950,575.4950
1787759953,575.5900,575.5900,575.4600,575.4600
1787759957,575.5900,575.6200,575.5900,575.6200
1787759958,575.6100,575.6100,575.6100,575.6100
1787759959,575.6000,575.6000,575.5400,575.5400
1787759962,575.5500,575.5500,575.5500,575.5500
1787759963,575.6000,575.6000,575.6000,575.6000
1787759964,575.6300,576.2800,575.6300,576.2800
1787759965,576.1500,576.1500,576.1500,576.1500
1787759967,576.1100,576.2200,576.1100,576.2200
1787759969,576.1000,576.1000,576.1000,576.1000
1787759970,576.0300,576.1400,576.0250,576.1400
1787759971,576.0900,576.0900,576.0900,576.0900
1787759972,576.0900,576.1000,576.0900,576.1000
1787759973,576.1000,576.1000,576.1000,576.1000
1787759976,576.1100,576.2000,576.1100,576.2000
1787759978,576.3000,576.3000,576.3000,576.3000
1787759979,576.3100,576.3500,576.1700,576.1700
1787759985,576.2500,576.2500,576.2300,576.2400
1787759990,576.2050,576.2050,576.2050,576.2050
1787759991,576.1100,576.1100,576.1000,576.1000
1787759994,576.0100,576.1250,576.0000,576.1250
1787759996,576.0800,576.0800,576.0000,576.0000
1787759997,576.0600,576.0600,576.0000,576.0000
1787760000,576.0000,576.0000,575.2100,575.2100
1787760001,575.4100,575.4200,575.4100,575.4200
1787760003,575.4300,575.4300,575.4300,575.4300
1787760007,575.3000,575.3000,575.3000,575.3000
1787760008,575.4300,575.4500,575.4300,575.4500
1787760009,575.4700,575.6400,575.4700,575.5100
1787760010,575.5700,575.5700,575.5700,575.5700
1787760011,575.3900,575.4600,575.3300,575.3300
1787760014,575.3300,575.5100,575.3300,575.4800
1787760015,575.5000,575.5000,575.5000,575.5000
1787760016,575.6200,575.6200,575.6200,575.6200
1787760017,575.5100,575.5100,575.5100,575.5100
1787760021,575.3500,575.3500,575.3300,575.3300
1787760022,575.4650,575.5000,575.4650,575.5000
1787760024,575.3300,575.3300,575.3200,575.3200
1787760027,575.2500,575.2500,575.2000,575.2000
1787760029,575.1500,575.1500,574.9700,575.1400
1787760030,574.9800,574.9800,574.9800,574.9800
1787760031,574.9400,575.0000,574.9400,574.9600
1787760032,574.9300,574.9300,574.7000,574.8300
1787760033,574.6500,574.6500,574.6500,574.6500
1787760034,574.7500,574.7500,574.7500,574.7500
1787760035,574.7000,574.7000,574.6100,574.6300
1787760036,574.5800,574.5800,574.5800,574.5800
1787760038,574.7600,574.8100,574.6500,574.6500
1787760040,574.6500,574.6500,574.6500,574.6500
1787760041,574.6500,574.6500,574.6400,574.6400
1787760042,574.6800,574.6800,574.6400,574.6400
1787760043,574.5600,574.5600,574.4700,574.4700
1787760044,574.4700,574.6400,574.4700,574.6350
1787760045,574.6350,574.6600,574.4700,574.5900
1787760046,574.5700,574.5700,574.5700,574.5700
1787760047,574.5300,574.5300,574.4900,574.4900
1787760048,574.4800,574.4800,574.4700,574.4700
1787760049,574.5100,574.5100,574.5100,574.5100
1787760050,574.5000,574.5000,574.5000,574.5000
1787760054,574.4700,574.5000,574.4700,574.4800
1787760055,574.4700,574.6600,574.4700,574.6600
1787760056,574.6600,574.7250,574.5600,574.5600
1787760059,574.4300,574.4300,574.4300,574.4300
1787760060,574.5000,574.5000,574.4000,574.4000
1787760062,574.6000,574.6000,574.6000,574.6000
1787760064,574.5600,574.5600,574.5600,574.5600
1787760068,574.5000,574.5000,574.4800,574.4800
1787760071,574.4400,574.5000,574.4400,574.4800
1787760072,574.4000,574.4000,574.4000,574.4000
1787760073,574.3900,574.3900,574.3100,574.3100
1787760074,574.3100,574.3600,574.3100,574.3600
1787760075,574.3300,574.4100,574.3300,574.4100
1787760079,574.4000,574.4000,574.4000,574.4000
1787760081,574.4000,574.4000,574.3600,574.3600
1787760082,574.3100,574.3100,574.3050,574.3050
1787760083,574.2500,574.3400,574.2200,574.3100
1787760084,574.4100,574.5300,574.4100,574.5300
1787760086,574.5200,574.5250,574.5200,574.5250
1787760087,574.5000,574.5500,574.5000,574.5500
1787760088,574.5300,574.5300,574.5300,574.5300
1787760090,574.6100,574.6100,574.6100,574.6100
1787760091,574.6300,574.6500,574.6300,574.6500
1787760092,574.5700,574.7000,574.5700,574.6400
1787760095,574.7400,574.7800,574.7400,574.7800
1787760097,574.7500,574.7500,574.7500,574.7500
1787760101,574.7950,574.7950,574.7950,574.7950
1787760106,574.9300,575.0000,574.9300,574.9700
1787760107,575.0950,575.0950,575.0950,575.0950
1787760108,575.2000,575.2000,575.2000,575.2000
1787760109,575.2850,575.2850,575.2850,575.2850
1787760112,575.3300,575.3800,575.3300,575.3700
1787760113,575.3000,575.3000,575.3000,575.3000
1787760115,575.4500,575.4500,575.4500,575.4500
1787760116,575.4500,575.4500,575.4500,575.4500
1787760117,575.3900,575.3900,575.3900,575.3900
1787760119,575.5200,575.5500,575.5200,575.5500
1787760120,575.5900,575.6700,575.5900,575.6400
1787760121,575.5800,575.5800,575.5300,575.5500
1787760122,575.5500,575.6300,575.5500,575.6300
1787760123,575.7000,575.7900,575.7000,575.7900
1787760124,575.7700,575.7700,575.7700,575.7700
1787760126,575.7700,575.7700,575.7700,575.7700
1787760128,575.7900,575.7900,575.7900,575.7900
1787760129,575.8900,575.9300,575.7900,575.7900
1787760130,575.8000,575.8000,575.8000,575.8000
1787760133,575.8100,575.8100,575.8100,575.8100
1787760136,575.9200,575.9200,575.9200,575.9200
1787760139,575.7700,575.7800,575.7700,575.7800
1787760140,575.9200,575.9550,575.9200,575.9550
1787760141,575.9300,575.9300,575.8800,575.8800
1787760144,575.9900,576.1200,575.9800,576.0200
1787760150,576.1200,576.1900,576.1200,576.1900
1787760151,576.1500,576.1500,575.9700,576.0400
1787760153,575.9300,575.9300,575.9300,575.9300
1787760154,575.8600,575.8600,575.8600,575.8600
1787760159,575.8900,575.8900,575.8900,575.8900
1787760163,575.7700,575.7700,575.7000,575.7000
1787760164,575.6600,575.6600,575.6600,575.6600
1787760165,575.6550,575.6550,575.6550,575.6550
1787760166,575.6000,575.6000,575.6000,575.6000
1787760167,575.6050,575.6050,575.6050,575.6050
1787760168,575.5500,575.5500,575.5500,575.5500
1787760170,575.6000,575.6200,575.6000,575.6200
1787760173,575.5400,575.5400,575.3100,575.3100
1787760174,575.3100,575.3100,575.3100,575.3100
1787760178,575.4500,575.4500,575.4500,575.4500
1787760182,575.3700,575.3800,575.3000,575.3000
1787760184,575.3200,575.3400,575.3200,575.3400
1787760185,575.3900,575.3900,575.3500,575.3500
1787760186,575.3400,575.3400,575.3400,575.3400
1787760187,575.3400,575.3400,575.3300,575.3300
1787760190,575.4400,575.5050,575.4400,575.5050
1787760192,575.5000,575.5000,575.3300,575.3300
1787760193,575.3300,575.3900,575.3300,575.3900
1787760196,575.4500,575.4500,575.4500,575.4500
1787760200,575.4000,575.4600,575.3900,575.4200
1787760205,575.4950,575.4950,575.4000,575.4000
1787760206,575.4500,575.5500,575.4500,575.4800
1787760207,575.4600,575.4600,575.4400,575.4400
1787760208,575.5100,575.5100,575.5100,575.5100
1787760210,575.4300,575.6200,575.4300,575.6200
1787760211,575.6200,575.6300,575.5800,575.6300
1787760212,575.6300,575.7100,575.6300,575.7100
1787760215,575.7600,575.8000,575.7600,575.8000
1787760216,575.9800,576.1700,575.9800,576.1700
1787760217,576.1800,576.2200,576.1800,576.2200
1787760219,576.3000,576.3000,576.3000,576.3000
1787760220,576.2100,576.2300,576.2100,576.2300
1787760223,576.2800,576.4100,576.2800,576.4050
1787760224,576.3400,576.3400,576.3300,576.3300
1787760225,576.3850,576.3850,576.3850,576.3850
1787760227,576.4300,576.4800,576.4300,576.4800
1787760229,576.5000,576.5000,576.5000,576.5000
1787760231,576.4900,576.4900,576.4850,576.4850
1787760232,576.4700,576.4700,576.4700,576.4700
1787760233,576.5900,576.6000,576.4900,576.4900
1787760234,576.6000,576.6300,576.6000,576.6300
1787760235,576.6600,576.6900,576.6600,576.6900
1787760237,576.6900,576.7000,576.6900,576.7000
1787760238,576.7000,576.7100,576.7000,576.7100
1787760239,576.7300,576.7300,576.7300,576.7300
1787760240,576.6800,576.7600,576.6200,576.7400
1787760241,576.7800,576.7800,576.7300,576.7300
1787760243,576.7700,576.7700,576.7700,576.7700
1787760244,576.7300,576.7300,576.7300,576.7300
1787760245,576.7000,576.7000,576.6100,576.6100
1787760246,576.7000,576.7000,576.7000,576.7000
1787760248,576.7700,576.7700,576.7700,576.7700
1787760249,576.7200,576.7600,576.7200,576.7600
1787760250,576.8300,576.8300,576.8000,576.8000
1787760252,576.8600,576.8950,576.8600,576.8950
1787760255,576.9700,577.0700,576.9700,576.9900
1787760257,576.9800,577.0300,576.9700,577.0300
1787760258,577.0100,577.0200,576.9900,577.0200
1787760259,577.0000,577.3100,576.9700,577.3100
1787760260,577.3300,577.3600,577.3300,577.3600
1787760264,577.4000,577.6000,577.4000,577.6000
1787760265,577.7700,577.7700,577.7700,577.7700
1787760268,577.6700,577.6700,577.6500,577.6500
1787760269,577.6000,577.6000,577.2700,577.2800
1787760272,577.4000,577.4800,577.4000,577.4700
1787760274,577.3100,577.3100,577.3000,577.3000
1787760275,577.2100,577.2100,577.1000,577.1000
1787760279,577.2400,577.3300,577.2400,577.3300
1787760282,577.3800,577.3800,577.3800,577.3800
1787760285,577.3600,577.3600,577.3600,577.3600
1787760287,577.3150,577.3150,577.2900,577.3050
1787760289,577.4000,577.4000,577.4000,577.4000
1787760291,577.4100,577.4100,577.4100,577.4100
1787760295,577.4700,577.5000,577.4200,577.4200
1787760297,577.4700,577.4700,577.4700,577.4700
1787760300,577.3200,577.3200,577.2300,577.2500
1787760301,577.2400,577.2400,577.2400,577.2400
1787760304,577.3900,577.4000,577.3900,577.3900
1787760306,577.4400,577.4400,577.4400,577.4400
1787760309,577.4800,577.5000,577.4800,577.5000
1787760311,577.5800,577.5800,577.5000,577.5000
1787760312,577.6000,577.6100,577.6000,577.6100
1787760314,577.5850,577.5850,577.5850,577.5850
1787760316,577.5100,577.5100,577.3200,577.3200
1787760318,577.2700,577.2700,577.2700,577.2700
1787760319,577.2800,577.3200,577.2800,577.3200
1787760322,577.2800,577.4000,577.2800,577.3600
1787760323,577.3900,577.4000,577.3900,577.3900
1787760325,577.3900,577.3900,577.3900,577.3900
1787760326,577.3400,577.3400,577.2500,577.3000
1787760327,577.3800,577.4400,577.3800,577.4400
1787760331,577.5700,577.5700,577.5700,577.5700
1787760332,577.4500,577.4500,577.3350,577.3350
1787760338,577.5000,577.5000,577.5000,577.5000
1787760340,577.5000,577.5000,577.5000,577.5000
1787760341,577.5200,577.5200,577.5200,577.5200
1787760342,577.5300,577.5800,577.5300,577.5550
1787760347,577.4600,577.4600,577.3300,577.3300
1787760351,577.3900,577.3900,577.3900,577.3900
1787760355,577.4200,577.4200,577.4200,577.4200
1787760356,577.3400,577.3400,577.2500,577.3000
1787760358,577.2800,577.2800,577.2800,577.2800
1787760362,577.2000,577.2000,577.1600,577.2000
1787760364,577.2400,577.2400,577.2400,577.2400
1787760365,577.2400,577.2950,577.2400,577.2950
1787760366,577.2950,577.3600,577.2950,577.3600
1787760367,577.3700,577.3700,577.3700,577.3700
1787760368,577.3800,577.4000,577.2800,577.2800
1787760371,577.2600,577.2600,577.2300,577.2300
1787760372,577.2700,577.3000,577.2700,577.3000
1787760374,577.2000,577.2000,577.1900,577.1900
1787760375,577.2500,577.2800,577.2500,577.2500
1787760377,577.1200,577.1700,577.0000,577.1700
1787760379,577.1550,577.1550,577.1550,577.1550
1787760381,577.1300,577.1300,577.0700,577.0700
1787760382,577.0300,577.0300,577.0300,577.0300
1787760384,577.0600,577.0900,577.0600,577.0900
1787760385,577.1400,577.1400,577.1400,577.1400
1787760386,577.1500,577.1500,577.1500,577.1500
1787760387,577.0100,577.1500,577.0000,577.1500
1787760389,577.1600,577.3400,577.1600,577.3400
1787760396,577.2400,577.2400,577.2200,577.2200
1787760400,577.1600,577.2550,577.1000,577.2550
1787760401,577.2700,577.2700,577.2700,577.2700
1787760405,577.2300,577.2400,577.2300,577.2400
1787760406,577.3000,577.3000,577.2100,577.2100
1787760407,577.2500,577.2500,577.2100,577.2500
1787760415,577.1700,577.1700,577.1000,577.1000
1787760416,577.1300,577.1700,577.0700,577.1700
1787760420,577.2800,577.3300,577.2800,577.3300
1787760423,577.3100,577.4000,577.3100,577.4000
1787760424,577.4400,577.4600,577.4400,577.4600
1787760425,577.3600,577.3600,577.3600,577.3600
1787760431,577.3500,577.3700,577.2800,577.3700
1787760433,577.4250,577.4250,577.4250,577.4250
1787760436,577.4700,577.4700,577.4700,577.4700
1787760439,577.4900,577.4900,577.4900,577.4900
1787760440,577.5700,577.6600,577.5700,577.6600
1787760441,577.5700,577.5700,577.3600,577.3600
1787760442,577.5200,577.5200,577.5200,577.5200
1787760443,577.6500,577.7500,577.6500,577.7500
1787760447,577.7900,577.8500,577.7900,577.8200
1787760448,577.8800,577.9100,577.8400,577.8600
1787760453,577.8000,577.8300,577.8000,577.8300
1787760454,577.9000,577.9000,577.9000,577.9000
1787760456,577.8900,577.9500,577.8900,577.9500
1787760457,577.9900,578.0850,577.9450,577.9450
1787760458,577.9700,577.9700,577.9700,577.9700
1787760459,577.9800,577.9800,577.9150,577.9800
1787760462,577.9100,577.9500,577.9000,577.9500
1787760464,577.9750,578.0700,577.9750,578.0700
1787760465,578.1000,578.1600,578.1000,578.1600
1787760466,578.2000,578.2100,578.2000,578.2100
1787760470,578.3400,578.3400,578.2700,578.2700
1787760473,578.3500,578.3700,578.3500,578.3600
1787760474,578.3900,578.3900,578.3600,578.3600
1787760475,578.3900,578.4300,578.3900,578.4300
1787760476,578.4300,578.4300,578.3000,578.3000
1787760477,578.3100,578.3100,578.3100,578.3100
1787760478,578.4000,578.4000,578.4000,578.4000
1787760479,578.4100,578.4100,578.4100,578.4100
1787760484,578.4600,578.5000,578.4100,578.4600
1787760485,578.5100,578.6000,578.4800,578.6000
1787760487,578.5300,578.5300,578.5300,578.5300
1787760488,578.6100,578.6100,578.6100,578.6100
1787760489,578.5800,578.5800,578.5700,578.5700
1787760491,578.5000,578.5000,578.3300,578.3300
1787760499,578.4700,578.4700,578.4700,578.4700
1787760500,578.5500,578.5500,578.4700,578.4700
1787760502,578.5600,578.5600,578.5600,578.5600
1787760503,578.5600,578.5600,578.5600,578.5600
1787760504,578.5900,578.5900,578.5900,578.5900
1787760506,578.5100,578.5100,578.4300,578.4300
1787760507,578.4900,578.5000,578.4600,578.4600
1787760509,578.4700,578.4900,578.4300,578.4300
1787760512,578.4300,578.4300,578.4300,578.4300
1787760515,578.4400,578.4400,578.4400,578.4400
1787760517,578.3950,578.3950,578.3950,578.3950
1787760521,578.4700,578.4700,578.4700,578.4700
1787760522,578.5200,578.5300,578.4900,578.4900
1787760523,578.5800,578.6200,578.5800,578.6200
1787760526,578.6700,578.6700,578.5800,578.5800
1787760527,578.5800,578.6050,578.5300,578.6050
1787760528,578.5900,578.5900,578.4800,578.4800
1787760529,578.4800,578.4800,578.4800,578.4800
1787760530,578.5300,578.5300,578.5300,578.5300
1787760531,578.5100,578.5100,578.5100,578.5100
1787760532,578.5800,578.5900,578.5000,578.5000
1787760537,578.5400,578.5700,578.5200,578.5700
1787760538,578.5100,578.5100,578.5000,578.5000
1787760540,578.5100,578.5100,578.5100,578.5100
1787760541,578.5900,578.5900,578.5900,578.5900
1787760542,578.5400,578.5400,578.5300,578.5300
1787760546,578.5700,578.5700,578.5700,578.5700
1787760548,578.6000,578.6000,578.5700,578.5700
1787760549,578.5400,578.5400,578.3000,578.3700
1787760552,578.3000,578.3000,578.3000,578.3000
1787760556,578.3900,578.3900,578.3900,578.3900
1787760557,578.4600,578.5200,578.4400,578.4700
1787760559,578.3900,578.3900,578.3900,578.3900
1787760565,578.3700,578.4300,578.3700,578.4250
1787760566,578.4200,578.4200,578.4200,578.4200
1787760568,578.4350,578.4350,578.4350,578.4350
1787760574,578.4400,578.4400,578.3600,578.3600
1787760575,578.3750,578.3750,578.3750,578.3750
1787760576,578.3500,578.3500,578.3000,578.3000
1787760582,578.3700,578.3700,578.3700,578.3700
1787760584,578.3900,578.4700,578.3900,578.4700
1787760585,578.3600,578.3600,578.3600,578.3600
1787760586,578.4600,578.5000,578.4600,578.5000
1787760587,578.3550,578.3550,578.3550,578.3550
1787760588,578.3500,578.4900,578.3400,578.3400
1787760590,578.3500,578.3500,578.3500,578.3500
1787760591,578.4000,578.4300,578.3600,578.3600
1787760592,578.3000,578.3600,578.3000,578.3600
1787760599,578.3700,578.4200,578.3700,578.4200
1787760601,578.3650,578.3650,578.3650,578.3650
1787760603,578.3650,578.5200,578.3650,578.5200
1787760604,578.4400,578.4400,578.4400,578.4400
1787760607,578.4700,578.4700,578.4700,578.4700
1787760610,578.4400,578.4400,578.4400,578.4400
1787760612,578.4400,578.5200,578.4400,578.5200
1787760614,578.4700,578.4700,578.4700,578.4700
1787760616,578.4800,578.5300,578.4800,578.4800
1787760626,578.4600,578.4600,578.4500,578.4500
1787760627,578.5300,578.5500,578.5300,578.5500
1787760628,578.5400,578.5500,578.5400,578.5500
1787760629,578.5400,578.5400,578.5400,578.5400
1787760631,578.4950,578.4950,578.4950,578.4950
1787760632,578.5500,578.5500,578.5500,578.5500
1787760633,578.4500,578.4500,578.4500,578.4500
1787760634,578.5400,578.5400,578.5400,578.5400
1787760639,578.5600,578.5700,578.5600,578.5700
1787760640,578.5400,578.5900,578.5400,578.5900
1787760643,578.5000,578.5000,578.5000,578.5000
1787760647,578.4400,578.5250,578.4400,578.5250
1787760648,578.5500,578.6100,578.5500,578.6100
1787760650,578.5600,578.6100,578.5600,578.6100
1787760653,578.6300,578.6300,578.6300,578.6300
1787760654,578.6300,578.6300,578.6300,578.6300
1787760656,578.6400,578.6400,578.6400,578.6400
1787760657,578.6800,578.6800,578.6800,578.6800
1787760661,578.6600,578.6600,578.6600,578.6600
1787760665,578.6900,578.6900,578.6900,578.6900
1787760667,578.7000,578.7000,578.7000,578.7000
1787760672,578.7250,578.7250,578.7250,578.7250
1787760673,578.8000,579.0000,578.8000,579.0000
1787760674,578.9400,578.9400,578.7550,578.8500
1787760677,578.8600,578.8600,578.8600,578.8600
1787760681,578.9600,578.9600,578.9600,578.9600
1787760682,578.8700,578.8700,578.8450,578.8450
1787760684,578.9200,578.9200,578.9200,578.9200
1787760689,578.7500,578.7500,578.7500,578.7500
1787760690,578.7900,578.7900,578.7900,578.7900
1787760694,578.8400,578.8600,578.8400,578.8400
1787760704,578.8600,578.8600,578.8600,578.8600
1787760705,578.8600,578.8600,578.8600,578.8600
1787760708,578.8000,578.8700,578.7900,578.8700
1787760709,578.8700,578.8700,578.8700,578.8700
1787760713,578.8800,578.9500,578.8300,578.9500
1787760714,579.0000,579.0000,578.9500,578.9500
1787760720,579.0600,579.0600,579.0600,579.0600
1787760723,579.0600,579.0600,579.0600,579.0600
1787760724,579.0900,579.1200,579.0900,579.1200
1787760725,579.1100,579.1100,579.1100,579.1100
1787760729,579.0400,579.0400,578.9000,578.9150
1787760731,579.0000,579.0000,579.0000,579.0000
1787760732,579.0400,579.0400,579.0400,579.0400
1787760734,579.0700,579.0700,579.0700,579.0700
1787760736,579.0700,579.0700,579.0700,579.0700
1787760737,579.0550,579.0550,579.0550,579.0550
1787760739,579.0000,579.0000,578.9750,578.9900
1787760743,578.9600,578.9600,578.9600,578.9600
1787760744,578.9600,578.9600,578.9600,578.9600
1787760745,578.9400,578.9400,578.9200,578.9200
1787760750,578.9800,579.0000,578.9800,579.0000
1787760751,579.0250,579.0250,579.0250,579.0250
1787760753,579.0400,579.0400,579.0400,579.0400
1787760754,579.0400,579.0400,579.0400,579.0400
1787760758,578.9800,578.9800,578.9800,578.9800
1787760759,579.0000,579.0000,578.9650,578.9650
1787760765,578.9900,579.0300,578.9900,579.0150
1787760766,578.9900,578.9900,578.9700,578.9700
1787760770,579.0000,579.0000,579.0000,579.0000
1787760772,578.9900,578.9900,578.9900,578.9900
1787760775,578.9500,578.9500,578.9500,578.9500
1787760777,578.9900,579.0000,578.9900,579.0000
1787760778,578.9500,578.9950,578.9500,578.9950
1787760780,578.9600,578.9600,578.8800,578.9000
1787760781,578.9600,579.1000,578.9600,579.0800
1787760784,579.0900,579.0900,579.0900,579.0900
1787760786,579.0800,579.0800,578.9650,578.9650
1787760791,578.9800,578.9800,578.9800,578.9800
1787760792,578.9800,578.9800,578.9800,578.9800
1787760797,578.9450,578.9450,578.9450,578.9450
1787760799,578.9300,578.9900,578.9300,578.9900
1787760800,578.9850,579.0300,578.9850,579.0300
1787760801,578.9900,578.9900,578.9900,578.9900
1787760804,579.0000,579.0000,578.9900,578.9900
1787760807,578.9900,579.0800,578.9900,579.0350
1787760808,578.9400,578.9400,578.9000,578.9100
1787760809,578.8900,578.8900,578.8400,578.8400
1787760810,578.8200,578.8200,578.8200,578.8200
1787760812,578.9000,578.9200,578.6600,578.7800
1787760817,578.6700,578.6700,578.6150,578.6150
1787760818,578.6000,578.6000,578.6000,578.6000
1787760819,578.5300,578.5300,578.5000,578.5000
1787760824,578.5250,578.5250,578.5250,578.5250
1787760825,578.5000,578.5000,578.4600,578.4600
1787760827,578.5200,578.5200,578.5200,578.5200
1787760831,578.5200,578.5200,578.5200,578.5200
1787760833,578.4500,578.4500,578.4500,578.4500
1787760837,578.4900,578.5000,578.4200,578.4800
1787760846,578.5450,578.5450,578.5100,578.5100
1787760847,578.5800,578.6300,578.5800,578.6300
1787760854,578.6100,578.6100,578.6100,578.6100
1787760855,578.7100,578.7200,578.6600,578.6600
1787760857,578.6600,578.6600,578.6600,578.6600
1787760863,578.6200,578.6200,578.4900,578.5050
1787760866,578.4700,578.4700,578.1700,578.2600
1787760869,578.1800,578.1800,578.1800,578.1800
1787760876,578.1000,578.1000,578.0800,578.0800
1787760877,578.0100,578.1450,578.0100,578.1450
1787760878,578.0200,578.0200,577.9200,577.9550
1787760879,577.9000,577.9000,577.8000,577.8900
1787760880,577.7800,577.8700,577.7700,577.7700
1787760881,577.7700,577.7700,577.6950,577.6950
1787760885,577.7900,577.8800,577.7900,577.7950
1787760886,577.7700,577.7700,577.7200,577.7200
1787760889,577.6900,577.6900,577.6900,577.6900
1787760890,577.6850,577.6850,577.6850,577.6850
1787760896,577.6950,577.6950,577.6950,577.6950
1787760897,577.7300,577.7300,577.7300,577.7300
1787760902,577.7400,577.8500,577.7400,577.8500
1787760903,577.8000,577.9000,577.8000,577.9000
1787760904,577.9300,577.9300,577.8800,577.8800
1787760905,577.8400,577.8400,577.8400,577.8400
1787760906,577.8500,577.8500,577.8500,577.8500
1787760907,577.7950,577.7950,577.7950,577.7950
1787760912,577.8500,577.8500,577.8500,577.8500
1787760914,577.8000,577.8000,577.8000,577.8000
1787760915,577.7200,577.7200,577.6500,577.6500
1787760917,577.7000,577.7000,577.6650,577.6650
1787760918,577.7000,577.7300,577.7000,577.7300
1787760921,577.7700,577.7700,577.7700,577.7700
1787760926,577.7000,577.7000,577.5500,577.5500
1787760928,577.6100,577.6100,577.6100,577.6100
1787760934,577.5500,577.5500,577.4600,577.5050
1787760938,577.5700,577.6000,577.5600,577.5600
1787760940,577.5250,577.5250,577.4500,577.4500
1787760942,577.5150,577.5150,577.5150,577.5150
1787760946,577.5700,577.5700,577.5700,577.5700
1787760948,577.4300,577.4300,577.3400,577.4100
1787760960,577.4000,577.4000,577.4000,577.4000
1787760962,577.3500,577.3500,577.2850,577.2850
1787760963,577.2700,577.2900,577.2600,577.2900
1787760966,577.2200,577.2200,577.1750,577.1950
1787760967,577.2300,577.2300,577.2300,577.2300
1787760970,577.2700,577.3300,577.2500,577.3300
1787760975,577.2300,577.2300,577.2300,577.2300
1787760980,577.2300,577.2300,577.2300,577.2300
1787760981,577.2600,577.3200,577.2600,577.3200
1787760982,577.3000,577.3000,577.3000,577.3000
1787760987,577.2850,577.2850,577.2850,577.2850
1787760988,577.2850,577.2850,577.2850,577.2850
1787760993,577.2400,577.2400,577.2400,577.2400
1787760997,577.1850,577.1850,577.1850,577.1850
1787760998,577.2250,577.2600,577.2250,577.2600
1787760999,577.3100,577.3100,577.2450,577.2450
1787761000,577.1700,577.1700,577.1000,577.1000
1787761003,577.0900,577.0900,576.8800,576.9200
1787761004,576.9250,576.9300,576.9250,576.9300
1787761008,576.9150,576.9150,576.9150,576.9150
1787761014,576.8600,576.8600,576.8600,576.8600
1787761017,576.9400,576.9400,576.9400,576.9400
1787761018,576.9600,577.0000,576.9600,576.9900
1787761023,577.0600,577.0600,577.0600,577.0600
1787761026,576.9700,577.1000,576.9700,577.1000
1787761029,577.2000,577.2700,577.2000,577.2700
1787761032,577.3000,577.3000,577.3000,577.3000
1787761034,577.3100,577.3100,577.3100,577.3100
1787761038,577.2400,577.3000,577.2400,577.3000
1787761039,577.3000,577.3000,577.3000,577.3000
1787761045,577.2800,577.2900,577.2800,577.2900
1787761046,577.2800,577.3000,577.2800,577.3000
1787761047,577.2800,577.2800,577.1800,577.1800
1787761050,577.1800,577.1800,577.1800,577.1800
1787761052,577.1800,577.1800,577.1700,577.1700
1787761053,577.2100,577.2100,577.2100,577.2100
1787761055,577.1500,577.1500,577.1500,577.1500
1787761056,577.1500,577.2400,577.1500,577.2400
1787761066,577.2450,577.2450,577.2450,577.2450
1787761067,577.2800,577.2800,577.2800,577.2800
1787761069,577.3250,577.3250,577.2100,577.2450
1787761071,577.2100,577.2100,577.2100,577.2100
1787761073,577.2400,577.2400,577.1800,577.1800
1787761074,577.1800,577.1800,577.1800,577.1800
1787761075,577.1400,577.1400,577.1400,577.1400
1787761076,577.1200,577.1200,577.1000,577.1000
1787761077,577.1100,577.1100,577.1100,577.1100
1787761086,577.0100,577.0300,577.0100,577.0300
1787761087,577.0100,577.0100,577.0100,577.0100
1787761092,577.0400,577.1200,577.0400,577.1200
1787761096,577.1800,577.2000,577.1800,577.2000
1787761098,577.2400,577.2800,577.2400,577.2500
1787761099,577.3800,577.3800,577.3800,577.3800
1787761100,577.5000,577.6000,577.5000,577.6000
1787761101,577.5950,577.5950,577.5950,577.5950
1787761103,577.5100,577.5100,577.5050,577.5050
1787761106,577.5950,577.5950,577.5950,577.5950
1787761107,577.5100,577.5100,577.5100,577.5100
1787761108,577.6300,577.6300,577.6300,577.6300
1787761110,577.6200,577.6200,577.6200,577.6200
1787761111,577.6200,577.6200,577.6200,577.6200
1787761114,577.6200,577.6200,577.6200,577.6200
1787761116,577.5700,577.6200,577.5700,577.6200
1787761117,577.5700,577.5700,577.5700,577.5700
1787761118,577.5650,577.5650,577.5650,577.5650
1787761121,577.5800,577.5800,577.5800,577.5800
1787761124,577.5000,577.5000,577.4700,577.4700
1787761128,577.5000,577.5000,577.4700,577.4700
1787761129,577.5300,577.5300,577.5300,577.5300
1787761132,577.4400,577.4400,577.4400,577.4400
1787761135,577.5900,577.6100,577.5600,577.5600
1787761138,577.6400,577.6400,577.6400,577.6400
1787761140,577.5200,577.5200,577.5100,577.5100
1787761146,577.5000,577.5000,577.5000,577.5000
1787761147,577.4550,577.4550,577.4550,577.4550
1787761148,577.4200,577.4200,577.4200,577.4200
1787761149,577.4200,577.4200,577.3300,577.3700
1787761150,577.4200,577.4200,577.2100,577.3900
1787761151,577.3550,577.3550,577.3550,577.3550
1787761152,577.3100,577.3100,577.2100,577.2100
1787761159,577.3550,577.3550,577.3550,577.3550
1787761164,577.1800,577.1800,577.1800,577.1800
1787761165,577.2900,577.2900,577.2900,577.2900
1787761174,577.3300,577.3300,577.3300,577.3300
1787761175,577.3300,577.3300,577.3300,577.3300
1787761178,577.2500,577.2500,577.2400,577.2400
1787761181,577.1300,577.1800,577.1150,577.1800
1787761183,577.2300,577.2300,577.2300,577.2300
1787761186,577.2700,577.2700,577.2700,577.2700
1787761187,577.1900,577.1900,577.1850,577.1850
1787761188,577.1600,577.1600,577.1600,577.1600
1787761191,577.1900,577.2200,577.1900,577.2200
1787761192,577.2500,577.2500,577.2500,577.2500
1787761193,577.2700,577.3100,577.2700,577.3100
1787761195,577.4350,577.4350,577.3800,577.3800
1787761199,577.5300,577.5300,577.5300,577.5300
1787761203,577.4800,577.4800,577.4800,577.4800
1787761205,577.4900,577.4900,577.4900,577.4900
1787761210,577.4900,577.4900,577.4900,577.4900
1787761211,577.4900,577.4900,577.4900,577.4900
1787761212,577.4100,577.4600,577.4100,577.4600
1787761214,577.5300,577.5300,577.5300,577.5300
1787761218,577.5000,577.5000,577.5000,577.5000
1787761220,577.5100,577.5300,577.4500,577.5300
1787761224,577.5100,577.5100,577.5100,577.5100
1787761225,577.5400,577.5700,577.5400,577.5500
1787761228,577.5800,577.6400,577.5700,577.5700
1787761230,577.6300,577.6400,577.6300,577.6400
1787761231,577.5800,577.6050,577.5300,577.5300
1787761232,577.5200,577.5200,577.5200,577.5200
1787761236,577.5500,577.5500,577.5200,577.5200
1787761247,577.5800,577.6500,577.5800,577.6400
1787761248,577.6600,577.6600,577.6600,577.6600
1787761252,577.6450,577.6450,577.6450,577.6450
1787761256,577.6200,577.6200,577.5100,577.5100
1787761257,577.5800,577.5800,577.5800,577.5800
1787761263,577.4300,577.4300,577.3800,577.3800
1787761267,577.3500,577.3500,577.3300,577.3300
1787761268,577.3800,577.3800,577.3500,577.3650
1787761269,577.4000,577.4000,577.4000,577.4000
1787761271,577.3600,577.4000,577.3600,577.4000
1787761273,577.4500,577.4500,577.4500,577.4500
1787761274,577.4300,577.4300,577.4300,577.4300
1787761275,577.4700,577.5000,577.4700,577.5000
1787761278,577.3100,577.4600,577.3100,577.4600
1787761279,577.3450,577.3450,577.3450,577.3450
1787761283,577.4300,577.4300,577.4300,577.4300
1787761285,577.4300,577.4300,577.4300,577.4300
1787761286,577.4300,577.4300,577.4300,577.4300
1787761289,577.4150,577.4150,577.4000,577.4000
1787761290,577.3700,577.3700,577.3700,577.3700
1787761292,577.4000,577.4300,577.4000,577.4300
1787761293,577.4500,577.4600,577.4500,577.4600
1787761294,577.4200,577.4200,577.3900,577.3900
1787761298,577.4200,577.4200,577.4200,577.4200
1787761300,577.4200,577.4200,577.3700,577.3700
1787761301,577.3600,577.3600,577.3500,577.3500
1787761308,577.3600,577.3700,577.3600,577.3700
1787761310,577.3700,577.4300,577.3700,577.4300
1787761311,577.4400,577.4400,577.4000,577.4000
1787761314,577.3600,577.4200,577.3600,577.3600
1787761324,577.3700,577.4000,577.3700,577.4000
1787761325,577.3500,577.3500,577.3100,577.3100
1787761335,577.3500,577.5000,577.3500,577.5000
1787761338,577.5100,577.5950,577.5100,577.5950
1787761349,577.5900,577.5900,577.5900,577.5900
1787761352,577.5000,577.5000,577.4900,577.4900
1787761353,577.3800,577.3800,577.3600,577.3600
1787761354,577.3300,577.3300,576.5500,576.5500
1787761355,576.5200,576.5200,576.5200,576.5200
1787761360,576.5200,576.5400,576.4400,576.4500
1787761361,576.4200,576.5700,576.1200,576.3400
1787761363,576.2100,576.3300,576.2100,576.2900
1787761370,576.3300,576.3300,576.3300,576.3300
1787761373,576.2700,576.2700,576.1800,576.1800
1787761374,576.1700,576.1700,576.1700,576.1700
1787761375,576.1700,576.1700,576.1250,576.1250
1787761378,576.1250,576.1250,576.1250,576.1250
1787761379,576.1250,576.1250,576.1250,576.1250
1787761380,576.1250,576.1250,576.1250,576.1250
1787761381,576.0900,576.0900,576.0900,576.0900
1787761384,576.1000,576.1000,576.0800,576.0800
1787761385,576.1000,576.1400,576.1000,576.1400
1787761386,576.0950,576.2500,576.0950,576.1500
1787761387,576.1600,576.1600,576.0600,576.0600
1787761390,576.0200,576.0700,576.0000,576.0600
1787761391,576.0600,576.0600,576.0000,576.0100
1787761397,576.0600,576.1400,576.0600,576.1400
1787761398,576.1000,576.1000,576.0300,576.0300
1787761399,576.0000,576.3800,576.0000,576.2700
1787761400,575.9800,575.9800,575.7500,575.7500
1787761403,575.8200,575.8200,575.8200,575.8200
1787761408,575.7800,575.7800,575.4800,575.7300
1787761410,575.9300,575.9500,575.9300,575.9500
1787761412,575.8100,575.8100,575.8100,575.8100
1787761413,575.7500,575.7500,575.7500,575.7500
1787761416,575.8000,575.8100,575.8000,575.8100
1787761417,575.7500,575.8400,575.7100,575.7100
1787761423,575.8300,575.8300,575.8300,575.8300
1787761427,575.8550,575.8550,575.8550,575.8550
1787761429,575.8300,575.8300,575.8300,575.8300
1787761430,575.8400,575.8400,575.8400,575.8400
1787761433,575.8300,575.8300,575.8300,575.8300
1787761434,575.8350,575.8350,575.8350,575.8350
1787761438,575.7600,575.7600,575.7600,575.7600
1787761440,575.8550,575.8550,575.8550,575.8550
1787761441,575.8500,575.9400,575.8500,575.9400
1787761444,575.9400,575.9500,575.9400,575.9500
1787761445,575.9500,576.0300,575.9500,576.0300
1787761446,576.0400,576.1600,576.0400,576.1600
1787761447,576.1400,576.2000,576.1400,576.1700
1787761448,576.1400,576.1400,576.1400,576.1400
1787761449,576.0800,576.0800,576.0800,576.0800
1787761457,576.0300,576.0300,576.0300,576.0300
1787761459,575.9900,575.9900,575.9900,575.9900
1787761461,576.0800,576.0900,576.0300,576.0300
1787761462,576.0900,576.0900,576.0900,576.0900
1787761463,576.1000,576.1200,576.1000,576.1200
1787761466,576.0700,576.0700,576.0700,576.0700
1787761470,576.1000,576.1000,576.1000,576.1000
1787761471,576.2000,576.2000,576.2000,576.2000
1787761473,576.2300,576.2700,576.2300,576.2700
1787761475,576.2900,576.2900,576.1100,576.1100
1787761479,576.0700,576.0700,576.0700,576.0700
1787761480,576.1800,576.2400,576.1800,576.2400
1787761485,576.1100,576.1100,576.1100,576.1100
1787761487,576.2700,576.2700,576.2700,576.2700
1787761489,576.2800,576.2900,576.2800,576.2900
1787761491,576.2900,576.2900,576.2900,576.2900
1787761493,576.2900,576.2900,576.2900,576.2900
1787761496,576.1400,576.1400,576.1400,576.1400
1787761498,576.2400,576.2700,576.2400,576.2700
1787761499,576.3000,576.3000,576.3000,576.3000
1787761504,576.1400,576.1400,576.1200,576.1200
1787761508,576.2000,576.2000,576.2000,576.2000
1787761511,576.1700,576.1700,576.0900,576.0900
1787761512,576.1600,576.1800,576.1600,576.1800
1787761514,576.1550,576.1550,576.1550,576.1550
1787761517,576.0800,576.1200,576.0700,576.1200
1787761518,576.0800,576.0800,576.0800,576.0800
1787761523,576.1400,576.1400,576.0900,576.1200
1787761525,576.1800,576.2300,576.1700,576.1700
1787761531,576.2000,576.3800,576.2000,576.3100
1787761535,576.4000,576.5700,576.4000,576.5350
1787761536,576.5000,576.5000,576.5000,576.5000
1787761538,576.5550,576.5550,576.5550,576.5550
1787761541,576.6400,576.6400,576.5550,576.5550
1787761542,576.6400,576.6600,576.6400,576.6600
1787761543,576.7100,576.7100,576.7100,576.7100
1787761547,576.5700,576.5700,576.5700,576.5700
1787761548,576.4800,576.4800,576.4200,576.4200
1787761550,576.3700,576.3700,576.3700,576.3700
1787761552,576.4900,576.5100,576.4900,576.5100
1787761555,576.4100,576.4100,576.4100,576.4100
1787761556,576.4100,576.4100,576.4100,576.4100
1787761561,576.4300,576.4300,576.4300,576.4300
1787761563,576.4200,576.4200,576.4200,576.4200
1787761566,576.5400,576.5400,576.5400,576.5400
1787761571,576.4800,576.4800,576.4100,576.4100
1787761573,576.4000,576.4000,576.4000,576.4000
1787761574,576.3100,576.3100,576.2400,576.2400
1787761575,576.3200,576.3200,576.2300,576.2300
1787761576,576.2300,576.2300,576.2000,576.2000
1787761577,576.2250,576.2250,576.2250,576.2250
1787761580,576.1700,576.1700,576.1700,576.1700
1787761581,576.1950,576.1950,576.1950,576.1950
1787761582,576.1200,576.1200,576.1200,576.1200
1787761588,576.1200,576.1700,576.1200,576.1700
1787761589,576.1100,576.1700,576.0800,576.1700
1787761590,576.1200,576.2800,576.0800,576.2800
1787761594,576.3300,576.3700,576.2450,576.3700
1787761598,576.4900,576.5500,576.4900,576.5500
1787761599,576.5400,576.7700,576.5400,576.7700
1787761601,576.8000,576.8200,576.8000,576.8200
1787761604,577.0000,577.0700,577.0000,577.0100
1787761605,577.0800,577.1000,577.0400,577.1000
1787761609,577.1000,577.1100,577.1000,577.1100
1787761610,577.1500,577.1700,577.1100,577.1100
1787761612,577.1000,577.1000,577.1000,577.1000
1787761615,577.0200,577.0200,577.0200,577.0200
1787761617,577.0200,577.0200,576.9500,576.9500
1787761619,576.9500,576.9500,576.9500,576.9500
1787761621,576.8800,576.8800,576.8400,576.8400
1787761624,576.8400,576.8400,576.8400,576.8400
1787761625,576.9600,577.0300,576.9600,577.0300
1787761633,576.9000,576.9000,576.7400,576.7400
1787761638,576.7800,576.7800,576.7300,576.7300
1787761640,576.7300,576.7850,576.7300,576.7850
1787761642,576.8600,576.8900,576.8600,576.8900
1787761650,576.9300,576.9300,576.7900,576.9300
1787761651,576.9600,576.9600,576.9600,576.9600
1787761652,576.9300,577.1800,576.9300,577.1800
1787761655,577.1350,577.2000,577.1350,577.2000
1787761656,577.1800,577.1800,577.1800,577.1800
1787761659,577.2100,577.2200,577.1700,577.1700
1787761660,577.1650,577.1650,577.0500,577.0500
1787761661,577.0800,577.0900,577.0800,577.0900
1787761662,577.0900,577.0900,577.0900,577.0900
1787761668,577.1350,577.1350,577.1350,577.1350
1787761670,577.2100,577.2200,577.2100,577.2200
1787761671,577.1700,577.2300,577.1700,577.1700
1787761674,577.1200,577.1200,577.1200,577.1200
1787761678,577.0600,577.0600,577.0500,577.0500
1787761679,577.0600,577.0600,577.0600,577.0600
1787761681,577.1100,577.1200,577.1100,577.1200
1787761683,577.0500,577.0500,577.0500,577.0500
1787761688,577.0900,577.0900,577.0900,577.0900
1787761691,577.1600,577.1600,577.1600,577.1600
1787761692,577.2800,577.3300,577.2800,577.3300
1787761699,577.3500,577.3900,577.3500,577.3900
1787761703,577.4200,577.4200,577.4200,577.4200
1787761708,577.3600,577.3600,577.3000,577.3000
1787761709,577.3400,577.3400,577.2700,577.2700
1787761711,577.2500,577.2500,577.1000,577.1000
1787761714,577.1700,577.1700,577.1700,577.1700
1787761715,577.1600,577.1600,577.1600,577.1600
1787761716,577.1700,577.1700,577.1700,577.1700
1787761717,577.1100,577.1700,577.1100,577.1700
1787761720,577.1600,577.1650,577.1600,577.1650
1787761721,577.1600,577.1600,577.1600,577.1600
1787761725,577.1500,577.1500,577.0600,577.1500
1787761730,577.0500,577.0550,577.0500,577.0550
1787761732,577.1300,577.1300,577.1300,577.1300
1787761739,577.1400,577.1400,577.1400,577.1400
1787761740,577.1450,577.1450,577.1450,577.1450
1787761744,577.0300,577.0500,577.0100,577.0500
1787761745,577.0100,577.0300,576.7700,576.9300
1787761746,576.9400,576.9400,576.9400,576.9400
1787761747,576.8500,576.8500,576.8500,576.8500
1787761751,576.8150,576.8150,576.8150,576.8150
1787761753,576.7000,576.7000,576.6100,576.7000
1787761754,576.7500,576.7500,576.7500,576.7500
1787761755,576.6800,576.7600,576.6800,576.7500
1787761756,576.7600,576.7600,576.7600,576.7600
1787761757,576.6650,576.6650,576.6650,576.6650
1787761763,576.6600,576.6600,576.6200,576.6200
1787761766,576.7800,576.8000,576.7800,576.7900
1787761767,576.7000,576.7000,576.7000,576.7000
1787761770,576.7600,576.8100,576.7600,576.8100
1787761773,576.8300,576.8300,576.8300,576.8300
1787761783,576.8000,576.8000,576.7600,576.7600
1787761787,576.7350,576.7350,576.7350,576.7350
1787761790,576.6700,576.6700,576.6300,576.6300
1787761798,576.7000,576.8000,576.7000,576.8000
1787761799,576.7600,576.7600,576.7600,576.7600
1787761800,576.8000,576.8000,576.8000,576.8000
1787761806,576.7800,576.7800,576.7700,576.7700
1787761807,576.8200,576.8200,576.8200,576.8200
1787761809,576.8500,576.8500,576.7600,576.8100
1787761810,576.9500,577.0000,576.9500,577.0000
1787761824,577.0500,577.0500,577.0500,577.0500
1787761826,576.9900,576.9900,576.9900,576.9900
1787761828,576.8700,576.8700,576.8000,576.8000
1787761830,576.8700,576.8900,576.8700,576.8900
1787761831,576.9000,576.9000,576.9000,576.9000
1787761833,576.8900,576.8900,576.8900,576.8900
1787761835,576.8400,576.8400,576.8400,576.8400
1787761838,576.8000,576.8500,576.8000,576.8500
1787761843,576.9400,576.9400,576.9400,576.9400
1787761844,576.8000,576.8000,576.6800,576.6800
1787761845,576.6600,576.6600,576.6600,576.6600
1787761848,576.6350,576.6350,576.6350,576.6350
1787761850,576.6500,576.6600,576.6500,576.6600
1787761853,576.6400,576.6400,576.6400,576.6400
1787761857,576.6400,576.6400,576.6400,576.6400
1787761863,576.7600,576.7800,576.7600,576.7800
1787761866,576.8450,576.8450,576.8450,576.8450
1787761870,576.8800,576.8800,576.8800,576.8800
1787761871,576.9200,576.9300,576.9200,576.9200
1787761873,576.9900,577.0000,576.9900,577.0000
1787761874,577.0300,577.0300,577.0300,577.0300
1787761877,577.0200,577.0400,576.9700,576.9700
1787761881,576.9700,576.9700,576.9300,576.9300
1787761882,576.9900,577.0000,576.9900,577.0000
1787761883,576.8600,576.8600,576.8400,576.8550
1787761887,576.9500,576.9500,576.9500,576.9500
1787761893,576.9550,576.9550,576.9550,576.9550
1787761894,576.9600,576.9600,576.9600,576.9600
1787761898,576.9600,576.9600,576.9600,576.9600
1787761900,576.9900,577.0300,576.9900,577.0300
1787761901,577.0300,577.0300,576.9950,576.9950
1787761903,577.0150,577.0150,577.0150,577.0150
1787761905,577.0150,577.0150,577.0150,577.0150
1787761909,577.0200,577.0600,577.0200,577.0600
1787761914,577.1400,577.1400,577.1400,577.1400
1787761917,577.1400,577.1400,577.1400,577.1400
1787761920,577.0600,577.0600,576.8700,576.8700
1787761921,576.9400,576.9700,576.9400,576.9700
1787761933,576.8800,576.8800,576.7600,576.8200
1787761934,576.8700,576.8800,576.8700,576.8800
1787761938,576.8300,576.8900,576.8300,576.8600
1787761939,576.8500,576.8500,576.8500,576.8500
1787761941,576.8200,576.8200,576.8200,576.8200
1787761944,576.8400,576.8700,576.8300,576.8700
1787761945,576.8300,576.8300,576.8100,576.8100
1787761948,576.8200,576.8200,576.8200,576.8200
1787761955,576.9000,576.9200,576.9000,576.9200
1787761956,577.0000,577.0000,577.0000,577.0000
1787761958,577.0700,577.1800,577.0700,577.1800
1787761960,577.2200,577.3350,577.2200,577.2900
1787761961,577.2050,577.2050,577.2050,577.2050
1787761978,577.2500,577.2500,577.2500,577.2500
1787761979,577.3400,577.3400,577.3200,577.3200
1787761981,577.3500,577.4400,577.3500,577.4400
1787761983,577.4900,577.5200,577.4900,577.5200
1787761988,577.6000,577.6000,577.6000,577.6000
1787761991,577.6000,577.6000,577.6000,577.6000
1787761992,577.6250,577.6250,577.6250,577.6250
1787761993,577.6250,577.6250,577.6250,577.6250
1787761997,577.5100,577.5400,577.5000,577.5400
1787761998,577.4800,577.4800,577.4800,577.4800
1787762000,577.5500,577.5500,577.5500,577.5500
1787762001,577.4600,577.4700,577.4300,577.4300
1787762002,577.4600,577.4600,577.4300,577.4300
1787762003,577.5800,577.5900,577.5800,577.5900
1787762004,577.6300,577.6400,577.6300,577.6400
1787762005,577.6800,577.7000,577.6800,577.6900
1787762006,577.7500,577.8000,577.7500,577.8000
1787762012,577.7400,577.7400,577.7400,577.7400
1787762016,577.6500,577.6500,577.6500,577.6500
1787762022,577.6400,577.6400,577.6400,577.6400
1787762025,577.6400,577.6400,577.6400,577.6400
1787762028,577.6100,577.6100,577.5100,577.5300
1787762029,577.5000,577.5000,577.4300,577.4900
1787762031,577.5200,577.5200,577.5200,577.5200
1787762033,577.5100,577.5100,577.5100,577.5100
1787762044,577.5100,577.5100,577.5100,577.5100
1787762046,577.5800,577.6100,577.5800,577.6100
1787762047,577.5700,577.5700,577.5700,577.5700
1787762051,577.6500,577.6500,577.6500,577.6500
1787762053,577.5500,577.5500,577.4800,577.4800
1787762054,577.4400,577.4400,577.4400,577.4400
1787762056,577.4850,577.4850,577.3900,577.4400
1787762065,577.5400,577.5800,577.5400,577.5800
1787762066,577.5600,577.5800,577.4500,577.5000
1787762070,577.6300,577.7700,577.6300,577.7400
1787762071,577.6900,577.6900,577.6900,577.6900
1787762074,577.7700,577.7700,577.7700,577.7700
1787762075,577.7900,577.9000,577.7900,577.9000
1787762076,577.8350,577.8350,577.7700,577.7700
1787762077,577.8000,577.8000,577.8000,577.8000
1787762078,577.8700,577.8800,577.8700,577.8800
1787762085,577.8250,577.8250,577.8250,577.8250
1787762089,577.8700,577.8900,577.8700,577.8900
1787762090,577.7700,577.7700,577.6500,577.6500
1787762091,577.6400,577.6400,577.6000,577.6000
1787762100,577.5000,577.5000,577.4500,577.4500
1787762103,577.4400,577.4400,577.4100,577.4100
1787762110,577.4900,577.5000,577.4900,577.5000
1787762112,577.4000,577.4000,577.3500,577.3900
1787762113,577.3200,577.3200,577.3200,577.3200
1787762119,577.3200,577.3200,577.3200,577.3200
1787762138,577.5200,577.5200,577.3700,577.3700
1787762141,577.4300,577.4300,577.4300,577.4300
1787762143,577.3500,577.3500,577.3500,577.3500
1787762146,577.4100,577.4600,577.4100,577.4600
1787762148,577.4300,577.4300,577.4050,577.4050
1787762153,577.4400,577.4400,577.4300,577.4300
1787762159,577.3700,577.4350,577.3700,577.4350
1787762161,577.3300,577.3300,577.1300,577.1300
1787762168,577.2000,577.2000,577.2000,577.2000
1787762172,577.2050,577.2500,577.2050,577.2050
1787762180,577.2000,577.2000,577.2000,577.2000
1787762181,577.1400,577.3000,577.1300,577.3000
1787762184,577.3000,577.3000,577.3000,577.3000
1787762192,577.2700,577.2700,577.2700,577.2700
1787762196,577.3200,577.3300,577.3200,577.3300
1787762198,577.3900,577.4000,577.3900,577.4000
1787762200,577.4000,577.4000,577.4000,577.4000
1787762205,577.3550,577.3550,577.3550,577.3550
1787762206,577.3400,577.4000,577.3400,577.4000
1787762208,577.3500,577.3500,577.3500,577.3500
1787762209,577.3800,577.4100,577.3800,577.4100
1787762220,577.4900,577.6250,577.4900,577.6250
1787762230,577.5600,577.5600,577.4500,577.4500
1787762235,577.5200,577.5200,577.5000,577.5000
1787762237,577.4000,577.4000,577.4000,577.4000
1787762238,577.4600,577.4600,577.4600,577.4600
1787762240,577.5100,577.5100,577.5100,577.5100
1787762242,577.5100,577.5200,577.5100,577.5200
1787762252,577.5000,577.5000,577.4700,577.4700
1787762253,577.4600,577.4600,577.3300,577.3300
1787762258,577.4500,577.4600,577.4500,577.4600
1787762261,577.3100,577.3100,577.3100,577.3100
1787762264,577.2700,577.3100,577.2550,577.3100
1787762270,577.2400,577.2400,577.2400,577.2400
1787762271,577.2300,577.2300,577.2300,577.2300
1787762272,577.3050,577.3050,577.3050,577.3050
1787762273,577.3050,577.3050,577.3050,577.3050
1787762282,577.2000,577.2000,577.2000,577.2000
1787762284,577.2300,577.2300,577.2300,577.2300
1787762287,577.1900,577.1900,576.8500,576.9150
1787762291,576.8100,576.8100,576.8100,576.8100
1787762294,576.9400,576.9400,576.9400,576.9400
1787762298,576.9100,576.9100,576.8400,576.8400
1787762301,576.8700,576.8700,576.8600,576.8600
1787762305,576.9300,576.9500,576.9300,576.9500
1787762306,577.0200,577.0400,577.0200,577.0400
1787762312,576.9900,576.9900,576.9900,576.9900
1787762322,576.9900,577.0000,576.9700,576.9700
1787762327,576.9900,577.0700,576.9900,577.0700
1787762328,577.1000,577.1000,577.1000,577.1000
1787762332,577.0200,577.0200,577.0000,577.0000
1787762333,577.0000,577.0500,576.9950,577.0500
1787762334,577.0200,577.0200,577.0200,577.0200
1787762338,576.9200,576.9200,576.9100,576.9100
1787762339,576.9500,577.0000,576.9500,577.0000
1787762344,577.0400,577.0450,577.0400,577.0450
1787762346,577.0500,577.0500,576.9000,576.9100
1787762354,576.9500,576.9500,576.9150,576.9150
1787762364,576.8900,576.8900,576.8400,576.8400
1787762366,576.8400,576.8400,576.8400,576.8400
1787762372,576.8800,576.8900,576.8800,576.8900
1787762375,576.8850,576.8850,576.8500,576.8500
1787762378,576.8800,576.8800,576.8800,576.8800
1787762379,576.8000,576.8000,576.7100,576.7100
1787762381,576.7800,576.7900,576.7800,576.7900
1787762382,576.7100,576.7100,576.5700,576.5700
1787762383,576.5200,576.5200,576.3800,576.4400
1787762384,576.3600,576.3700,576.2700,576.2700
1787762385,576.2000,576.2000,575.8600,576.0600
1787762387,575.8900,575.8900,575.8900,575.8900
1787762388,575.9150,575.9700,575.9150,575.9500
1787762391,575.9200,576.0700,575.9200,576.0700
1787762392,576.0500,576.0600,576.0500,576.0600
1787762394,576.0600,576.0700,576.0600,576.0700
1787762395,576.0400,576.1200,576.0400,576.0800
1787762398,576.0500,576.0500,576.0500,576.0500
1787762404,576.0800,576.1300,576.0800,576.1300
1787762405,576.0800,576.0800,576.0600,576.0600
1787762406,575.9500,575.9500,575.9500,575.9500
1787762407,576.0000,576.0000,575.9300,575.9300
1787762408,575.9500,575.9500,575.9500,575.9500
1787762411,575.8500,575.8500,575.8300,575.8300
1787762412,575.8200,575.8200,575.8200,575.8200
1787762414,575.8400,575.8400,575.8400,575.8400
1787762415,575.8400,575.8500,575.8000,575.8100
1787762416,575.7200,575.7400,575.7000,575.7400
1787762420,575.7300,575.7400,575.7300,575.7400
1787762421,575.7200,575.8400,575.7200,575.8400
1787762422,575.7550,575.7550,575.7550,575.7550
1787762424,575.7500,575.7500,575.7400,575.7400
1787762428,575.7150,575.7500,575.7150,575.7500
1787762431,575.7900,575.7900,575.7900,575.7900
1787762432,575.7900,575.8700,575.7900,575.8700
1787762435,575.9500,575.9500,575.9500,575.9500
1787762439,575.9500,575.9500,575.9500,575.9500
1787762441,575.9400,576.0000,575.9400,576.0000
1787762443,575.9800,575.9800,575.9600,575.9600
1787762445,575.9800,575.9800,575.9800,575.9800
1787762446,575.9500,576.0800,575.9500,576.0600
1787762447,576.0300,576.0300,576.0300,576.0300
1787762448,576.0900,576.0900,576.0900,576.0900
1787762450,576.0200,576.0200,576.0200,576.0200
1787762454,576.0900,576.0900,576.0900,576.0900
1787762455,575.9600,576.0300,575.9600,575.9900
1787762456,575.9200,575.9200,575.9000,575.9000
1787762464,575.8200,575.8200,575.8200,575.8200
1787762465,575.7800,575.7800,575.7800,575.7800
1787762468,575.7350,575.7350,575.7350,575.7350
1787762472,575.7100,575.7100,575.7100,575.7100
1787762475,575.6700,575.6700,575.5600,575.5600
1787762479,575.5200,575.5200,575.5000,575.5000
1787762482,575.5000,575.5000,575.5000,575.5000
1787762483,575.4850,575.4850,575.4850,575.4850
1787762484,575.5000,575.5000,575.5000,575.5000
1787762487,575.5300,575.5400,575.5300,575.5400
1787762489,575.6000,575.7000,575.6000,575.7000
1787762491,575.7200,575.8000,575.7200,575.7900
1787762492,575.8600,575.9000,575.8600,575.9000
1787762494,575.9700,575.9700,575.9700,575.9700
1787762498,575.9300,575.9300,575.9300,575.9300
1787762501,576.0000,576.0300,576.0000,576.0300
1787762502,576.0000,576.0000,576.0000,576.0000
1787762503,576.1200,576.1400,576.1200,576.1400
1787762504,576.2000,576.2000,576.2000,576.2000
1787762505,576.2300,576.2300,576.2300,576.2300
1787762509,576.3500,576.3800,576.3500,576.3800
1787762512,576.3800,576.3900,576.3800,576.3900
1787762513,576.4600,576.5200,576.4600,576.5200
1787762516,576.4250,576.4250,576.4000,576.4000
1787762521,576.3800,576.3800,576.3800,576.3800
1787762522,576.4100,576.4100,576.4100,576.4100
1787762530,576.4300,576.4300,576.4300,576.4300
1787762539,576.3100,576.3100,576.2800,576.2800
1787762542,576.2800,576.2900,576.2800,576.2900
1787762543,576.3300,576.3800,576.3300,576.3800
1787762544,576.4000,576.4000,576.4000,576.4000
1787762545,576.2700,576.2700,576.2700,576.2700
1787762546,576.2400,576.2400,576.1300,576.1300
1787762547,576.1250,576.1250,576.1250,576.1250
1787762549,576.1200,576.1200,576.1200,576.1200
1787762552,576.1150,576.1150,576.0200,576.0200
1787762554,576.0400,576.0400,576.0100,576.0100
1787762560,576.1100,576.1100,575.9700,575.9700
1787762561,575.8000,575.8000,575.8000,575.8000
1787762574,575.7100,575.7100,575.7100,575.7100
1787762575,575.7600,575.7600,575.7600,575.7600
1787762578,575.7600,575.7600,575.7600,575.7600
1787762579,575.7000,575.7500,575.6350,575.7500
1787762580,575.6200,575.7300,575.6200,575.7300
1787762581,575.6400,575.6400,575.6400,575.6400
1787762585,575.6300,575.6300,575.6300,575.6300
1787762588,575.6050,575.6300,575.5900,575.6300
1787762589,575.6300,575.6300,575.6300,575.6300
1787762590,575.6900,575.6900,575.6900,575.6900
1787762591,575.6900,575.6900,575.6400,575.6400
1787762592,575.7500,575.7500,575.7500,575.7500
1787762593,575.7900,575.8300,575.7900,575.8300
1787762594,575.8600,576.0100,575.7850,576.0100
1787762599,576.1700,576.1700,576.1700,576.1700
1787762604,576.1800,576.2800,576.1800,576.2700
1787762609,576.3000,576.4050,576.3000,576.4050
1787762610,576.3500,576.3500,576.3500,576.3500
1787762613,576.3800,576.3800,576.3800,576.3800
1787762614,576.3300,576.3300,576.3300,576.3300
1787762621,576.4200,576.4200,576.4200,576.4200
1787762629,576.4200,576.4200,576.4200,576.4200
1787762630,576.4200,576.4200,576.3500,576.3500
1787762635,576.3200,576.3200,576.3100,576.3100
1787762637,576.3250,576.3300,576.3250,576.3300
1787762640,576.3400,576.3400,576.3400,576.3400
1787762641,576.3400,576.3700,576.3400,576.3700
1787762644,576.3100,576.3100,576.3100,576.3100
1787762645,576.3800,576.3800,576.3800,576.3800
1787762647,576.3900,576.3900,576.3600,576.3600
1787762651,576.3700,576.3700,576.3700,576.3700
1787762652,576.3700,576.3700,576.3700,576.3700
1787762654,576.3800,576.3800,576.3400,576.3400
1787762655,576.3400,576.3400,576.3400,576.3400
1787762659,576.3400,576.3400,576.3400,576.3400
1787762660,576.3000,576.3000,576.1800,576.1800
1787762665,576.2600,576.3200,576.2600,576.3200
1787762666,576.3400,576.3400,576.3400,576.3400
1787762670,576.2050,576.2050,576.2050,576.2050
1787762676,576.1500,576.1500,576.1500,576.1500
1787762680,576.2000,576.2200,576.2000,576.2200
1787762685,576.1000,576.1000,576.0600,576.0600
1787762686,576.0600,576.0600,575.7700,575.8800
1787762689,575.8500,575.8500,575.8500,575.8500
1787762691,575.8500,575.8500,575.8500,575.8500
1787762693,575.8450,575.8450,575.8450,575.8450
1787762694,575.8900,575.8900,575.8650,575.8650
1787762695,575.8650,575.8650,575.8650,575.8650
1787762703,575.9900,576.0600,575.9000,575.9800
1787762705,576.0100,576.0800,576.0100,576.0800
1787762706,576.2000,576.2000,576.1200,576.1200
1787762707,576.0800,576.0800,576.0800,576.0800
1787762709,576.0100,576.0100,576.0100,576.0100
1787762722,576.1700,576.2800,576.1700,576.2500
1787762730,576.3100,576.3200,576.3100,576.3200
1787762750,576.3000,576.3000,576.2900,576.2900
1787762754,576.2700,576.2700,576.2600,576.2600
1787762759,576.2300,576.2300,576.2250,576.2250
1787762762,576.1000,576.1000,576.1000,576.1000
1787762765,576.0750,576.0750,576.0500,576.0500
1787762766,576.1000,576.1200,576.1000,576.1200
1787762767,576.1200,576.1500,576.1200,576.1500
1787762773,576.0200,576.1000,576.0100,576.1000
1787762775,576.0200,576.0200,576.0100,576.0200
1787762776,576.0700,576.1400,576.0700,576.1400
1787762778,576.1100,576.1100,576.1100,576.1100
1787762779,576.0200,576.0500,575.9900,575.9900
1787762780,575.9600,575.9800,575.9400,575.9400
1787762782,575.9350,576.1900,575.8000,575.8200
1787762784,575.8600,575.8600,575.8600,575.8600
1787762785,575.8500,575.8500,575.8500,575.8500
1787762787,575.8900,575.9000,575.7200,575.7200
1787762788,575.7200,575.7200,575.7100,575.7100
1787762789,575.7600,575.7700,575.7300,575.7300
1787762797,575.8100,575.8400,575.4400,575.4700
1787762800,575.5400,575.6100,575.5400,575.6100
1787762808,575.6000,575.6050,575.6000,575.6050
1787762812,575.6100,575.6100,575.6100,575.6100
1787762817,575.6800,575.6800,575.6800,575.6800
1787762821,575.7000,575.7600,575.6850,575.7500
1787762824,575.7500,575.7500,575.7500,575.7500
1787762828,575.6900,575.7200,575.6800,575.6800
1787762835,575.6500,575.6500,575.4300,575.6000
1787762836,575.7000,575.8000,575.7000,575.8000
1787762842,575.8000,575.8000,575.8000,575.8000
1787762846,575.7100,575.7100,575.4400,575.5500
1787762850,575.6000,575.7300,575.5800,575.5800
1787762852,575.5200,575.5200,575.5000,575.5000
1787762859,575.5000,575.5300,575.5000,575.5300
1787762861,575.5800,575.6000,575.5800,575.6000
1787762865,575.6000,575.6000,575.6000,575.6000
1787762866,575.7000,575.7000,575.7000,575.7000
1787762867,575.6350,575.6350,575.6350,575.6350
1787762869,575.7100,575.7800,575.7100,575.7800
1787762870,575.8000,575.8000,575.8000,575.8000
1787762872,575.7200,575.7200,575.7200,575.7200
1787762873,575.7100,575.7100,575.7100,575.7100
1787762876,575.8000,575.8000,575.8000,575.8000
1787762878,575.8900,576.0000,575.8900,576.0000
1787762885,576.0150,576.0150,576.0150,576.0150
1787762889,576.0500,576.0600,576.0500,576.0600
1787762891,576.0600,576.0600,576.0600,576.0600
1787762907,576.0900,576.1500,576.0900,576.1500
1787762908,576.0500,576.0500,575.8400,575.8800
1787762909,575.9100,575.9100,575.9100,575.9100
1787762912,575.8600,575.8600,575.8400,575.8400
1787762913,575.8850,575.8850,575.8850,575.8850
1787762914,575.8600,575.8600,575.8600,575.8600
1787762917,575.8850,575.8850,575.8850,575.8850
1787762926,575.7400,575.7500,575.7400,575.7500
1787762928,575.7000,575.7000,575.6900,575.6900
1787762929,575.7300,575.7400,575.7300,575.7400
1787762931,575.6900,575.6900,575.6400,575.6400
1787762934,575.8300,575.8900,575.7600,575.8300
1787762935,575.8900,575.9100,575.8500,575.9100
1787762937,575.9200,575.9900,575.9200,575.9800
1787762944,575.9100,575.9100,575.8900,575.8900
1787762946,575.9800,576.0000,575.9800,576.0000
1787762948,576.0300,576.0300,576.0000,576.0000
1787762949,575.9300,575.9300,575.9100,575.9100
1787762951,575.9100,575.9100,575.8200,575.8200
1787762957,575.9000,575.9000,575.8200,575.8200
1787762958,575.8200,575.8200,575.8200,575.8200
1787762959,575.8100,575.8300,575.7000,575.7650
1787762961,575.7400,575.7400,575.6700,575.6700
1787762962,575.6700,575.7100,575.6700,575.7100
1787762963,575.6700,575.6700,575.6500,575.6500
1787762964,575.6300,575.6300,575.6300,575.6300
1787762974,575.6500,575.6500,575.6500,575.6500
1787762977,575.6500,575.6500,575.6100,575.6100
1787762981,575.5900,575.5900,575.5900,575.5900
1787762982,575.5700,575.6000,575.5700,575.6000
1787762983,575.5800,575.5800,575.5600,575.5600
1787762984,575.5500,575.5500,575.5500,575.5500
1787763000,575.5550,575.5550,575.5550,575.5550
1787763002,575.5350,575.5700,575.5350,575.5700
1787763003,575.5700,575.6200,575.5500,575.5500
1787763004,575.5600,575.5600,575.4900,575.4900
1787763006,575.4500,575.4500,575.4400,575.4400
1787763009,575.4300,575.4400,575.3800,575.4400
1787763013,575.4300,575.4300,575.4200,575.4200
1787763018,575.4400,575.4400,575.4400,575.4400
1787763020,575.4400,575.4400,575.3400,575.3400
1787763021,575.3300,575.3300,575.3000,575.3000
1787763022,575.2800,575.2800,575.1500,575.1500
1787763024,575.2200,575.2200,575.2200,575.2200
1787763027,575.2100,575.2500,575.2100,575.2500
1787763030,575.2400,575.3600,575.2400,575.3600
1787763037,575.3400,575.3400,575.3400,575.3400
1787763040,575.3400,575.3500,575.3400,575.3500
1787763042,575.3700,575.3700,575.3700,575.3700
1787763043,575.3400,575.3400,575.3100,575.3100
1787763045,575.3400,575.3400,575.3400,575.3400
1787763046,575.3550,575.3550,575.3550,575.3550
1787763050,575.3550,575.4200,575.3550,575.4200
1787763051,575.4300,575.4400,575.4300,575.4400
1787763052,575.4400,575.4400,575.4400,575.4400
1787763055,575.4800,575.5300,575.4800,575.5300
1787763059,575.4900,575.4900,575.4800,575.4900
1787763063,575.5000,575.5000,575.5000,575.5000
1787763065,575.4200,575.4200,575.3800,575.3800
1787763066,575.3800,575.3800,575.3800,575.3800
1787763071,575.4600,575.4800,575.4600,575.4800
1787763075,575.4400,575.4400,575.4400,575.4400
1787763077,575.4200,575.4400,575.4200,575.4400
1787763080,575.4700,575.4700,575.4700,575.4700
1787763086,575.4850,575.4850,575.4850,575.4850
1787763089,575.4400,575.4400,575.4300,575.4300
1787763090,575.4200,575.4400,575.3000,575.3000
1787763091,575.3050,575.3050,575.2300,575.2300
1787763093,575.2100,575.2100,574.8300,574.9800
1787763097,574.8100,574.8100,574.8100,574.8100
1787763098,574.9400,575.2100,574.9400,575.1700
1787763100,575.1400,575.1400,575.1400,575.1400
1787763103,575.1600,575.1600,575.1200,575.1200
1787763104,575.1700,575.1700,575.1700,575.1700
1787763106,575.2100,575.2400,575.2100,575.2400
1787763120,575.1800,575.1800,575.1800,575.1800
1787763130,575.2400,575.2400,575.2400,575.2400
1787763135,575.1950,575.1950,575.1950,575.1950
1787763144,575.2700,575.3000,575.2700,575.3000
1787763149,575.3000,575.3000,575.3000,575.3000
1787763152,575.1900,575.1900,575.1900,575.1900
1787763156,575.1700,575.1700,575.1600,575.1700
1787763160,575.2200,575.2500,575.2200,575.2500
1787763161,575.2300,575.2300,575.2300,575.2300
1787763164,575.1700,575.2300,575.0900,575.2300
1787763166,575.2900,575.3900,575.2900,575.3900
1787763167,575.3050,575.3050,575.3050,575.3050
1787763171,575.3300,575.3300,575.3300,575.3300
1787763173,575.3900,575.3900,575.3900,575.3900
1787763176,575.3900,575.3900,575.3900,575.3900
1787763177,575.4000,575.4600,575.4000,575.4600
1787763180,575.4600,575.4600,575.4600,575.4600
1787763187,575.4500,575.4500,575.4100,575.4100
1787763188,575.4800,575.4900,575.4800,575.4900
1787763193,575.4100,575.4100,575.3950,575.3950
1787763196,575.4400,575.4600,575.4400,575.4400
1787763198,575.3900,575.3900,575.3900,575.3900
1787763201,575.4500,575.4500,575.3000,575.3000
1787763208,575.3700,575.3700,575.3700,575.3700
1787763214,575.4000,575.4400,575.3950,575.4000
1787763224,575.4400,575.4900,575.4400,575.4700
1787763235,575.4050,575.4050,575.4050,575.4050
1787763239,575.3900,575.4800,575.3900,575.4800
1787763240,575.4800,575.4900,575.4800,575.4900
1787763241,575.4850,575.4850,575.4850,575.4850
1787763247,575.5400,575.5400,575.5400,575.5400
1787763252,575.5500,575.5500,575.5500,575.5500
1787763260,575.4800,575.4800,575.4800,575.4800
1787763261,575.4200,575.4250,575.3800,575.4250
1787763272,575.5100,575.5900,575.5100,575.5350
1787763273,575.5000,575.5350,575.5000,575.5350
1787763274,575.4700,575.4700,575.4300,575.4300
1787763285,575.4850,575.4850,575.4850,575.4850
1787763287,575.4800,575.4800,575.4700,575.4700
1787763289,575.4300,575.4300,575.4200,575.4200
1787763290,575.4200,575.4200,575.3900,575.3900
1787763291,575.3900,575.3900,575.3300,575.3300
1787763294,575.3800,575.3800,575.3800,575.3800
1787763295,575.3800,575.3800,575.3800,575.3800
1787763296,575.4000,575.4000,575.4000,575.4000
1787763298,575.3900,575.3900,575.3900,575.3900
1787763300,575.3800,575.3800,575.3800,575.3800
1787763301,575.3800,575.4100,575.3800,575.4100
1787763302,575.4500,575.4500,575.4500,575.4500
1787763303,575.4550,575.4550,575.4550,575.4550
1787763304,575.4550,575.4550,575.4550,575.4550
1787763306,575.4900,575.5000,575.4900,575.5000
1787763307,575.4900,575.5100,575.4900,575.5100
1787763308,575.4800,575.4800,575.4700,575.4700
1787763310,575.4800,575.5400,575.4800,575.5400
1787763316,575.6000,575.6000,575.5800,575.5800
1787763317,575.6000,575.6000,575.5850,575.5850
1787763319,575.6300,575.6300,575.6300,575.6300
1787763322,575.6700,575.6700,575.6700,575.6700
1787763324,575.5500,575.5500,575.5500,575.5500
1787763325,575.6600,575.6600,575.6000,575.6000
1787763328,575.6600,575.6600,575.6000,575.6000
1787763330,575.5900,575.6300,575.5900,575.5900
1787763331,575.6600,575.6800,575.6600,575.6800
1787763333,575.7000,575.7000,575.6800,575.6800
1787763337,575.6800,575.6800,575.6700,575.6700
1787763338,575.7000,575.7500,575.7000,575.7500
1787763339,575.7700,575.7900,575.7700,575.7900
1787763340,575.7500,575.7500,575.7300,575.7300
1787763343,575.7300,575.7400,575.7300,575.7400
1787763344,575.8000,575.8000,575.8000,575.8000
1787763347,575.8100,575.8100,575.8100,575.8100
1787763348,575.8300,575.8500,575.8300,575.8500
1787763350,575.8900,575.8900,575.8900,575.8900
1787763351,575.8600,575.8600,575.7700,575.8200
1787763352,575.8200,575.8200,575.8200,575.8200
1787763355,575.8300,575.8400,575.8300,575.8400
1787763356,575.8300,575.8300,575.8300,575.8300
1787763357,575.7900,575.7900,575.6000,575.6200
1787763359,575.7100,575.7200,575.7100,575.7200
1787763360,575.5200,575.5200,575.5000,575.5000
1787763365,575.4000,575.4100,575.4000,575.4000
1787763366,575.4800,575.4800,575.4800,575.4800
1787763367,575.4800,575.4800,575.4800,575.4800
1787763370,575.4800,575.4800,575.4800,575.4800
1787763371,575.5200,575.5200,575.5200,575.5200
1787763374,575.4800,575.4800,575.4800,575.4800
1787763378,575.4300,575.4650,575.3800,575.4650
1787763386,575.5000,575.5000,575.4800,575.4800
1787763389,575.4800,575.5150,575.4800,575.5150
1787763391,575.5500,575.7400,575.5500,575.7400
1787763392,575.7100,575.7100,575.7100,575.7100
1787763393,575.7000,575.8400,575.6350,575.7700
1787763394,575.8000,575.8000,575.8000,575.8000
1787763398,575.6900,575.6900,575.6600,575.6700
1787763400,575.6600,575.6600,575.6600,575.6600
1787763401,575.7400,575.7400,575.7400,575.7400
1787763407,575.6700,575.6700,575.6700,575.6700
1787763410,575.7300,575.7300,575.7300,575.7300
1787763414,575.7300,575.8400,575.7300,575.8400
1787763418,575.9100,575.9500,575.9100,575.9500
1787763419,576.0000,576.0500,576.0000,576.0100
1787763433,576.0900,576.1000,576.0800,576.0800
1787763434,576.1200,576.1200,576.1200,576.1200
1787763435,576.0700,576.2250,576.0700,576.2250
1787763437,576.2300,576.2500,576.2300,576.2500
1787763444,576.3500,576.3500,576.3500,576.3500
1787763446,576.3800,576.4100,576.3800,576.4100
1787763447,576.4600,576.5300,576.4600,576.5000
1787763450,576.4600,576.4600,576.4600,576.4600
1787763452,576.5200,576.5300,576.5000,576.5100
1787763453,576.5400,576.5900,576.5100,576.5900
1787763455,576.6500,576.6500,576.6500,576.6500
1787763456,576.6650,576.6650,576.6650,576.6650
1787763461,576.6100,576.6200,576.5500,576.6200
1787763462,576.5400,576.5400,576.5400,576.5400
1787763463,576.6000,576.6000,576.6000,576.6000
1787763464,576.5300,576.5300,576.5300,576.5300
1787763467,576.5400,576.5400,576.5200,576.5200
1787763468,576.5100,576.5100,576.5100,576.5100
1787763470,576.5500,576.5500,576.5100,576.5100
1787763472,576.6300,576.6300,576.6300,576.6300
1787763474,576.6450,576.6450,576.6450,576.6450
1787763475,576.6450,576.6600,576.4500,576.4500
1787763476,576.4500,576.4500,576.3200,576.3500
1787763477,576.3500,576.3500,576.3500,576.3500
1787763479,576.3500,576.3500,576.3500,576.3500
1787763480,576.3600,576.3600,576.2700,576.3000
1787763484,576.2400,576.2400,576.2400,576.2400
1787763486,576.2400,576.2400,576.2400,576.2400
1787763488,576.3300,576.3300,576.3300,576.3300
1787763490,576.1600,576.1600,576.1300,576.1300
1787763492,576.1650,576.1650,576.1650,576.1650
1787763496,576.2700,576.3300,576.2700,576.3300
1787763500,576.3300,576.3300,576.3300,576.3300
1787763504,576.3100,576.3100,576.3000,576.3000
1787763505,576.2200,576.2200,576.2000,576.2000
1787763510,576.2000,576.2000,576.1500,576.1500
1787763511,576.1100,576.1100,576.1100,576.1100
1787763513,576.0100,576.0100,575.9000,575.9000
1787763516,575.8100,575.8100,575.8100,575.8100
1787763517,575.8100,575.8100,575.8100,575.8100
1787763518,575.8000,575.8000,575.8000,575.8000
1787763519,575.7500,575.7500,575.7400,575.7400
1787763523,575.6900,575.8100,575.6900,575.8100
1787763524,575.8800,575.8900,575.8800,575.8900
1787763529,575.8900,575.9000,575.7500,575.7800
1787763530,575.8200,575.8200,575.8200,575.8200
1787763534,575.8200,575.8200,575.8200,575.8200
1787763542,575.8050,576.0700,575.8050,576.0700
1787763552,575.9400,575.9400,575.9400,575.9400
1787763559,575.9600,575.9600,575.9600,575.9600
1787763562,575.9150,575.9600,575.6300,575.7500
1787763563,575.8100,575.8200,575.8000,575.8000
1787763564,575.8300,575.8300,575.8300,575.8300
1787763570,575.7700,575.7700,575.7700,575.7700
1787763574,575.7400,575.7400,575.7400,575.7400
1787763576,575.7400,575.7400,575.7400,575.7400
1787763581,575.6800,575.6800,575.6800,575.6800
1787763582,575.6900,575.6900,575.6900,575.6900
1787763583,575.6500,575.6500,575.6400,575.6400
1787763585,575.6400,575.6400,575.5700,575.5700
1787763588,575.6500,575.6500,575.6500,575.6500
1787763590,575.6100,575.6100,575.6100,575.6100
1787763593,575.6800,575.7500,575.6800,575.7500
1787763595,575.8300,575.8300,575.8300,575.8300
1787763598,575.8700,575.8900,575.8700,575.8900
1787763603,575.8400,575.9100,575.7400,575.8500
1787763604,575.7000,575.7000,575.7000,575.7000
1787763605,575.6600,575.6600,575.6200,575.6200
1787763617,575.7000,575.7000,575.7000,575.7000
1787763620,575.6500,575.6500,575.6500,575.6500
1787763624,575.6900,575.6900,575.6900,575.6900
1787763625,575.6900,575.7400,575.6900,575.7400
1787763626,575.6950,575.7200,575.6950,575.7200
1787763627,575.7200,575.7200,575.7200,575.7200
1787763636,575.7000,575.7000,575.7000,575.7000
1787763646,575.7700,575.8300,575.7600,575.7700
1787763650,575.7100,575.7100,575.6200,575.6850
1787763651,575.8200,576.0300,575.8200,576.0300
1787763652,575.9700,575.9700,575.9700,575.9700
1787763655,575.9800,576.0100,575.9800,576.0100
1787763658,575.9350,576.1000,575.9350,576.0900
1787763660,575.9850,575.9850,575.9850,575.9850
1787763664,576.0800,576.1000,576.0800,576.1000
1787763665,576.1200,576.1200,576.1200,576.1200
1787763666,576.1200,576.1200,576.1200,576.1200
1787763671,576.0000,576.0000,575.9800,575.9800
1787763674,575.9600,575.9600,575.9600,575.9600
1787763684,575.9700,576.0000,575.8400,575.8400
1787763686,575.9100,575.9100,575.8700,575.8700
1787763694,575.9150,575.9150,575.8600,575.8600
1787763697,575.9000,575.9000,575.9000,575.9000
1787763699,575.9000,576.0000,575.9000,576.0000
1787763703,576.0200,576.0600,576.0200,576.0600
1787763706,576.1200,576.2000,576.1200,576.2000
1787763712,576.2000,576.3400,576.2000,576.3100
1787763715,576.2800,576.2800,576.0800,576.1200
1787763720,576.1500,576.1500,576.1500,576.1500
1787763728,576.0500,576.0500,576.0000,576.0000
1787763732,575.9200,575.9200,575.9200,575.9200
1787763733,575.8700,575.8700,575.8600,575.8600
1787763735,575.9100,575.9100,575.9100,575.9100
1787763741,575.7700,575.7700,575.7000,575.7700
1787763746,575.7800,575.7800,575.7800,575.7800
1787763747,575.7800,575.8150,575.7800,575.8150
1787763758,575.8250,575.8250,575.8250,575.8250
1787763759,575.8900,575.8900,575.8900,575.8900
1787763761,575.8900,575.8900,575.8900,575.8900
1787763764,575.8000,575.8000,575.8000,575.8000
1787763766,575.7800,575.7800,575.7800,575.7800
1787763767,575.7500,575.7500,575.3000,575.3050
1787763769,575.3200,575.3200,575.1600,575.1600
1787763770,575.1400,575.1800,575.1400,575.1800
1787763772,575.1500,575.1500,575.1500,575.1500
1787763776,575.1200,575.1200,575.0900,575.0900
1787763777,575.0700,575.0700,575.0000,575.0000
1787763783,575.0650,575.0650,575.0650,575.0650
1787763785,575.0600,575.0600,575.0600,575.0600
1787763787,575.0600,575.0600,575.0000,575.0100
1787763788,575.0000,575.0000,574.9300,574.9400
1787763789,574.9400,574.9400,574.8900,574.8900
1787763794,574.8900,574.8900,574.8900,574.8900
1787763795,574.9100,574.9350,574.8700,574.9350
1787763796,574.8850,574.8850,574.8850,574.8850
1787763798,574.8900,574.8900,574.8900,574.8900
1787763801,574.9100,574.9100,574.9100,574.9100
1787763807,574.8800,574.8800,574.8800,574.8800
1787763810,574.8900,574.8900,574.8900,574.8900
1787763811,574.9500,574.9500,574.9500,574.9500
1787763812,574.9700,575.0750,574.9700,575.0750
1787763815,575.2000,575.2200,575.2000,575.2200
1787763820,575.3800,575.4100,575.3800,575.4100
1787763823,575.3900,575.3900,575.3900,575.3900
1787763828,575.2500,575.2500,575.2000,575.2000
1787763829,575.2400,575.2800,575.2400,575.2800
1787763832,575.3000,575.3000,575.3000,575.3000
1787763839,575.4000,575.4000,575.4000,575.4000
1787763842,575.3900,575.3900,575.3900,575.3900
1787763844,575.3900,575.4300,575.3900,575.4300
1787763845,575.4700,575.5000,575.4700,575.5000
1787763848,575.5400,575.5400,575.5400,575.5400
1787763851,575.5500,575.5500,575.5500,575.5500
1787763857,575.6100,575.6100,575.6100,575.6100
1787763859,575.5100,575.5100,575.5100,575.5100
1787763861,575.4800,575.4800,575.4800,575.4800
1787763867,575.3900,575.3900,575.3000,575.3000
1787763876,575.4200,575.4200,575.3900,575.3900
1787763882,575.4600,575.5000,575.4600,575.5000
1787763886,575.4950,575.4950,575.4950,575.4950
1787763887,575.6000,575.6500,575.6000,575.6500
1787763892,575.6400,575.6400,575.6400,575.6400
1787763894,575.6400,575.6400,575.6400,575.6400
1787763900,575.6000,575.6000,575.5000,575.5000
1787763902,575.5200,575.5200,575.5200,575.5200
1787763906,575.3700,575.3700,575.3700,575.3700
1787763908,575.5200,575.5200,575.5200,575.5200
1787763920,575.5150,575.5150,575.5150,575.5150
1787763925,575.4400,575.4400,575.3900,575.3900
1787763928,575.4300,575.4300,575.4300,575.4300
1787763929,575.4300,575.4300,575.4000,575.4000
1787763932,575.4400,575.4400,575.4400,575.4400
1787763934,575.4800,575.5000,575.4800,575.5000
1787763953,575.4600,575.5600,575.4500,575.5600
1787763955,575.5250,575.5250,575.5250,575.5250
1787763958,575.4600,575.5500,575.4300,575.5000
1787763961,575.4300,575.4700,575.4300,575.4700
1787763963,575.4200,575.4500,575.4200,575.4500
1787763964,575.4000,575.4600,575.3700,575.4600
1787763965,575.4800,575.4800,575.4800,575.4800
1787763966,575.4200,575.4200,575.4200,575.4200
1787763975,575.4600,575.4600,575.4600,575.4600
1787763987,575.5050,575.5050,575.5050,575.5050
1787763992,575.4950,575.4950,575.4950,575.4950
1787763994,575.5000,575.5000,575.5000,575.5000
1787763997,575.5800,575.6000,575.5800,575.6000
1787763998,575.5600,575.5600,575.5600,575.5600
1787763999,575.4200,575.4600,575.4100,575.4100
1787764002,575.4500,575.4500,575.4300,575.4300
1787764011,575.3900,575.3900,575.3800,575.3800
1787764012,575.3900,575.3900,575.3900,575.3900
1787764020,575.3500,575.4000,575.3500,575.4000
1787764023,575.4900,575.4900,575.4900,575.4900
1787764025,575.5150,575.5150,575.5150,575.5150
1787764041,575.5250,575.5250,575.5250,575.5250
1787764047,575.5500,575.5500,575.5500,575.5500
1787764051,575.5500,575.6500,575.5500,575.6300
1787764053,575.7650,575.7650,575.7650,575.7650
1787764056,575.6300,575.6300,575.5900,575.5900
1787764058,575.6100,575.6100,575.6100,575.6100
1787764062,575.5850,575.5850,575.5850,575.5850
1787764073,575.7600,575.7700,575.7600,575.7700
1787764075,575.8300,575.8300,575.8300,575.8300
1787764077,575.8400,575.8400,575.8400,575.8400
1787764079,575.7700,575.7700,575.7700,575.7700
1787764080,575.8050,575.8400,575.7800,575.7800
1787764081,575.8500,575.8700,575.8500,575.8600
1787764088,575.8800,575.8800,575.8800,575.8800
1787764090,575.7800,575.7800,575.7400,575.7400
1787764091,575.7400,575.7400,575.7400,575.7400
1787764094,575.8050,575.8050,575.8050,575.8050
1787764095,575.8050,575.8050,575.8050,575.8050
1787764100,575.8400,576.1200,575.8400,576.1100
1787764101,576.1100,576.1100,576.1100,576.1100
1787764107,576.1000,576.1000,575.9800,576.0200
1787764108,575.9300,575.9300,575.9300,575.9300
1787764109,575.8400,575.8400,575.8400,575.8400
1787764113,575.8000,575.8000,575.8000,575.8000
1787764114,575.7600,575.8100,575.7300,575.7300
1787764119,575.7600,575.7600,575.7600,575.7600
1787764122,575.8700,575.8700,575.8700,575.8700
1787764126,575.9800,575.9800,575.9800,575.9800
1787764128,575.9800,575.9800,575.9800,575.9800
1787764131,576.0000,576.0800,576.0000,576.0800
1787764136,576.0200,576.0200,576.0200,576.0200
1787764139,576.0800,576.0800,575.9400,575.9500
1787764141,575.9800,575.9800,575.9800,575.9800
1787764142,575.9300,575.9300,575.9300,575.9300
1787764144,575.9600,575.9600,575.9300,575.9300
1787764153,575.9800,575.9800,575.9800,575.9800
1787764157,575.9500,575.9800,575.8800,575.9800
1787764158,576.0000,576.0400,576.0000,576.0400
1787764171,576.0700,576.1100,576.0700,576.1100
1787764176,576.1100,576.1100,575.8700,575.8700
1787764177,575.9700,575.9700,575.9700,575.9700
1787764183,575.9100,575.9100,575.9100,575.9100
1787764185,575.9100,575.9100,575.9100,575.9100
1787764188,575.9000,575.9000,575.8600,575.8600
1787764190,575.7700,575.7700,575.7700,575.7700
1787764193,575.7700,575.7700,575.7700,575.7700
1787764196,575.8000,575.8000,575.8000,575.8000
1787764200,575.7600,575.7600,575.7300,575.7300
1787764201,575.7700,575.7700,575.7000,575.7000
1787764207,575.6700,575.6700,575.5200,575.6300
1787764217,575.6000,575.6000,575.5600,575.5600
1787764219,575.5100,575.5100,575.4000,575.4000
1787764220,575.4500,575.4600,575.4200,575.4600
1787764223,575.4550,575.4550,575.4550,575.4550
1787764225,575.4550,575.4550,575.4550,575.4550
1787764227,575.4550,575.4550,575.4550,575.4550
1787764231,575.4350,575.4350,575.4100,575.4100
1787764233,575.3800,575.4000,575.3800,575.4000
1787764234,575.3800,575.3800,575.3800,575.3800
1787764235,575.3800,575.3800,575.2000,575.2200
1787764236,575.2000,575.2400,575.2000,575.2400
1787764238,575.2000,575.2300,575.2000,575.2300
1787764240,575.1900,575.1900,575.1900,575.1900
1787764241,575.1900,575.1900,575.1900,575.1900
1787764246,575.2500,575.2500,575.2500,575.2500
1787764252,575.2300,575.2300,575.2300,575.2300
1787764254,575.2300,575.2300,575.2300,575.2300
1787764258,575.2400,575.2900,575.2400,575.2900
1787764259,575.3400,575.3400,575.3400,575.3400
1787764267,575.3250,575.3250,575.3250,575.3250
1787764268,575.3250,575.3250,575.3250,575.3250
1787764271,575.2800,575.2800,575.2400,575.2500
1787764272,575.2800,575.5700,575.2800,575.5500
1787764284,575.5600,576.0000,575.5600,575.9700
1787764285,575.9600,575.9600,575.9600,575.9600
1787764286,575.9600,575.9600,575.9600,575.9600
1787764287,575.9600,575.9600,575.9600,575.9600
1787764288,575.9600,576.3300,575.9600,576.1800
1787764289,576.2300,576.2300,576.2300,576.2300
1787764290,576.2300,576.2300,576.2300,576.2300
1787764291,576.2300,576.2500,576.2300,576.2500
1787764292,576.2800,576.3200,576.2500,576.2500
1787764293,576.3200,576.3200,576.3200,576.3200
1787764296,576.2900,576.2900,576.2900,576.2900
1787764297,576.2500,576.2600,576.2400,576.2600
1787764299,576.2500,576.2500,576.2500,576.2500
1787764303,576.3200,576.3200,576.3200,576.3200
1787764306,576.3000,576.3200,576.3000,576.3200
1787764307,576.3400,576.3400,576.3300,576.3300
1787764309,576.4000,576.4000,576.4000,576.4000
1787764311,576.3300,576.3400,576.2500,576.2800
1787764312,576.2600,576.2600,576.2600,576.2600
1787764319,576.1800,576.1800,576.1300,576.1300
1787764320,576.1100,576.1100,576.0600,576.0600
1787764321,576.0400,576.1300,576.0400,576.1300
1787764323,576.2600,576.2600,576.2600,576.2600
1787764325,576.3300,576.3300,576.3300,576.3300
1787764331,576.3400,576.4400,576.3400,576.4400
1787764335,576.4900,576.5000,576.4500,576.4500
1787764338,576.4600,576.4600,576.4600,576.4600
1787764345,576.4650,576.4650,576.4650,576.4650
1787764347,576.4650,576.4650,576.4650,576.4650
1787764348,576.4600,576.4600,576.4600,576.4600
1787764349,576.4650,576.4650,576.4650,576.4650
1787764350,576.5000,576.5700,576.5000,576.5700
1787764352,576.5400,576.5400,576.5100,576.5100
1787764355,576.5200,576.5200,576.5000,576.5000
1787764356,576.4700,576.5000,576.4600,576.5000
1787764359,576.4400,576.4400,576.4100,576.4300
1787764365,576.4100,576.4100,576.4000,576.4000
1787764368,576.3700,576.4100,576.3700,576.4000
1787764373,576.4000,576.4000,576.4000,576.4000
1787764374,576.4050,576.4050,576.4050,576.4050
1787764375,576.4400,576.4800,576.4400,576.4800
1787764376,576.4950,576.4950,576.4950,576.4950
1787764380,576.4600,576.4600,576.4400,576.4400
1787764384,576.5000,576.6200,576.5000,576.6200
1787764386,576.6500,576.7100,576.6500,576.7100
1787764387,576.7250,576.7250,576.7250,576.7250
1787764389,576.6800,576.6800,576.6600,576.6600
1787764391,576.6800,576.6800,576.6800,576.6800
1787764394,576.7100,576.7100,576.7100,576.7100
1787764397,576.6900,576.6900,576.6900,576.6900
1787764403,576.6700,576.6700,576.6500,576.6600
1787764406,576.6500,576.6500,576.5800,576.5800
1787764409,576.5100,576.5100,576.4800,576.4800
1787764415,576.4800,576.4800,576.4800,576.4800
1787764421,576.4400,576.4400,576.3400,576.3400
1787764428,576.4000,576.4300,576.4000,576.4300
1787764434,576.3400,576.3400,576.3400,576.3400
1787764439,576.3100,576.3100,576.3100,576.3100
1787764441,576.3600,576.3600,576.3600,576.3600
1787764448,576.4200,576.4600,576.4200,576.4600
1787764452,576.4700,576.4700,576.4700,576.4700
1787764458,576.4800,576.5200,576.4800,576.5200
1787764459,576.5100,576.5100,576.5100,576.5100
1787764460,576.4900,576.4900,576.4900,576.4900
1787764461,576.4700,576.4700,576.4700,576.4700
1787764462,576.5000,576.5400,576.5000,576.5400
1787764463,576.4200,576.4200,576.4200,576.4200
1787764466,576.4100,576.4100,576.4000,576.4100
1787764469,576.5000,576.5000,576.4800,576.4800
1787764470,576.4100,576.4100,576.4100,576.4100
1787764475,576.4500,576.4500,576.4500,576.4500
1787764477,576.4500,576.4500,576.4500,576.4500
1787764482,576.4000,576.4000,576.2900,576.2900
1787764484,576.2500,576.2500,576.2000,576.2000
1787764494,576.2100,576.2100,576.2100,576.2100
1787764499,576.1800,576.1800,576.1800,576.1800
1787764502,576.3000,576.3000,576.3000,576.3000
1787764503,576.3500,576.3500,576.3500,576.3500
1787764505,576.3300,576.3300,576.3000,576.3000
1787764507,576.3800,576.5000,576.3800,576.4800
1787764508,576.5500,576.6900,576.5500,576.6900
1787764509,576.7700,576.8000,576.7700,576.8000
1787764516,576.8700,576.9100,576.8700,576.8900
1787764517,576.9400,576.9400,576.9400,576.9400
1787764520,576.9900,576.9900,576.9400,576.9400
1787764521,576.9450,576.9450,576.9450,576.9450
1787764526,576.8900,576.9200,576.8850,576.9200
1787764528,576.8300,576.8300,576.5700,576.5700
1787764531,576.6200,576.6300,576.6200,576.6300
1787764532,576.7300,576.7300,576.5000,576.5000
1787764534,576.4800,576.4800,576.4650,576.4650
1787764536,576.4700,576.4700,576.4700,576.4700
1787764538,576.5200,576.6400,576.5200,576.6400
1787764547,576.6700,576.6900,576.6700,576.6900
1787764550,576.7000,576.8300,576.7000,576.8300
1787764555,576.8300,576.8300,576.8300,576.8300
1787764556,576.8600,576.8600,576.8600,576.8600
1787764558,576.7850,576.7850,576.7850,576.7850
1787764563,576.8250,576.8250,576.8250,576.8250
1787764564,576.8250,576.8250,576.8250,576.8250
1787764565,576.8700,576.9000,576.6900,576.7500
1787764569,576.8200,576.9000,576.8200,576.9000
1787764573,576.9000,576.9100,576.9000,576.9100
1787764575,576.9200,576.9200,576.9200,576.9200
1787764581,576.9700,576.9700,576.9700,576.9700
1787764582,576.9800,576.9800,576.8500,576.9000
1787764584,576.8350,576.8350,576.7400,576.7500
1787764585,576.7700,576.7700,576.7700,576.7700
1787764586,576.7800,576.7800,576.7800,576.7800
1787764587,576.7500,576.7500,576.7500,576.7500
1787764588,576.6300,576.6600,576.6000,576.6600
1787764590,576.6500,576.6500,576.6500,576.6500
1787764593,576.7400,576.7400,576.7400,576.7400
1787764598,576.7400,576.7400,576.7400,576.7400
1787764600,576.6900,576.6900,576.6900,576.6900
1787764606,576.7400,576.7400,576.7400,576.7400
1787764607,576.8200,576.8200,576.8200,576.8200
1787764611,576.7500,576.7500,576.7500,576.7500
1787764613,576.8000,576.8400,576.8000,576.8400
1787764614,576.8400,576.8400,576.8400,576.8400
1787764616,576.8400,576.8400,576.8400,576.8400
1787764617,576.8400,576.8400,576.8400,576.8400
1787764618,576.8500,576.8500,576.8300,576.8300
1787764619,576.8350,576.9000,576.8350,576.9000
1787764620,576.8600,576.8600,576.8300,576.8400
1787764622,576.8500,576.8500,576.8200,576.8200
1787764632,576.8800,576.8800,576.8800,576.8800
1787764633,576.8600,576.8600,576.8600,576.8600
1787764634,576.8200,576.8300,576.7700,576.7700
1787764636,576.9100,577.1300,576.9100,577.0800
1787764637,577.0200,577.0200,576.9500,576.9500
1787764638,576.9400,576.9400,576.9400,576.9400
1787764645,576.9400,576.9400,576.9400,576.9400
1787764646,576.9100,576.9100,576.9100,576.9100
1787764648,576.8900,576.8900,576.8900,576.8900
1787764649,576.9000,576.9000,576.9000,576.9000
1787764656,576.9400,576.9400,576.9400,576.9400
1787764658,576.9800,577.0500,576.9600,577.0500
1787764661,576.9600,576.9850,576.9000,576.9000
1787764664,576.9600,576.9600,576.9600,576.9600
1787764665,576.9600,577.1200,576.9600,577.1200
1787764676,577.0900,577.1600,577.0900,577.1100
1787764679,577.1200,577.1200,577.1200,577.1200
1787764685,577.1000,577.1300,577.1000,577.1000
1787764687,577.1100,577.1100,577.1100,577.1100
1787764688,577.1100,577.1100,577.1100,577.1100
1787764689,577.0200,577.0500,577.0000,577.0500
1787764690,577.0000,577.0000,577.0000,577.0000
1787764698,576.9600,576.9600,576.9200,576.9200
1787764700,576.9000,576.9000,576.9000,576.9000
1787764701,576.9500,577.0500,576.9500,577.0500
1787764702,577.0900,577.0900,577.0900,577.0900
1787764705,577.0700,577.0700,577.0000,577.0000
1787764706,576.8700,576.8700,576.6400,576.6400
1787764708,576.7800,576.7800,576.7800,576.7800
1787764711,576.8400,576.9600,576.8400,576.9600
1787764717,576.9500,576.9800,576.9300,576.9300
1787764720,576.9250,576.9250,576.9250,576.9250
1787764728,576.8800,576.8800,576.8800,576.8800
1787764731,576.8700,576.9150,576.7500,576.9150
1787764732,576.9700,577.0300,576.9700,576.9700
1787764733,576.9600,576.9600,576.9600,576.9600
1787764737,577.0050,577.0050,577.0050,577.0050
1787764743,577.0200,577.0300,577.0200,577.0300
1787764755,577.0700,577.0900,577.0500,577.0500
1787764765,577.0500,577.0500,577.0500,577.0500
1787764775,576.9300,576.9300,576.2500,576.3900
1787764778,576.3050,576.3350,576.3050,576.3350
1787764784,576.3650,576.3650,576.2500,576.3650
1787764785,576.4400,576.4400,576.4400,576.4400
1787764786,576.3700,576.3700,576.3700,576.3700
1787764787,576.3900,576.3900,576.3900,576.3900
1787764790,576.3700,576.3700,576.3700,576.3700
1787764792,576.3350,576.3350,576.2400,576.2400
1787764794,576.2200,576.2200,576.1800,576.1800
1787764795,576.2400,576.2500,576.2400,576.2500
1787764796,576.2600,576.3000,576.2600,576.3000
1787764798,576.4000,576.4900,576.4000,576.4900
1787764802,576.5700,576.6200,576.5700,576.6200
1787764804,576.7350,576.7350,576.7350,576.7350
1787764820,576.6800,576.6800,576.5400,576.5400
1787764821,576.5400,576.5600,576.5400,576.5600
1787764822,576.6400,576.6400,576.6400,576.6400
1787764824,576.6400,576.6400,576.6400,576.6400
1787764828,576.6400,576.6400,576.6400,576.6400
1787764835,576.5300,576.5300,576.4900,576.4900
1787764840,576.5000,576.5000,576.5000,576.5000
1787764842,576.5000,576.5000,576.5000,576.5000
1787764852,576.5000,576.6400,576.5000,576.6400
1787764859,576.6700,576.7100,576.6700,576.7100
1787764862,576.7500,576.7500,576.7000,576.7000
1787764869,576.7400,576.8400,576.7400,576.8400
1787764870,576.8900,576.9400,576.8900,576.9400
1787764874,576.9500,576.9500,576.9500,576.9500
1787764875,576.9400,576.9400,576.9400,576.9400
1787764876,576.9500,576.9500,576.9500,576.9500
1787764877,576.9800,577.0500,576.9600,576.9900
1787764879,576.9400,576.9400,576.8900,576.8900
1787764882,576.8500,576.8500,576.8500,576.8500
1787764885,576.8800,576.8800,576.8800,576.8800
1787764889,576.9300,576.9900,576.9300,576.9900
1787764891,576.9900,577.0900,576.9900,577.0900
1787764892,576.9950,576.9950,576.9950,576.9950
1787764894,577.0000,577.0000,577.0000,577.0000
1787764895,576.9450,576.9450,576.9450,576.9450
1787764896,576.9100,576.9100,576.9100,576.9100
1787764902,576.8000,576.8000,576.7700,576.7700
1787764915,576.8400,576.8700,576.8400,576.8700
1787764921,576.9500,576.9500,576.9500,576.9500
1787764924,576.9600,576.9600,576.9600,576.9600
1787764925,576.9000,576.9000,576.9000,576.9000
1787764932,576.9650,577.0000,576.8400,576.8400
1787764937,576.8100,576.8100,576.7900,576.7950
1787764938,576.7800,576.7800,576.7800,576.7800
1787764939,576.7950,576.7950,576.7950,576.7950
1787764941,576.7750,576.8100,576.7750,576.8100
1787764943,576.8100,576.8400,576.8100,576.8400
1787764944,576.8500,576.8500,576.8500,576.8500
1787764945,576.8500,576.8500,576.8500,576.8500
1787764946,576.9400,576.9400,576.9300,576.9300
1787764947,576.9800,576.9800,576.9800,576.9800
1787764950,576.9200,576.9400,576.9200,576.9200
1787764953,576.9600,577.0200,576.9600,577.0200
1787764954,577.0300,577.0300,577.0300,577.0300
1787764957,577.0600,577.1100,577.0600,577.1100
1787764963,577.1400,577.3300,577.1400,577.3300
1787764964,577.3600,577.4100,577.3600,577.4100
1787764965,577.4400,577.4400,577.4000,577.4000
1787764966,577.4400,577.4400,577.4400,577.4400
1787764967,577.4900,577.4900,577.4900,577.4900
1787764969,577.4900,577.5500,577.4900,577.5300
1787764970,577.4950,577.5500,577.4400,577.4400
1787764971,577.5400,577.5400,577.5400,577.5400
1787764973,577.4700,577.4700,577.4700,577.4700
1787764981,577.5000,577.5500,577.5000,577.5500
1787764983,577.5900,577.6200,577.5900,577.6200
1787764986,577.5800,577.5800,577.5800,577.5800
1787764987,577.5500,577.5500,577.4000,577.4000
1787764989,577.3500,577.3950,577.3500,577.3700
1787764994,577.3200,577.3200,577.3100,577.3100
1787764997,577.4700,577.4700,577.4700,577.4700
1787765003,577.5500,577.5500,577.5500,577.5500
1787765006,577.5500,577.5500,577.5500,577.5500
1787765008,577.5500,577.5500,577.5500,577.5500
1787765010,577.5700,577.5900,577.5700,577.5700
1787765014,577.6200,577.6500,577.6200,577.6500
1787765015,577.6300,577.6300,577.6300,577.6300
1787765020,577.6000,577.6000,577.6000,577.6000
1787765024,577.6300,577.6300,577.6300,577.6300
1787765027,577.6500,577.7000,577.6500,577.7000
1787765028,577.7500,577.7700,577.7500,577.7700
1787765031,577.6900,577.7000,577.6900,577.7000
1787765036,577.6900,577.6900,577.6700,577.6700
1787765038,577.6800,577.6800,577.6700,577.6700
1787765039,577.7100,577.7100,577.7100,577.7100
1787765044,577.7100,577.7900,577.7100,577.7900
1787765049,577.6600,577.6600,577.4700,577.4800
1787765050,577.5700,577.5700,577.4900,577.4900
1787765051,577.4800,577.4800,577.4800,577.4800
1787765056,577.5650,577.6400,577.5650,577.6400
1787765058,577.5650,577.6400,577.5650,577.6400
1787765059,577.6400,577.6400,577.6400,577.6400
1787765060,577.6400,577.6500,577.6400,577.6500
1787765063,577.5500,577.5500,577.5500,577.5500
1787765067,577.6400,577.6400,577.6400,577.6400
1787765068,577.5300,577.5300,577.5300,577.5300
1787765070,577.6400,577.6400,577.6400,577.6400
1787765072,577.6500,577.6500,577.6500,577.6500
1787765075,577.6800,577.6800,577.6800,577.6800
1787765076,577.6700,577.7100,577.6700,577.7100
1787765082,577.7050,577.7050,577.7050,577.7050
1787765083,577.7000,577.7400,577.6900,577.7400
1787765088,577.6800,577.6800,577.6000,577.6000
1787765089,577.6000,577.6000,577.6000,577.6000
1787765091,577.6300,577.6300,577.6300,577.6300
1787765092,577.6300,577.6300,577.6300,577.6300
1787765098,577.5950,577.5950,577.5950,577.5950
1787765099,577.5600,577.5600,577.5600,577.5600
1787765100,577.4900,577.4900,577.4500,577.4800
1787765104,577.5200,577.5600,577.5200,577.5300
1787765110,577.4500,577.4500,577.4300,577.4300
1787765116,577.3900,577.3900,577.3900,577.3900
1787765120,577.4600,577.4700,577.4500,577.4700
1787765121,577.3900,577.3900,577.3100,577.3100
1787765123,577.3950,577.4600,577.3950,577.4600
1787765135,577.4300,577.5200,577.4300,577.5200
1787765141,577.5100,577.5100,577.5100,577.5100
1787765144,577.5100,577.5100,577.5100,577.5100
1787765145,577.5100,577.5100,577.5100,577.5100
1787765148,577.5100,577.5100,577.5100,577.5100
1787765153,577.5100,577.5100,577.5100,577.5100
1787765157,577.5600,577.5800,577.5200,577.5250
1787765165,577.5200,577.5200,577.5200,577.5200
1787765167,577.4900,577.4900,577.4900,577.4900
1787765175,577.5600,577.5600,577.5600,577.5600
1787765178,577.5550,577.6000,577.5550,577.5800
1787765179,577.6100,577.6100,577.6100,577.6100
1787765180,577.5800,577.5800,577.5500,577.5500
1787765185,577.5100,577.5200,577.4500,577.5200
1787765186,577.5100,577.5100,577.5100,577.5100
1787765187,577.5100,577.5100,577.5100,577.5100
1787765188,577.5000,577.5000,577.5000,577.5000
1787765191,577.5400,577.7200,577.5200,577.5200
1787765192,577.4700,577.4700,577.4000,577.4600
1787765193,577.4400,577.4800,577.3000,577.3100
1787765194,577.3800,577.3900,577.3800,577.3900
1787765196,577.3450,577.3450,577.3100,577.3100
1787765198,577.3800,577.4000,577.3800,577.4000
1787765203,577.4800,577.5800,577.4800,577.5800
1787765204,577.6000,577.6000,577.5500,577.5500
1787765205,577.5850,577.5850,577.5800,577.5800
1787765211,577.5800,577.5850,577.5400,577.5850
1787765217,577.6400,577.7800,577.6400,577.7500
1787765220,577.7900,577.8700,577.7900,577.8700
1787765222,577.8700,577.9000,577.8700,577.9000
1787765224,577.8100,577.8100,577.8100,577.8100
1787765226,577.8200,577.8200,577.8200,577.8200
1787765234,577.7900,577.7900,577.7900,577.7900
1787765237,577.8500,577.8500,577.8500,577.8500
1787765239,577.8300,577.8300,577.6700,577.6700
1787765240,577.7300,577.7300,577.7300,577.7300
1787765251,577.7200,577.7200,577.7200,577.7200
1787765252,577.7200,577.7200,577.7200,577.7200
1787765254,577.8100,578.1200,577.8100,578.1000
1787765255,578.0100,578.0100,577.9600,577.9600
1787765257,577.9550,577.9550,577.9550,577.9550
1787765259,577.9700,577.9700,577.9700,577.9700
1787765262,577.9600,577.9600,577.9600,577.9600
1787765265,577.9600,577.9800,577.9400,577.9600
1787765267,577.9900,578.0100,577.9600,577.9600
1787765269,578.0150,578.0150,578.0150,578.0150
1787765270,578.0150,578.0150,578.0150,578.0150
1787765271,578.0300,578.0700,578.0300,578.0700
1787765277,578.0700,578.0700,578.0700,578.0700
1787765278,578.0800,578.0800,578.0800,578.0800
1787765280,578.1700,578.2900,578.1700,578.2900
1787765281,578.1800,578.1800,578.1800,578.1800
1787765284,578.2550,578.2550,578.2550,578.2550
1787765286,578.3100,578.3300,578.3100,578.3300
1787765288,578.3250,578.3250,578.3250,578.3250
1787765289,578.3400,578.4700,578.3400,578.4200
1787765295,578.4900,578.4900,578.4900,578.4900
1787765297,578.5000,578.6000,578.5000,578.6000
1787765300,578.5500,578.5500,578.5500,578.5500
1787765303,578.5800,578.5800,578.5800,578.5800
1787765304,578.5700,578.5700,578.4600,578.4600
1787765306,578.5200,578.5200,578.5200,578.5200
1787765309,578.5000,578.5100,578.5000,578.5100
1787765313,578.5800,578.6000,578.5800,578.6000
1787765314,578.5800,578.7200,578.5800,578.7200
1787765316,578.8200,578.8200,578.7100,578.7100
1787765317,578.8200,579.0700,578.8200,579.0700
1787765318,578.9900,578.9900,578.9900,578.9900
1787765323,578.9900,578.9900,578.9100,578.9100
1787765324,578.9900,578.9900,578.9900,578.9900
1787765326,579.0900,579.1000,579.0900,579.1000
1787765329,579.0300,579.0300,578.9600,578.9600
1787765332,578.9200,578.9200,578.8900,578.8900
1787765335,578.8900,578.8900,578.8900,578.8900
1787765336,578.9350,578.9350,578.9350,578.9350
1787765340,578.9000,578.9000,578.8900,578.8900
1787765343,578.9600,578.9600,578.9600,578.9600
1787765344,578.9000,578.9000,578.9000,578.9000
1787765350,578.9400,578.9800,578.9400,578.9700
1787765351,578.9100,578.9100,578.8300,578.8300
1787765352,578.9100,579.0400,578.9100,579.0400
1787765358,579.0400,579.1500,579.0400,579.1350
1787765359,579.0300,579.0300,578.9600,578.9600
1787765361,579.0300,579.0300,579.0300,579.0300
1787765362,579.0350,579.0350,578.9400,578.9400
1787765363,578.9200,578.9200,578.4400,578.4600
1787765367,578.4800,578.4800,578.4800,578.4800
1787765369,578.4200,578.4200,578.2900,578.2900
1787765370,578.2300,578.2300,578.1900,578.1900
1787765373,578.1500,578.1800,578.1500,578.1800
1787765375,578.2000,578.2100,578.2000,578.2100
1787765377,578.2500,578.2500,578.2500,578.2500
1787765381,578.2500,578.2600,578.2500,578.2600
1787765384,578.2500,578.2500,578.2500,578.2500
1787765385,578.2900,578.3900,578.2900,578.3900
1787765393,578.2800,578.2800,578.2500,578.2500
1787765395,578.3200,578.3200,578.3200,578.3200
1787765400,578.2700,578.2700,578.2700,578.2700
1787765406,578.2400,578.2900,578.2200,578.2900
1787765410,578.2800,578.2900,578.2000,578.2000
1787765411,578.1300,578.1300,578.0600,578.0600
1787765414,578.0500,578.0800,578.0300,578.0400
1787765415,578.0700,578.0700,578.0000,578.0100
1787765418,578.0150,578.0300,578.0150,578.0300
1787765422,578.0000,578.0000,578.0000,578.0000
1787765423,578.0000,578.0000,577.9800,577.9800
1787765426,577.9100,577.9100,577.9100,577.9100
1787765427,577.9300,577.9300,577.9300,577.9300
1787765429,577.8700,577.8800,577.7900,577.7900
1787765431,577.7600,577.7600,577.7600,577.7600
1787765435,577.7500,577.7500,577.7300,577.7300
1787765443,577.8400,577.9800,577.8400,577.9800
1787765446,578.0000,578.0000,578.0000,578.0000
1787765449,578.0000,578.0200,578.0000,578.0200
1787765450,577.9600,577.9600,577.9600,577.9600
1787765452,578.0000,578.2100,578.0000,578.2100
1787765453,578.3300,578.5000,578.3300,578.5000
1787765454,578.5500,578.5500,578.4100,578.4100
1787765455,578.5000,578.5000,578.5000,578.5000
1787765457,578.4700,578.4700,578.4600,578.4700
1787765459,578.5100,578.5300,578.3500,578.3500
1787765460,578.3550,578.3600,577.9100,577.9100
1787765461,578.0400,578.0400,578.0400,578.0400
1787765463,578.0300,578.1000,578.0300,578.1000
1787765488,578.0600,578.0600,578.0600,578.0600
1787765490,578.0000,578.0000,577.9600,577.9600
1787765491,577.9900,577.9900,577.9900,577.9900
1787765492,578.0000,578.0600,578.0000,578.0000
1787765493,578.0000,578.0500,577.9800,577.9900
1787765494,577.9900,577.9900,577.9900,577.9900
1787765495,577.9900,578.1200,577.9900,578.1200
1787765497,578.1900,578.1900,578.1900,578.1900
1787765501,578.1250,578.1250,578.1250,578.1250
1787765505,578.0700,578.0700,578.0500,578.0500
1787765510,578.1400,578.1400,578.1400,578.1400
1787765515,578.2000,578.2400,578.2000,578.2400
1787765518,578.2800,578.2800,578.2800,578.2800
1787765522,578.2600,578.2600,578.2600,578.2600
1787765523,578.2100,578.2100,578.1300,578.1300
1787765527,578.1100,578.1100,578.1000,578.1000
1787765537,578.1100,578.1400,578.1100,578.1400
1787765544,578.1400,578.1400,578.1400,578.1400
1787765545,578.2000,578.2000,578.1900,578.1900
1787765546,578.2200,578.2200,578.1800,578.1800
1787765547,578.1400,578.1400,578.1400,578.1400
1787765548,578.1800,578.1800,578.1800,578.1800
1787765550,578.1400,578.1400,578.1400,578.1400
1787765552,578.1200,578.1200,578.1000,578.1000
1787765553,578.1800,578.1800,578.1800,578.1800
1787765554,578.2300,578.2400,578.2300,578.2400
1787765555,578.2500,578.2600,578.2500,578.2600
1787765560,578.1900,578.1900,578.1900,578.1900
1787765561,578.1700,578.1700,578.1400,578.1400
1787765564,578.1650,578.1650,578.1650,578.1650
1787765565,578.2000,578.2000,578.2000,578.2000
1787765568,578.1750,578.1750,578.1750,578.1750
1787765578,578.1100,578.1200,578.0000,578.1200
1787765582,578.0700,578.0700,578.0700,578.0700
1787765583,578.2000,578.2100,578.2000,578.2100
1787765587,578.2300,578.2300,578.2300,578.2300
1787765589,578.1900,578.1900,578.1900,578.1900
1787765591,578.1500,578.1500,578.1500,578.1500
1787765593,578.1100,578.1100,578.0950,578.0950
1787765600,578.2000,578.2500,578.2000,578.2500
1787765601,578.2000,578.2000,578.2000,578.2000
1787765604,578.3000,578.3400,578.3000,578.3200
1787765606,578.3200,578.3200,578.3200,578.3200
1787765610,578.2800,578.2800,578.2800,578.2800
1787765613,578.3600,578.3800,578.3600,578.3800
1787765614,578.3500,578.3500,578.3100,578.3100
1787765623,578.3200,578.3200,578.2200,578.2200
1787765625,578.2000,578.2000,578.1900,578.1900
1787765629,578.2500,578.2500,578.2500,578.2500
1787765633,578.2550,578.2550,578.2550,578.2550
1787765635,578.2500,578.2500,578.2500,578.2500
1787765649,578.3000,578.3000,578.2900,578.2900
1787765651,578.2600,578.2600,578.0000,578.0000
1787765663,578.0800,578.0800,578.0800,578.0800
1787765665,578.0000,578.0000,577.9550,577.9550
1787765670,577.9900,577.9900,577.9900,577.9900
1787765672,577.9400,577.9400,577.8550,577.9000
1787765674,577.8000,577.8000,577.8000,577.8000
1787765679,577.7100,577.7100,577.7000,577.7000
1787765686,577.6950,577.6950,577.6950,577.6950
1787765687,577.6950,577.7700,577.6700,577.6700
1787765688,577.6600,577.6600,577.5300,577.5300
1787765689,577.5200,577.5200,577.3700,577.3700
1787765692,577.4650,577.4650,577.4100,577.4100
1787765694,577.4750,577.4750,577.4750,577.4750
1787765699,577.4750,577.4750,577.4750,577.4750
1787765700,577.4300,577.4750,577.4000,577.4750
1787765701,577.5500,577.5600,577.5500,577.5600
1787765702,577.6100,577.6100,577.4400,577.4400
1787765705,577.4750,577.4750,577.4750,577.4750
1787765711,577.4300,577.4300,577.3800,577.3800
1787765712,577.3700,577.3700,577.2000,577.2600
1787765713,577.3900,577.3900,577.3800,577.3900
1787765717,577.3000,577.3000,577.2200,577.2200
1787765718,577.2900,577.2900,577.2900,577.2900
1787765719,577.3000,577.3000,577.3000,577.3000
1787765720,577.3800,577.3800,577.3600,577.3600
1787765721,577.3000,577.3000,577.0500,577.0800
1787765723,577.1900,577.1900,577.1900,577.1900
1787765727,577.0800,577.1400,577.0700,577.1400
1787765729,577.1000,577.1000,577.1000,577.1000
1787765732,577.1200,577.1800,577.0900,577.1800
1787765733,577.1600,577.1600,577.1600,577.1600
1787765734,577.1300,577.1300,577.1300,577.1300
1787765740,577.0950,577.0950,577.0950,577.0950
1787765741,577.0950,577.0950,577.0950,577.0950
1787765742,577.1000,577.1000,577.0900,577.0900
1787765749,577.1800,577.2200,577.1800,577.2200
1787765755,577.2800,577.2800,577.2200,577.2200
1787765756,577.1950,577.1950,577.1950,577.1950
1787765763,577.1950,577.1950,577.1950,577.1950
1787765766,577.2100,577.2100,577.1100,577.1500
1787765767,577.1750,577.1750,577.1500,577.1500
1787765768,577.2100,577.2100,577.2100,577.2100
1787765770,577.2500,577.2500,577.2500,577.2500
1787765775,577.2900,577.3000,577.2900,577.3000
1787765777,577.3200,577.4700,577.3200,577.4700
1787765779,577.5000,577.6000,577.5000,577.6000
1787765785,577.6400,577.6400,577.6400,577.6400
1787765787,577.6600,577.6600,577.6600,577.6600
1787765789,577.6600,577.6600,577.6600,577.6600
1787765795,577.6800,577.6800,577.6800,577.6800
1787765796,577.6000,577.6000,577.5400,577.5400
1787765820,577.6100,577.6100,577.5400,577.5600
1787765823,577.5800,577.5800,577.5800,577.5800
1787765829,577.5400,577.5400,577.5400,577.5400
1787765831,577.5400,577.5400,577.5400,577.5400
1787765839,577.5500,577.5500,577.5500,577.5500
1787765842,577.5900,577.5900,577.5900,577.5900
1787765844,577.5900,577.5900,577.5900,577.5900
1787765847,577.6100,577.7000,577.6100,577.7000
1787765851,577.7000,577.8700,577.7000,577.8100
1787765852,577.8400,577.8600,577.8400,577.8600
1787765853,577.8600,578.1400,577.8600,578.1400
1787765854,578.1500,578.2300,578.1500,578.2300
1787765855,578.2500,578.2500,578.1200,578.1200
1787765856,578.2000,578.2300,578.1200,578.1250
1787765859,578.2100,578.2100,578.2100,578.2100
1787765860,578.0700,578.0700,578.0700,578.0700
1787765862,578.0500,578.0500,577.9700,577.9700
1787765863,578.0400,578.0400,577.9500,577.9500
1787765868,578.0000,578.0000,578.0000,578.0000
1787765869,577.9100,577.9100,577.9100,577.9100
1787765872,577.8500,577.8500,577.8500,577.8500
1787765876,577.7900,577.7900,577.7900,577.7900
1787765877,577.7900,577.7900,577.6100,577.6100
1787765882,577.5700,577.7000,577.5000,577.5000
1787765890,577.3900,577.4600,577.3900,577.4600
1787765896,577.4750,577.4750,577.4750,577.4750
1787765900,577.5200,577.8300,577.5200,577.7600
1787765916,577.7800,577.7800,577.7800,577.7800
1787765919,577.7200,577.7200,577.7200,577.7200
1787765923,577.7700,577.7700,577.7700,577.7700
1787765926,577.7600,577.7600,577.7600,577.7600
1787765933,577.7200,577.7200,577.7200,577.7200
1787765934,577.7000,577.7000,577.6700,577.6700
1787765936,577.7600,577.7800,577.7600,577.7800
1787765937,577.6700,577.6800,577.6200,577.6200
1787765942,577.6300,577.6300,577.6300,577.6300
1787765943,577.6000,577.6000,577.6000,577.6000
1787765947,577.5600,577.5600,577.5600,577.5600
1787765953,577.5000,577.5000,577.4100,577.4100
1787765955,577.3900,577.3900,577.3500,577.3500
1787765959,577.2800,577.2800,577.2200,577.2600
1787765960,577.3300,577.3300,577.3300,577.3300
1787765965,577.2700,577.2800,577.2700,577.2800
1787765968,577.3400,577.3900,577.3400,577.3900
1787765969,577.3900,577.5400,577.3900,577.5400
1787765977,577.5000,577.5000,577.5000,577.5000
1787765985,577.5900,577.5900,577.5900,577.5900
1787765986,577.6500,577.6500,577.6500,577.6500
1787765987,577.6700,577.6700,577.6700,577.6700
1787765988,577.6800,577.6900,577.6700,577.6700
1787766000,577.7500,577.7500,577.7500,577.7500
1787766009,577.8050,577.8050,577.8050,577.8050
1787766025,577.8100,577.8100,577.8050,577.8050
1787766032,577.8100,577.8100,577.7600,577.7600
1787766033,577.8500,577.8500,577.8100,577.8100
1787766035,577.7700,577.8400,577.7400,577.8400
1787766036,577.8700,577.8700,577.8700,577.8700
1787766037,577.8500,577.8500,577.8500,577.8500
1787766038,577.8700,577.9000,577.8700,577.9000
1787766040,577.9050,577.9050,577.9050,577.9050
1787766041,577.9600,577.9600,577.9600,577.9600
1787766043,577.9900,578.0000,577.9900,577.9900
1787766052,577.9600,578.1000,577.9500,578.1000
1787766056,578.1100,578.1100,578.1100,578.1100
1787766060,578.2100,578.2100,578.2100,578.2100
1787766061,578.2500,578.2500,578.2500,578.2500
1787766064,578.2000,578.2000,578.1600,578.1600
1787766066,578.2100,578.2100,578.2100,578.2100
1787766075,578.2700,578.3500,578.2700,578.3500
1787766077,578.4400,578.4400,578.4300,578.4400
1787766080,578.5000,578.6000,578.4600,578.6000
1787766081,578.5900,578.5900,578.5900,578.5900
1787766082,578.5600,578.5700,578.5500,578.5700
1787766083,578.5500,578.5500,578.5500,578.5500
1787766088,578.5400,578.5700,578.5400,578.5700
1787766089,578.5700,578.5800,578.5700,578.5800
1787766092,578.6200,578.6200,578.6100,578.6100
1787766101,578.7100,578.7100,578.7100,578.7100
1787766105,578.6700,578.6700,578.6700,578.6700
1787766106,578.6200,578.6200,578.4000,578.4000
1787766107,578.4900,578.4900,578.4900,578.4900
1787766114,578.4000,578.4000,578.4000,578.4000
1787766117,578.4500,578.4500,578.4500,578.4500
1787766120,578.5100,578.5200,578.5100,578.5200
1787766128,578.6400,578.6900,578.6000,578.6700
1787766130,578.7300,578.7300,578.7300,578.7300
1787766131,578.7300,578.7300,578.7300,578.7300
1787766133,578.7300,578.7300,578.7300,578.7300
1787766136,578.7000,578.7000,578.7000,578.7000
1787766137,578.6600,578.6600,578.6600,578.6600
1787766138,578.7200,578.7200,578.7200,578.7200
1787766139,578.6400,578.6600,578.5900,578.6600
1787766142,578.5800,578.5800,578.5800,578.5800
1787766153,578.4900,578.4900,578.4900,578.4900
1787766161,578.4000,578.4000,578.3900,578.3900
1787766163,578.3950,578.3950,578.3950,578.3950
1787766164,578.3850,578.3850,578.3850,578.3850
1787766168,578.3500,578.3500,578.2800,578.2800
1787766169,578.2400,578.2400,578.2000,578.2000
1787766171,578.1850,578.1850,578.1850,578.1850
1787766176,578.2800,578.3200,578.2800,578.3000
1787766181,578.2900,578.2900,578.2800,578.2800
1787766187,578.3800,578.3800,578.3800,578.3800
1787766188,578.4200,578.4200,578.4200,578.4200
1787766189,578.4100,578.4100,578.4100,578.4100
1787766190,578.3400,578.4100,578.3400,578.4100
1787766193,578.4100,578.4300,578.4100,578.4300
1787766200,578.4000,578.4000,578.4000,578.4000
1787766203,578.3400,578.3400,578.3400,578.3400
1787766209,578.3600,578.3600,578.3600,578.3600
1787766211,578.4000,578.4000,578.4000,578.4000
1787766213,578.4000,578.4000,578.3800,578.3800
1787766215,578.4700,578.4900,578.4600,578.4900
1787766216,578.4900,578.5000,578.4900,578.5000
1787766218,578.5500,578.5600,578.5500,578.5600
1787766220,578.6150,578.6150,578.6150,578.6150
1787766224,578.6300,578.6300,578.6300,578.6300
1787766228,578.6400,578.6700,578.6400,578.6700
1787766231,578.6100,578.6100,578.5600,578.5600
1787766234,578.5700,578.5700,578.5700,578.5700
1787766235,578.5750,578.6000,578.5750,578.6000
1787766237,578.5300,578.5300,578.5300,578.5300
1787766238,578.5300,578.5300,578.5300,578.5300
1787766241,578.4800,578.4800,578.4700,578.4700
1787766244,578.4200,578.4200,578.3700,578.3700
1787766245,578.3800,578.3800,578.3800,578.3800
1787766255,578.3700,578.3700,578.3700,578.3700
1787766258,578.3700,578.4800,578.3700,578.4600
1787766262,578.4250,578.4250,578.4250,578.4250
1787766270,578.4300,578.4300,578.3800,578.3800
1787766277,578.4150,578.4150,578.4150,578.4150
1787766279,578.4400,578.4400,578.4400,578.4400
1787766281,578.3600,578.3600,578.3500,578.3500
1787766283,578.3800,578.4300,578.3800,578.4300
1787766287,578.4000,578.4000,578.3050,578.3100
1787766300,578.2800,578.2800,578.2500,578.2750
1787766308,578.3000,578.3000,578.2900,578.2900
1787766309,578.2900,578.3000,578.2800,578.3000
1787766310,578.3000,578.3000,578.1700,578.1700
1787766314,578.1200,578.1200,578.0000,578.0700
1787766315,578.1000,578.1500,578.1000,578.1500
1787766319,578.1400,578.1400,578.1400,578.1400
1787766323,578.1000,578.1000,578.0800,578.0800
1787766325,578.0800,578.0800,578.0700,578.0700
1787766326,578.1200,578.1500,578.1200,578.1500
1787766331,578.1600,578.1700,577.9300,578.1000
1787766332,578.1000,578.1000,578.0500,578.0500
1787766334,578.0500,578.0500,578.0500,578.0500
1787766338,578.1200,578.2000,578.1200,578.2000
1787766343,578.2700,578.2700,578.2700,578.2700
1787766344,578.2800,578.3700,578.2800,578.3400
1787766347,578.3800,578.3800,578.3800,578.3800
1787766350,578.2400,578.2400,578.2300,578.2300
1787766353,578.2000,578.2000,578.2000,578.2000
1787766368,578.3000,578.3200,578.3000,578.3200
1787766369,578.4000,578.4200,578.4000,578.4000
1787766373,578.3300,578.3300,578.3300,578.3300
1787766378,578.3700,578.3700,578.3700,578.3700
1787766383,578.3200,578.3200,578.3200,578.3200
1787766385,578.3100,578.3100,578.2550,578.2550
1787766388,578.2000,578.2000,578.2000,578.2000
1787766398,578.1300,578.1300,578.0700,578.0700
1787766399,578.0700,578.0700,578.0500,578.0500
1787766407,578.0000,578.0800,578.0000,578.0800
1787766413,578.0400,578.0400,578.0400,578.0400
1787766417,578.0250,578.0250,578.0250,578.0250
1787766422,578.0100,578.0100,578.0100,578.0100
1787766425,578.0100,578.0100,578.0100,578.0100
1787766427,578.0500,578.1300,578.0500,578.1300
1787766434,578.0900,578.0900,578.0900,578.0900
1787766435,578.0700,578.1000,578.0700,578.1000
1787766438,578.1800,578.1800,578.1800,578.1800
1787766441,578.2500,578.3200,578.2500,578.3200
1787766445,578.2100,578.2100,578.2100,578.2100
1787766449,578.2100,578.2100,578.1250,578.1400
1787766450,578.1900,578.1900,578.1900,578.1900
1787766458,578.2200,578.2200,578.2200,578.2200
1787766461,578.3200,578.3200,578.3200,578.3200
1787766462,578.3400,578.3500,578.3400,578.3500
1787766465,578.3500,578.3600,578.3500,578.3500
1787766466,578.3600,578.4000,578.3600,578.4000
1787766468,578.4500,578.4500,578.4100,578.4100
1787766475,578.5000,578.5700,578.5000,578.5700
1787766476,578.4750,578.4750,578.4750,578.4750
1787766486,578.5100,578.6000,578.5100,578.5200
1787766487,578.5000,578.5000,578.5000,578.5000
1787766493,578.5200,578.5200,578.4100,578.4450
1787766494,578.4900,578.5000,578.4900,578.5000
1787766497,578.5700,578.5700,578.5700,578.5700
1787766502,578.6100,578.6100,578.6100,578.6100
1787766503,578.6200,578.6200,578.5700,578.5700
1787766504,578.5550,578.5550,578.5550,578.5550
1787766510,578.4700,578.4950,578.4300,578.4950
1787766514,578.4900,578.4900,578.4900,578.4900
1787766515,578.5000,578.5550,578.5000,578.5550
1787766516,578.5800,578.5800,578.5800,578.5800
1787766521,578.6300,578.6400,578.6200,578.6200
1787766525,578.6400,578.6400,578.6400,578.6400
1787766526,578.6500,578.6500,578.6500,578.6500
1787766529,578.5550,578.5550,578.5550,578.5550
1787766530,578.5550,578.6300,578.5550,578.6300
1787766533,578.6100,578.6300,578.6100,578.6300
1787766534,578.5300,578.5300,578.5300,578.5300
1787766535,578.6200,578.6200,578.6200,578.6200
1787766539,578.6600,578.7100,578.6600,578.7100
1787766544,578.8000,578.8000,578.8000,578.8000
1787766545,578.8000,578.8000,578.8000,578.8000
1787766546,578.8000,578.8000,578.7100,578.7100
1787766548,578.8000,578.8000,578.8000,578.8000
1787766554,578.7100,578.7700,578.7100,578.7700
1787766559,578.7000,578.7000,578.6200,578.6200
1787766561,578.6000,578.6000,578.6000,578.6000
1787766564,578.5950,578.5950,578.5950,578.5950
1787766567,578.6000,578.6000,578.6000,578.6000
1787766568,578.6300,578.6600,578.6300,578.6600
1787766571,578.6550,578.6700,578.6550,578.6700
1787766575,578.6600,578.6600,578.6500,578.6500
1787766580,578.6450,578.6450,578.6450,578.6450
1787766582,578.6450,578.6450,578.6100,578.6100
1787766584,578.6100,578.6100,578.6000,578.6000
1787766585,578.6900,578.6900,578.6900,578.6900
1787766589,578.6450,578.6900,578.6450,578.6900
1787766591,578.6600,578.6600,578.3900,578.3900
1787766599,578.3300,578.3300,578.2550,578.2850
1787766600,578.2750,578.2750,578.2750,578.2750
1787766603,578.2650,578.2650,578.2650,578.2650
1787766604,578.1500,578.1500,578.1500,578.1500
1787766616,578.3300,578.3800,578.3300,578.3800
1787766617,578.3900,578.4100,578.3900,578.4100
1787766620,578.4200,578.4200,578.4200,578.4200
1787766621,578.5000,578.5000,578.5000,578.5000
1787766623,578.5300,578.5800,578.5300,578.5800
1787766627,578.5800,578.5800,578.5800,578.5800
1787766630,578.5450,578.5450,578.5000,578.5000
1787766631,578.4800,578.5900,578.4800,578.5900
1787766638,578.5600,578.5600,578.5600,578.5600
1787766639,578.5350,578.5350,578.4450,578.4450
1787766640,578.4700,578.4800,578.4700,578.4800
1787766654,578.6900,578.7000,578.6900,578.7000
1787766656,578.7600,578.7900,578.7300,578.7500
1787766668,578.6600,578.6600,578.6600,578.6600
1787766670,578.6700,578.6700,578.6700,578.6700
1787766677,578.6700,578.6700,578.6700,578.6700
1787766679,578.5700,578.5700,578.3700,578.4600
1787766682,578.4400,578.4400,578.4400,578.4400
1787766683,578.4500,578.4500,578.4500,578.4500
1787766684,578.3700,578.3700,578.3700,578.3700
1787766686,578.4400,578.4400,578.4400,578.4400
1787766692,578.4400,578.4400,578.4400,578.4400
1787766694,578.3600,578.3600,578.3600,578.3600
1787766696,578.3950,578.3950,578.3950,578.3950
1787766713,578.4100,578.4100,578.4100,578.4100
1787766717,578.4000,578.4000,578.4000,578.4000
1787766718,578.3500,578.3500,578.3000,578.3000
1787766724,578.2600,578.2600,578.1900,578.1900
1787766728,578.1500,578.1500,578.1300,578.1500
1787766730,578.1500,578.1500,578.1400,578.1400
1787766740,578.2000,578.2000,578.2000,578.2000
1787766749,578.2000,578.2000,578.1900,578.1900
1787766758,578.2200,578.2600,578.2200,578.2400
1787766761,578.1700,578.1700,578.1700,578.1700
1787766781,578.3200,578.3200,578.3200,578.3200
1787766785,578.3100,578.3100,578.3100,578.3100
1787766797,578.2500,578.5000,578.2500,578.5000
1787766800,578.5700,578.6000,578.5700,578.6000
1787766805,578.5100,578.5100,578.5100,578.5100
1787766814,578.6600,578.6600,578.6600,578.6600
1787766816,578.5900,578.5900,578.5900,578.5900
1787766817,578.5900,578.5900,578.5900,578.5900
1787766830,578.7000,578.7000,578.5800,578.5800
1787766832,578.6500,578.6500,578.6500,578.6500
1787766836,578.6700,578.7000,578.6400,578.6400
1787766837,578.6600,578.7100,578.6600,578.7100
1787766842,578.7400,578.7400,578.7400,578.7400
1787766844,578.8000,578.8100,578.8000,578.8100
1787766845,578.7600,578.7600,578.7600,578.7600
1787766846,578.7300,578.7300,578.7000,578.7000
1787766849,578.6900,578.7600,578.6900,578.7600
1787766852,578.7350,578.7350,578.7350,578.7350
1787766856,578.7300,578.7300,578.7300,578.7300
1787766857,578.6600,578.6600,578.6500,578.6500
1787766863,578.6400,578.6400,578.5500,578.6300
1787766865,578.5700,578.5700,578.5700,578.5700
1787766879,578.6500,578.7000,578.6500,578.7000
1787766897,578.7000,578.7100,578.7000,578.7100
1787766898,578.7700,578.8600,578.7700,578.8200
1787766899,578.8600,578.8700,578.8600,578.8700
1787766905,578.7600,578.7600,578.7600,578.7600
1787766906,578.7200,578.7200,578.7200,578.7200
1787766908,578.7450,578.7450,578.7450,578.7450
1787766915,578.8100,578.8100,578.8100,578.8100
1787766917,578.8800,578.9000,578.8800,578.9000
1787766923,578.7800,578.8300,578.7800,578.8300
1787766939,578.8300,578.8300,578.8200,578.8200
1787766940,578.8400,578.8900,578.8400,578.8900
1787766944,578.8400,578.8400,578.8400,578.8400
1787766945,578.8000,578.8000,578.7100,578.7100
1787766946,578.6100,578.6100,578.6100,578.6100
1787766955,578.4500,578.4500,578.4500,578.4500
1787766957,578.4100,578.4100,578.4100,578.4100
1787766960,578.4600,578.4600,578.4600,578.4600
1787766970,578.4600,578.4600,578.4200,578.4200
1787766973,578.3500,578.3500,578.3200,578.3300
1787766975,578.3600,578.3600,578.3600,578.3600
1787766976,578.3400,578.3400,578.3400,578.3400
1787766977,578.2900,578.3400,578.2700,578.3400
1787766980,578.3400,578.3400,578.3400,578.3400
1787766984,578.2600,578.2600,578.2000,578.2000
1787766985,578.2300,578.2300,578.2300,578.2300
1787766991,578.1500,578.1500,577.6500,577.9550
1787766992,577.9600,577.9600,577.9600,577.9600
1787766995,578.0200,578.1700,578.0200,578.0800
1787766999,578.0800,578.1300,578.0400,578.0400
1787767002,578.0850,578.0850,578.0850,578.0850
1787767003,578.0300,578.0300,577.9500,577.9500
1787767009,578.0650,578.0650,578.0650,578.0650
1787767015,578.0850,578.0850,578.0850,578.0850
1787767024,578.1150,578.1150,578.1150,578.1150
1787767028,578.0200,578.0200,578.0000,578.0000
1787767030,578.0800,578.0800,578.0800,578.0800
1787767031,578.0800,578.0800,578.0450,578.0450
1787767032,578.0900,578.0900,578.0900,578.0900
1787767037,577.9500,577.9500,577.9500,577.9500
1787767043,577.9400,577.9400,577.9400,577.9400
1787767046,577.9300,577.9300,577.9300,577.9300
1787767050,577.9400,577.9400,577.8800,577.8800
1787767052,577.9400,577.9400,577.9400,577.9400
1787767059,577.9200,577.9200,577.9200,577.9200
1787767060,577.9200,577.9200,577.9200,577.9200
1787767069,577.9600,578.1200,577.9600,578.1200
1787767074,578.1600,578.2600,578.1600,578.2600
1787767075,578.3100,578.3100,578.3050,578.3050
1787767077,578.3400,578.3400,578.3400,578.3400
1787767079,578.3500,578.3500,578.3500,578.3500
1787767080,578.3500,578.3500,578.3500,578.3500
1787767081,578.3900,578.3900,578.3900,578.3900
1787767089,578.3500,578.3500,578.3500,578.3500
1787767090,578.3100,578.3100,578.3100,578.3100
1787767095,578.3000,578.3500,578.3000,578.3500
1787767098,578.4500,578.4500,578.4500,578.4500
1787767110,578.5400,578.5400,578.4800,578.4800
1787767114,578.5300,578.5300,578.5300,578.5300
1787767119,578.5500,578.5500,578.4800,578.4800
1787767122,578.4700,578.4700,578.4700,578.4700
1787767129,578.4700,578.4700,578.3300,578.3300
1787767132,578.3000,578.3000,578.3000,578.3000
1787767139,578.3600,578.3600,578.3600,578.3600
1787767142,578.3100,578.3100,578.3100,578.3100
1787767143,578.3100,578.3100,578.3000,578.3000
1787767150,578.2200,578.2200,578.2000,578.2000
1787767166,578.2300,578.2300,578.2300,578.2300
1787767167,578.1700,578.2300,578.1700,578.2300
1787767169,578.1400,578.1400,577.9700,578.0150
1787767170,577.9900,577.9900,577.9900,577.9900
1787767171,577.9900,577.9900,577.9900,577.9900
1787767176,578.0000,578.0000,577.8900,577.8900
1787767177,577.9600,577.9600,577.9600,577.9600
1787767179,578.0050,578.0050,578.0050,578.0050
1787767181,578.0300,578.0300,578.0300,578.0300
1787767182,578.0350,578.0350,578.0350,578.0350
1787767183,577.9900,578.0350,577.9900,577.9900
1787767186,577.9900,577.9900,577.9900,577.9900
1787767187,577.9900,577.9900,577.9900,577.9900
1787767188,577.9900,577.9900,577.9900,577.9900
1787767189,577.9900,578.0350,577.9900,578.0350
1787767194,578.0200,578.1000,578.0100,578.1000
1787767202,578.2000,578.2100,578.2000,578.2100
1787767203,578.2500,578.2650,578.2500,578.2650
1787767209,578.2500,578.2550,578.2500,578.2550
1787767213,578.2550,578.2550,578.2550,578.2550
1787767215,578.3000,578.3000,578.3000,578.3000
1787767218,578.2300,578.2300,578.2300,578.2300
1787767220,578.2600,578.2600,578.2600,578.2600
1787767225,578.1700,578.1700,578.1500,578.1500
1787767245,578.1900,578.2000,578.1900,578.2000
1787767249,578.1500,578.1600,578.0800,578.0800
1787767257,578.1500,578.2300,578.1500,578.2300
1787767259,578.2300,578.2300,578.2300,578.2300
1787767260,578.1600,578.1600,578.1600,578.1600
1787767263,578.1500,578.1600,578.1500,578.1600
1787767264,578.2300,578.3700,578.2300,578.3500
1787767269,578.4000,578.4000,578.4000,578.4000
1787767270,578.4400,578.4800,578.4400,578.4800
1787767276,578.4400,578.4400,578.4400,578.4400
1787767282,578.3800,578.3800,578.3700,578.3700
1787767283,578.5000,578.6200,578.5000,578.6200
1787767290,578.5200,578.5200,578.5200,578.5200
1787767292,578.5200,578.5200,578.5200,578.5200
1787767300,578.5200,578.5200,578.5200,578.5200
1787767301,578.5250,578.5300,578.5250,578.5300
1787767315,578.5350,578.5350,578.5350,578.5350
1787767316,578.5350,578.5350,578.5350,578.5350
1787767319,578.5300,578.5300,578.5200,578.5200
1787767320,578.5400,578.5400,578.5400,578.5400
1787767321,578.6000,578.6000,578.6000,578.6000
1787767323,578.5600,578.5600,578.5600,578.5600
1787767324,578.5950,578.5950,578.5950,578.5950
1787767327,578.6900,578.8000,578.6900,578.7600
1787767331,578.6000,578.7600,578.6000,578.7600
1787767333,578.6600,578.6600,578.6600,578.6600
1787767336,578.5700,578.5700,578.5700,578.5700
1787767339,578.6550,578.6550,578.6550,578.6550
1787767342,578.5400,578.5400,578.4600,578.4600
1787767344,578.5800,578.5800,578.5800,578.5800
1787767346,578.5350,578.5350,578.5350,578.5350
1787767347,578.5800,578.5800,578.5800,578.5800
1787767348,578.5900,578.5900,578.5900,578.5900
1787767349,578.5900,578.5900,578.5900,578.5900
1787767350,578.5900,578.6100,578.5900,578.6100
1787767353,578.7600,578.7600,578.7600,578.7600
1787767356,578.6000,578.6000,578.5900,578.5900
1787767369,578.5650,578.5650,578.5650,578.5650
1787767372,578.5800,578.5800,578.5800,578.5800
1787767375,578.5600,578.5600,578.5600,578.5600
1787767379,578.6000,578.6500,578.6000,578.6500
1787767380,578.6400,578.6400,578.6400,578.6400
1787767381,578.6200,578.6200,578.6100,578.6100
1787767383,578.6150,578.6150,578.6150,578.6150
1787767385,578.6150,578.6150,578.6150,578.6150
1787767386,578.6150,578.6150,578.6150,578.6150
1787767388,578.6150,578.6150,578.6150,578.6150
1787767390,578.6500,578.6500,578.6500,578.6500
1787767392,578.6150,578.6150,578.6150,578.6150
1787767393,578.6600,578.6600,578.6600,578.6600
1787767395,578.6250,578.6250,578.6250,578.6250
1787767399,578.5700,578.5700,578.5700,578.5700
1787767400,578.6200,578.6200,578.6200,578.6200
1787767406,578.6200,578.6200,578.6200,578.6200
1787767408,578.6200,578.6200,578.6200,578.6200
1787767409,578.6200,578.6900,578.6200,578.6900
1787767412,578.6200,578.6200,578.6200,578.6200
1787767414,578.6900,578.6900,578.6900,578.6900
1787767415,578.7400,578.7400,578.7400,578.7400
1787767417,578.7900,578.7900,578.7900,578.7900
1787767418,578.7100,578.7100,578.7100,578.7100
1787767419,578.7050,578.7050,578.7050,578.7050
1787767423,578.6500,578.6500,578.6400,578.6400
1787767427,578.7400,578.7400,578.7400,578.7400
1787767428,578.8000,578.8500,578.8000,578.8500
1787767430,578.8900,579.0350,578.8900,579.0350
1787767431,578.9800,579.0300,578.8800,579.0300
1787767435,578.9400,578.9400,578.9400,578.9400
1787767437,578.9500,578.9600,578.9500,578.9600
1787767442,578.9300,578.9300,578.8900,578.8900
1787767446,578.9600,578.9600,578.9600,578.9600
1787767461,578.9500,578.9500,578.8600,578.9450
1787767462,578.8900,578.8900,578.8900,578.8900
1787767464,578.8300,578.8300,578.8100,578.8100
1787767475,578.7300,578.7300,578.7300,578.7300
1787767476,578.7750,578.7750,578.7750,578.7750
1787767478,578.7550,578.7550,578.7550,578.7550
1787767481,578.7900,578.8500,578.7900,578.8500
1787767482,578.7900,578.7900,578.7300,578.7300
1787767483,578.6700,578.7100,578.6700,578.7100
1787767485,578.6700,578.6700,578.6700,578.6700
1787767487,578.6200,578.6200,578.5800,578.5900
1787767489,578.5900,578.5900,578.5400,578.5600
1787767501,578.6300,578.6400,578.6300,578.6400
1787767503,578.6500,578.6700,578.6500,578.6500
1787767505,578.7100,578.7300,578.7100,578.7300
1787767508,578.6500,578.6500,578.6500,578.6500
1787767509,578.7200,578.7200,578.7200,578.7200
1787767510,578.7200,578.7200,578.7200,578.7200
1787767511,578.7300,578.7300,578.6900,578.6900
1787767512,578.6200,578.6200,578.6100,578.6100
1787767514,578.6100,578.6100,578.6100,578.6100
1787767518,578.6800,578.6800,578.6600,578.6600
1787767522,578.6600,578.6600,578.6600,578.6600
1787767523,578.6600,578.6600,578.6600,578.6600
1787767524,578.6850,578.6850,578.6850,578.6850
1787767526,578.6600,578.6600,578.6600,578.6600
1787767534,578.6700,578.7100,578.6700,578.7100
1787767535,578.6000,578.6000,578.5300,578.5300
1787767539,578.5200,578.5200,578.4000,578.4000
1787767545,578.4400,578.4400,578.4400,578.4400
1787767547,578.3700,578.3700,578.3600,578.3600
1787767549,578.3600,578.3600,578.3600,578.3600
1787767550,578.3350,578.3350,578.3350,578.3350
1787767552,578.2800,578.2800,578.2800,578.2800
1787767560,578.2600,578.2600,578.1300,578.1600
1787767568,578.3400,578.3700,578.3400,578.3700
1787767572,578.3700,578.3700,578.3700,578.3700
1787767576,578.3700,578.3700,578.3700,578.3700
1787767578,578.3700,578.4000,578.3700,578.4000
1787767590,578.4900,578.5300,578.4650,578.4650
1787767595,578.4550,578.4550,578.4550,578.4550
1787767602,578.4200,578.4200,578.3550,578.3600
1787767604,578.3500,578.3500,578.3500,578.3500
1787767607,578.3000,578.3000,578.3000,578.3000
1787767617,578.3300,578.3600,578.3300,578.3600
1787767618,578.3700,578.3700,578.3700,578.3700
1787767622,578.3250,578.3250,578.3250,578.3250
1787767623,578.3250,578.3250,578.3250,578.3250
1787767627,578.3000,578.3000,578.2700,578.2700
1787767628,578.2200,578.2200,578.1300,578.1800
1787767629,578.1800,578.1800,578.1000,578.1000
1787767630,578.1000,578.1000,578.0600,578.0600
1787767631,578.1000,578.1100,578.1000,578.1100
1787767634,578.0900,578.0900,578.0900,578.0900
1787767643,578.0500,578.0500,578.0300,578.0300
1787767644,578.0900,578.0900,578.0900,578.0900
1787767645,578.1000,578.1000,578.1000,578.1000
1787767654,578.1200,578.1350,578.0900,578.0900
1787767657,578.1000,578.1000,578.1000,578.1000
1787767662,578.1050,578.1500,578.1050,578.1500
1787767663,578.1500,578.1500,578.1500,578.1500
1787767665,578.1100,578.1100,578.1100,578.1100
1787767666,578.1000,578.1000,578.1000,578.1000
1787767667,578.0700,578.0700,577.9650,577.9650
1787767677,577.9500,577.9500,577.9500,577.9500
1787767680,577.9500,578.0300,577.9500,578.0100
1787767681,578.0650,578.0650,578.0650,578.0650
1787767685,578.1300,578.1300,578.1300,578.1300
1787767686,578.1200,578.1200,578.1200,578.1200
1787767687,578.1700,578.1700,578.1700,578.1700
1787767690,578.2500,578.2500,578.1850,578.1850
1787767712,578.1850,578.1850,578.0400,578.0400
1787767724,578.1050,578.1050,578.1050,578.1050
1787767732,578.0400,578.0400,578.0400,578.0400
1787767746,578.0000,578.0000,577.9600,577.9750
1787767751,577.9400,577.9400,577.9400,577.9400
1787767752,577.8900,577.8900,577.7600,577.8600
1787767756,577.8500,577.8500,577.8500,577.8500
1787767757,577.8600,577.8600,577.8600,577.8600
1787767776,577.9300,577.9500,577.9300,577.9500
1787767777,577.9850,577.9850,577.9850,577.9850
1787767782,577.9900,577.9900,577.9900,577.9900
1787767786,577.9700,577.9700,577.9700,577.9700
1787767788,577.9100,577.9100,577.9100,577.9100
1787767794,577.8500,577.8500,577.8500,577.8500
1787767797,577.8300,577.8300,577.8300,577.8300
1787767798,577.8300,577.8300,577.8300,577.8300
1787767806,577.8600,577.8700,577.8600,577.8700
1787767815,577.8300,577.8300,577.6000,577.6000
1787767822,577.5500,577.6600,577.5300,577.6600
1787767824,577.5400,577.5400,577.5000,577.5000
1787767825,577.5650,577.5650,577.5650,577.5650
1787767828,577.5900,577.5900,577.5900,577.5900
1787767831,577.5000,577.5000,577.5000,577.5000
1787767833,577.5000,577.5300,577.5000,577.5300
1787767834,577.5300,577.5300,577.5300,577.5300
1787767837,577.4500,577.4500,577.4000,577.4000
1787767838,577.4500,577.4500,577.4400,577.4400
1787767839,577.4000,577.4000,577.4000,577.4000
1787767840,577.4200,577.4200,577.4200,577.4200
1787767841,577.4200,577.4200,577.4200,577.4200
1787767844,577.4200,577.4200,577.4100,577.4100
1787767845,577.4100,577.4100,577.4000,577.4000
1787767848,577.3900,577.3900,577.3900,577.3900
1787767849,577.3900,577.3900,577.3900,577.3900
1787767850,577.4000,577.4000,577.3900,577.3900
1787767852,577.3600,577.3900,577.2500,577.3000
1787767856,577.3400,577.3400,577.3400,577.3400
1787767857,577.2500,577.2700,577.2200,577.2200
1787767861,577.1300,577.1300,577.1150,577.1150
1787767863,577.1100,577.1400,577.1100,577.1400
1787767864,577.1600,577.1600,577.1400,577.1400
1787767865,577.1000,577.1000,576.8300,576.8300
1787767866,576.6900,576.7300,576.6800,576.7300
1787767872,576.6100,576.6100,576.5200,576.5200
1787767875,576.6100,576.6200,576.6000,576.6000
1787767880,576.7200,576.7400,576.7200,576.7400
1787767889,576.6800,576.6800,576.6800,576.6800
1787767895,576.7400,576.8200,576.7200,576.8200
1787767896,576.9200,576.9300,576.9200,576.9300
1787767897,576.9900,576.9900,576.9900,576.9900
1787767898,577.1000,577.1000,577.1000,577.1000
1787767900,577.2000,577.2000,577.2000,577.2000
1787767904,577.1950,577.1950,577.1950,577.1950
1787767906,577.1900,577.1900,577.1700,577.1700
1787767908,577.1600,577.1600,577.1100,577.1100
1787767909,577.1300,577.1300,577.1300,577.1300
1787767912,577.2000,577.2200,577.2000,577.2200
1787767916,577.2500,577.3300,577.2500,577.3300
1787767918,577.3200,577.3200,577.3200,577.3200
1787767922,577.3100,577.3100,577.2500,577.2500
1787767923,577.2500,577.2500,577.1400,577.1400
1787767927,577.0900,577.0900,577.0000,577.0000
1787767932,576.9700,576.9700,576.9700,576.9700
1787767933,576.9600,576.9600,576.9600,576.9600
1787767934,576.9600,576.9600,576.9600,576.9600
1787767937,577.0000,577.0850,577.0000,577.0200
1787767938,577.0400,577.0400,577.0400,577.0400
1787767942,577.1100,577.1100,577.1100,577.1100
1787767948,577.0100,577.0100,577.0000,577.0000
1787767950,577.0700,577.0700,577.0700,577.0700
1787767956,576.9700,576.9700,576.9700,576.9700
1787767967,577.0000,577.0000,577.0000,577.0000
1787767968,577.0150,577.0150,576.8700,576.9000
1787767974,576.9300,576.9300,576.8900,576.8900
1787767976,576.8900,576.8900,576.7300,576.8100
1787767977,576.7800,576.7800,576.7800,576.7800
1787767978,576.7200,576.7600,576.6900,576.7600
1787767983,576.6700,576.6700,576.5700,576.5900
1787767984,576.7100,576.7900,576.7100,576.7900
1787767985,576.7400,576.7400,576.7000,576.7000
1787767987,576.6900,576.6900,576.6900,576.6900
1787768001,576.7700,576.7700,576.7700,576.7700
1787768003,576.7750,576.7750,576.7750,576.7750
1787768004,576.7900,576.8500,576.7900,576.8500
1787768005,576.8100,576.8100,576.8000,576.8000
1787768008,576.8300,576.8300,576.8300,576.8300
1787768011,576.8500,576.8500,576.8500,576.8500
1787768012,576.8200,576.8200,576.8100,576.8100
1787768015,576.8100,576.8100,576.8100,576.8100
1787768017,576.8800,576.8800,576.7700,576.7700
1787768018,576.7900,576.7900,576.7900,576.7900
1787768020,576.8100,576.8100,576.8100,576.8100
1787768023,576.8100,576.8100,576.8100,576.8100
1787768026,576.8000,576.8000,576.8000,576.8000
1787768027,576.8100,576.8100,576.8100,576.8100
1787768029,576.8700,577.1000,576.8700,577.0400
1787768030,576.9900,576.9900,576.9500,576.9500
1787768033,576.8700,576.8700,576.8700,576.8700
1787768040,576.9400,577.0000,576.9400,576.9700
1787768043,577.0150,577.0150,577.0150,577.0150
1787768045,577.0000,577.0000,576.9900,576.9900
1787768053,576.9900,576.9900,576.9300,576.9300
1787768055,577.0100,577.0100,577.0100,577.0100
1787768056,577.0300,577.0700,577.0300,577.0700
1787768058,577.0900,577.1100,577.0900,577.1100
1787768059,577.0600,577.0600,577.0500,577.0500
1787768060,577.0700,577.0800,577.0200,577.0200
1787768062,577.0200,577.0200,577.0100,577.0100
1787768063,577.0400,577.0400,577.0400,577.0400
1787768066,577.0000,577.0000,577.0000,577.0000
1787768070,577.0500,577.0500,577.0500,577.0500
1787768075,577.0600,577.0800,576.7500,576.7500
1787768077,576.7700,576.7700,576.7700,576.7700
1787768079,576.8200,576.8300,576.8200,576.8300
1787768080,576.7700,576.7700,576.7600,576.7600
1787768082,576.7400,576.7400,576.6700,576.6700
1787768084,576.7600,576.7600,576.6800,576.6800
1787768085,576.7500,576.7600,576.7500,576.7600
1787768087,576.7300,576.7300,576.7300,576.7300
1787768092,576.7600,576.7600,576.7600,576.7600
1787768097,576.7800,576.7800,576.7800,576.7800
1787768099,576.7800,576.7800,576.7800,576.7800
1787768101,576.7800,576.7800,576.7800,576.7800
1787768104,576.7200,576.7200,576.6900,576.7100
1787768105,576.6700,576.6700,576.6500,576.6500
1787768106,576.6200,576.6200,576.6100,576.6100
1787768109,576.6600,576.6700,576.6600,576.6700
1787768110,576.7100,576.7100,576.6500,576.6500
1787768118,576.7200,576.7200,576.7200,576.7200
1787768121,576.7700,576.7700,576.7700,576.7700
1787768122,576.8400,576.8400,576.8400,576.8400
1787768124,576.8500,576.8500,576.8500,576.8500
1787768129,576.9200,577.1500,576.9200,577.1500
1787768130,577.0300,577.0300,577.0200,577.0200
1787768136,577.0700,577.1800,577.0700,577.0900
1787768141,577.0800,577.0800,577.0800,577.0800
1787768142,576.9800,576.9800,576.9300,576.9300
1787768143,577.0000,577.0800,577.0000,577.0800
1787768149,577.1000,577.1000,577.1000,577.1000
1787768152,577.0200,577.0600,577.0200,577.0600
1787768153,577.1000,577.1000,577.1000,577.1000
1787768155,577.1000,577.1000,577.1000,577.1000
1787768157,577.1000,577.1000,577.1000,577.1000
1787768160,577.1100,577.1100,577.1000,577.1000
1787768162,577.1500,577.2500,577.1500,577.2500
1787768167,577.2200,577.2600,577.2200,577.2600
1787768171,577.3000,577.3200,577.3000,577.3200
1787768175,577.3000,577.3000,577.3000,577.3000
1787768177,577.3900,577.5500,577.3900,577.5500
1787768179,577.5450,577.5450,577.5450,577.5450
1787768183,577.5400,577.5400,577.5400,577.5400
1787768184,577.5400,577.5400,577.5400,577.5400
1787768185,577.5000,577.5400,577.5000,577.5400
1787768187,577.5800,577.5800,577.5800,577.5800
1787768189,577.4800,577.4800,577.4800,577.4800
1787768191,577.4900,577.4900,577.4700,577.4700
1787768192,577.5200,577.5550,577.5200,577.5550
1787768194,577.5900,577.6100,577.5900,577.6100
1787768198,577.5800,577.5800,577.5700,577.5700
1787768202,577.6600,577.6600,577.6600,577.6600
1787768207,577.6700,577.7000,577.6700,577.7000
1787768208,577.7100,577.7400,577.7100,577.7400
1787768211,577.7100,577.7100,577.6200,577.6200
1787768214,577.6400,577.6400,577.6000,577.6100
1787768219,577.5800,577.5800,577.5000,577.5000
1787768221,577.5800,577.5800,577.5800,577.5800
1787768225,577.6300,577.6300,577.6300,577.6300
1787768228,577.6300,577.6300,577.6300,577.6300
1787768230,577.6300,577.6300,577.6300,577.6300
1787768233,577.6900,577.7200,577.6900,577.6900
1787768248,577.7000,577.7500,577.7000,577.7400
1787768250,577.7600,577.8000,577.7600,577.7700
1787768253,577.8400,577.8400,577.8400,577.8400
1787768255,577.9000,577.9300,577.9000,577.9300
1787768262,577.9300,577.9300,577.8500,577.8700
1787768264,577.8900,577.9200,577.8900,577.9200
1787768268,577.9700,578.0000,577.9700,578.0000
1787768273,578.1500,578.1500,578.1500,578.1500
1787768282,578.1700,578.1700,578.1700,578.1700
1787768284,578.1800,578.1900,578.1800,578.1900
1787768288,578.1900,578.1900,578.1100,578.1400
1787768295,578.1500,578.1500,578.1500,578.1500
1787768300,578.0800,578.1150,578.0300,578.1150
1787768301,578.0400,578.0400,578.0000,578.0000
1787768306,578.0200,578.0200,578.0050,578.0200
1787768311,578.0100,578.0100,578.0100,578.0100
1787768316,578.0700,578.0700,578.0700,578.0700
1787768318,578.0200,578.0200,578.0200,578.0200
1787768319,578.0000,578.0000,578.0000,578.0000
1787768326,578.0600,578.1600,578.0600,578.0650
1787768327,578.0600,578.0600,578.0600,578.0600
1787768337,578.0600,578.0600,578.0600,578.0600
1787768341,578.0750,578.0750,578.0750,578.0750
1787768342,578.1000,578.2100,578.1000,578.2100
1787768343,578.2400,578.3000,578.2400,578.3000
1787768344,578.3100,578.3100,578.2800,578.2800
1787768348,578.3400,578.3500,578.3400,578.3500
1787768350,578.3800,578.4050,578.3800,578.4050
1787768352,578.4300,578.4400,578.4300,578.4400
1787768353,578.3900,578.3900,578.2100,578.2100
1787768362,578.3000,578.3000,578.3000,578.3000
1787768369,578.2500,578.2500,578.2500,578.2500
1787768375,578.2150,578.2150,578.2150,578.2150
1787768379,578.2100,578.2100,578.2100,578.2100
1787768380,578.2100,578.2100,578.2100,578.2100
1787768386,578.3400,578.3500,578.3400,578.3500
1787768388,578.3100,578.3350,578.2800,578.3350
1787768389,578.3000,578.3000,578.2100,578.2400
1787768391,578.2500,578.2500,578.2500,578.2500
1787768393,578.1800,578.1800,578.0500,578.0500
1787768395,578.0700,578.0700,578.0000,578.0000
1787768399,577.9200,577.9200,577.9100,577.9100
1787768400,577.9300,577.9300,577.9300,577.9300
1787768401,577.9300,577.9300,577.9300,577.9300
1787768411,577.8500,577.8500,577.8500,577.8500
1787768412,577.8900,577.8900,577.8500,577.8500
1787768413,577.9200,578.0000,577.9200,578.0000
1787768417,578.0100,578.1900,578.0100,578.1900
1787768418,578.1900,578.1900,578.1900,578.1900
1787768420,578.2500,578.2900,578.2500,578.2900
1787768425,578.3100,578.3100,578.3100,578.3100
1787768433,578.3500,578.3500,578.3500,578.3500
1787768435,578.4400,578.4400,578.4400,578.4400
1787768436,578.4400,578.5400,578.4400,578.5400
1787768440,578.5800,578.5900,578.5600,578.5600
1787768441,578.5800,578.5900,578.5600,578.5900
1787768447,578.6000,578.6300,578.6000,578.6300
1787768449,578.6500,578.6500,578.6500,578.6500
1787768451,578.7000,578.7000,578.7000,578.7000
1787768452,578.7400,578.8000,578.7400,578.8000
1787768453,578.7150,578.7150,578.7150,578.7150
1787768454,578.7150,578.7150,578.7150,578.7150
1787768455,578.7150,578.7150,578.7150,578.7150
1787768456,578.6800,578.6800,578.6800,578.6800
1787768457,578.6200,578.6200,578.6000,578.6000
1787768460,578.5400,578.5400,578.5000,578.5000
1787768466,578.5000,578.5000,578.4900,578.4900
1787768470,578.4900,578.4900,578.4900,578.4900
1787768475,578.5100,578.5100,578.5100,578.5100
1787768477,578.5000,578.5100,578.4900,578.5100
1787768479,578.5500,578.5500,578.5500,578.5500
1787768480,578.5400,578.5400,578.3700,578.3700
1787768484,578.3900,578.4100,578.3900,578.4100
1787768488,578.3200,578.3200,578.2300,578.2600
1787768493,578.2900,578.2900,578.2900,578.2900
1787768497,578.3600,578.3600,578.3600,578.3600
1787768504,578.3600,578.3600,578.3600,578.3600
1787768514,578.3600,578.3900,578.3600,578.3900
1787768516,578.3600,578.3600,578.3600,578.3600
1787768517,578.3600,578.3600,578.3600,578.3600
1787768518,578.3600,578.3900,578.3600,578.3900
1787768519,578.3200,578.3200,578.2900,578.3200
1787768529,578.3400,578.3600,578.3300,578.3400
1787768531,578.3500,578.3500,578.3500,578.3500
1787768535,578.3000,578.3000,578.2900,578.2900
1787768538,578.2600,578.2600,578.2600,578.2600
1787768540,578.2400,578.2400,578.2000,578.2000
1787768542,578.2500,578.2900,578.2200,578.2200
1787768543,578.2600,578.2600,578.2600,578.2600
1787768544,578.2300,578.2300,578.1900,578.2250
1787768546,578.2000,578.2000,578.1600,578.1600
1787768552,578.2300,578.4000,578.2300,578.4000
1787768553,578.4800,578.5100,578.4800,578.5100
1787768555,578.5500,578.6400,578.5500,578.6400
1787768557,578.6100,578.6100,578.5400,578.5500
1787768558,578.5750,578.5750,578.5000,578.5000
1787768560,578.5250,578.5250,578.5250,578.5250
1787768563,578.5200,578.5200,578.5200,578.5200
1787768564,578.6000,578.6100,578.6000,578.6100
1787768566,578.6200,578.6300,578.6200,578.6300
1787768570,578.6600,578.6900,578.6600,578.6800
1787768571,578.6500,578.6500,578.6400,578.6400
1787768574,578.6400,578.7300,578.5600,578.5600
1787768584,578.5500,578.5500,578.5500,578.5500
1787768590,578.5600,578.5600,578.5600,578.5600
1787768592,578.5600,578.6100,578.5600,578.6100
1787768596,578.5100,578.5100,578.4600,578.5100
1787768600,578.5000,578.5000,578.5000,578.5000
1787768602,578.4650,578.4650,578.4650,578.4650
1787768604,578.4700,578.4700,578.4700,578.4700
1787768605,578.4200,578.4200,578.4200,578.4200
1787768609,578.4100,578.4100,578.3000,578.3000
1787768610,578.2000,578.2000,578.1500,578.1500
1787768611,578.0600,578.0600,578.0000,578.0000
1787768613,577.9100,577.9100,577.9100,577.9100
1787768615,577.9850,577.9900,577.9000,577.9100
1787768616,577.9400,577.9400,577.9400,577.9400
1787768617,577.9700,577.9800,577.8200,577.8700
1787768618,577.8400,577.9000,577.7400,577.9000
1787768621,577.8600,577.8600,577.8600,577.8600
1787768622,577.8100,577.8100,577.7400,577.7400
1787768624,577.6200,577.6400,577.5200,577.5300
1787768628,577.6600,577.6600,577.6600,577.6600
1787768631,577.7200,577.7700,577.7200,577.7700
1787768634,577.7500,577.7500,577.6950,577.6950
1787768635,577.7000,577.7000,577.7000,577.7000
1787768637,577.6900,577.6900,577.6900,577.6900
1787768645,577.7700,577.7700,577.7700,577.7700
1787768646,577.7100,577.7100,577.7100,577.7100
1787768654,577.7800,577.7800,577.7800,577.7800
1787768658,577.7400,577.7400,577.6600,577.6600
1787768660,577.7900,577.8200,577.7500,577.7800
1787768661,577.7200,577.7500,577.7200,577.7500
1787768665,577.8100,577.8100,577.8100,577.8100
1787768667,577.7350,577.7350,577.6000,577.6000
1787768677,577.5100,577.5100,577.4800,577.4800
1787768681,577.4800,577.4800,577.4800,577.4800
1787768683,577.4500,577.4900,577.4500,577.4900
1787768693,577.4100,577.4500,577.2900,577.3100
1787768695,577.2200,577.2200,577.1500,577.1800
1787768696,577.0900,577.1500,577.0900,577.1500
1787768709,577.1500,577.2150,577.1500,577.2150
1787768710,577.2050,577.2050,577.2050,577.2050
1787768711,577.2000,577.2000,577.1850,577.1850
1787768720,577.2050,577.2100,577.2050,577.2050
1787768721,577.2400,577.2500,577.2300,577.2300
1787768722,577.2400,577.2400,577.2400,577.2400
1787768731,577.1900,577.1900,577.1700,577.1700
1787768732,577.1300,577.1300,577.0000,577.0800
1787768736,577.0900,577.1000,577.0900,577.1000
1787768738,577.1500,577.1500,577.1500,577.1500
1787768747,577.2000,577.2000,577.1400,577.1400
1787768757,577.1500,577.1500,577.1500,577.1500
1787768772,577.2800,577.3300,577.2750,577.2900
1787768773,577.3300,577.3300,577.3300,577.3300
1787768784,577.2950,577.2950,577.2950,577.2950
1787768787,577.3600,577.4100,577.3500,577.3500
1787768788,577.4300,577.4300,577.3500,577.4300
1787768792,577.4300,577.4400,577.4300,577.4400
1787768793,577.5000,577.5000,577.5000,577.5000
1787768806,577.3600,577.3600,577.3600,577.3600
1787768812,577.4000,577.4000,577.4000,577.4000
1787768815,577.3600,577.3600,577.3600,577.3600
1787768818,577.3200,577.3200,577.2200,577.2400
1787768824,577.3150,577.3150,577.3150,577.3150
1787768828,577.2500,577.2500,577.2200,577.2200
1787768829,577.1500,577.1500,577.1300,577.1500
1787768830,577.1200,577.1200,577.0800,577.0800
1787768831,577.0400,577.1050,576.9200,577.1050
1787768834,577.0700,577.0800,577.0700,577.0800
1787768836,577.1500,577.1500,577.1500,577.1500
1787768837,577.2500,577.2500,577.2500,577.2500
1787768838,577.2250,577.2250,577.2250,577.2250
1787768846,577.2100,577.2100,577.2100,577.2100
1787768858,577.2750,577.2750,577.2750,577.2750
1787768860,577.3100,577.3600,577.3100,577.3100
1787768863,577.3600,577.3600,577.3600,577.3600
1787768866,577.4100,577.4100,577.4100,577.4100
1787768876,577.6900,577.7000,577.6900,577.7000
1787768878,577.6900,577.6900,577.6300,577.6300
1787768879,577.7600,577.7700,577.7600,577.7700
1787768881,577.7100,577.7100,577.7100,577.7100
1787768885,577.6600,577.6600,577.6600,577.6600
1787768893,577.5900,577.5900,577.5900,577.5900
1787768903,577.5900,577.5900,577.5900,577.5900
1787768914,577.6300,577.6300,577.6100,577.6100
1787768916,577.6100,577.6100,577.5500,577.5500
1787768917,577.5500,577.5500,577.5100,577.5100
1787768923,577.5700,577.5700,577.5700,577.5700
1787768930,577.6300,577.6700,577.6300,577.6300
1787768934,577.6900,577.7650,577.6100,577.6200
1787768935,577.6700,577.6700,577.6700,577.6700
1787768936,577.6800,577.6800,577.6800,577.6800
1787768941,577.7200,577.7200,577.7200,577.7200
1787768949,577.6800,577.6800,577.6500,577.6500
1787768957,577.6500,577.6500,577.6100,577.6400
1787768960,577.6400,577.6400,577.6400,577.6400
1787768964,577.6800,577.6900,577.5600,577.5600
1787768970,577.5500,577.5500,577.5500,577.5500
1787768978,577.6000,577.6600,577.6000,577.6500
1787768980,577.6000,577.6200,577.5700,577.6200
1787768982,577.5700,577.5700,577.5500,577.5500
1787768983,577.5700,577.5700,577.5700,577.5700
1787768988,577.6000,577.6000,577.6000,577.6000
1787768992,577.6500,577.6800,577.6500,577.6800
1787768995,577.8300,577.8700,577.8300,577.8600
1787769009,577.8000,577.8100,577.8000,577.8100
1787769012,577.8600,577.9100,577.8600,577.9100
1787769013,577.9100,577.9100,577.9100,577.9100
1787769015,577.9500,577.9500,577.9500,577.9500
1787769016,577.9500,577.9600,577.9500,577.9600
1787769018,577.9300,577.9300,577.9300,577.9300
1787769023,577.9700,578.0500,577.9700,578.0500
1787769028,578.1000,578.1000,578.1000,578.1000
1787769033,578.1100,578.1100,578.1000,578.1000
1787769038,578.0800,578.1650,578.0500,578.1650
1787769039,578.1750,578.1750,578.1750,578.1750
1787769044,578.1900,578.2300,578.1600,578.1600
1787769049,578.1800,578.1800,578.1600,578.1700
1787769050,578.1950,578.1950,578.1950,578.1950
1787769053,578.2400,578.2400,578.2400,578.2400
1787769060,578.3700,578.3700,578.3700,578.3700
1787769061,578.3050,578.3050,578.3050,578.3050
1787769066,578.3100,578.3200,578.3100,578.3200
1787769068,578.3100,578.3100,578.3050,578.3100
1787769080,578.3700,578.4100,578.3700,578.4100
1787769082,578.3300,578.3300,578.2800,578.3100
1787769085,578.3100,578.3100,578.3100,578.3100
1787769091,578.3300,578.3300,578.3300,578.3300
1787769098,578.3050,578.3050,578.3050,578.3050
1787769099,578.3300,578.3300,578.3200,578.3200
1787769102,578.3050,578.3050,578.3050,578.3050
1787769103,578.3100,578.3100,578.3100,578.3100
1787769104,578.3000,578.3000,578.2800,578.2800
1787769117,578.2600,578.2600,578.2200,578.2500
1787769118,578.2650,578.2650,578.2650,578.2650
1787769122,578.3000,578.3000,578.3000,578.3000
1787769124,578.3300,578.3500,578.3300,578.3500
1787769136,578.3000,578.3000,578.2300,578.2300
1787769145,578.2000,578.2000,578.1500,578.1500
1787769147,578.1050,578.1050,578.1050,578.1050
1787769162,578.0900,578.0900,578.0900,578.0900
1787769164,578.1400,578.3300,578.1400,578.3300
1787769165,578.2900,578.2900,578.2900,578.2900
1787769170,578.2300,578.2300,578.2100,578.2100
1787769173,578.1400,578.1600,578.1300,578.1600
1787769174,578.1950,578.1950,578.1950,578.1950
1787769175,578.1950,578.2500,578.1950,578.2500
1787769177,578.1900,578.1900,578.1500,578.1800
1787769179,578.1800,578.1800,578.1800,578.1800
1787769183,578.1800,578.1800,578.1800,578.1800
1787769190,578.2400,578.2500,578.2400,578.2400
1787769195,578.2400,578.2400,578.1900,578.1900
1787769197,578.2100,578.2100,578.2100,578.2100
1787769201,578.2400,578.2400,578.2400,578.2400
1787769207,578.2200,578.2200,578.2200,578.2200
1787769210,578.2600,578.2900,578.2600,578.2900
1787769211,578.2700,578.2700,578.2600,578.2600
1787769212,578.3250,578.3250,578.3100,578.3100
1787769222,578.3200,578.3200,578.2800,578.2800
1787769224,578.3100,578.3100,578.3100,578.3100
1787769225,578.3600,578.4400,578.3600,578.4400
1787769226,578.4700,578.4700,578.4200,578.4200
1787769227,578.4700,578.4700,578.3400,578.3400
1787769236,578.4000,578.4000,578.4000,578.4000
1787769238,578.4400,578.4400,578.3700,578.4000
1787769239,578.3750,578.3750,578.3600,578.3600
1787769244,578.3500,578.3500,578.2800,578.2800
1787769247,578.3150,578.3150,578.3150,578.3150
1787769249,578.2650,578.2650,578.2650,578.2650
1787769252,578.2600,578.2600,578.2350,578.2350
1787769253,578.2000,578.2000,578.1700,578.1700
1787769254,578.2000,578.2200,578.2000,578.2200
1787769258,578.1900,578.1900,578.1900,578.1900
1787769259,578.1700,578.1700,578.1000,578.1000
1787769260,578.0900,578.0900,578.0900,578.0900
1787769262,578.1300,578.2800,578.1300,578.2100
1787769263,578.1900,578.1900,578.1900,578.1900
1787769280,578.1900,578.1900,578.1000,578.1000
1787769286,578.1000,578.1300,578.0900,578.1300
1787769302,578.1050,578.1050,578.1050,578.1050
1787769303,578.0800,578.0800,578.0200,578.0600
1787769304,578.1400,578.2000,578.1400,578.2000
1787769310,578.2400,578.3000,578.2400,578.3000
1787769324,578.3050,578.3050,578.3050,578.3050
1787769331,578.3500,578.4800,578.3500,578.3800
1787769337,578.3750,578.3750,578.3750,578.3750
1787769366,578.4200,578.4200,578.4200,578.4200
1787769369,578.4700,578.5000,578.4700,578.4700
1787769371,578.4700,578.4700,578.4700,578.4700
1787769384,578.4500,578.4900,578.3500,578.3900
1787769385,578.4000,578.4000,578.4000,578.4000
1787769388,578.4000,578.4000,578.4000,578.4000
1787769390,578.4200,578.4200,578.3350,578.3350
1787769400,578.3100,578.3100,578.3100,578.3100
1787769401,578.3200,578.3300,578.3200,578.3300
1787769404,578.3300,578.3300,578.3300,578.3300
1787769407,578.3500,578.3500,578.3500,578.3500
1787769409,578.3900,578.4000,578.3800,578.3800
1787769412,578.4400,578.4400,578.4400,578.4400
1787769416,578.4900,578.4900,578.4900,578.4900
1787769417,578.4900,578.4900,578.4900,578.4900
1787769418,578.5000,578.6600,578.5000,578.5400
1787769419,578.4800,578.4800,578.4000,578.4000
1787769421,578.4000,578.4000,578.3900,578.3900
1787769428,578.4400,578.4600,578.4400,578.4600
1787769433,578.4000,578.4000,578.4000,578.4000
1787769434,578.3700,578.3700,578.3300,578.3600
1787769438,578.3900,578.3900,578.3900,578.3900
1787769440,578.3200,578.3200,578.3000,578.3000
1787769441,578.3550,578.3550,578.3550,578.3550
1787769445,578.3200,578.3200,578.3000,578.3000
1787769451,578.2600,578.2600,578.2600,578.2600
1787769466,578.2100,578.2100,578.2000,578.2000
1787769470,578.2300,578.2500,578.2300,578.2500
1787769473,578.2800,578.3000,578.2800,578.3000
1787769474,578.2900,578.2900,578.2900,578.2900
1787769482,578.3000,578.3000,578.2700,578.2700
1787769484,578.3000,578.3400,578.3000,578.3400
1787769486,578.3100,578.3100,578.2700,578.2700
1787769496,578.2050,578.2050,578.2050,578.2050
1787769506,578.1000,578.1000,578.1000,578.1000
1787769512,578.0900,578.1150,578.0700,578.1150
1787769543,578.1600,578.1600,578.1500,578.1500
1787769549,578.1500,578.1500,578.1500,578.1500
1787769553,578.1800,578.2100,578.1800,578.2100
1787769557,578.2600,578.3600,578.2600,578.3600
1787769577,578.3400,578.3400,578.2900,578.2900
1787769582,578.2300,578.2800,578.2000,578.2800
1787769589,578.2000,578.2000,578.1000,578.1000
1787769590,578.2200,578.2200,578.1000,578.1000
1787769591,578.0800,578.0800,578.0800,578.0800
1787769598,578.1700,578.1700,578.1700,578.1700
1787769601,578.1600,578.1600,578.1600,578.1600
1787769602,578.1300,578.1350,578.1300,578.1350
1787769603,578.1000,578.1000,577.9500,577.9500
1787769606,578.0600,578.0600,578.0000,578.0600
1787769607,578.0700,578.0700,578.0700,578.0700
1787769611,578.0400,578.0400,578.0400,578.0400
1787769616,578.0400,578.0400,578.0400,578.0400
1787769618,578.0600,578.0900,578.0600,578.0600
1787769621,578.0800,578.0800,578.0800,578.0800
1787769625,578.0700,578.0700,578.0700,578.0700
1787769626,578.0500,578.0550,578.0300,578.0400
1787769629,578.0800,578.1100,578.0800,578.1100
1787769635,578.1200,578.1200,578.1200,578.1200
1787769638,578.1300,578.1800,578.1300,578.1800
1787769640,578.2000,578.2000,578.2000,578.2000
1787769643,578.2600,578.2600,578.2600,578.2600
1787769646,578.2400,578.2400,578.2400,578.2400
1787769647,578.2200,578.2200,578.2200,578.2200
1787769648,578.2000,578.2000,578.1900,578.1900
1787769649,578.2100,578.2200,578.2100,578.2200
1787769656,578.3000,578.3200,578.3000,578.3200
1787769661,578.3300,578.3300,578.3100,578.3250
1787769662,578.3600,578.5750,578.3600,578.5750
1787769667,578.5300,578.5300,578.5300,578.5300
1787769668,578.5700,578.5700,578.5700,578.5700
1787769671,578.6200,578.6200,578.6200,578.6200
1787769672,578.5700,578.5700,578.5700,578.5700
1787769674,578.5700,578.5700,578.5600,578.5600
1787769679,578.5600,578.6000,578.5500,578.6000
1787769680,578.6300,578.6700,578.6300,578.6700
1787769686,578.7100,578.7200,578.7100,578.7200
1787769689,578.7200,578.7200,578.7200,578.7200
1787769703,578.7350,578.7500,578.6500,578.7500
1787769709,578.7500,578.7700,578.7400,578.7400
1787769711,578.7100,578.7100,578.6800,578.6800
1787769726,578.7500,578.7600,578.7500,578.7600
1787769729,578.8100,578.8500,578.8100,578.8200
1787769742,578.8800,578.9400,578.8800,578.9400
1787769743,578.9500,578.9800,578.9500,578.9700
1787769752,578.9800,578.9800,578.9700,578.9700
1787769753,578.9900,579.0400,578.9900,578.9900
1787769754,578.9600,578.9600,578.9400,578.9400
1787769756,578.9200,578.9200,578.8800,578.8800
1787769760,578.8800,578.8800,578.8800,578.8800
1787769764,578.9900,578.9900,578.9650,578.9650
1787769765,579.0000,579.0100,579.0000,579.0100
1787769770,579.0100,579.0100,578.9800,578.9800
1787769775,578.9600,578.9800,578.9500,578.9600
1787769778,578.8700,578.8700,578.8100,578.8100
1787769780,578.8800,578.9000,578.8800,578.9000
1787769781,578.9800,579.2250,578.9800,579.2100
1787769784,579.2100,579.2100,579.1800,579.1800
1787769792,579.2700,579.2900,579.2700,579.2900
1787769795,579.3300,579.3300,579.3300,579.3300
1787769796,579.3500,579.3500,579.3500,579.3500
1787769797,579.3500,579.4200,579.3500,579.4200
1787769799,579.4200,579.4200,579.4200,579.4200
1787769801,579.4000,579.4000,579.4000,579.4000
1787769802,579.4000,579.4000,579.4000,579.4000
1787769805,579.4000,579.4000,579.3550,579.3550
1787769809,579.3100,579.3100,579.3100,579.3100
1787769812,579.3700,579.3700,579.3700,579.3700
1787769813,579.3300,579.3300,579.3300,579.3300
1787769814,579.3700,579.3700,579.3700,579.3700
1787769815,579.2800,579.2800,579.2700,579.2700
1787769816,579.3600,579.3600,579.3200,579.3200
1787769819,579.3100,579.3200,579.3100,579.3100
1787769824,579.2200,579.2200,579.1800,579.1800
1787769826,579.2400,579.2800,579.2400,579.2800
1787769831,579.2600,579.2600,579.2600,579.2600
1787769834,579.2200,579.2200,579.2100,579.2100
1787769835,579.2100,579.2800,579.2100,579.2800
1787769837,579.2650,579.2650,579.2650,579.2650
1787769844,579.2900,579.2900,579.2600,579.2600
1787769850,579.2500,579.2500,579.2500,579.2500
1787769851,579.2500,579.2800,579.1500,579.2100
1787769854,579.1200,579.1200,579.0000,579.0000
1787769865,579.0300,579.0300,579.0300,579.0300
1787769869,579.0800,579.0900,579.0800,579.0900
1787769872,579.1800,579.1900,579.1800,579.1900
1787769873,579.2200,579.2200,579.2200,579.2200
1787769876,579.2500,579.2500,579.2500,579.2500
1787769878,579.2900,579.2900,579.2900,579.2900
1787769883,579.2900,579.3300,579.2900,579.3300
1787769886,579.3900,579.3900,579.3900,579.3900
1787769887,579.4000,579.4250,579.4000,579.4000
1787769890,579.4000,579.4000,579.4000,579.4000
1787769891,579.4400,579.4400,579.4100,579.4100
1787769892,579.4800,579.5100,579.4800,579.5000
1787769893,579.5000,579.5000,579.5000,579.5000
1787769897,579.5000,579.5500,579.5000,579.5400
1787769899,579.5300,579.6000,579.5300,579.6000
1787769901,579.6300,579.6300,579.5700,579.5700
1787769903,579.6200,579.6300,579.5500,579.5500
1787769905,579.5900,579.5900,579.5900,579.5900
1787769907,579.5900,579.5900,579.5900,579.5900
1787769908,579.6000,579.6000,579.5900,579.5900
1787769909,579.6300,579.6300,579.6300,579.6300
1787769910,579.6250,579.6800,579.6250,579.6800
1787769915,579.6650,579.6650,579.5700,579.6300
1787769919,579.6300,579.6300,579.4900,579.4900
1787769921,579.5400,579.5400,579.5400,579.5400
1787769923,579.5400,579.5800,579.5400,579.5800
1787769925,579.6400,579.6400,579.6400,579.6400
1787769926,579.6900,579.7300,579.6900,579.7300
1787769927,579.7200,579.7200,579.6900,579.6900
1787769928,579.7500,579.7900,579.7500,579.7900
1787769929,579.7700,579.7700,579.7700,579.7700
1787769930,579.7600,579.7700,579.7600,579.7700
1787769931,579.7800,579.7800,579.7800,579.7800
1787769932,579.7900,579.7900,579.7900,579.7900
1787769933,579.7900,579.8100,579.7900,579.8100
1787769934,579.8200,579.8200,579.8200,579.8200
1787769935,579.7000,579.7800,579.7000,579.7800
1787769938,579.7300,579.7300,579.6400,579.6500
1787769944,579.7000,579.7000,579.6600,579.6700
1787769945,579.6300,579.6300,579.6000,579.6000
1787769946,579.6000,579.6000,579.6000,579.6000
1787769947,579.5700,579.6100,579.5700,579.6100
1787769951,579.6100,579.6100,579.6100,579.6100
1787769952,579.6800,579.7000,579.6700,579.6700
1787769959,579.6800,579.6800,579.6800,579.6800
1787769960,579.6600,579.6600,579.6300,579.6600
1787769964,579.7000,579.7000,579.7000,579.7000
1787769966,579.6700,579.6700,579.6350,579.6350
1787769968,579.6600,579.6600,579.6600,579.6600
1787769969,579.6400,579.6400,579.6400,579.6400
1787769972,579.6400,579.6600,579.6400,579.6400
1787769975,579.6500,579.6500,579.6500,579.6500
1787769976,579.6900,579.7100,579.6900,579.7100
1787769977,579.7300,579.7300,579.6400,579.7000
1787769979,579.7000,579.7000,579.7000,579.7000
1787769981,579.6900,579.8000,579.6900,579.8000
1787769992,579.7600,579.8100,579.7600,579.8100
1787769993,579.8800,579.9200,579.8500,579.8500
1787769994,579.8300,579.8300,579.8300,579.8300
1787769995,579.8800,580.0200,579.8800,580.0200
1787769996,580.1000,580.1400,580.1000,580.1350
1787770000,580.1700,580.1800,580.1700,580.1800
1787770002,580.1800,580.1800,580.1800,580.1800
1787770005,580.2000,580.3000,580.2000,580.3000
1787770007,580.2600,580.2700,580.2400,580.2700
1787770009,580.3000,580.3000,580.3000,580.3000
1787770010,580.3100,580.4500,580.3100,580.4500
1787770011,580.4500,580.4500,580.4500,580.4500
1787770012,580.4500,580.5000,580.4500,580.5000
1787770013,580.5300,580.5300,580.5200,580.5200
1787770014,580.5700,580.6800,580.4700,580.6100
1787770018,580.6500,580.6800,580.6400,580.6600
1787770020,580.6600,580.6600,580.5500,580.5600
1787770021,580.5900,580.6300,580.5900,580.6300
1787770022,580.6500,580.7200,580.6000,580.7200
1787770023,580.6600,580.6600,580.6600,580.6600
1787770024,580.7200,580.7200,580.7200,580.7200
1787770027,580.6650,580.6650,580.6650,580.6650
1787770029,580.6300,580.6300,580.6300,580.6300
1787770031,580.6400,580.6400,580.6400,580.6400
1787770035,580.6000,580.6000,580.6000,580.6000
1787770036,580.6500,580.6500,580.6400,580.6400
1787770037,580.6800,580.7000,580.6800,580.7000
1787770042,580.6900,580.7300,580.6900,580.7300
1787770044,580.6800,580.6800,580.6400,580.6400
1787770048,580.6900,580.7300,580.6900,580.6900
1787770050,580.6950,580.7350,580.6950,580.7350
1787770053,580.7200,580.7200,580.6800,580.6800
1787770054,580.7300,580.8000,580.7300,580.8000
1787770056,580.8000,580.8000,580.8000,580.8000
1787770060,580.8500,580.8800,580.8500,580.8800
1787770061,580.8800,580.8800,580.8800,580.8800
1787770062,580.8900,580.8900,580.7500,580.7750
1787770063,580.8000,580.8000,580.8000,580.8000
1787770065,580.8000,580.8300,580.8000,580.8000
1787770066,580.8100,580.8600,580.7300,580.7600
1787770068,580.7000,580.7100,580.7000,580.7100
1787770070,580.6800,580.7400,580.6100,580.7400
1787770071,580.7200,580.7300,580.7200,580.7300
1787770072,580.6400,580.6400,580.6400,580.6400
1787770073,580.6750,580.6750,580.5500,580.5800
1787770075,580.5650,580.5650,580.5650,580.5650
1787770076,580.5400,580.5400,580.5400,580.5400
1787770079,580.4800,580.4800,580.4200,580.4200
1787770080,580.4100,580.4250,580.2700,580.2700
1787770081,580.3600,580.3700,580.3600,580.3700
1787770082,580.3700,580.3700,580.3700,580.3700
1787770083,580.4100,580.4200,580.4100,580.4200
1787770084,580.4100,580.4100,580.4100,580.4100
1787770085,580.3900,580.3900,580.3900,580.3900
1787770086,580.3900,580.4400,580.3900,580.4000
1787770087,580.4000,580.5300,580.3900,580.4000
1787770091,580.4700,580.5300,580.4700,580.5300
1787770094,580.5000,580.5000,580.5000,580.5000
1787770095,580.5400,580.5500,580.5400,580.5500
1787770098,580.6400,580.6900,580.6400,580.6900
1787770099,580.6300,580.6900,580.6300,580.6900
1787770103,580.6500,580.6500,580.5900,580.6300
1787770108,580.7000,580.7400,580.6900,580.7100
1787770109,580.6600,580.6800,580.6500,580.6800
1787770110,580.6950,580.6950,580.6950,580.6950
1787770112,580.7000,580.7100,580.7000,580.7100
1787770114,580.6500,580.6500,580.5800,580.6000
1787770115,580.6000,580.6000,580.6000,580.6000
1787770116,580.5700,580.5700,580.5700,580.5700
1787770119,580.5800,580.5800,580.5400,580.5400
1787770120,580.5300,580.5300,580.5300,580.5300
1787770123,580.5800,580.5800,580.5800,580.5800
1787770124,580.5750,580.5750,580.5750,580.5750
1787770127,580.6000,580.6300,580.6000,580.6000
1787770131,580.5400,580.5400,580.5000,580.5000
1787770134,580.4000,580.4000,580.3600,580.3600
1787770135,580.3000,580.3000,580.3000,580.3000
1787770136,580.2600,580.3600,580.2600,580.3600
1787770138,580.3100,580.3100,580.3100,580.3100
1787770139,580.2800,580.2800,580.1600,580.1600
1787770140,580.1200,580.1200,579.9000,579.9000
1787770141,579.8900,579.8900,579.8800,579.8800
1787770142,579.8900,579.8900,579.8800,579.8800
1787770143,579.8100,579.8500,579.7800,579.8500
1787770144,579.8600,579.9050,579.8500,579.8500
1787770145,579.8500,579.8500,579.8500,579.8500
1787770152,579.8400,579.9000,579.8400,579.9000
1787770154,579.8400,579.8400,579.8250,579.8250
1787770157,579.8200,579.8200,579.8100,579.8100
1787770158,579.8000,579.8000,579.8000,579.8000
1787770159,579.8100,579.8100,579.8100,579.8100
1787770160,579.7300,579.7300,579.7300,579.7300
1787770162,579.8200,579.8500,579.8000,579.8500
1787770164,579.8600,579.8600,579.8600,579.8600
1787770165,579.8800,579.9100,579.8800,579.9100
1787770167,579.9100,579.9100,579.9100,579.9100
1787770168,579.9200,579.9200,579.9200,579.9200
1787770171,579.9500,580.0000,579.9500,579.9800
1787770174,580.0100,580.0500,580.0100,580.0500
1787770175,580.0800,580.1200,580.0800,580.1200
1787770185,580.1900,580.1900,580.1900,580.1900
1787770187,580.2100,580.3000,580.2000,580.3000
1787770188,580.3150,580.3150,580.3150,580.3150
1787770191,580.3750,580.3750,580.2800,580.3400
1787770192,580.3500,580.3500,580.3500,580.3500
1787770195,580.3100,580.4500,580.3100,580.4500
1787770198,580.4500,580.4500,580.1600,580.1600
1787770199,580.1100,580.1100,579.5400,579.8200
1787770207,579.7300,579.7300,579.6700,579.7300
1787770215,579.8200,579.8800,579.7200,579.7200
1787770217,579.7000,579.7100,579.6800,579.6900
1787770221,579.6900,579.6900,579.6900,579.6900
1787770222,579.7100,579.7100,579.7100,579.7100
1787770224,579.7000,579.7000,579.7000,579.7000
1787770226,579.7500,579.7600,579.7500,579.7600
1787770227,579.7400,579.7400,579.7300,579.7300
1787770228,579.5800,579.5800,579.5100,579.5300
1787770231,579.5450,579.5450,579.5100,579.5200
1787770232,579.5100,579.5100,579.4400,579.4800
1787770238,579.5700,579.5700,579.5700,579.5700
1787770241,579.6200,579.6400,579.6200,579.6400
1787770244,579.6900,579.6900,579.6900,579.6900
1787770246,579.6900,579.6900,579.6900,579.6900
1787770251,579.6300,579.6300,579.6300,579.6300
1787770254,579.7100,579.7700,579.6900,579.6900
1787770259,579.7100,579.7100,579.7100,579.7100
1787770262,579.6900,579.6900,579.6900,579.6900
1787770264,579.7400,579.7400,579.7400,579.7400
1787770267,579.6900,579.6900,579.6900,579.6900
1787770269,579.7100,579.7100,579.7100,579.7100
1787770271,579.7100,579.7100,579.6900,579.7000
1787770274,579.7200,579.7200,579.7200,579.7200
1787770275,579.7000,579.7000,579.6900,579.6900
1787770283,579.6900,579.7000,579.6000,579.6000
1787770285,579.6300,579.6300,579.4400,579.4400
1787770296,579.5700,579.5700,579.5000,579.5600
1787770300,579.5800,579.5800,579.5800,579.5800
1787770308,579.5900,579.5900,579.5900,579.5900
1787770310,579.4500,579.4500,579.3600,579.3600
1787770311,579.3800,579.3800,579.3800,579.3800
1787770312,579.4100,579.4100,579.4100,579.4100
1787770314,579.4700,579.4700,579.4700,579.4700
1787770315,579.5000,579.5000,579.5000,579.5000
1787770318,579.4900,579.4900,579.4900,579.4900
1787770320,579.4900,579.4900,579.4900,579.4900
1787770321,579.4900,579.4900,579.4700,579.4700
1787770324,579.4650,579.4650,579.4650,579.4650
1787770328,579.3900,579.3950,579.3600,579.3950
1787770329,579.3500,579.3500,579.1900,579.2500
1787770339,579.3500,579.4500,579.3500,579.4500
1787770340,579.5000,579.5700,579.5000,579.5700
1787770344,579.6300,579.7000,579.6300,579.7000
1787770345,579.7500,579.7900,579.7500,579.7900
1787770346,579.7800,579.7800,579.7800,579.7800
1787770348,579.8400,579.8400,579.8400,579.8400
1787770356,579.8000,579.8000,579.8000,579.8000
1787770357,579.7500,579.7500,579.7300,579.7300
1787770365,579.7100,579.7150,579.7100,579.7150
1787770367,579.7350,579.7350,579.7350,579.7350
1787770373,579.7350,579.7350,579.7050,579.7050
1787770374,579.7050,579.7050,579.7050,579.7050
1787770375,579.6300,579.6300,579.5800,579.6300
1787770376,579.6300,579.6450,579.5300,579.5300
1787770380,579.5300,579.5300,579.5000,579.5000
1787770391,579.5300,579.5300,579.5300,579.5300
1787770392,579.5200,579.5200,579.5200,579.5200
1787770395,579.5900,579.5900,579.5900,579.5900
1787770397,579.6800,579.6800,579.6800,579.6800
1787770405,579.6800,579.7200,579.6800,579.7200
1787770406,579.7200,579.7200,579.7200,579.7200
1787770408,579.7700,579.7700,579.7700,579.7700
1787770410,579.7700,579.7800,579.7700,579.7800
1787770412,579.7800,579.8000,579.7800,579.8000
1787770420,579.7900,579.7900,579.7900,579.7900
1787770423,579.8000,579.8000,579.8000,579.8000
1787770424,579.8400,579.8700,579.8200,579.8700
1787770425,579.8400,579.8400,579.7400,579.7400
1787770426,579.7100,579.7100,579.7100,579.7100
1787770431,579.8200,579.8200,579.8200,579.8200
1787770433,579.8200,579.9000,579.8100,579.8900
1787770434,579.8900,579.9250,579.8900,579.9250
1787770436,579.9000,579.9000,579.8900,579.8900
1787770440,579.9350,579.9350,579.9350,579.9350
1787770441,579.9450,579.9450,579.9450,579.9450
1787770443,579.9200,579.9200,579.8650,579.8650
1787770447,579.8500,579.8500,579.8500,579.8500
1787770456,579.8650,579.8650,579.8650,579.8650
1787770462,579.8500,579.8500,579.7450,579.7450
1787770467,579.7600,579.7600,579.7600,579.7600
1787770470,579.7900,579.7900,579.7900,579.7900
1787770476,579.8900,579.8900,579.8900,579.8900
1787770482,579.8100,579.8200,579.8000,579.8100
1787770485,579.8900,579.9400,579.8900,579.9400
1787770488,579.9400,579.9700,579.9400,579.9700
1787770491,579.9100,579.9100,579.9100,579.9100
1787770493,579.8800,579.8800,579.8800,579.8800
1787770496,579.9000,579.9000,579.9000,579.9000
1787770501,579.9150,580.0400,579.9150,580.0400
1787770503,580.1000,580.1000,580.1000,580.1000
1787770507,580.1000,580.1000,580.1000,580.1000
1787770511,580.1400,580.1400,580.1400,580.1400
1787770518,580.1900,580.1900,580.1900,580.1900
1787770519,580.1400,580.1400,580.1300,580.1400
1787770520,580.1800,580.1800,580.1800,580.1800
1787770526,580.1900,580.2400,580.1900,580.2300
1787770529,580.3400,580.3400,580.3100,580.3100
1787770530,580.3200,580.3200,580.3200,580.3200
1787770531,580.3200,580.3200,580.2700,580.2700
1787770532,580.3000,580.3000,580.3000,580.3000
1787770533,580.3000,580.3000,580.2500,580.2500
1787770534,580.3000,580.3550,579.3300,579.4100
1787770536,579.5100,579.5100,579.5100,579.5100
1787770538,579.6000,579.7400,579.6000,579.7400
1787770539,579.8700,579.8700,579.8700,579.8700
1787770542,579.9500,579.9500,579.9500,579.9500
1787770543,579.8500,579.8500,579.7400,579.7400
1787770551,579.7600,579.7600,579.7600,579.7600
1787770554,579.8500,579.8500,579.8500,579.8500
1787770562,579.7500,579.7700,579.6500,579.7700
1787770572,579.7500,579.7500,579.7500,579.7500
1787770575,579.7700,579.8300,579.5600,579.5950
1787770588,579.5000,579.5000,579.5000,579.5000
1787770592,579.5100,579.5100,579.3900,579.3900
1787770594,579.3500,579.3500,579.3500,579.3500
1787770598,579.3000,579.3000,579.2700,579.2700
1787770602,579.2900,579.3300,579.2900,579.3300
1787770605,579.3500,579.3500,579.2900,579.2900
1787770607,579.3550,579.3550,579.3550,579.3550
1787770608,579.2800,579.2800,579.2600,579.2600
1787770613,579.2600,579.2600,579.2600,579.2600
1787770622,579.2950,579.2950,579.2950,579.2950
1787770623,579.2500,579.2500,579.2400,579.2400
1787770626,579.2200,579.2500,579.2100,579.2500
1787770627,579.2100,579.2100,579.0700,579.0700
1787770628,579.0100,579.0100,578.9450,578.9450
1787770631,579.0400,579.0800,579.0300,579.0300
1787770633,579.0550,579.0550,579.0550,579.0550
1787770635,579.1400,579.1700,579.1400,579.1700
1787770636,579.2050,579.2100,579.2050,579.2100
1787770641,579.2500,579.3400,579.2500,579.3400
1787770642,579.2900,579.2900,579.2400,579.2500
1787770643,579.3000,579.3000,579.3000,579.3000
1787770646,579.2400,579.2400,579.2400,579.2400
1787770647,579.2400,579.2400,579.2400,579.2400
1787770648,579.2400,579.2400,579.2400,579.2400
1787770650,579.3200,579.3500,579.3200,579.3500
1787770655,579.3600,579.3600,579.3600,579.3600
1787770656,579.4000,579.4000,579.3100,579.3100
1787770662,579.3300,579.3300,579.2100,579.2100
1787770663,579.2100,579.2100,579.2100,579.2100
1787770667,579.1350,579.1350,579.1350,579.1350
1787770671,579.1000,579.1000,579.1000,579.1000
1787770674,579.1000,579.1000,579.0000,579.0000
1787770680,579.0700,579.0700,579.0700,579.0700
1787770687,579.1000,579.1000,579.0800,579.0900
1787770689,579.0000,579.0900,579.0000,579.0900
1787770695,579.0400,579.0400,579.0000,579.0000
1787770696,578.9300,578.9300,578.8400,578.8400
1787770697,578.8300,578.8300,578.8250,578.8250
1787770703,578.8900,578.9000,578.8900,578.9000
1787770704,578.9250,579.0400,578.9250,579.0400
1787770707,578.9700,578.9700,578.9700,578.9700
1787770708,578.9800,579.0500,578.9800,579.0500
1787770709,579.0500,579.0600,579.0500,579.0600
1787770710,579.0900,579.0900,579.0900,579.0900
1787770715,579.0100,579.0100,579.0000,579.0000
1787770716,579.0200,579.0200,579.0200,579.0200
1787770717,579.1100,579.1100,579.1100,579.1100
1787770720,579.0450,579.0450,579.0450,579.0450
1787770723,579.1300,579.1500,579.1300,579.1500
1787770725,579.1000,579.1000,579.1000,579.1000
1787770728,579.0700,579.0700,579.0700,579.0700
1787770737,579.0600,579.0600,579.0500,579.0500
1787770748,579.0500,579.0500,578.8900,578.8950
1787770749,578.8900,578.8900,578.7800,578.7800
1787770750,578.8900,578.8900,578.8900,578.8900
1787770767,578.8300,578.8300,578.8300,578.8300
1787770768,578.7800,578.7800,578.7800,578.7800
1787770779,578.8050,578.8050,578.8050,578.8050
1787770783,578.8050,578.8050,578.8050,578.8050
1787770785,578.8400,578.8400,578.8400,578.8400
1787770789,578.8400,578.8600,578.8400,578.8600
1787770790,578.8400,578.8400,578.8400,578.8400
1787770796,578.8400,578.8400,578.8400,578.8400
1787770797,578.8400,578.8400,578.8300,578.8300
1787770803,578.8100,578.8100,578.7200,578.7500
1787770811,578.7550,578.7900,578.7550,578.7900
1787770813,578.7500,578.7500,578.6100,578.6100
1787770823,578.7000,578.7500,578.7000,578.7500
1787770828,578.7300,578.7300,578.7250,578.7250
1787770830,578.7500,578.7500,578.7500,578.7500
1787770832,578.8000,578.8400,578.8000,578.8400
1787770836,578.8700,578.9000,578.8100,578.8100
1787770843,578.7100,578.7400,578.7050,578.7050
1787770845,578.6100,578.6100,578.6100,578.6100
1787770852,578.7100,578.7100,578.7100,578.7100
1787770853,578.7200,578.7200,578.7200,578.7200
1787770854,578.7200,578.7900,578.7200,578.7800
1787770855,578.9000,579.1100,578.8500,579.1100
1787770859,579.2000,579.2450,579.2000,579.2450
1787770861,579.3400,579.6350,579.3400,579.5300
1787770862,579.5450,579.5450,579.5450,579.5450
1787770863,579.4900,579.4900,579.4900,579.4900
1787770864,579.5600,579.5600,579.5600,579.5600
1787770866,579.4900,579.4900,579.4600,579.4600
1787770867,579.4700,579.4850,579.4700,579.4850
1787770872,579.4400,579.4400,579.3600,579.4000
1787770875,579.4100,579.4200,579.4100,579.4200
1787770877,579.3600,579.3600,579.3600,579.3600
1787770880,579.2900,579.3300,579.2800,579.3300
1787770886,579.3300,579.3300,579.2900,579.2900
1787770888,579.3300,579.3300,579.3300,579.3300
1787770890,579.3800,579.4100,579.3800,579.4100
1787770891,579.5300,579.5300,579.5300,579.5300
1787770892,579.5500,579.5900,579.5400,579.5900
1787770893,579.5600,579.5600,579.5300,579.5300
1787770894,579.4900,579.5550,579.4900,579.5550
1787770900,579.5650,579.5650,579.5650,579.5650
1787770911,579.5250,579.5250,579.5200,579.5200
1787770914,579.5300,580.2000,579.4800,580.2000
1787770915,580.4000,580.4600,580.4000,580.4000
1787770917,580.3450,580.3450,580.0000,580.0000
1787770920,579.7300,579.7300,579.7300,579.7300
1787770925,579.8000,579.8100,579.8000,579.8100
1787770927,579.8900,579.8900,579.8900,579.8900
1787770931,579.8500,579.8500,579.8500,579.8500
1787770933,579.8800,579.8800,579.8800,579.8800
1787770935,580.0000,580.0800,580.0000,580.0800
1787770937,580.0200,580.0200,580.0000,580.0000
1787770939,580.0000,580.0000,580.0000,580.0000
1787770941,580.0200,580.0200,580.0000,580.0000
1787770942,580.0800,580.0800,580.0800,580.0800
1787770947,580.1000,580.1100,580.1000,580.1100
1787770948,580.1800,580.1900,580.1800,580.1800
1787770949,580.2000,580.2700,580.2000,580.2600
1787770950,580.2600,580.2600,580.1400,580.1400
1787770951,580.1100,580.1100,580.1100,580.1100
1787770952,580.1300,580.1300,580.1300,580.1300
1787770954,580.1300,580.1300,580.1300,580.1300
1787770955,580.1000,580.1000,580.1000,580.1000
1787770958,580.0450,580.0450,580.0450,580.0450
1787770961,580.0800,580.0900,580.0800,580.0900
1787770962,580.1000,580.1000,580.1000,580.1000
1787770963,580.1300,580.1400,580.1300,580.1400
1787770965,580.1400,580.2300,580.1400,580.2300
1787770966,580.3250,580.3250,580.3250,580.3250
1787770970,580.4500,580.4600,580.4500,580.4600
1787770975,580.5300,580.5300,580.5300,580.5300
1787770978,580.4900,580.4900,580.4900,580.4900
1787770980,580.4100,580.4100,580.3500,580.3500
1787770983,580.3800,580.4050,580.3800,580.4050
1787770995,580.4000,580.4000,580.3700,580.3700
1787770998,580.4000,580.4000,580.4000,580.4000
1787771007,580.4100,580.4100,580.2000,580.2000
1787771010,580.2050,580.2050,580.2050,580.2050
1787771012,580.1800,580.1800,580.1800,580.1800
1787771013,580.2000,580.2000,580.2000,580.2000
1787771014,580.2700,580.2800,580.2700,580.2800
1787771023,580.1900,580.1900,580.1400,580.1400
1787771025,580.0800,580.0800,580.0000,580.0000
1787771026,580.1000,580.1000,580.1000,580.1000
1787771029,580.0750,580.0750,580.0750,580.0750
1787771033,580.0500,580.0500,580.0500,580.0500
1787771036,580.0500,580.0500,580.0500,580.0500
1787771039,580.0000,580.0000,580.0000,580.0000
1787771040,580.0700,580.0700,580.0700,580.0700
1787771044,580.0300,580.0300,579.9700,580.0000
1787771047,580.0300,580.0300,580.0300,580.0300
1787771051,580.0500,580.2550,580.0500,580.2550
1787771057,580.3400,580.3500,580.3400,580.3500
1787771058,580.3600,580.3600,580.3600,580.3600
1787771068,580.4500,580.4800,580.4400,580.4400
1787771071,580.4000,580.4100,580.4000,580.4000
1787771074,580.5000,580.6000,580.5000,580.6000
1787771075,580.5300,580.5300,580.5300,580.5300
1787771078,580.6500,580.8100,580.6500,580.7200
1787771079,580.7400,580.7400,580.7400,580.7400
1787771080,580.6600,580.6600,580.6350,580.6350
1787771085,580.6400,580.6400,580.6400,580.6400
1787771086,580.6150,580.6150,580.6150,580.6150
1787771089,580.5400,580.5400,580.5400,580.5400
1787771091,580.5400,580.5800,580.5400,580.5800
1787771094,580.6600,580.7300,580.6600,580.7300
1787771096,580.6800,580.7400,580.6800,580.7400
1787771098,580.7200,580.7200,580.7200,580.7200
1787771101,580.7500,580.7500,580.7500,580.7500
1787771104,580.7700,580.8400,580.7700,580.7900
1787771105,580.7800,580.7800,580.7700,580.7700
1787771111,580.7700,580.7700,580.6800,580.6800
1787771112,580.6700,580.6700,580.4300,580.4300
1787771113,580.4900,580.4900,580.4900,580.4900
1787771115,580.4900,580.4900,580.4900,580.4900
1787771118,580.5100,580.5100,580.5100,580.5100
1787771124,580.4600,580.4600,580.4600,580.4600
1787771126,580.4500,580.5500,580.4500,580.5100
1787771127,580.4700,580.4700,580.4500,580.4500
1787771129,580.4100,580.4100,580.3900,580.3900
1787771131,580.3200,580.3200,580.2600,580.2600
1787771133,580.2900,580.2900,580.1700,580.1700
1787771134,580.1300,580.1300,580.1050,580.1050
1787771141,580.2000,580.2100,580.2000,580.2100
1787771144,580.2150,580.2150,580.2150,580.2150
1787771151,580.2300,580.2600,580.2200,580.2600
1787771152,580.2600,580.2600,580.2400,580.2400
1787771157,580.2100,580.2100,580.2100,580.2100
1787771161,580.1850,580.1850,580.1850,580.1850
1787771162,580.2500,580.2500,580.2500,580.2500
1787771167,580.3300,580.3700,580.1900,580.1900
1787771183,580.3600,580.3900,580.3600,580.3800
1787771184,580.3600,580.3600,580.3600,580.3600
1787771188,580.3300,580.3300,580.2400,580.2700
1787771192,580.3000,580.3400,580.3000,580.3400
1787771202,580.4000,580.4000,580.4000,580.4000
1787771204,580.4200,580.4200,580.4200,580.4200
1787771208,580.4100,580.4100,580.3800,580.3800
1787771210,580.4000,580.4500,580.4000,580.4500
1787771215,580.4800,580.4800,580.4800,580.4800
1787771216,580.3500,580.3500,580.2800,580.3200
1787771217,580.3000,580.3000,580.0800,580.1500
1787771219,580.0800,580.0800,579.9000,579.9800
1787771224,579.9800,579.9800,579.9800,579.9800
1787771231,579.9600,580.0600,579.9600,580.0600
1787771232,580.0600,580.0750,580.0600,580.0750
1787771236,580.1200,580.1200,580.0600,580.0600
1787771243,579.9800,579.9800,579.9800,579.9800
1787771247,579.9700,579.9700,579.9700,579.9700
1787771248,579.9700,579.9700,579.9400,579.9400
1787771249,580.0000,580.1100,580.0000,580.1100
1787771250,580.0700,580.0700,580.0500,580.0500
1787771253,580.0800,580.0800,580.0800,580.0800
1787771256,580.0500,580.1000,580.0500,580.1000
1787771258,580.0700,580.0700,580.0700,580.0700
1787771259,580.1100,580.1800,580.1100,580.1800
1787771263,580.1800,580.1800,580.1800,580.1800
1787771264,580.1800,580.1800,580.1400,580.1400
1787771265,580.1500,580.1600,580.1500,580.1600
1787771266,580.1400,580.1400,580.1400,580.1400
1787771272,580.1500,580.1500,580.1500,580.1500
1787771277,580.1150,580.1150,580.0900,580.0900
1787771282,580.1100,580.1100,580.0600,580.0600
1787771286,580.0100,580.0100,579.9700,579.9700
1787771288,580.0100,580.0100,580.0100,580.0100
1787771290,579.9800,579.9800,579.9600,579.9800
1787771291,579.9800,579.9800,579.9200,579.9200
1787771296,580.0200,580.0200,579.9700,579.9700
1787771298,579.9600,579.9600,579.9600,579.9600
1787771305,580.0000,580.0200,580.0000,580.0200
1787771307,579.9700,579.9700,579.9600,579.9600
1787771308,579.9300,579.9300,579.5000,579.5000
1787771321,579.6500,579.6500,579.6500,579.6500
1787771325,579.5900,579.5900,579.5900,579.5900
1787771328,579.6000,579.6000,579.6000,579.6000
1787771340,579.6000,579.6000,579.6000,579.6000
1787771348,579.5800,579.5900,579.5800,579.5900
1787771349,579.6500,579.6500,579.6400,579.6400
1787771355,579.6700,579.7100,579.6700,579.6900
1787771356,579.7400,579.7400,579.7400,579.7400
1787771357,579.7550,579.7550,579.7400,579.7400
1787771358,579.7900,579.7900,579.7900,579.7900
1787771359,579.8500,579.8950,579.8500,579.8950
1787771370,579.8800,579.8800,579.7600,579.7600
1787771371,579.8050,579.8050,579.8050,579.8050
1787771380,579.8200,579.8200,579.8100,579.8100
1787771382,579.8100,579.8300,579.8100,579.8250
1787771383,579.7900,579.7900,579.7700,579.7700
1787771384,579.7900,579.7900,579.7900,579.7900
1787771386,579.7700,579.7700,579.7700,579.7700
1787771391,579.7900,579.7900,579.6700,579.6700
1787771400,579.6100,579.6100,579.5000,579.5000
1787771404,579.5000,579.5000,579.3700,579.3700
1787771405,579.3000,579.3000,579.0000,579.0150
1787771406,578.9100,578.9100,578.8100,578.8100
1787771407,578.7900,578.7900,578.6700,578.6800
1787771414,578.7300,578.7300,578.7300,578.7300
1787771415,578.6800,578.6800,578.6700,578.6700
1787771419,578.7500,578.7500,578.7500,578.7500
1787771420,578.7700,578.8800,578.7700,578.8800
1787771423,578.8800,578.8900,578.8800,578.8900
1787771425,578.9500,578.9500,578.9400,578.9400
1787771427,578.9900,579.0300,578.9900,579.0300
1787771430,579.0100,579.0400,578.9900,579.0200
1787771436,578.9900,578.9900,578.9900,578.9900
1787771440,578.9600,579.0000,578.8900,578.8900
1787771442,578.9600,578.9600,578.9600,578.9600
1787771445,578.9300,579.0700,578.9300,579.0700
1787771446,579.0350,579.0350,579.0350,579.0350
1787771447,579.1300,579.1300,579.1300,579.1300
1787771454,579.1600,579.1800,579.1600,579.1800
1787771459,579.1600,579.1600,579.1600,579.1600
1787771463,579.0400,579.0400,579.0400,579.0400
1787771465,579.0800,579.0800,579.0800,579.0800
1787771468,579.0000,579.0000,578.9900,578.9900
1787771470,579.0050,579.0050,578.9100,578.9100
1787771478,578.8450,578.8450,578.7500,578.7500
1787771482,578.7350,578.7350,578.7350,578.7350
1787771483,578.6600,578.6600,578.6600,578.6600
1787771495,578.6900,578.6900,578.6900,578.6900
1787771497,578.7100,578.7200,578.7100,578.7200
1787771498,578.6700,578.6800,578.5900,578.6000
1787771500,578.6500,578.6500,578.6500,578.6500
1787771505,578.5900,578.5900,578.5900,578.5900
1787771508,578.6000,578.6000,578.6000,578.6000
1787771515,578.5800,578.5800,578.4900,578.5300
1787771517,578.4600,578.4600,578.3900,578.4200
1787771522,578.4200,578.4800,578.4000,578.4700
1787771524,578.4650,578.4650,578.4650,578.4650
1787771525,578.4200,578.4200,578.4200,578.4200
1787771526,578.4150,578.4150,578.4150,578.4150
1787771529,578.5000,578.5200,578.5000,578.5200
1787771530,578.5900,578.5900,578.5900,578.5900
1787771535,578.6100,578.6300,578.6100,578.6300
1787771536,578.7100,578.7100,578.7100,578.7100
1787771539,578.6050,578.6050,578.6050,578.6050
1787771546,578.6150,578.6150,578.6150,578.6150
1787771557,578.6400,578.7000,578.6400,578.7000
1787771565,578.7400,578.7400,578.7400,578.7400
1787771566,578.7100,578.7100,578.6700,578.6700
1787771568,578.6700,578.6700,578.6700,578.6700
1787771569,578.7400,578.7900,578.7400,578.7900
1787771575,578.8250,578.8250,578.8250,578.8250
1787771576,578.8300,578.8300,578.8300,578.8300
1787771578,578.9600,579.0000,578.9600,579.0000
1787771582,578.8900,578.9400,578.8800,578.8800
1787771583,578.8800,578.8800,578.8800,578.8800
1787771584,578.9400,578.9900,578.9400,578.9900
1787771603,578.8650,578.8650,578.8650,578.8650
1787771605,578.8200,578.8200,578.7000,578.7200
1787771606,578.6600,578.6600,578.6500,578.6500
1787771607,578.6200,578.6200,578.5800,578.5800
1787771611,578.5100,578.6500,578.5100,578.6500
1787771615,578.5800,578.5800,578.5800,578.5800
1787771617,578.6000,578.6000,578.6000,578.6000
1787771628,578.6100,578.6100,578.5900,578.5900
1787771637,578.5600,578.5600,578.4700,578.4800
1787771639,578.5000,578.5400,578.5000,578.5300
1787771642,578.5800,578.5800,578.5650,578.5650
1787771643,578.5200,578.5200,578.5100,578.5100
1787771644,578.5000,578.5300,578.4850,578.4850
1787771648,578.4900,578.4900,578.4800,578.4800
1787771650,578.4800,578.4800,578.4800,578.4800
1787771655,578.4400,578.4400,578.4000,578.4000
1787771664,578.3500,578.3700,578.3300,578.3400
1787771665,578.3600,578.3700,578.3500,578.3500
1787771668,578.3400,578.4000,578.3400,578.4000
1787771670,578.3900,578.4100,578.3900,578.4100
1787771672,578.4600,578.4600,578.4600,578.4600
1787771674,578.4800,578.4800,578.4800,578.4800
1787771682,578.4900,578.5400,578.3800,578.3800
1787771685,578.4000,578.4000,578.4000,578.4000
1787771687,578.3300,578.3300,578.3300,578.3300
1787771691,578.3300,578.3550,578.3300,578.3550
1787771693,578.2700,578.2700,578.1200,578.1200
1787771695,578.0800,578.0800,577.9400,577.9400
1787771698,577.9700,578.0000,577.9700,578.0000
1787771700,577.9700,577.9700,577.9400,577.9400
1787771703,577.9300,577.9300,577.9300,577.9300
1787771705,577.9600,578.0200,577.9600,578.0200
1787771709,578.0600,578.0600,577.9000,577.9000
1787771710,577.9000,577.9000,577.9000,577.9000
1787771712,577.8800,577.8800,577.8400,577.8400
1787771713,577.7900,577.7900,577.7600,577.7600
1787771716,577.8600,577.8600,577.8400,577.8600
1787771717,577.8700,577.9600,577.8700,577.9600
1787771718,577.9200,577.9200,577.9200,577.9200
1787771719,577.9100,577.9100,577.9100,577.9100
1787771721,577.8600,577.8600,577.8600,577.8600
1787771723,577.9600,577.9900,577.9600,577.9900
1787771726,578.1300,578.1400,578.1300,578.1400
1787771729,578.0700,578.0700,578.0450,578.0450
1787771734,578.0450,578.0450,578.0450,578.0450
1787771741,578.0400,578.0400,578.0100,578.0100
1787771743,578.1000,578.1000,578.1000,578.1000
1787771747,578.0200,578.0200,578.0200,578.0200
1787771754,578.0350,578.0350,578.0350,578.0350
1787771757,577.9600,577.9600,577.8800,577.8800
1787771762,577.8400,577.8400,577.8400,577.8400
1787771763,577.7600,577.7600,577.7600,577.7600
1787771766,577.8050,577.8700,577.8050,577.8700
1787771775,577.9100,577.9400,577.9100,577.9400
1787771777,577.9500,578.0000,577.9500,578.0000
1787771781,577.9600,577.9600,577.9200,577.9200
1787771782,577.9100,577.9100,577.9100,577.9100
1787771785,577.8300,577.8300,577.8000,577.8000
1787771789,577.8400,577.8400,577.7200,577.7800
1787771790,577.6700,577.6700,577.5500,577.5500
1787771791,577.5100,577.5100,577.4000,577.4000
1787771793,577.5400,577.5800,577.5400,577.5800
1787771801,577.7800,577.7900,577.7800,577.7900
1787771803,577.7100,577.7450,577.7000,577.7450
1787771805,577.7500,577.7500,577.6800,577.6800
1787771809,577.6800,577.6800,577.6800,577.6800
1787771813,577.6400,577.6400,577.6400,577.6400
1787771814,577.6400,577.6400,577.6400,577.6400
1787771816,577.6200,577.6200,577.6100,577.6100
1787771817,577.5600,577.5600,577.5600,577.5600
1787771819,577.6200,577.6200,577.6200,577.6200
1787771821,577.6500,577.6500,577.5400,577.5400
1787771825,577.6300,577.6600,577.6300,577.6600
1787771826,577.6300,577.6300,577.6300,577.6300
1787771827,577.5750,577.5750,577.5750,577.5750
1787771831,577.4800,577.4800,577.4500,577.4500
1787771838,577.4400,577.4400,577.4400,577.4400
1787771842,577.5000,577.5000,577.5000,577.5000
1787771847,577.4400,577.4400,577.4200,577.4200
1787771848,577.4650,577.5100,577.4650,577.5100
1787771849,577.5700,577.7700,577.5700,577.7700
1787771859,577.7250,577.7250,577.7250,577.7250
1787771862,577.7900,577.8100,577.7800,577.8100
1787771863,577.8700,577.8700,577.8700,577.8700
1787771864,577.8550,577.8550,577.7850,577.7850
1787771870,577.7800,577.7800,577.7600,577.7600
1787771873,577.7100,577.7100,577.6900,577.6900
1787771882,577.7500,577.8000,577.7500,577.7900
1787771884,577.7600,577.7600,577.7600,577.7600
1787771885,577.7700,577.7700,577.7700,577.7700
1787771887,577.8000,577.8000,577.8000,577.8000
1787771899,577.8000,577.8100,577.7300,577.7300
1787771902,577.7000,577.7000,577.7000,577.7000
1787771909,577.7200,577.7200,577.7200,577.7200
1787771910,577.7200,577.7200,577.7200,577.7200
1787771911,577.7100,577.7200,577.6900,577.6950
1787771912,577.7300,577.7300,577.7300,577.7300
1787771924,577.7050,577.7050,577.7050,577.7050
1787771926,577.7400,577.7500,577.7400,577.7500
1787771928,577.7500,577.7900,577.7500,577.7900
1787771929,577.7500,577.7500,577.6200,577.6200
1787771930,577.7100,577.7100,577.7100,577.7100
1787771934,577.7500,577.7500,577.7500,577.7500
1787771942,577.7600,577.7600,577.7600,577.7600
1787771943,577.8200,577.8200,577.8200,577.8200
1787771945,577.8300,577.8300,577.8300,577.8300
1787771947,577.8600,577.9000,577.8600,577.9000
1787771948,577.8900,577.8900,577.8900,577.8900
1787771949,577.9200,577.9200,577.9200,577.9200
1787771953,577.9100,577.9600,577.9100,577.9600
1787771954,577.9600,577.9600,577.9600,577.9600
1787771960,577.9200,577.9200,577.8500,577.8500
1787771961,577.8400,577.8400,577.8400,577.8400
1787771965,577.8600,577.8600,577.8600,577.8600
1787771970,577.8600,577.8600,577.8600,577.8600
1787771972,577.8600,577.9200,577.8600,577.9200
1787771974,577.8700,577.8700,577.8400,577.8400
1787771976,577.8650,577.8650,577.8650,577.8650
1787771977,577.8500,577.8500,577.8500,577.8500
1787771979,577.8500,577.8500,577.8500,577.8500
1787771983,577.8000,577.8000,577.7400,577.7800
1787771984,577.7000,577.7000,577.5900,577.5900
1787771987,577.5600,577.5700,577.5600,577.5700
1787771988,577.5600,577.5600,577.5000,577.5000
1787771990,577.5400,577.5400,577.5400,577.5400
1787771993,577.6400,577.6800,577.6400,577.6650
1787771995,577.6650,577.6900,577.6650,577.6900
1787771996,577.7000,577.7000,577.7000,577.7000
1787771999,577.7500,577.7500,577.6900,577.6900
1787772002,577.6800,577.6900,577.6700,577.6900
1787772003,577.6500,577.6500,577.5400,577.5400
1787772005,577.5300,577.5300,577.4800,577.4800
1787772006,577.4700,577.4700,577.4700,577.4700
1787772007,577.4700,577.4700,577.4300,577.4300
1787772009,577.4300,577.4300,577.3100,577.3100
1787772010,577.3000,577.3000,577.2700,577.2700
1787772011,577.3200,577.3500,577.3200,577.3500
1787772015,577.3700,577.3700,577.3350,577.3350
1787772016,577.3400,577.3400,577.2800,577.3200
1787772017,577.3700,577.3700,577.3700,577.3700
1787772020,577.3700,577.3700,577.3250,577.3250
1787772022,577.3800,577.3800,577.3800,577.3800
1787772023,577.3600,577.3600,577.3250,577.3250
1787772030,577.2800,577.2800,577.2800,577.2800
1787772033,577.2800,577.2800,577.2000,577.2000
1787772035,577.1400,577.1400,577.1300,577.1300
1787772036,577.1000,577.1500,577.1000,577.1500
1787772038,577.1000,577.1000,577.1000,577.1000
1787772042,577.1300,577.1300,577.1300,577.1300
1787772044,577.1200,577.1200,577.1200,577.1200
1787772045,577.1100,577.1150,577.1000,577.1000
1787772050,577.0950,577.0950,577.0950,577.0950
1787772051,577.1000,577.1300,577.0700,577.0700
1787772052,577.0950,577.1000,577.0700,577.0700
1787772055,577.1000,577.1000,577.1000,577.1000
1787772057,577.1300,577.1600,577.1300,577.1400
1787772061,577.1400,577.1400,577.1300,577.1300
1787772062,577.0900,577.0950,577.0700,577.0900
1787772064,577.0700,577.0850,577.0700,577.0850
1787772066,577.0700,577.0700,577.0700,577.0700
1787772067,577.0500,577.0500,576.9400,577.0000
1787772071,577.0300,577.0300,577.0300,577.0300
1787772074,577.0600,577.0600,576.9700,576.9700
1787772079,577.0600,577.0600,577.0100,577.0600
1787772080,577.0900,577.1500,577.0900,577.1500
1787772082,577.1350,577.1350,577.1350,577.1350
1787772083,577.1600,577.1600,577.0600,577.0600
1787772086,577.0950,577.0950,577.0950,577.0950
1787772087,577.1400,577.1400,577.1400,577.1400
1787772088,577.1700,577.1700,577.1700,577.1700
1787772089,577.1700,577.1700,577.1700,577.1700
1787772091,577.1600,577.1600,577.1600,577.1600
1787772093,577.1800,577.1800,577.1800,577.1800
1787772095,577.1500,577.1500,577.1500,577.1500
1787772097,577.1700,577.2000,577.1700,577.2000
1787772098,577.1200,577.1200,577.1200,577.1200
1787772099,577.0700,577.0800,577.0700,577.0800
1787772101,577.0750,577.0750,577.0750,577.0750
1787772102,577.0200,577.0750,577.0100,577.0750
1787772103,577.0750,577.0750,577.0750,577.0750
1787772104,577.0600,577.0600,577.0600,577.0600
1787772105,577.0750,577.0750,577.0700,577.0700
1787772107,577.0700,577.1000,577.0700,577.1000
1787772108,577.0900,577.0900,577.0900,577.0900
1787772111,577.0850,577.0850,577.0850,577.0850
1787772113,577.1200,577.1500,577.1100,577.1100
1787772116,577.1300,577.1700,577.1200,577.1200
1787772118,577.1500,577.1500,577.1400,577.1400
1787772120,577.2100,577.2700,577.2100,577.2700
1787772123,577.2700,577.2700,577.2700,577.2700
1787772124,577.3200,577.3800,577.3200,577.3500
1787772125,577.3800,577.4000,577.3800,577.4000
1787772126,577.3800,577.3800,577.3800,577.3800
1787772129,577.4400,577.4400,577.4300,577.4300
1787772135,577.4400,577.4400,577.4400,577.4400
1787772137,577.4700,577.4700,577.4700,577.4700
1787772140,577.5150,577.5150,577.5150,577.5150
1787772141,577.5150,577.5150,577.5150,577.5150
1787772145,577.4800,577.4900,577.4800,577.4900
1787772149,577.4900,577.4900,577.4800,577.4800
1787772151,577.4900,577.4900,577.4900,577.4900
1787772161,577.5500,577.5800,577.5500,577.5500
1787772165,577.6400,577.7100,577.6400,577.6750
1787772166,577.6800,577.6800,577.6800,577.6800
1787772167,577.6700,577.6700,577.5900,577.5900
1787772168,577.6800,577.6800,577.6800,577.6800
1787772176,577.6000,577.6050,577.6000,577.6050
1787772181,577.6400,577.6900,577.6400,577.6900
1787772186,577.6400,577.6400,577.6400,577.6400
1787772191,577.7100,577.7200,577.6900,577.6900
1787772192,577.7050,577.7050,577.7050,577.7050
1787772195,577.7050,577.7050,577.7050,577.7050
1787772204,577.7100,577.7500,577.7100,577.7400
1787772205,577.6800,577.6800,577.6300,577.6300
1787772210,577.6200,577.6200,577.6200,577.6200
1787772211,577.5700,577.5700,577.5700,577.5700
1787772212,577.5600,577.5600,577.5600,577.5600
1787772213,577.5750,577.6100,577.5750,577.5750
1787772214,577.6200,577.6200,577.6200,577.6200
1787772217,577.5700,577.5700,577.4600,577.4600
1787772220,577.4800,577.4800,577.4800,577.4800
1787772225,577.4900,577.5000,577.4900,577.5000
1787772230,577.5300,577.5300,577.5300,577.5300
1787772231,577.5900,577.6200,577.5900,577.6200
1787772239,577.5900,577.6200,577.5900,577.6100
1787772240,577.5800,577.5800,577.5400,577.5650
1787772244,577.5300,577.5300,577.5200,577.5200
1787772250,577.5000,577.5100,577.5000,577.5100
1787772255,577.5150,577.5150,577.5150,577.5150
1787772260,577.5600,577.5600,577.5600,577.5600
1787772262,577.5700,577.5800,577.5500,577.5500
1787772265,577.5150,577.5150,577.5150,577.5150
1787772269,577.5900,577.7400,577.5900,577.7400
1787772270,577.6800,577.6850,577.6800,577.6850
1787772273,577.6850,577.6850,577.6850,577.6850
1787772274,577.5800,577.5800,577.5550,577.5550
1787772276,577.5600,577.5600,577.5600,577.5600
1787772277,577.5500,577.6000,577.5500,577.6000
1787772281,577.5300,577.5300,577.4700,577.4700
1787772282,577.4800,577.4800,577.4800,577.4800
1787772283,577.4800,577.4800,577.4800,577.4800
1787772285,577.4500,577.4500,577.4200,577.4200
1787772286,577.4100,577.4100,577.3900,577.3900
1787772288,577.4200,577.4200,577.4200,577.4200
1787772296,577.4200,577.4200,577.4100,577.4100
1787772305,577.3850,577.3850,577.3850,577.3850
1787772306,577.4400,577.4400,577.4200,577.4200
1787772316,577.3600,577.3600,577.3400,577.3400
1787772317,577.3500,577.3500,577.2450,577.2800
1787772321,577.3200,577.3300,577.3100,577.3100
1787772324,577.2800,577.2800,577.2800,577.2800
1787772326,577.3400,577.3500,577.3000,577.3000
1787772327,577.2700,577.2700,577.2700,577.2700
1787772330,577.3300,577.3300,577.2900,577.2900
1787772334,577.3250,577.3250,577.3250,577.3250
1787772335,577.3250,577.3700,577.2900,577.3700
1787772340,577.3900,577.4400,577.3900,577.4100
1787772344,577.3300,577.3300,577.3300,577.3300
1787772348,577.3500,577.3500,577.3500,577.3500
1787772350,577.3550,577.3700,577.3550,577.3700
1787772352,577.4000,577.4300,577.4000,577.4300
1787772354,577.4000,577.4000,577.4000,577.4000
1787772355,577.4300,577.4600,577.4300,577.4600
1787772356,577.4700,577.4800,577.4700,577.4800
1787772357,577.4300,577.4500,577.4300,577.4300
1787772358,577.4650,577.4650,577.4650,577.4650
1787772361,577.4500,577.4500,577.4200,577.4200
1787772363,577.4500,577.4500,577.4500,577.4500
1787772368,577.5000,577.5200,577.5000,577.5200
1787772372,577.5250,577.5250,577.5250,577.5250
1787772376,577.5250,577.5250,577.4600,577.4600
1787772385,577.5300,577.5400,577.5300,577.5400
1787772386,577.5500,577.6000,577.5500,577.5600
1787772388,577.5400,577.5400,577.5400,577.5400
1787772389,577.6200,577.6200,577.6100,577.6200
1787772390,577.6400,577.6600,577.6400,577.6500
1787772399,577.6600,577.6600,577.5600,577.5600
1787772401,577.5500,577.5500,577.5300,577.5300
1787772407,577.5000,577.5000,577.5000,577.5000
1787772408,577.4700,577.4700,577.4700,577.4700
1787772413,577.5200,577.5200,577.5200,577.5200
1787772416,577.4700,577.4900,577.4600,577.4900
1787772417,577.4650,577.4900,577.4650,577.4900
1787772422,577.4700,577.4700,577.4100,577.4500
1787772427,577.4500,577.4500,577.4400,577.4400
1787772430,577.4100,577.4100,577.4000,577.4000
1787772440,577.4400,577.4800,577.4400,577.4800
1787772441,577.4600,577.4600,577.4600,577.4600
1787772442,577.4400,577.4400,577.4400,577.4400
1787772443,577.4400,577.4550,577.4400,577.4550
1787772444,577.4000,577.4000,577.4000,577.4000
1787772449,577.4500,577.5500,577.4500,577.5500
1787772455,577.4800,577.4800,577.4500,577.4500
1787772456,577.4350,577.4350,577.3300,577.3300
1787772462,577.2700,577.2700,577.2700,577.2700
1787772463,577.2950,577.2950,577.1800,577.1800
1787772464,577.2300,577.2300,577.2300,577.2300
1787772466,577.2300,577.2400,577.2300,577.2400
1787772469,577.2400,577.2500,577.2400,577.2500
1787772473,577.2400,577.2400,577.2400,577.2400
1787772474,577.2800,577.2800,577.2800,577.2800
1787772475,577.2300,577.2300,577.1800,577.1800
1787772476,577.2800,577.2900,577.2800,577.2900
1787772478,577.3200,577.3200,577.3200,577.3200
1787772481,577.2500,577.2500,577.2200,577.2200
1787772486,577.2000,577.2000,577.1600,577.1600
1787772487,577.1600,577.1800,577.1600,577.1800
1787772493,577.1450,577.1450,577.1450,577.1450
1787772497,577.1400,577.1600,577.1400,577.1600
1787772499,577.1700,577.2300,577.1700,577.2300
1787772500,577.2700,577.2700,577.2700,577.2700
1787772501,577.3000,577.3200,577.3000,577.3200
1787772508,577.3100,577.3100,577.3100,577.3100
1787772510,577.3400,577.3700,577.3400,577.3700
1787772516,577.3500,577.3500,577.3400,577.3400
1787772518,577.3900,577.3900,577.3900,577.3900
1787772519,577.3900,577.4000,577.3000,577.3000
1787772526,577.2950,577.2950,577.2950,577.2950
1787772527,577.3000,577.3000,577.2600,577.2600
1787772528,577.2500,577.2500,577.2500,577.2500
1787772530,577.2400,577.2400,577.2400,577.2400
1787772533,577.2700,577.2700,577.2700,577.2700
1787772534,577.2200,577.2200,577.1800,577.1800
1787772537,577.2100,577.2200,577.2100,577.2200
1787772538,577.2400,577.2400,577.2400,577.2400
1787772541,577.2300,577.2300,577.2300,577.2300
1787772545,577.2900,577.2900,577.2900,577.2900
1787772546,577.2350,577.2350,577.1900,577.1900
1787772547,577.1700,577.1700,577.0700,577.0700
1787772548,577.0300,577.0300,576.8900,576.8900
1787772553,576.8800,576.8800,576.8600,576.8800
1787772557,576.8400,576.8800,576.8400,576.8400
1787772561,576.8800,576.8900,576.8100,576.8150
1787772562,576.8500,576.8500,576.8500,576.8500
1787772564,576.9100,576.9100,576.9100,576.9100
1787772565,576.9100,576.9100,576.9100,576.9100
1787772566,576.9100,577.0300,576.9100,577.0300
1787772573,577.1100,577.2100,577.1100,577.2100
1787772581,577.1900,577.1900,577.1800,577.1800
1787772584,577.2100,577.2100,577.2000,577.2000
1787772586,577.1400,577.1400,577.1100,577.1100
1787772590,577.0000,577.0000,576.9800,576.9800
1787772592,576.9400,576.9400,576.9400,576.9400
1787772594,576.9200,576.9200,576.9200,576.9200
1787772597,576.9900,577.0200,576.9800,577.0200
1787772598,577.0400,577.0600,577.0400,577.0600
1787772600,577.0350,577.0350,577.0350,577.0350
1787772604,577.0000,577.0000,576.9900,577.0000
1787772606,576.9500,577.0050,576.9000,577.0050
1787772608,577.0000,577.0100,577.0000,577.0100
1787772611,577.0400,577.1300,577.0300,577.1200
1787772616,577.1900,577.2000,577.1900,577.2000
1787772620,577.1500,577.1500,577.1500,577.1500
1787772622,577.1500,577.1500,577.1500,577.1500
1787772623,577.2100,577.2200,577.1500,577.1700
1787772627,577.2000,577.2000,577.2000,577.2000
1787772628,577.1850,577.1850,577.1600,577.1600
1787772632,577.1400,577.1400,577.0900,577.0900
1787772634,577.0700,577.0700,577.0700,577.0700
1787772635,577.0650,577.0700,577.0000,577.0600
1787772637,577.0500,577.0500,577.0500,577.0500
1787772639,577.0600,577.0600,577.0600,577.0600
1787772640,577.0400,577.0400,576.9500,576.9500
1787772644,576.9500,576.9500,576.9000,576.9000
1787772645,576.8900,576.9600,576.8700,576.9600
1787772650,576.9600,576.9600,576.9200,576.9300
1787772652,576.8800,576.9600,576.8800,576.9600
1787772654,576.9150,576.9150,576.9150,576.9150
1787772655,576.8800,576.8800,576.8600,576.8600
1787772656,576.7900,576.7900,576.6500,576.6600
1787772657,576.6500,576.6500,576.6500,576.6500
1787772658,576.6700,576.6700,576.6700,576.6700
1787772661,576.6500,576.6500,576.6500,576.6500
1787772662,576.6500,576.6500,576.6500,576.6500
1787772666,576.7300,576.7500,576.7300,576.7400
1787772667,576.7400,576.7400,576.7400,576.7400
1787772669,576.6900,576.6900,576.5400,576.5600
1787772670,576.5850,576.5850,576.5700,576.5700
1787772673,576.6400,576.6400,576.6400,576.6400
1787772674,576.5900,576.6700,576.5900,576.6100
1787772676,576.6700,576.6700,576.6000,576.6100
1787772677,576.6250,576.6250,576.6250,576.6250
1787772678,576.6250,576.6250,576.6250,576.6250
1787772679,576.6250,576.6250,576.6250,576.6250
1787772680,576.6800,576.7300,576.6800,576.7000
1787772682,576.7600,576.8200,576.7600,576.8200
1787772683,576.8900,576.8900,576.8900,576.8900
1787772684,576.8900,576.9700,576.8600,576.9300
1787772686,576.9800,576.9800,576.9500,576.9500
1787772687,576.9900,577.0000,576.9650,576.9650
1787772688,577.0100,577.0200,577.0100,577.0200
1787772690,577.0300,577.1000,577.0300,577.1000
1787772691,577.1300,577.1300,577.1300,577.1300
1787772692,577.1400,577.1500,577.1400,577.1500
1787772694,577.1700,577.2400,577.1700,577.1950
1787772695,577.2400,577.3350,577.2400,577.3350
1787772696,577.3400,577.3400,577.3400,577.3400
1787772697,577.4000,577.4000,577.4000,577.4000
1787772699,577.3450,577.3450,577.3450,577.3450
1787772701,577.4200,577.5000,577.4200,577.5000
1787772703,577.5400,577.5700,577.5400,577.5700
1787772705,577.6500,577.6500,577.6500,577.6500
1787772709,577.6050,577.6050,577.6050,577.6050
1787772711,577.6050,577.7000,577.6050,577.7000
1787772714,577.6950,577.6950,577.6950,577.6950
1787772715,577.7000,577.7600,577.7000,577.7400
1787772716,577.7600,577.7600,577.7400,577.7600
1787772717,577.7300,577.7300,577.7300,577.7300
1787772718,577.7350,577.7350,577.6800,577.6800
1787772719,577.6300,577.6300,577.6000,577.6000
1787772720,577.5200,577.6100,577.4000,577.5500
1787772721,577.5450,577.5450,577.5450,577.5450
1787772722,577.4700,577.4700,577.4700,577.4700
1787772723,577.4700,577.4700,577.4700,577.4700
1787772734,577.4200,577.4200,577.3100,577.3100
1787772736,577.3900,577.5100,577.3900,577.5000
1787772737,577.5000,577.5000,577.5000,577.5000
1787772738,577.4700,577.4700,577.4700,577.4700
1787772744,577.5000,577.5100,577.5000,577.5100
1787772746,577.5100,577.5100,577.5100,577.5100
1787772748,577.5600,577.5800,577.5600,577.5800
1787772749,577.6200,577.7000,577.6200,577.7000
1787772752,577.7300,577.7600,577.7300,577.7600
1787772753,577.7200,577.7400,577.7200,577.7400
1787772755,577.7100,577.7100,577.7100,577.7100
1787772756,577.7000,577.7000,577.6300,577.6300
1787772757,577.6200,577.6200,577.6200,577.6200
1787772760,577.5600,577.5800,577.5400,577.5400
1787772761,577.5550,577.5550,577.5550,577.5550
1787772762,577.5500,577.5500,577.5500,577.5500
1787772763,577.5800,577.5800,577.5500,577.5500
1787772764,577.5500,577.5500,577.5500,577.5500
1787772765,577.5500,577.5500,577.5500,577.5500
1787772768,577.5400,577.5400,577.5400,577.5400
1787772769,577.5900,577.5900,577.5900,577.5900
1787772770,577.5300,577.5300,577.5300,577.5300
1787772772,577.5400,577.5400,577.5100,577.5100
1787772773,577.5000,577.5150,577.5000,577.5150
1787772778,577.4700,577.4700,577.4400,577.4400
1787772782,577.4000,577.4000,577.3700,577.3800
1787772783,577.3800,577.3900,577.3800,577.3900
1787772784,577.4300,577.4300,577.4300,577.4300
1787772785,577.4200,577.4200,577.4200,577.4200
1787772792,577.4700,577.5400,577.4700,577.4800
1787772794,577.4050,577.4050,577.4050,577.4050
1787772795,577.3300,577.3300,577.3200,577.3300
1787772797,577.3500,577.3600,577.2800,577.2800
1787772802,577.3400,577.3400,577.3400,577.3400
1787772810,577.4500,577.5000,577.4500,577.5000
1787772813,577.4600,577.4600,577.4600,577.4600
1787772814,577.5000,577.5000,577.5000,577.5000
1787772816,577.4100,577.4100,577.4000,577.4000
1787772817,577.4000,577.4000,577.3600,577.3600
1787772818,577.4300,577.4600,577.4300,577.4600
1787772823,577.4700,577.5100,577.4700,577.5100
1787772824,577.4600,577.4600,577.4000,577.4450
1787772829,577.4000,577.4000,577.3200,577.3200
1787772834,577.3100,577.3100,577.3050,577.3050
1787772835,577.2600,577.2600,577.2500,577.2500
1787772836,577.2450,577.2450,577.2450,577.2450
1787772842,577.2100,577.2100,577.2100,577.2100
1787772843,577.2100,577.2700,577.2100,577.2700
1787772844,577.2100,577.2100,577.2100,577.2100
1787772845,577.3100,577.3100,577.3100,577.3100
1787772847,577.3400,577.3600,577.3400,577.3600
1787772851,577.3800,577.3800,577.3800,577.3800
1787772852,577.2900,577.2900,577.2900,577.2900
1787772854,577.3800,577.4200,577.3800,577.4000
1787772855,577.5000,577.5900,577.5000,577.5900
1787772858,577.6300,577.6500,577.6300,577.6500
1787772859,577.5900,577.6000,577.5700,577.6000
1787772869,577.5800,577.5800,577.5800,577.5800
1787772870,577.6100,577.6100,577.6100,577.6100
1787772871,577.6300,577.6300,577.6300,577.6300
1787772873,577.6500,577.6500,577.6500,577.6500
1787772875,577.5900,577.5900,577.5500,577.5500
1787772879,577.5700,577.5700,577.5700,577.5700
1787772884,577.5700,577.5700,577.5700,577.5700
1787772886,577.5900,577.6000,577.5600,577.5600
1787772887,577.5700,577.5700,577.5700,577.5700
1787772890,577.6000,577.6000,577.6000,577.6000
1787772891,577.6000,577.6000,577.6000,577.6000
1787772893,577.6100,577.6300,577.6100,577.6300
1787772894,577.6400,577.6700,577.6400,577.6700
1787772895,577.7200,577.7200,577.7200,577.7200
1787772898,577.7100,577.7100,577.7100,577.7100
1787772899,577.6800,577.6800,577.6600,577.6600
1787772908,577.7000,577.7600,577.7000,577.7000
1787772912,577.7600,577.7600,577.7600,577.7600
1787772913,577.7700,577.7900,577.7700,577.7900
1787772914,577.7500,577.7500,577.7500,577.7500
1787772915,577.7200,577.7200,577.6000,577.6000
1787772916,577.6300,577.6300,577.6300,577.6300
1787772917,577.5800,577.5800,577.5800,577.5800
1787772920,577.5900,577.5900,577.5900,577.5900
1787772921,577.6700,577.6900,577.6700,577.6700
1787772922,577.6900,577.7100,577.6900,577.7100
1787772923,577.7100,577.7100,577.7100,577.7100
1787772927,577.7500,577.7700,577.7500,577.7700
1787772928,577.7300,577.7300,577.7300,577.7300
1787772931,577.6700,577.6700,577.6200,577.6200
1787772932,577.6000,577.6000,577.6000,577.6000
1787772933,577.5700,577.5700,577.5700,577.5700
1787772934,577.6000,577.6000,577.6000,577.6000
1787772935,577.6100,577.6100,577.4600,577.4600
1787772936,577.3800,577.3800,577.2700,577.3500
1787772937,577.3700,577.3700,577.3700,577.3700
1787772941,577.4100,577.4100,577.4100,577.4100
1787772945,577.3450,577.3450,577.3450,577.3450
1787772946,577.3450,577.3450,577.3450,577.3450
1787772951,577.3000,577.3000,577.3000,577.3000
1787772952,577.2900,577.2900,577.2900,577.2900
1787772955,577.2700,577.2700,577.2400,577.2400
1787772956,577.1900,577.1900,577.1900,577.1900
1787772964,577.2600,577.2900,577.2250,577.2250
1787772967,577.2000,577.2000,577.2000,577.2000
1787772968,577.2000,577.3000,577.2000,577.3000
1787772971,577.2700,577.2700,577.2700,577.2700
1787772979,577.1400,577.1400,577.1400,577.1400
1787772980,577.1650,577.1650,577.1650,577.1650
1787772981,577.1650,577.1650,577.1650,577.1650
1787772982,577.1300,577.1300,577.1100,577.1100
1787772983,577.1100,577.1100,577.0500,577.0500
1787772984,577.0100,577.0600,577.0000,577.0600
1787772985,576.9600,576.9800,576.9500,576.9800
1787772987,576.8700,576.9500,576.8500,576.9500
1787772991,576.8250,576.8250,576.8250,576.8250
1787772992,576.8900,576.9300,576.8900,576.9300
1787772994,576.9000,576.9000,576.9000,576.9000
1787772996,576.8400,576.8400,576.8000,576.8000
1787773002,576.9000,576.9000,576.9000,576.9000
1787773004,576.8000,576.8300,576.8000,576.8300
1787773006,576.8300,576.8300,576.8300,576.8300
1787773010,576.8400,576.8400,576.8400,576.8400
1787773012,576.8600,576.8700,576.8400,576.8400
1787773015,576.8700,576.9300,576.8700,576.9150
1787773017,576.8500,576.8500,576.8500,576.8500
1787773018,576.9200,576.9200,576.9200,576.9200
1787773019,576.8500,576.8500,576.8000,576.8000
1787773020,576.7600,576.7600,576.6700,576.7000
1787773024,576.7500,576.7800,576.7500,576.7800
1787773027,576.9000,576.9300,576.9000,576.9300
1787773028,576.9500,576.9700,576.9500,576.9700
1787773034,577.0500,577.0600,577.0500,577.0600
1787773039,577.0100,577.0100,577.0100,577.0100
1787773040,577.0700,577.1800,577.0700,577.1800
1787773041,577.1500,577.1500,577.1500,577.1500
1787773044,577.1500,577.1500,577.1500,577.1500
1787773047,577.2000,577.2000,577.2000,577.2000
1787773053,577.1650,577.2000,577.1650,577.2000
1787773054,577.1700,577.1700,577.1600,577.1650
1787773057,577.1650,577.1650,577.1650,577.1650
1787773060,577.1300,577.1300,577.0600,577.0600
1787773067,577.0000,577.0700,577.0000,577.0700
1787773068,577.0700,577.0700,576.9800,576.9800
1787773069,577.0200,577.0200,577.0200,577.0200
1787773072,577.0600,577.0800,577.0600,577.0800
1787773074,577.0900,577.1200,577.0900,577.1200
1787773075,577.1100,577.1100,577.1100,577.1100
1787773076,577.1050,577.1050,577.1050,577.1050
1787773082,577.0900,577.1500,577.0900,577.1500
1787773084,577.1200,577.1200,577.1200,577.1200
1787773085,577.0900,577.0900,577.0900,577.0900
1787773087,577.0600,577.1400,577.0600,577.1400
1787773089,577.1200,577.1300,577.1200,577.1300
1787773090,577.1600,577.1600,577.1600,577.1600
1787773091,577.1100,577.1100,577.1000,577.1000
1787773092,577.1300,577.1700,577.1300,577.1700
1787773093,577.2200,577.2200,577.2200,577.2200
1787773094,577.2500,577.2500,577.2500,577.2500
1787773095,577.2600,577.3500,577.2600,577.3500
1787773101,577.3500,577.3500,577.3500,577.3500
1787773102,577.3600,577.3700,577.3600,577.3600
1787773103,577.3500,577.3700,577.3500,577.3700
1787773105,577.3100,577.3100,577.3000,577.3000
1787773107,577.3400,577.3500,577.3400,577.3500
1787773108,577.3000,577.3000,577.1200,577.1200
1787773114,577.0800,577.0800,577.0800,577.0800
1787773116,577.0800,577.0800,577.0800,577.0800
1787773118,577.0200,577.0200,577.0000,577.0000
1787773119,576.9400,576.9400,576.8700,576.8700
1787773122,576.8200,576.8200,576.3700,576.6300
1787773126,576.7100,576.7400,576.7100,576.7400
1787773127,576.6850,576.6850,576.0800,576.3200
1787773128,576.4500,576.4500,576.4200,576.4500
1787773133,576.4900,576.4900,576.3800,576.4000
1787773134,576.3900,576.3900,576.3500,576.3500
1787773137,576.3600,576.3700,576.3600,576.3700
1787773139,576.3200,576.3200,576.3000,576.3000
1787773140,576.3500,576.3500,576.3500,576.3500
1787773141,576.4000,576.4200,576.4000,576.4000
1787773142,576.4000,576.4050,576.4000,576.4050
1787773143,576.4400,576.6100,576.4400,576.6100
1787773145,576.5100,576.5400,576.4800,576.5400
1787773148,576.5000,576.5000,576.4600,576.4600
1787773150,576.4500,576.4600,576.4300,576.4400
1787773154,576.4800,576.5300,576.4600,576.5300
1787773156,576.6000,576.6000,576.6000,576.6000
1787773158,576.6400,576.6500,576.6400,576.6400
1787773159,576.6100,576.6100,576.5700,576.5800
1787773160,576.5500,576.5800,576.5300,576.5800
1787773162,576.5750,576.6200,576.5750,576.6200
1787773167,576.5750,576.7400,576.5600,576.7350
1787773168,576.7400,576.7400,576.7400,576.7400
1787773173,576.7050,576.7050,576.7050,576.7050
1787773175,576.7500,576.8100,576.7500,576.8100
1787773176,576.7700,576.7700,576.7350,576.7350
1787773177,576.6600,576.6600,576.6600,576.6600
1787773179,576.6100,576.6100,576.5900,576.6100
1787773180,576.7000,576.7000,576.7000,576.7000
1787773183,576.6300,576.6300,576.5800,576.6000
1787773191,576.6450,576.6450,576.6450,576.6450
1787773192,576.6450,576.6450,576.6450,576.6450
1787773193,576.6800,576.6800,576.6800,576.6800
1787773199,576.6400,576.6400,576.5600,576.6200
1787773200,576.6200,576.6500,576.6200,576.6500
1787773201,576.6500,576.6500,576.6300,576.6300
1787773202,576.6500,576.6600,576.6500,576.6500
1787773203,576.6600,576.6600,576.5400,576.5400
1787773204,576.5400,576.5400,576.4800,576.4800
1787773205,576.4500,576.4500,576.4500,576.4500
1787773206,576.4300,576.4300,576.3500,576.3500
1787773207,576.4200,576.4200,576.4200,576.4200
1787773209,576.3500,576.3500,576.3500,576.3500
1787773210,576.2800,576.2800,576.2800,576.2800
1787773214,576.3400,576.3400,576.2800,576.2800
1787773216,576.3400,576.3500,576.3400,576.3500
1787773219,576.4300,576.4300,576.4300,576.4300
1787773220,576.4500,576.5000,576.4200,576.4200
1787773221,576.4200,576.4200,576.4200,576.4200
1787773224,576.3700,576.3700,576.3500,576.3500
1787773225,576.2900,576.2900,576.2800,576.2800
1787773226,576.2500,576.3100,576.2500,576.3100
1787773227,576.3300,576.3500,576.2900,576.2900
1787773228,576.3100,576.3100,576.2700,576.2700
1787773231,576.2700,576.2700,576.2700,576.2700
1787773233,576.2700,576.2700,576.2300,576.2300
1787773239,576.1700,576.2000,576.1700,576.2000
1787773240,576.1500,576.1500,576.1500,576.1500
1787773243,576.1300,576.1300,576.0700,576.1000
1787773244,576.1100,576.1700,576.1100,576.1700
1787773245,576.1600,576.1600,576.1600,576.1600
1787773247,576.2100,576.2100,576.2100,576.2100
1787773248,576.2100,576.2500,576.2100,576.2500
1787773250,576.2250,576.2250,576.2250,576.2250
1787773251,576.2250,576.2250,576.2250,576.2250
1787773257,576.2400,576.2400,576.2400,576.2400
1787773258,576.2000,576.2000,576.2000,576.2000
1787773260,576.2400,576.2400,576.2200,576.2300
1787773262,576.2400,576.2400,576.2400,576.2400
1787773264,576.2000,576.2400,576.2000,576.2300
1787773265,576.1900,576.2300,576.1600,576.2300
1787773266,576.2000,576.2000,576.0950,576.0950
1787773268,576.0900,576.0900,575.8600,575.9600
1787773269,575.8950,575.8950,575.8950,575.8950
1787773272,575.9000,575.9000,575.8900,575.8900
1787773274,575.8800,575.8800,575.8200,575.8200
1787773275,575.8700,575.8700,575.8700,575.8700
1787773276,575.9000,575.9000,575.9000,575.9000
1787773277,575.9800,576.0100,575.9750,575.9750
1787773279,575.9900,576.1500,575.9900,576.1500
1787773281,576.1900,576.1900,576.1900,576.1900
1787773283,576.1500,576.1500,576.1500,576.1500
1787773285,576.1500,576.1500,576.1500,576.1500
1787773286,576.1300,576.1300,576.0800,576.0800
1787773293,576.0800,576.0800,576.0800,576.0800
1787773297,576.1100,576.1100,576.1100,576.1100
1787773299,576.1000,576.1000,576.1000,576.1000
1787773307,576.1400,576.1400,576.1400,576.1400
1787773314,576.1400,576.1400,576.1400,576.1400
1787773315,576.1500,576.3600,576.1500,576.3450
1787773316,576.3500,576.3500,576.3200,576.3200
1787773317,576.3200,576.3200,576.2900,576.2900
1787773321,576.3200,576.3200,576.2800,576.2800
1787773323,576.1700,576.1700,576.1500,576.1500
1787773327,576.2100,576.2100,576.1200,576.1200
1787773328,576.1100,576.1100,576.1050,576.1050
1787773329,576.0900,576.0900,576.0900,576.0900
1787773330,576.0900,576.0900,576.0900,576.0900
1787773335,576.0800,576.1000,576.0700,576.1000
1787773339,576.0700,576.0700,576.0700,576.0700
1787773341,576.1500,576.1600,576.1500,576.1600
1787773344,576.1200,576.1200,576.0800,576.0800
1787773345,576.0800,576.0800,576.0800,576.0800
1787773346,576.0800,576.0800,576.0800,576.0800
1787773349,576.0800,576.0800,576.0800,576.0800
1787773350,576.0800,576.0800,576.0800,576.0800
1787773351,576.0800,576.0800,576.0800,576.0800
1787773355,576.0850,576.0850,576.0850,576.0850
1787773356,576.0850,576.0850,576.0850,576.0850
1787773359,576.0850,576.0850,576.0850,576.0850
1787773360,576.1100,576.1100,576.1100,576.1100
1787773361,576.1300,576.1300,576.1300,576.1300
1787773363,576.1200,576.1200,576.0800,576.1050
1787773369,576.1500,576.2000,576.1500,576.2000
1787773370,576.2700,576.2700,576.2700,576.2700
1787773372,576.2400,576.2400,576.2400,576.2400
1787773373,576.2900,576.3200,576.2900,576.3000
1787773374,576.3000,576.3000,576.3000,576.3000
1787773376,576.3200,576.3200,576.3200,576.3200
1787773379,576.3100,576.3500,576.3100,576.3500
1787773380,576.3500,576.3500,576.2200,576.3100
1787773381,576.3700,576.3800,576.3400,576.3400
1787773382,576.3400,576.3500,576.3400,576.3400
1787773385,576.3250,576.3250,576.3250,576.3250
1787773388,576.3300,576.3300,576.3300,576.3300
1787773390,576.2800,576.2800,576.2800,576.2800
1787773391,576.2800,576.2800,576.2800,576.2800
1787773392,576.2800,576.2800,576.2800,576.2800
1787773393,576.3000,576.3000,576.3000,576.3000
1787773394,576.3000,576.3000,576.3000,576.3000
1787773395,576.3300,576.3400,576.3300,576.3400
1787773396,576.3550,576.3550,576.3550,576.3550
1787773397,576.3550,576.3550,576.3550,576.3550
1787773398,576.3400,576.3400,576.3400,576.3400
1787773399,576.3300,576.3300,576.3200,576.3200
1787773400,576.3550,576.3550,576.3550,576.3550
1787773401,576.3550,576.3550,576.3550,576.3550
1787773403,576.3550,576.3550,576.3550,576.3550
1787773404,576.3550,576.3550,576.3200,576.3200
1787773405,576.3550,576.3550,576.3550,576.3550
1787773407,576.3300,576.3550,576.3200,576.3200
1787773408,576.3650,576.3650,576.3650,576.3650
1787773409,576.3300,576.3300,576.3300,576.3300
1787773411,576.3600,576.3600,576.2700,576.2700
1787773412,576.3100,576.3250,576.3100,576.3250
1787773413,576.3250,576.3300,576.3250,576.3300
1787773415,576.3250,576.3250,576.3250,576.3250
1787773418,576.2600,576.2600,576.2600,576.2600
1787773423,576.2700,576.2700,576.2700,576.2700
1787773427,576.2700,576.2700,576.2300,576.2300
1787773429,576.2300,576.2300,576.2200,576.2200
1787773430,576.2200,576.2200,576.2200,576.2200
1787773433,576.2800,576.3200,576.2800,576.3200
1787773434,576.3700,576.3700,576.3700,576.3700
1787773441,576.3000,576.3000,576.2800,576.2800
1787773444,576.2900,576.3200,576.2900,576.3200
1787773449,576.2800,576.2800,576.2800,576.2800
1787773451,576.3300,576.4200,576.3300,576.3700
1787773453,576.3850,576.3850,576.3800,576.3850
1787773454,576.3700,576.3700,576.3500,576.3500
1787773462,576.3500,576.3500,576.2600,576.2900
1787773463,576.2700,576.2700,576.2600,576.2600
1787773464,576.2800,576.2800,576.2800,576.2800
1787773465,576.2500,576.2500,576.2500,576.2500
1787773466,576.2500,576.2500,576.2100,576.2100
1787773469,576.2300,576.3000,576.2300,576.3000
1787773471,576.3300,576.3300,576.3000,576.3000
1787773477,576.3100,576.3100,576.3100,576.3100
1787773480,576.3000,576.3000,576.3000,576.3000
1787773482,576.3500,576.3600,576.3200,576.3200
1787773483,576.2900,576.2900,576.2300,576.2600
1787773488,576.3000,576.3000,576.3000,576.3000
1787773490,576.3000,576.3600,576.2700,576.2900
1787773491,576.2700,576.2700,576.2700,576.2700
1787773494,576.3500,576.4300,576.3500,576.4300
1787773495,576.4700,576.5400,576.4500,576.5400
1787773498,576.5900,576.5900,576.5900,576.5900
1787773500,576.5500,576.5500,576.4200,576.4950
1787773501,576.4300,576.4300,576.4300,576.4300
1787773502,576.4300,576.4300,576.4200,576.4200
1787773503,576.4800,576.4900,576.4800,576.4900
1787773505,576.4500,576.4500,576.4100,576.4100
1787773506,576.4000,576.4000,576.1700,576.2200
1787773509,576.1500,576.1500,576.1200,576.1200
1787773510,576.1300,576.1300,576.1300,576.1300
1787773512,576.2100,576.2100,576.0900,576.0900
1787773515,576.0900,576.0900,576.0900,576.0900
1787773518,576.1500,576.1500,576.1500,576.1500
1787773519,576.0900,576.0900,576.0900,576.0900
1787773520,576.1400,576.1400,576.1400,576.1400
1787773522,576.1400,576.1400,576.1400,576.1400
1787773523,576.1800,576.2200,576.1800,576.2200
1787773524,576.2200,576.2200,576.1700,576.1700
1787773528,576.2000,576.2000,576.2000,576.2000
1787773531,576.2200,576.2200,576.2200,576.2200
1787773536,576.2700,576.2900,576.2700,576.2900
1787773538,576.2600,576.3800,576.2200,576.3800
1787773539,576.3900,576.4000,576.3800,576.3800
1787773540,576.4300,576.4500,576.4300,576.4500
1787773541,576.4500,576.4500,576.4300,576.4400
1787773544,576.5450,576.5500,576.5450,576.5500
1787773548,576.6000,576.6000,576.6000,576.6000
1787773550,576.5300,576.5300,576.5100,576.5100
1787773551,576.4800,576.4800,576.4700,576.4700
1787773553,576.4100,576.4600,576.4100,576.4600
1787773554,576.4300,576.4300,576.4300,576.4300
1787773555,576.4400,576.4400,576.3900,576.3900
1787773561,576.4500,576.4800,576.4500,576.4600
1787773562,576.5300,576.5300,576.5300,576.5300
1787773564,576.5300,576.5300,576.5000,576.5000
1787773565,576.5300,576.5300,576.5300,576.5300
1787773568,576.5900,576.5900,576.5900,576.5900
1787773570,576.5400,576.5900,576.4900,576.5900
1787773571,576.5600,576.6100,576.5200,576.6100
1787773573,576.5600,576.5600,576.5600,576.5600
1787773575,576.6100,576.6100,576.6100,576.6100
1787773576,576.6500,576.7400,576.6350,576.7400
1787773577,576.7800,576.8100,576.7600,576.7600
1787773578,576.7400,576.7500,576.7400,576.7500
1787773583,576.8600,576.8600,576.8600,576.8600
1787773585,576.8700,576.9600,576.8700,576.9600
1787773586,576.9600,576.9600,576.9600,576.9600
1787773587,576.9700,576.9800,576.9700,576.9800
1787773589,576.9300,576.9300,576.9300,576.9300
1787773590,576.9100,576.9100,576.9100,576.9100
1787773591,576.9000,576.9000,576.9000,576.9000
1787773595,576.8700,576.8700,576.8000,576.8500
1787773603,576.8000,576.8700,576.8000,576.8700
1787773608,576.8000,576.8000,576.8000,576.8000
1787773609,576.8000,576.8000,576.8000,576.8000
1787773612,576.8300,576.8300,576.7500,576.7500
1787773613,576.7800,576.7800,576.7800,576.7800
1787773614,576.7900,576.7900,576.7900,576.7900
1787773615,576.8000,576.8000,576.8000,576.8000
1787773616,576.8100,576.8100,576.8100,576.8100
1787773624,576.8200,576.8400,576.8200,576.8400
1787773625,576.8100,576.8100,576.7400,576.7400
1787773626,576.7700,576.7950,576.7600,576.7950
1787773628,576.7500,576.7500,576.6500,576.6500
1787773636,576.7300,576.7300,576.7300,576.7300
1787773642,576.7100,576.7500,576.7100,576.7500
1787773643,576.7450,576.7450,576.7450,576.7450
1787773644,576.7000,576.7000,576.6700,576.6700
1787773647,576.7100,576.7500,576.7100,576.7500
1787773648,576.7500,576.7500,576.7500,576.7500
1787773653,576.7200,576.7200,576.7200,576.7200
1787773655,576.7900,576.8200,576.7700,576.8200
1787773656,576.7600,576.7600,576.7600,576.7600
1787773657,576.7000,576.7000,576.7000,576.7000
1787773658,576.7500,576.7500,576.7500,576.7500
1787773661,576.7800,576.7800,576.6900,576.6900
1787773663,576.7000,576.7000,576.7000,576.7000
1787773664,576.7000,576.7000,576.7000,576.7000
1787773665,576.7000,576.7000,576.6400,576.6400
1787773666,576.6000,576.6100,576.6000,576.6100
1787773668,576.5500,576.5500,576.5500,576.5500
1787773670,576.5800,576.5800,576.5800,576.5800
1787773671,576.6100,576.6100,576.6100,576.6100
1787773673,576.5600,576.6100,576.5550,576.6100
1787773674,576.6100,576.6400,576.6100,576.6400
1787773676,576.6300,576.6700,576.6300,576.6700
1787773681,576.5900,576.5900,576.5000,576.5100
1787773683,576.4900,576.4900,576.4700,576.4700
1787773686,576.4200,576.4200,576.4200,576.4200
1787773688,576.4700,576.6000,576.4700,576.5900
1787773689,576.6100,576.6100,576.6100,576.6100
1787773691,576.6100,576.6100,576.6100,576.6100
1787773694,576.6100,576.6100,576.6000,576.6100
1787773699,576.6200,576.6400,576.6100,576.6400
1787773702,576.6400,576.6400,576.6400,576.6400
1787773706,576.6300,576.6800,576.6300,576.6750
1787773711,576.6600,576.6600,576.6500,576.6500
1787773712,576.6800,576.7400,576.6800,576.7400
1787773713,576.7200,576.7200,576.6600,576.6600
1787773719,576.7100,576.7200,576.6800,576.6800
1787773721,576.7100,576.7100,576.7100,576.7100
1787773726,576.6600,576.6800,576.6600,576.6800
1787773728,576.6900,576.7000,576.6900,576.7000
1787773729,576.7100,576.7100,576.6800,576.6800
1787773730,576.7100,576.7100,576.7100,576.7100
1787773732,576.7200,576.7200,576.7100,576.7100
1787773733,576.7000,576.7100,576.7000,576.7100
1787773737,576.7100,576.7100,576.7100,576.7100
1787773743,576.6800,576.7000,576.6800,576.7000
1787773745,576.7100,576.7800,576.7100,576.7800
1787773746,576.8100,576.8200,576.8100,576.8200
1787773747,576.8000,576.8000,576.7600,576.7600
1787773751,576.7900,576.7900,576.7500,576.7600
1787773753,576.7650,576.7650,576.7650,576.7650
1787773757,576.7300,576.7300,576.7300,576.7300
1787773766,576.7500,576.7500,576.7500,576.7500
1787773768,576.7450,576.7700,576.7450,576.7700
1787773769,576.7800,576.8100,576.7600,576.7600
1787773770,576.8000,576.8000,576.8000,576.8000
1787773771,576.7700,576.7700,576.7700,576.7700
1787773772,576.8100,576.8650,576.8100,576.8100
1787773773,576.8100,576.8500,576.8100,576.8100
1787773778,576.8200,576.8300,576.8100,576.8300
1787773779,576.8400,576.8700,576.8400,576.8400
1787773780,576.8100,576.8200,576.8100,576.8200
1787773782,576.8350,576.8350,576.8350,576.8350
1787773785,576.8000,576.8000,576.8000,576.8000
1787773787,576.8400,576.8400,576.8400,576.8400
1787773789,576.7750,576.7750,576.7750,576.7750
1787773793,576.7900,576.7900,576.7900,576.7900
1787773795,576.7850,576.7850,576.7850,576.7850
1787773796,576.7850,576.7850,576.7700,576.7850
1787773798,576.7900,576.7900,576.7900,576.7900
1787773800,576.8200,577.1500,576.8200,577.0700
1787773801,577.1300,577.1300,577.1300,577.1300
1787773802,577.1900,577.2400,577.1900,577.2400
1787773803,577.2300,577.2300,577.2300,577.2300
1787773804,577.2500,577.2500,577.2100,577.2100
1787773809,577.1500,577.1500,577.1200,577.1200
1787773811,577.1100,577.1300,577.1100,577.1300
1787773812,577.1800,577.2200,577.1500,577.1500
1787773814,577.2100,577.2100,577.2100,577.2100
1787773819,577.2200,577.2200,577.2100,577.2100
1787773821,577.2050,577.2050,577.2050,577.2050
1787773824,577.2200,577.2700,577.2200,577.2700
1787773825,577.2900,577.3000,577.2800,577.2800
1787773826,577.2750,577.3000,577.2750,577.3000
1787773828,577.3300,577.3600,577.3300,577.3400
1787773830,577.3550,577.3600,577.3400,577.3400
1787773831,577.3550,577.3550,577.3550,577.3550
1787773832,577.3550,577.3550,577.2800,577.2800
1787773833,577.2100,577.2100,577.1800,577.1800
1787773836,577.2400,577.2750,577.2400,577.2500
1787773837,577.1800,577.1800,577.0200,577.0200
1787773839,576.9900,576.9900,576.9800,576.9800
1787773840,577.0300,577.0450,577.0300,577.0450
1787773842,577.0450,577.0450,577.0450,577.0450
1787773843,577.1000,577.1000,577.1000,577.1000
1787773845,577.1100,577.1300,577.1100,577.1100
1787773846,577.0700,577.0700,577.0700,577.0700
1787773847,577.0500,577.0700,577.0400,577.0700
1787773851,577.0000,577.1000,576.9500,576.9800
1787773852,576.9300,576.9300,576.9300,576.9300
1787773853,577.0000,577.0000,576.9250,576.9700
1787773854,576.9300,576.9300,576.8300,576.8300
1787773858,576.8500,576.9500,576.8500,576.9200
1787773860,576.9100,576.9500,576.9100,576.9500
1787773864,576.9300,576.9300,576.9300,576.9300
1787773865,576.9150,576.9200,576.9100,576.9200
1787773866,576.8800,576.8800,576.8800,576.8800
1787773867,576.9400,576.9900,576.7300,576.7900
1787773868,576.8300,576.8300,576.8300,576.8300
1787773871,576.8250,576.8250,576.8250,576.8250
1787773873,576.8000,576.8000,576.8000,576.8000
1787773874,576.8500,576.8500,576.8500,576.8500
1787773876,576.8250,576.8250,576.8250,576.8250
1787773877,576.8250,576.8250,576.8250,576.8250
1787773878,576.8250,576.8250,576.8250,576.8250
1787773880,576.8700,576.8700,576.8700,576.8700
1787773881,576.8200,576.8200,576.7700,576.8000
1787773882,576.7950,576.8000,576.7950,576.8000
1787773883,576.8300,576.8400,576.8300,576.8300
1787773884,576.8300,576.8300,576.8300,576.8300
1787773885,576.8100,576.8100,576.7700,576.7700
1787773888,576.7500,576.7500,576.7500,576.7500
1787773889,576.7700,576.8500,576.7700,576.8500
1787773890,576.8600,576.8600,576.8400,576.8400
1787773891,576.8400,576.8800,576.8400,576.8800
1787773893,576.7300,576.8800,576.6700,576.6700
1787773894,576.6750,576.6800,576.6750,576.6800
1787773895,576.7200,576.7200,576.7200,576.7200
1787773899,576.6700,576.6700,576.6000,576.6000
1787773900,576.6400,576.6650,576.6400,576.6600
1787773901,576.7200,576.7200,576.7200,576.7200
1787773902,576.7200,576.7500,576.7200,576.7500
1787773904,576.7000,576.7000,576.6750,576.7000
1787773906,576.6900,576.6900,576.6900,576.6900
1787773907,576.6700,576.6700,576.6700,576.6700
1787773910,576.7100,576.7300,576.7100,576.7300
1787773912,576.6700,576.6700,576.6600,576.6600
1787773914,576.7000,576.7500,576.7000,576.7500
1787773915,576.7500,576.7500,576.7500,576.7500
1787773920,576.7500,576.7700,576.7500,576.7700
1787773921,576.7900,576.7900,576.7850,576.7850
1787773922,576.7900,576.8500,576.7900,576.8500
1787773923,576.8400,576.8400,576.8400,576.8400
1787773924,576.8400,576.8400,576.8400,576.8400
1787773925,576.8400,576.8400,576.8100,576.8300
1787773926,576.8300,576.8800,576.8300,576.8800
1787773927,576.9250,576.9400,576.9250,576.9400
1787773928,576.9600,577.0500,576.9600,577.0500
1787773930,577.0500,577.0700,577.0500,577.0700
1787773931,577.0300,577.0300,577.0300,577.0300
1787773932,577.0700,577.1550,577.0700,577.1550
1787773933,577.1700,577.1700,577.1700,577.1700
1787773935,577.0900,577.0900,577.0700,577.0700
1787773936,576.9500,576.9500,576.9000,576.9000
1787773937,576.8900,576.8900,576.8900,576.8900
1787773938,576.8600,576.8600,576.8500,576.8500
1787773940,576.8300,576.8300,576.8300,576.8300
1787773942,576.8600,576.8800,576.8600,576.8800
1787773944,576.8500,576.8500,576.8300,576.8300
1787773948,576.8700,576.8700,576.8600,576.8600
1787773950,576.8300,576.8300,576.8000,576.8000
1787773951,576.8050,576.8050,576.8050,576.8050
1787773952,576.7700,576.7700,576.6900,576.7300
1787773955,576.7700,576.7700,576.7600,576.7600
1787773959,576.7500,576.7500,576.7500,576.7500
1787773960,576.7300,576.7300,576.6000,576.6000
1787773961,576.6100,576.7300,576.6100,576.7300
1787773962,576.6400,576.6400,576.5600,576.5700
1787773964,576.5500,576.5500,576.5500,576.5500
1787773965,576.5500,576.5500,576.4800,576.4800
1787773966,576.5700,576.5900,576.5700,576.5900
1787773968,576.5200,576.5200,576.5100,576.5100
1787773969,576.5400,576.5400,576.5400,576.5400
1787773970,576.5700,576.5900,576.5600,576.5900
1787773971,576.6100,576.6450,576.6100,576.6300
1787773972,576.6500,576.6700,576.6500,576.6600
1787773977,576.6700,576.6700,576.6700,576.6700
1787773978,576.6700,576.6900,576.6700,576.6900
1787773979,576.7100,576.7200,576.7100,576.7200
1787773980,576.6800,576.6800,576.5700,576.5900
1787773983,576.6000,576.6000,576.6000,576.6000
1787773984,576.6300,576.6400,576.6300,576.6400
1787773985,576.6600,576.6700,576.6600,576.6700
1787773987,576.6600,576.6600,576.5600,576.5700
1787773989,576.6400,576.6400,576.6400,576.6400
1787773990,576.5600,576.5700,576.5000,576.5150
1787773991,576.5700,576.5700,576.5700,576.5700
1787773994,576.5450,576.5600,576.5450,576.5600
1787773995,576.5400,576.5400,576.5100,576.5400
1787773996,576.5400,576.5400,576.5200,576.5200
1787773997,576.5400,576.6000,576.5300,576.5300
1787773998,576.5400,576.5400,576.5350,576.5350
1787773999,576.5250,576.5250,576.5250,576.5250
1787774000,576.5800,576.5800,576.5800,576.5800
1787774001,576.6000,576.6200,576.6000,576.6200
1787774002,576.6200,576.6200,576.6200,576.6200
1787774003,576.6400,576.6500,576.6400,576.6500
1787774004,576.6600,576.6800,576.6600,576.6800
1787774005,576.6900,576.7200,576.6900,576.7100
1787774006,576.7000,576.7100,576.7000,576.7100
1787774007,576.7200,576.7500,576.7200,576.7250
1787774009,576.7250,576.7500,576.7250,576.7400
1787774010,576.7700,576.8000,576.7600,576.8000
1787774012,576.7700,576.7700,576.7500,576.7500
1787774017,576.7700,576.7700,576.7700,576.7700
1787774018,576.8100,576.8200,576.8100,576.8200
1787774019,576.8200,576.8200,576.8100,576.8100
1787774020,576.8100,576.8100,576.8100,576.8100
1787774025,576.8200,576.8200,576.8000,576.8000
1787774026,576.8100,576.8100,576.8000,576.8000
1787774027,576.7700,576.7900,576.7600,576.7900
1787774030,576.8000,576.8000,576.8000,576.8000
1787774035,576.8000,576.8000,576.6800,576.6800
1787774036,576.7100,576.7100,576.6700,576.6700
1787774039,576.6700,576.6700,576.6700,576.6700
1787774040,576.6900,576.7100,576.6900,576.7100
1787774041,576.7100,576.7100,576.6600,576.7100
1787774042,576.6600,576.6600,576.6600,576.6600
1787774049,576.7100,576.7100,576.6600,576.6600
1787774050,576.7100,576.8600,576.7100,576.8100
1787774052,576.8700,576.8700,576.8400,576.8400
1787774054,576.8300,576.8350,576.8200,576.8350
1787774055,576.8350,576.8350,576.8350,576.8350
1787774058,576.8600,576.8900,576.8600,576.8900
1787774060,576.9100,576.9700,576.9100,576.9700
1787774062,576.9500,576.9500,576.9000,576.9350
1787774063,576.9350,576.9700,576.9350,576.9600
1787774066,576.9450,576.9450,576.9000,576.9000
1787774067,576.9000,576.9000,576.8950,576.8950
1787774068,576.8950,576.8950,576.8950,576.8950
1787774070,576.8700,576.8700,576.6400,576.7400
1787774071,576.7150,576.7150,576.7150,576.7150
1787774073,576.7000,576.7000,576.6700,576.6700
1787774075,576.6300,576.6700,576.6200,576.6700
1787774076,576.6200,576.6200,576.6200,576.6200
1787774078,576.6000,576.6000,576.6000,576.6000
1787774079,576.6900,576.7100,576.6900,576.7100
1787774080,576.6700,576.6800,576.3600,576.4500
1787774081,576.4900,576.4900,576.4900,576.4900
1787774084,576.3500,576.3500,576.3000,576.3000
1787774085,576.2500,576.3600,576.2450,576.3600
1787774086,576.3100,576.3100,576.2600,576.2600
1787774087,576.2650,576.3000,576.2650,576.3000
1787774088,576.3000,576.3000,576.3000,576.3000
1787774089,576.3700,576.3700,576.3050,576.3050
1787774090,576.3700,576.8000,576.3700,576.8000
1787774091,576.9000,576.9600,576.8850,576.9300
1787774092,576.9200,576.9400,576.9200,576.9200
1787774093,576.8850,576.8850,576.8850,576.8850
1787774094,576.8800,576.8800,576.8000,576.8000
1787774096,576.7400,576.7400,576.6400,576.6400
1787774097,576.6700,576.6800,576.6700,576.6800
1787774098,576.8300,576.8300,576.8300,576.8300
1787774100,576.8300,578.3600,576.8300,578.2950
1787774101,578.2700,578.5200,578.2400,578.5200
1787774102,578.5300,578.5900,578.5300,578.5900
1787774103,578.5500,578.5500,578.2900,578.2900
1787774105,578.3300,578.4500,578.3300,578.3700
1787774106,578.3550,578.3700,578.3500,578.3700
1787774107,578.3500,578.3500,578.3500,578.3500
1787774108,578.4000,578.4200,578.3100,578.3100
1787774109,578.3600,578.4100,578.3600,578.3800
1787774110,578.3800,578.3800,578.2550,578.2550
1787774111,578.2400,578.2400,578.1900,578.1900
1787774112,578.1850,578.1900,578.1600,578.1900
1787774113,578.1800,578.3900,578.1800,578.2200
1787774114,578.1500,578.1500,578.1500,578.1500
1787774115,578.1400,578.1400,578.1100,578.1100
1787774116,578.1500,578.2700,578.1500,578.2500
1787774117,578.2700,578.2700,578.1900,578.1900
1787774118,578.1600,578.1600,578.1600,578.1600
1787774119,578.1450,578.1450,578.1100,578.1100
1787774120,578.1450,578.1450,577.9900,578.1050
1787774121,578.0900,578.1050,578.0900,578.1050
1787774122,578.1100,578.1800,578.1100,578.1800
1787774123,578.1450,578.3000,578.1000,578.3000
1787774124,578.2500,578.2500,578.2400,578.2400
1787774126,578.2500,578.4500,578.2500,578.4500
1787774127,578.4600,578.4700,578.3400,578.4300
1787774130,578.4000,578.4300,578.3900,578.4300
1787774131,578.4400,578.5400,578.4400,578.5100
1787774132,578.5300,578.5400,578.5100,578.5100
1787774133,578.5300,578.5400,578.5300,578.5400
1787774135,578.5600,578.5600,578.4900,578.4900
1787774136,578.4950,578.4950,578.4950,578.4950
1787774137,578.4900,578.4900,578.4300,578.4400
1787774138,578.4400,578.4400,578.3900,578.4400
1787774139,578.4300,578.5000,578.4300,578.5000
1787774140,578.5300,578.5600,578.5300,578.5600
1787774141,578.5800,578.6000,578.5500,578.5500
1787774142,578.5200,578.5400,578.5200,578.5300
1787774143,578.5200,578.5800,578.5200,578.5800
1787774144,578.5550,578.5800,578.5550,578.5800
1787774145,578.5650,578.5650,578.5650,578.5650
1787774146,578.5450,578.5500,578.5400,578.5400
1787774147,578.5400,578.5800,578.5400,578.5700
1787774148,578.5600,578.5600,578.4900,578.5100
1787774149,578.5500,578.5500,578.5500,578.5500
1787774150,578.5300,578.5800,578.5100,578.5800
1787774151,578.5600,578.5600,578.4900,578.5400
1787774152,578.4900,578.5300,578.4900,578.5300
1787774153,578.5900,578.6400,578.5900,578.6400
1787774154,578.6450,578.6500,578.5300,578.5800
1787774155,578.6300,578.6300,578.6300,578.6300
1787774156,578.6400,578.6400,578.6400,578.6400
1787774160,578.6050,578.6100,578.5450,578.5450
1787774162,578.5450,578.5450,578.4900,578.5100
1787774164,578.5200,578.6000,578.5100,578.6000
1787774165,578.5700,578.5900,578.5700,578.5700
1787774166,578.5900,578.5900,578.5000,578.5600
1787774167,578.5600,578.6000,578.5200,578.5200
1787774168,578.4700,578.4800,578.4700,578.4700
1787774169,578.4400,578.4400,578.4100,578.4100
1787774170,578.4000,578.4000,578.3600,578.3700
1787774172,578.4200,578.4200,578.4000,578.4000
1787774173,578.4300,578.4300,578.4300,578.4300
1787774174,578.4200,578.4400,578.3900,578.3900
1787774176,578.4000,578.4100,578.2500,578.2600
1787774178,578.2500,578.3600,578.2500,578.3600
1787774179,578.3350,578.3350,578.2700,578.2700
1787774180,578.2200,578.2200,578.1300,578.1300
1787774183,578.1500,578.1800,578.1500,578.1700
1787774184,578.1650,578.1700,578.1600,578.1700
1787774185,578.1000,578.1000,578.0800,578.0800
1787774186,578.0800,578.0800,578.0100,578.0300
1787774188,578.1100,578.1100,578.0900,578.0900
1787774189,578.1200,578.1200,578.1200,578.1200
1787774190,578.1300,578.1700,578.1300,578.1700
1787774191,578.1800,578.2300,578.1800,578.2200
1787774192,578.2300,578.2300,578.1500,578.1500
1787774194,578.2100,578.3000,578.2100,578.2800
1787774195,578.2600,578.2600,578.2600,578.2600
1787774197,578.3000,578.3500,578.3000,578.3500
1787774198,578.3500,578.3550,578.3100,578.3250
1787774199,578.2900,578.2900,578.2200,578.2200
1787774200,578.2300,578.2300,578.2300,578.2300
1787774203,578.2800,578.3000,578.2800,578.3000
1787774204,578.3150,578.3150,578.2800,578.2800
1787774205,578.2900,578.3000,578.2900,578.3000
1787774206,578.3200,578.3400,578.2700,578.2700
1787774207,578.2750,578.2750,578.2750,578.2750
1787774208,578.3000,578.3100,578.3000,578.3100
1787774209,578.2850,578.2850,578.2850,578.2850
1787774210,578.2800,578.2900,578.2800,578.2900
1787774211,578.3200,578.3200,578.3100,578.3100
1787774212,578.3300,578.3500,578.3300,578.3400
1787774213,578.3300,578.3300,578.2400,578.2400
1787774214,578.2400,578.2400,578.2300,578.2300
1787774215,578.2300,578.2300,578.2300,578.2300
1787774216,578.2200,578.3100,578.2200,578.3100
1787774217,578.3050,578.3400,578.2800,578.2800
1787774219,578.2600,578.2900,578.2600,578.2600
1787774220,578.2400,578.2400,578.1000,578.1000
1787774221,578.0700,578.0700,578.0700,578.0700
1787774222,578.0300,578.0300,577.8900,577.9300
1787774223,577.9400,577.9400,577.9400,577.9400
1787774224,577.9400,578.0300,577.9400,578.0300
1787774225,578.0600,578.0700,578.0600,578.0700
1787774226,578.1000,578.1050,578.1000,578.1050
1787774227,578.1100,578.1200,578.0800,578.0800
1787774228,578.1000,578.1850,578.1000,578.1800
1787774229,578.1300,578.1600,578.0700,578.1100
1787774231,578.1050,578.1450,578.1050,578.1450
1787774232,578.1450,578.1450,578.0200,578.0200
1787774233,578.0200,578.0200,577.9000,577.9000
1787774234,577.9000,577.9600,577.9000,577.9600
1787774235,577.9400,577.9400,577.7750,577.7850
1787774236,577.7600,577.9100,577.7500,577.9100
1787774238,577.8900,577.9000,577.8600,577.8600
1787774239,577.8500,577.8500,577.8500,577.8500
1787774240,577.9000,577.9100,577.8500,577.8900
1787774241,577.8900,577.8900,577.7700,577.8500
1787774243,577.8600,577.8600,577.8400,577.8400
1787774244,577.8600,577.8600,577.8600,577.8600
1787774245,577.8800,577.9200,577.8400,577.8600
1787774246,577.8900,577.9300,577.8900,577.9100
1787774247,577.8800,577.9200,577.8400,577.8800
1787774250,577.8800,577.9000,577.8500,577.8900
1787774251,577.8850,577.8850,577.8400,577.8400
1787774252,577.8400,577.8400,577.8000,577.8300
1787774253,577.8400,577.8500,577.8400,577.8500
1787774254,577.8500,577.8500,577.7400,577.7400
1787774256,577.7400,577.7650,577.7400,577.7650
1787774257,577.7800,577.7800,577.7500,577.7500
1787774258,577.7600,577.7700,577.3400,577.3500
1787774259,577.3600,577.3950,577.3300,577.3300
1787774260,577.2800,577.2800,577.0500,577.1150
1787774261,577.1600,577.1900,577.0100,577.0500
1787774262,577.0700,577.0700,577.0000,577.0000
1787774263,577.0100,577.0100,576.9700,576.9700
1787774264,577.0100,577.1600,576.9700,577.1600
1787774265,577.0900,577.1800,577.0400,577.1200
1787774266,577.1200,577.1500,577.1200,577.1300
1787774267,577.1600,577.1600,577.1600,577.1600
1787774268,577.1200,577.1200,577.1000,577.1000
1787774269,577.0600,577.0600,577.0300,577.0300
1787774270,577.1200,577.1500,577.1200,577.1500
1787774271,577.0700,577.0700,577.0700,577.0700
1787774273,577.1600,577.1900,577.1500,577.1500
1787774274,577.2200,577.3050,577.2200,577.2550
1787774275,577.2800,577.3300,577.2700,577.2700
1787774276,577.2300,577.2700,577.0300,577.1250
1787774277,577.0200,577.0200,577.0200,577.0200
1787774278,577.0900,577.0950,576.9500,576.9500
1787774279,576.9600,577.0100,576.9500,577.0100
1787774280,576.9800,576.9800,576.7400,576.7400
1787774281,576.7500,576.9500,576.7500,576.9350
1787774282,576.9700,577.0000,576.9300,576.9300
1787774283,576.9500,577.0300,576.9500,577.0200
1787774284,577.0200,577.0200,576.9400,576.9400
1787774285,576.9400,576.9800,576.9000,576.9400
1787774286,576.9400,576.9800,576.9000,576.9500
1787774287,576.9700,577.0000,576.9700,576.9700
1787774288,576.9600,576.9900,576.9200,576.9200
1787774289,576.9550,576.9600,576.9100,576.9550
1787774290,576.9900,577.0100,576.9900,576.9900
1787774291,576.9700,576.9700,576.9700,576.9700
1787774292,576.9550,576.9550,576.9550,576.9550
1787774293,576.9550,576.9550,576.8700,576.8700
1787774294,576.8400,576.8400,576.8200,576.8200
1787774295,576.8300,576.8500,576.8300,576.8500
1787774296,576.8500,576.9100,576.8500,576.9100
1787774297,576.9300,576.9300,576.9300,576.9300
1787774299,576.9250,576.9250,576.8000,576.8400
1787774300,576.8500,576.8700,576.8400,576.8400
1787774301,576.8400,576.8800,576.8400,576.8800
1787774302,576.8500,576.8900,576.8500,576.8900
1787774303,576.9100,576.9100,576.9100,576.9100
1787774304,576.9200,576.9600,576.9050,576.9050
1787774305,576.9050,576.9050,576.7400,576.7450
1787774306,576.7450,576.8900,576.7450,576.7600
1787774307,576.7800,576.7800,576.7550,576.7550
1787774308,576.7800,576.7950,576.7700,576.7800
1787774309,576.7900,576.7900,576.7800,576.7900
1787774310,576.7800,576.8100,576.7800,576.8100
1787774311,576.8100,576.8700,576.8100,576.8300
1787774312,576.8300,576.8300,576.6900,576.7500
1787774313,576.7700,576.7700,576.7300,576.7700
1787774314,576.7450,576.7450,576.7450,576.7450
1787774315,576.7200,576.7400,576.7100,576.7400
1787774316,576.7700,576.8300,576.7700,576.8300
1787774317,576.8200,576.8400,576.8200,576.8400
1787774318,576.8500,576.8800,576.8350,576.8800
1787774319,576.8900,576.9100,576.8900,576.9000
1787774320,576.9100,576.9100,576.9100,576.9100
1787774321,576.9050,576.9050,576.8200,576.8600
1787774322,576.8200,576.8200,576.8100,576.8100
1787774323,576.8100,576.8200,576.8100,576.8100
1787774324,576.8100,576.8200,576.8000,576.8000
1787774325,576.8000,576.8050,576.7800,576.7800
1787774326,576.7800,576.7800,576.7350,576.7350
1787774327,576.7350,576.7700,576.7100,576.7700
1787774328,576.7700,576.7900,576.7600,576.7900
1787774329,576.7900,576.7900,576.7100,576.7100
1787774330,576.7400,576.7800,576.7350,576.7350
1787774331,576.7350,576.7350,576.7200,576.7300
1787774332,576.7300,576.7300,576.7200,576.7300
1787774333,576.7400,576.7400,576.7100,576.7350
1787774334,576.7350,576.7400,576.7350,576.7350
1787774335,576.7350,576.7350,576.7000,576.7300
1787774336,576.7500,576.7500,576.7300,576.7300
1787774337,576.7300,576.7300,576.7100,576.7100
1787774338,576.7100,576.7200,576.6900,576.6900
1787774339,576.6900,576.6900,576.6800,576.6900
1787774340,576.6900,576.7000,576.5400,576.5500
1787774341,576.5300,576.5800,576.4300,576.4900
1787774342,576.4900,576.5800,576.4900,576.5600
1787774343,576.5800,576.6600,576.5800,576.5900
1787774344,576.5800,576.6300,576.5800,576.6300
1787774345,576.5900,576.6400,576.5900,576.6350
1787774346,576.6350,576.6500,576.5900,576.5900
1787774347,576.5900,576.5900,576.5300,576.5400
1787774348,576.5400,576.5800,576.5400,576.5700
1787774349,576.5500,576.5800,576.5500,576.5650
1787774350,576.5700,576.5900,576.5700,576.5750
1787774351,576.5800,576.5900,576.5600,576.5600
1787774352,576.5700,576.6100,576.5650,576.5800
1787774353,576.5900,576.5900,576.5300,576.5300
1787774354,576.5450,576.5450,576.4800,576.4800
1787774355,576.5050,576.5500,576.5050,576.5450
1787774356,576.5450,576.5450,576.4400,576.4400
1787774357,576.4850,576.4850,576.4800,576.4800
1787774358,576.4800,576.4800,576.2900,576.4450
1787774359,576.4450,576.4700,576.4450,576.4450
1787774360,576.4700,576.4700,576.4450,576.4450
1787774361,576.4500,576.4700,576.4100,576.4250
1787774362,576.4250,576.4300,576.4000,576.4000
1787774363,576.3900,576.4100,576.3000,576.3100
1787774364,576.3600,576.3600,576.3100,576.3600
1787774365,576.3700,576.3700,576.3300,576.3650
1787774366,576.3900,576.4000,576.3750,576.3950
1787774367,576.3950,576.4000,576.3800,576.3950
1787774368,576.4000,576.4000,576.3200,576.3200
1787774369,576.3200,576.3300,576.3100,576.3200
1787774370,576.3300,576.4000,576.2700,576.2700
1787774371,576.2750,576.2800,576.2200,576.2200
1787774372,576.2600,576.2700,576.1200,576.1900
1787774373,576.1300,576.1300,576.1150,576.1150
1787774374,576.1700,576.1900,576.0700,576.1500
1787774375,576.1550,576.1900,576.1500,576.1600
1787774376,576.1700,576.1800,576.1400,576.1400
1787774377,576.1400,576.2100,576.1200,576.1950
1787774378,576.1900,576.2100,576.1700,576.1900
1787774379,576.2000,576.2000,576.1000,576.1000
1787774380,576.0900,576.1600,576.0900,576.1300
1787774381,576.1600,576.2200,576.1100,576.1700
1787774382,576.1600,576.1600,575.9500,576.0200
1787774383,576.0100,576.1600,576.0100,576.0300
1787774384,576.0300,576.0800,576.0000,576.0500
1787774385,576.0500,576.1100,576.0400,576.1000
1787774386,576.1000,576.1200,576.0900,576.1100
1787774387,576.1150,576.1700,576.1100,576.1500
1787774388,576.1500,576.1600,576.0900,576.1100
1787774389,576.0900,576.2200,575.8800,576.0100
1787774390,576.0100,576.0800,576.0100,576.0600
1787774391,576.0500,576.1900,576.0500,576.1350
1787774392,576.1350,576.3000,576.1350,576.2300
1787774393,576.2900,576.4500,576.2900,576.3500
1787774394,576.3000,576.4300,576.3000,576.4300
1787774395,576.3900,576.4600,576.1900,576.2550
1787774396,576.1900,576.2700,576.0800,576.1250
1787774397,576.1100,576.2550,576.0200,576.1400
1787774398,576.1650,576.2450,576.1650,576.2450
1787774399,576.2450,576.3000,576.0200,576.1700
