ts,o,h,l,c
1787664600,485.8200,485.8300,485.1700,485.1700
1787664601,485.4850,485.7500,485.0100,485.6500
1787664602,485.7500,486.2300,485.4300,486.2300
1787664603,486.0600,486.3000,486.0600,486.3000
1787664604,486.3000,486.3000,486.2700,486.3000
1787664605,486.3000,487.0000,486.3000,487.0000
1787664606,487.0000,487.0000,486.7900,486.7900
1787664607,486.7700,487.0300,486.7700,487.0300
1787664608,486.8800,486.8800,486.8100,486.8100
1787664609,487.0300,487.4000,487.0000,487.4000
1787664610,487.4500,487.8000,487.4500,487.8000
1787664611,487.8000,487.9300,487.7800,487.8700
1787664612,487.7900,487.7900,487.5000,487.5600
1787664615,487.5500,487.5900,487.5500,487.5900
1787664616,487.5500,487.5500,486.9800,487.1800
1787664617,487.1600,487.3100,487.0200,487.0200
1787664618,486.8500,487.1600,486.8500,487.1200
1787664620,487.1900,487.1900,487.1900,487.1900
1787664621,487.2000,487.2000,487.2000,487.2000
1787664622,487.3050,487.3050,487.3050,487.3050
1787664623,487.3050,487.3050,487.3050,487.3050
1787664625,487.4000,487.4650,487.4000,487.4650
1787664626,487.5250,487.5250,487.5250,487.5250
1787664627,487.5900,487.7000,487.5900,487.7000
1787664633,487.6900,487.6900,487.6900,487.6900
1787664634,487.6200,487.6200,487.6200,487.6200
1787664635,487.7100,488.2200,487.7100,488.1100
1787664637,487.8900,487.8900,487.6700,487.6700
1787664638,487.6900,487.9200,487.6200,487.9200
1787664641,487.9300,487.9600,487.9300,487.9600
1787664643,487.8550,487.8550,487.6200,487.6300
1787664644,487.6000,487.9400,487.5800,487.8500
1787664645,487.7950,487.9800,487.7300,487.8900
1787664646,487.9400,488.0500,487.9400,487.9900
1787664647,488.1200,488.1700,487.9900,487.9900
1787664648,488.1200,488.2400,488.1200,488.2400
1787664651,488.2500,488.2700,488.1550,488.2100
1787664653,488.0300,488.0300,487.9500,487.9500
1787664654,487.9200,487.9200,487.2000,487.2000
1787664655,487.2000,487.2000,487.0800,487.0800
1787664657,487.1600,487.2500,487.1600,487.2500
1787664658,487.3100,487.3100,487.3100,487.3100
1787664660,487.4100,487.7500,487.4100,487.6500
1787664665,487.3200,487.3200,486.4350,486.5500
1787664667,486.5800,486.6300,486.5800,486.6300
1787664674,486.7300,486.7300,486.7300,486.7300
1787664676,486.4800,486.4800,486.4400,486.4400
1787664679,486.3100,486.3100,486.0600,486.0600
1787664681,485.7600,485.7600,485.5500,485.5500
1787664682,485.5200,485.6500,485.5200,485.5300
1787664683,485.6100,485.6200,485.6100,485.6200
1787664684,485.6100,485.6200,485.3000,485.3000
1787664686,485.6100,485.6200,485.6100,485.6200
1787664688,485.6200,485.6200,485.2600,485.2600
1787664690,485.2600,485.2900,485.0500,485.2900
1787664691,485.2900,485.3400,485.2900,485.3400
1787664693,485.1700,485.1700,485.1700,485.1700
1787664694,485.1200,485.1200,485.1200,485.1200
1787664696,485.1300,485.1300,485.0300,485.1300
1787664697,485.1300,485.1300,484.5600,484.6500
1787664698,484.6300,484.6700,484.4500,484.5600
1787664700,484.5500,484.5500,484.2900,484.3100
1787664706,484.6000,484.6800,484.6000,484.6300
1787664708,484.7250,485.0000,484.7250,485.0000
1787664710,484.8550,485.1400,484.7700,485.1400
1787664711,485.0000,485.0000,484.9800,484.9900
1787664712,484.9900,484.9900,484.9900,484.9900
1787664713,484.9900,485.2300,484.9200,485.2300
1787664714,485.1400,485.1400,485.1400,485.1400
1787664715,485.1700,485.1700,485.1700,485.1700
1787664716,485.0300,485.0300,484.9800,484.9850
1787664717,484.9900,484.9900,484.9900,484.9900
1787664722,485.2300,485.2500,485.0100,485.0700
1787664724,484.8600,484.8600,484.7000,484.7000
1787664727,484.7400,484.7600,484.7400,484.7600
1787664728,484.9300,484.9300,484.9200,484.9200
1787664729,485.0000,485.0000,485.0000,485.0000
1787664730,485.1500,485.1500,485.1500,485.1500
1787664731,485.2000,485.2000,485.2000,485.2000
1787664739,485.3900,485.6600,485.3900,485.5350
1787664741,485.6700,485.6700,485.4000,485.4000
1787664743,485.3400,485.3400,485.3400,485.3400
1787664745,485.1600,485.2950,485.1600,485.2950
1787664747,485.4600,485.5200,485.4600,485.5200
1787664749,485.5900,485.5900,485.4000,485.4000
1787664750,485.4600,485.4600,485.4600,485.4600
1787664752,485.2100,485.2100,485.2100,485.2100
1787664754,485.2100,485.2100,485.2100,485.2100
1787664757,485.3200,485.3200,485.1400,485.2300
1787664760,485.4000,485.4000,485.4000,485.4000
1787664761,485.3700,485.3700,485.3700,485.3700
1787664762,485.3650,485.3650,485.3650,485.3650
1787664763,485.3200,485.3200,485.3200,485.3200
1787664764,485.3000,485.3000,485.2100,485.2100
1787664766,485.2450,485.2550,485.2000,485.2000
1787664770,485.3200,485.3600,485.3200,485.3600
1787664772,485.5100,485.5300,485.5100,485.5300
1787664773,485.5300,485.5400,485.5300,485.5400
1787664774,485.6300,485.7500,485.6300,485.7500
1787664775,485.6650,485.6650,485.6650,485.6650
1787664776,485.6650,485.6650,485.6650,485.6650
1787664779,485.5600,485.6000,485.4950,485.4950
1787664781,485.4650,485.4700,485.4650,485.4700
1787664784,485.7200,485.8100,485.5300,485.5300
1787664788,485.6000,485.6300,485.6000,485.6300
1787664790,485.8100,485.9800,485.8100,485.9800
1787664791,485.8500,485.8500,485.7800,485.8300
1787664792,485.9700,486.0100,485.9700,486.0100
1787664793,486.1200,486.1400,486.0100,486.0100
1787664795,485.9200,485.9200,485.6900,485.6900
1787664797,485.9500,486.0000,485.9500,486.0000
1787664799,485.8700,485.8900,485.8200,485.8900
1787664800,485.7950,485.7950,485.7950,485.7950
1787664804,485.8500,485.8500,485.8500,485.8500
1787664805,485.6600,485.6600,485.6400,485.6400
1787664806,485.6300,485.6300,485.6300,485.6300
1787664812,485.6000,485.6300,485.5000,485.5000
1787664813,485.4600,485.5600,485.3900,485.4600
1787664814,485.4600,485.6600,485.4600,485.6600
1787664815,485.6300,485.6300,485.6300,485.6300
1787664817,485.6200,485.6200,485.6200,485.6200
1787664819,485.4100,485.4500,485.3600,485.4200
1787664820,485.3600,485.3600,485.2100,485.2400
1787664821,485.2400,485.2400,485.0500,485.0600
1787664823,485.0000,485.1000,485.0000,485.1000
1787664825,485.1000,485.1400,485.1000,485.1400
1787664829,485.2700,485.2900,485.1700,485.1700
1787664831,485.2500,485.3600,485.2400,485.3100
1787664834,485.3050,485.3050,485.2300,485.2300
1787664835,485.3200,485.3200,485.3200,485.3200
1787664838,485.2400,485.2400,485.1300,485.1300
1787664840,485.1950,485.1950,485.1100,485.1100
1787664841,485.0900,485.0900,485.0900,485.0900
1787664843,485.1050,485.1050,484.9400,484.9400
1787664844,484.9650,484.9650,484.9650,484.9650
1787664845,484.9200,484.9200,484.8400,484.8400
1787664846,485.0000,485.0800,484.9300,485.0800
1787664847,484.9350,484.9400,484.9350,484.9400
1787664848,484.8100,484.8750,484.8100,484.8750
1787664852,484.8400,484.8400,484.8400,484.8400
1787664853,484.8300,484.8800,484.8100,484.8200
1787664854,484.8150,484.8200,484.8000,484.8000
1787664856,484.7000,484.7000,484.7000,484.7000
1787664857,484.6200,484.6400,484.5300,484.5300
1787664858,484.6600,484.6600,484.6600,484.6600
1787664861,484.7000,484.7000,484.7000,484.7000
1787664864,484.7500,484.7500,484.7500,484.7500
1787664866,484.6800,484.6800,484.6800,484.6800
1787664868,484.7300,484.7500,484.6000,484.6000
1787664869,484.6100,484.6100,484.6100,484.6100
1787664870,484.6800,484.8000,484.6800,484.8000
1787664872,484.8000,484.8000,484.8000,484.8000
1787664873,484.7000,484.7450,484.7000,484.7450
1787664874,484.7000,484.8000,484.3800,484.4150
1787664876,484.5000,484.5300,484.5000,484.5300
1787664877,484.5900,484.6000,484.5100,484.5100
1787664878,484.5500,484.5500,484.5000,484.5000
1787664879,484.5000,484.5000,484.5000,484.5000
1787664881,484.5000,484.5000,484.5000,484.5000
1787664882,484.5000,484.5000,484.4900,484.4900
1787664883,484.7100,484.7100,484.7100,484.7100
1787664884,484.6800,484.8000,484.6800,484.8000
1787664886,484.9200,484.9200,484.8650,484.8650
1787664887,484.8000,484.8000,484.8000,484.8000
1787664888,485.0000,485.1000,484.9800,484.9800
1787664891,485.0000,485.0000,485.0000,485.0000
1787664892,484.8900,484.8900,484.8400,484.8400
1787664893,484.9500,485.0600,484.7900,484.9100
1787664894,484.8200,484.8200,484.8200,484.8200
1787664896,484.8300,484.8300,484.8300,484.8300
1787664897,484.7000,484.7000,484.6900,484.6900
1787664898,484.9400,484.9600,484.9400,484.9400
1787664899,484.8000,484.8000,484.8000,484.8000
1787664900,484.7600,484.7600,484.7600,484.7600
1787664901,484.7700,484.8400,484.7100,484.8400
1787664902,484.8000,484.8000,484.8000,484.8000
1787664905,484.7900,484.8000,484.7100,484.7100
1787664906,484.7700,484.8200,484.4000,484.4000
1787664910,484.4600,484.5900,484.4600,484.4700
1787664911,484.4600,484.5200,484.3700,484.4400
1787664912,484.4900,484.4900,484.4900,484.4900
1787664914,484.4200,484.4200,484.4200,484.4200
1787664915,484.4000,484.5100,484.3600,484.4800
1787664916,484.4900,484.7500,484.4900,484.5900
1787664918,484.5800,484.7400,484.5800,484.6000
1787664921,484.6200,484.6200,484.6200,484.6200
1787664922,484.4800,484.4800,484.4600,484.4600
1787664923,484.4600,484.5050,484.4300,484.4300
1787664924,484.5500,484.8100,484.5500,484.6200
1787664925,484.5600,484.5650,484.5600,484.5650
1787664927,484.5700,484.5700,484.5700,484.5700
1787664929,484.6500,484.7000,484.6500,484.7000
1787664932,484.5800,484.5800,484.5800,484.5800
1787664934,484.5500,484.5500,484.5350,484.5350
1787664935,484.6000,485.0400,484.6000,485.0300
1787664936,485.0600,485.0600,485.0600,485.0600
1787664937,484.9300,484.9300,484.9100,484.9200
1787664938,484.9200,484.9200,484.9000,484.9000
1787664940,484.8750,484.8750,484.8650,484.8700
1787664941,484.8750,484.8800,484.7400,484.7500
1787664942,484.8400,484.8800,484.8200,484.8200
1787664945,484.7600,484.7600,484.7300,484.7300
1787664946,484.7800,484.7900,484.7800,484.7900
1787664948,484.8000,484.9700,484.7900,484.9100
1787664949,484.8600,484.9200,484.8600,484.9200
1787664952,484.9500,485.0000,484.9500,485.0000
1787664953,485.0400,485.0400,485.0400,485.0400
1787664954,485.0200,485.3500,485.0200,485.3500
1787664957,485.4850,485.4850,485.4850,485.4850
1787664959,485.4300,485.6500,485.4200,485.5700
1787664960,485.5700,485.8200,485.5700,485.7300
1787664961,485.7300,485.7300,485.7000,485.7000
1787664962,485.7000,485.7000,485.6900,485.6900
1787664963,485.7100,485.7300,485.7100,485.7300
1787664964,485.8150,485.8150,485.8150,485.8150
1787664965,485.8800,485.8800,485.7900,485.7900
1787664967,485.7200,485.7200,485.6900,485.6900
1787664969,485.7000,485.7000,485.7000,485.7000
1787664971,485.7900,485.8000,485.7900,485.8000
1787664975,485.7600,485.8000,485.7600,485.8000
1787664976,485.6900,485.6900,485.6900,485.6900
1787664977,485.6900,485.6900,485.6900,485.6900
1787664979,485.6900,485.6900,485.5000,485.5000
1787664980,485.5650,485.5650,485.4900,485.4900
1787664981,485.5600,485.5600,485.5600,485.5600
1787664982,485.4800,485.5400,485.4400,485.5400
1787664983,485.5600,485.6100,485.5600,485.5600
1787664985,485.6300,485.8000,485.6300,485.8000
1787664986,485.8300,485.8400,485.8300,485.8400
1787664989,485.8300,485.8300,485.8300,485.8300
1787664990,485.8300,485.8900,485.8300,485.8900
1787664991,485.8800,485.9000,485.8800,485.9000
1787664992,485.8500,485.9100,485.8500,485.9100
1787664993,485.8300,485.8300,485.7300,485.7300
1787664995,485.5950,485.5950,485.5400,485.5400
1787664996,485.5800,485.5800,485.5800,485.5800
1787665001,485.6900,485.7000,485.6600,485.7000
1787665004,485.7100,485.7500,485.6000,485.6000
1787665006,485.5400,485.5400,485.5100,485.5100
1787665008,485.5400,485.6000,485.5400,485.6000
1787665009,485.6200,485.6200,485.5600,485.5600
1787665011,485.6200,485.6200,485.6200,485.6200
1787665013,485.6400,485.6400,485.6400,485.6400
1787665015,485.7200,485.7200,485.7000,485.7000
1787665016,485.7100,485.7500,485.6700,485.6700
1787665021,485.6300,485.6600,485.5500,485.5500
1787665022,485.5500,485.6000,485.5100,485.5100
1787665023,485.4400,485.4400,485.3500,485.3500
1787665025,485.4300,485.5150,485.4300,485.5150
1787665026,485.5600,485.5600,485.5600,485.5600
1787665027,485.7000,485.7800,485.7000,485.7800
1787665028,485.8900,485.9000,485.8900,485.9000
1787665029,485.9500,485.9550,485.8800,485.9400
1787665031,485.9400,486.0900,485.9400,486.0900
1787665033,486.2000,486.2000,486.2000,486.2000
1787665034,486.1400,486.2000,486.1200,486.2000
1787665035,486.2800,486.3500,486.2800,486.3500
1787665036,486.2700,486.2700,486.2700,486.2700
1787665037,486.2700,486.2700,486.2600,486.2600
1787665038,486.2100,486.2100,486.2000,486.2000
1787665039,486.2300,486.2700,486.2300,486.2700
1787665041,486.2900,486.2900,486.2800,486.2800
1787665042,486.2100,486.2350,486.2000,486.2350
1787665044,486.2900,486.3200,486.2900,486.3200
1787665046,486.3200,486.4100,486.2900,486.4100
1787665049,486.3000,486.3000,486.1600,486.2800
1787665050,486.1300,486.2900,486.1300,486.2900
1787665052,486.2000,486.2000,486.2000,486.2000
1787665053,486.1300,486.3100,486.0500,486.0500
1787665054,485.9700,486.1900,485.9700,486.1900
1787665056,486.1000,486.1000,486.1000,486.1000
1787665057,486.0000,486.0000,485.9400,486.0000
1787665060,486.2400,486.3100,486.1800,486.3100
1787665064,486.5000,486.5400,486.5000,486.5400
1787665066,486.4700,486.4700,486.4700,486.4700
1787665068,486.5200,486.5200,486.5200,486.5200
1787665069,486.4000,486.4000,486.4000,486.4000
1787665070,486.3700,486.4500,486.3700,486.4500
1787665072,486.3600,486.4400,486.2900,486.4400
1787665074,486.6000,486.6200,486.5800,486.6100
1787665075,486.5200,486.5200,486.5100,486.5100
1787665076,486.5300,486.5300,486.5300,486.5300
1787665077,486.5500,486.5500,486.5400,486.5400
1787665078,486.5400,486.5400,486.5300,486.5300
1787665081,486.4600,486.4600,486.3400,486.4300
1787665083,486.5400,486.5400,486.5400,486.5400
1787665084,486.5600,486.6100,486.5600,486.6100
1787665085,486.6200,486.7000,486.6200,486.7000
1787665086,486.7200,486.7200,486.7200,486.7200
1787665088,486.6400,486.6400,486.6400,486.6400
1787665089,486.7700,486.9900,486.7700,486.9900
1787665090,486.9600,486.9600,486.9600,486.9600
1787665091,486.9200,486.9200,486.9200,486.9200
1787665092,486.9500,487.0500,486.9500,487.0500
1787665094,486.9800,486.9800,486.9800,486.9800
1787665095,486.9300,486.9300,486.9200,486.9200
1787665096,486.9400,486.9400,486.9400,486.9400
1787665098,486.9400,486.9400,486.9400,486.9400
1787665100,486.8400,486.8400,486.8300,486.8400
1787665101,486.8300,486.8300,486.8300,486.8300
1787665102,487.0000,487.1400,487.0000,487.1400
1787665106,487.0400,487.0700,487.0200,487.0700
1787665107,486.9600,487.0700,486.9600,487.0700
1787665110,487.1000,487.3800,487.1000,487.3800
1787665111,487.4000,487.4000,487.4000,487.4000
1787665113,487.4200,487.4200,487.3900,487.3900
1787665114,487.3900,487.3900,487.3900,487.3900
1787665115,487.3900,487.5000,487.3900,487.4000
1787665116,487.2800,487.2800,487.1800,487.1900
1787665117,487.2100,487.2100,487.2100,487.2100
1787665118,487.3100,487.3900,487.3100,487.3900
1787665120,487.4000,487.5300,487.2700,487.2700
1787665121,487.3850,487.3850,487.2700,487.3850
1787665124,487.5100,487.5100,487.5100,487.5100
1787665125,487.6000,487.6000,487.6000,487.6000
1787665126,487.5200,487.5200,487.5200,487.5200
1787665127,487.6300,487.6350,487.6300,487.6350
1787665128,487.5400,487.5600,487.5100,487.5400
1787665130,487.5400,487.5400,487.5300,487.5350
1787665131,487.4000,487.4000,487.4000,487.4000
1787665133,487.3900,487.4600,487.2800,487.2800
1787665135,487.2600,487.2600,487.1500,487.1500
1787665136,487.1950,487.3700,487.1950,487.3100
1787665139,487.1600,487.1600,487.1600,487.1600
1787665140,487.1600,487.1600,487.1600,487.1600
1787665141,487.1500,487.2000,487.0000,487.0700
1787665142,487.1500,487.2000,487.1500,487.2000
1787665145,487.0900,487.0900,487.0900,487.0900
1787665146,487.0400,487.0500,487.0400,487.0500
1787665147,487.1000,487.1950,487.0500,487.1950
1787665148,487.1950,487.2000,487.1950,487.2000
1787665149,487.2300,487.2300,487.1800,487.1800
1787665150,487.2500,487.2500,487.2000,487.2000
1787665151,487.2000,487.2000,487.1800,487.2000
1787665152,487.3500,487.3600,487.3100,487.3100
1787665154,487.4200,487.4400,487.4200,487.4400
1787665155,487.4000,487.4000,487.3800,487.3800
1787665156,487.3800,487.3800,486.9400,487.1700
1787665160,487.0950,487.2700,487.0800,487.0800
1787665163,486.9900,486.9900,486.8800,486.8800
1787665164,486.9300,486.9300,486.9300,486.9300
1787665167,487.2400,487.2400,487.2400,487.2400
1787665168,487.2500,487.2500,487.2500,487.2500
1787665170,487.3000,487.3600,487.3000,487.3600
1787665173,487.3300,487.3800,487.3300,487.3800
1787665174,487.3500,487.3500,487.3500,487.3500
1787665175,487.2500,487.2500,487.2500,487.2500
1787665176,487.2300,487.3700,487.2300,487.3700
1787665181,487.2400,487.2400,487.0700,487.0700
1787665185,487.0200,487.0200,487.0200,487.0200
1787665187,487.0100,487.0100,486.9900,487.0100
1787665191,486.9700,487.0600,486.9200,487.0600
1787665196,487.1500,487.1500,487.1500,487.1500
1787665197,487.1700,487.3100,487.1700,487.3100
1787665198,487.2700,487.3300,487.2700,487.3300
1787665199,487.3100,487.3100,487.3100,487.3100
1787665200,487.3200,487.3200,487.3000,487.3200
1787665203,487.3300,487.3850,487.3300,487.3850
1787665204,487.4400,487.4400,487.4050,487.4050
1787665205,487.4200,487.5200,487.4200,487.5100
1787665206,487.6400,487.6400,487.6400,487.6400
1787665207,487.6100,487.6100,487.6100,487.6100
1787665208,487.6800,487.7000,487.6800,487.7000
1787665210,487.7000,487.8500,487.7000,487.8500
1787665211,487.8700,487.8900,487.8700,487.8900
1787665212,487.7100,487.7100,487.6600,487.7000
1787665215,487.5600,487.5600,487.5600,487.5600
1787665216,487.5600,487.7300,487.5600,487.7300
1787665217,487.5800,487.6100,487.5300,487.6100
1787665218,487.7000,487.7000,487.5500,487.5500
1787665222,487.5600,487.5700,487.3900,487.4800
1787665223,487.4900,487.5050,487.4600,487.5050
1787665225,487.4100,487.4800,487.3150,487.4800
1787665227,487.6000,487.6000,487.6000,487.6000
1787665231,487.5100,487.5100,487.4300,487.4300
1787665234,487.5400,487.5400,487.5400,487.5400
1787665236,487.6400,487.6400,487.6400,487.6400
1787665237,487.6800,487.8500,487.6800,487.8500
1787665238,487.9000,487.9800,487.8750,487.8750
1787665240,487.8800,488.3300,487.8800,488.3300
1787665241,488.3400,488.4500,488.3400,488.3400
1787665242,488.3400,488.4150,488.3400,488.4150
1787665244,488.4400,488.4400,488.4400,488.4400
1787665245,488.4700,488.5800,488.4500,488.4500
1787665246,488.4200,488.4400,488.4200,488.4400
1787665247,488.4450,488.4450,488.3500,488.3500
1787665250,488.4550,488.4550,488.4550,488.4550
1787665251,488.5200,488.6400,488.5200,488.6400
1787665252,488.6400,488.6400,488.6400,488.6400
1787665254,488.5800,488.6300,488.5800,488.6300
1787665255,488.6600,488.6700,488.6600,488.6700
1787665257,488.6650,488.6650,488.6650,488.6650
1787665258,488.6450,488.6450,488.6450,488.6450
1787665259,488.5900,488.5900,488.3200,488.3600
1787665260,488.3700,488.3900,488.2200,488.2200
1787665262,488.2500,488.2500,488.2500,488.2500
1787665265,488.2500,488.4000,488.2500,488.4000
1787665268,488.3700,488.3700,488.3700,488.3700
1787665269,488.5100,488.5100,488.5100,488.5100
1787665271,488.5900,488.6200,488.5900,488.6200
1787665272,488.6100,488.6100,488.6100,488.6100
1787665273,488.5300,488.5300,488.5100,488.5100
1787665274,488.5400,488.5400,488.5400,488.5400
1787665275,488.5900,488.5900,488.5650,488.5650
1787665277,488.6500,488.6500,488.6500,488.6500
1787665278,488.6500,488.6600,488.6300,488.6600
1787665279,488.5600,488.5900,488.5600,488.5800
1787665280,488.5800,488.5800,488.5300,488.5300
1787665283,488.5000,488.5050,488.2400,488.2400
1787665287,488.3000,488.3000,488.2450,488.2450
1787665289,488.3100,488.3600,488.2800,488.3600
1787665290,488.2600,488.2600,488.2600,488.2600
1787665293,488.1200,488.1200,488.0700,488.0800
1787665294,487.9700,487.9700,487.8500,487.8500
1787665295,487.8550,487.8550,487.8550,487.8550
1787665296,487.9300,487.9500,487.9300,487.9500
1787665297,487.9700,487.9700,487.9700,487.9700
1787665298,487.9700,487.9700,487.9600,487.9700
1787665299,487.9700,487.9700,487.9700,487.9700
1787665301,487.8000,487.8000,487.6100,487.6100
1787665303,487.5200,487.5200,487.5100,487.5100
1787665304,487.4400,487.5100,487.4400,487.5100
1787665305,487.5900,487.5900,487.5900,487.5900
1787665307,487.5800,487.6900,487.5800,487.6900
1787665310,487.7900,487.7900,487.7900,487.7900
1787665314,487.8000,487.8200,487.8000,487.8200
1787665317,487.8200,487.8200,487.7800,487.7800
1787665318,487.7600,487.7600,487.7600,487.7600
1787665321,487.7500,487.8200,487.7200,487.8200
1787665323,487.9300,488.1100,487.9300,488.1000
1787665325,488.2300,488.5500,488.2300,488.5500
1787665326,488.6600,488.6700,488.5050,488.5050
1787665331,488.6700,488.8800,488.6700,488.7200
1787665334,488.6800,488.6800,488.4300,488.4300
1787665338,488.6000,488.6100,488.6000,488.6100
1787665339,488.6500,488.6500,488.6500,488.6500
1787665341,488.6400,488.6400,488.6400,488.6400
1787665345,488.4000,488.4000,488.3700,488.3700
1787665347,488.3800,488.3800,488.3800,488.3800
1787665349,488.4700,488.4900,488.4700,488.4900
1787665350,488.6000,488.6300,488.6000,488.6300
1787665351,488.6000,488.6200,488.6000,488.6200
1787665352,488.6400,488.6400,488.6000,488.6000
1787665354,488.5900,488.5900,488.5900,488.5900
1787665356,488.6700,488.7000,488.6700,488.7000
1787665357,488.7000,488.7000,488.7000,488.7000
1787665358,488.7000,488.7000,488.7000,488.7000
1787665359,488.7000,488.7000,488.7000,488.7000
1787665360,488.7300,488.8000,488.7200,488.7200
1787665364,488.8000,488.8000,488.8000,488.8000
1787665366,488.7100,488.7100,488.6000,488.6000
1787665367,488.5600,488.5600,488.5000,488.5000
1787665369,488.3300,488.3300,488.3300,488.3300
1787665370,488.3300,488.3300,488.3300,488.3300
1787665372,488.3300,488.3600,488.3100,488.3600
1787665376,488.4700,488.5400,488.4700,488.5400
1787665380,488.4200,488.4400,488.4100,488.4400
1787665381,488.4100,488.4100,488.4100,488.4100
1787665382,488.4100,488.4100,488.4100,488.4100
1787665383,488.4100,488.4100,488.4100,488.4100
1787665384,488.4100,488.4100,488.4100,488.4100
1787665386,488.4700,488.6700,488.4700,488.6700
1787665387,488.6500,488.6500,488.6500,488.6500
1787665389,488.6800,488.7300,488.6200,488.6900
1787665390,488.6300,488.6300,488.6300,488.6300
1787665391,488.6100,488.6300,488.5600,488.5600
1787665393,488.5500,488.6000,488.5500,488.6000
1787665399,488.6000,488.6200,488.5900,488.6200
1787665400,488.5600,488.5600,488.5600,488.5600
1787665402,488.5600,488.5600,488.5100,488.5100
1787665403,488.5100,488.5100,488.5000,488.5000
1787665404,488.5000,488.5000,488.4100,488.4950
1787665406,488.4550,488.4550,488.3300,488.3300
1787665407,488.3000,488.3000,488.2600,488.2600
1787665408,488.2550,488.2550,488.2550,488.2550
1787665409,488.1900,488.1900,488.1900,488.1900
1787665412,488.0300,488.0300,488.0000,488.0000
1787665413,487.9250,487.9900,487.9250,487.9900
1787665414,488.0300,488.0500,488.0300,488.0500
1787665418,488.2400,488.3100,488.1700,488.1700
1787665419,488.0800,488.1800,488.0800,488.0800
1787665420,488.0000,488.0000,488.0000,488.0000
1787665422,487.9900,488.0800,487.9900,488.0800
1787665423,488.1200,488.1200,488.1200,488.1200
1787665425,488.1900,488.2400,488.1900,488.2400
1787665428,488.4400,488.4400,488.4400,488.4400
1787665429,488.4900,488.6700,488.4900,488.6700
1787665431,488.5600,488.5600,488.4800,488.4800
1787665433,488.4900,488.5300,488.4300,488.5300
1787665434,488.4300,488.5300,488.3900,488.3900
1787665439,488.4200,488.4550,488.4200,488.4550
1787665440,488.4800,488.4800,488.4800,488.4800
1787665441,488.4700,488.5200,488.4700,488.5200
1787665443,488.4200,488.4200,488.3800,488.3800
1787665444,488.3700,488.3700,488.2600,488.2600
1787665445,488.3100,488.3100,488.2100,488.2100
1787665446,488.1500,488.2100,488.1400,488.2100
1787665448,488.1000,488.1000,488.1000,488.1000
1787665450,488.1450,488.2200,488.1450,488.2200
1787665454,488.3400,488.4250,488.3400,488.4250
1787665455,488.3850,488.4500,488.3850,488.4500
1787665456,488.5100,488.5500,488.5100,488.5500
1787665457,488.6200,488.6600,488.5200,488.5200
1787665458,488.5400,488.5400,488.5400,488.5400
1787665459,488.5600,488.5600,488.5600,488.5600
1787665460,488.6400,488.6600,488.6400,488.6600
1787665462,488.5900,488.5900,488.5700,488.5700
1787665464,488.5300,488.5300,488.5300,488.5300
1787665471,488.6400,488.6500,488.5700,488.6500
1787665472,488.5900,488.5900,488.5900,488.5900
1787665473,488.6600,488.6600,488.6500,488.6600
1787665474,488.7100,488.7100,488.7100,488.7100
1787665475,488.6800,488.7300,488.6800,488.7300
1787665476,488.6300,488.6300,488.6300,488.6300
1787665477,488.6450,488.6450,488.6450,488.6450
1787665479,488.6400,488.6400,488.5800,488.6300
1787665481,488.6450,488.6450,488.6400,488.6400
1787665483,488.7100,488.7100,488.7100,488.7100
1787665484,488.5800,488.5800,488.5500,488.5500
1787665487,488.6350,488.6350,488.6350,488.6350
1787665488,488.5500,488.5500,488.5500,488.5500
1787665490,488.6200,488.6200,488.6200,488.6200
1787665491,488.6300,488.6800,488.6300,488.6800
1787665492,488.7100,488.7500,488.7100,488.7500
1787665493,488.8000,488.9100,488.8000,488.8800
1787665494,488.7900,488.7900,488.7900,488.7900
1787665497,488.8200,488.8500,488.7900,488.7900
1787665498,488.7900,488.8500,488.7900,488.8500
1787665499,488.7900,488.7900,488.7200,488.7200
1787665500,488.7700,488.8600,488.7700,488.8600
1787665501,488.9700,489.2000,488.9700,489.2000
1787665503,488.9900,488.9900,488.7200,488.7200
1787665504,488.8000,488.8000,488.8000,488.8000
1787665507,488.8200,488.8800,488.8200,488.8800
1787665508,488.8200,488.8200,488.8050,488.8050
1787665509,488.9000,488.9000,488.9000,488.9000
1787665511,489.0200,489.0300,489.0200,489.0300
1787665514,489.1000,489.1300,489.1000,489.1300
1787665515,489.0700,489.0700,489.0700,489.0700
1787665516,489.0900,489.2200,489.0900,489.2200
1787665517,489.2000,489.2500,489.1800,489.1800
1787665518,489.2900,489.2900,489.2900,489.2900
1787665519,489.2900,489.3000,489.2900,489.3000
1787665520,489.3200,489.3700,489.1800,489.1800
1787665521,489.2400,489.2400,489.2400,489.2400
1787665523,489.3700,489.3900,489.3700,489.3900
1787665524,489.4000,489.7100,489.4000,489.7100
1787665525,489.7350,489.7350,489.6800,489.6800
1787665526,489.5800,489.5800,489.5800,489.5800
1787665527,489.6400,489.6400,489.6400,489.6400
1787665530,489.6500,489.6500,489.6500,489.6500
1787665531,489.6100,489.6100,489.4550,489.4550
1787665532,489.5100,489.6200,489.5100,489.6200
1787665533,489.6100,489.6900,489.6100,489.6900
1787665536,489.7500,489.8000,489.7500,489.8000
1787665537,489.8100,489.9000,489.7500,489.7600
1787665538,489.7500,489.7600,489.7500,489.7600
1787665539,489.8800,489.8800,489.7700,489.7700
1787665541,489.7900,489.7900,489.7800,489.7800
1787665542,489.8850,490.0000,489.8200,489.9900
1787665543,490.0000,490.1300,490.0000,490.0700
1787665544,490.0700,490.1400,490.0700,490.1400
1787665545,490.0100,490.0100,489.9800,489.9800
1787665546,489.9400,489.9400,489.9400,489.9400
1787665547,489.9400,489.9400,489.9000,489.9000
1787665548,489.8100,489.8100,489.7600,489.7600
1787665550,489.7600,489.7600,489.7600,489.7600
1787665551,489.6600,489.6600,489.6100,489.6100
1787665553,489.6100,489.6200,489.6100,489.6100
1787665554,489.6100,489.6100,489.5700,489.5700
1787665555,489.5200,489.5250,489.3600,489.3800
1787665556,489.3700,489.3750,489.3700,489.3700
1787665557,489.3700,489.3700,489.3700,489.3700
1787665558,489.4600,489.4600,489.3800,489.3800
1787665560,489.3000,489.3400,489.2500,489.3400
1787665561,489.3400,489.3500,489.3000,489.3000
1787665562,489.3200,489.4200,489.3200,489.3800
1787665564,489.3600,489.4600,489.3300,489.4600
1787665567,489.4600,489.4600,489.4500,489.4500
1787665568,489.4700,489.5800,489.4700,489.5800
1787665569,489.6500,489.6500,489.6500,489.6500
1787665573,489.7500,489.7800,489.7500,489.7800
1787665574,489.8300,489.8500,489.7800,489.7800
1787665577,489.8300,489.8300,489.8300,489.8300
1787665578,489.8300,489.9100,489.8300,489.9100
1787665579,489.9000,489.9100,489.8600,489.8600
1787665580,489.8900,489.8900,489.8900,489.8900
1787665581,489.8600,489.8600,489.8500,489.8500
1787665582,489.8350,489.8700,489.8350,489.8700
1787665584,489.9400,489.9400,489.9400,489.9400
1787665585,489.8400,489.8400,489.8000,489.8000
1787665587,489.8500,489.8600,489.8500,489.8600
1787665588,489.8900,489.8900,489.8900,489.8900
1787665589,489.8900,489.9300,489.8900,489.9300
1787665590,489.9800,489.9900,489.9800,489.9900
1787665593,490.0000,490.0000,489.9100,489.9100
1787665595,489.9600,490.0100,489.9600,489.9950
1787665596,489.9800,489.9900,489.9800,489.9900
1787665598,489.9100,489.9100,489.8400,489.8400
1787665599,489.8600,489.8700,489.8600,489.8700
1787665600,489.8600,489.8700,489.7800,489.8700
1787665602,489.8200,489.8500,489.8000,489.8000
1787665603,489.8200,489.9200,489.8200,489.9200
1787665605,489.8100,489.8100,489.8100,489.8100
1787665606,489.8000,489.8200,489.7200,489.7200
1787665607,489.8050,489.8050,489.7800,489.7800
1787665608,489.7200,489.7200,489.7200,489.7200
1787665609,489.7800,489.8500,489.7800,489.8500
1787665610,489.8600,489.9000,489.8600,489.9000
1787665611,489.9600,489.9600,489.9600,489.9600
1787665613,489.9900,490.0500,489.9900,490.0500
1787665616,490.0000,490.0500,490.0000,490.0500
1787665618,490.0300,490.0300,490.0200,490.0200
1787665619,489.9950,490.0300,489.9950,490.0300
1787665620,490.0500,490.0500,489.9900,490.0000
1787665622,489.9700,489.9700,489.9600,489.9600
1787665623,489.9600,490.0000,489.9600,490.0000
1787665624,490.0400,490.0700,489.9000,489.9900
1787665625,490.0100,490.0800,490.0100,490.0800
1787665626,490.1400,490.1400,490.1400,490.1400
1787665627,490.1300,490.1400,490.1300,490.1400
1787665628,490.0100,490.0100,490.0100,490.0100
1787665629,490.0800,490.1400,490.0800,490.1400
1787665631,490.0200,490.0200,489.9900,489.9900
1787665633,489.9700,489.9700,489.9700,489.9700
1787665634,489.9700,490.0000,489.9700,490.0000
1787665636,490.0250,490.1500,490.0250,490.1200
1787665639,490.0800,490.0800,490.0800,490.0800
1787665640,490.0500,490.0600,489.9300,489.9300
1787665641,489.9300,489.9300,489.7800,489.7800
1787665642,489.7000,489.7700,489.6900,489.7700
1787665643,489.8300,489.8400,489.8300,489.8400
1787665644,489.9500,490.0000,489.9000,490.0000
1787665646,490.0000,490.0000,490.0000,490.0000
1787665647,489.9000,489.9000,489.8700,489.8700
1787665648,489.7800,489.7800,489.7400,489.7400
1787665649,489.7450,489.7450,489.7450,489.7450
1787665651,489.6800,489.6900,489.6700,489.6900
1787665656,489.6400,489.6500,489.5800,489.5800
1787665658,489.6050,489.6400,489.6000,489.6000
1787665660,489.7100,489.7100,489.5600,489.5600
1787665661,489.5500,489.5800,489.5000,489.5100
1787665662,489.5700,489.6200,489.5700,489.6100
1787665664,489.6600,489.6600,489.6600,489.6600
1787665666,489.5500,489.5500,489.5100,489.5100
1787665667,489.5200,489.5200,489.5200,489.5200
1787665669,489.5100,489.5300,489.5100,489.5300
1787665670,489.6200,489.6200,489.6100,489.6100
1787665671,489.7400,489.7400,489.7400,489.7400
1787665675,489.7600,489.7600,489.7600,489.7600
1787665676,489.7400,489.7400,489.6700,489.7100
1787665679,489.8200,489.8750,489.8200,489.8750
1787665680,489.9300,489.9400,489.9300,489.9400
1787665681,489.8100,489.8100,489.7900,489.7900
1787665683,489.8400,489.8400,489.7800,489.7800
1787665686,489.7900,489.7900,489.7300,489.7300
1787665687,489.7700,489.7700,489.7700,489.7700
1787665688,489.6900,489.6900,489.6900,489.6900
1787665690,489.6500,489.6500,489.5600,489.5600
1787665691,489.5100,489.5100,489.4700,489.4700
1787665695,489.4700,489.4700,489.4700,489.4700
1787665698,489.4300,489.4300,489.3250,489.3250
1787665701,489.3250,489.3250,489.3250,489.3250
1787665703,489.2500,489.2500,489.1750,489.1750
1787665704,489.2000,489.2000,489.2000,489.2000
1787665705,489.2500,489.2500,489.2500,489.2500
1787665706,489.2500,489.2500,489.2500,489.2500
1787665708,489.2000,489.2000,489.2000,489.2000
1787665710,489.1900,489.1900,489.1400,489.1500
1787665713,489.1800,489.1800,489.1800,489.1800
1787665715,489.1250,489.1900,489.0300,489.1300
1787665717,489.1200,489.1200,489.0700,489.0700
1787665722,489.1000,489.4000,489.0500,489.4000
1787665723,489.3100,489.3100,489.3100,489.3100
1787665726,489.2800,489.2800,489.2600,489.2600
1787665727,489.1600,489.2300,489.1600,489.2300
1787665729,489.2300,489.2800,489.2300,489.2800
1787665731,489.2100,489.2100,489.2000,489.2000
1787665732,489.2200,489.2200,489.2200,489.2200
1787665733,489.2200,489.2200,489.1800,489.1800
1787665735,489.1700,489.1700,489.1700,489.1700
1787665736,489.2000,489.2000,489.2000,489.2000
1787665738,489.2600,489.3300,489.2600,489.3300
1787665742,489.2400,489.2400,489.2300,489.2300
1787665743,489.1600,489.1600,489.1200,489.1200
1787665744,489.1200,489.1200,489.0700,489.0900
1787665745,489.0300,489.0300,488.9600,488.9800
1787665746,488.9000,488.9000,488.8800,488.8800
1787665747,488.8800,488.8800,488.8800,488.8800
1787665748,488.8000,488.8000,488.6700,488.6700
1787665749,488.7300,488.8400,488.7300,488.8400
1787665751,488.6200,488.6200,488.6200,488.6200
1787665754,488.7300,488.7300,488.7200,488.7200
1787665758,488.8200,488.8600,488.8200,488.8600
1787665762,488.8400,488.8500,488.6200,488.6200
1787665770,488.6400,488.6450,488.6400,488.6450
1787665772,488.7700,488.7800,488.7700,488.7800
1787665774,488.8400,488.8400,488.8400,488.8400
1787665775,488.7350,488.7350,488.6900,488.6900
1787665778,488.7300,488.7300,488.7300,488.7300
1787665783,488.6400,488.6400,488.6400,488.6400
1787665786,488.6500,488.6500,488.6500,488.6500
1787665790,488.7100,488.8400,488.7100,488.8400
1787665791,488.9000,488.9500,488.9000,488.9500
1787665792,488.8900,488.8900,488.8100,488.8100
1787665795,488.8200,488.8200,488.8100,488.8100
1787665796,488.7600,488.7600,488.7600,488.7600
1787665798,488.8150,488.8150,488.7500,488.7500
1787665800,488.7550,488.8300,488.7550,488.8300
1787665801,488.8300,488.8300,488.8300,488.8300
1787665802,488.8150,488.9100,488.8150,488.9100
1787665805,488.9700,488.9700,488.9700,488.9700
1787665806,488.9700,489.0200,488.9700,489.0200
1787665807,488.9800,488.9800,488.9800,488.9800
1787665808,488.9500,488.9500,488.9400,488.9400
1787665811,488.9100,489.0000,488.9100,489.0000
1787665812,489.0300,489.0500,489.0300,489.0500
1787665813,488.9400,488.9400,488.9400,488.9400
1787665814,488.9100,488.9400,488.9100,488.9200
1787665816,488.9600,489.0700,488.9600,489.0700
1787665818,488.9100,488.9100,488.8700,488.8700
1787665819,488.8700,488.8700,488.8600,488.8600
1787665821,488.8900,488.8900,488.8100,488.8100
1787665822,488.8800,488.9000,488.8800,488.9000
1787665823,488.9700,488.9700,488.9700,488.9700
1787665824,489.0000,489.0750,489.0000,489.0750
1787665828,489.0500,489.0500,489.0500,489.0500
1787665829,489.0800,489.0800,489.0800,489.0800
1787665833,488.9800,488.9800,488.9700,488.9700
1787665836,489.0200,489.0200,489.0200,489.0200
1787665837,488.9700,488.9700,488.9700,488.9700
1787665840,488.8900,488.8900,488.7500,488.7500
1787665841,488.7400,488.7400,488.7100,488.7100
1787665843,488.7000,488.7000,488.6300,488.6600
1787665844,488.6300,488.6300,488.6300,488.6300
1787665845,488.6300,488.6300,488.5500,488.5500
1787665846,488.5300,488.5300,488.5200,488.5200
1787665847,488.5100,488.5100,488.4400,488.4400
1787665848,488.4000,488.4000,488.4000,488.4000
1787665850,488.2800,488.3800,488.2500,488.3200
1787665851,488.3300,488.3300,488.3300,488.3300
1787665852,488.3300,488.3300,488.3100,488.3100
1787665856,488.1600,488.1600,488.1600,488.1600
1787665858,488.1450,488.1450,488.1450,488.1450
1787665859,488.0900,488.0900,488.0800,488.0800
1787665860,488.0700,488.1200,488.0700,488.0700
1787665861,488.0700,488.0700,488.0700,488.0700
1787665862,488.0100,488.0100,488.0100,488.0100
1787665863,488.0700,488.1400,488.0700,488.1100
1787665865,488.0800,488.0800,488.0200,488.0200
1787665866,488.0600,488.1800,488.0000,488.0100
1787665868,488.0000,488.0700,487.9700,488.0700
1787665872,487.9400,487.9400,487.9300,487.9300
1787665873,487.9000,487.9000,487.8700,487.8800
1787665876,487.8650,487.9300,487.8650,487.9300
1787665877,487.9000,487.9000,487.9000,487.9000
1787665878,487.9600,487.9600,487.9100,487.9100
1787665879,487.9100,487.9100,487.9100,487.9100
1787665880,487.8300,487.8300,487.7800,487.8150
1787665882,487.9000,487.9000,487.9000,487.9000
1787665884,487.9200,487.9500,487.9200,487.9500
1787665886,487.9700,488.0000,487.9700,488.0000
1787665887,487.9200,487.9200,487.9100,487.9100
1787665888,487.8500,487.8600,487.8500,487.8500
1787665889,487.8950,487.8950,487.8950,487.8950
1787665893,487.8000,487.8000,487.6900,487.6900
1787665895,487.6350,487.6700,487.6350,487.6700
1787665896,487.6700,487.6700,487.6700,487.6700
1787665897,487.7500,487.7500,487.7500,487.7500
1787665899,487.7300,487.7500,487.7300,487.7500
1787665900,487.7100,487.7100,487.7100,487.7100
1787665901,487.6350,487.6350,487.6350,487.6350
1787665902,487.7000,487.7700,487.7000,487.7100
1787665903,487.8200,487.9000,487.8200,487.8600
1787665904,487.9200,488.2100,487.9200,488.2100
1787665905,488.1450,488.1450,488.1450,488.1450
1787665908,488.0700,488.0700,488.0000,488.0000
1787665909,488.0600,488.1000,488.0600,488.1000
1787665910,488.1200,488.1500,488.1200,488.1500
1787665911,488.1100,488.1100,488.1050,488.1050
1787665912,488.0950,488.0950,488.0950,488.0950
1787665913,488.1700,488.4000,488.1700,488.2500
1787665915,488.2300,488.2300,488.2300,488.2300
1787665919,488.0900,488.2000,488.0900,488.2000
1787665920,488.2100,488.2100,488.2050,488.2050
1787665925,488.1600,488.1700,488.1000,488.1500
1787665926,488.1400,488.1800,488.1300,488.1800
1787665927,488.1800,488.1800,488.1800,488.1800
1787665928,488.2300,488.2500,488.2300,488.2300
1787665929,488.3000,488.3600,488.3000,488.3600
1787665931,488.3200,488.3400,488.3200,488.3400
1787665933,488.2900,488.2900,488.2900,488.2900
1787665935,488.3000,488.4600,488.3000,488.4600
1787665936,488.4200,488.4200,488.4200,488.4200
1787665937,488.4800,488.4800,488.4800,488.4800
1787665939,488.4800,488.5050,488.4800,488.5050
1787665940,488.6000,488.6000,488.6000,488.6000
1787665941,488.6100,488.6100,488.6100,488.6100
1787665942,488.6000,488.6000,488.6000,488.6000
1787665943,488.5400,488.5400,488.4900,488.4900
1787665945,488.4900,488.4900,488.4900,488.4900
1787665949,488.4700,488.4700,488.4250,488.4250
1787665950,488.4250,488.4250,488.3400,488.3400
1787665951,488.3300,488.3350,488.3300,488.3350
1787665955,488.3350,488.3350,488.2800,488.2800
1787665956,488.3300,488.3400,488.3100,488.3100
1787665958,488.2500,488.2500,488.2100,488.2100
1787665959,488.1100,488.1100,488.0600,488.0600
1787665960,488.1500,488.1500,488.1500,488.1500
1787665962,488.1500,488.1500,488.1500,488.1500
1787665963,488.0600,488.0600,487.9500,487.9500
1787665965,488.0300,488.0400,488.0300,488.0400
1787665968,487.9100,487.9100,487.9100,487.9100
1787665970,487.9200,488.0200,487.9200,487.9700
1787665971,487.9350,487.9350,487.9350,487.9350
1787665974,487.9800,487.9800,487.9800,487.9800
1787665975,487.9300,487.9350,487.9300,487.9350
1787665976,488.0000,488.0200,488.0000,488.0200
1787665977,488.0200,488.0500,488.0200,488.0500
1787665979,488.0000,488.0000,488.0000,488.0000
1787665980,487.9100,487.9100,487.7700,487.7700
1787665981,487.8400,487.8400,487.8300,487.8300
1787665984,487.8500,487.9200,487.8500,487.9200
1787665985,487.9900,488.0500,487.9900,488.0200
1787665986,488.0000,488.0000,488.0000,488.0000
1787665987,488.1300,488.1900,488.1300,488.1800
1787665988,488.1800,488.2200,488.1400,488.1400
1787665991,488.1800,488.3700,488.1750,488.3700
1787665992,488.3900,488.3900,488.3900,488.3900
1787665997,488.3200,488.3200,488.3200,488.3200
1787666000,488.4000,488.4700,488.3900,488.3900
1787666005,488.4900,488.4900,488.4900,488.4900
1787666006,488.4900,488.4900,488.4000,488.4000
1787666008,488.4500,488.4500,488.4500,488.4500
1787666009,488.4800,488.4800,488.4800,488.4800
1787666010,488.5000,488.5100,488.3800,488.3800
1787666012,488.4000,488.4600,488.4000,488.4600
1787666014,488.4100,488.4100,488.4100,488.4100
1787666015,488.3000,488.3000,488.2200,488.2200
1787666017,488.1800,488.1800,488.1800,488.1800
1787666018,488.1800,488.1800,488.1800,488.1800
1787666019,488.1800,488.2350,488.1800,488.2350
1787666022,488.1950,488.1950,488.1950,488.1950
1787666024,488.1400,488.1400,487.9700,487.9700
1787666026,488.0800,488.0800,488.0800,488.0800
1787666029,488.0750,488.0750,488.0750,488.0750
1787666030,488.0700,488.0700,488.0700,488.0700
1787666032,488.0550,488.0550,488.0550,488.0550
1787666033,487.9500,487.9500,487.9300,487.9300
1787666042,487.8500,487.8500,487.8400,487.8400
1787666044,487.8300,487.8300,487.8300,487.8300
1787666045,487.8900,488.1200,487.8900,488.1200
1787666046,488.0500,488.0500,488.0400,488.0400
1787666047,488.0100,488.1000,488.0100,488.1000
1787666048,488.1100,488.1100,488.1050,488.1050
1787666050,488.0900,488.0900,488.0900,488.0900
1787666051,488.0200,488.0200,488.0200,488.0200
1787666052,487.9650,487.9650,487.9650,487.9650
1787666056,487.9550,487.9550,487.9550,487.9550
1787666058,487.8900,487.9450,487.8800,487.9450
1787666059,487.9600,487.9600,487.9600,487.9600
1787666060,487.9600,488.1400,487.9600,488.1300
1787666061,488.0300,488.0300,488.0150,488.0150
1787666062,488.1000,488.1900,488.1000,488.1900
1787666068,488.0500,488.0500,488.0500,488.0500
1787666069,488.0500,488.0500,488.0250,488.0250
1787666070,488.1200,488.1300,488.1200,488.1300
1787666071,488.0200,488.0250,488.0200,488.0250
1787666075,488.0200,488.0200,488.0200,488.0200
1787666077,488.0200,488.0200,488.0200,488.0200
1787666081,487.9900,487.9900,487.9000,487.9700
1787666082,487.9700,487.9900,487.9700,487.9900
1787666085,488.0000,488.0000,488.0000,488.0000
1787666087,487.9350,488.0000,487.9350,488.0000
1787666090,488.0000,488.0000,488.0000,488.0000
1787666095,487.9800,487.9800,487.9800,487.9800
1787666096,488.0500,488.0700,488.0500,488.0700
1787666097,488.0000,488.0000,488.0000,488.0000
1787666098,487.9950,487.9950,487.9950,487.9950
1787666100,488.0200,488.0200,488.0200,488.0200
1787666101,488.0600,488.0600,488.0600,488.0600
1787666109,488.0550,488.0550,488.0550,488.0550
1787666113,488.1100,488.1400,488.1100,488.1400
1787666114,488.1000,488.1000,488.0800,488.1000
1787666115,488.0600,488.0600,488.0600,488.0600
1787666118,488.0400,488.0400,487.9000,487.9200
1787666119,487.8950,487.8950,487.8500,487.8500
1787666121,487.8500,487.8500,487.8500,487.8500
1787666123,487.9000,487.9600,487.9000,487.9600
1787666124,487.9700,488.0800,487.9700,488.0000
1787666125,487.9900,487.9900,487.9600,487.9600
1787666126,487.9400,487.9400,487.9400,487.9400
1787666129,487.9300,487.9300,487.8000,487.8000
1787666130,487.7950,487.7950,487.7950,487.7950
1787666131,487.7500,487.7500,487.7100,487.7100
1787666132,487.7300,487.7300,487.7300,487.7300
1787666133,487.7100,487.7100,487.7100,487.7100
1787666134,487.7100,487.7100,487.7100,487.7100
1787666135,487.7900,487.8000,487.7900,487.8000
1787666137,487.8700,487.8700,487.8700,487.8700
1787666139,487.7500,487.8400,487.7200,487.8400
1787666140,487.8400,487.8400,487.8350,487.8400
1787666142,487.8350,487.8350,487.6200,487.6200
1787666143,487.6000,487.6000,487.5700,487.6000
1787666148,487.6300,487.6300,487.6300,487.6300
1787666151,487.6250,487.6250,487.6250,487.6250
1787666153,487.6200,487.6200,487.6200,487.6200
1787666155,487.6000,487.6000,487.5700,487.6000
1787666157,487.5000,487.5600,487.5000,487.5400
1787666158,487.5800,487.6200,487.5800,487.6200
1787666159,487.6200,487.6200,487.6200,487.6200
1787666161,487.6600,487.7300,487.6600,487.6700
1787666162,487.6800,487.6800,487.6200,487.6200
1787666163,487.6950,487.6950,487.6000,487.6000
1787666164,487.6000,487.6000,487.6000,487.6000
1787666166,487.7400,487.7400,487.7400,487.7400
1787666168,487.8400,487.8400,487.8400,487.8400
1787666175,487.8400,487.8700,487.8350,487.8350
1787666176,487.8450,487.8600,487.8450,487.8600
1787666177,487.8700,487.8700,487.8700,487.8700
1787666179,487.8550,487.8550,487.8550,487.8550
1787666180,487.8550,487.8550,487.8550,487.8550
1787666181,487.7700,487.7700,487.7500,487.7500
1787666182,487.7800,487.7800,487.7800,487.7800
1787666183,487.8300,487.8300,487.8300,487.8300
1787666185,487.7800,487.8200,487.7800,487.8200
1787666186,487.8300,487.8300,487.8200,487.8200
1787666188,487.7800,487.7800,487.7500,487.7500
1787666189,487.7500,487.7500,487.7500,487.7500
1787666192,487.8000,487.8000,487.8000,487.8000
1787666193,487.8400,487.8600,487.8300,487.8600
1787666196,487.8800,488.0100,487.8800,487.9200
1787666200,488.1000,488.1000,488.1000,488.1000
1787666202,488.1150,488.1150,488.1150,488.1150
1787666206,488.1600,488.1600,488.1600,488.1600
1787666209,488.0700,488.0700,488.0300,488.0600
1787666212,488.0100,488.0100,487.8800,487.8800
1787666213,487.9100,487.9100,487.9100,487.9100
1787666216,487.8650,487.8650,487.8650,487.8650
1787666217,487.8650,487.8650,487.7300,487.7300
1787666219,487.7100,487.7100,487.7000,487.7000
1787666222,487.5900,487.5900,487.5400,487.5700
1787666223,487.5000,487.5400,487.5000,487.5400
1787666224,487.5000,487.5500,487.3300,487.3300
1787666226,487.3300,487.3300,487.3100,487.3300
1787666227,487.3300,487.3300,487.3100,487.3100
1787666228,487.3700,487.4500,487.3400,487.4500
1787666231,487.4300,487.4300,487.4300,487.4300
1787666236,487.3900,487.3900,487.3900,487.3900
1787666237,487.3900,487.3900,487.3900,487.3900
1787666238,487.4500,487.4700,487.4500,487.4500
1787666240,487.3200,487.3200,487.2800,487.2800
1787666243,487.2000,487.2000,487.1100,487.1800
1787666247,487.1600,487.2700,487.1600,487.2700
1787666256,487.2600,487.2800,487.2600,487.2800
1787666257,487.2600,487.2600,487.2600,487.2600
1787666260,487.2750,487.4300,487.2750,487.4300
1787666261,487.4000,487.4300,487.4000,487.4300
1787666262,487.4000,487.4000,487.4000,487.4000
1787666264,487.4400,487.4600,487.4400,487.4600
1787666270,487.4000,487.4200,487.3600,487.3650
1787666271,487.3650,487.3650,487.3650,487.3650
1787666274,487.4400,487.5100,487.4400,487.5100
1787666279,487.3800,487.3800,487.3800,487.3800
1787666280,487.4400,487.4400,487.4200,487.4200
1787666281,487.3800,487.3800,487.3300,487.3400
1787666282,487.3900,487.3900,487.3900,487.3900
1787666284,487.4400,487.4600,487.4000,487.4600
1787666285,487.4600,487.4600,487.4600,487.4600
1787666289,487.4100,487.4100,487.3800,487.3800
1787666290,487.3300,487.3300,487.2100,487.2100
1787666298,487.1800,487.1800,487.1800,487.1800
1787666300,487.1700,487.1700,487.1700,487.1700
1787666304,487.1100,487.1600,487.1100,487.1600
1787666305,487.1000,487.1000,486.9400,486.9400
1787666307,486.9100,486.9100,486.9100,486.9100
1787666308,486.9100,486.9100,486.9100,486.9100
1787666309,486.9800,487.0500,486.9800,487.0500
1787666316,487.0200,487.0600,487.0200,487.0600
1787666321,486.9900,486.9900,486.9800,486.9800
1787666322,486.9600,486.9600,486.9600,486.9600
1787666324,486.9300,486.9300,486.8000,486.8000
1787666326,486.8200,486.8200,486.8200,486.8200
1787666330,486.8400,486.8400,486.8400,486.8400
1787666331,486.9000,486.9000,486.9000,486.9000
1787666334,486.8600,486.8600,486.8000,486.8000
1787666337,486.7100,486.8650,486.7100,486.8650
1787666338,486.8000,486.8000,486.8000,486.8000
1787666339,486.7500,486.8200,486.7500,486.8200
1787666340,486.7500,486.8300,486.7500,486.8300
1787666341,486.7300,486.7300,486.7000,486.7300
1787666342,486.7200,486.8100,486.7200,486.8100
1787666343,486.8700,487.1100,486.8700,487.1100
1787666344,487.1100,487.1100,487.1100,487.1100
1787666345,487.1100,487.1100,487.1100,487.1100
1787666346,487.0200,487.0200,487.0200,487.0200
1787666348,486.9050,486.9100,486.9050,486.9100
1787666349,486.9800,487.0800,486.9800,487.0700
1787666354,487.1200,487.2000,487.1200,487.2000
1787666355,487.0700,487.0700,487.0500,487.0500
1787666357,487.1900,487.2150,487.1600,487.1600
1787666358,487.2900,487.3000,487.2900,487.3000
1787666363,487.2800,487.2900,487.2800,487.2900
1787666364,487.2700,487.2700,487.2600,487.2600
1787666368,487.3600,487.3800,487.2800,487.2800
1787666372,487.2000,487.2800,487.2000,487.2800
1787666373,487.2000,487.2000,487.2000,487.2000
1787666377,487.2000,487.2000,487.1700,487.1700
1787666383,487.1200,487.1200,487.0900,487.0900
1787666384,487.2100,487.2200,487.2100,487.2200
1787666385,487.2500,487.2600,487.2500,487.2600
1787666390,487.2000,487.2000,487.2000,487.2000
1787666391,487.2000,487.2000,487.2000,487.2000
1787666393,487.1800,487.1800,487.1800,487.1800
1787666395,487.2600,487.3900,487.2600,487.3900
1787666396,487.5000,487.5000,487.5000,487.5000
1787666398,487.6700,487.8900,487.6700,487.8100
1787666399,487.8600,487.8600,487.6100,487.6100
1787666400,487.5800,487.5800,487.3600,487.3600
1787666401,487.3600,487.5000,487.3600,487.5000
1787666403,487.4900,487.5100,487.4900,487.5100
1787666406,487.6200,487.6200,487.6200,487.6200
1787666407,487.6300,487.7300,487.6200,487.6200
1787666408,487.7350,487.7350,487.7350,487.7350
1787666409,487.7350,487.7350,487.7350,487.7350
1787666413,487.7800,487.7800,487.7800,487.7800
1787666414,487.9900,488.0000,487.8400,487.9900
1787666415,488.0500,488.0700,488.0500,488.0700
1787666416,488.0700,488.1000,488.0600,488.0700
1787666417,488.0850,488.1200,488.0850,488.1200
1787666418,488.1200,488.1200,488.1200,488.1200
1787666419,488.1200,488.1200,488.1200,488.1200
1787666420,488.1200,488.2900,488.1200,488.2100
1787666422,488.2700,488.3600,488.2700,488.3600
1787666423,488.3150,488.3150,488.3150,488.3150
1787666424,488.3150,488.4700,488.3150,488.3500
1787666425,488.3850,488.3850,488.3500,488.3500
1787666426,488.3300,488.3500,488.3300,488.3300
1787666427,488.4400,488.4700,488.4400,488.4700
1787666428,488.4500,488.4500,488.4500,488.4500
1787666430,488.4300,488.4300,488.4300,488.4300
1787666432,488.4700,488.4900,488.4700,488.4900
1787666433,488.4250,488.4250,488.4250,488.4250
1787666434,488.4900,488.5000,488.3200,488.3200
1787666437,488.3100,488.3400,488.3100,488.3400
1787666438,488.3000,488.3000,488.3000,488.3000
1787666439,488.2900,488.2900,488.0600,488.0600
1787666440,488.0000,488.0000,487.9300,487.9500
1787666441,487.9100,487.9100,487.8100,487.8100
1787666442,487.8350,487.8350,487.8000,487.8150
1787666447,487.7300,487.7300,487.7000,487.7000
1787666449,487.6650,487.7000,487.6650,487.7000
1787666453,487.6600,487.6600,487.6550,487.6550
1787666454,487.6200,487.7000,487.6200,487.6200
1787666455,487.6200,487.6200,487.6200,487.6200
1787666456,487.5700,487.5700,487.5700,487.5700
1787666457,487.6100,487.6200,487.6100,487.6200
1787666461,487.6600,487.7850,487.6600,487.7000
1787666462,487.6400,487.6500,487.4400,487.5700
1787666463,487.5800,487.7200,487.5800,487.7200
1787666467,487.4500,487.5200,487.4100,487.5200
1787666469,487.4400,487.4400,487.4400,487.4400
1787666470,487.3100,487.3100,487.2500,487.2500
1787666471,487.3200,487.3450,487.3200,487.3450
1787666474,487.3500,487.3500,487.3500,487.3500
1787666475,487.5200,487.5300,487.5200,487.5300
1787666477,487.4900,487.5400,487.4900,487.5100
1787666480,487.4150,487.4150,487.3700,487.3700
1787666483,487.5300,487.5400,487.4500,487.4500
1787666487,487.5000,487.5400,487.5000,487.5400
1787666488,487.4850,487.4850,487.4700,487.4700
1787666492,487.3950,487.3950,487.3650,487.3650
1787666493,487.3200,487.3200,487.3200,487.3200
1787666494,487.3200,487.3200,487.2700,487.3200
1787666496,487.3300,487.3300,487.3300,487.3300
1787666499,487.3400,487.4600,487.3400,487.4500
1787666501,487.3600,487.3600,487.2700,487.2700
1787666502,487.2950,487.2950,487.2700,487.2700
1787666504,487.2950,487.2950,487.2950,487.2950
1787666506,487.2950,487.2950,487.2900,487.2900
1787666507,487.3400,487.4400,487.0900,487.0900
1787666509,487.0600,487.0600,487.0000,487.0300
1787666513,487.0000,487.0000,486.9400,486.9400
1787666518,487.0800,487.0800,487.0800,487.0800
1787666521,487.1000,487.2600,487.1000,487.2600
1787666523,487.2700,487.2700,487.2700,487.2700
1787666525,487.4000,487.4000,487.3900,487.3900
1787666526,487.4000,487.4000,487.3900,487.4000
1787666528,487.1700,487.1800,487.1700,487.1800
1787666529,487.1600,487.2400,487.1600,487.2400
1787666532,487.1300,487.1300,487.1300,487.1300
1787666541,487.1600,487.1600,487.1600,487.1600
1787666542,487.1100,487.1100,487.1100,487.1100
1787666546,487.1050,487.1050,486.9900,486.9900
1787666547,487.0300,487.0700,487.0200,487.0500
1787666548,486.9900,486.9900,486.9800,486.9800
1787666552,486.9400,486.9400,486.9400,486.9400
1787666555,486.9900,486.9900,486.8000,486.8000
1787666556,486.8900,487.0500,486.8900,487.0500
1787666557,486.9800,486.9800,486.9800,486.9800
1787666560,487.0800,487.0800,487.0800,487.0800
1787666562,487.0650,487.0650,487.0650,487.0650
1787666566,487.1600,487.2300,487.1600,487.1850
1787666567,487.2150,487.2150,487.2150,487.2150
1787666570,487.1100,487.1100,486.9300,486.9300
1787666571,486.9750,486.9750,486.8700,486.8700
1787666572,486.9600,486.9600,486.9600,486.9600
1787666573,486.9600,486.9600,486.9600,486.9600
1787666582,486.8500,486.8600,486.8400,486.8400
1787666583,486.8300,486.8300,486.8000,486.8300
1787666584,486.7900,486.7900,486.7300,486.7300
1787666585,486.7700,486.7700,486.7700,486.7700
1787666586,486.7650,486.7650,486.7650,486.7650
1787666590,486.8000,486.8000,486.8000,486.8000
1787666594,486.8400,486.8700,486.8400,486.8700
1787666596,486.8200,486.8200,486.7600,486.7900
1787666600,486.7900,486.7900,486.7900,486.7900
1787666602,486.8500,486.8800,486.8500,486.8800
1787666606,486.8700,486.8700,486.8600,486.8600
1787666609,486.8650,486.8650,486.8650,486.8650
1787666613,486.8950,486.8950,486.8300,486.8600
1787666615,486.8800,486.8800,486.8800,486.8800
1787666616,486.8200,486.8200,486.8200,486.8200
1787666618,486.8200,486.8200,486.8200,486.8200
1787666619,486.7900,486.7900,486.7600,486.7600
1787666622,486.8200,486.8300,486.8200,486.8300
1787666625,486.8700,486.9300,486.8700,486.9300
1787666630,486.9400,486.9400,486.9400,486.9400
1787666631,486.9900,486.9900,486.9900,486.9900
1787666635,486.8800,487.0000,486.8700,487.0000
1787666636,486.9750,486.9750,486.9100,486.9100
1787666639,487.0000,487.0100,487.0000,487.0100
1787666643,487.0800,487.2300,487.0800,487.2300
1787666649,487.2400,487.3500,487.2400,487.3400
1787666650,487.2700,487.3900,487.2700,487.3900
1787666652,487.3400,487.3400,487.3400,487.3400
1787666657,487.3350,487.3400,487.2800,487.3200
1787666658,487.2700,487.2700,487.2700,487.2700
1787666659,487.3100,487.4000,487.3100,487.4000
1787666660,487.3950,487.3950,487.3950,487.3950
1787666663,487.4300,487.4300,487.3900,487.3900
1787666664,487.4600,487.4600,487.4600,487.4600
1787666665,487.4500,487.4500,487.3900,487.3900
1787666667,487.4700,487.5050,487.3800,487.3800
1787666669,487.2800,487.2800,487.2800,487.2800
1787666670,487.2700,487.2700,487.2000,487.2100
1787666672,487.2300,487.2300,487.2300,487.2300
1787666673,487.3100,487.3100,487.3100,487.3100
1787666674,487.3800,487.4000,487.3800,487.4000
1787666679,487.4950,487.4950,487.4950,487.4950
1787666680,487.3700,487.3700,487.3300,487.3300
1787666687,487.3500,487.3500,487.3500,487.3500
1787666690,487.4100,487.4100,487.4100,487.4100
1787666697,487.3100,487.3500,487.3100,487.3500
1787666701,487.3300,487.4300,487.3300,487.4300
1787666702,487.4500,487.4500,487.4300,487.4300
1787666706,487.4000,487.4000,487.4000,487.4000
1787666708,487.3400,487.3500,487.3400,487.3500
1787666710,487.3000,487.3000,487.2900,487.2900
1787666711,487.2750,487.2750,487.2750,487.2750
1787666712,487.2800,487.2800,487.2000,487.2000
1787666713,487.2100,487.2100,487.2100,487.2100
1787666714,487.2200,487.2200,487.2200,487.2200
1787666718,487.2200,487.2200,487.2000,487.2000
1787666720,487.1100,487.1100,486.8500,486.8500
1787666721,486.8300,486.8300,486.8200,486.8200
1787666724,486.8500,486.8600,486.8500,486.8600
1787666727,486.7700,486.7700,486.7700,486.7700
1787666729,486.8200,486.8600,486.8200,486.8600
1787666732,486.9700,486.9700,486.9700,486.9700
1787666733,486.8500,486.9100,486.8500,486.9100
1787666734,486.8200,486.8200,486.7500,486.7500
1787666735,486.7200,486.7200,486.7200,486.7200
1787666743,486.6300,486.6300,486.6300,486.6300
1787666751,486.7150,486.7150,486.7150,486.7150
1787666752,486.6300,486.6300,486.6000,486.6000
1787666753,486.6400,486.6400,486.6400,486.6400
1787666755,486.6000,486.6000,486.6000,486.6000
1787666756,486.5900,486.6100,486.5900,486.6100
1787666757,486.6000,486.6000,486.6000,486.6000
1787666758,486.6350,486.6350,486.6350,486.6350
1787666759,486.6100,486.6100,486.5700,486.5700
1787666760,486.5500,486.5500,486.4600,486.4600
1787666761,486.4600,486.4600,486.3900,486.4000
1787666762,486.5000,486.5000,486.5000,486.5000
1787666764,486.4100,486.4100,486.3900,486.3900
1787666765,486.4400,486.5500,486.4400,486.4500
1787666769,486.3800,486.3800,486.3400,486.3400
1787666772,486.4000,486.4600,486.4000,486.4600
1787666773,486.4650,486.4650,486.4400,486.4400
1787666777,486.3900,486.3900,486.3600,486.3700
1787666778,486.4200,486.4200,486.4200,486.4200
1787666779,486.4400,486.4400,486.4400,486.4400
1787666788,486.3900,486.4000,486.3600,486.3600
1787666789,486.3400,486.3600,486.3200,486.3200
1787666794,486.3800,486.3900,486.3600,486.3600
1787666795,486.3200,486.3200,486.3200,486.3200
1787666796,486.4000,486.4300,486.4000,486.4100
1787666801,486.4000,486.4000,486.3400,486.4000
1787666804,486.3600,486.3600,486.3600,486.3600
1787666805,486.4200,486.4400,486.4200,486.4400
1787666806,486.3800,486.3800,486.3800,486.3800
1787666807,486.4300,486.4800,486.4300,486.4500
1787666809,486.5000,486.5600,486.5000,486.5050
1787666810,486.5000,486.5000,486.4900,486.4900
1787666812,486.4900,486.5000,486.4900,486.5000
1787666814,486.5300,486.5500,486.5300,486.5500
1787666815,486.6000,486.6400,486.6000,486.6400
1787666817,486.6400,486.6400,486.6400,486.6400
1787666820,486.5600,486.5600,486.5600,486.5600
1787666822,486.5800,486.6100,486.5800,486.6100
1787666829,486.6000,486.6000,486.6000,486.6000
1787666830,486.5400,486.5400,486.5300,486.5400
1787666832,486.5200,486.5200,486.5200,486.5200
1787666836,486.4500,486.4500,486.4500,486.4500
1787666838,486.5400,486.5500,486.5400,486.5500
1787666839,486.5400,486.5400,486.5400,486.5400
1787666840,486.5100,486.5100,486.5000,486.5000
1787666848,486.4700,486.4700,486.3400,486.3400
1787666856,486.3400,486.3400,486.3400,486.3400
1787666857,486.2800,486.2800,486.2800,486.2800
1787666860,486.3700,486.3700,486.3700,486.3700
1787666861,486.2800,486.3200,486.2500,486.3200
1787666863,486.2100,486.2100,486.1800,486.1800
1787666871,486.3200,486.3200,486.3200,486.3200
1787666875,486.4300,486.5000,486.4300,486.5000
1787666877,486.5700,486.5700,486.5700,486.5700
1787666880,486.5000,486.5000,486.5000,486.5000
1787666888,486.4400,486.4400,486.4100,486.4100
1787666892,486.4300,486.4300,486.4300,486.4300
1787666894,486.4500,486.4500,486.4500,486.4500
1787666898,486.4000,486.4000,486.4000,486.4000
1787666899,486.4000,486.4000,486.4000,486.4000
1787666900,486.4000,486.4100,486.4000,486.4100
1787666902,486.4000,486.5100,486.4000,486.5100
1787666905,486.4500,486.4500,486.4500,486.4500
1787666913,486.3400,486.3400,486.3000,486.3000
1787666923,486.1100,486.1100,486.0900,486.0900
1787666926,486.1400,486.1800,486.1400,486.1800
1787666929,486.2000,486.2400,486.2000,486.2400
1787666936,486.0850,486.0850,486.0850,486.0850
1787666937,486.0400,486.0400,486.0400,486.0400
1787666938,486.0500,486.0650,486.0000,486.0200
1787666941,486.0300,486.0300,486.0300,486.0300
1787666942,485.9900,485.9900,485.9200,485.9200
1787666943,485.8700,485.8700,485.8700,485.8700
1787666944,485.8000,485.8250,485.7800,485.8250
1787666946,485.8900,486.0000,485.8900,486.0000
1787666950,485.7600,485.7600,485.7500,485.7500
1787666952,485.7500,485.7500,485.7000,485.7000
1787666953,485.7500,485.7500,485.7500,485.7500
1787666954,485.7350,485.7350,485.7350,485.7350
1787666955,485.8600,485.8600,485.8600,485.8600
1787666958,485.8500,485.8500,485.8500,485.8500
1787666961,485.9000,485.9200,485.9000,485.9200
1787666962,485.8600,485.8600,485.8000,485.8000
1787666963,485.8600,485.8600,485.8600,485.8600
1787666964,485.9200,485.9200,485.9200,485.9200
1787666965,485.8500,485.8500,485.8500,485.8500
1787666966,485.8000,485.8000,485.8000,485.8000
1787666971,485.8000,485.8700,485.7600,485.8000
1787666973,485.9200,485.9200,485.9200,485.9200
1787666974,485.9300,485.9400,485.9300,485.9400
1787666975,485.9600,485.9600,485.9600,485.9600
1787666980,485.9000,485.9500,485.9000,485.9500
1787666985,485.9900,486.0000,485.9900,486.0000
1787666987,485.9500,486.0100,485.9500,485.9700
1787666990,486.0000,486.0000,486.0000,486.0000
1787666991,486.0350,486.0800,486.0350,486.0800
1787666992,486.0400,486.0400,486.0400,486.0400
1787666995,485.9900,486.1000,485.9900,486.1000
1787666996,486.0500,486.0500,486.0500,486.0500
1787667005,485.9900,485.9900,485.9700,485.9700
1787667006,486.0000,486.0000,486.0000,486.0000
1787667011,486.0200,486.0400,486.0200,486.0400
1787667014,486.0700,486.0900,486.0700,486.0900
1787667020,486.0400,486.0400,486.0300,486.0300
1787667023,486.0950,486.0950,486.0950,486.0950
1787667026,486.0200,486.1100,486.0200,486.1100
1787667030,486.0900,486.0900,486.0400,486.0400
1787667032,486.0100,486.0100,485.9800,485.9800
1787667033,486.0000,486.0000,485.9600,485.9600
1787667034,485.9900,485.9900,485.9900,485.9900
1787667035,485.9700,485.9700,485.9700,485.9700
1787667038,485.9800,485.9800,485.9800,485.9800
1787667039,486.0300,486.0600,486.0300,486.0300
1787667044,486.0700,486.1600,486.0700,486.1600
1787667049,486.1900,486.3100,486.1900,486.2900
1787667052,486.3400,486.3600,486.3400,486.3600
1787667055,486.4200,486.4200,486.4200,486.4200
1787667059,486.4300,486.4300,486.4300,486.4300
1787667060,486.5700,486.5900,486.5700,486.5900
1787667064,486.6900,486.6900,486.6900,486.6900
1787667068,486.6600,486.6600,486.6200,486.6200
1787667070,486.6500,486.8000,486.6500,486.8000
1787667076,486.6900,486.6900,486.6000,486.6000
1787667077,486.7000,486.7000,486.6500,486.6500
1787667078,486.5900,486.7200,486.5800,486.7200
1787667079,486.6850,486.8100,486.6850,486.7300
1787667084,486.6200,486.6200,486.6200,486.6200
1787667087,486.5600,486.5600,486.5500,486.5500
1787667088,486.5300,486.5300,486.5200,486.5200
1787667090,486.5800,486.6100,486.5800,486.6100
1787667095,486.6900,486.7000,486.6900,486.7000
1787667098,486.7100,486.7300,486.7100,486.7300
1787667099,486.7000,486.7000,486.7000,486.7000
1787667101,486.7300,486.7700,486.7300,486.7700
1787667107,486.6500,486.6500,486.6400,486.6400
1787667109,486.7100,486.7100,486.7100,486.7100
1787667114,486.7150,486.7150,486.7150,486.7150
1787667116,486.6900,486.6900,486.6900,486.6900
1787667118,486.7800,486.7900,486.7800,486.7800
1787667120,486.7500,486.8200,486.7500,486.8200
1787667122,486.8400,486.8800,486.8400,486.8800
1787667129,486.8000,486.8000,486.8000,486.8000
1787667130,486.8700,486.8900,486.8700,486.8900
1787667134,486.8900,487.0400,486.8900,487.0400
1787667135,487.0400,487.0700,487.0400,487.0700
1787667137,487.0700,487.1300,487.0700,487.1300
1787667139,487.1500,487.2000,487.0800,487.0800
1787667140,487.0200,487.0600,487.0200,487.0600
1787667141,487.0900,487.1900,487.0900,487.1900
1787667145,487.1200,487.2100,487.1200,487.2100
1787667146,487.2000,487.2500,487.2000,487.2100
1787667147,487.2200,487.2200,487.2200,487.2200
1787667150,487.2600,487.2600,487.2600,487.2600
1787667151,487.3200,487.3400,487.3200,487.3400
1787667152,487.3000,487.3300,487.2600,487.2600
1787667157,487.2500,487.2500,487.2500,487.2500
1787667159,487.2600,487.3000,487.1500,487.1500
1787667160,487.1300,487.1300,487.1300,487.1300
1787667161,487.1300,487.1400,487.1200,487.1400
1787667162,487.0900,487.0900,487.0900,487.0900
1787667165,487.1500,487.1500,487.1500,487.1500
1787667166,487.1700,487.2200,487.1700,487.2200
1787667167,487.1500,487.1500,487.1500,487.1500
1787667168,487.2200,487.2300,487.2200,487.2300
1787667169,487.2800,487.2900,487.2800,487.2900
1787667176,487.3100,487.3400,487.3100,487.3400
1787667179,487.2750,487.2750,487.2750,487.2750
1787667181,487.3100,487.3700,487.3100,487.3700
1787667182,487.3300,487.3300,487.3300,487.3300
1787667187,487.3600,487.3650,487.3600,487.3650
1787667188,487.3900,487.4000,487.3900,487.4000
1787667191,487.4400,487.4400,487.4400,487.4400
1787667192,487.5000,487.5000,487.3800,487.3800
1787667193,487.4300,487.4300,487.4300,487.4300
1787667197,487.4500,487.4800,487.4500,487.4800
1787667199,487.4700,487.4700,487.3700,487.3700
1787667201,487.3900,487.4200,487.3700,487.3700
1787667202,487.4200,487.4200,487.4200,487.4200
1787667203,487.3300,487.3300,487.3300,487.3300
1787667204,487.3300,487.3300,487.3300,487.3300
1787667207,487.3400,487.3400,487.3400,487.3400
1787667210,487.3400,487.3400,487.3400,487.3400
1787667211,487.3200,487.3600,487.3200,487.3600
1787667212,487.3400,487.3400,487.1750,487.1750
1787667215,487.1200,487.1200,487.0900,487.0900
1787667218,487.1400,487.1400,487.1400,487.1400
1787667221,487.2600,487.5100,487.2600,487.5100
1787667222,487.4600,487.4600,487.3800,487.3800
1787667226,487.4100,487.5100,487.4100,487.4100
1787667233,487.4200,487.4500,487.4200,487.4500
1787667234,487.4850,487.4850,487.4850,487.4850
1787667235,487.5500,487.5900,487.5500,487.5800
1787667237,487.6400,487.6400,487.6400,487.6400
1787667238,487.6400,487.6400,487.6400,487.6400
1787667240,487.6400,487.6400,487.6400,487.6400
1787667245,487.7000,487.7000,487.7000,487.7000
1787667246,487.7100,487.7900,487.7100,487.7900
1787667250,487.9200,487.9200,487.9200,487.9200
1787667254,487.8900,487.8900,487.8900,487.8900
1787667255,487.8200,487.8200,487.6800,487.6800
1787667256,487.7300,487.7300,487.7300,487.7300
1787667259,487.6700,487.6700,487.6700,487.6700
1787667261,487.6300,487.6300,487.6300,487.6300
1787667263,487.5200,487.5200,487.4900,487.4900
1787667270,487.4300,487.4300,487.3100,487.3100
1787667271,487.2500,487.2550,487.1600,487.1600
1787667274,487.0500,487.0500,487.0000,487.0000
1787667278,487.0050,487.0400,487.0050,487.0400
1787667279,487.0100,487.0100,487.0100,487.0100
1787667280,487.1000,487.1100,487.1000,487.1100
1787667282,487.1500,487.1700,487.1500,487.1700
1787667284,487.1850,487.1850,487.1850,487.1850
1787667288,487.1650,487.1650,487.1650,487.1650
1787667291,487.0900,487.0900,487.0900,487.0900
1787667293,487.2200,487.2800,487.2200,487.2800
1787667303,487.2800,487.2800,487.2700,487.2700
1787667304,487.3300,487.3300,487.3300,487.3300
1787667306,487.3300,487.3300,487.2850,487.2850
1787667307,487.2500,487.2500,487.2400,487.2400
1787667316,487.3200,487.3350,487.3200,487.3350
1787667317,487.3350,487.3350,487.3350,487.3350
1787667318,487.3350,487.3350,487.3350,487.3350
1787667320,487.3450,487.3450,487.3000,487.3450
1787667327,487.2500,487.2500,487.2500,487.2500
1787667336,487.3600,487.4300,487.3600,487.4300
1787667344,487.3500,487.3500,487.3500,487.3500
1787667345,487.4300,487.4400,487.4300,487.4400
1787667353,487.4000,487.4000,487.3300,487.3300
1787667356,487.3500,487.3500,487.3500,487.3500
1787667362,487.3100,487.3100,487.2000,487.2000
1787667365,487.0500,487.0500,486.8300,486.8400
1787667366,486.8150,486.8200,486.8150,486.8200
1787667373,486.9000,486.9000,486.9000,486.9000
1787667374,486.7800,486.7800,486.7800,486.7800
1787667376,486.7000,486.7000,486.7000,486.7000
1787667377,486.7000,486.7000,486.7000,486.7000
1787667381,486.7700,486.7700,486.7700,486.7700
1787667382,486.8300,486.8300,486.8300,486.8300
1787667387,486.7200,486.7200,486.6900,486.7200
1787667388,486.6700,486.6700,486.6700,486.6700
1787667389,486.6700,486.6700,486.6700,486.6700
1787667390,486.6700,486.7300,486.6700,486.7300
1787667392,486.6600,486.6600,486.6600,486.6600
1787667394,486.7000,486.7000,486.7000,486.7000
1787667398,486.7400,486.7600,486.7400,486.7600
1787667399,486.7500,486.7500,486.7500,486.7500
1787667401,486.7100,486.7100,486.6200,486.6200
1787667408,486.6100,486.6100,486.6100,486.6100
1787667412,486.7100,486.7100,486.7100,486.7100
1787667413,486.6700,486.6700,486.6700,486.6700
1787667416,486.7600,486.7800,486.7600,486.7800
1787667419,486.7350,486.7350,486.7350,486.7350
1787667423,486.6400,486.6400,486.5800,486.5800
1787667426,486.5800,486.5800,486.5600,486.5600
1787667430,486.6300,486.6900,486.6000,486.6900
1787667432,486.5700,486.5800,486.5600,486.5600
1787667435,486.5500,486.5500,486.5000,486.5000
1787667441,486.5700,486.5700,486.5700,486.5700
1787667442,486.4500,486.4500,486.4200,486.4200
1787667443,486.3500,486.3500,486.3500,486.3500
1787667446,486.3400,486.3400,486.2900,486.3000
1787667448,486.2000,486.2000,486.2000,486.2000
1787667453,486.2200,486.2200,486.2200,486.2200
1787667455,486.2100,486.2100,486.1600,486.1600
1787667458,486.2300,486.2400,486.1800,486.1800
1787667459,486.3300,486.3700,486.3300,486.3700
1787667460,486.3800,486.3800,486.3800,486.3800
1787667463,486.2700,486.2700,486.2700,486.2700
1787667470,486.3200,486.3400,486.3200,486.3400
1787667471,486.3400,486.3400,486.3400,486.3400
1787667473,486.3200,486.3800,486.3200,486.3800
1787667475,486.3650,486.3650,486.3650,486.3650
1787667476,486.4100,486.4100,486.4100,486.4100
1787667478,486.3950,486.3950,486.3950,486.3950
1787667481,486.3400,486.4000,486.3400,486.3600
1787667485,486.3700,486.3700,486.3700,486.3700
1787667488,486.3700,486.5000,486.3600,486.5000
1787667491,486.4500,486.4500,486.4200,486.4200
1787667495,486.3700,486.3700,486.3100,486.3100
1787667499,486.3700,486.3700,486.3000,486.3000
1787667500,486.4200,486.4200,486.4200,486.4200
1787667501,486.4500,486.5100,486.4500,486.5100
1787667502,486.5500,486.5900,486.5500,486.5900
1787667505,486.6200,486.6600,486.6200,486.6600
1787667507,486.6900,486.7300,486.6900,486.7300
1787667514,486.7600,486.8300,486.7600,486.8300
1787667517,486.8400,486.8950,486.8400,486.8950
1787667521,486.8000,486.8000,486.8000,486.8000
1787667524,486.8700,486.8700,486.8700,486.8700
1787667525,486.9300,486.9300,486.9300,486.9300
1787667528,486.9000,486.9000,486.8800,486.8800
1787667533,486.8900,486.8900,486.8700,486.8700
1787667536,486.9600,486.9600,486.9450,486.9500
1787667541,487.0000,487.1100,487.0000,487.1100
1787667557,486.8800,486.8800,486.8500,486.8500
1787667558,486.7800,486.7800,486.7800,486.7800
1787667567,486.9400,486.9400,486.9400,486.9400
1787667571,486.8800,486.8800,486.8600,486.8700
1787667572,486.8500,486.8800,486.8500,486.8800
1787667573,486.8300,486.8300,486.8300,486.8300
1787667576,486.8600,486.8600,486.8600,486.8600
1787667578,486.8600,486.8600,486.8600,486.8600
1787667584,486.8250,486.8250,486.8250,486.8250
1787667588,486.8600,486.8700,486.8600,486.8700
1787667592,486.7700,486.7700,486.7700,486.7700
1787667593,486.7600,486.7600,486.7200,486.7200
1787667594,486.7200,486.7200,486.7200,486.7200
1787667595,486.7200,486.7900,486.7200,486.7700
1787667599,486.7700,486.7800,486.7700,486.7800
1787667600,486.8700,487.0100,486.8700,487.0100
1787667604,486.8700,486.8700,486.8700,486.8700
1787667611,486.8600,486.8600,486.8600,486.8600
1787667613,486.8500,486.8500,486.8500,486.8500
1787667614,486.8000,486.8000,486.7800,486.7800
1787667616,486.7900,486.7900,486.7900,486.7900
1787667619,486.8400,486.8500,486.8300,486.8300
1787667626,486.8900,486.9300,486.8900,486.9300
1787667630,486.8700,486.8700,486.8700,486.8700
1787667633,486.8100,486.8100,486.8100,486.8100
1787667638,486.7900,486.7900,486.7500,486.7600
1787667639,486.7400,486.7400,486.7400,486.7400
1787667640,486.7200,486.7200,486.7100,486.7100
1787667641,486.7100,486.7100,486.6800,486.6800
1787667643,486.6500,486.6500,486.6400,486.6400
1787667647,486.6600,486.6600,486.6500,486.6500
1787667652,486.6700,486.6900,486.6700,486.6900
1787667656,486.5800,486.5800,486.5500,486.5500
1787667658,486.5700,486.6400,486.5700,486.6400
1787667663,486.6600,486.7000,486.6600,486.7000
1787667665,486.7100,486.7100,486.6900,486.6900
1787667670,486.7050,486.7500,486.7050,486.7500
1787667675,486.6900,486.6900,486.6900,486.6900
1787667678,486.6600,486.6600,486.6600,486.6600
1787667679,486.6300,486.6300,486.6300,486.6300
1787667680,486.6600,486.6800,486.6600,486.6800
1787667684,486.5900,486.5900,486.5900,486.5900
1787667685,486.5800,486.5800,486.5800,486.5800
1787667693,486.5500,486.5500,486.5500,486.5500
1787667694,486.5100,486.5100,486.5100,486.5100
1787667695,486.5000,486.5000,486.5000,486.5000
1787667696,486.5000,486.5100,486.5000,486.5100
1787667697,486.5100,486.5100,486.5100,486.5100
1787667699,486.5600,486.6100,486.5600,486.6100
1787667700,486.4900,486.4900,486.4900,486.4900
1787667702,486.5200,486.5400,486.5200,486.5400
1787667707,486.4400,486.4400,486.4400,486.4400
1787667709,486.4000,486.4000,486.4000,486.4000
1787667715,486.4300,486.4300,486.4300,486.4300
1787667718,486.4000,486.4000,486.4000,486.4000
1787667719,486.4100,486.4200,486.4100,486.4200
1787667721,486.3900,486.3900,486.3900,486.3900
1787667724,486.3600,486.3600,486.3500,486.3500
1787667725,486.2900,486.2900,486.2000,486.2200
1787667727,486.1600,486.3500,486.1600,486.3500
1787667728,486.4600,486.5000,486.4600,486.5000
1787667730,486.4300,486.4300,486.4300,486.4300
1787667733,486.3700,486.3700,486.3700,486.3700
1787667741,486.4700,486.4700,486.4700,486.4700
1787667746,486.5300,486.5400,486.5300,486.5400
1787667751,486.4600,486.5000,486.4600,486.5000
1787667752,486.5700,486.6000,486.5700,486.6000
1787667757,486.6000,486.6200,486.6000,486.6200
1787667760,486.5400,486.5400,486.5400,486.5400
1787667768,486.5400,486.5400,486.5400,486.5400
1787667770,486.6000,486.6200,486.6000,486.6200
1787667772,486.6500,486.7700,486.6500,486.6900
1787667778,486.6700,486.6700,486.6700,486.6700
1787667779,486.7200,486.7400,486.7200,486.7300
1787667781,486.6700,486.6700,486.6700,486.6700
1787667783,486.6600,486.6600,486.6300,486.6300
1787667787,486.5000,486.5000,486.5000,486.5000
1787667806,486.5600,486.5600,486.5600,486.5600
1787667812,486.6100,486.6400,486.6100,486.6400
1787667828,486.7100,486.7200,486.7100,486.7200
1787667829,486.7300,486.7300,486.6800,486.6800
1787667834,486.7700,486.8000,486.7700,486.7700
1787667835,486.8300,486.9200,486.8300,486.9150
1787667838,487.0000,487.0900,487.0000,487.0900
1787667848,487.1400,487.2000,487.1400,487.2000
1787667849,487.2000,487.2700,487.2000,487.2700
1787667850,487.2600,487.3200,487.2600,487.3200
1787667851,487.3700,487.3700,487.3700,487.3700
1787667855,487.3800,487.4000,487.3800,487.4000
1787667857,487.4800,487.5000,487.4800,487.5000
1787667861,487.3600,487.3600,487.2800,487.2800
1787667865,487.1900,487.1900,487.1700,487.1700
1787667866,487.0000,487.0000,486.9800,486.9800
1787667867,486.9500,486.9500,486.9500,486.9500
1787667870,487.0000,487.0000,487.0000,487.0000
1787667877,486.9500,486.9500,486.9000,486.9000
1787667878,486.7800,486.7800,486.6400,486.7400
1787667880,486.7700,486.7700,486.7700,486.7700
1787667888,487.0000,487.0000,487.0000,487.0000
1787667895,486.9000,486.9000,486.9000,486.9000
1787667898,486.9500,486.9500,486.9500,486.9500
1787667899,487.0000,487.0400,487.0000,487.0000
1787667902,487.0400,487.0400,487.0400,487.0400
1787667906,487.1100,487.1100,487.1100,487.1100
1787667915,487.1600,487.1600,487.1300,487.1300
1787667927,487.1400,487.1400,487.1400,487.1400
1787667928,487.1400,487.1400,487.1400,487.1400
1787667929,487.0600,487.0600,487.0600,487.0600
1787667933,487.1150,487.1150,487.1150,487.1150
1787667936,487.1200,487.1500,487.1200,487.1400
1787667938,487.0900,487.1300,487.0800,487.1300
1787667941,487.1100,487.1100,487.0800,487.0800
1787667944,487.0800,487.1600,487.0600,487.1600
1787667948,487.0400,487.0400,486.9900,487.0200
1787667949,487.0300,487.0300,487.0000,487.0000
1787667952,487.0500,487.1100,487.0500,487.0900
1787667958,487.0600,487.0600,487.0500,487.0500
1787667961,487.0000,487.0000,486.9100,486.9700
1787667962,487.0200,487.0300,487.0200,487.0300
1787667964,487.0600,487.1200,487.0600,487.1200
1787667965,487.1600,487.1800,487.1600,487.1800
1787667968,487.1200,487.1200,487.1200,487.1200
1787667969,487.1000,487.1000,487.0700,487.0700
1787667972,487.2000,487.3550,487.2000,487.3200
1787667973,487.3500,487.3500,487.3200,487.3200
1787667975,487.3500,487.3500,487.3500,487.3500
1787667980,487.3100,487.3100,487.3100,487.3100
1787667982,487.4500,487.4500,487.3900,487.3900
1787667983,487.4700,487.4800,487.4700,487.4800
1787667984,487.5000,487.5200,487.5000,487.5200
1787667986,487.5300,487.5300,487.5300,487.5300
1787667989,487.6200,487.6300,487.6100,487.6300
1787667996,487.6300,487.6300,487.6300,487.6300
1787668000,487.6000,487.6000,487.6000,487.6000
1787668002,487.6300,487.6300,487.6300,487.6300
1787668003,487.6900,487.7000,487.6900,487.6900
1787668005,487.7400,487.8200,487.7400,487.8200
1787668007,487.8200,487.8200,487.8200,487.8200
1787668008,487.8800,487.9500,487.8800,487.9500
1787668012,487.9300,487.9300,487.9200,487.9200
1787668013,487.8750,487.8750,487.8750,487.8750
1787668027,487.8200,487.8200,487.7300,487.7300
1787668029,487.7400,487.7400,487.7400,487.7400
1787668030,487.8300,487.8300,487.8300,487.8300
1787668031,487.8000,487.8000,487.7000,487.7800
1787668033,487.8200,487.8200,487.8200,487.8200
1787668036,487.8100,487.8100,487.8100,487.8100
1787668037,487.7400,487.7400,487.6400,487.6400
1787668041,487.6400,487.6400,487.6000,487.6000
1787668046,487.6000,487.6000,487.6000,487.6000
1787668047,487.6800,487.6800,487.6800,487.6800
1787668051,487.6100,487.6100,487.6000,487.6000
1787668055,487.6000,487.6000,487.5600,487.5600
1787668057,487.5000,487.5000,487.2800,487.2800
1787668059,487.2800,487.2800,487.2700,487.2700
1787668060,487.2700,487.3050,487.2700,487.3050
1787668062,487.3000,487.3650,487.3000,487.3650
1787668063,487.3900,487.4550,487.3900,487.4550
1787668065,487.5100,487.5500,487.5100,487.5500
1787668069,487.5200,487.5200,487.5200,487.5200
1787668071,487.5400,487.5400,487.5400,487.5400
1787668072,487.5400,487.5400,487.5400,487.5400
1787668075,487.5200,487.5200,487.5200,487.5200
1787668076,487.4800,487.4800,487.4000,487.4000
1787668082,487.3600,487.3600,487.2800,487.2800
1787668086,487.2600,487.2600,487.2500,487.2500
1787668087,487.2000,487.2000,487.2000,487.2000
1787668088,487.1700,487.1700,487.1700,487.1700
1787668091,487.2000,487.2000,487.2000,487.2000
1787668092,487.1600,487.1900,487.1600,487.1600
1787668094,487.1850,487.1850,487.1850,487.1850
1787668096,487.1400,487.1400,487.1400,487.1400
1787668097,487.1650,487.2500,487.1650,487.2500
1787668098,487.2600,487.2850,487.2600,487.2850
1787668099,487.2400,487.2400,487.2400,487.2400
1787668106,487.1500,487.1500,487.0750,487.0750
1787668107,487.1300,487.1300,487.1300,487.1300
1787668109,487.1300,487.1500,487.1300,487.1500
1787668112,487.0600,487.0600,487.0000,487.0000
1787668114,487.0900,487.0900,487.0900,487.0900
1787668115,487.1500,487.1500,487.1500,487.1500
1787668117,487.1200,487.2600,487.1200,487.2600
1787668122,487.1750,487.1750,487.1750,487.1750
1787668124,487.2600,487.2600,487.2600,487.2600
1787668128,487.2300,487.2300,487.2300,487.2300
1787668129,487.2700,487.2700,487.2700,487.2700
1787668130,487.2650,487.2650,487.2600,487.2600
1787668136,487.2600,487.2600,487.2600,487.2600
1787668138,487.2600,487.2600,487.1100,487.1100
1787668149,487.0800,487.0800,487.0800,487.0800
1787668156,487.1800,487.2100,487.1800,487.2100
1787668162,487.2150,487.2150,487.2150,487.2150
1787668163,487.2600,487.2800,487.2600,487.2800
1787668181,487.1900,487.1900,487.1700,487.1700
1787668183,487.1500,487.1500,487.1300,487.1400
1787668192,487.0100,487.0100,487.0100,487.0100
1787668194,486.9900,486.9900,486.9900,486.9900
1787668196,486.8900,486.8900,486.8900,486.8900
1787668198,486.8900,486.8900,486.8700,486.8700
1787668200,486.8800,486.8800,486.8800,486.8800
1787668201,486.8500,486.8800,486.8200,486.8200
1787668204,486.8800,486.9100,486.8800,486.9100
1787668208,486.9600,486.9900,486.9600,486.9900
1787668212,486.9200,487.0400,486.9200,487.0400
1787668214,487.0600,487.2200,487.0600,487.2200
1787668218,487.1600,487.1600,487.1400,487.1400
1787668220,487.1700,487.3400,487.1700,487.3300
1787668221,487.1800,487.1800,487.1300,487.1300
1787668227,487.2400,487.3600,486.5000,486.5700
1787668228,486.9100,486.9100,486.1800,486.5400
1787668229,486.5400,486.7900,486.4800,486.7900
1787668230,486.6100,486.8150,486.6100,486.7700
1787668231,487.0900,487.0900,487.0900,487.0900
1787668232,487.1100,487.4200,486.9700,486.9700
1787668233,486.9800,487.1900,486.7700,487.1900
1787668234,487.1450,487.2200,487.1450,487.2200
1787668235,487.2200,487.2200,487.1200,487.1200
1787668236,487.1600,487.1600,487.1600,487.1600
1787668237,487.2300,487.5500,487.2300,487.3500
1787668240,487.5400,487.5400,487.5400,487.5400
1787668244,487.5700,487.8900,487.4850,487.5700
1787668245,487.4100,487.4100,487.4000,487.4000
1787668246,487.3500,487.4900,487.3500,487.4900
1787668250,487.5700,487.8800,487.4800,487.6500
1787668252,487.5500,487.7200,487.4300,487.7200
1787668255,487.5500,487.5500,487.5500,487.5500
1787668256,487.5450,487.6600,487.5450,487.6300
1787668257,487.4500,487.5500,487.4500,487.5500
1787668260,487.6200,487.6400,487.6200,487.6400
1787668261,487.6700,487.7700,487.6700,487.7700
1787668262,487.7300,487.8000,487.7300,487.7300
1787668265,487.8450,487.8450,487.8450,487.8450
1787668267,487.8750,487.8750,487.8750,487.8750
1787668268,487.9150,487.9150,487.8600,487.8600
1787668269,487.9150,487.9150,487.8600,487.8600
1787668270,487.9300,487.9300,487.8800,487.8800
1787668271,487.8800,487.8800,487.8100,487.8500
1787668272,487.9400,487.9400,487.8500,487.8700
1787668273,487.9200,487.9200,487.9200,487.9200
1787668275,487.9250,487.9250,487.9250,487.9250
1787668276,487.9250,487.9250,487.8550,487.8550
1787668277,487.8800,487.8800,487.7800,487.7800
1787668279,487.7100,487.7100,487.7100,487.7100
1787668280,487.6300,487.6300,487.6300,487.6300
1787668284,487.7400,487.7400,487.7400,487.7400
1787668286,487.7150,487.7150,487.6700,487.6700
1787668289,487.6000,487.6000,487.6000,487.6000
1787668303,487.6600,487.6800,487.6600,487.6800
1787668304,487.6300,487.6300,487.6300,487.6300
1787668305,487.5500,487.5800,487.5000,487.5800
1787668306,487.4900,487.4900,487.4900,487.4900
1787668313,487.3300,487.3300,487.2900,487.2900
1787668314,487.2500,487.3400,487.2500,487.3400
1787668321,487.2300,487.2300,487.2300,487.2300
1787668326,487.1300,487.2100,487.1200,487.2100
1787668329,487.0400,487.0400,486.9900,486.9900
1787668331,486.8500,486.8700,486.8300,486.8700
1787668332,486.8700,486.8700,486.8700,486.8700
1787668334,486.8500,486.8500,486.8500,486.8500
1787668336,486.9200,486.9200,486.9200,486.9200
1787668346,486.9500,486.9600,486.9500,486.9600
1787668347,486.9800,486.9800,486.9800,486.9800
1787668348,486.9800,486.9800,486.8700,486.8700
1787668349,486.7800,486.7800,486.7800,486.7800
1787668360,486.8700,486.9000,486.8550,486.8550
1787668363,486.8700,486.8700,486.8650,486.8650
1787668365,486.8100,486.8100,486.8100,486.8100
1787668370,486.8300,486.8300,486.8000,486.8000
1787668375,486.8600,486.8700,486.8600,486.8700
1787668381,486.9400,486.9400,486.9400,486.9400
1787668382,486.9500,486.9500,486.9500,486.9500
1787668386,487.0800,487.1800,487.0800,487.1800
1787668387,487.2200,487.2200,487.2200,487.2200
1787668390,487.2000,487.2000,487.1800,487.1800
1787668391,487.1600,487.1600,487.1600,487.1600
1787668399,487.2600,487.2700,487.2600,487.2700
1787668400,487.2800,487.2800,487.2000,487.2000
1787668401,487.2000,487.2000,487.2000,487.2000
1787668403,487.1100,487.1100,487.1100,487.1100
1787668406,487.1000,487.1000,487.1000,487.1000
1787668408,487.0600,487.0600,487.0600,487.0600
1787668413,487.1200,487.1600,487.1200,487.1400
1787668416,487.0700,487.0700,487.0100,487.0100
1787668418,487.0900,487.0900,487.0900,487.0900
1787668421,487.1000,487.1100,487.1000,487.1100
1787668425,487.1000,487.1000,487.1000,487.1000
1787668428,487.1000,487.1200,487.1000,487.1200
1787668432,487.0900,487.0900,487.0900,487.0900
1787668436,487.0400,487.0400,487.0000,487.0000
1787668438,487.0000,487.0500,487.0000,487.0500
1787668439,487.0000,487.0000,486.9700,486.9700
1787668441,486.9500,486.9500,486.9350,486.9350
1787668444,486.9650,486.9650,486.9650,486.9650
1787668448,486.9100,486.9100,486.8500,486.8500
1787668449,486.8500,486.8500,486.8500,486.8500
1787668451,486.7800,486.7800,486.7800,486.7800
1787668454,486.8700,486.8700,486.8700,486.8700
1787668468,486.8100,486.8700,486.8100,486.8700
1787668471,486.8000,486.8200,486.8000,486.8200
1787668473,486.7800,486.7800,486.7800,486.7800
1787668474,486.7700,486.7800,486.7600,486.7800
1787668477,486.7800,486.7800,486.7400,486.7400
1787668479,486.8200,486.8300,486.7800,486.7800
1787668480,486.7400,486.7400,486.7400,486.7400
1787668481,486.7300,486.7300,486.7300,486.7300
1787668482,486.7100,486.7400,486.7100,486.7300
1787668484,486.7100,486.7100,486.7100,486.7100
1787668487,486.7800,486.7800,486.7800,486.7800
1787668494,486.7500,486.7500,486.7300,486.7300
1787668496,486.8100,486.8200,486.8100,486.8200
1787668497,486.8100,486.8100,486.8100,486.8100
1787668503,486.7700,486.7700,486.7400,486.7400
1787668504,486.7000,486.7000,486.6900,486.6900
1787668505,486.7100,486.7100,486.7100,486.7100
1787668506,486.7200,486.7200,486.7200,486.7200
1787668509,486.7500,486.7800,486.7500,486.7800
1787668512,486.7500,486.8500,486.7500,486.8500
1787668517,486.8800,486.8800,486.8800,486.8800
1787668518,486.8800,486.8800,486.8800,486.8800
1787668519,486.8800,486.8800,486.8800,486.8800
1787668520,486.8800,486.8800,486.8800,486.8800
1787668525,486.9200,486.9200,486.9200,486.9200
1787668526,487.0000,487.0100,487.0000,487.0100
1787668527,487.1400,487.1400,487.1400,487.1400
1787668528,487.2000,487.2000,487.2000,487.2000
1787668530,487.1300,487.1300,487.1200,487.1200
1787668535,487.1500,487.2000,487.1500,487.2000
1787668536,487.2100,487.2100,487.2100,487.2100
1787668537,487.2300,487.2300,487.2300,487.2300
1787668539,487.1600,487.1600,487.1600,487.1600
1787668542,487.2100,487.2100,487.2100,487.2100
1787668545,487.2600,487.2800,487.2600,487.2800
1787668546,487.3300,487.3300,487.3300,487.3300
1787668548,487.3700,487.3700,487.3700,487.3700
1787668549,487.3500,487.3500,487.3500,487.3500
1787668550,487.2500,487.2500,487.2500,487.2500
1787668552,487.3500,487.3500,487.3500,487.3500
1787668554,487.3100,487.3100,487.3000,487.3000
1787668556,487.3050,487.3050,487.3050,487.3050
1787668557,487.3800,487.3800,487.3800,487.3800
1787668558,487.3900,487.3900,487.3900,487.3900
1787668561,487.4300,487.4300,487.4300,487.4300
1787668564,487.3800,487.3800,487.3700,487.3700
1787668567,487.3000,487.3000,487.2600,487.2650
1787668569,487.2400,487.2400,487.2000,487.2000
1787668570,487.1900,487.1900,487.1900,487.1900
1787668573,487.0700,487.0700,487.0700,487.0700
1787668574,487.1400,487.1400,487.1400,487.1400
1787668582,487.2400,487.2400,487.2400,487.2400
1787668583,487.2550,487.2550,487.2550,487.2550
1787668587,487.2200,487.2200,487.2200,487.2200
1787668588,487.2700,487.2700,487.2700,487.2700
1787668596,487.2600,487.2600,487.2600,487.2600
1787668598,487.3200,487.3300,487.3200,487.3300
1787668601,487.3650,487.3650,487.3650,487.3650
1787668603,487.3200,487.3200,487.2900,487.2900
1787668605,487.2700,487.2700,487.2700,487.2700
1787668606,487.2300,487.2300,487.2000,487.2000
1787668607,487.2500,487.2600,487.2500,487.2600
1787668608,487.3100,487.3100,487.3100,487.3100
1787668611,487.2600,487.2600,487.2600,487.2600
1787668616,487.3300,487.3800,487.3300,487.3800
1787668617,487.4100,487.4100,487.4100,487.4100
1787668619,487.3500,487.3500,487.3500,487.3500
1787668621,487.3100,487.3100,487.2600,487.2600
1787668627,487.1900,487.1900,487.1600,487.1600
1787668629,487.1500,487.1500,487.1100,487.1100
1787668638,487.0600,487.0600,487.0500,487.0500
1787668639,487.0200,487.0200,486.9600,486.9600
1787668643,486.9500,487.0200,486.9500,487.0200
1787668644,486.9900,487.0600,486.9900,487.0600
1787668649,487.1300,487.2600,487.1300,487.2600
1787668652,487.3300,487.3400,487.3300,487.3400
1787668657,487.3200,487.3200,487.3200,487.3200
1787668664,487.4300,487.5000,487.4300,487.4300
1787668673,487.4200,487.4200,487.4200,487.4200
1787668681,487.4450,487.4450,487.4450,487.4450
1787668686,487.4000,487.4000,487.4000,487.4000
1787668687,487.3150,487.3150,487.3000,487.3000
1787668689,487.2400,487.2400,487.2400,487.2400
1787668691,487.3000,487.3250,487.3000,487.3250
1787668694,487.1800,487.1800,487.1700,487.1700
1787668701,487.2500,487.2500,487.2500,487.2500
1787668712,487.2100,487.2500,487.2100,487.2500
1787668714,487.3700,487.4000,487.3700,487.4000
1787668730,487.4000,487.4600,487.3950,487.3950
1787668733,487.4300,487.4300,487.3200,487.3300
1787668742,487.2700,487.2700,487.2700,487.2700
1787668744,487.2700,487.2700,487.2600,487.2600
1787668748,487.2900,487.2900,487.2100,487.2100
1787668756,487.3000,487.3100,487.3000,487.3100
1787668758,487.2600,487.2600,487.2600,487.2600
1787668762,487.3300,487.3700,487.3300,487.3700
1787668774,487.3500,487.3500,487.2700,487.2700
1787668778,487.2600,487.2600,487.2600,487.2600
1787668790,487.3400,487.3500,487.3400,487.3500
1787668794,487.3850,487.3850,487.3850,487.3850
1787668797,487.3900,487.3900,487.3900,487.3900
1787668801,487.3900,487.4000,487.3900,487.4000
1787668803,487.3800,487.3800,487.3800,487.3800
1787668808,487.4600,487.4700,487.4300,487.4300
1787668810,487.4550,487.4550,487.4550,487.4550
1787668812,487.4800,487.4800,487.4800,487.4800
1787668816,487.4300,487.4300,487.4300,487.4300
1787668821,487.4200,487.4200,487.4000,487.4000
1787668824,487.3500,487.3500,487.3400,487.3400
1787668828,487.3300,487.3700,487.3300,487.3700
1787668834,487.3700,487.3800,487.3700,487.3800
1787668835,487.3200,487.3600,487.3000,487.3600
1787668836,487.3000,487.3500,487.3000,487.3500
1787668838,487.2800,487.2800,487.2800,487.2800
1787668839,487.3300,487.3700,487.2900,487.3700
1787668843,487.2700,487.2700,487.2700,487.2700
1787668844,487.3200,487.3800,487.3200,487.3200
1787668848,487.4000,487.4200,487.4000,487.4200
1787668852,487.4400,487.4400,487.4400,487.4400
1787668853,487.5000,487.5100,487.5000,487.5100
1787668854,487.5200,487.5400,487.5200,487.5400
1787668855,487.5250,487.5250,487.5250,487.5250
1787668856,487.4900,487.5900,487.4800,487.5600
1787668859,487.5500,487.5800,487.5500,487.5700
1787668860,487.5600,487.5900,487.5600,487.5900
1787668861,487.5200,487.5200,487.5200,487.5200
1787668866,487.6000,487.6000,487.6000,487.6000
1787668868,487.6300,487.6300,487.6300,487.6300
1787668869,487.6800,487.7300,487.6800,487.7300
1787668871,487.6300,487.6800,487.6100,487.6800
1787668874,487.6000,487.6000,487.5500,487.5500
1787668879,487.5200,487.5300,487.5100,487.5300
1787668881,487.5100,487.5100,487.5100,487.5100
1787668884,487.5700,487.5700,487.5700,487.5700
1787668889,487.5500,487.6100,487.5500,487.6100
1787668893,487.5300,487.5300,487.4400,487.4400
1787668894,487.5100,487.5200,487.5100,487.5200
1787668897,487.4300,487.4300,487.4100,487.4100
1787668898,487.4100,487.4100,487.4100,487.4100
1787668909,487.4900,487.5000,487.4900,487.5000
1787668914,487.5050,487.5050,487.5050,487.5050
1787668917,487.4500,487.4500,487.4000,487.4000
1787668919,487.5000,487.5000,487.5000,487.5000
1787668921,487.5400,487.5400,487.5400,487.5400
1787668922,487.5400,487.5400,487.5300,487.5300
1787668925,487.5300,487.5300,487.5000,487.5000
1787668926,487.5000,487.5000,487.5000,487.5000
1787668936,487.5300,487.5300,487.5200,487.5200
1787668940,487.5100,487.5100,487.5000,487.5000
1787668944,487.4800,487.4900,487.4800,487.4800
1787668947,487.4800,487.4800,487.4800,487.4800
1787668950,487.4900,487.4900,487.4800,487.4800
1787668951,487.4800,487.4800,487.4750,487.4750
1787668953,487.4400,487.4400,487.4400,487.4400
1787668959,487.5200,487.6000,487.5200,487.6000
1787668961,487.5400,487.5400,487.4900,487.4900
1787668963,487.5900,487.5900,487.5900,487.5900
1787668964,487.6000,487.6000,487.6000,487.6000
1787668965,487.6000,487.6000,487.6000,487.6000
1787668966,487.6000,487.6500,487.6000,487.6500
1787668971,487.6500,487.6500,487.6500,487.6500
1787668976,487.6400,487.6400,487.4800,487.4800
1787668977,487.4500,487.4500,487.4500,487.4500
1787668978,487.4850,487.4900,487.4850,487.4900
1787668983,487.5500,487.5500,487.5100,487.5100
1787668985,487.5000,487.5000,487.5000,487.5000
1787668987,487.5500,487.5500,487.5500,487.5500
1787668990,487.5300,487.5300,487.5300,487.5300
1787668991,487.5500,487.5600,487.5500,487.5600
1787668999,487.5800,487.5800,487.5800,487.5800
1787669003,487.5400,487.5400,487.5400,487.5400
1787669004,487.5100,487.5100,487.4450,487.4450
1787669007,487.4400,487.4400,487.4000,487.4000
1787669009,487.4100,487.4150,487.4100,487.4150
1787669010,487.4400,487.4500,487.4400,487.4400
1787669017,487.4800,487.5000,487.4800,487.5000
1787669027,487.4800,487.5000,487.4800,487.5000
1787669030,487.5400,487.5400,487.5400,487.5400
1787669034,487.6000,487.6000,487.6000,487.6000
1787669036,487.6300,487.6300,487.6300,487.6300
1787669040,487.5700,487.5700,487.5400,487.5400
1787669041,487.5200,487.5200,487.5200,487.5200
1787669043,487.4900,487.4900,487.4900,487.4900
1787669048,487.5100,487.5100,487.5100,487.5100
1787669053,487.4900,487.4900,487.4800,487.4800
1787669054,487.4700,487.4700,487.4700,487.4700
1787669062,487.4700,487.4700,487.4400,487.4400
1787669064,487.4700,487.4800,487.4600,487.4600
1787669078,487.4000,487.4000,487.4000,487.4000
1787669079,487.4150,487.4150,487.4150,487.4150
1787669089,487.4000,487.4000,487.3400,487.3400
1787669090,487.3400,487.3700,487.3400,487.3700
1787669093,487.4500,487.4700,487.4500,487.4700
1787669094,487.4200,487.4200,487.4200,487.4200
1787669096,487.4800,487.4900,487.4800,487.4900
1787669097,487.5000,487.5000,487.5000,487.5000
1787669100,487.4900,487.4900,487.4900,487.4900
1787669104,487.4400,487.4400,487.4200,487.4200
1787669105,487.4500,487.4500,487.4500,487.4500
1787669110,487.4500,487.4500,487.4500,487.4500
1787669119,487.3700,487.3700,487.3500,487.3500
1787669123,487.3300,487.3400,487.3300,487.3400
1787669124,487.3800,487.3800,487.3800,487.3800
1787669126,487.4000,487.4000,487.4000,487.4000
1787669129,487.4100,487.4100,487.4100,487.4100
1787669130,487.4100,487.4200,487.4100,487.4200
1787669131,487.4300,487.4300,487.4300,487.4300
1787669134,487.4500,487.4700,487.4500,487.4700
1787669135,487.4800,487.4800,487.4800,487.4800
1787669138,487.4800,487.4800,487.4800,487.4800
1787669144,487.4300,487.4300,487.4200,487.4200
1787669145,487.4350,487.4350,487.3400,487.3400
1787669146,487.4100,487.4100,487.4100,487.4100
1787669148,487.4200,487.4200,487.4200,487.4200
1787669149,487.3500,487.3500,487.3000,487.3000
1787669151,487.3600,487.3600,487.3600,487.3600
1787669157,487.3000,487.3200,487.2800,487.2800
1787669162,487.3000,487.3500,487.2800,487.3500
1787669164,487.2750,487.3500,487.2500,487.3500
1787669168,487.4100,487.4100,487.4100,487.4100
1787669170,487.4400,487.4700,487.4400,487.4700
1787669171,487.4800,487.4900,487.4800,487.4900
1787669175,487.4300,487.4300,487.4300,487.4300
1787669176,487.4300,487.4300,487.4300,487.4300
1787669178,487.3800,487.3800,487.3800,487.3800
1787669179,487.4100,487.4100,487.4100,487.4100
1787669181,487.4600,487.4700,487.4600,487.4700
1787669183,487.5000,487.5100,487.5000,487.5100
1787669185,487.5200,487.5200,487.5200,487.5200
1787669186,487.4300,487.5700,487.4300,487.5700
1787669187,487.6100,487.7000,487.6100,487.7000
1787669188,487.7500,487.7550,487.7500,487.7550
1787669189,487.7400,487.7400,487.6600,487.6600
1787669192,487.7900,487.8200,487.7900,487.8200
1787669194,487.7500,487.7500,487.7500,487.7500
1787669195,487.8000,487.8200,487.7600,487.8200
1787669198,487.7800,487.7800,487.7800,487.7800
1787669199,487.8600,487.9100,487.8600,487.9100
1787669200,487.8000,487.8000,487.7900,487.7900
1787669205,487.8800,487.8900,487.8800,487.8900
1787669208,487.9000,487.9000,487.9000,487.9000
1787669210,487.9100,487.9100,487.9100,487.9100
1787669212,487.9100,487.9200,487.9100,487.9200
1787669217,487.8700,487.8700,487.8400,487.8400
1787669219,487.9100,488.0000,487.9100,488.0000
1787669220,488.0300,488.0350,488.0300,488.0300
1787669224,487.9800,487.9800,487.8800,487.8800
1787669225,487.8400,487.8400,487.8400,487.8400
1787669226,487.8400,487.8400,487.8400,487.8400
1787669228,487.8400,487.8400,487.8400,487.8400
1787669235,487.9000,487.9500,487.9000,487.9500
1787669236,487.9800,487.9800,487.9800,487.9800
1787669239,487.9900,488.0200,487.9900,488.0200
1787669242,488.1000,488.1000,488.1000,488.1000
1787669243,488.1100,488.1400,488.1100,488.1400
1787669246,488.1500,488.1950,488.1500,488.1950
1787669252,488.1800,488.1800,488.1800,488.1800
1787669253,488.2400,488.2500,488.1900,488.1900
1787669254,488.2200,488.2200,488.1800,488.1800
1787669255,488.1400,488.1400,488.1300,488.1300
1787669257,488.1200,488.1200,488.1000,488.1000
1787669258,488.0300,488.0300,487.8000,487.8000
1787669261,487.7900,487.8300,487.6500,487.8300
1787669262,487.7500,487.7500,487.7500,487.7500
1787669263,487.7350,487.7350,487.7350,487.7350
1787669266,487.8100,487.8400,487.8100,487.8400
1787669268,487.8300,487.9800,487.8000,487.9800
1787669270,487.8500,487.8500,487.8500,487.8500
1787669271,487.9200,487.9500,487.9200,487.9500
1787669272,487.9200,487.9200,487.9200,487.9200
1787669276,487.8600,487.8600,487.8500,487.8500
1787669277,487.9100,487.9200,487.9100,487.9200
1787669278,487.9100,487.9100,487.9100,487.9100
1787669280,487.8800,487.8800,487.8800,487.8800
1787669281,487.8800,487.8800,487.8300,487.8300
1787669283,487.9200,487.9700,487.9200,487.9600
1787669285,488.0200,488.0200,488.0200,488.0200
1787669286,488.0700,488.0900,488.0700,488.0900
1787669290,488.0900,488.0900,488.0900,488.0900
1787669292,488.0700,488.0700,487.9900,487.9900
1787669294,487.8600,487.8600,487.8600,487.8600
1787669295,487.8800,487.8800,487.8800,487.8800
1787669296,487.8500,487.8500,487.8500,487.8500
1787669313,487.9500,487.9500,487.9500,487.9500
1787669314,487.9600,487.9600,487.9600,487.9600
1787669315,487.9800,487.9900,487.9800,487.9900
1787669318,488.0350,488.0350,488.0350,488.0350
1787669320,488.0500,488.0500,488.0500,488.0500
1787669321,488.0800,488.0900,488.0800,488.0900
1787669326,488.0500,488.0500,488.0200,488.0200
1787669342,488.0500,488.0600,488.0500,488.0600
1787669345,488.0400,488.0500,488.0400,488.0500
1787669346,488.0550,488.0900,488.0400,488.0900
1787669347,488.1500,488.1500,488.1500,488.1500
1787669349,488.0900,488.0900,488.0900,488.0900
1787669356,487.9900,487.9900,487.9900,487.9900
1787669359,488.0300,488.0600,488.0300,488.0600
1787669361,488.0200,488.0200,488.0200,488.0200
1787669370,488.0400,488.0550,488.0400,488.0550
1787669373,488.0200,488.0200,488.0200,488.0200
1787669376,488.0600,488.1000,488.0600,488.1000
1787669380,488.0300,488.0300,488.0300,488.0300
1787669389,487.9900,488.0200,487.9900,488.0200
1787669391,488.0500,488.0500,488.0500,488.0500
1787669393,488.0500,488.0500,488.0500,488.0500
1787669394,488.0800,488.0800,488.0800,488.0800
1787669396,488.0800,488.0800,488.0800,488.0800
1787669397,488.0500,488.0500,488.0200,488.0400
1787669400,488.0300,488.0300,488.0200,488.0200
1787669406,488.0300,488.0300,487.9800,488.0200
1787669414,488.0150,488.0150,488.0150,488.0150
1787669418,488.0200,488.0300,488.0200,488.0300
1787669420,487.9800,487.9900,487.9800,487.9900
1787669421,488.0000,488.0300,488.0000,488.0300
1787669429,488.0150,488.0150,487.9500,487.9500
1787669430,487.9800,487.9800,487.9800,487.9800
1787669431,487.9500,487.9500,487.9500,487.9500
1787669433,487.9600,487.9600,487.9600,487.9600
1787669438,487.9500,487.9500,487.9200,487.9300
1787669439,487.9000,487.9000,487.8800,487.8800
1787669443,487.8800,487.9600,487.8800,487.9600
1787669444,487.9300,488.0500,487.9300,488.0500
1787669448,488.0400,488.0400,488.0400,488.0400
1787669453,488.0700,488.1100,488.0700,488.1100
1787669456,488.1200,488.1200,488.1200,488.1200
1787669459,488.1300,488.1300,488.1300,488.1300
1787669460,488.1300,488.1300,488.1300,488.1300
1787669461,488.1000,488.1000,488.1000,488.1000
1787669463,488.0700,488.0700,488.0700,488.0700
1787669470,488.1000,488.1000,488.1000,488.1000
1787669476,488.0800,488.0800,488.0700,488.0700
1787669477,488.0500,488.0500,488.0500,488.0500
1787669479,488.1100,488.1200,488.1100,488.1200
1787669481,488.1800,488.2000,488.1800,488.2000
1787669483,488.1700,488.2000,488.1400,488.2000
1787669485,488.2400,488.2400,488.2400,488.2400
1787669486,488.2500,488.2500,488.2500,488.2500
1787669488,488.2500,488.3200,488.2500,488.3200
1787669489,488.3300,488.4000,488.3300,488.4000
1787669490,488.4150,488.4350,488.4150,488.4350
1787669492,488.4700,488.4800,488.4500,488.4500
1787669494,488.4800,488.4800,488.4800,488.4800
1787669495,488.4600,488.4600,488.4600,488.4600
1787669498,488.4900,488.5000,488.4900,488.5000
1787669500,488.5500,488.6000,488.5200,488.6000
1787669501,488.5800,488.5800,488.5400,488.5400
1787669502,488.5500,488.5800,488.5500,488.5800
1787669503,488.5500,488.5500,488.5500,488.5500
1787669504,488.5500,488.5500,488.5500,488.5500
1787669505,488.5500,488.6200,488.5500,488.6200
1787669508,488.6300,488.6300,488.6300,488.6300
1787669511,488.6650,488.6650,488.6650,488.6650
1787669512,488.6800,488.7000,488.6800,488.7000
1787669513,488.7000,488.7400,488.7000,488.7400
1787669514,488.7400,488.7500,488.7200,488.7300
1787669515,488.7500,488.7600,488.7500,488.7600
1787669516,488.8000,488.8000,488.8000,488.8000
1787669518,488.8400,488.9000,488.8400,488.8700
1787669521,488.8700,488.8700,488.8700,488.8700
1787669524,488.8400,488.8400,488.8100,488.8100
1787669525,488.8100,488.8100,488.8100,488.8100
1787669526,488.7900,488.7900,488.7600,488.7600
1787669532,488.7800,488.7800,488.7800,488.7800
1787669533,488.7700,488.7700,488.7600,488.7600
1787669535,488.7300,488.7400,488.7100,488.7400
1787669536,488.7500,488.7500,488.7500,488.7500
1787669537,488.7300,488.7300,488.7300,488.7300
1787669539,488.7500,488.7900,488.7500,488.7900
1787669543,488.7000,488.7000,488.6400,488.6400
1787669553,488.5800,488.5800,488.4600,488.4600
1787669555,488.4800,488.4800,488.4800,488.4800
1787669556,488.4400,488.4400,488.4400,488.4400
1787669557,488.4550,488.4550,488.4550,488.4550
1787669558,488.4800,488.5200,488.4800,488.5000
1787669559,488.5700,488.5700,488.5700,488.5700
1787669561,488.6600,488.6600,488.6600,488.6600
1787669565,488.6700,488.6700,488.6700,488.6700
1787669568,488.6700,488.6700,488.6600,488.6600
1787669569,488.7150,488.7150,488.7150,488.7150
1787669571,488.7550,488.7600,488.7550,488.7600
1787669577,488.7650,488.7900,488.7650,488.7900
1787669582,488.8700,488.8800,488.8700,488.8800
1787669584,488.9100,488.9100,488.9000,488.9000
1787669587,488.8100,488.8100,488.8100,488.8100
1787669588,488.8600,488.9600,488.8600,488.9600
1787669589,488.9600,488.9700,488.9600,488.9700
1787669591,488.9300,488.9300,488.9300,488.9300
1787669594,488.9300,488.9300,488.9300,488.9300
1787669595,488.9500,489.0300,488.9500,489.0300
1787669606,489.1050,489.1050,489.0900,489.0900
1787669609,489.0600,489.0700,489.0600,489.0700
1787669610,489.1300,489.1500,489.1300,489.1500
1787669611,489.1500,489.1500,489.1400,489.1500
1787669614,489.1600,489.1600,489.1400,489.1400
1787669620,489.1600,489.1700,489.1600,489.1700
1787669621,489.1400,489.1400,489.1200,489.1200
1787669623,488.9700,488.9700,488.9700,488.9700
1787669626,488.9400,488.9400,488.9400,488.9400
1787669628,488.9500,488.9500,488.9500,488.9500
1787669634,488.9250,488.9250,488.9250,488.9250
1787669639,488.9900,489.0000,488.9900,489.0000
1787669640,489.0000,489.0100,489.0000,489.0100
1787669647,488.9700,488.9700,488.9500,488.9500
1787669649,488.9300,488.9300,488.9300,488.9300
1787669651,488.9450,488.9800,488.9450,488.9800
1787669656,488.9800,488.9800,488.9500,488.9500
1787669657,489.0200,489.0300,489.0200,489.0300
1787669662,489.0600,489.1000,489.0600,489.1000
1787669664,489.0600,489.0600,489.0400,489.0400
1787669667,489.0200,489.0200,489.0000,489.0000
1787669668,488.9400,488.9400,488.9400,488.9400
1787669678,489.0000,489.0300,488.9800,489.0300
1787669680,489.0400,489.0500,489.0400,489.0500
1787669686,489.0000,489.0000,489.0000,489.0000
1787669690,489.0700,489.0900,489.0700,489.0900
1787669695,489.0500,489.0500,489.0400,489.0400
1787669703,488.9900,488.9900,488.8500,488.8500
1787669704,488.8300,488.8300,488.8300,488.8300
1787669706,488.9000,488.9100,488.9000,488.9100
1787669708,488.9400,488.9400,488.9400,488.9400
1787669710,488.9400,488.9400,488.9300,488.9300
1787669712,488.8900,488.8900,488.5800,488.6650
1787669714,488.7100,488.8400,488.7100,488.8400
1787669724,488.7400,488.7400,488.7400,488.7400
1787669725,488.8300,488.9000,488.8300,488.9000
1787669726,488.8400,488.8400,488.8300,488.8300
1787669732,488.8350,488.8350,488.8350,488.8350
1787669734,488.8400,488.8700,488.8300,488.8300
1787669737,488.7900,488.7900,488.7900,488.7900
1787669738,488.8400,488.8400,488.7400,488.7400
1787669739,488.7800,488.7800,488.7800,488.7800
1787669743,488.8200,488.8300,488.7950,488.8300
1787669744,488.7800,488.7800,488.7800,488.7800
1787669746,488.7600,488.7600,488.7200,488.7400
1787669753,488.7200,488.7300,488.7200,488.7300
1787669757,488.7300,488.7300,488.7300,488.7300
1787669758,488.7000,488.7000,488.7000,488.7000
1787669759,488.6600,488.6600,488.6500,488.6500
1787669760,488.6400,488.6500,488.6300,488.6300
1787669761,488.6300,488.6300,488.6300,488.6300
1787669766,488.6600,488.7000,488.6600,488.7000
1787669768,488.7100,488.7100,488.7100,488.7100
1787669771,488.6800,488.6800,488.6600,488.6700
1787669772,488.7050,488.7050,488.6800,488.6900
1787669773,488.6900,488.6900,488.6900,488.6900
1787669775,488.7050,488.7050,488.7050,488.7050
1787669777,488.6900,488.7100,488.6800,488.7100
1787669778,488.7500,488.7800,488.7500,488.7800
1787669782,488.8000,488.8000,488.8000,488.8000
1787669784,488.8700,488.8700,488.8700,488.8700
1787669786,488.8300,488.8300,488.8200,488.8200
1787669788,488.8500,488.8700,488.8500,488.8700
1787669793,488.8650,488.8650,488.8650,488.8650
1787669796,488.8100,488.8100,488.8100,488.8100
1787669797,488.8600,488.8600,488.8600,488.8600
1787669798,488.8500,488.8500,488.8100,488.8100
1787669803,488.8500,488.8600,488.8500,488.8600
1787669808,488.8800,488.8800,488.8800,488.8800
1787669810,488.9000,488.9000,488.9000,488.9000
1787669813,488.9150,488.9150,488.9150,488.9150
1787669819,488.9500,488.9500,488.9500,488.9500
1787669820,488.9500,488.9500,488.9500,488.9500
1787669821,489.0000,489.0100,488.9600,488.9600
1787669822,488.9400,488.9400,488.9300,488.9300
1787669824,488.9000,488.9000,488.8800,488.8800
1787669827,488.8200,488.8200,488.8100,488.8100
1787669831,488.7800,488.7800,488.7800,488.7800
1787669836,488.7500,488.7600,488.7400,488.7400
1787669848,488.6900,488.7300,488.6900,488.7300
1787669851,488.7600,488.7900,488.7600,488.7900
1787669855,488.8100,488.8100,488.8100,488.8100
1787669857,488.7800,488.7800,488.7800,488.7800
1787669869,488.7300,488.7500,488.7000,488.7000
1787669875,488.7100,488.7200,488.7100,488.7100
1787669880,488.7500,488.7500,488.7500,488.7500
1787669882,488.7600,488.9200,488.7600,488.9200
1787669884,488.9800,489.0000,488.9300,488.9300
1787669885,488.9800,489.0600,488.9700,489.0600
1787669886,489.0800,489.0800,489.0800,489.0800
1787669887,489.0200,489.0400,488.9600,488.9800
1787669892,488.9600,488.9600,488.9500,488.9500
1787669893,489.0200,489.0900,489.0200,489.0900
1787669897,489.1100,489.1100,489.1100,489.1100
1787669901,489.1600,489.1600,489.1300,489.1300
1787669902,489.1200,489.2000,489.1200,489.2000
1787669905,489.2400,489.2500,489.2400,489.2500
1787669908,489.2600,489.2600,489.2600,489.2600
1787669909,489.2900,489.2900,489.2900,489.2900
1787669910,489.2500,489.2500,489.2500,489.2500
1787669913,489.2800,489.2800,489.2400,489.2400
1787669914,489.2800,489.2800,489.2800,489.2800
1787669919,489.3200,489.3600,489.3200,489.3600
1787669920,489.4100,489.4100,489.4100,489.4100
1787669921,489.4500,489.5100,489.4500,489.5000
1787669922,489.5600,489.5800,489.5000,489.5000
1787669925,489.5400,489.5400,489.5400,489.5400
1787669926,489.5800,489.5800,489.5700,489.5700
1787669940,489.5900,489.5900,489.5600,489.5600
1787669946,489.5200,489.5200,489.5200,489.5200
1787669949,489.5200,489.5350,489.5100,489.5350
1787669952,489.5700,489.5700,489.5700,489.5700
1787669955,489.5400,489.5400,489.5100,489.5400
1787669958,489.5200,489.5600,489.2900,489.3000
1787669964,489.3900,489.4450,489.3900,489.4450
1787669967,489.4500,489.4500,489.4500,489.4500
1787669970,489.4500,489.4500,489.4500,489.4500
1787669973,489.4850,489.4850,489.4850,489.4850
1787669974,489.4800,489.5100,489.3700,489.3700
1787669975,489.3300,489.3300,489.3300,489.3300
1787669980,489.3000,489.3000,489.2800,489.2800
1787669982,489.3200,489.3200,489.3200,489.3200
1787669985,489.2800,489.2800,489.2700,489.2700
1787669991,489.2600,489.2600,489.2600,489.2600
1787669992,489.2600,489.2600,489.2600,489.2600
1787669995,489.2400,489.2700,489.2400,489.2700
1787670000,489.2700,489.3000,489.2700,489.2700
1787670002,489.3000,489.3300,489.3000,489.3200
1787670003,489.3000,489.3300,489.3000,489.3300
1787670004,489.3300,489.3900,489.3300,489.3900
1787670005,489.4000,489.4000,489.3700,489.3700
1787670006,489.3600,489.3800,489.3500,489.3800
1787670007,489.3700,489.3700,489.3300,489.3300
1787670009,489.3800,489.4200,489.3800,489.4200
1787670013,489.4250,489.4250,489.4250,489.4250
1787670016,489.4000,489.4000,489.3600,489.3600
1787670017,489.3600,489.3600,489.3600,489.3600
1787670019,489.3600,489.3600,489.3600,489.3600
1787670020,489.3600,489.3600,489.3600,489.3600
1787670022,489.3700,489.3700,489.3700,489.3700
1787670023,489.3300,489.3300,489.3300,489.3300
1787670025,489.3400,489.3400,489.2400,489.2400
1787670026,489.2500,489.2800,489.2500,489.2800
1787670027,489.2800,489.2900,489.2800,489.2900
1787670030,489.2500,489.2500,489.2500,489.2500
1787670033,489.2500,489.2500,489.1100,489.1100
1787670034,489.1500,489.2000,489.1500,489.1800
1787670035,489.2100,489.2100,489.2100,489.2100
1787670037,489.2500,489.2600,489.2500,489.2600
1787670039,489.1900,489.1900,489.1700,489.1700
1787670041,489.2200,489.2300,489.2200,489.2300
1787670044,489.2600,489.2600,489.2600,489.2600
1787670052,489.2150,489.2500,489.1900,489.1900
1787670054,489.2000,489.2000,489.2000,489.2000
1787670056,489.2400,489.2400,489.2400,489.2400
1787670057,489.2800,489.2800,489.2800,489.2800
1787670059,489.2800,489.2800,489.2800,489.2800
1787670062,489.2300,489.2300,489.2200,489.2200
1787670063,489.2200,489.2200,489.2100,489.2100
1787670064,489.1900,489.1900,489.1800,489.1800
1787670066,489.1700,489.1700,489.1500,489.1500
1787670067,489.1900,489.1900,489.1900,489.1900
1787670071,489.2000,489.2300,489.2000,489.2300
1787670072,489.2000,489.2000,489.2000,489.2000
1787670075,489.2900,489.3200,489.2900,489.3200
1787670077,489.2900,489.2900,489.2900,489.2900
1787670082,489.1900,489.2400,489.1600,489.2400
1787670087,489.2400,489.2400,489.1800,489.1800
1787670088,489.2000,489.2000,489.1700,489.1700
1787670089,489.2500,489.2500,489.2500,489.2500
1787670091,489.2550,489.2550,489.2550,489.2550
1787670092,489.2550,489.2550,489.2550,489.2550
1787670094,489.2900,489.3000,489.2900,489.3000
1787670098,489.3600,489.3700,489.3600,489.3700
1787670106,489.4000,489.4000,489.4000,489.4000
1787670110,489.4500,489.5000,489.4500,489.5000
1787670111,489.4700,489.4700,489.4700,489.4700
1787670113,489.4200,489.4200,489.4200,489.4200
1787670114,489.3700,489.3700,489.3600,489.3600
1787670115,489.3100,489.3100,489.3000,489.3000
1787670117,489.3400,489.3500,489.3400,489.3500
1787670118,489.3300,489.3300,489.3300,489.3300
1787670120,489.2400,489.2400,489.2400,489.2400
1787670122,489.2300,489.2300,489.1600,489.1600
1787670124,489.1600,489.3100,489.1000,489.3100
1787670126,489.2650,489.3400,489.2500,489.3400
1787670132,489.2000,489.2400,489.2000,489.2400
1787670134,489.1700,489.1700,488.9600,488.9950
1787670135,489.0200,489.1100,488.7700,488.7700
1787670137,488.7850,488.7850,488.7400,488.7400
1787670139,488.8600,488.8600,488.8600,488.8600
1787670142,488.8450,488.8450,488.8450,488.8450
1787670146,488.8700,488.8700,488.8700,488.8700
1787670147,488.8700,488.8800,488.8500,488.8500
1787670148,488.8500,488.8500,488.8500,488.8500
1787670150,488.8800,488.8800,488.8800,488.8800
1787670151,488.9300,488.9500,488.9300,488.9500
1787670152,488.9100,488.9100,488.9100,488.9100
1787670159,488.9100,489.0000,488.9100,489.0000
1787670160,488.9900,488.9900,488.9900,488.9900
1787670161,489.0050,489.0050,488.9200,488.9800
1787670163,488.9250,488.9250,488.9200,488.9200
1787670167,488.9200,488.9900,488.9200,488.9900
1787670168,488.9200,488.9200,488.9200,488.9200
1787670175,488.9500,488.9700,488.9500,488.9600
1787670182,488.9100,488.9100,488.9100,488.9100
1787670183,488.9900,488.9900,488.9300,488.9900
1787670184,489.0000,489.0200,489.0000,489.0200
1787670193,489.0150,489.0800,489.0150,489.0800
1787670194,489.1400,489.1500,489.1400,489.1500
1787670197,489.1900,489.2100,489.1900,489.2100
1787670198,489.2100,489.2100,489.2100,489.2100
1787670201,489.1400,489.1400,489.0250,489.0250
1787670208,489.0700,489.0700,489.0600,489.0600
1787670211,489.1300,489.1300,489.1300,489.1300
1787670217,489.0700,489.0700,488.9400,488.9700
1787670222,488.8600,488.8600,488.8600,488.8600
1787670223,488.8300,488.8300,488.8000,488.8000
1787670225,488.8000,488.8000,488.8000,488.8000
1787670226,488.7900,488.7900,488.7900,488.7900
1787670232,488.7950,488.7950,488.7950,488.7950
1787670233,488.7900,488.7900,488.7900,488.7900
1787670239,488.8800,488.8800,488.8800,488.8800
1787670243,488.8350,488.8350,488.8000,488.8000
1787670246,488.7800,488.7800,488.7800,488.7800
1787670248,488.8000,488.8000,488.7600,488.7600
1787670249,488.7900,488.8000,488.7900,488.8000
1787670250,488.7500,488.7500,488.7500,488.7500
1787670252,488.8100,488.8100,488.8100,488.8100
1787670257,488.8700,488.8700,488.8700,488.8700
1787670259,488.8800,488.9000,488.8800,488.9000
1787670263,488.8650,488.8650,488.8650,488.8650
1787670264,488.8000,488.8000,488.8000,488.8000
1787670266,488.8400,488.8500,488.8400,488.8500
1787670269,488.8700,488.8700,488.8700,488.8700
1787670273,488.9100,488.9500,488.9100,488.9500
1787670276,488.9100,489.0000,488.9100,488.9100
1787670277,488.9600,488.9600,488.9600,488.9600
1787670281,488.9000,488.9000,488.8800,488.8800
1787670282,488.8800,488.8800,488.8800,488.8800
1787670285,488.8500,488.8500,488.8400,488.8400
1787670287,488.8700,488.8700,488.8700,488.8700
1787670288,488.9000,488.9600,488.8900,488.9600
1787670289,488.8600,488.8600,488.8200,488.8200
1787670290,488.8100,488.8100,488.7900,488.7900
1787670291,488.8600,488.8700,488.8600,488.8700
1787670294,488.7500,488.7500,488.6800,488.6800
1787670299,488.7200,488.7200,488.7200,488.7200
1787670302,488.7400,488.7600,488.7400,488.7600
1787670303,488.8100,488.8100,488.8100,488.8100
1787670305,488.8800,488.9000,488.8800,488.9000
1787670310,488.9300,488.9300,488.9300,488.9300
1787670316,488.9900,489.0000,488.9900,489.0000
1787670318,488.9800,488.9800,488.9700,488.9700
1787670320,488.9400,488.9400,488.8900,488.9250
1787670322,488.8700,489.0800,488.8300,489.0600
1787670329,489.0900,489.0900,489.0900,489.0900
1787670332,489.0900,489.0900,489.0900,489.0900
1787670334,489.1200,489.1200,489.1200,489.1200
1787670335,489.1900,489.2250,489.1900,489.2250
1787670338,489.1700,489.1700,489.1700,489.1700
1787670342,489.2500,489.2550,489.2500,489.2500
1787670343,489.2000,489.2000,489.1500,489.1700
1787670346,489.2000,489.2100,489.2000,489.2100
1787670352,489.1700,489.1700,489.1700,489.1700
1787670353,489.1700,489.1700,489.1700,489.1700
1787670354,489.1300,489.1300,489.1300,489.1300
1787670358,489.1300,489.1700,489.1300,489.1700
1787670360,489.1300,489.1300,489.0800,489.0800
1787670362,489.0700,489.1700,489.0100,489.1700
1787670365,489.2000,489.2300,489.2000,489.2300
1787670376,489.3100,489.3800,489.3100,489.3800
1787670377,489.3250,489.3250,489.1700,489.1700
1787670378,489.1300,489.1300,489.1300,489.1300
1787670379,489.1100,489.1100,489.1100,489.1100
1787670381,489.1050,489.1050,489.1050,489.1050
1787670383,489.1300,489.2000,489.1300,489.2000
1787670392,489.1450,489.1450,489.1450,489.1450
1787670396,489.1800,489.1800,489.1800,489.1800
1787670397,489.1450,489.1450,489.1450,489.1450
1787670398,489.1600,489.1600,489.1600,489.1600
1787670399,489.2000,489.2200,489.2000,489.2200
1787670402,489.1500,489.1500,489.0200,489.0200
1787670406,489.0200,489.0400,488.9600,489.0000
1787670418,489.0100,489.0200,489.0100,489.0200
1787670419,489.0500,489.0600,489.0500,489.0600
1787670422,489.0700,489.0800,489.0700,489.0800
1787670425,489.0500,489.0500,489.0300,489.0500
1787670431,489.0500,489.0500,489.0400,489.0400
1787670434,489.1000,489.1000,489.1000,489.1000
1787670435,489.0600,489.0600,489.0600,489.0600
1787670437,489.0650,489.0650,489.0200,489.0200
1787670439,489.1000,489.1000,489.0800,489.1000
1787670441,489.1000,489.1450,489.1000,489.1450
1787670452,489.1200,489.1300,489.0900,489.0900
1787670455,489.0500,489.0500,489.0500,489.0500
1787670458,489.0500,489.0800,489.0400,489.0400
1787670463,489.0450,489.0450,489.0450,489.0450
1787670465,489.0900,489.0900,489.0900,489.0900
1787670467,489.0850,489.0850,489.0850,489.0850
1787670470,489.0900,489.0900,489.0700,489.0900
1787670473,489.0600,489.0700,489.0600,489.0700
1787670474,489.0700,489.0700,489.0700,489.0700
1787670477,489.1100,489.1200,489.1100,489.1200
1787670483,489.1300,489.2000,489.1300,489.2000
1787670487,489.2900,489.2900,489.2900,489.2900
1787670489,489.2600,489.2600,489.2600,489.2600
1787670490,489.2400,489.2400,489.2400,489.2400
1787670491,489.2100,489.2100,489.2100,489.2100
1787670492,489.2000,489.2000,489.1900,489.1900
1787670495,489.2300,489.2300,489.2300,489.2300
1787670498,489.2400,489.2600,489.2400,489.2600
1787670502,489.2700,489.2700,489.2700,489.2700
1787670503,489.2400,489.2400,489.2400,489.2400
1787670507,489.3000,489.3300,489.3000,489.3300
1787670508,489.3550,489.3900,489.3550,489.3900
1787670509,489.3950,489.3950,489.3600,489.3600
1787670516,489.3900,489.4300,489.3900,489.4300
1787670517,489.4300,489.4300,489.3500,489.3500
1787670518,489.3500,489.3500,489.3200,489.3200
1787670520,489.2900,489.2900,489.2900,489.2900
1787670523,489.3000,489.3000,489.3000,489.3000
1787670530,489.3200,489.3200,489.3200,489.3200
1787670542,489.3100,489.3100,489.3100,489.3100
1787670543,489.2900,489.2900,489.2600,489.2650
1787670544,489.2650,489.2650,489.2650,489.2650
1787670545,489.2400,489.2400,489.2400,489.2400
1787670546,489.2400,489.2500,489.1300,489.1300
1787670556,489.1000,489.1000,489.1000,489.1000
1787670565,489.1500,489.1600,489.1500,489.1600
1787670567,489.1200,489.1200,489.1100,489.1100
1787670568,489.0700,489.0700,489.0700,489.0700
1787670572,489.1200,489.1200,489.1200,489.1200
1787670574,489.1500,489.1500,489.1500,489.1500
1787670576,489.1800,489.1900,489.1800,489.1900
1787670579,489.2000,489.2000,489.2000,489.2000
1787670580,489.1950,489.1950,489.1950,489.1950
1787670587,489.2600,489.2950,489.2400,489.2950
1787670598,489.3700,489.3900,489.3500,489.3900
1787670606,489.4000,489.4200,489.4000,489.4100
1787670607,489.4300,489.4300,489.4300,489.4300
1787670612,489.4100,489.4100,489.4100,489.4100
1787670613,489.4600,489.5000,489.4600,489.5000
1787670619,489.5000,489.5000,489.4300,489.4300
1787670621,489.4300,489.4500,489.4100,489.4100
1787670625,489.5000,489.6000,489.5000,489.6000
1787670626,489.6100,489.6500,489.6100,489.6500
1787670632,489.6700,489.6700,489.6700,489.6700
1787670636,489.6650,489.6650,489.6650,489.6650
1787670637,489.6900,489.7400,489.6900,489.7400
1787670641,489.7550,489.7550,489.7550,489.7550
1787670642,489.7400,489.7800,489.7200,489.7800
1787670646,489.7100,489.7100,489.6600,489.7000
1787670647,489.6700,489.7000,489.6500,489.6500
1787670648,489.6400,489.6400,489.6300,489.6300
1787670649,489.5900,489.6200,489.5900,489.6100
1787670651,489.7100,489.7100,489.7100,489.7100
1787670656,489.7100,489.7100,489.7100,489.7100
1787670665,489.7000,489.7000,489.6700,489.6700
1787670666,489.7200,489.7600,489.7200,489.7600
1787670667,489.6800,489.6800,489.6400,489.6700
1787670669,489.6100,489.6600,489.6100,489.6600
1787670671,489.7050,489.8000,489.7050,489.8000
1787670675,489.8100,489.9000,489.8100,489.8800
1787670676,489.7900,489.7900,489.7900,489.7900
1787670677,489.7600,489.7600,489.7600,489.7600
1787670684,489.8500,489.9100,489.8400,489.8400
1787670685,489.8300,489.8300,489.7700,489.7700
1787670686,489.7700,489.8300,489.7700,489.8300
1787670691,489.7700,489.7700,489.7700,489.7700
1787670692,489.8000,489.8000,489.7400,489.8000
1787670695,489.7850,489.7850,489.7850,489.7850
1787670697,489.8300,489.8300,489.8300,489.8300
1787670700,489.9000,489.9600,489.9000,489.9600
1787670701,489.9550,489.9550,489.9150,489.9150
1787670705,489.9100,489.9250,489.9100,489.9250
1787670708,489.9200,489.9200,489.9200,489.9200
1787670710,489.9200,489.9200,489.9200,489.9200
1787670711,489.9300,489.9300,489.9300,489.9300
1787670712,489.9600,490.2000,489.9600,490.2000
1787670713,490.2300,490.2900,490.2000,490.2000
1787670717,490.2500,490.2500,490.2500,490.2500
1787670720,490.2700,490.2700,490.2500,490.2700
1787670721,490.2500,490.2700,490.2300,490.2700
1787670723,490.3000,490.3500,490.2900,490.3500
1787670727,490.2800,490.2800,490.2800,490.2800
1787670731,490.2400,490.3000,490.2200,490.3000
1787670733,490.3000,490.3100,489.8900,489.9300
1787670734,489.9800,489.9800,489.9800,489.9800
1787670736,489.9300,489.9700,489.9100,489.9200
1787670738,489.9400,489.9400,489.9400,489.9400
1787670740,489.9200,489.9300,489.8900,489.9000
1787670741,489.8500,489.8500,489.8500,489.8500
1787670744,489.8950,489.8950,489.8950,489.8950
1787670747,489.9500,489.9900,489.9500,489.9900
1787670749,490.0200,490.1300,490.0200,490.1300
1787670750,490.1450,490.1450,490.1450,490.1450
1787670751,490.1000,490.3100,490.0600,490.3100
1787670753,490.3600,490.3900,490.3100,490.3100
1787670757,490.3050,490.3050,490.3050,490.3050
1787670759,490.3000,490.3000,490.2300,490.2750
1787670760,490.2800,490.3400,490.1900,490.2500
1787670761,490.1900,490.1900,489.9950,489.9950
1787670762,489.9900,490.0550,489.9900,490.0550
1787670767,489.8900,489.8900,489.8900,489.8900
1787670768,489.8600,489.8600,489.8600,489.8600
1787670770,489.8600,489.8600,489.7800,489.7800
1787670778,489.8800,489.8800,489.8800,489.8800
1787670779,489.8900,489.8900,489.8900,489.8900
1787670780,489.8200,489.8200,489.7000,489.7000
1787670788,489.6300,489.6300,489.5100,489.5100
1787670790,489.5100,489.5100,489.5000,489.5000
1787670792,489.4800,489.4800,489.4500,489.4500
1787670799,489.4200,489.4200,489.4200,489.4200
1787670802,489.4700,489.4800,489.4400,489.4400
1787670811,489.4800,489.4800,489.4800,489.4800
1787670813,489.4000,489.4000,489.3400,489.3400
1787670822,489.1800,489.1800,489.0000,489.0000
1787670823,489.0100,489.0100,489.0100,489.0100
1787670824,488.9600,488.9600,488.9400,488.9400
1787670827,488.9200,488.9200,488.7700,488.8400
1787670829,488.7600,488.7600,488.7300,488.7300
1787670834,488.6300,488.6300,488.6300,488.6300
1787670835,488.6000,488.6000,488.5800,488.5800
1787670836,488.6000,488.6000,488.6000,488.6000
1787670839,488.5600,488.5600,488.4700,488.4700
1787670842,488.3500,488.3500,488.3300,488.3300
1787670843,488.3450,488.3700,488.3450,488.3700
1787670844,488.4200,488.4300,488.4200,488.4300
1787670845,488.4600,488.4600,488.4600,488.4600
1787670848,488.4700,488.5400,488.4700,488.5400
1787670849,488.6200,488.8200,488.6200,488.8000
1787670852,488.8300,488.8300,488.8300,488.8300
1787670854,488.8400,488.8500,488.8400,488.8500
1787670856,488.8300,488.8300,488.8300,488.8300
1787670857,488.7800,488.7800,488.7800,488.7800
1787670860,488.7800,488.7800,488.7800,488.7800
1787670862,488.8400,488.8400,488.8400,488.8400
1787670865,488.8500,489.2500,488.8500,489.2500
1787670868,489.2700,489.2700,489.2700,489.2700
1787670871,489.3300,489.3300,489.3300,489.3300
1787670872,489.2750,489.2750,489.2750,489.2750
1787670874,489.3200,489.4500,489.3200,489.3900
1787670879,489.4300,489.4300,489.4300,489.4300
1787670881,489.4000,489.4000,489.3000,489.3000
1787670892,489.3000,489.3000,489.3000,489.3000
1787670894,489.3100,489.4100,489.3000,489.4000
1787670895,489.3700,489.3700,489.3700,489.3700
1787670897,489.3000,489.3000,489.3000,489.3000
1787670902,489.3800,489.3900,489.3800,489.3900
1787670904,489.4200,489.4500,489.4200,489.4500
1787670906,489.4800,489.5000,489.4600,489.4600
1787670907,489.4600,489.4600,489.4100,489.4100
1787670909,489.4100,489.4100,489.4100,489.4100
1787670913,489.4000,489.4200,489.4000,489.4200
1787670914,489.4900,489.4900,489.4900,489.4900
1787670921,489.4250,489.4250,489.4250,489.4250
1787670922,489.4200,489.4200,489.3600,489.3600
1787670925,489.4150,489.4150,489.4150,489.4150
1787670927,489.4100,489.4100,489.4100,489.4100
1787670928,489.3500,489.3500,489.3200,489.3300
1787670930,489.3100,489.3100,489.2600,489.2900
1787670931,489.3100,489.3300,489.3100,489.3300
1787670935,489.3200,489.4800,489.3200,489.3600
1787670940,489.3000,489.3000,489.3000,489.3000
1787670941,489.3200,489.3200,489.3200,489.3200
1787670945,489.3500,489.4100,489.3400,489.4100
1787670946,489.3400,489.3400,489.3400,489.3400
1787670947,489.3400,489.3400,489.3400,489.3400
1787670951,489.3600,489.4100,489.3600,489.4100
1787670954,489.4200,489.4200,489.4000,489.4000
1787670957,489.4300,489.4300,489.4300,489.4300
1787670958,489.3200,489.3200,489.2400,489.2400
1787670960,489.2300,489.2300,489.2200,489.2200
1787670971,489.2450,489.2450,489.2450,489.2450
1787670972,489.2200,489.2800,489.2200,489.2500
1787670974,489.2900,489.3100,489.2900,489.3100
1787670975,489.3200,489.3200,489.3200,489.3200
1787670983,489.3900,489.3900,489.3900,489.3900
1787670988,489.4000,489.4300,489.4000,489.4300
1787670994,489.4100,489.4600,489.3800,489.4300
1787670997,489.4100,489.4100,489.4100,489.4100
1787671000,489.4100,489.4500,489.4100,489.4500
1787671003,489.4100,489.4100,489.3700,489.3700
1787671012,489.3800,489.3800,489.3600,489.3600
1787671014,489.2900,489.2900,489.2900,489.2900
1787671017,489.2800,489.2800,489.2700,489.2700
1787671023,489.2750,489.2750,489.2100,489.2100
1787671024,489.2500,489.3000,489.2500,489.3000
1787671027,489.2500,489.2500,489.2500,489.2500
1787671029,489.2700,489.2700,489.2700,489.2700
1787671031,489.2200,489.2200,489.2100,489.2100
1787671033,489.1800,489.1800,489.1700,489.1700
1787671038,489.1400,489.1400,489.1400,489.1400
1787671044,489.1750,489.1800,489.1750,489.1750
1787671047,489.2100,489.2400,489.2100,489.2400
1787671050,489.3100,489.3300,489.3100,489.3300
1787671052,489.3600,489.4000,489.3600,489.4000
1787671064,489.4100,489.4800,489.4100,489.4800
1787671069,489.4900,489.5000,489.4600,489.4600
1787671070,489.5000,489.5000,489.4700,489.4700
1787671074,489.4100,489.4100,489.4000,489.4000
1787671080,489.3500,489.3500,489.3500,489.3500
1787671081,489.3500,489.3500,489.3500,489.3500
1787671083,489.3600,489.3600,489.3600,489.3600
1787671084,489.3300,489.3300,489.3300,489.3300
1787671086,489.2600,489.2600,489.2100,489.2100
1787671088,489.2600,489.2600,489.2600,489.2600
1787671092,489.3200,489.3600,489.3200,489.3600
1787671093,489.3400,489.3400,489.3400,489.3400
1787671097,489.3600,489.3600,489.3600,489.3600
1787671101,489.3700,489.3700,489.3700,489.3700
1787671109,489.3700,489.5000,489.3700,489.4800
1787671111,489.4700,489.4700,489.4700,489.4700
1787671114,489.4500,489.4600,489.4500,489.4500
1787671115,489.4100,489.4100,489.3900,489.3900
1787671117,489.3300,489.3300,489.3300,489.3300
1787671118,489.3600,489.3800,489.3600,489.3800
1787671122,489.4100,489.4100,489.4100,489.4100
1787671130,489.4300,489.4300,489.4300,489.4300
1787671139,489.4450,489.4450,489.4450,489.4450
1787671142,489.3700,489.3700,489.3600,489.3600
1787671143,489.3600,489.3600,489.3500,489.3500
1787671147,489.4000,489.4000,489.4000,489.4000
1787671153,489.3700,489.3700,489.3400,489.3400
1787671154,489.3600,489.3600,489.3600,489.3600
1787671156,489.3600,489.3600,489.3600,489.3600
1787671163,489.4100,489.4100,489.4100,489.4100
1787671164,489.4500,489.4600,489.4500,489.4600
1787671168,489.5000,489.5000,489.5000,489.5000
1787671170,489.5000,489.6000,489.5000,489.6000
1787671173,489.6800,489.7100,489.6800,489.7100
1787671174,489.7200,489.7200,489.7200,489.7200
1787671175,489.7050,489.7200,489.6600,489.6600
1787671176,489.7000,489.7000,489.7000,489.7000
1787671177,489.7500,489.8000,489.7500,489.8000
1787671178,489.8050,489.8050,489.8050,489.8050
1787671185,489.8200,489.8200,489.8200,489.8200
1787671188,489.8900,489.8900,489.8650,489.8650
1787671190,489.8700,489.8700,489.8500,489.8600
1787671193,489.8600,489.8600,489.8600,489.8600
1787671195,489.8900,489.8900,489.8900,489.8900
1787671199,489.9200,489.9200,489.9200,489.9200
1787671204,489.9700,490.0000,489.9700,489.9900
1787671206,490.0700,490.1100,490.0700,490.1100
1787671208,490.1400,490.2500,490.1400,490.2500
1787671209,490.2400,490.2400,490.2100,490.2100
1787671210,490.1800,490.1800,490.1700,490.1700
1787671211,490.1900,490.1900,490.1900,490.1900
1787671212,490.2600,490.2600,490.2600,490.2600
1787671213,490.2700,490.2700,490.2700,490.2700
1787671215,490.2700,490.3500,490.2700,490.2700
1787671216,490.3250,490.3250,490.2500,490.2500
1787671217,490.2700,490.2700,490.2700,490.2700
1787671219,490.3400,490.3400,490.3400,490.3400
1787671222,490.3400,490.3400,490.3400,490.3400
1787671226,490.2700,490.2700,490.2700,490.2700
1787671227,490.2300,490.2300,490.1500,490.1600
1787671229,490.2050,490.2050,490.2050,490.2050
1787671239,490.1800,490.1800,490.0600,490.0600
1787671240,490.0200,490.0200,490.0000,490.0000
1787671242,489.9900,489.9900,489.9900,489.9900
1787671243,489.9900,489.9900,489.9900,489.9900
1787671244,489.9650,490.0100,489.9650,490.0100
1787671245,489.9400,489.9400,489.9300,489.9300
1787671251,489.9800,489.9800,489.9500,489.9500
1787671253,489.9900,489.9900,489.9900,489.9900
1787671257,489.9600,489.9600,489.9600,489.9600
1787671258,489.9500,489.9500,489.9200,489.9200
1787671259,489.9100,489.9100,489.9000,489.9000
1787671262,489.9400,489.9400,489.9400,489.9400
1787671263,489.9900,490.0000,489.9900,489.9900
1787671264,489.9900,489.9900,489.9500,489.9500
1787671266,489.9000,489.9000,489.9000,489.9000
1787671267,489.9200,489.9200,489.9100,489.9100
1787671271,489.9900,490.0000,489.9900,490.0000
1787671274,490.0300,490.0400,490.0300,490.0400
1787671278,490.1100,490.1100,490.1100,490.1100
1787671281,490.1400,490.1400,490.1400,490.1400
1787671282,490.2000,490.2000,490.2000,490.2000
1787671285,490.0900,490.0900,490.0900,490.0900
1787671286,490.0900,490.0900,490.0900,490.0900
1787671290,490.1300,490.1300,490.1300,490.1300
1787671292,490.1400,490.1400,490.1400,490.1400
1787671299,490.0600,490.0600,490.0400,490.0400
1787671304,489.9750,489.9750,489.9500,489.9500
1787671309,489.9700,489.9700,489.9700,489.9700
1787671310,489.9650,489.9650,489.9650,489.9650
1787671313,489.9400,489.9400,489.9300,489.9300
1787671314,489.9300,490.0000,489.9300,490.0000
1787671319,490.0200,490.0200,490.0200,490.0200
1787671320,490.0400,490.0400,490.0100,490.0100
1787671321,490.0050,490.0050,490.0050,490.0050
1787671322,489.9800,489.9800,489.9300,489.9600
1787671327,489.9450,489.9450,489.7600,489.7800
1787671331,489.7800,489.7800,489.7800,489.7800
1787671332,489.7800,489.7900,489.7400,489.7400
1787671337,489.7400,489.7400,489.7400,489.7400
1787671342,489.7000,489.7000,489.7000,489.7000
1787671343,489.7400,489.7400,489.7400,489.7400
1787671344,489.7300,489.7300,489.7300,489.7300
1787671346,489.7100,489.7100,489.6800,489.6800
1787671348,489.6600,489.6600,489.6500,489.6500
1787671349,489.6500,489.6500,489.6300,489.6300
1787671350,489.6100,489.6100,489.6000,489.6000
1787671354,489.5200,489.5200,489.5000,489.5000
1787671355,489.4800,489.4800,489.4800,489.4800
1787671359,489.5400,489.5400,489.5400,489.5400
1787671365,489.5100,489.5100,489.5100,489.5100
1787671367,489.5000,489.5000,489.5000,489.5000
1787671370,489.4800,489.4800,489.4500,489.4500
1787671372,489.4200,489.4200,489.4100,489.4100
1787671374,489.4000,489.4000,489.4000,489.4000
1787671376,489.4150,489.4150,489.4150,489.4150
1787671384,489.4250,489.4600,489.4100,489.4600
1787671385,489.4450,489.4450,489.3100,489.3100
1787671387,489.2800,489.2800,489.2300,489.2300
1787671388,489.2700,489.2900,489.2700,489.2900
1787671394,489.3100,489.3200,489.3100,489.3200
1787671398,489.2800,489.2800,489.2700,489.2700
1787671399,489.2300,489.2300,489.2200,489.2200
1787671400,489.2100,489.2300,489.2000,489.2300
1787671401,489.2100,489.2100,489.2100,489.2100
1787671402,489.1800,489.1800,489.1700,489.1700
1787671405,489.1600,489.1600,489.1100,489.1100
1787671407,489.0800,489.0800,489.0300,489.0300
1787671408,489.0200,489.0200,489.0000,489.0000
1787671412,488.9100,488.9100,488.9100,488.9100
1787671414,488.9100,488.9100,488.9100,488.9100
1787671416,488.9100,488.9100,488.9000,488.9000
1787671418,488.9800,488.9900,488.9800,488.9900
1787671421,489.0200,489.0750,489.0200,489.0750
1787671426,489.0200,489.0200,488.9800,488.9800
1787671427,488.9800,488.9800,488.9800,488.9800
1787671430,489.0200,489.0300,489.0200,489.0300
1787671432,489.0600,489.0600,489.0600,489.0600
1787671433,489.0450,489.0450,489.0450,489.0450
1787671439,489.0700,489.0700,489.0700,489.0700
1787671446,489.1200,489.1400,489.1200,489.1400
1787671450,489.1200,489.4800,489.1100,489.4800
1787671451,489.5450,489.5450,489.5450,489.5450
1787671457,489.4900,489.4900,489.4100,489.4100
1787671461,489.3100,489.3100,489.3100,489.3100
1787671463,489.2600,489.2600,489.2600,489.2600
1787671465,489.3100,489.3100,489.3100,489.3100
1787671470,489.3100,489.3100,489.3100,489.3100
1787671477,489.3200,489.3200,489.3200,489.3200
1787671480,489.3200,489.3200,489.2500,489.3000
1787671481,489.3200,489.3200,489.3200,489.3200
1787671482,489.3500,489.3500,489.3400,489.3400
1787671483,489.3600,489.3600,489.3600,489.3600
1787671484,489.2700,489.2700,489.1400,489.1400
1787671492,489.1700,489.1700,489.0000,489.0000
1787671496,488.9800,488.9800,488.9800,488.9800
1787671499,489.0200,489.0200,489.0200,489.0200
1787671506,489.0600,489.0700,489.0600,489.0700
1787671508,489.0500,489.0500,489.0500,489.0500
1787671509,489.0400,489.1800,489.0400,489.1800
1787671510,489.1500,489.1500,489.1400,489.1400
1787671514,489.1650,489.1650,489.1650,489.1650
1787671516,489.1650,489.1650,489.1650,489.1650
1787671520,489.1600,489.1600,489.1500,489.1500
1787671525,489.2000,489.2000,489.2000,489.2000
1787671527,489.2100,489.2400,489.2100,489.2400
1787671532,489.2500,489.2700,489.2100,489.2100
1787671533,489.2300,489.2600,489.2000,489.2600
1787671537,489.1700,489.1900,489.1600,489.1600
1787671539,489.1600,489.2300,489.1600,489.2100
1787671541,489.1800,489.1800,489.1400,489.1400
1787671546,489.1400,489.1400,489.1100,489.1100
1787671552,489.0600,489.0600,489.0600,489.0600
1787671555,489.0700,489.0700,489.0700,489.0700
1787671560,489.0900,489.0900,489.0900,489.0900
1787671561,489.1100,489.1200,489.1100,489.1200
1787671562,489.1300,489.1300,489.1300,489.1300
1787671572,489.1800,489.1900,489.1800,489.1900
1787671573,489.1100,489.1100,489.0600,489.0600
1787671580,489.0700,489.0700,489.0000,489.0000
1787671582,488.9600,488.9600,488.9600,488.9600
1787671583,489.0000,489.0000,489.0000,489.0000
1787671584,488.9300,488.9300,488.8800,488.8800
1787671586,488.8800,488.8800,488.8800,488.8800
1787671593,488.9200,488.9200,488.9200,488.9200
1787671594,488.9200,488.9200,488.9200,488.9200
1787671595,488.9150,488.9200,488.9150,488.9200
1787671598,488.9200,488.9200,488.9200,488.9200
1787671602,488.9200,488.9800,488.8400,488.8400
1787671607,488.8750,488.8750,488.8750,488.8750
1787671609,488.8650,488.8650,488.8650,488.8650
1787671610,488.9100,488.9100,488.9100,488.9100
1787671612,488.9150,488.9150,488.9150,488.9150
1787671613,488.8950,488.8950,488.8950,488.8950
1787671618,488.8950,488.8950,488.8600,488.8600
1787671621,488.8200,488.8200,488.8100,488.8100
1787671622,488.8000,488.8000,488.6800,488.6800
1787671623,488.6950,488.6950,488.6950,488.6950
1787671627,488.7100,488.7500,488.7100,488.7500
1787671628,488.7500,488.7500,488.7500,488.7500
1787671631,488.7800,488.7800,488.7800,488.7800
1787671636,488.7800,488.8400,488.7650,488.8400
1787671639,488.8800,488.8900,488.8800,488.8900
1787671640,488.8900,488.9000,488.8900,488.9000
1787671643,488.9600,488.9600,488.9600,488.9600
1787671656,488.9300,488.9300,488.9300,488.9300
1787671657,488.9200,488.9200,488.9100,488.9100
1787671663,488.9500,488.9500,488.9500,488.9500
1787671664,488.9500,488.9600,488.9300,488.9300
1787671666,488.9500,488.9500,488.9500,488.9500
1787671668,488.9600,488.9600,488.9600,488.9600
1787671670,488.9700,488.9700,488.9700,488.9700
1787671678,489.0000,489.0500,489.0000,489.0300
1787671680,489.1000,489.1000,489.1000,489.1000
1787671681,489.0800,489.0800,489.0700,489.0700
1787671682,489.0600,489.0600,489.0600,489.0600
1787671687,489.0500,489.1200,489.0000,489.1200
1787671688,489.1300,489.1300,489.1300,489.1300
1787671692,489.0800,489.0800,489.0800,489.0800
1787671695,489.1000,489.1000,489.1000,489.1000
1787671698,489.1000,489.1000,489.1000,489.1000
1787671700,489.1200,489.1200,489.1200,489.1200
1787671701,489.1400,489.1500,489.1400,489.1500
1787671703,489.1600,489.1600,489.1600,489.1600
1787671706,489.2000,489.2000,489.2000,489.2000
1787671714,489.2200,489.2300,489.2200,489.2300
1787671724,489.2900,489.3100,489.2900,489.3100
1787671732,489.3250,489.3250,489.3250,489.3250
1787671733,489.3250,489.3250,489.3250,489.3250
1787671734,489.3250,489.3250,489.2900,489.2900
1787671735,489.3100,489.3100,489.3100,489.3100
1787671740,489.2700,489.2700,489.2400,489.2400
1787671750,489.2100,489.2100,489.2100,489.2100
1787671753,489.1800,489.2100,489.1800,489.2100
1787671759,489.2100,489.2700,489.2100,489.2700
1787671761,489.2950,489.2950,489.2950,489.2950
1787671763,489.3150,489.3150,489.3150,489.3150
1787671766,489.3500,489.3500,489.3000,489.3000
1787671767,489.2800,489.2800,489.2800,489.2800
1787671768,489.2700,489.2700,489.2400,489.2400
1787671777,489.3200,489.3500,489.3050,489.3050
1787671780,489.2800,489.2800,489.2800,489.2800
1787671782,489.3100,489.3200,489.3100,489.3200
1787671783,489.3300,489.3400,489.3000,489.3400
1787671784,489.3600,489.3600,489.3600,489.3600
1787671786,489.3100,489.3100,489.3100,489.3100
1787671789,489.3600,489.3800,489.3600,489.3800
1787671795,489.3700,489.4500,489.3700,489.4500
1787671797,489.4250,489.4250,489.4100,489.4100
1787671799,489.3900,489.3900,489.3900,489.3900
1787671805,489.4300,489.4400,489.3700,489.3700
1787671808,489.3500,489.3500,489.3300,489.3300
1787671809,489.3500,489.3500,489.3100,489.3100
1787671813,489.3350,489.3350,489.3350,489.3350
1787671816,489.3500,489.3500,489.3500,489.3500
1787671817,489.3600,489.3600,489.3500,489.3500
1787671818,489.3700,489.3700,489.3700,489.3700
1787671819,489.3800,489.3900,489.3800,489.3900
1787671824,489.3800,489.3900,489.3800,489.3900
1787671826,489.3900,489.3900,489.3500,489.3900
1787671829,489.3500,489.3500,489.3200,489.3500
1787671830,489.4100,489.4100,489.3900,489.3900
1787671834,489.3600,489.3600,489.3600,489.3600
1787671838,489.4200,489.4300,489.4200,489.4300
1787671840,489.4300,489.5000,489.4300,489.4350
1787671842,489.4350,489.4350,489.3900,489.3900
1787671844,489.3700,489.3700,489.3700,489.3700
1787671850,489.3600,489.3700,489.3600,489.3700
1787671856,489.3300,489.3300,489.2800,489.2800
1787671857,489.2500,489.2500,489.2500,489.2500
1787671861,489.2500,489.2500,489.2400,489.2400
1787671865,489.2300,489.2300,489.1900,489.2050
1787671868,489.1850,489.1850,489.1850,489.1850
1787671869,489.1700,489.1700,489.1700,489.1700
1787671872,489.1500,489.1500,489.1500,489.1500
1787671874,489.1800,489.1900,489.1800,489.1900
1787671877,489.1600,489.1600,489.1500,489.1500
1787671883,489.1100,489.1100,489.1100,489.1100
1787671885,489.0600,489.0600,489.0600,489.0600
1787671891,489.1100,489.1100,489.1100,489.1100
1787671894,489.1700,489.2100,489.1700,489.2100
1787671902,489.2100,489.2100,489.2100,489.2100
1787671903,489.2200,489.2300,489.2200,489.2300
1787671904,489.2300,489.2500,489.2300,489.2500
1787671914,489.2100,489.2100,489.2100,489.2100
1787671915,489.1800,489.1800,489.1500,489.1500
1787671920,489.1400,489.1600,489.1300,489.1600
1787671924,489.1550,489.1550,489.1550,489.1550
1787671926,489.1800,489.1800,489.1800,489.1800
1787671927,489.1550,489.1550,489.1300,489.1300
1787671928,489.1800,489.2400,489.1800,489.2400
1787671933,489.1800,489.1800,489.1800,489.1800
1787671935,489.1500,489.1500,489.1200,489.1200
1787671940,489.0700,489.0700,489.0600,489.0600
1787671946,489.0400,489.0500,489.0000,489.0500
1787671952,489.0750,489.0750,489.0750,489.0750
1787671954,489.1100,489.1200,489.1100,489.1200
1787671955,489.1100,489.1200,489.1100,489.1200
1787671958,489.0500,489.0500,489.0200,489.0200
1787671967,489.0650,489.0650,489.0650,489.0650
1787671968,489.0300,489.0300,489.0300,489.0300
1787671970,489.0550,489.1000,489.0550,489.1000
1787671971,489.0200,489.0200,489.0200,489.0200
1787671972,489.0100,489.0100,489.0100,489.0100
1787671976,489.0000,489.0000,488.9900,489.0000
1787671978,488.9600,488.9600,488.9600,488.9600
1787671983,488.9000,488.9150,488.9000,488.9150
1787671985,488.8300,488.8300,488.8300,488.8300
1787671986,488.8200,488.8200,488.7900,488.7900
1787671987,488.7900,488.8200,488.7900,488.8200
1787671990,488.8300,488.8300,488.8300,488.8300
1787671996,488.7600,488.7700,488.7500,488.7700
1787671997,488.7300,488.7900,488.7300,488.7900
1787672000,488.7700,488.7700,488.7700,488.7700
1787672001,488.7900,488.7900,488.7900,488.7900
1787672002,488.7500,488.7500,488.7500,488.7500
1787672004,488.7700,488.7700,488.7700,488.7700
1787672005,488.7800,488.8100,488.7800,488.8100
1787672007,488.8100,488.8200,488.8000,488.8000
1787672010,488.8000,488.8300,488.8000,488.8300
1787672011,488.8300,488.8300,488.8300,488.8300
1787672012,488.8200,488.8200,488.8200,488.8200
1787672013,488.8100,488.8500,488.8100,488.8500
1787672019,488.8400,488.8400,488.8400,488.8400
1787672021,488.8200,488.8200,488.8200,488.8200
1787672022,488.8700,488.8700,488.8700,488.8700
1787672023,488.8500,488.8500,488.8500,488.8500
1787672025,488.8500,488.8500,488.8400,488.8400
1787672029,488.8600,488.9400,488.8600,488.9400
1787672031,489.0000,489.1200,489.0000,489.1000
1787672032,489.1050,489.2500,489.1000,489.1600
1787672033,489.0800,489.1700,489.0500,489.1700
1787672035,489.1100,489.1500,489.1100,489.1500
1787672037,489.1800,489.1900,489.1800,489.1900
1787672040,489.1600,489.1600,489.1600,489.1600
1787672043,489.0700,489.0700,489.0600,489.0600
1787672045,489.0500,489.0500,489.0500,489.0500
1787672046,489.0500,489.0500,489.0500,489.0500
1787672049,489.0200,489.0200,489.0200,489.0200
1787672053,489.0200,489.0200,489.0200,489.0200
1787672054,489.0200,489.0200,489.0200,489.0200
1787672055,488.9800,488.9800,488.9800,488.9800
1787672057,488.9800,488.9800,488.9800,488.9800
1787672060,488.9700,488.9700,488.9700,488.9700
1787672061,488.9200,488.9200,488.9100,488.9100
1787672067,488.8700,488.8700,488.8300,488.8300
1787672068,488.8100,488.8100,488.8100,488.8100
1787672071,488.8000,488.8000,488.8000,488.8000
1787672072,488.8000,488.8000,488.8000,488.8000
1787672073,488.8100,488.8100,488.8100,488.8100
1787672075,488.8100,488.8100,488.8000,488.8000
1787672076,488.8000,488.8300,488.8000,488.8300
1787672078,488.8300,488.8300,488.8300,488.8300
1787672079,488.8200,488.8200,488.8200,488.8200
1787672080,488.8300,488.8300,488.8300,488.8300
1787672081,488.8500,488.8800,488.8500,488.8800
1787672082,488.8200,488.8200,488.8200,488.8200
1787672086,488.7600,488.7600,488.7200,488.7200
1787672088,488.7200,488.7200,488.7200,488.7200
1787672093,488.7000,488.7000,488.7000,488.7000
1787672094,488.6850,488.7000,488.6500,488.7000
1787672096,488.7000,488.7000,488.7000,488.7000
1787672097,488.7000,488.7200,488.7000,488.7200
1787672102,488.7300,488.7400,488.7300,488.7400
1787672105,488.7600,488.7600,488.7600,488.7600
1787672112,488.7600,488.7700,488.7600,488.7700
1787672113,488.7900,488.7900,488.7900,488.7900
1787672118,488.7800,488.8050,488.7800,488.8050
1787672120,488.8200,489.5200,488.8200,489.3600
1787672121,489.3000,489.3400,489.0100,489.0700
1787672122,489.0900,489.1100,488.9600,488.9600
1787672123,488.9000,488.9700,488.8600,488.8600
1787672124,488.8800,488.8900,488.8700,488.8900
1787672125,488.8500,488.8500,488.7900,488.7900
1787672126,488.8000,488.8000,488.8000,488.8000
1787672127,488.8100,488.8100,488.7700,488.7900
1787672128,488.8300,488.8300,488.8300,488.8300
1787672129,488.7200,488.7300,488.6700,488.7250
1787672132,488.7900,488.7900,488.7900,488.7900
1787672134,488.8100,488.8800,488.5500,488.7000
1787672135,488.7500,488.7500,488.6900,488.6900
1787672137,488.6900,488.6900,488.6900,488.6900
1787672139,488.6850,488.6850,488.6850,488.6850
1787672140,488.6850,488.7800,488.6850,488.7800
1787672141,488.7100,488.7100,488.7100,488.7100
1787672147,488.8400,488.8600,488.8400,488.8600
1787672152,488.8400,488.8800,488.8400,488.8800
1787672158,489.0100,489.0200,488.9800,488.9800
1787672163,488.9850,488.9850,488.9850,488.9850
1787672164,489.0200,489.0200,489.0200,489.0200
1787672165,488.9600,488.9600,488.9500,488.9500
1787672168,488.9850,488.9850,488.9850,488.9850
1787672170,488.9700,488.9700,488.9700,488.9700
1787672171,489.0200,489.0200,488.9700,488.9700
1787672173,488.9700,489.0200,488.9400,488.9400
1787672174,489.0000,489.0000,489.0000,489.0000
1787672175,488.9300,488.9300,488.9300,488.9300
1787672176,488.9200,488.9700,488.9200,488.9700
1787672177,488.9700,488.9700,488.9700,488.9700
1787672179,488.9750,488.9750,488.9750,488.9750
1787672181,488.9750,488.9750,488.9750,488.9750
1787672182,488.9750,488.9750,488.9750,488.9750
1787672183,488.9300,488.9300,488.8600,488.9100
1787672187,488.9100,488.9100,488.9100,488.9100
1787672189,488.8600,488.8600,488.8600,488.8600
1787672191,488.8600,488.8600,488.8300,488.8300
1787672192,488.8450,488.8450,488.8450,488.8450
1787672196,488.8200,488.8200,488.8200,488.8200
1787672197,488.8200,488.8200,488.8200,488.8200
1787672198,488.8200,488.8200,488.8200,488.8200
1787672199,488.8200,488.8200,488.8200,488.8200
1787672201,488.8500,488.8700,488.8500,488.8700
1787672202,488.8550,488.8550,488.8550,488.8550
1787672203,488.8200,488.8200,488.8200,488.8200
1787672205,488.7900,488.7900,488.7700,488.7700
1787672207,488.7900,488.7900,488.7900,488.7900
1787672210,488.7900,488.7900,488.7900,488.7900
1787672211,488.7400,488.7400,488.7300,488.7300
1787672217,488.6400,488.6400,488.6400,488.6400
1787672237,488.6000,488.6800,488.6000,488.6700
1787672239,488.6750,488.6750,488.6750,488.6750
1787672241,488.6900,488.7000,488.6900,488.7000
1787672243,488.7000,488.7000,488.7000,488.7000
1787672244,488.7100,488.7100,488.7100,488.7100
1787672245,488.7050,488.7050,488.6800,488.6900
1787672246,488.7400,488.7700,488.7400,488.7700
1787672247,488.7900,488.7900,488.7900,488.7900
1787672252,488.7800,488.7800,488.7800,488.7800
1787672257,488.8000,488.8400,488.8000,488.8400
1787672258,488.8700,488.8700,488.8700,488.8700
1787672261,488.9000,488.9000,488.9000,488.9000
1787672266,488.8800,488.8800,488.8700,488.8700
1787672267,488.8600,488.8600,488.8000,488.8000
1787672269,488.7200,488.7200,488.7200,488.7200
1787672275,488.7100,488.7100,488.7100,488.7100
1787672283,488.6900,488.6900,488.6000,488.6050
1787672287,488.5700,488.5700,488.5700,488.5700
1787672299,488.5500,488.5500,488.4600,488.4600
1787672303,488.4950,488.5700,488.4950,488.5700
1787672304,488.5900,488.5900,488.5900,488.5900
1787672309,488.6100,488.6200,488.6100,488.6100
1787672314,488.6200,488.6200,488.6100,488.6100
1787672316,488.5700,488.5700,488.5700,488.5700
1787672322,488.6150,488.6400,488.5900,488.5900
1787672323,488.6300,488.6400,488.6300,488.6400
1787672324,488.6600,488.6900,488.6600,488.6900
1787672325,488.6400,488.6400,488.6400,488.6400
1787672329,488.6700,488.6700,488.6700,488.6700
1787672332,488.7100,488.7700,488.7100,488.7700
1787672336,488.7900,488.8600,488.7900,488.8600
1787672337,488.8300,488.8300,488.8300,488.8300
1787672338,488.8900,488.9000,488.8900,488.9000
1787672342,488.9200,489.0000,488.9200,489.0000
1787672350,489.0700,489.1100,489.0700,489.1100
1787672352,489.1500,489.1500,489.1000,489.1000
1787672356,489.2000,489.2000,489.2000,489.2000
1787672358,489.2300,489.2300,489.2300,489.2300
1787672362,489.2300,489.2600,489.2300,489.2600
1787672364,489.2200,489.2200,489.2200,489.2200
1787672365,489.2200,489.2200,489.2200,489.2200
1787672369,489.2050,489.2050,489.2050,489.2050
1787672371,489.1700,489.1700,489.0900,489.0900
1787672373,489.0400,489.0400,489.0400,489.0400
1787672375,489.0250,489.0250,489.0100,489.0200
1787672391,489.0500,489.0500,489.0500,489.0500
1787672395,488.9900,488.9900,488.9900,488.9900
1787672396,488.9500,488.9500,488.9300,488.9300
1787672397,488.8900,488.8900,488.8900,488.8900
1787672401,488.8400,488.8400,488.8200,488.8200
1787672402,488.8100,488.8100,488.7500,488.8000
1787672412,488.8700,488.8900,488.8500,488.8500
1787672414,488.8500,488.8500,488.8400,488.8400
1787672420,488.8700,488.8900,488.8600,488.8600
1787672422,488.8800,488.8800,488.8700,488.8700
1787672425,488.8300,488.8300,488.8300,488.8300
1787672429,488.8600,488.8600,488.8600,488.8600
1787672431,488.9100,488.9300,488.9100,488.9300
1787672433,488.8800,488.8800,488.8800,488.8800
1787672434,488.9400,488.9400,488.9400,488.9400
1787672438,488.9350,488.9350,488.9350,488.9350
1787672440,488.9500,488.9500,488.9500,488.9500
1787672442,488.9700,489.0000,488.9700,489.0000
1787672443,489.0200,489.0500,488.9800,489.0300
1787672451,489.0000,489.0200,489.0000,489.0200
1787672452,489.0300,489.0500,489.0300,489.0500
1787672456,489.0200,489.0200,489.0200,489.0200
1787672467,488.9800,488.9800,488.9100,488.9450
1787672468,488.9700,489.0000,488.9700,489.0000
1787672469,489.0000,489.0000,489.0000,489.0000
1787672470,489.0000,489.0000,489.0000,489.0000
1787672473,488.9800,488.9800,488.9300,488.9300
1787672475,488.8700,488.8700,488.8700,488.8700
1787672476,488.8600,488.8600,488.8600,488.8600
1787672478,488.9000,488.9000,488.9000,488.9000
1787672485,488.8100,488.8100,488.8100,488.8100
1787672490,488.8400,488.8700,488.8400,488.8700
1787672491,488.8700,488.8700,488.8700,488.8700
1787672501,488.9000,488.9100,488.9000,488.9100
1787672502,488.8800,488.8800,488.8800,488.8800
1787672503,488.8850,488.8850,488.8850,488.8850
1787672506,488.8600,488.8600,488.8600,488.8600
1787672508,488.8500,488.8500,488.8500,488.8500
1787672520,488.8700,488.8700,488.8700,488.8700
1787672524,488.8000,488.8300,488.8000,488.8300
1787672527,488.8300,488.8350,488.8300,488.8350
1787672530,488.8400,488.9200,488.8400,488.9200
1787672546,488.9350,488.9400,488.9350,488.9400
1787672547,488.9600,488.9700,488.9500,488.9700
1787672555,488.9900,488.9900,488.9900,488.9900
1787672558,488.9400,488.9400,488.9300,488.9300
1787672560,488.9300,488.9550,488.9300,488.9550
1787672564,488.9250,488.9300,488.9250,488.9250
1787672565,488.9600,488.9600,488.9600,488.9600
1787672568,488.9000,488.9000,488.9000,488.9000
1787672574,488.9900,489.0000,488.9900,489.0000
1787672575,489.0150,489.0150,489.0150,489.0150
1787672586,489.0100,489.0100,489.0100,489.0100
1787672587,489.0400,489.0500,489.0400,489.0500
1787672589,489.0100,489.0100,489.0100,489.0100
1787672590,489.0100,489.0100,488.9900,488.9900
1787672594,489.0100,489.0350,489.0100,489.0350
1787672595,489.0800,489.0800,489.0800,489.0800
1787672597,489.1000,489.1200,489.1000,489.1200
1787672600,489.1400,489.1500,489.1400,489.1500
1787672604,489.1900,489.1900,489.1300,489.1300
1787672614,489.1500,489.1500,489.1500,489.1500
1787672615,489.1700,489.1700,489.1700,489.1700
1787672616,489.1200,489.1200,489.1100,489.1100
1787672619,489.1600,489.1600,489.1600,489.1600
1787672626,489.2000,489.2000,489.2000,489.2000
1787672627,489.2400,489.2400,489.2400,489.2400
1787672631,489.2300,489.2300,489.2300,489.2300
1787672642,489.2900,489.3600,489.2900,489.3600
1787672646,489.3300,489.3300,489.3300,489.3300
1787672647,489.3400,489.3600,489.3400,489.3600
1787672649,489.3600,489.4600,489.3600,489.4600
1787672653,489.5000,489.5100,489.5000,489.5100
1787672661,489.5350,489.5350,489.5350,489.5350
1787672666,489.5500,489.5500,489.5500,489.5500
1787672667,489.5700,489.5700,489.5700,489.5700
1787672669,489.5800,489.6500,489.5800,489.6500
1787672675,489.6800,489.6800,489.6800,489.6800
1787672678,489.7000,489.7000,489.7000,489.7000
1787672680,489.7000,489.7000,489.6800,489.6800
1787672681,489.6400,489.6400,489.6400,489.6400
1787672683,489.6400,489.6400,489.6400,489.6400
1787672687,489.6300,489.6700,489.6100,489.6700
1787672697,489.6400,489.6400,489.6400,489.6400
1787672700,489.6200,489.6200,489.5800,489.5800
1787672703,489.5900,489.5900,489.5900,489.5900
1787672704,489.5400,489.5400,489.5400,489.5400
1787672706,489.5250,489.5250,489.5250,489.5250
1787672709,489.5200,489.5200,489.5000,489.5100
1787672710,489.4900,489.4900,489.4900,489.4900
1787672711,489.5300,489.5500,489.5300,489.5500
1787672718,489.5500,489.5600,489.5500,489.5500
1787672728,489.5350,489.5350,489.4900,489.4900
1787672729,489.5000,489.5000,489.5000,489.5000
1787672730,489.4900,489.5100,489.4800,489.5100
1787672733,489.5100,489.5400,489.5100,489.5400
1787672734,489.5600,489.5700,489.5600,489.5700
1787672735,489.5700,489.5700,489.5600,489.5700
1787672736,489.5300,489.5500,489.5200,489.5500
1787672739,489.5300,489.5300,489.4900,489.4900
1787672741,489.5200,489.5200,489.5200,489.5200
1787672743,489.4800,489.4800,489.4700,489.4800
1787672745,489.4700,489.4700,489.4700,489.4700
1787672746,489.4700,489.4700,489.4400,489.4400
1787672747,489.4600,489.4600,489.4500,489.4500
1787672749,489.5100,489.5100,489.5100,489.5100
1787672751,489.5150,489.5150,489.5150,489.5150
1787672752,489.4850,489.4900,489.4850,489.4900
1787672755,489.4800,489.5200,489.4700,489.5200
1787672757,489.5200,489.5500,489.5200,489.5500
1787672762,489.5500,489.5700,489.5500,489.5600
1787672767,489.5300,489.5300,489.5300,489.5300
1787672768,489.5300,489.5300,489.5300,489.5300
1787672773,489.5500,489.5500,489.5200,489.5200
1787672774,489.4850,489.4850,489.4850,489.4850
1787672775,489.5200,489.5200,489.5200,489.5200
1787672778,489.4700,489.4700,489.4600,489.4600
1787672779,489.4900,489.4900,489.4900,489.4900
1787672780,489.4500,489.4500,489.4400,489.4400
1787672781,489.4200,489.4200,489.4100,489.4100
1787672784,489.4200,489.4200,489.4100,489.4100
1787672786,489.4500,489.4500,489.4500,489.4500
1787672796,489.4200,489.4200,489.4000,489.4000
1787672797,489.4000,489.4000,489.3800,489.3800
1787672802,489.3800,489.4000,489.3500,489.3600
1787672803,489.3900,489.3900,489.3900,489.3900
1787672808,489.3800,489.3800,489.3800,489.3800
1787672810,489.3900,489.4300,489.3900,489.4300
1787672823,489.3500,489.3500,489.3500,489.3500
1787672824,489.3500,489.3500,489.3500,489.3500
1787672825,489.3600,489.3600,489.3500,489.3500
1787672826,489.3600,489.3800,489.3600,489.3800
1787672830,489.3700,489.4300,489.3700,489.4300
1787672832,489.4200,489.4200,489.4000,489.4000
1787672836,489.3600,489.3600,489.3600,489.3600
1787672838,489.2500,489.2500,489.2500,489.2500
1787672849,489.2850,489.2850,489.2850,489.2850
1787672850,489.2500,489.2500,489.2500,489.2500
1787672852,489.2500,489.2500,489.2500,489.2500
1787672854,489.1900,489.1900,489.1700,489.1700
1787672856,489.1550,489.1550,489.1550,489.1550
1787672857,489.1500,489.1550,489.1500,489.1550
1787672866,489.1450,489.1450,489.1400,489.1400
1787672868,489.1000,489.1000,489.1000,489.1000
1787672875,489.0800,489.0800,489.0800,489.0800
1787672878,489.0800,489.0800,489.0800,489.0800
1787672882,489.0500,489.0500,489.0500,489.0500
1787672884,489.0000,489.0200,489.0000,489.0200
1787672886,489.0600,489.0600,489.0600,489.0600
1787672889,489.0200,489.0200,488.8900,488.8900
1787672898,488.8400,488.8400,488.8400,488.8400
1787672901,488.7900,488.7900,488.7550,488.7550
1787672903,488.8000,488.8000,488.8000,488.8000
1787672906,488.8900,488.9300,488.8700,488.8700
1787672909,488.9100,488.9300,488.9100,488.9300
1787672910,488.9400,488.9400,488.9400,488.9400
1787672911,488.9500,488.9500,488.9500,488.9500
1787672912,488.9500,488.9500,488.9500,488.9500
1787672915,488.9600,488.9700,488.9600,488.9700
1787672916,488.9600,488.9600,488.9600,488.9600
1787672920,488.9350,488.9350,488.9350,488.9350
1787672921,488.9500,488.9700,488.9500,488.9700
1787672927,488.9500,488.9600,488.9500,488.9600
1787672928,488.9700,488.9700,488.9600,488.9600
1787672929,488.9600,488.9600,488.9400,488.9400
1787672933,488.9400,488.9800,488.9100,488.9100
1787672934,488.9000,489.0000,488.8900,489.0000
1787672935,488.9500,488.9500,488.9500,488.9500
1787672941,488.9400,488.9400,488.8900,488.8900
1787672948,488.9300,488.9300,488.9200,488.9200
1787672955,488.9000,488.9300,488.8800,488.9300
1787672956,488.8700,488.8700,488.8700,488.8700
1787672961,488.8500,488.8500,488.8500,488.8500
1787672967,488.8100,488.8100,488.8100,488.8100
1787672970,488.7700,488.7700,488.7700,488.7700
1787672975,488.7600,488.7700,488.7600,488.7600
1787672977,488.7600,488.7600,488.7500,488.7600
1787672978,488.7500,488.7500,488.7100,488.7100
1787672980,488.6900,488.6900,488.6700,488.6850
1787672981,488.7200,488.7400,488.6800,488.7400
1787672985,488.7700,488.7700,488.7700,488.7700
1787672990,488.8100,488.8100,488.8100,488.8100
1787672992,488.8200,488.8300,488.7700,488.7700
1787673005,488.8000,488.8800,488.8000,488.8800
1787673007,488.9200,488.9200,488.9200,488.9200
1787673008,488.9200,488.9200,488.9000,488.9000
1787673010,488.9200,488.9200,488.9200,488.9200
1787673011,488.9500,488.9500,488.9500,488.9500
1787673016,488.9300,488.9300,488.9300,488.9300
1787673019,488.9700,488.9700,488.9400,488.9600
1787673020,488.9400,488.9400,488.9400,488.9400
1787673024,489.0000,489.0000,489.0000,489.0000
1787673025,489.0300,489.0300,489.0300,489.0300
1787673026,489.0800,489.1300,489.0800,489.1300
1787673028,489.0800,489.0800,489.0800,489.0800
1787673029,489.0800,489.0900,489.0800,489.0900
1787673031,489.0900,489.0900,489.0900,489.0900
1787673033,489.0900,489.0900,489.0900,489.0900
1787673034,489.1000,489.1000,489.0800,489.0800
1787673039,489.2100,489.2100,489.2100,489.2100
1787673045,489.2250,489.2250,489.2250,489.2250
1787673048,489.2700,489.2700,489.2700,489.2700
1787673049,489.1900,489.1900,489.1500,489.1500
1787673053,489.2000,489.2000,489.2000,489.2000
1787673055,489.1700,489.1700,489.1700,489.1700
1787673057,489.1500,489.1500,489.1500,489.1500
1787673062,489.1600,489.1600,489.1600,489.1600
1787673066,489.1300,489.1400,489.1300,489.1300
1787673073,489.1700,489.1700,489.1700,489.1700
1787673075,489.1800,489.1800,489.1800,489.1800
1787673077,489.1800,489.1800,489.1800,489.1800
1787673079,489.1900,489.2300,489.1900,489.2300
1787673081,489.2500,489.2500,489.2500,489.2500
1787673086,489.2100,489.2100,489.2100,489.2100
1787673087,489.2000,489.2000,489.2000,489.2000
1787673092,489.2150,489.2150,489.1700,489.1700
1787673095,489.2000,489.2000,489.2000,489.2000
1787673096,489.2100,489.2100,489.2100,489.2100
1787673104,489.1900,489.1900,489.1850,489.1850
1787673108,489.2200,489.2200,489.2200,489.2200
1787673111,489.2200,489.2300,489.2200,489.2300
1787673118,489.2900,489.2900,489.2400,489.2400
1787673120,489.2300,489.2300,489.1900,489.1900
1787673124,489.2400,489.2400,489.2400,489.2400
1787673125,489.2800,489.2900,489.2800,489.2900
1787673127,489.2200,489.2200,489.2200,489.2200
1787673130,489.2000,489.2000,489.2000,489.2000
1787673132,489.2000,489.2000,489.2000,489.2000
1787673135,489.2500,489.2700,489.2500,489.2700
1787673143,489.2900,489.3100,489.2900,489.3100
1787673145,489.3050,489.3050,489.3050,489.3050
1787673148,489.2600,489.2600,489.2500,489.2500
1787673165,489.2900,489.2900,489.2600,489.2600
1787673171,489.2100,489.2100,489.2000,489.2000
1787673173,489.1750,489.1750,489.1750,489.1750
1787673176,489.1500,489.1500,489.1300,489.1300
1787673177,489.1200,489.1200,489.1100,489.1100
1787673178,489.0900,489.1150,489.0900,489.1150
1787673181,489.1600,489.1900,489.1600,489.1900
1787673182,489.1800,489.1800,489.1800,489.1800
1787673190,489.2050,489.2050,489.1700,489.1800
1787673191,489.2100,489.2100,489.2100,489.2100
1787673196,489.2400,489.2400,489.2400,489.2400
1787673202,489.2100,489.2100,489.2100,489.2100
1787673212,489.2500,489.2500,489.2500,489.2500
1787673215,489.2600,489.2600,489.2600,489.2600
1787673216,489.2800,489.3500,489.2800,489.3500
1787673224,489.3900,489.4000,489.3900,489.4000
1787673236,489.4500,489.4700,489.4400,489.4400
1787673237,489.4550,489.4550,489.4550,489.4550
1787673242,489.4700,489.5100,489.4700,489.5100
1787673245,489.5300,489.5700,489.5300,489.5700
1787673246,489.5200,489.5200,489.5200,489.5200
1787673252,489.5100,489.5500,489.5100,489.5400
1787673261,489.5700,489.5700,489.5500,489.5500
1787673266,489.5600,489.5600,489.5600,489.5600
1787673271,489.5900,489.6000,489.5900,489.6000
1787673276,489.6200,489.6200,489.6200,489.6200
1787673279,489.6150,489.6150,489.5800,489.5800
1787673281,489.5500,489.5500,489.5400,489.5400
1787673283,489.5750,489.5750,489.5750,489.5750
1787673288,489.5700,489.5700,489.5700,489.5700
1787673292,489.5800,489.5800,489.5800,489.5800
1787673296,489.5700,489.5700,489.5700,489.5700
1787673297,489.5800,489.5800,489.5800,489.5800
1787673303,489.5850,489.5850,489.5850,489.5850
1787673307,489.5850,489.5850,489.5850,489.5850
1787673311,489.5850,489.5850,489.5850,489.5850
1787673316,489.5600,489.5600,489.5000,489.5000
1787673319,489.5150,489.5150,489.5150,489.5150
1787673320,489.5100,489.5100,489.5100,489.5100
1787673323,489.5100,489.5100,489.5100,489.5100
1787673328,489.4300,489.4300,489.4300,489.4300
1787673337,489.4200,489.4200,489.4200,489.4200
1787673346,489.4050,489.4300,489.4050,489.4300
1787673347,489.4300,489.4300,489.4300,489.4300
1787673353,489.3800,489.3800,489.2200,489.2200
1787673368,489.2000,489.2000,489.2000,489.2000
1787673369,489.2000,489.2000,489.2000,489.2000
1787673375,489.2050,489.2600,489.2050,489.2400
1787673384,489.2400,489.2400,489.2100,489.2100
1787673392,489.2000,489.2000,489.1900,489.1900
1787673398,489.2600,489.2600,489.2600,489.2600
1787673399,489.2200,489.2200,489.2200,489.2200
1787673402,489.2700,489.2900,489.2700,489.2900
1787673403,489.2600,489.2600,489.2600,489.2600
1787673407,489.2500,489.2500,489.2400,489.2400
1787673411,489.2200,489.2200,489.2200,489.2200
1787673415,489.2600,489.2800,489.2600,489.2800
1787673416,489.3000,489.3300,489.3000,489.3300
1787673427,489.3400,489.3400,489.3400,489.3400
1787673433,489.3500,489.3500,489.3500,489.3500
1787673438,489.3350,489.3350,489.3100,489.3100
1787673443,489.2500,489.2500,489.2500,489.2500
1787673444,489.2700,489.2700,489.2700,489.2700
1787673450,489.2800,489.2800,489.2800,489.2800
1787673452,489.2800,489.2800,489.2800,489.2800
1787673455,489.3000,489.3000,489.3000,489.3000
1787673460,489.2500,489.2500,489.2500,489.2500
1787673466,489.2500,489.2700,489.2500,489.2700
1787673467,489.2500,489.2600,489.2500,489.2600
1787673469,489.2000,489.2000,489.1700,489.1700
1787673485,489.1900,489.2000,489.1900,489.2000
1787673486,489.1900,489.1900,489.1900,489.1900
1787673494,489.1900,489.2200,489.1900,489.2200
1787673499,489.2300,489.2300,489.2300,489.2300
1787673500,489.2100,489.2800,489.2100,489.2800
1787673505,489.3000,489.3100,489.2850,489.2850
1787673512,489.2850,489.2850,489.2850,489.2850
1787673513,489.2850,489.2850,489.2850,489.2850
1787673514,489.2500,489.2500,489.2500,489.2500
1787673516,489.2400,489.2900,489.2400,489.2900
1787673517,489.2300,489.2300,489.2300,489.2300
1787673519,489.2750,489.2750,489.2750,489.2750
1787673525,489.3100,489.3100,489.3100,489.3100
1787673528,489.3250,489.3250,489.2900,489.2900
1787673530,489.2900,489.3300,489.2900,489.3300
1787673533,489.2800,489.2800,489.2800,489.2800
1787673534,489.2800,489.2800,489.2800,489.2800
1787673541,489.3100,489.3100,489.3100,489.3100
1787673545,489.2900,489.2900,489.2900,489.2900
1787673547,489.2800,489.2800,489.2800,489.2800
1787673549,489.2900,489.2900,489.2900,489.2900
1787673553,489.3300,489.3300,489.3300,489.3300
1787673554,489.3100,489.3100,489.2900,489.2900
1787673555,489.2300,489.2300,489.2300,489.2300
1787673559,489.2100,489.2100,489.2100,489.2100
1787673566,489.2200,489.2200,489.2200,489.2200
1787673567,489.2100,489.2100,489.1800,489.1800
1787673568,489.1700,489.1700,489.1700,489.1700
1787673577,489.1100,489.1100,489.0800,489.0800
1787673580,489.1500,489.1700,489.1500,489.1500
1787673593,489.1750,489.1750,489.1750,489.1750
1787673599,489.1800,489.1800,489.1800,489.1800
1787673600,489.2200,489.2300,489.2200,489.2300
1787673602,489.2300,489.2300,489.2300,489.2300
1787673606,489.2500,489.2500,489.2500,489.2500
1787673607,489.3100,489.3100,489.3100,489.3100
1787673609,489.3100,489.3100,489.3100,489.3100
1787673611,489.2900,489.3100,489.2700,489.3100
1787673623,489.4300,489.4300,489.4300,489.4300
1787673628,489.3800,489.3800,489.3500,489.3500
1787673634,489.3400,489.3400,489.3400,489.3400
1787673641,489.3500,489.3500,489.3500,489.3500
1787673649,489.3750,489.3750,489.3750,489.3750
1787673659,489.3400,489.3400,489.3000,489.3000
1787673661,489.2500,489.2500,489.2200,489.2200
1787673662,489.1800,489.1800,489.1800,489.1800
1787673663,489.1800,489.1800,489.1800,489.1800
1787673667,489.1800,489.1800,489.1800,489.1800
1787673670,489.2100,489.2100,489.2100,489.2100
1787673674,489.2400,489.2400,489.2400,489.2400
1787673676,489.2000,489.2000,489.1900,489.1900
1787673677,489.1700,489.1700,489.1700,489.1700
1787673679,489.1400,489.1400,489.0200,489.0800
1787673680,489.1200,489.1200,489.1200,489.1200
1787673684,489.1600,489.1600,489.1600,489.1600
1787673690,489.1900,489.2300,489.1900,489.2000
1787673691,489.2400,489.2400,489.2400,489.2400
1787673701,489.2500,489.2500,489.2500,489.2500
1787673706,489.2000,489.2000,489.1900,489.1900
1787673707,489.1750,489.1750,489.1750,489.1750
1787673710,489.1200,489.1200,489.1200,489.1200
1787673726,489.1600,489.1600,489.1300,489.1300
1787673738,489.1700,489.1700,489.1700,489.1700
1787673744,489.1800,489.1800,489.1800,489.1800
1787673745,489.1800,489.1800,489.1800,489.1800
1787673750,489.1700,489.1700,489.1600,489.1600
1787673756,489.2150,489.2200,489.2150,489.2200
1787673760,489.2300,489.2300,489.1800,489.1800
1787673770,489.1400,489.1400,489.1400,489.1400
1787673771,489.1300,489.1500,489.1200,489.1500
1787673773,489.1500,489.1500,489.1500,489.1500
1787673775,489.1600,489.1600,489.1600,489.1600
1787673779,489.1350,489.1500,489.1350,489.1500
1787673780,489.1500,489.1500,489.1500,489.1500
1787673781,489.1500,489.1500,489.1500,489.1500
1787673788,489.1200,489.1200,489.1200,489.1200
1787673789,489.1600,489.1600,489.1600,489.1600
1787673795,489.2600,489.3000,489.2600,489.3000
1787673798,489.2800,489.3400,489.2600,489.3400
1787673799,489.3800,489.3800,489.3700,489.3700
1787673800,489.3800,489.3800,489.3800,489.3800
1787673801,489.4000,489.4000,489.4000,489.4000
1787673802,489.4400,489.4400,489.4100,489.4100
1787673803,489.4100,489.4100,489.4000,489.4000
1787673812,489.3500,489.3500,489.3500,489.3500
1787673825,489.3800,489.3800,489.3800,489.3800
1787673826,489.4000,489.4550,489.4000,489.4550
1787673834,489.5000,489.5100,489.5000,489.5100
1787673839,489.5100,489.5100,489.5100,489.5100
1787673840,489.5000,489.5000,489.5000,489.5000
1787673847,489.4300,489.4300,489.4100,489.4100
1787673850,489.4700,489.4700,489.4700,489.4700
1787673858,489.4100,489.4100,489.3500,489.3500
1787673859,489.3200,489.3200,489.3100,489.3200
1787673867,489.3300,489.3300,489.3300,489.3300
1787673870,489.3300,489.4600,489.3300,489.4600
1787673879,489.3100,489.3100,489.3100,489.3100
1787673880,489.3500,489.3500,489.3500,489.3500
1787673890,489.2700,489.2700,489.2500,489.2500
1787673897,489.3300,489.3600,489.3300,489.3600
1787673900,489.3850,489.3850,489.3850,489.3850
1787673901,489.3850,489.3850,489.3850,489.3850
1787673906,489.3900,489.3900,489.3900,489.3900
1787673910,489.3700,489.3700,489.3600,489.3600
1787673911,489.3600,489.3600,489.3600,489.3600
1787673914,489.3650,489.3650,489.3650,489.3650
1787673915,489.3700,489.3700,489.3700,489.3700
1787673916,489.3800,489.3800,489.3800,489.3800
1787673919,489.3800,489.3800,489.3800,489.3800
1787673921,489.3100,489.3100,489.3100,489.3100
1787673923,489.3100,489.3100,489.3100,489.3100
1787673924,489.3400,489.3500,489.3400,489.3500
1787673925,489.3400,489.3400,489.3400,489.3400
1787673926,489.3800,489.3800,489.3800,489.3800
1787673930,489.3800,489.3800,489.3800,489.3800
1787673934,489.3800,489.3800,489.3800,489.3800
1787673937,489.3400,489.3400,489.3100,489.3100
1787673939,489.3300,489.3600,489.3300,489.3600
1787673940,489.3200,489.3200,489.2900,489.2900
1787673942,489.2500,489.2500,489.2500,489.2500
1787673945,489.2500,489.2700,489.2300,489.2300
1787673947,489.2500,489.2500,489.2500,489.2500
1787673949,489.2500,489.2500,489.2500,489.2500
1787673957,489.2400,489.2450,489.2400,489.2450
1787673959,489.2000,489.2000,489.2000,489.2000
1787673961,489.1800,489.1800,489.1800,489.1800
1787673963,489.2200,489.2300,489.2200,489.2300
1787673966,489.2000,489.2000,489.2000,489.2000
1787673968,489.2500,489.2600,489.2500,489.2600
1787673973,489.2900,489.3000,489.2900,489.3000
1787673988,489.2650,489.2650,489.2650,489.2650
1787673990,489.2700,489.2700,489.2700,489.2700
1787673993,489.3000,489.3000,489.2800,489.2800
1787674003,489.2500,489.2500,489.2500,489.2500
1787674010,489.2600,489.3100,489.2600,489.3100
1787674016,489.2900,489.2900,489.2800,489.2800
1787674017,489.2500,489.2500,489.2500,489.2500
1787674020,489.2500,489.2500,489.2500,489.2500
1787674024,489.2700,489.2700,489.2500,489.2500
1787674031,489.2600,489.2600,489.2300,489.2300
1787674058,489.2700,489.2700,489.2700,489.2700
1787674061,489.2400,489.2400,489.2300,489.2300
1787674062,489.2200,489.2200,489.2200,489.2200
1787674066,489.2450,489.2700,489.2450,489.2700
1787674072,489.2400,489.2400,489.2400,489.2400
1787674074,489.2650,489.2650,489.2650,489.2650
1787674076,489.2500,489.2500,489.2500,489.2500
1787674077,489.2600,489.2600,489.2600,489.2600
1787674079,489.3100,489.3100,489.3100,489.3100
1787674090,489.3300,489.3400,489.3300,489.3400
1787674094,489.3400,489.3400,489.2500,489.2500
1787674095,489.2300,489.2300,489.1800,489.1800
1787674096,489.1800,489.1800,489.1800,489.1800
1787674097,489.1800,489.1800,489.1800,489.1800
1787674098,489.1900,489.1900,489.1900,489.1900
1787674117,489.1500,489.1800,489.1500,489.1800
1787674119,489.1500,489.1500,489.1500,489.1500
1787674133,489.1800,489.1800,489.1800,489.1800
1787674135,489.2000,489.2000,489.1800,489.1800
1787674136,489.1800,489.1800,489.1800,489.1800
1787674139,489.1600,489.1600,489.1600,489.1600
1787674141,489.1500,489.1500,489.1500,489.1500
1787674145,489.1400,489.1400,489.1400,489.1400
1787674147,489.1200,489.1200,489.1000,489.1200
1787674148,489.1400,489.1500,489.1400,489.1500
1787674154,489.1600,489.1600,489.1600,489.1600
1787674155,489.1600,489.1600,489.1600,489.1600
1787674156,489.1600,489.1600,489.0900,489.0900
1787674157,489.1150,489.1150,489.1150,489.1150
1787674158,489.1300,489.1900,489.1300,489.1800
1787674159,489.2100,489.2100,489.2100,489.2100
1787674161,489.1950,489.2500,489.1950,489.2500
1787674166,489.2700,489.2700,489.2700,489.2700
1787674168,489.2300,489.2300,489.2300,489.2300
1787674169,489.2000,489.2000,489.2000,489.2000
1787674174,489.2300,489.2300,489.2300,489.2300
1787674190,489.2300,489.2300,489.2300,489.2300
1787674191,489.2100,489.2100,489.1900,489.1900
1787674194,489.2000,489.2000,489.2000,489.2000
1787674201,489.1700,489.1700,489.1600,489.1600
1787674202,489.1400,489.1400,489.1400,489.1400
1787674210,489.1000,489.1000,489.1000,489.1000
1787674217,489.1200,489.1300,489.1200,489.1300
1787674220,489.1200,489.1200,489.1100,489.1100
1787674221,489.1100,489.1100,489.0900,489.0900
1787674222,489.1100,489.1500,489.0900,489.1500
1787674223,489.1500,489.1500,489.1500,489.1500
1787674233,489.1700,489.1700,489.1700,489.1700
1787674253,489.1300,489.1300,489.1200,489.1200
1787674256,489.1600,489.1800,489.1600,489.1800
1787674266,489.1400,489.1400,489.1400,489.1400
1787674267,489.1300,489.1300,489.1300,489.1300
1787674268,489.1000,489.1000,489.1000,489.1000
1787674269,489.0900,489.0900,489.0600,489.0600
1787674273,489.1100,489.1300,489.1100,489.1200
1787674280,489.1400,489.1400,489.1400,489.1400
1787674291,489.1300,489.1300,489.1300,489.1300
1787674293,489.1500,489.1500,489.1500,489.1500
1787674295,489.1800,489.1800,489.1800,489.1800
1787674311,489.2000,489.2100,489.2000,489.2100
1787674313,489.2200,489.2600,489.2200,489.2600
1787674318,489.2200,489.2200,489.2200,489.2200
1787674328,489.2200,489.2200,489.2000,489.2000
1787674329,489.2200,489.2200,489.2200,489.2200
1787674335,489.2100,489.2100,489.2000,489.2000
1787674336,489.1500,489.1500,489.1400,489.1400
1787674343,489.1850,489.1850,489.1850,489.1850
1787674345,489.1900,489.1900,489.1900,489.1900
1787674348,489.1900,489.1900,489.1900,489.1900
1787674362,489.1200,489.1200,489.1100,489.1100
1787674366,489.1000,489.1000,489.1000,489.1000
1787674368,489.0800,489.0800,489.0800,489.0800
1787674373,489.0200,489.0200,489.0200,489.0200
1787674375,489.0000,489.0000,488.9800,488.9800
1787674376,488.9700,488.9700,488.9700,488.9700
1787674377,488.9800,488.9800,488.9800,488.9800
1787674378,488.9900,488.9900,488.9900,488.9900
1787674380,488.9700,488.9700,488.9700,488.9700
1787674387,488.9500,488.9800,488.9300,488.9800
1787674390,488.9800,488.9800,488.9800,488.9800
1787674392,488.9900,488.9900,488.9900,488.9900
1787674393,489.0100,489.0100,489.0100,489.0100
1787674396,489.0400,489.0500,489.0400,489.0500
1787674407,489.0200,489.0200,489.0000,489.0000
1787674409,489.0050,489.0050,489.0050,489.0050
1787674416,489.0000,489.0000,489.0000,489.0000
1787674419,489.0400,489.0400,489.0400,489.0400
1787674426,489.0500,489.0600,489.0500,489.0600
1787674429,489.0500,489.0500,489.0500,489.0500
1787674432,489.0350,489.0350,489.0350,489.0350
1787674445,489.0400,489.1300,489.0400,489.1000
1787674448,489.1500,489.1500,489.1500,489.1500
1787674451,489.1700,489.2100,489.1700,489.2100
1787674452,489.2000,489.2000,489.2000,489.2000
1787674453,489.2100,489.2100,489.2100,489.2100
1787674455,489.1700,489.1900,489.1700,489.1700
1787674456,489.1700,489.1700,489.1700,489.1700
1787674457,489.2200,489.2300,489.2200,489.2300
1787674458,489.2300,489.2300,489.2300,489.2300
1787674461,489.2600,489.2600,489.2250,489.2250
1787674462,489.2300,489.2300,489.2300,489.2300
1787674463,489.2100,489.2100,489.2100,489.2100
1787674464,489.2300,489.2300,489.2300,489.2300
1787674466,489.2400,489.2400,489.2400,489.2400
1787674468,489.2200,489.2200,489.2200,489.2200
1787674474,489.2500,489.2500,489.2500,489.2500
1787674475,489.2250,489.2250,489.2250,489.2250
1787674476,489.2200,489.2200,489.2200,489.2200
1787674477,489.2600,489.2600,489.2600,489.2600
1787674479,489.2600,489.2600,489.2600,489.2600
1787674480,489.2600,489.2600,489.2600,489.2600
1787674483,489.2600,489.2600,489.2600,489.2600
1787674486,489.3000,489.3200,489.3000,489.3200
1787674491,489.3000,489.3100,489.3000,489.3100
1787674495,489.2650,489.2650,489.2650,489.2650
1787674496,489.3000,489.3000,489.3000,489.3000
1787674497,489.3200,489.3200,489.3200,489.3200
1787674498,489.2900,489.2900,489.2900,489.2900
1787674502,489.2600,489.2600,489.2500,489.2500
1787674506,489.2400,489.2400,489.2100,489.2100
1787674507,489.2200,489.2200,489.2200,489.2200
1787674511,489.2100,489.2100,489.1900,489.1900
1787674512,489.2100,489.2100,489.2100,489.2100
1787674517,489.1800,489.1800,489.1800,489.1800
1787674518,489.1600,489.1600,489.1400,489.1400
1787674524,489.1600,489.1600,489.1600,489.1600
1787674525,489.2000,489.2100,489.1900,489.1900
1787674528,489.2600,489.2600,489.2600,489.2600
1787674534,489.3000,489.3000,489.3000,489.3000
1787674543,489.3100,489.3500,489.3100,489.3500
1787674553,489.3000,489.3000,489.2800,489.2800
1787674569,489.3500,489.3500,489.3500,489.3500
1787674574,489.3400,489.3400,489.3400,489.3400
1787674577,489.3400,489.3600,489.3200,489.3200
1787674585,489.3400,489.3400,489.3400,489.3400
1787674588,489.3000,489.3000,489.3000,489.3000
1787674589,489.3000,489.3000,489.3000,489.3000
1787674590,489.3200,489.3200,489.3200,489.3200
1787674591,489.3250,489.3250,489.3250,489.3250
1787674600,489.3600,489.3600,489.3600,489.3600
1787674615,489.3000,489.3000,489.3000,489.3000
1787674619,489.2800,489.2800,489.2800,489.2800
1787674621,489.2700,489.2700,489.2700,489.2700
1787674623,489.2700,489.2700,489.2600,489.2600
1787674628,489.2700,489.2700,489.2400,489.2400
1787674630,489.2200,489.2200,489.2100,489.2100
1787674632,489.2100,489.2100,489.2100,489.2100
1787674634,489.2000,489.2000,489.2000,489.2000
1787674640,489.1800,489.1800,489.1800,489.1800
1787674653,489.2200,489.2300,489.2200,489.2300
1787674655,489.2700,489.3300,489.2700,489.3300
1787674657,489.2900,489.2900,489.2900,489.2900
1787674665,489.3200,489.3200,489.3200,489.3200
1787674673,489.2800,489.3500,489.2700,489.3500
1787674681,489.3400,489.4000,489.3400,489.4000
1787674682,489.4000,489.4000,489.4000,489.4000
1787674688,489.3700,489.3700,489.3600,489.3700
1787674694,489.3600,489.3600,489.3600,489.3600
1787674697,489.4100,489.4200,489.4100,489.4200
1787674712,489.3700,489.3700,489.3200,489.3200
1787674731,489.3500,489.3600,489.3500,489.3600
1787674734,489.3200,489.3200,489.3200,489.3200
1787674747,489.3100,489.3100,489.3100,489.3100
1787674757,489.2700,489.2700,489.2100,489.2100
1787674765,489.2100,489.2100,489.2100,489.2100
1787674766,489.2100,489.2100,489.2100,489.2100
1787674768,489.2100,489.2100,489.2100,489.2100
1787674773,489.2100,489.2100,489.2100,489.2100
1787674775,489.2100,489.2100,489.2100,489.2100
1787674779,489.2100,489.2100,489.1700,489.1700
1787674795,489.1400,489.1400,489.1400,489.1400
1787674798,489.1300,489.1300,489.1300,489.1300
1787674802,489.1550,489.2100,489.1550,489.2100
1787674804,489.1800,489.1800,489.1800,489.1800
1787674806,489.1800,489.1800,489.1600,489.1600
1787674815,489.1400,489.1400,489.1100,489.1100
1787674832,489.1000,489.1000,489.1000,489.1000
1787674836,489.1050,489.1050,489.1050,489.1050
1787674837,489.0900,489.0900,489.0600,489.0600
1787674840,489.0400,489.0400,489.0100,489.0100
1787674841,488.9800,488.9800,488.9800,488.9800
1787674863,488.9900,489.0100,488.9900,489.0100
1787674874,489.0100,489.0100,489.0100,489.0100
1787674881,489.0400,489.0400,489.0400,489.0400
1787674882,489.0400,489.0800,489.0400,489.0800
1787674892,489.1300,489.1300,489.1300,489.1300
1787674900,489.1150,489.1150,489.1150,489.1150
1787674903,489.1400,489.1400,489.1400,489.1400
1787674905,489.1100,489.1100,489.1100,489.1100
1787674906,489.0900,489.0900,489.0800,489.0800
1787674915,489.0500,489.0500,489.0400,489.0400
1787674917,489.0600,489.0750,489.0600,489.0750
1787674919,489.0700,489.0700,489.0700,489.0700
1787674931,489.1000,489.1000,489.0800,489.0800
1787674936,489.1200,489.1200,489.1200,489.1200
1787674937,489.0800,489.0800,489.0800,489.0800
1787674943,489.1200,489.1200,489.1200,489.1200
1787674952,489.0700,489.0700,489.0700,489.0700
1787674970,489.1100,489.1100,489.1100,489.1100
1787674971,489.1000,489.1000,489.1000,489.1000
1787674973,489.1100,489.1400,489.1100,489.1400
1787674979,489.1400,489.1400,489.1350,489.1350
1787674980,489.1600,489.1600,489.1600,489.1600
1787674984,489.1700,489.1700,489.1700,489.1700
1787674987,489.1800,489.1800,489.1400,489.1500
1787674989,489.1900,489.1900,489.1900,489.1900
1787674995,489.1800,489.1800,489.1650,489.1650
1787675000,489.1900,489.1900,489.1900,489.1900
1787675001,489.1600,489.1600,489.1400,489.1400
1787675007,489.1800,489.1800,489.1800,489.1800
1787675008,489.2000,489.2000,489.2000,489.2000
1787675009,489.2200,489.2200,489.2200,489.2200
1787675015,489.2300,489.2300,489.2000,489.2000
1787675016,489.1900,489.1900,489.1900,489.1900
1787675017,489.1950,489.1950,489.1600,489.1600
1787675022,489.2000,489.2000,489.2000,489.2000
1787675025,489.2100,489.2100,489.2100,489.2100
1787675032,489.2000,489.2000,489.2000,489.2000
1787675034,489.2000,489.2000,489.2000,489.2000
1787675038,489.1700,489.1700,489.1700,489.1700
1787675040,489.1500,489.1500,489.1100,489.1100
1787675041,489.0700,489.1000,489.0700,489.1000
1787675044,489.1200,489.1300,489.1200,489.1300
1787675047,489.0600,489.0600,489.0300,489.0300
1787675050,489.0000,489.0000,488.9900,488.9900
1787675073,489.0500,489.0500,489.0400,489.0400
1787675075,489.0800,489.1000,489.0800,489.1000
1787675076,489.1300,489.1400,489.1300,489.1400
1787675078,489.1000,489.1000,489.1000,489.1000
1787675079,489.1200,489.1200,489.1200,489.1200
1787675093,489.1250,489.1250,489.1100,489.1100
1787675095,489.1400,489.1500,489.1400,489.1500
1787675102,489.1400,489.1400,489.1400,489.1400
1787675103,489.1000,489.1000,489.1000,489.1000
1787675108,489.1400,489.1400,489.1400,489.1400
1787675109,489.1800,489.1800,489.1800,489.1800
1787675119,489.1650,489.2000,489.1650,489.2000
1787675123,489.2300,489.2300,489.2300,489.2300
1787675125,489.2500,489.2500,489.2500,489.2500
1787675126,489.2200,489.2200,489.2200,489.2200
1787675149,489.2400,489.2500,489.2400,489.2500
1787675152,489.2400,489.2400,489.1900,489.1900
1787675155,489.1300,489.3200,489.1300,489.3200
1787675160,489.3000,489.3000,489.2900,489.2900
1787675164,489.2800,489.2800,489.2600,489.2600
1787675176,489.2700,489.2700,489.2500,489.2500
1787675177,489.2800,489.3100,489.2600,489.2600
1787675187,489.3100,489.3300,489.3100,489.3300
1787675191,489.3050,489.3050,489.3050,489.3050
1787675192,489.3050,489.3050,489.3050,489.3050
1787675199,489.2800,489.2800,489.2500,489.2500
1787675200,489.2500,489.2500,489.2500,489.2500
1787675201,489.2400,489.2400,489.2400,489.2400
1787675203,489.2500,489.2500,489.2300,489.2300
1787675204,489.2300,489.2300,489.2300,489.2300
1787675206,489.2300,489.2300,489.2300,489.2300
1787675213,489.2350,489.2350,489.2000,489.2000
1787675223,489.2400,489.2800,489.2400,489.2800
1787675224,489.2600,489.2600,489.2600,489.2600
1787675228,489.3100,489.3100,489.3100,489.3100
1787675233,489.3100,489.3100,489.3100,489.3100
1787675243,489.3300,489.3300,489.3300,489.3300
1787675244,489.3800,489.3900,489.3800,489.3900
1787675254,489.3300,489.3300,489.3300,489.3300
1787675264,489.4000,489.4000,489.4000,489.4000
1787675265,489.3950,489.3950,489.3950,489.3950
1787675266,489.3950,489.4500,489.3900,489.4500
1787675267,489.4900,489.5000,489.4900,489.5000
1787675269,489.5000,489.5000,489.4500,489.4500
1787675276,489.4500,489.4750,489.4500,489.4750
1787675281,489.5000,489.5300,489.5000,489.5300
1787675284,489.5100,489.5100,489.5100,489.5100
1787675287,489.5000,489.5000,489.4900,489.4900
1787675289,489.4700,489.4700,489.4600,489.4600
1787675290,489.4600,489.4600,489.4500,489.4500
1787675292,489.4500,489.4500,489.4500,489.4500
1787675295,489.4500,489.4500,489.4500,489.4500
1787675296,489.4200,489.5100,489.3900,489.5000
1787675297,489.4850,489.5000,489.4850,489.5000
1787675302,489.5100,489.5100,489.5100,489.5100
1787675303,489.4800,489.4800,489.4800,489.4800
1787675305,489.4800,489.4800,489.4800,489.4800
1787675306,489.5000,489.5400,489.5000,489.5400
1787675307,489.4700,489.4700,489.4700,489.4700
1787675312,489.4400,489.4900,489.4350,489.4900
1787675317,489.4800,489.5200,489.4800,489.5200
1787675329,489.4800,489.4800,489.4800,489.4800
1787675337,489.5000,489.5000,489.4950,489.4950
1787675340,489.5100,489.5200,489.5100,489.5200
1787675344,489.5400,489.5900,489.5400,489.5900
1787675356,489.5900,489.5900,489.5900,489.5900
1787675361,489.6000,489.6000,489.6000,489.6000
1787675367,489.6000,489.6000,489.6000,489.6000
1787675374,489.5800,489.5800,489.5700,489.5700
1787675375,489.5400,489.5400,489.5400,489.5400
1787675381,489.5700,489.5700,489.5700,489.5700
1787675384,489.5500,489.5500,489.5500,489.5500
1787675391,489.6000,489.6000,489.6000,489.6000
1787675393,489.6100,489.6300,489.6100,489.6300
1787675397,489.6000,489.6000,489.5900,489.5900
1787675398,489.5500,489.5500,489.5500,489.5500
1787675416,489.5600,489.5900,489.5600,489.5800
1787675421,489.5800,489.5800,489.5800,489.5800
1787675422,489.6100,489.6100,489.6100,489.6100
1787675436,489.6000,489.6000,489.6000,489.6000
1787675439,489.5800,489.5800,489.5800,489.5800
1787675443,489.6100,489.6200,489.6100,489.6200
1787675449,489.5900,489.5900,489.5900,489.5900
1787675467,489.6200,489.6200,489.6200,489.6200
1787675469,489.6400,489.6400,489.6400,489.6400
1787675482,489.6800,489.7500,489.6800,489.7500
1787675483,489.7500,489.7700,489.7500,489.7700
1787675485,489.8000,489.8000,489.8000,489.8000
1787675486,489.8000,489.8100,489.8000,489.8100
1787675491,489.8100,489.8100,489.8100,489.8100
1787675493,489.8300,489.8500,489.8300,489.8500
1787675496,489.8200,489.8200,489.8200,489.8200
1787675504,489.8000,489.8000,489.7900,489.7900
1787675505,489.7900,489.7900,489.7900,489.7900
1787675507,489.8100,489.8200,489.8100,489.8200
1787675510,489.8100,489.8100,489.8100,489.8100
1787675516,489.8000,489.8000,489.8000,489.8000
1787675520,489.8100,489.8100,489.8100,489.8100
1787675521,489.8350,489.8350,489.8350,489.8350
1787675524,489.8500,489.8600,489.8000,489.8400
1787675528,489.8500,489.8500,489.8500,489.8500
1787675530,489.8100,489.8100,489.8100,489.8100
1787675533,489.8100,489.8100,489.8100,489.8100
1787675536,489.7800,489.7800,489.7800,489.7800
1787675538,489.7900,489.7900,489.7900,489.7900
1787675540,489.7800,489.7800,489.7500,489.7500
1787675541,489.7500,489.7500,489.7400,489.7400
1787675547,489.7000,489.7000,489.6750,489.6750
1787675549,489.6800,489.6800,489.6700,489.6700
1787675551,489.6700,489.6750,489.6700,489.6750
1787675555,489.6800,489.6800,489.6800,489.6800
1787675556,489.6200,489.6200,489.5900,489.5900
1787675558,489.5700,489.5800,489.5500,489.5500
1787675562,489.5400,489.5600,489.5250,489.5600
1787675566,489.5300,489.5300,489.5300,489.5300
1787675569,489.5300,489.5300,489.5300,489.5300
1787675570,489.5300,489.5300,489.5300,489.5300
1787675571,489.5700,489.5700,489.5700,489.5700
1787675576,489.6000,489.6200,489.6000,489.6200
1787675577,489.6400,489.6600,489.6300,489.6300
1787675581,489.6650,489.6650,489.6650,489.6650
1787675582,489.6650,489.6650,489.6650,489.6650
1787675588,489.6300,489.6300,489.6300,489.6300
1787675590,489.7000,489.7000,489.7000,489.7000
1787675597,489.6800,489.6800,489.6800,489.6800
1787675600,489.6400,489.6400,489.4800,489.5350
1787675601,489.5650,489.5650,489.5650,489.5650
1787675602,489.6100,489.6100,489.6100,489.6100
1787675615,489.6000,489.6000,489.6000,489.6000
1787675618,489.6100,489.6200,489.6100,489.6100
1787675620,489.6100,489.6100,489.6100,489.6100
1787675622,489.5500,489.5600,489.5500,489.5500
1787675626,489.5100,489.5100,489.5100,489.5100
1787675629,489.5550,489.6000,489.5550,489.6000
1787675638,489.5700,489.5700,489.5700,489.5700
1787675646,489.5500,489.5500,489.5500,489.5500
1787675649,489.5700,489.6000,489.5600,489.5700
1787675650,489.5600,489.5600,489.5600,489.5600
1787675657,489.5400,489.5400,489.5200,489.5200
1787675658,489.5400,489.5700,489.5400,489.5700
1787675659,489.5350,489.5350,489.5350,489.5350
1787675669,489.5200,489.5200,489.5100,489.5100
1787675671,489.5000,489.5400,489.5000,489.5400
1787675673,489.5500,489.5600,489.5500,489.5600
1787675674,489.5800,489.6100,489.5800,489.6100
1787675682,489.6100,489.6100,489.6100,489.6100
1787675711,489.6200,489.6400,489.6000,489.6000
1787675720,489.6350,489.6350,489.6350,489.6350
1787675725,489.6300,489.7500,489.6300,489.7500
1787675731,489.7300,489.7700,489.7300,489.7700
1787675734,489.7800,489.8000,489.7800,489.8000
1787675740,489.8700,489.9000,489.8700,489.9000
1787675741,489.8850,489.9000,489.8850,489.9000
1787675742,489.8700,489.8800,489.8600,489.8600
1787675744,489.8700,489.8800,489.8700,489.8800
1787675748,489.8550,489.8550,489.8550,489.8550
1787675751,489.8100,489.8100,489.7900,489.7900
1787675757,489.7700,489.7700,489.7600,489.7600
1787675760,489.7400,489.7400,489.7400,489.7400
1787675762,489.7100,489.7100,489.7100,489.7100
1787675763,489.7100,489.7100,489.7100,489.7100
1787675770,489.7000,489.7000,489.7000,489.7000
1787675771,489.6700,489.6700,489.6700,489.6700
1787675772,489.6800,489.6800,489.6800,489.6800
1787675776,489.6700,489.6700,489.6700,489.6700
1787675777,489.6950,489.6950,489.6950,489.6950
1787675778,489.6950,489.6950,489.6950,489.6950
1787675782,489.6700,489.6700,489.6700,489.6700
1787675787,489.6100,489.6100,489.6100,489.6100
1787675788,489.6000,489.6000,489.5700,489.5700
1787675801,489.6000,489.6000,489.5800,489.5800
1787675808,489.5800,489.5800,489.5600,489.5600
1787675814,489.5500,489.5500,489.5500,489.5500
1787675819,489.5700,489.5700,489.5700,489.5700
1787675822,489.5600,489.5600,489.5600,489.5600
1787675824,489.5400,489.5400,489.5400,489.5400
1787675832,489.5700,489.5700,489.5700,489.5700
1787675836,489.5400,489.5400,489.5400,489.5400
1787675837,489.5000,489.5000,489.5000,489.5000
1787675840,489.5000,489.5000,489.4700,489.4700
1787675841,489.4600,489.4600,489.4600,489.4600
1787675842,489.4900,489.5100,489.4800,489.4800
1787675845,489.4900,489.5400,489.4900,489.5100
1787675847,489.5500,489.5800,489.5500,489.5800
1787675848,489.6000,489.6200,489.6000,489.6200
1787675852,489.6100,489.6100,489.6100,489.6100
1787675860,489.6200,489.6600,489.6200,489.6600
1787675863,489.6800,489.6800,489.6800,489.6800
1787675866,489.6200,489.6200,489.6200,489.6200
1787675877,489.5500,489.5600,489.5500,489.5600
1787675878,489.6000,489.6100,489.6000,489.6100
1787675882,489.5500,489.5500,489.5500,489.5500
1787675885,489.6100,489.6100,489.6100,489.6100
1787675902,489.5600,489.5600,489.5600,489.5600
1787675905,489.5800,489.5800,489.5800,489.5800
1787675909,489.5800,489.5800,489.5800,489.5800
1787675920,489.5900,489.5900,489.5700,489.5700
1787675924,489.6100,489.6300,489.6100,489.6300
1787675925,489.6300,489.6300,489.6300,489.6300
1787675926,489.6500,489.6800,489.6500,489.6800
1787675930,489.6900,489.6900,489.6900,489.6900
1787675932,489.6600,489.6700,489.6500,489.6700
1787675937,489.6500,489.6500,489.6400,489.6400
1787675947,489.6500,489.6500,489.6500,489.6500
1787675949,489.6500,489.6500,489.6400,489.6400
1787675964,489.6100,489.6100,489.6100,489.6100
1787675966,489.6100,489.6100,489.6100,489.6100
1787675967,489.6300,489.6300,489.6300,489.6300
1787675975,489.6200,489.6400,489.6200,489.6400
1787675977,489.6400,489.6900,489.6000,489.6300
1787675980,489.6300,489.6300,489.6300,489.6300
1787675989,489.6750,489.6750,489.6750,489.6750
1787675992,489.6500,489.6500,489.6100,489.6100
1787675993,489.5800,489.5800,489.5800,489.5800
1787675996,489.5600,489.5600,489.5400,489.5400
1787676007,489.6100,489.6200,489.6100,489.6200
1787676020,489.6500,489.6600,489.6500,489.6500
1787676023,489.6400,489.6400,489.6400,489.6400
1787676025,489.6000,489.6000,489.6000,489.6000
1787676026,489.5400,489.5400,489.5400,489.5400
1787676032,489.5500,489.5500,489.5500,489.5500
1787676037,489.6300,489.6300,489.6300,489.6300
1787676039,489.6400,489.6400,489.6400,489.6400
1787676040,489.6400,489.6400,489.6400,489.6400
1787676044,489.6250,489.6250,489.6250,489.6250
1787676067,489.6350,489.6350,489.6350,489.6350
1787676068,489.6350,489.6350,489.6350,489.6350
1787676073,489.6350,489.6350,489.6000,489.6000
1787676074,489.6100,489.6100,489.6100,489.6100
1787676079,489.6000,489.6000,489.6000,489.6000
1787676089,489.6200,489.6200,489.6200,489.6200
1787676096,489.5800,489.5800,489.5700,489.5700
1787676100,489.5400,489.5400,489.5400,489.5400
1787676103,489.5400,489.5400,489.5400,489.5400
1787676105,489.5800,489.5800,489.5800,489.5800
1787676109,489.5850,489.5850,489.5850,489.5850
1787676111,489.5600,489.5600,489.5600,489.5600
1787676113,489.6100,489.6300,489.6050,489.6050
1787676117,489.6000,489.6000,489.6000,489.6000
1787676125,489.6000,489.6000,489.6000,489.6000
1787676126,489.5400,489.5400,489.5400,489.5400
1787676129,489.5400,489.5400,489.5400,489.5400
1787676137,489.5400,489.5400,489.5300,489.5300
1787676138,489.5200,489.5200,489.5200,489.5200
1787676144,489.4900,489.4900,489.4800,489.4800
1787676145,489.4800,489.4800,489.4800,489.4800
1787676146,489.4700,489.4700,489.4700,489.4700
1787676149,489.4600,489.4600,489.4600,489.4600
1787676155,489.4500,489.4500,489.4500,489.4500
1787676158,489.4900,489.5000,489.4900,489.5000
1787676160,489.4400,489.4400,489.4300,489.4300
1787676164,489.4500,489.4500,489.4500,489.4500
1787676167,489.4300,489.4300,489.4200,489.4200
1787676170,489.4500,489.4700,489.4500,489.4700
1787676172,489.4800,489.4900,489.4800,489.4900
1787676175,489.4800,489.4800,489.4800,489.4800
1787676176,489.4900,489.4900,489.4900,489.4900
1787676181,489.4500,489.4500,489.4500,489.4500
1787676193,489.4500,489.4500,489.4100,489.4200
1787676196,489.4000,489.4000,489.3800,489.3800
1787676200,489.3600,489.3600,489.3400,489.3400
1787676201,489.3550,489.3550,489.3550,489.3550
1787676203,489.3400,489.3400,489.3400,489.3400
1787676204,489.3800,489.4000,489.3800,489.4000
1787676207,489.4300,489.4800,489.4300,489.4800
1787676213,489.5100,489.5300,489.5100,489.5300
1787676216,489.5000,489.5000,489.5000,489.5000
1787676226,489.4500,489.4500,489.4300,489.4300
1787676229,489.3400,489.3400,489.3400,489.3400
1787676235,489.3750,489.3750,489.3750,489.3750
1787676248,489.3300,489.3300,489.3300,489.3300
1787676262,489.3400,489.3400,489.3400,489.3400
1787676271,489.3650,489.3650,489.3650,489.3650
1787676277,489.3700,489.3700,489.3400,489.3400
1787676279,489.3700,489.3800,489.3500,489.3500
1787676281,489.3400,489.3400,489.3400,489.3400
1787676288,489.3300,489.3300,489.3200,489.3200
1787676299,489.3200,489.3200,489.3200,489.3200
1787676302,489.2600,489.2600,489.2600,489.2600
1787676310,489.2950,489.2950,489.2950,489.2950
1787676312,489.3200,489.3400,489.3200,489.3400
1787676318,489.3200,489.3200,489.3000,489.3000
1787676324,489.3400,489.3900,489.3400,489.3900
1787676326,489.4100,489.4100,489.4100,489.4100
1787676332,489.4200,489.4300,489.4200,489.4300
1787676334,489.3900,489.3900,489.3900,489.3900
1787676336,489.4000,489.4000,489.4000,489.4000
1787676337,489.4000,489.4000,489.3700,489.3700
1787676348,489.4300,489.4600,489.4300,489.4600
1787676356,489.4350,489.4350,489.4350,489.4350
1787676362,489.4000,489.4000,489.4000,489.4000
1787676366,489.3800,489.3800,489.3600,489.3600
1787676367,489.3400,489.3400,489.3200,489.3200
1787676370,489.3400,489.3800,489.3400,489.3800
1787676377,489.3750,489.4200,489.3600,489.3600
1787676379,489.3750,489.3750,489.3750,489.3750
1787676388,489.3900,489.3900,489.3900,489.3900
1787676391,489.3900,489.4100,489.3900,489.4100
1787676400,489.3800,489.3800,489.3600,489.3600
1787676416,489.4000,489.4000,489.4000,489.4000
1787676426,489.4000,489.4600,489.4000,489.4600
1787676427,489.3900,489.3900,489.3900,489.3900
1787676448,489.3900,489.3900,489.3400,489.3400
1787676451,489.3000,489.3000,489.2900,489.2900
1787676458,489.2500,489.2700,489.2500,489.2700
1787676459,489.2200,489.2200,489.2200,489.2200
1787676460,489.2000,489.2100,489.2000,489.2100
1787676465,489.2000,489.2000,489.1700,489.1700
1787676477,489.1900,489.1900,489.1800,489.1800
1787676478,489.1800,489.1850,489.1800,489.1850
1787676479,489.2000,489.2000,489.0600,489.0600
1787676481,489.0500,489.0500,489.0500,489.0500
1787676487,489.0800,489.1100,489.0800,489.1100
1787676488,489.1100,489.1100,489.1100,489.1100
1787676489,489.1500,489.1500,489.1500,489.1500
1787676492,489.0600,489.0600,489.0600,489.0600
1787676493,489.0500,489.0500,489.0500,489.0500
1787676494,489.0000,489.0400,488.9900,489.0400
1787676499,489.0200,489.0200,489.0200,489.0200
1787676501,489.0100,489.0100,488.9300,488.9300
1787676502,488.9000,488.9000,488.9000,488.9000
1787676506,488.9500,488.9600,488.9500,488.9600
1787676508,488.9800,489.0100,488.9800,489.0100
1787676511,488.9850,489.0100,488.9850,489.0100
1787676525,488.9950,488.9950,488.9800,488.9800
1787676528,488.9600,488.9800,488.9500,488.9800
1787676530,488.9100,488.9100,488.9100,488.9100
1787676532,488.9400,488.9400,488.9000,488.9000
1787676533,488.8900,488.8900,488.8900,488.8900
1787676535,488.8900,488.8900,488.8900,488.8900
1787676542,488.9000,488.9000,488.9000,488.9000
1787676548,488.9300,488.9300,488.9300,488.9300
1787676558,488.9000,488.9600,488.8900,488.9600
1787676563,488.9550,488.9800,488.9550,488.9800
1787676564,488.9500,488.9500,488.9500,488.9500
1787676569,488.9550,488.9550,488.9550,488.9550
1787676570,488.9550,488.9550,488.9550,488.9550
1787676571,488.9400,488.9400,488.9400,488.9400
1787676575,488.9600,488.9600,488.9600,488.9600
1787676580,488.9800,488.9800,488.9800,488.9800
1787676584,488.9400,488.9400,488.9400,488.9400
1787676585,488.9200,488.9200,488.9200,488.9200
1787676587,488.9100,488.9100,488.9100,488.9100
1787676591,488.8900,488.8900,488.8900,488.8900
1787676593,488.8900,488.8900,488.8900,488.8900
1787676595,488.9000,488.9000,488.9000,488.9000
1787676596,488.9100,488.9100,488.9100,488.9100
1787676603,488.8600,488.8600,488.8400,488.8400
1787676607,488.8700,488.9100,488.8700,488.9100
1787676611,488.8600,488.8600,488.8500,488.8500
1787676612,488.8300,488.8300,488.8000,488.8000
1787676613,488.7800,488.7800,488.6500,488.6900
1787676616,488.7000,488.8400,488.7000,488.7700
1787676618,488.7350,488.8400,488.7350,488.8400
1787676620,488.8600,488.8700,488.8600,488.8700
1787676622,488.8600,488.8700,488.8600,488.8700
1787676628,488.8500,488.8700,488.8500,488.8500
1787676630,488.8400,488.8400,488.8300,488.8300
1787676631,488.8500,488.8500,488.8500,488.8500
1787676632,488.8350,488.8350,488.8350,488.8350
1787676633,488.8650,488.9100,488.8650,488.8700
1787676640,488.9000,488.9000,488.9000,488.9000
1787676642,488.9000,488.9100,488.9000,488.9100
1787676648,488.9200,488.9200,488.9200,488.9200
1787676653,488.9400,488.9400,488.9400,488.9400
1787676655,488.9450,488.9700,488.9450,488.9700
1787676656,488.9800,489.0100,488.9800,489.0100
1787676657,488.9800,488.9800,488.9700,488.9700
1787676662,488.9700,488.9700,488.9700,488.9700
1787676663,488.9400,488.9400,488.9200,488.9200
1787676668,488.9200,488.9200,488.9200,488.9200
1787676672,488.9100,488.9100,488.9100,488.9100
1787676675,488.9000,488.9000,488.9000,488.9000
1787676677,488.8700,488.8700,488.8700,488.8700
1787676680,488.8750,488.8750,488.8750,488.8750
1787676691,488.8700,488.8700,488.8500,488.8500
1787676694,488.8500,488.8500,488.8500,488.8500
1787676695,488.8300,488.8300,488.8300,488.8300
1787676697,488.8300,488.8300,488.8200,488.8200
1787676702,488.8000,488.8000,488.7350,488.7350
1787676703,488.7700,488.7900,488.7600,488.7600
1787676705,488.8300,488.8300,488.8300,488.8300
1787676708,488.8600,488.8600,488.8150,488.8150
1787676717,488.7600,488.7600,488.7600,488.7600
1787676718,488.7500,488.7500,488.7300,488.7300
1787676740,488.7300,488.7500,488.7300,488.7500
1787676749,488.7400,488.7400,488.7400,488.7400
1787676751,488.7300,488.7300,488.7200,488.7200
1787676752,488.7450,488.7900,488.7450,488.7900
1787676753,488.7900,488.8000,488.7900,488.8000
1787676757,488.7400,488.7400,488.7400,488.7400
1787676761,488.7400,488.7400,488.7400,488.7400
1787676774,488.7700,488.7700,488.7700,488.7700
1787676782,488.7600,488.7600,488.7600,488.7600
1787676787,488.7000,488.7000,488.7000,488.7000
1787676788,488.7200,488.7200,488.7000,488.7000
1787676790,488.7700,488.7900,488.7400,488.7900
1787676793,488.7600,488.7600,488.7600,488.7600
1787676801,488.7600,488.7600,488.7600,488.7600
1787676802,488.7800,488.8000,488.7800,488.8000
1787676804,488.8200,488.8200,488.8200,488.8200
1787676814,488.8400,488.8400,488.8300,488.8300
1787676817,488.8600,488.8900,488.8600,488.8900
1787676824,488.9200,488.9200,488.9100,488.9100
1787676825,488.9100,488.9100,488.9100,488.9100
1787676827,488.9200,488.9200,488.9100,488.9100
1787676828,488.8950,488.8950,488.8950,488.8950
1787676835,488.8900,488.8900,488.8900,488.8900
1787676840,488.9000,488.9000,488.8900,488.8900
1787676854,488.9400,488.9400,488.9400,488.9400
1787676857,488.9350,488.9350,488.9350,488.9350
1787676863,488.9350,488.9350,488.9100,488.9100
1787676864,488.9300,488.9300,488.9300,488.9300
1787676865,488.9000,488.9000,488.9000,488.9000
1787676866,488.8900,488.8900,488.8500,488.8700
1787676872,488.9050,488.9050,488.9050,488.9050
1787676882,488.9500,488.9700,488.9500,488.9700
1787676889,488.9800,488.9800,488.9800,488.9800
1787676895,489.0000,489.0100,489.0000,489.0100
1787676896,489.0100,489.0400,489.0100,489.0400
1787676898,489.0300,489.0300,489.0200,489.0200
1787676907,489.0400,489.0400,489.0400,489.0400
1787676913,489.0000,489.0000,489.0000,489.0000
1787676917,489.0500,489.0700,489.0500,489.0700
1787676919,489.0800,489.0900,489.0800,489.0900
1787676926,489.0550,489.0550,489.0550,489.0550
1787676943,489.0600,489.0600,489.0400,489.0400
1787676964,489.0400,489.0700,489.0400,489.0700
1787676965,489.0300,489.0300,489.0100,489.0100
1787676978,489.0700,489.1100,489.0700,489.1100
1787676984,489.1800,489.1900,489.1800,489.1900
1787676987,489.1800,489.1800,489.1600,489.1600
1787676988,489.1500,489.1500,489.1400,489.1400
1787676993,489.1600,489.1600,489.1600,489.1600
1787677002,489.1650,489.1650,489.1650,489.1650
1787677006,489.1900,489.2100,489.1900,489.2100
1787677007,489.2100,489.2100,489.2100,489.2100
1787677012,489.2300,489.2300,489.2300,489.2300
1787677015,489.2200,489.2500,489.2200,489.2500
1787677016,489.2500,489.2500,489.2500,489.2500
1787677018,489.2750,489.2750,489.2750,489.2750
1787677019,489.3000,489.3200,489.3000,489.3200
1787677029,489.3300,489.3300,489.3200,489.3200
1787677035,489.3200,489.3200,489.3200,489.3200
1787677036,489.3400,489.3800,489.3400,489.3800
1787677037,489.3700,489.3700,489.3700,489.3700
1787677038,489.3700,489.3850,489.3700,489.3850
1787677039,489.4100,489.4100,489.4100,489.4100
1787677040,489.4000,489.4000,489.4000,489.4000
1787677046,489.3900,489.3900,489.3800,489.3900
1787677047,489.4000,489.4000,489.4000,489.4000
1787677053,489.3900,489.3900,489.3900,489.3900
1787677056,489.4050,489.4050,489.4050,489.4050
1787677058,489.4100,489.4100,489.4100,489.4100
1787677061,489.3700,489.3700,489.3700,489.3700
1787677066,489.4000,489.4000,489.4000,489.4000
1787677067,489.3900,489.3900,489.3900,489.3900
1787677080,489.4150,489.4200,489.4150,489.4200
1787677085,489.4300,489.4300,489.4300,489.4300
1787677090,489.4300,489.4400,489.4000,489.4000
1787677094,489.4000,489.4000,489.3900,489.3900
1787677095,489.3900,489.3900,489.3900,489.3900
1787677098,489.4000,489.4000,489.4000,489.4000
1787677109,489.3900,489.3900,489.3900,489.3900
1787677115,489.4400,489.4400,489.4400,489.4400
1787677121,489.4600,489.4600,489.4600,489.4600
1787677123,489.4600,489.4700,489.4600,489.4700
1787677127,489.4700,489.4900,489.4700,489.4900
1787677135,489.5000,489.5700,489.5000,489.5700
1787677137,489.5700,489.6000,489.5700,489.6000
1787677144,489.6100,489.6100,489.5800,489.5800
1787677158,489.5900,489.5900,489.5700,489.5700
1787677159,489.5700,489.6200,489.5700,489.6200
1787677168,489.5700,489.5700,489.5700,489.5700
1787677172,489.6300,489.6400,489.6300,489.6400
1787677179,489.6200,489.6500,489.6200,489.6500
1787677183,489.6600,489.8000,489.6600,489.7750
1787677184,489.8200,489.8200,489.8200,489.8200
1787677188,489.7500,489.7500,489.6700,489.6700
1787677189,489.6700,489.6700,489.6700,489.6700
1787677198,489.6800,489.7100,489.6800,489.7100
1787677201,489.6600,489.6600,489.6200,489.6200
1787677203,489.6400,489.6400,489.6400,489.6400
1787677204,489.6300,489.6300,489.6300,489.6300
1787677206,489.6500,489.6500,489.6500,489.6500
1787677211,489.5900,489.5900,489.5900,489.5900
1787677212,489.5700,489.5700,489.5700,489.5700
1787677215,489.5800,489.5900,489.5800,489.5900
1787677218,489.5800,489.6000,489.5800,489.5800
1787677219,489.5900,489.5900,489.5800,489.5800
1787677223,489.5800,489.5800,489.5500,489.5500
1787677224,489.5300,489.5300,489.5300,489.5300
1787677225,489.5300,489.5300,489.5300,489.5300
1787677226,489.4900,489.4900,489.4700,489.4700
1787677232,489.4800,489.4800,489.4800,489.4800
1787677239,489.4800,489.4800,489.4100,489.4100
1787677241,489.4000,489.4000,489.3700,489.3700
1787677244,489.3450,489.3450,489.3450,489.3450
1787677249,489.3900,489.3900,489.3900,489.3900
1787677255,489.4100,489.4200,489.4100,489.4200
1787677257,489.4600,489.4600,489.4500,489.4500
1787677260,489.4600,489.4600,489.4600,489.4600
1787677264,489.4400,489.4400,489.4400,489.4400
1787677269,489.4750,489.4800,489.4750,489.4800
1787677270,489.4900,489.4900,489.4900,489.4900
1787677273,489.5000,489.5000,489.5000,489.5000
1787677275,489.5100,489.5400,489.5100,489.5400
1787677277,489.5300,489.5300,489.5300,489.5300
1787677278,489.5450,489.5450,489.5450,489.5450
1787677285,489.5550,489.5550,489.5550,489.5550
1787677290,489.5200,489.5200,489.5100,489.5100
1787677291,489.4600,489.4600,489.4600,489.4600
1787677292,489.4200,489.4200,489.4200,489.4200
1787677293,489.4000,489.4000,489.4000,489.4000
1787677295,489.3700,489.3700,489.3700,489.3700
1787677296,489.3400,489.3400,489.3400,489.3400
1787677300,489.3000,489.3000,489.3000,489.3000
1787677306,489.2900,489.2900,489.2900,489.2900
1787677307,489.3300,489.3300,489.3300,489.3300
1787677310,489.2700,489.2700,489.2700,489.2700
1787677320,489.3000,489.3000,489.3000,489.3000
1787677325,489.3000,489.3000,489.2500,489.2600
1787677326,489.2550,489.2550,489.2550,489.2550
1787677327,489.2400,489.2400,489.2200,489.2200
1787677334,489.2700,489.2800,489.2700,489.2800
1787677336,489.2500,489.2500,489.2400,489.2400
1787677342,489.2350,489.2350,489.2350,489.2350
1787677343,489.2800,489.3200,489.2800,489.3200
1787677348,489.2900,489.2900,489.2900,489.2900
1787677349,489.2500,489.2500,489.2500,489.2500
1787677352,489.2800,489.2800,489.2800,489.2800
1787677353,489.2700,489.2700,489.2600,489.2600
1787677357,489.2600,489.2600,489.2600,489.2600
1787677360,489.3100,489.3100,489.3100,489.3100
1787677361,489.3200,489.3300,489.3200,489.3300
1787677363,489.3700,489.3700,489.3700,489.3700
1787677365,489.3700,489.3700,489.3700,489.3700
1787677366,489.3700,489.3900,489.3700,489.3900
1787677368,489.4100,489.4100,489.4000,489.4000
1787677369,489.4300,489.4300,489.4300,489.4300
1787677370,489.4300,489.4300,489.4000,489.4000
1787677371,489.4000,489.4000,489.4000,489.4000
1787677373,489.3800,489.3800,489.3800,489.3800
1787677381,489.3400,489.3400,489.3200,489.3200
1787677383,489.3400,489.3400,489.3400,489.3400
1787677392,489.3700,489.3800,489.3700,489.3800
1787677395,489.3800,489.4000,489.3800,489.4000
1787677398,489.4000,489.4100,489.4000,489.4100
1787677402,489.4600,489.4600,489.4600,489.4600
1787677403,489.4550,489.4550,489.4550,489.4550
1787677407,489.4500,489.4500,489.4400,489.4400
1787677416,489.4400,489.4400,489.4400,489.4400
1787677417,489.4800,489.4800,489.4800,489.4800
1787677419,489.5000,489.5000,489.5000,489.5000
1787677420,489.5000,489.5000,489.5000,489.5000
1787677421,489.4700,489.4700,489.4700,489.4700
1787677422,489.4300,489.4300,489.4300,489.4300
1787677424,489.4400,489.4700,489.4400,489.4700
1787677426,489.4400,489.4400,489.4400,489.4400
1787677436,489.4900,489.5800,489.4900,489.5800
1787677437,489.5500,489.5500,489.5500,489.5500
1787677440,489.5400,489.5400,489.5400,489.5400
1787677445,489.6200,489.6200,489.6200,489.6200
1787677446,489.6400,489.6400,489.6400,489.6400
1787677458,489.5800,489.5800,489.5800,489.5800
1787677470,489.6200,489.6200,489.6200,489.6200
1787677477,489.5900,489.5900,489.5900,489.5900
1787677482,489.6300,489.6300,489.6300,489.6300
1787677495,489.6200,489.6200,489.5900,489.5900
1787677502,489.5500,489.5500,489.5500,489.5500
1787677504,489.5300,489.5300,489.5300,489.5300
1787677505,489.5100,489.5100,489.5100,489.5100
1787677509,489.5600,489.5700,489.5600,489.5700
1787677517,489.5800,489.6000,489.5800,489.5900
1787677518,489.5600,489.5600,489.5500,489.5500
1787677519,489.5400,489.5400,489.5400,489.5400
1787677524,489.5000,489.5000,489.5000,489.5000
1787677528,489.4800,489.4800,489.4800,489.4800
1787677530,489.4700,489.4700,489.4700,489.4700
1787677543,489.4500,489.4500,489.4500,489.4500
1787677561,489.3300,489.3300,489.3300,489.3300
1787677563,489.3100,489.3100,489.3100,489.3100
1787677564,489.3100,489.3100,489.3100,489.3100
1787677567,489.3000,489.3000,489.3000,489.3000
1787677569,489.3000,489.3100,489.3000,489.3100
1787677571,489.3000,489.3400,489.3000,489.3400
1787677572,489.3100,489.3100,489.3100,489.3100
1787677577,489.2900,489.2900,489.2750,489.2750
1787677583,489.2750,489.2750,489.2750,489.2750
1787677587,489.2700,489.2700,489.2700,489.2700
1787677588,489.2750,489.2750,489.2750,489.2750
1787677589,489.3100,489.3100,489.3100,489.3100
1787677591,489.3400,489.3400,489.3400,489.3400
1787677593,489.3400,489.3400,489.3400,489.3400
1787677597,489.3500,489.3800,489.3500,489.3800
1787677603,489.3300,489.3300,489.3300,489.3300
1787677606,489.3400,489.3400,489.3400,489.3400
1787677611,489.3900,489.3900,489.3900,489.3900
1787677617,489.3900,489.4300,489.3900,489.4300
1787677618,489.4500,489.5050,489.4500,489.5050
1787677627,489.5600,489.5600,489.5600,489.5600
1787677628,489.5600,489.5700,489.5600,489.5700
1787677631,489.5650,489.5650,489.5650,489.5650
1787677634,489.5800,489.5800,489.5800,489.5800
1787677635,489.6000,489.6000,489.6000,489.6000
1787677636,489.5950,489.5950,489.5950,489.5950
1787677642,489.6100,489.6100,489.6100,489.6100
1787677643,489.5800,489.5800,489.5800,489.5800
1787677646,489.5700,489.5700,489.5100,489.5100
1787677648,489.5100,489.5100,489.5100,489.5100
1787677651,489.4700,489.4700,489.4700,489.4700
1787677659,489.5100,489.5300,489.5100,489.5200
1787677661,489.5200,489.5800,489.5200,489.5800
1787677663,489.5800,489.5800,489.5800,489.5800
1787677664,489.5800,489.6100,489.5800,489.6100
1787677668,489.6100,489.6100,489.6100,489.6100
1787677671,489.6600,489.6700,489.6600,489.6700
1787677683,489.6400,489.6400,489.6300,489.6300
1787677688,489.6500,489.6500,489.6500,489.6500
1787677698,489.6400,489.6400,489.6000,489.6000
1787677704,489.5700,489.5700,489.5700,489.5700
1787677707,489.5700,489.5700,489.5700,489.5700
1787677713,489.5700,489.5700,489.5700,489.5700
1787677718,489.5750,489.5750,489.5750,489.5750
1787677719,489.5300,489.5300,489.5200,489.5200
1787677721,489.4400,489.4400,489.4400,489.4400
1787677722,489.4200,489.4200,489.4200,489.4200
1787677723,489.4450,489.4450,489.4450,489.4450
1787677724,489.4800,489.4800,489.4800,489.4800
1787677741,489.4550,489.4550,489.4550,489.4550
1787677747,489.4900,489.5000,489.4900,489.5000
1787677748,489.5200,489.5300,489.5200,489.5300
1787677763,489.5100,489.5100,489.5000,489.5000
1787677771,489.4600,489.4600,489.4600,489.4600
1787677784,489.5100,489.5600,489.5100,489.5600
1787677788,489.5800,489.6100,489.5800,489.6100
1787677789,489.6100,489.6600,489.6100,489.6600
1787677791,489.6900,489.6900,489.6900,489.6900
1787677793,489.6600,489.6800,489.6400,489.6800
1787677794,489.6900,489.7100,489.6900,489.7100
1787677796,489.7000,489.7000,489.6900,489.7000
1787677798,489.6700,489.6700,489.6700,489.6700
1787677799,489.6800,489.6800,489.6700,489.6700
1787677800,489.6800,489.6800,489.6800,489.6800
1787677805,489.7400,489.7400,489.7400,489.7400
1787677806,489.7600,489.7600,489.7600,489.7600
1787677807,489.7900,489.8000,489.7800,489.7800
1787677808,489.8000,489.8000,489.7900,489.7900
1787677812,489.7950,489.7950,489.7950,489.7950
1787677813,489.7800,489.7800,489.7600,489.7600
1787677814,489.7400,489.7400,489.6900,489.6900
1787677827,489.7500,489.7500,489.7500,489.7500
1787677829,489.7500,489.7500,489.7500,489.7500
1787677830,489.7600,489.7600,489.7600,489.7600
1787677835,489.7900,489.8300,489.7900,489.8100
1787677838,489.7700,489.7700,489.7700,489.7700
1787677843,489.7200,489.7200,489.7200,489.7200
1787677866,489.7500,489.7500,489.7400,489.7400
1787677870,489.7600,489.7600,489.7600,489.7600
1787677882,489.7600,489.7800,489.7600,489.7800
1787677883,489.7400,489.7400,489.7400,489.7400
1787677884,489.6900,489.6900,489.6200,489.6200
1787677887,489.6700,489.6700,489.6700,489.6700
1787677901,489.7000,489.7000,489.7000,489.7000
1787677909,489.6300,489.6350,489.6100,489.6100
1787677912,489.6300,489.6400,489.6300,489.6400
1787677918,489.6550,489.6550,489.6550,489.6550
1787677919,489.6000,489.6000,489.5900,489.5900
1787677923,489.5700,489.5700,489.5700,489.5700
1787677924,489.6000,489.6000,489.6000,489.6000
1787677925,489.6200,489.6400,489.6200,489.6400
1787677927,489.6500,489.6500,489.6500,489.6500
1787677934,489.7000,489.7300,489.7000,489.7300
1787677936,489.7800,489.7800,489.7800,489.7800
1787677937,489.8000,489.8000,489.8000,489.8000
1787677939,489.8400,489.8900,489.8400,489.8900
1787677944,489.9000,489.9000,489.9000,489.9000
1787677950,489.9000,489.9000,489.9000,489.9000
1787677951,489.9000,489.9000,489.9000,489.9000
1787677957,489.8700,489.8700,489.8700,489.8700
1787677958,489.8700,489.8700,489.8700,489.8700
1787677959,489.8700,489.8700,489.8400,489.8400
1787677969,489.8300,489.8300,489.8300,489.8300
1787677971,489.7700,489.7700,489.7500,489.7600
1787677972,489.7600,489.7600,489.7600,489.7600
1787677985,489.7100,489.7100,489.7100,489.7100
1787677994,489.7000,489.7000,489.7000,489.7000
1787677996,489.7700,489.7700,489.7700,489.7700
1787677998,489.7800,489.8000,489.7800,489.8000
1787678003,489.8100,489.8100,489.8100,489.8100
1787678018,489.8400,489.8800,489.8400,489.8600
1787678029,489.8900,489.9800,489.8900,489.9800
1787678030,489.9700,489.9900,489.9700,489.9700
1787678031,490.0000,490.0300,489.9900,490.0200
1787678035,490.0200,490.0200,490.0100,490.0100
1787678037,490.0400,490.0500,490.0400,490.0500
1787678040,490.0500,490.0500,490.0500,490.0500
1787678042,490.0500,490.0900,490.0500,490.0900
1787678043,490.0900,490.1300,490.0900,490.1300
1787678049,490.1200,490.1200,490.1200,490.1200
1787678051,490.1200,490.1200,490.0900,490.0900
1787678052,490.0900,490.0900,490.0900,490.0900
1787678056,490.0700,490.0700,490.0700,490.0700
1787678057,490.0700,490.1200,490.0700,490.1200
1787678060,490.1300,490.1300,490.1100,490.1100
1787678061,490.1100,490.1100,490.1100,490.1100
1787678063,490.1300,490.1400,490.1300,490.1400
1787678070,490.0800,490.0800,490.0800,490.0800
1787678073,490.1000,490.1000,490.0700,490.0700
1787678076,490.0400,490.0400,490.0200,490.0200
1787678081,490.0200,490.0200,490.0200,490.0200
1787678082,490.0500,490.0500,490.0500,490.0500
1787678085,490.0200,490.0500,490.0200,490.0500
1787678091,490.0700,490.0700,490.0700,490.0700
1787678094,490.1100,490.1200,490.1100,490.1100
1787678095,490.0800,490.0800,490.0500,490.0500
1787678096,490.0300,490.0300,490.0200,490.0200
1787678097,490.0200,490.0200,489.8000,489.8000
1787678099,489.7600,489.7600,489.7500,489.7500
1787678100,489.7700,489.7700,489.7700,489.7700
1787678101,489.7700,489.7700,489.7700,489.7700
1787678103,489.7700,489.8250,489.7700,489.8000
1787678110,489.8150,489.8150,489.8150,489.8150
1787678114,489.7800,489.7800,489.7800,489.7800
1787678117,489.8700,489.8700,489.8700,489.8700
1787678120,489.8700,489.8700,489.8700,489.8700
1787678121,489.8500,489.8500,489.8400,489.8400
1787678129,489.8600,489.8600,489.8600,489.8600
1787678130,489.8400,489.8400,489.8400,489.8400
1787678133,489.8700,489.8900,489.8700,489.8900
1787678138,489.8750,489.8750,489.8750,489.8750
1787678155,489.8600,489.8600,489.8600,489.8600
1787678156,489.8500,489.8500,489.8300,489.8300
1787678157,489.8500,489.8600,489.8500,489.8600
1787678161,489.9100,489.9400,489.9100,489.9400
1787678162,489.9400,489.9600,489.9400,489.9600
1787678165,489.9100,489.9100,489.9100,489.9100
1787678167,489.9200,489.9200,489.9200,489.9200
1787678168,489.9700,490.0600,489.9700,490.0600
1787678169,490.1300,490.1400,490.1300,490.1400
1787678178,490.1000,490.1000,490.1000,490.1000
1787678194,490.1100,490.2100,490.1000,490.1900
1787678197,490.1900,490.1900,490.1500,490.1500
1787678199,490.1000,490.1000,490.0800,490.0800
1787678200,490.0700,490.0700,490.0700,490.0700
1787678202,490.0900,490.0900,490.0900,490.0900
1787678209,490.0400,490.0400,490.0300,490.0300
1787678210,490.0800,490.0800,490.0800,490.0800
1787678211,490.1000,490.1000,490.1000,490.1000
1787678214,490.0900,490.0900,490.0900,490.0900
1787678227,490.1200,490.1200,490.0800,490.0800
1787678230,490.1200,490.1200,490.1200,490.1200
1787678238,490.0300,490.0400,490.0200,490.0400
1787678241,490.0300,490.0300,490.0300,490.0300
1787678245,490.0550,490.0550,490.0550,490.0550
1787678251,490.1000,490.1000,490.1000,490.1000
1787678255,490.1000,490.1300,490.1000,490.1300
1787678256,490.1300,490.1300,490.1300,490.1300
1787678257,490.1300,490.1400,490.1300,490.1400
1787678259,490.1500,490.1500,490.1500,490.1500
1787678260,490.1200,490.1200,490.1200,490.1200
1787678261,490.1500,490.1500,490.1500,490.1500
1787678268,490.1500,490.1500,490.1500,490.1500
1787678272,490.1500,490.1500,490.1500,490.1500
1787678281,490.1500,490.1500,490.1500,490.1500
1787678283,490.1650,490.1650,490.1500,490.1500
1787678284,490.1500,490.1500,490.1300,490.1300
1787678285,490.1100,490.1400,490.1100,490.1400
1787678288,490.1200,490.1200,490.1200,490.1200
1787678297,490.1250,490.1300,490.1250,490.1300
1787678303,490.0800,490.0800,490.0700,490.0700
1787678304,490.1000,490.1100,490.1000,490.1100
1787678307,490.0600,490.0600,490.0600,490.0600
1787678309,490.0700,490.0700,490.0700,490.0700
1787678313,490.0750,490.0750,490.0750,490.0750
1787678314,490.0300,490.0400,490.0300,490.0400
1787678319,490.0900,490.0900,490.0900,490.0900
1787678321,490.1200,490.1200,490.1200,490.1200
1787678322,490.1150,490.1150,490.0800,490.0800
1787678323,490.0400,490.0400,489.9700,489.9700
1787678326,489.9200,489.9200,489.9200,489.9200
1787678332,490.0000,490.0000,490.0000,490.0000
1787678344,490.0000,490.0000,490.0000,490.0000
1787678346,489.9950,489.9950,489.9950,489.9950
1787678348,490.0200,490.0300,490.0200,490.0300
1787678359,490.0200,490.0200,490.0200,490.0200
1787678362,490.0600,490.0600,490.0600,490.0600
1787678365,490.0600,490.0600,490.0300,490.0300
1787678366,490.0300,490.0300,490.0200,490.0200
1787678370,490.0600,490.0900,490.0600,490.0800
1787678372,490.1100,490.2000,490.1100,490.2000
1787678376,490.2200,490.2200,490.2200,490.2200
1787678377,490.2500,490.2800,490.2500,490.2800
1787678378,490.2600,490.2600,490.2600,490.2600
1787678379,490.2600,490.2600,490.2500,490.2500
1787678380,490.3000,490.3000,490.3000,490.3000
1787678381,490.3300,490.3400,490.3300,490.3400
1787678383,490.3200,490.3500,490.3200,490.3500
1787678392,490.3400,490.3400,490.3400,490.3400
1787678393,490.3450,490.3450,490.3450,490.3450
1787678397,490.3400,490.7500,490.3300,490.6700
1787678398,490.6750,490.6750,490.6750,490.6750
1787678400,490.6500,490.6800,490.6500,490.6800
1787678401,490.6800,490.6800,490.5800,490.6100
1787678405,490.6000,490.6000,490.5900,490.5900
1787678406,490.4900,490.4900,490.4900,490.4900
1787678414,490.5100,490.5100,490.5000,490.5000
1787678416,490.4500,490.4500,490.4500,490.4500
1787678421,490.4400,490.4400,490.4400,490.4400
1787678422,490.4500,490.4500,490.1900,490.1900
1787678424,490.1500,490.1500,490.1500,490.1500
1787678425,490.1500,490.1500,490.1500,490.1500
1787678435,490.1700,490.2100,490.1700,490.1900
1787678436,490.1600,490.1900,490.1600,490.1600
1787678439,490.2000,490.2000,490.2000,490.2000
1787678444,490.1450,490.1450,490.1450,490.1450
1787678445,490.1600,490.1600,490.1600,490.1600
1787678453,490.1200,490.1400,490.1200,490.1400
1787678456,490.1100,490.1100,490.0800,490.0800
1787678460,490.0600,490.0600,490.0600,490.0600
1787678468,490.0550,490.0800,490.0550,490.0800
1787678469,490.0100,490.0100,490.0000,490.0000
1787678472,489.9600,489.9600,489.9600,489.9600
1787678475,489.9700,489.9800,489.9600,489.9600
1787678477,489.9700,489.9700,489.9700,489.9700
1787678479,490.0000,490.0050,490.0000,490.0050
1787678483,490.0100,490.0100,490.0100,490.0100
1787678484,490.0150,490.0150,490.0150,490.0150
1787678489,490.0500,490.0800,490.0500,490.0800
1787678492,490.0600,490.0600,490.0600,490.0600
1787678495,490.0900,490.0900,490.0900,490.0900
1787678497,490.0600,490.0600,490.0600,490.0600
1787678501,490.0300,490.0300,489.9800,489.9800
1787678502,489.9400,490.0000,489.9400,490.0000
1787678503,490.0000,490.0000,490.0000,490.0000
1787678509,490.0000,490.0000,490.0000,490.0000
1787678520,490.0300,490.0300,490.0000,490.0000
1787678521,489.9600,489.9600,489.9500,489.9500
1787678523,489.9500,489.9500,489.9500,489.9500
1787678524,489.9600,489.9950,489.9600,489.9950
1787678527,489.9900,490.0000,489.9900,490.0000
1787678528,490.0500,490.1200,490.0500,490.1200
1787678532,490.1000,490.1000,490.1000,490.1000
1787678538,490.1200,490.2100,490.1200,490.2100
1787678539,490.2100,490.2100,490.2100,490.2100
1787678542,490.2100,490.2100,490.2100,490.2100
1787678551,490.1600,490.1700,490.1600,490.1700
1787678553,490.2250,490.2250,490.2250,490.2250
1787678554,490.1900,490.1900,490.1900,490.1900
1787678568,490.2000,490.2000,490.1800,490.1800
1787678569,490.1700,490.1700,490.1700,490.1700
1787678585,490.1800,490.2400,490.1800,490.2400
1787678586,490.2200,490.2200,490.2200,490.2200
1787678587,490.2200,490.2200,490.1900,490.1900
1787678592,490.1500,490.1500,490.1500,490.1500
1787678596,490.1700,490.1700,490.1700,490.1700
1787678602,490.2200,490.2200,490.2200,490.2200
1787678609,490.2300,490.2700,490.2300,490.2700
1787678612,490.2400,490.2400,490.2200,490.2200
1787678622,490.1900,490.1900,490.1900,490.1900
1787678627,490.1600,490.1700,490.1300,490.1300
1787678630,490.1100,490.1100,490.1000,490.1000
1787678642,490.1200,490.1800,490.1200,490.1800
1787678660,490.1800,490.1800,490.1800,490.1800
1787678662,490.1800,490.1800,490.1800,490.1800
1787678665,490.1600,490.1600,490.1500,490.1500
1787678666,490.1900,490.1900,490.1900,490.1900
1787678677,490.1600,490.1600,490.1600,490.1600
1787678684,490.2000,490.2600,490.2000,490.2600
1787678693,490.2250,490.2250,490.2250,490.2250
1787678701,490.2700,490.3000,490.2700,490.3000
1787678711,490.2900,490.2900,490.2900,490.2900
1787678714,490.2700,490.2700,490.1100,490.1300
1787678720,490.1400,490.1600,490.1400,490.1600
1787678734,490.1800,490.1900,490.1800,490.1900
1787678739,490.1900,490.1900,490.1800,490.1800
1787678740,490.1300,490.1300,490.1200,490.1200
1787678741,490.0800,490.0800,489.9700,489.9700
1787678758,489.9300,490.0000,489.9300,489.9400
1787678760,489.9200,489.9200,489.8300,489.8300
1787678765,489.7900,489.7900,489.7800,489.7800
1787678769,489.7800,489.7800,489.7800,489.7800
1787678771,489.8000,489.8300,489.8000,489.8300
1787678774,489.8200,489.8200,489.8200,489.8200
1787678775,489.8500,489.8700,489.8500,489.8700
1787678776,489.8800,489.9000,489.8800,489.9000
1787678781,489.9100,489.9100,489.9100,489.9100
1787678785,489.8900,489.8900,489.8800,489.8800
1787678789,489.8600,489.8600,489.8500,489.8500
1787678790,489.8500,489.8500,489.8500,489.8500
1787678793,489.8600,489.9000,489.8600,489.9000
1787678802,489.8650,489.8650,489.8650,489.8650
1787678804,489.8300,489.8300,489.8100,489.8100
1787678807,489.8300,489.8300,489.8300,489.8300
1787678811,489.8800,489.8800,489.8700,489.8700
1787678821,489.8400,489.8450,489.8400,489.8450
1787678826,489.8450,489.8800,489.8100,489.8800
1787678827,489.8100,489.8100,489.8100,489.8100
1787678828,489.8400,489.8400,489.8400,489.8400
1787678840,489.8500,489.8500,489.8500,489.8500
1787678844,489.8400,489.8400,489.8400,489.8400
1787678850,489.8500,489.8500,489.8000,489.8000
1787678856,489.7900,489.7900,489.7900,489.7900
1787678860,489.8000,489.8000,489.8000,489.8000
1787678867,489.8400,489.8500,489.8400,489.8500
1787678879,489.8900,489.9100,489.8900,489.9100
1787678881,489.9000,489.9000,489.9000,489.9000
1787678882,489.8800,489.8800,489.8200,489.8200
1787678885,489.8200,489.8200,489.7300,489.7300
1787678907,489.7600,489.8000,489.7600,489.8000
1787678909,489.7600,489.7600,489.7600,489.7600
1787678914,489.7700,489.7700,489.7700,489.7700
1787678925,489.7700,489.7700,489.7700,489.7700
1787678933,489.7800,489.7800,489.7600,489.7700
1787678939,489.7850,489.7850,489.7850,489.7850
1787678942,489.8000,489.8400,489.7900,489.8400
1787678947,489.8600,489.9100,489.8600,489.9100
1787678948,489.8900,489.8900,489.8900,489.8900
1787678959,489.8800,489.8800,489.8400,489.8500
1787678970,489.8600,489.8600,489.8600,489.8600
1787678978,489.8900,489.8900,489.8900,489.8900
1787678979,489.8900,489.8900,489.8900,489.8900
1787678981,489.9200,489.9600,489.9200,489.9200
1787678982,489.8900,489.8900,489.8900,489.8900
1787678983,489.8800,489.8800,489.8700,489.8700
1787678987,489.9050,489.9050,489.9050,489.9050
1787678989,489.8900,489.8900,489.8600,489.8750
1787678990,489.8600,489.8600,489.8600,489.8600
1787678991,489.8600,489.8600,489.8300,489.8300
1787678992,489.8200,489.8300,489.8200,489.8200
1787678995,489.8200,489.8200,489.8000,489.8100
1787678997,489.8500,489.8500,489.8500,489.8500
1787679010,489.8750,489.8750,489.8750,489.8750
1787679021,489.8400,489.8400,489.8400,489.8400
1787679023,489.7900,489.7900,489.7900,489.7900
1787679024,489.8350,489.8350,489.8350,489.8350
1787679026,489.7800,489.7800,489.7500,489.7500
1787679037,489.7000,489.7000,489.6200,489.6200
1787679051,489.6700,489.7100,489.6700,489.7100
1787679052,489.7100,489.7100,489.7100,489.7100
1787679053,489.7100,489.7100,489.7100,489.7100
1787679055,489.7200,489.7200,489.7200,489.7200
1787679060,489.7400,489.7400,489.7400,489.7400
1787679061,489.7400,489.7400,489.7400,489.7400
1787679062,489.7200,489.7200,489.6700,489.7000
1787679063,489.7000,489.7200,489.7000,489.7050
1787679073,489.7500,489.7700,489.7500,489.7700
1787679077,489.7900,489.8300,489.7900,489.8300
1787679078,489.8250,489.8250,489.8250,489.8250
1787679085,489.8400,489.8400,489.8400,489.8400
1787679086,489.8200,489.8200,489.8100,489.8100
1787679087,489.7900,489.7900,489.7800,489.7800
1787679096,489.8050,489.8300,489.8050,489.8300
1787679104,489.8000,489.8000,489.7900,489.7900
1787679108,489.7800,489.7900,489.7800,489.7900
1787679111,489.8400,489.8400,489.8400,489.8400
1787679117,489.8400,489.8500,489.8400,489.8500
1787679118,489.8300,489.8300,489.8300,489.8300
1787679124,489.7900,489.7900,489.7300,489.7300
1787679131,489.6200,489.6200,489.6200,489.6200
1787679136,489.5700,489.5700,489.5100,489.5100
1787679143,489.4600,489.4600,489.4400,489.4400
1787679145,489.4100,489.4100,489.3900,489.3900
1787679154,489.3700,489.3700,489.3700,489.3700
1787679164,489.3950,489.4200,489.3950,489.4200
1787679165,489.3950,489.3950,489.3800,489.3800
1787679167,489.4300,489.4300,489.3950,489.4200
1787679171,489.3600,489.3600,489.3500,489.3500
1787679184,489.3300,489.3300,489.3300,489.3300
1787679190,489.3000,489.3000,489.2700,489.2700
1787679193,489.2600,489.2600,489.2600,489.2600
1787679195,489.2600,489.2600,489.2600,489.2600
1787679199,489.3000,489.3100,489.3000,489.3100
1787679200,489.3000,489.3000,489.3000,489.3000
1787679206,489.3300,489.3500,489.3300,489.3500
1787679213,489.3900,489.4200,489.3900,489.4200
1787679214,489.3900,489.3900,489.3900,489.3900
1787679217,489.3700,489.3700,489.3700,489.3700
1787679220,489.3400,489.4700,489.3200,489.4700
1787679224,489.5600,489.5600,489.5600,489.5600
1787679228,489.5900,489.6100,489.5900,489.6000
1787679236,489.5600,489.5600,489.5200,489.5200
1787679242,489.5500,489.5500,489.5300,489.5300
1787679245,489.5100,489.5200,489.4900,489.4900
1787679251,489.5300,489.5500,489.5300,489.5500
1787679255,489.5600,489.5600,489.5600,489.5600
1787679257,489.5700,489.5700,489.5500,489.5500
1787679258,489.5300,489.5300,489.5300,489.5300
1787679260,489.4900,489.4900,489.4400,489.4500
1787679280,489.4700,489.4900,489.4600,489.4600
1787679286,489.4400,489.4400,489.4300,489.4300
1787679290,489.4000,489.4000,489.3900,489.3900
1787679293,489.4100,489.4100,489.4100,489.4100
1787679300,489.4000,489.4000,489.4000,489.4000
1787679310,489.4100,489.4100,489.4000,489.4000
1787679313,489.4500,489.4500,489.4500,489.4500
1787679316,489.4600,489.5200,489.4600,489.5200
1787679320,489.4500,489.4500,489.4500,489.4500
1787679321,489.4300,489.4300,489.4100,489.4100
1787679325,489.3950,489.4250,489.3950,489.4250
1787679327,489.4300,489.4300,489.4000,489.4000
1787679329,489.3800,489.3800,489.3700,489.3700
1787679332,489.3600,489.3600,489.3300,489.3400
1787679336,489.3500,489.3500,489.3500,489.3500
1787679340,489.3800,489.3800,489.3800,489.3800
1787679342,489.3800,489.3800,489.3800,489.3800
1787679343,489.4300,489.4300,489.4300,489.4300
1787679349,489.4100,489.4100,489.3900,489.3900
1787679350,489.3500,489.4200,489.3500,489.4200
1787679357,489.4200,489.4700,489.4200,489.4700
1787679369,489.4400,489.4400,489.4400,489.4400
1787679371,489.3900,489.3900,489.3800,489.3800
1787679378,489.3900,489.3900,489.3900,489.3900
1787679381,489.3800,489.3800,489.3800,489.3800
1787679384,489.3850,489.3850,489.3500,489.3500
1787679386,489.3400,489.3400,489.3400,489.3400
1787679388,489.3700,489.4000,489.3700,489.4000
1787679394,489.4050,489.4050,489.4050,489.4050
1787679398,489.4300,489.4300,489.4300,489.4300
1787679399,489.4400,489.4700,489.4400,489.4700
1787679401,489.4600,489.4600,489.4600,489.4600
1787679406,489.4700,489.4700,489.4700,489.4700
1787679410,489.5100,489.5200,489.5100,489.5100
1787679412,489.5800,489.6050,489.5800,489.6050
1787679414,489.5500,489.5500,489.5500,489.5500
1787679420,489.5100,489.5100,489.5100,489.5100
1787679423,489.5300,489.5300,489.5300,489.5300
1787679425,489.5200,489.5200,489.4900,489.4900
1787679427,489.5200,489.5200,489.4900,489.4900
1787679431,489.4800,489.4900,489.4800,489.4900
1787679437,489.4900,489.4900,489.4900,489.4900
1787679439,489.4800,489.4800,489.4700,489.4700
1787679443,489.5000,489.5000,489.5000,489.5000
1787679444,489.4800,489.4800,489.4700,489.4800
1787679446,489.5200,489.5200,489.5200,489.5200
1787679454,489.5300,489.5400,489.5300,489.5400
1787679463,489.5500,489.5700,489.5500,489.5700
1787679470,489.6500,489.7300,489.6500,489.7300
1787679473,489.7400,489.7400,489.7400,489.7400
1787679476,489.7550,489.7550,489.7550,489.7550
1787679480,489.7400,489.7400,489.7400,489.7400
1787679487,489.7900,489.8200,489.7900,489.8200
1787679489,489.8000,489.8000,489.7900,489.7900
1787679497,489.7800,489.7800,489.7800,489.7800
1787679500,489.8700,489.8700,489.8700,489.8700
1787679502,489.8700,489.9500,489.8700,489.9300
1787679525,489.8300,489.8300,489.8100,489.8100
1787679527,489.7900,489.7900,489.7900,489.7900
1787679531,489.8700,489.8700,489.8700,489.8700
1787679534,489.8700,489.8700,489.8700,489.8700
1787679545,489.8400,489.8400,489.8400,489.8400
1787679546,489.8200,489.8200,489.7900,489.7900
1787679548,489.7800,489.8000,489.7800,489.8000
1787679551,489.8000,489.8000,489.8000,489.8000
1787679557,489.8550,489.8550,489.8200,489.8200
1787679559,489.7900,489.7900,489.7600,489.7600
1787679561,489.7700,489.8000,489.7700,489.8000
1787679566,489.7800,489.7800,489.7500,489.7600
1787679572,489.7900,489.8250,489.7900,489.8250
1787679573,489.8300,489.8700,489.8000,489.8600
1787679575,489.8350,489.8350,489.8350,489.8350
1787679580,489.8300,489.8300,489.7900,489.8000
1787679581,489.7700,489.7700,489.7700,489.7700
1787679584,489.7800,489.7800,489.7800,489.7800
1787679589,489.7900,489.7900,489.7800,489.7800
1787679591,489.7700,489.7700,489.7300,489.7400
1787679598,489.7400,489.7500,489.7100,489.7500
1787679605,489.7500,489.7500,489.7500,489.7500
1787679614,489.8000,489.8000,489.8000,489.8000
1787679620,489.8000,489.8000,489.8000,489.8000
1787679625,489.8200,489.8400,489.8200,489.8400
1787679626,489.8050,489.8050,489.7700,489.8050
1787679629,489.7600,489.7600,489.7200,489.7200
1787679634,489.7450,489.7450,489.7450,489.7450
1787679641,489.8000,489.8100,489.8000,489.8100
1787679642,489.8100,489.8100,489.8100,489.8100
1787679643,489.8000,489.8000,489.8000,489.8000
1787679648,489.8100,489.8100,489.7900,489.7900
1787679649,489.7900,489.7900,489.7900,489.7900
1787679651,489.8050,489.8050,489.8050,489.8050
1787679652,489.8300,489.8600,489.8300,489.8600
1787679659,489.8300,489.8300,489.8300,489.8300
1787679660,489.8300,489.8300,489.8300,489.8300
1787679661,489.8100,489.8100,489.8100,489.8100
1787679669,489.8300,489.8400,489.8300,489.8400
1787679670,489.8600,489.8600,489.8600,489.8600
1787679687,489.8800,489.9000,489.8800,489.8900
1787679697,489.9100,489.9300,489.9100,489.9300
1787679700,489.9500,489.9600,489.9500,489.9600
1787679707,489.9800,490.0300,489.9800,490.0150
1787679711,490.0900,490.0900,490.0900,490.0900
1787679715,490.1400,490.1400,490.1400,490.1400
1787679716,490.1200,490.1200,490.1200,490.1200
1787679722,490.1550,490.1600,490.1550,490.1600
1787679725,490.1800,490.1800,490.1800,490.1800
1787679733,490.2100,490.2500,490.2100,490.2500
1787679740,490.2400,490.2500,490.1600,490.1600
1787679744,490.1400,490.1400,490.1400,490.1400
1787679752,490.1200,490.1200,490.1200,490.1200
1787679755,490.1000,490.1000,490.0900,490.0900
1787679756,490.0900,490.0900,490.0900,490.0900
1787679757,490.0700,490.0700,489.9700,489.9700
1787679778,490.0200,490.0200,490.0200,490.0200
1787679786,489.9900,489.9900,489.9900,489.9900
1787679788,490.0100,490.0100,490.0100,490.0100
1787679801,490.0600,490.0600,490.0600,490.0600
1787679803,490.0300,490.0300,490.0300,490.0300
1787679811,490.0500,490.0500,490.0500,490.0500
1787679812,490.0200,490.0300,490.0100,490.0300
1787679823,490.0000,490.0000,490.0000,490.0000
1787679825,490.0150,490.0150,490.0150,490.0150
1787679827,490.0100,490.0100,490.0100,490.0100
1787679828,490.0100,490.0100,490.0100,490.0100
1787679829,490.0150,490.0150,490.0150,490.0150
1787679830,490.0150,490.0150,490.0150,490.0150
1787679832,490.0000,490.0000,489.9900,489.9900
1787679833,489.9900,489.9900,489.9900,489.9900
1787679834,489.9900,489.9900,489.9900,489.9900
1787679835,489.9800,490.0000,489.9600,490.0000
1787679839,490.0000,490.0000,490.0000,490.0000
1787679848,489.9700,489.9700,489.9600,489.9600
1787679853,489.9600,489.9600,489.9500,489.9500
1787679863,489.9400,489.9400,489.9400,489.9400
1787679864,489.9400,489.9400,489.9400,489.9400
1787679866,489.9300,489.9300,489.9300,489.9300
1787679867,489.9600,489.9600,489.9600,489.9600
1787679869,489.9600,489.9600,489.9600,489.9600
1787679873,489.9400,489.9400,489.9400,489.9400
1787679879,489.9000,489.9000,489.9000,489.9000
1787679885,489.9000,489.9000,489.8900,489.8900
1787679886,489.8950,489.8950,489.8950,489.8950
1787679887,489.9100,489.9400,489.9100,489.9400
1787679898,489.9500,489.9600,489.9500,489.9600
1787679899,489.9800,489.9800,489.9800,489.9800
1787679905,490.0000,490.0000,490.0000,490.0000
1787679909,490.0000,490.0100,490.0000,490.0100
1787679913,490.0200,490.0300,490.0200,490.0300
1787679914,490.0200,490.0200,490.0200,490.0200
1787679921,490.0500,490.0500,490.0500,490.0500
1787679931,490.0600,490.0800,490.0600,490.0800
1787679935,490.0400,490.0400,490.0400,490.0400
1787679944,490.0900,490.1000,490.0900,490.1000
1787679946,490.1100,490.1100,490.1100,490.1100
1787679948,490.1300,490.1300,490.1300,490.1300
1787679950,490.1100,490.1100,490.1000,490.1000
1787679955,490.0800,490.0800,490.0700,490.0700
1787679960,490.0700,490.0700,490.0700,490.0700
1787679962,490.0700,490.0700,490.0700,490.0700
1787679975,490.0700,490.0700,490.0400,490.0400
1787679983,490.0250,490.0250,490.0250,490.0250
1787679985,490.0100,490.0100,490.0100,490.0100
1787679990,490.0500,490.0600,490.0500,490.0600
1787679992,490.0800,490.0800,490.0700,490.0700
1787679997,490.0800,490.0800,490.0600,490.0600
1787679999,490.0600,490.0600,490.0600,490.0600
1787680000,490.1000,490.1000,490.1000,490.1000
1787680010,490.1100,490.1100,490.1100,490.1100
1787680014,490.1000,490.1000,490.1000,490.1000
1787680015,490.0850,490.0850,490.0850,490.0850
1787680018,490.0600,490.0600,490.0400,490.0400
1787680020,490.0300,490.0300,490.0200,490.0200
1787680023,490.0100,490.0100,489.9800,489.9800
1787680024,489.9700,489.9700,489.9700,489.9700
1787680033,489.9800,489.9800,489.9800,489.9800
1787680038,489.9700,489.9700,489.9700,489.9700
1787680039,489.9700,489.9700,489.9700,489.9700
1787680043,489.9600,489.9600,489.9600,489.9600
1787680049,489.9750,490.0100,489.9750,490.0100
1787680056,490.0350,490.0350,490.0350,490.0350
1787680057,490.0100,490.0100,490.0100,490.0100
1787680062,490.0200,490.0200,490.0100,490.0100
1787680064,490.0000,490.0000,490.0000,490.0000
1787680066,490.0000,490.0000,489.9900,489.9900
1787680068,489.9900,489.9900,489.9900,489.9900
1787680072,490.0200,490.0600,490.0200,490.0600
1787680074,490.0600,490.0600,490.0400,490.0400
1787680075,490.1000,490.1000,490.1000,490.1000
1787680078,490.0700,490.0700,490.0000,490.0500
1787680080,489.9700,489.9700,489.9700,489.9700
1787680087,490.0100,490.0100,490.0100,490.0100
1787680100,490.0350,490.0350,490.0350,490.0350
1787680101,490.0350,490.0900,490.0350,490.0850
1787680112,490.0950,490.0950,490.0950,490.0950
1787680121,490.1100,490.1200,490.1100,490.1200
1787680122,490.1100,490.1100,490.1100,490.1100
1787680127,490.1300,490.1300,490.0700,490.0700
1787680134,490.0350,490.0350,490.0350,490.0350
1787680137,490.0300,490.0300,490.0300,490.0300
1787680138,490.0100,490.0100,490.0100,490.0100
1787680142,490.0200,490.0200,490.0200,490.0200
1787680148,490.0200,490.0200,490.0200,490.0200
1787680151,490.0200,490.0200,489.9600,489.9900
1787680152,490.0000,490.0400,489.9200,489.9200
1787680157,489.9500,489.9700,489.9500,489.9700
1787680162,489.8900,489.8900,489.8500,489.8500
1787680169,489.7600,489.7600,489.7400,489.7400
1787680170,489.7800,489.7800,489.7800,489.7800
1787680175,489.7500,489.7500,489.7500,489.7500
1787680176,489.7400,489.7400,489.7400,489.7400
1787680180,489.7650,489.7650,489.7650,489.7650
1787680181,489.7700,489.7700,489.7700,489.7700
1787680187,489.7700,489.7700,489.7700,489.7700
1787680194,489.7600,489.7600,489.7300,489.7400
1787680195,489.7600,489.7600,489.7600,489.7600
1787680200,489.7700,489.8200,489.7700,489.8200
1787680206,489.8400,489.8600,489.8400,489.8600
1787680214,489.8400,489.8400,489.8400,489.8400
1787680228,489.8700,489.8700,489.8700,489.8700
1787680229,489.8700,489.8700,489.8300,489.8300
1787680235,489.8350,489.8350,489.8000,489.8000
1787680242,489.8300,489.8300,489.8300,489.8300
1787680246,489.8300,489.8300,489.8100,489.8100
1787680247,489.8300,489.8300,489.7400,489.7400
1787680251,489.7400,489.7400,489.7400,489.7400
1787680253,489.7000,489.7400,489.7000,489.7400
1787680254,489.7100,489.7100,489.6700,489.6700
1787680255,489.6600,489.6800,489.6600,489.6800
1787680264,489.6900,489.6900,489.6700,489.6700
1787680265,489.7200,489.7600,489.7200,489.7600
1787680279,489.7300,489.7300,489.7300,489.7300
1787680284,489.8200,489.8200,489.8200,489.8200
1787680290,489.7700,489.7700,489.7700,489.7700
1787680310,489.7700,489.7700,489.7700,489.7700
1787680311,489.7950,489.7950,489.7500,489.7500
1787680315,489.7900,489.8000,489.7900,489.8000
1787680324,489.8600,489.8800,489.8600,489.8800
1787680325,489.8850,489.8850,489.8600,489.8600
1787680329,489.8800,489.8800,489.8800,489.8800
1787680333,489.8600,489.8600,489.8600,489.8600
1787680335,489.8600,489.8800,489.8600,489.8800
1787680338,489.8950,489.9200,489.8950,489.9200
1787680340,489.9200,489.9200,489.9200,489.9200
1787680343,489.8800,489.8800,489.8800,489.8800
1787680347,489.9300,489.9600,489.9300,489.9600
1787680349,489.9800,489.9800,489.9800,489.9800
1787680352,489.9500,489.9500,489.9500,489.9500
1787680360,489.8900,489.8900,489.8900,489.8900
1787680365,489.8900,489.9250,489.8900,489.9250
1787680383,489.9500,490.0100,489.9500,490.0100
1787680385,490.0650,490.0650,490.0650,490.0650
1787680386,490.1100,490.1100,490.1100,490.1100
1787680389,490.1200,490.1200,490.1200,490.1200
1787680391,490.0700,490.0700,490.0600,490.0600
1787680392,490.0400,490.0400,490.0200,490.0200
1787680399,490.0100,490.0100,490.0000,490.0000
1787680406,490.0250,490.0250,490.0250,490.0250
1787680407,490.0000,490.0000,489.9800,489.9800
1787680411,489.9950,489.9950,489.9950,489.9950
1787680417,489.9600,489.9600,489.8250,489.8250
1787680426,489.8350,489.8350,489.8350,489.8350
1787680435,489.8400,489.8400,489.8400,489.8400
1787680442,489.8900,489.9150,489.8900,489.9150
1787680451,489.9500,489.9600,489.9300,489.9600
1787680461,490.0200,490.0600,490.0200,490.0600
1787680463,490.0200,490.0200,490.0200,490.0200
1787680468,490.0650,490.0650,490.0650,490.0650
1787680482,490.0400,490.0400,490.0200,490.0200
1787680492,490.0500,490.0500,490.0500,490.0500
1787680495,490.0400,490.0400,490.0400,490.0400
1787680498,490.0200,490.0200,490.0200,490.0200
1787680500,490.0100,490.0100,490.0000,490.0000
1787680513,489.9800,489.9800,489.9700,489.9700
1787680514,489.9350,489.9350,489.9350,489.9350
1787680523,489.9600,489.9700,489.9600,489.9700
1787680525,489.9800,489.9800,489.9800,489.9800
1787680526,489.9500,489.9500,489.9500,489.9500
1787680529,490.0000,490.0000,490.0000,490.0000
1787680535,489.9900,490.0200,489.9900,490.0200
1787680538,490.0200,490.0300,490.0200,490.0300
1787680539,490.0400,490.0400,490.0400,490.0400
1787680542,490.0300,490.0300,490.0300,490.0300
1787680544,490.0350,490.0350,490.0350,490.0350
1787680548,490.0000,490.0000,489.9800,489.9800
1787680571,489.9300,489.9300,489.9300,489.9300
1787680572,489.8700,489.8700,489.8000,489.8000
1787680580,489.8000,489.8000,489.8000,489.8000
1787680582,489.8000,489.8000,489.8000,489.8000
1787680588,489.8000,489.8000,489.8000,489.8000
1787680600,489.8000,489.8000,489.7900,489.7900
1787680605,489.7500,489.7600,489.7300,489.7600
1787680608,489.7450,489.7450,489.7450,489.7450
1787680613,489.7800,489.8000,489.7800,489.8000
1787680620,489.7900,489.7900,489.7800,489.7800
1787680626,489.8000,489.8400,489.8000,489.8400
1787680627,489.8400,489.8500,489.8400,489.8500
1787680647,489.8200,489.8200,489.8200,489.8200
1787680653,489.8200,489.8500,489.8200,489.8500
1787680655,489.8300,489.8300,489.8300,489.8300
1787680658,489.8000,489.8000,489.7000,489.7000
1787680659,489.6900,489.7100,489.6900,489.7100
1787680661,489.7400,489.7400,489.7400,489.7400
1787680668,489.8000,489.8300,489.8000,489.8300
1787680672,489.8000,489.8000,489.7900,489.7900
1787680678,489.8400,489.8400,489.8400,489.8400
1787680681,489.8400,489.8400,489.8400,489.8400
1787680682,489.8900,489.9000,489.8900,489.9000
1787680688,489.8650,489.8650,489.8650,489.8650
1787680692,489.8400,489.8400,489.8400,489.8400
1787680694,489.8800,489.8800,489.8800,489.8800
1787680696,489.8900,489.9000,489.8900,489.9000
1787680701,489.8500,489.8500,489.8400,489.8400
1787680721,489.9100,489.9300,489.9000,489.9000
1787680723,489.9000,489.9000,489.9000,489.9000
1787680727,489.9000,489.9000,489.9000,489.9000
1787680728,489.8800,489.8800,489.8600,489.8600
1787680730,489.8600,489.8600,489.8500,489.8500
1787680735,489.8700,489.8700,489.8500,489.8500
1787680741,489.8500,489.8500,489.8500,489.8500
1787680744,489.8700,489.8700,489.8700,489.8700
1787680756,489.8900,489.9500,489.8900,489.9500
1787680758,489.8800,489.8800,489.8800,489.8800
1787680764,489.8700,489.8700,489.8500,489.8500
1787680765,489.8500,489.8500,489.8400,489.8400
1787680771,489.8300,489.8300,489.8300,489.8300
1787680777,489.8400,489.8400,489.8400,489.8400
1787680781,489.8300,489.8300,489.8000,489.8000
1787680784,489.8300,489.8300,489.8300,489.8300
1787680790,489.8500,489.8900,489.8500,489.8900
1787680796,489.8800,489.8800,489.8800,489.8800
1787680798,489.8400,489.8400,489.8400,489.8400
1787680807,489.7800,489.7800,489.7700,489.7700
1787680809,489.8100,489.8200,489.8100,489.8200
1787680810,489.8200,489.8200,489.8200,489.8200
1787680812,489.8200,489.8200,489.8000,489.8000
1787680824,489.8150,489.8150,489.8150,489.8150
1787680830,489.7800,489.7800,489.7700,489.7700
1787680835,489.7500,489.7600,489.7500,489.7500
1787680836,489.7600,489.7600,489.7600,489.7600
1787680839,489.7750,489.8200,489.7750,489.8100
1787680840,489.8200,489.8200,489.8200,489.8200
1787680844,489.8000,489.8000,489.8000,489.8000
1787680856,489.8000,489.8000,489.7600,489.7600
1787680858,489.7400,489.7400,489.7400,489.7400
1787680862,489.7300,489.7300,489.5700,489.5700
1787680869,489.6200,489.6200,489.6200,489.6200
1787680870,489.6350,489.6350,489.6350,489.6350
1787680873,489.6500,489.7050,489.6500,489.6600
1787680881,489.6400,489.6400,489.6400,489.6400
1787680886,489.6800,489.6900,489.6800,489.6900
1787680890,489.6900,489.6900,489.6900,489.6900
1787680892,489.7100,489.7100,489.7100,489.7100
1787680894,489.6800,489.6800,489.6500,489.6500
1787680898,489.6500,489.6500,489.6500,489.6500
1787680901,489.6500,489.6700,489.6500,489.6700
1787680906,489.6300,489.6300,489.6300,489.6300
1787680916,489.6500,489.6500,489.6500,489.6500
1787680918,489.7000,489.7000,489.7000,489.7000
1787680934,489.6700,489.6700,489.6700,489.6700
1787680941,489.6500,489.6700,489.6200,489.6700
1787680943,489.7000,489.7000,489.7000,489.7000
1787680945,489.6950,489.6950,489.6950,489.6950
1787680958,489.6500,489.6500,489.6500,489.6500
1787680961,489.6800,489.6800,489.6800,489.6800
1787680965,489.6500,489.6500,489.6500,489.6500
1787680966,489.6700,489.6700,489.6100,489.6100
1787680967,489.6350,489.6350,489.6350,489.6350
1787680968,489.6600,489.7000,489.6600,489.7000
1787680974,489.6400,489.6400,489.6400,489.6400
1787680981,489.6500,489.6500,489.6500,489.6500
1787680986,489.6400,489.6400,489.6400,489.6400
1787680992,489.6500,489.6500,489.6500,489.6500
1787680995,489.6650,489.6650,489.6650,489.6650
1787680996,489.7000,489.7700,489.6800,489.7400
1787680998,489.7500,489.7500,489.7500,489.7500
1787681002,489.7200,489.7200,489.7200,489.7200
1787681010,489.7450,489.7450,489.7450,489.7450
1787681012,489.7100,489.7100,489.6700,489.6700
1787681015,489.6600,489.6800,489.6500,489.6500
1787681017,489.6850,489.6850,489.6850,489.6850
1787681018,489.6500,489.6500,489.6500,489.6500
1787681023,489.6100,489.6100,489.5600,489.5600
1787681025,489.5850,489.6200,489.5850,489.6200
1787681026,489.5800,489.5800,489.5400,489.5400
1787681032,489.5100,489.5300,489.5000,489.5000
1787681034,489.5700,489.5700,489.5700,489.5700
1787681039,489.5800,489.5800,489.5800,489.5800
1787681040,489.5900,489.6000,489.5900,489.5900
1787681042,489.6000,489.6400,489.6000,489.6400
1787681048,489.6400,489.6400,489.6400,489.6400
1787681049,489.6600,489.6800,489.6600,489.6800
1787681051,489.6800,489.6900,489.6600,489.6900
1787681052,489.6900,489.6900,489.6500,489.6500
1787681054,489.6300,489.6300,489.6100,489.6100
1787681055,489.5800,489.5800,489.5800,489.5800
1787681057,489.6000,489.6000,489.5800,489.5800
1787681059,489.6200,489.6400,489.6200,489.6400
1787681065,489.6400,489.6700,489.6400,489.6700
1787681068,489.6300,489.6300,489.6300,489.6300
1787681073,489.6150,489.6150,489.6150,489.6150
1787681077,489.6500,489.6800,489.6500,489.6800
1787681078,489.6900,489.7500,489.6900,489.7200
1787681079,489.7100,489.7600,489.7100,489.7600
1787681080,489.7400,489.8200,489.7400,489.8000
1787681081,489.8000,489.8500,489.8000,489.8500
1787681082,489.8800,489.9500,489.8800,489.9200
1787681084,489.9500,489.9500,489.9500,489.9500
1787681086,489.9600,489.9600,489.9400,489.9400
1787681088,489.9600,489.9700,489.9600,489.9700
1787681092,489.9500,490.0000,489.9400,490.0000
1787681100,490.0000,490.0150,489.8900,489.9200
1787681105,489.9700,489.9900,489.9700,489.9900
1787681108,490.0100,490.0100,490.0100,490.0100
1787681110,490.0400,490.0600,490.0400,490.0600
1787681113,490.0800,490.0800,490.0800,490.0800
1787681118,490.1400,490.1400,490.0700,490.0700
1787681120,490.0400,490.0400,490.0300,490.0300
1787681121,490.0600,490.0600,490.0600,490.0600
1787681122,490.0650,490.0650,490.0650,490.0650
1787681128,490.0300,490.0300,490.0300,490.0300
1787681129,490.0450,490.0450,490.0450,490.0450
1787681133,490.1000,490.1200,490.1000,490.1200
1787681140,490.0700,490.0850,490.0600,490.0700
1787681143,490.1000,490.1100,490.1000,490.1100
1787681150,490.1200,490.1200,490.1200,490.1200
1787681152,490.1600,490.1800,490.1600,490.1800
1787681158,490.1300,490.1300,490.1300,490.1300
1787681160,490.1500,490.1500,490.1500,490.1500
1787681162,490.1600,490.1600,490.1600,490.1600
1787681172,490.1800,490.3400,490.1800,490.3200
1787681174,490.3700,490.3700,490.3700,490.3700
1787681175,490.3900,491.0700,490.3900,491.0200
1787681176,490.9900,490.9950,490.9100,490.9200
1787681177,490.9200,490.9200,490.9200,490.9200
1787681180,490.9800,491.0000,490.9800,491.0000
1787681181,491.0600,491.0700,491.0600,491.0600
1787681182,491.0600,491.0600,491.0600,491.0600
1787681183,491.0800,491.0900,491.0800,491.0900
1787681185,491.1000,491.1000,491.1000,491.1000
1787681188,491.0950,491.0950,491.0800,491.0900
1787681189,491.0750,491.0750,491.0000,491.0400
1787681192,491.0900,491.1350,491.0900,491.1350
1787681194,491.1500,491.1500,491.1000,491.1400
1787681196,491.1500,491.1500,491.1500,491.1500
1787681197,491.1500,491.2300,491.1500,491.2300
1787681200,491.2300,491.2300,491.2300,491.2300
1787681201,491.2500,491.3600,491.2500,491.3500
1787681204,491.2600,491.3300,491.2500,491.3300
1787681205,491.3400,491.3600,491.3400,491.3500
1787681206,491.3400,491.3700,491.3400,491.3700
1787681209,491.3300,491.3300,491.3300,491.3300
1787681210,491.3400,491.3900,491.3400,491.3900
1787681211,491.3800,491.3800,491.3800,491.3800
1787681212,491.3850,491.3850,491.3600,491.3600
1787681213,491.3900,491.4800,491.3900,491.4800
1787681214,491.4500,491.4900,491.4500,491.4600
1787681215,491.4600,491.5600,491.4600,491.5100
1787681218,491.5000,491.5000,491.5000,491.5000
1787681220,491.4700,491.4700,491.2400,491.2400
1787681221,491.2300,491.2600,491.2300,491.2300
1787681222,491.2500,491.2700,491.2300,491.2300
1787681224,491.2400,491.2800,491.2400,491.2800
1787681225,491.2500,491.2500,491.2500,491.2500
1787681226,491.2500,491.2500,491.2500,491.2500
1787681227,491.2500,491.2500,491.2500,491.2500
1787681228,491.2300,491.2900,491.0100,491.0500
1787681230,491.0600,491.1150,491.0200,491.0850
1787681232,491.0950,491.0950,491.0300,491.0900
1787681236,491.0200,491.0200,491.0200,491.0200
1787681237,491.0200,491.0200,490.9500,490.9500
1787681245,490.9400,491.0000,490.9400,491.0000
1787681247,491.0300,491.0900,491.0200,491.0200
1787681249,490.9800,490.9800,490.9800,490.9800
1787681250,490.9300,490.9450,490.9200,490.9450
1787681252,490.9100,490.9100,490.8100,490.8100
1787681253,490.7200,490.7200,490.7200,490.7200
1787681255,490.7300,490.7300,490.7300,490.7300
1787681256,490.7500,490.7500,490.7500,490.7500
1787681260,490.6800,490.6800,490.6500,490.6500
1787681264,490.6000,490.6500,490.6000,490.6500
1787681266,490.6900,490.6900,490.5700,490.5700
1787681269,490.6500,490.6900,490.6100,490.6900
1787681272,490.6900,490.9200,490.6900,490.9200
1787681275,490.9900,491.0000,490.9200,490.9200
1787681277,490.9200,490.9200,490.6500,490.6500
1787681278,490.6400,490.6400,490.6400,490.6400
1787681279,490.6600,490.6600,490.6600,490.6600
1787681281,490.5600,490.5600,490.5600,490.5600
1787681282,490.5100,490.5100,490.4500,490.4500
1787681284,490.4200,490.4200,490.1900,490.1900
1787681285,490.1500,490.1500,490.1500,490.1500
1787681288,490.1800,490.1800,490.1100,490.1100
1787681291,490.1900,490.1900,490.1900,490.1900
1787681294,490.1100,490.1600,490.1100,490.1600
1787681297,490.1400,490.1400,490.0900,490.0900
1787681298,490.1000,490.1000,490.1000,490.1000
1787681302,490.0700,490.0700,490.0700,490.0700
1787681306,490.0200,490.0200,490.0200,490.0200
1787681307,490.0100,490.0100,490.0100,490.0100
1787681308,490.0000,490.0000,489.9600,489.9600
1787681311,489.9700,489.9700,489.9500,489.9500
1787681312,490.0100,490.0100,490.0100,490.0100
1787681313,490.0100,490.0100,490.0100,490.0100
1787681314,489.9700,490.0300,489.9700,490.0300
1787681315,490.0150,490.0150,489.9200,489.9200
1787681316,489.9100,489.9100,489.9000,489.9100
1787681317,489.9100,489.9100,489.9100,489.9100
1787681318,489.9100,489.9100,489.9100,489.9100
1787681321,489.9100,489.9200,489.9100,489.9100
1787681323,489.9400,489.9700,489.9400,489.9700
1787681324,489.9600,489.9600,489.9600,489.9600
1787681326,489.9100,489.9600,489.9100,489.9600
1787681329,489.9300,489.9300,489.9300,489.9300
1787681332,489.9100,489.9100,489.8800,489.8800
1787681335,489.9400,489.9400,489.9400,489.9400
1787681338,489.9300,489.9400,489.9300,489.9400
1787681342,489.9200,489.9200,489.9200,489.9200
1787681343,489.8800,489.8800,489.8600,489.8600
1787681349,489.8500,489.8500,489.8500,489.8500
1787681356,489.8450,489.8700,489.8400,489.8400
1787681360,489.8400,489.8400,489.8400,489.8400
1787681363,489.8400,489.8400,489.8400,489.8400
1787681367,489.8300,489.8400,489.8000,489.8400
1787681369,489.8600,489.8700,489.8600,489.8700
1787681371,489.8800,489.8800,489.8800,489.8800
1787681372,489.8900,489.9000,489.8900,489.8900
1787681374,489.8300,489.8300,489.7900,489.7900
1787681379,489.8000,489.8000,489.8000,489.8000
1787681380,489.7900,489.7900,489.7900,489.7900
1787681382,489.7800,489.7800,489.7800,489.7800
1787681388,489.7700,489.7700,489.7500,489.7500
1787681391,489.7900,489.7900,489.7400,489.7400
1787681392,489.8100,489.8600,489.8100,489.8600
1787681395,489.7700,489.7700,489.7700,489.7700
1787681396,489.7700,489.7700,489.7700,489.7700
1787681399,489.7500,489.7500,489.7500,489.7500
1787681407,489.7700,489.7900,489.7700,489.7900
1787681417,489.8300,489.8300,489.8300,489.8300
1787681428,489.8100,489.8100,489.8100,489.8100
1787681429,489.7900,489.7900,489.7600,489.7600
1787681432,489.7500,489.8600,489.7500,489.8600
1787681436,489.7850,489.7850,489.7850,489.7850
1787681439,489.7900,489.8800,489.7900,489.8800
1787681440,489.8600,489.8600,489.8600,489.8600
1787681442,489.8700,489.8900,489.8700,489.8900
1787681443,489.8300,489.8300,489.8300,489.8300
1787681445,489.8700,490.0500,489.8700,490.0500
1787681450,489.9900,489.9900,489.9900,489.9900
1787681460,490.0100,490.0100,490.0100,490.0100
1787681464,489.9500,489.9500,489.9500,489.9500
1787681480,489.8200,489.8200,489.7600,489.7600
1787681490,489.8200,489.8300,489.8200,489.8300
1787681492,489.8700,489.8700,489.8700,489.8700
1787681493,489.8200,489.8200,489.7600,489.7800
1787681500,489.8200,489.8200,489.8200,489.8200
1787681503,489.8200,489.8700,489.8200,489.8700
1787681504,489.8800,489.8800,489.8800,489.8800
1787681509,489.7800,489.7800,489.7800,489.7800
1787681511,489.8300,489.8300,489.8300,489.8300
1787681518,489.8500,489.8500,489.8500,489.8500
1787681519,489.8900,489.8900,489.8900,489.8900
1787681521,489.9000,489.9000,489.9000,489.9000
1787681529,489.9200,489.9200,489.9200,489.9200
1787681533,489.9500,489.9500,489.9500,489.9500
1787681539,489.9600,489.9600,489.9600,489.9600
1787681542,489.9900,490.0000,489.9900,490.0000
1787681543,490.0500,490.0500,490.0500,490.0500
1787681547,490.0350,490.0350,490.0350,490.0350
1787681550,490.0600,490.0600,490.0600,490.0600
1787681551,490.0400,490.0400,490.0000,490.0000
1787681554,490.0100,490.0100,490.0100,490.0100
1787681557,489.9700,489.9700,489.9600,489.9600
1787681565,489.8600,489.8600,489.8400,489.8400
1787681570,489.8300,489.8300,489.8300,489.8300
1787681576,489.8300,489.8300,489.8300,489.8300
1787681582,489.8300,489.8300,489.8200,489.8200
1787681585,489.7800,489.7800,489.7800,489.7800
1787681588,489.7700,489.7700,489.7700,489.7700
1787681601,489.7600,489.7700,489.7500,489.7600
1787681604,489.7500,489.7700,489.7500,489.7500
1787681605,489.7700,489.8000,489.7700,489.8000
1787681610,489.8200,489.8700,489.8200,489.8400
1787681612,489.8300,489.8300,489.7800,489.7800
1787681613,489.7800,489.7800,489.7800,489.7800
1787681615,489.7700,489.7700,489.7600,489.7600
1787681616,489.7600,489.7600,489.7600,489.7600
1787681618,489.7600,489.7600,489.7300,489.7500
1787681619,489.7500,489.7650,489.7500,489.7650
1787681621,489.8200,489.8200,489.8200,489.8200
1787681626,489.7800,489.7800,489.7800,489.7800
1787681629,489.7800,489.7800,489.7800,489.7800
1787681630,489.8200,489.8200,489.8200,489.8200
1787681632,489.8300,489.8300,489.8300,489.8300
1787681634,489.8300,489.8300,489.8300,489.8300
1787681645,489.8300,489.8300,489.8300,489.8300
1787681651,489.8200,489.8200,489.8200,489.8200
1787681652,489.8550,489.8550,489.8550,489.8550
1787681659,489.8200,489.8600,489.8200,489.8600
1787681667,489.8400,489.8400,489.8400,489.8400
1787681675,489.8300,489.8300,489.8300,489.8300
1787681679,489.8300,489.8300,489.8200,489.8300
1787681680,489.8550,489.9000,489.8550,489.8800
1787681681,489.8800,489.8800,489.8800,489.8800
1787681682,489.8300,489.8300,489.8300,489.8300
1787681683,489.8300,489.8300,489.8300,489.8300
1787681685,489.8650,489.8700,489.8650,489.8700
1787681686,489.8650,489.9500,489.8650,489.9500
1787681688,489.9250,489.9250,489.9250,489.9250
1787681689,489.9300,489.9300,489.9300,489.9300
1787681691,489.9200,489.9200,489.9200,489.9200
1787681692,489.9000,489.9000,489.8700,489.8700
1787681693,489.8700,489.8700,489.8700,489.8700
1787681697,489.8200,489.8200,489.8000,489.8000
1787681703,489.8000,489.8000,489.8000,489.8000
1787681706,489.8100,489.8100,489.8100,489.8100
1787681707,489.8100,489.8100,489.8100,489.8100
1787681708,489.8000,489.8000,489.7900,489.7900
1787681712,489.7850,489.7850,489.7850,489.7850
1787681713,489.7850,489.7900,489.7850,489.7900
1787681714,489.8000,489.8300,489.8000,489.8000
1787681720,489.8000,489.8000,489.8000,489.8000
1787681721,489.7900,489.7900,489.7900,489.7900
1787681724,489.7700,489.7900,489.7700,489.7900
1787681725,489.7600,489.7600,489.7600,489.7600
1787681731,489.7750,489.7800,489.7750,489.7800
1787681732,489.8000,489.8200,489.8000,489.8050
1787681734,489.8200,489.8200,489.8200,489.8200
1787681738,489.8200,489.8250,489.8200,489.8250
1787681742,489.8250,489.8250,489.8250,489.8250
1787681743,489.8000,489.8000,489.7900,489.7900
1787681744,489.7500,489.7600,489.7500,489.7600
1787681746,489.7500,489.7500,489.7500,489.7500
1787681747,489.7500,489.7500,489.7200,489.7350
1787681748,489.7350,489.7350,489.7350,489.7350
1787681750,489.7400,489.7400,489.6400,489.6500
1787681751,489.7000,489.7000,489.7000,489.7000
1787681753,489.6800,489.6800,489.6800,489.6800
1787681754,489.7100,489.7200,489.7100,489.7200
1787681755,489.7000,489.7300,489.7000,489.7200
1787681758,489.7100,489.7150,489.7100,489.7150
1787681760,489.7100,489.9000,489.7100,489.8700
1787681763,489.8300,489.8850,489.8200,489.8850
1787681766,489.8250,489.8250,489.8250,489.8250
1787681769,489.8300,489.8300,489.8200,489.8200
1787681771,489.8600,489.8600,489.8600,489.8600
1787681774,489.8600,489.9000,489.8600,489.9000
1787681775,489.8600,489.8600,489.8200,489.8200
1787681776,489.8000,489.8000,489.8000,489.8000
1787681778,489.8150,489.8150,489.8150,489.8150
1787681780,489.7900,489.7900,489.7900,489.7900
1787681781,489.7800,489.7800,489.7600,489.7600
1787681782,489.7600,489.7800,489.7500,489.7800
1787681784,489.7200,489.7500,489.7200,489.7200
1787681785,489.7100,489.7100,489.7100,489.7100
1787681787,489.7000,489.7150,489.7000,489.7150
1787681788,489.7400,489.7400,489.7400,489.7400
1787681789,489.7400,489.7400,489.7400,489.7400
1787681794,489.7400,489.8700,489.7400,489.8700
1787681798,489.7200,489.7200,489.7200,489.7200
1787681799,489.7100,489.7250,489.7000,489.7250
1787681802,489.7600,489.7600,489.7600,489.7600
1787681810,489.7200,489.7200,489.6900,489.6900
1787681813,489.7300,489.7300,489.7300,489.7300
1787681817,489.7000,489.7200,489.7000,489.7200
1787681818,489.7400,489.7400,489.7400,489.7400
1787681819,489.7400,489.7400,489.7400,489.7400
1787681828,489.7500,489.7500,489.7500,489.7500
1787681830,489.7300,489.7300,489.7300,489.7300
1787681831,489.7400,489.7400,489.6800,489.6800
1787681832,489.6800,489.6800,489.6800,489.6800
1787681833,489.6800,489.6800,489.6800,489.6800
1787681834,489.6800,489.6800,489.6800,489.6800
1787681835,489.6800,489.6800,489.6800,489.6800
1787681836,489.6500,489.6500,489.6500,489.6500
1787681839,489.6250,489.6300,489.6250,489.6300
1787681841,489.6500,489.6500,489.6500,489.6500
1787681863,489.6600,489.7000,489.6600,489.7000
1787681865,489.6400,489.6400,489.6400,489.6400
1787681869,489.6100,489.6100,489.5800,489.5800
1787681872,489.5600,489.5850,489.5300,489.5800
1787681874,489.5500,489.5800,489.5500,489.5800
1787681875,489.5400,489.5400,489.5400,489.5400
1787681877,489.5400,489.5400,489.5400,489.5400
1787681878,489.5800,489.5800,489.5800,489.5800
1787681882,489.5800,489.5850,489.5800,489.5850
1787681890,489.5850,489.5850,489.5850,489.5850
1787681895,489.6400,489.6500,489.6400,489.6500
1787681899,489.6300,489.6300,489.6200,489.6200
1787681913,489.5400,489.5400,489.5200,489.5200
1787681914,489.5200,489.5200,489.5200,489.5200
1787681915,489.5200,489.5200,489.5200,489.5200
1787681917,489.6000,489.6000,489.6000,489.6000
1787681922,489.5800,489.5800,489.5800,489.5800
1787681937,489.5200,489.5200,489.4100,489.4100
1787681938,489.3900,489.3900,489.3900,489.3900
1787681950,489.3800,489.4300,489.3800,489.4300
1787681955,489.4400,489.4400,489.4400,489.4400
1787681956,489.4200,489.4200,489.4200,489.4200
1787681957,489.4500,489.4500,489.4500,489.4500
1787681965,489.4200,489.4200,489.4200,489.4200
1787681966,489.4500,489.4900,489.4500,489.4500
1787681967,489.4400,489.4400,489.4400,489.4400
1787681975,489.3900,489.4300,489.3900,489.4300
1787681976,489.4300,489.4300,489.4300,489.4300
1787681980,489.3900,489.3900,489.3900,489.3900
1787681982,489.4200,489.4200,489.4200,489.4200
1787681985,489.4500,489.4600,489.4500,489.4600
1787681991,489.4700,489.4700,489.4700,489.4700
1787681995,489.4600,489.4900,489.4600,489.4600
1787682000,489.5100,489.5200,489.5100,489.5200
1787682007,489.5500,489.5600,489.5300,489.5300
1787682015,489.5800,489.5800,489.5600,489.5600
1787682016,489.6000,489.6000,489.6000,489.6000
1787682020,489.6100,489.6100,489.6100,489.6100
1787682024,489.6100,489.6600,489.6100,489.6600
1787682027,489.6200,489.6200,489.6200,489.6200
1787682028,489.6000,489.6000,489.5900,489.5900
1787682035,489.6300,489.6300,489.6300,489.6300
1787682036,489.6400,489.6500,489.6400,489.6400
1787682038,489.6500,489.6600,489.6500,489.6600
1787682040,489.6700,489.6900,489.6700,489.6900
1787682044,489.6800,489.6800,489.6800,489.6800
1787682047,489.6700,489.6700,489.6700,489.6700
1787682051,489.7000,489.7000,489.7000,489.7000
1787682052,489.6700,489.6700,489.6700,489.6700
1787682053,489.6900,489.7300,489.6900,489.7300
1787682059,489.7500,489.7500,489.7100,489.7100
1787682061,489.7400,489.7400,489.7400,489.7400
1787682069,489.7300,489.7300,489.7300,489.7300
1787682076,489.7500,489.7500,489.7500,489.7500
1787682077,489.7300,489.7300,489.7300,489.7300
1787682082,489.7700,489.7800,489.7700,489.7800
1787682085,489.8000,489.8300,489.8000,489.8300
1787682086,489.7950,489.8000,489.7950,489.8000
1787682088,489.8000,489.8000,489.7800,489.7800
1787682091,489.8000,489.8000,489.8000,489.8000
1787682092,489.8050,489.8050,489.8050,489.8050
1787682096,489.8300,489.8300,489.8300,489.8300
1787682097,489.8100,489.8100,489.8100,489.8100
1787682098,489.7700,489.7700,489.7500,489.7500
1787682099,489.7100,489.7100,489.6800,489.6800
1787682105,489.7300,489.7300,489.7300,489.7300
1787682109,489.7300,489.7300,489.7300,489.7300
1787682120,489.7400,489.7500,489.7400,489.7500
1787682129,489.7500,489.7500,489.7500,489.7500
1787682130,489.7400,489.7500,489.7400,489.7500
1787682132,489.7500,489.7500,489.7500,489.7500
1787682133,489.7500,489.7500,489.7200,489.7300
1787682134,489.7500,489.7600,489.7500,489.7600
1787682137,489.7900,489.8000,489.7900,489.8000
1787682138,489.8100,489.8100,489.8100,489.8100
1787682143,489.8000,489.8000,489.7900,489.7900
1787682144,489.7800,489.7800,489.7800,489.7800
1787682145,489.7400,489.7400,489.7300,489.7300
1787682153,489.7200,489.7200,489.7200,489.7200
1787682161,489.7500,489.7500,489.7500,489.7500
1787682162,489.7800,489.7900,489.7800,489.7900
1787682163,489.7700,489.7700,489.7700,489.7700
1787682167,489.7600,489.7600,489.7500,489.7500
1787682170,489.7700,489.7700,489.7700,489.7700
1787682180,489.7400,489.7400,489.7400,489.7400
1787682181,489.7300,489.7300,489.7200,489.7200
1787682184,489.7000,489.7000,489.7000,489.7000
1787682185,489.7250,489.7250,489.7250,489.7250
1787682186,489.7300,489.7300,489.7300,489.7300
1787682193,489.6900,489.6900,489.6900,489.6900
1787682196,489.6900,489.6900,489.6900,489.6900
1787682201,489.6850,489.6900,489.6850,489.6900
1787682206,489.7100,489.7100,489.7100,489.7100
1787682207,489.7100,489.7100,489.7100,489.7100
1787682213,489.7100,489.7100,489.7100,489.7100
1787682220,489.7600,489.7900,489.7600,489.7900
1787682223,489.8000,489.8000,489.8000,489.8000
1787682235,489.7700,489.7700,489.7700,489.7700
1787682239,489.7550,489.7550,489.7550,489.7550
1787682244,489.7300,489.7700,489.7300,489.7700
1787682247,489.7550,489.7550,489.7550,489.7550
1787682250,489.7800,489.7900,489.7800,489.7900
1787682253,489.7900,489.7900,489.7900,489.7900
1787682265,489.7700,489.7700,489.7600,489.7600
1787682266,489.7200,489.7200,489.7200,489.7200
1787682283,489.7200,489.7200,489.7200,489.7200
1787682287,489.7450,489.7450,489.7450,489.7450
1787682297,489.7500,489.8100,489.7500,489.8000
1787682299,489.8050,489.8800,489.8050,489.8800
1787682303,489.8400,489.8400,489.8200,489.8200
1787682304,489.8000,489.8000,489.8000,489.8000
1787682305,489.8100,489.8100,489.8100,489.8100
1787682311,489.8500,489.8600,489.8500,489.8600
1787682325,489.8500,489.8500,489.8300,489.8300
1787682330,489.8200,489.8200,489.8200,489.8200
1787682337,489.8000,489.8000,489.8000,489.8000
1787682343,489.8100,489.8300,489.8100,489.8300
1787682344,489.8100,489.8100,489.8100,489.8100
1787682352,489.8600,489.8700,489.8600,489.8700
1787682366,489.8450,489.8450,489.8450,489.8450
1787682367,489.8700,489.8900,489.8700,489.8900
1787682371,489.8700,489.8700,489.8700,489.8700
1787682372,489.8600,489.8600,489.8600,489.8600
1787682375,489.8500,489.8500,489.8100,489.8100
1787682382,489.8200,489.8200,489.8200,489.8200
1787682385,489.8400,489.8400,489.8400,489.8400
1787682403,489.8700,489.8900,489.8700,489.8900
1787682404,489.8800,489.8800,489.8800,489.8800
1787682405,489.8700,489.8700,489.8700,489.8700
1787682409,489.8700,489.8700,489.8700,489.8700
1787682410,489.9000,489.9000,489.9000,489.9000
1787682411,489.9000,489.9000,489.9000,489.9000
1787682413,489.9000,489.9000,489.9000,489.9000
1787682415,489.9000,489.9300,489.9000,489.9300
1787682417,489.9500,489.9600,489.9500,489.9600
1787682424,489.9450,489.9450,489.9450,489.9450
1787682426,489.9450,490.0100,489.9450,490.0100
1787682431,490.0800,490.0800,490.0800,490.0800
1787682433,490.0800,490.0800,490.0800,490.0800
1787682444,490.0600,490.0600,490.0300,490.0300
1787682457,490.0600,490.0600,490.0600,490.0600
1787682459,490.0300,490.0300,489.9900,489.9900
1787682462,489.9600,489.9600,489.9600,489.9600
1787682465,489.9400,489.9400,489.9400,489.9400
1787682466,489.9050,489.9050,489.9050,489.9050
1787682483,489.8800,489.8800,489.8800,489.8800
1787682491,489.9050,489.9050,489.9050,489.9050
1787682492,489.8700,489.8700,489.8600,489.8600
1787682495,489.8500,489.8500,489.8300,489.8300
1787682496,489.8200,489.8200,489.8200,489.8200
1787682498,489.8500,489.8600,489.8500,489.8600
1787682503,489.8250,489.8250,489.8250,489.8250
1787682505,489.8400,489.8800,489.8400,489.8800
1787682512,489.8400,489.8400,489.8400,489.8400
1787682527,489.8700,489.8800,489.8700,489.8700
1787682529,489.8850,489.8850,489.8850,489.8850
1787682533,489.8700,489.8700,489.8700,489.8700
1787682538,489.8900,489.8900,489.8900,489.8900
1787682540,489.9000,489.9000,489.9000,489.9000
1787682544,489.9050,489.9400,489.9050,489.9400
1787682547,489.9300,489.9300,489.9300,489.9300
1787682557,489.9000,489.9000,489.8900,489.8900
1787682558,489.8750,489.8800,489.8750,489.8800
1787682559,489.9000,489.9100,489.9000,489.9100
1787682561,489.9300,489.9300,489.9300,489.9300
1787682563,489.9400,489.9600,489.9400,489.9600
1787682577,489.9900,490.0000,489.9850,489.9900
1787682579,489.9600,489.9600,489.9300,489.9300
1787682584,489.9300,489.9300,489.9100,489.9100
1787682593,489.9300,489.9300,489.9300,489.9300
1787682596,489.9300,489.9300,489.9300,489.9300
1787682600,489.9800,489.9900,489.9800,489.9900
1787682603,489.9900,490.0000,489.9900,490.0000
1787682605,490.0000,490.0000,489.9900,489.9900
1787682607,489.9600,489.9600,489.9600,489.9600
1787682609,489.9700,489.9700,489.9700,489.9700
1787682622,490.0000,490.0000,490.0000,490.0000
1787682628,490.0100,490.0100,490.0100,490.0100
1787682642,490.0200,490.0300,490.0200,490.0300
1787682646,490.0600,490.1000,490.0600,490.1000
1787682650,490.1200,490.1200,490.0900,490.0900
1787682658,490.0600,490.0600,490.0600,490.0600
1787682661,490.0500,490.0500,490.0500,490.0500
1787682663,490.0600,490.0600,490.0600,490.0600
1787682666,490.0400,490.0400,490.0400,490.0400
1787682667,490.0300,490.0300,490.0300,490.0300
1787682670,490.0200,490.0200,490.0200,490.0200
1787682671,490.0300,490.0400,490.0300,490.0400
1787682674,490.0400,490.0400,490.0400,490.0400
1787682677,490.0400,490.0400,490.0400,490.0400
1787682680,490.0400,490.0400,490.0400,490.0400
1787682681,490.0600,490.0700,490.0600,490.0700
1787682682,490.0900,490.0900,490.0900,490.0900
1787682686,490.1000,490.1000,490.1000,490.1000
1787682689,490.0900,490.0900,490.0800,490.0800
1787682701,490.0100,490.0100,489.9900,489.9900
1787682702,489.9800,489.9800,489.9800,489.9800
1787682703,489.9800,489.9800,489.9700,489.9700
1787682704,490.0050,490.0050,490.0050,490.0050
1787682706,489.9700,489.9700,489.9700,489.9700
1787682708,489.9900,489.9900,489.9900,489.9900
1787682715,490.0100,490.0100,490.0100,490.0100
1787682723,490.0300,490.0300,490.0300,490.0300
1787682727,490.0300,490.0800,490.0300,490.0800
1787682730,490.0800,490.1000,490.0800,490.1000
1787682732,490.0900,490.0900,490.0900,490.0900
1787682735,490.1100,490.1200,490.1100,490.1200
1787682737,490.1500,490.1600,490.1500,490.1600
1787682738,490.1500,490.1500,490.1500,490.1500
1787682743,490.1400,490.1400,490.1200,490.1200
1787682751,490.1400,490.1600,490.1400,490.1600
1787682759,490.1400,490.1400,490.1300,490.1300
1787682770,490.1000,490.1000,490.0400,490.0400
1787682774,490.0700,490.0700,490.0700,490.0700
1787682780,490.0900,490.1100,490.0900,490.1100
1787682782,490.1200,490.1200,490.1200,490.1200
1787682786,490.1100,490.1100,490.0800,490.0800
1787682788,490.0500,490.0500,490.0300,490.0500
1787682795,490.0700,490.1000,490.0700,490.1000
1787682800,490.0600,490.0600,490.0600,490.0600
1787682831,490.0750,490.0750,490.0750,490.0750
1787682833,490.0750,490.0750,490.0750,490.0750
1787682834,490.0600,490.0600,490.0500,490.0500
1787682837,490.0400,490.0400,490.0400,490.0400
1787682840,490.0600,490.0600,490.0300,490.0300
1787682841,490.0450,490.0600,490.0450,490.0600
1787682842,490.0500,490.0500,490.0500,490.0500
1787682843,490.0500,490.0500,490.0500,490.0500
1787682844,490.0500,490.0500,490.0200,490.0500
1787682847,490.0100,490.0100,490.0100,490.0100
1787682856,490.0700,490.1400,490.0700,490.1400
1787682857,490.1600,490.1700,490.1600,490.1700
1787682881,490.2400,490.2800,490.2400,490.2800
1787682882,490.3150,490.3150,490.3150,490.3150
1787682883,490.2800,490.2800,490.2800,490.2800
1787682884,490.2700,490.2700,490.2700,490.2700
1787682895,490.3300,490.3300,490.3300,490.3300
1787682898,490.3300,490.3300,490.3300,490.3300
1787682900,490.3100,490.3100,490.3100,490.3100
1787682904,490.2900,490.2900,490.2800,490.2800
1787682905,490.2800,490.2800,490.2800,490.2800
1787682906,490.2800,490.2800,490.2700,490.2700
1787682907,490.2700,490.2700,490.2700,490.2700
1787682909,490.2800,490.2800,490.2600,490.2600
1787682912,490.3000,490.3000,490.3000,490.3000
1787682917,490.3300,490.3300,490.3300,490.3300
1787682920,490.3100,490.3200,490.3100,490.3200
1787682922,490.3200,490.3300,490.3200,490.3300
1787682930,490.3100,490.3100,490.3000,490.3000
1787682932,490.2700,490.2700,490.2600,490.2600
1787682942,490.2700,490.2700,490.2700,490.2700
1787682943,490.2700,490.2700,490.2700,490.2700
1787682948,490.2500,490.2500,490.1500,490.1500
1787682952,490.1500,490.1500,490.1500,490.1500
1787682960,490.1350,490.1350,490.1350,490.1350
1787682966,490.1200,490.1200,490.1200,490.1200
1787682968,490.1400,490.1650,490.1400,490.1650
1787682971,490.1800,490.1800,490.1800,490.1800
1787682975,490.1600,490.1600,490.1500,490.1500
1787682976,490.1100,490.1100,489.9300,489.9500
1787682981,489.9900,489.9900,489.9900,489.9900
1787682985,489.9700,489.9700,489.9700,489.9700
1787682988,489.9900,489.9900,489.9700,489.9700
1787682989,489.9500,489.9500,489.9500,489.9500
1787682994,489.9400,489.9400,489.8500,489.8500
1787682995,489.8200,489.8200,489.8200,489.8200
1787682996,489.7700,489.7700,489.7700,489.7700
1787682998,489.8300,489.8300,489.8200,489.8200
1787683001,489.7700,489.7700,489.7700,489.7700
1787683012,489.7400,489.7400,489.7300,489.7300
1787683013,489.6800,489.6800,489.6800,489.6800
1787683015,489.7400,489.7600,489.7400,489.7600
1787683019,489.7600,489.7600,489.7600,489.7600
1787683023,489.8000,489.8400,489.8000,489.8300
1787683026,489.8600,489.8600,489.8600,489.8600
1787683044,489.8500,489.8500,489.8400,489.8400
1787683045,489.7900,489.7900,489.7900,489.7900
1787683049,489.7500,489.7500,489.7500,489.7500
1787683059,489.6800,489.7600,489.6800,489.7400
1787683067,489.7600,489.7800,489.7500,489.7500
1787683073,489.7600,489.7800,489.7600,489.7700
1787683074,489.7800,489.7800,489.7800,489.7800
1787683080,489.7550,489.7550,489.7200,489.7200
1787683081,489.7350,489.7350,489.7350,489.7350
1787683085,489.7600,489.7600,489.7600,489.7600
1787683090,489.7800,489.8000,489.7800,489.8000
1787683092,489.7850,489.7850,489.7850,489.7850
1787683093,489.7800,489.7800,489.7800,489.7800
1787683094,489.7850,489.7850,489.7850,489.7850
1787683095,489.7900,489.7900,489.7900,489.7900
1787683096,489.7850,489.7850,489.7850,489.7850
1787683097,489.7850,489.7850,489.7850,489.7850
1787683100,489.7600,489.7600,489.7600,489.7600
1787683106,489.8200,489.8500,489.8200,489.8500
1787683110,489.9000,489.9000,489.9000,489.9000
1787683111,489.9150,489.9150,489.9150,489.9150
1787683114,489.8700,489.8700,489.8700,489.8700
1787683118,489.9400,490.0000,489.9400,490.0000
1787683120,489.9500,489.9600,489.9400,489.9600
1787683124,489.9800,489.9800,489.9800,489.9800
1787683128,489.9600,489.9600,489.9600,489.9600
1787683129,489.9500,489.9500,489.9500,489.9500
1787683133,489.9600,489.9600,489.9600,489.9600
1787683134,489.9600,489.9600,489.9600,489.9600
1787683137,489.9600,489.9600,489.9600,489.9600
1787683138,489.9400,489.9400,489.9100,489.9100
1787683139,489.9700,489.9700,489.9700,489.9700
1787683140,489.9700,490.0000,489.9700,490.0000
1787683142,490.0200,490.0200,490.0200,490.0200
1787683143,490.0000,490.0000,490.0000,490.0000
1787683150,489.9550,489.9550,489.9550,489.9550
1787683155,490.0000,490.0400,490.0000,490.0400
1787683156,490.0600,490.0600,490.0600,490.0600
1787683159,490.1100,490.1100,490.1100,490.1100
1787683160,490.1100,490.1100,490.1100,490.1100
1787683162,490.1400,490.1800,490.1400,490.1800
1787683165,490.1800,490.2800,490.1800,490.2200
1787683166,490.2300,490.2300,490.2300,490.2300
1787683167,490.2200,490.2350,490.1900,490.2350
1787683169,490.2600,490.2600,490.2350,490.2400
1787683172,490.1900,490.1900,490.1900,490.1900
1787683174,490.2350,490.2350,490.2350,490.2350
1787683175,490.2400,490.2400,490.2400,490.2400
1787683181,490.2100,490.2100,490.1800,490.1800
1787683182,490.1700,490.1700,490.1700,490.1700
1787683185,490.1300,490.1300,490.1300,490.1300
1787683187,490.1200,490.1200,490.1200,490.1200
1787683188,490.1000,490.1000,490.1000,490.1000
1787683190,490.1400,490.1400,490.0900,490.0900
1787683193,490.1400,490.1400,490.1400,490.1400
1787683204,490.1300,490.1400,490.1300,490.1400
1787683211,490.1300,490.1300,490.1300,490.1300
1787683213,490.1600,490.1600,490.1200,490.1200
1787683214,490.1000,490.1000,490.0800,490.0800
1787683217,490.0700,490.0700,490.0600,490.0600
1787683220,490.0300,490.0300,490.0300,490.0300
1787683222,490.0300,490.0300,490.0300,490.0300
1787683223,490.0500,490.0800,490.0500,490.0800
1787683224,490.0900,490.0900,490.0900,490.0900
1787683226,490.0900,490.1200,490.0900,490.1200
1787683231,490.1800,490.1800,490.1800,490.1800
1787683234,490.2100,490.2100,490.2050,490.2050
1787683238,490.1300,490.1300,490.1300,490.1300
1787683239,490.1800,490.1900,490.1800,490.1900
1787683240,490.1600,490.1600,490.1600,490.1600
1787683246,490.1500,490.1500,490.1500,490.1500
1787683247,490.1900,490.1900,490.1300,490.1300
1787683261,490.1600,490.1600,490.1600,490.1600
1787683266,490.1600,490.1600,490.1200,490.1200
1787683271,490.1000,490.1000,490.1000,490.1000
1787683272,490.0700,490.0700,490.0700,490.0700
1787683281,490.1000,490.1000,490.1000,490.1000
1787683285,490.1400,490.1400,490.1400,490.1400
1787683288,490.1400,490.1400,490.1400,490.1400
1787683291,490.1500,490.1500,490.1500,490.1500
1787683292,490.1600,490.1600,490.1600,490.1600
1787683297,490.1300,490.1500,490.1200,490.1500
1787683308,490.1500,490.1500,490.1450,490.1450
1787683309,490.1700,490.1800,490.1700,490.1800
1787683313,490.1900,490.1900,490.1800,490.1800
1787683314,490.2000,490.2100,490.2000,490.2100
1787683315,490.2100,490.2100,490.2100,490.2100
1787683316,490.2200,490.2200,490.2200,490.2200
1787683317,490.2200,490.2250,490.2200,490.2250
1787683322,490.2000,490.2000,490.1800,490.1800
1787683331,490.1700,490.1700,490.1500,490.1500
1787683342,490.1400,490.1400,490.1100,490.1100
1787683344,490.1400,490.1400,490.1400,490.1400
1787683345,490.1400,490.1400,490.1400,490.1400
1787683348,490.1300,490.1300,490.1100,490.1200
1787683351,490.1350,490.1350,490.1350,490.1350
1787683359,490.1700,490.1700,490.1500,490.1500
1787683366,490.1700,490.2100,490.1700,490.2100
1787683367,490.2300,490.2300,490.2300,490.2300
1787683382,490.2400,490.2400,490.2400,490.2400
1787683383,490.2700,490.2700,490.2600,490.2600
1787683394,490.2700,490.3000,490.2700,490.2800
1787683396,490.3000,490.3600,490.3000,490.3600
1787683400,490.3600,490.3600,490.3600,490.3600
1787683403,490.3700,490.3700,490.3700,490.3700
1787683406,490.3700,490.3700,490.3700,490.3700
1787683413,490.3700,490.3700,490.3700,490.3700
1787683423,490.3600,490.3600,490.3500,490.3500
1787683424,490.3200,490.3200,490.3200,490.3200
1787683427,490.3100,490.3100,490.3100,490.3100
1787683429,490.3000,490.3000,490.3000,490.3000
1787683432,490.2900,490.2900,490.2900,490.2900
1787683433,490.2800,490.2800,490.2700,490.2700
1787683434,490.2600,490.2600,490.2600,490.2600
1787683436,490.2600,490.2600,490.2600,490.2600
1787683438,490.2600,490.2600,490.2600,490.2600
1787683439,490.2600,490.2600,490.2600,490.2600
1787683440,490.2600,490.2600,490.2600,490.2600
1787683443,490.2600,490.2600,490.2600,490.2600
1787683444,490.2600,490.2600,490.2600,490.2600
1787683449,490.2350,490.2350,490.2350,490.2350
1787683450,490.2000,490.2000,490.2000,490.2000
1787683453,490.2100,490.2100,490.2000,490.2000
1787683454,490.2250,490.2250,490.2250,490.2250
1787683455,490.2250,490.2250,490.2250,490.2250
1787683469,490.2400,490.2600,490.2300,490.2600
1787683471,490.2500,490.2500,490.2200,490.2200
1787683477,490.2400,490.2400,490.2400,490.2400
1787683478,490.2400,490.2600,490.2400,490.2600
1787683487,490.2250,490.2250,490.2250,490.2250
1787683488,490.2250,490.2250,490.2250,490.2250
1787683495,490.2500,490.3000,490.2500,490.3000
1787683500,490.3400,490.3600,490.3400,490.3600
1787683501,490.3900,490.4100,490.3900,490.4100
1787683504,490.4000,490.4000,490.4000,490.4000
1787683505,490.3700,490.3700,490.3700,490.3700
1787683513,490.4000,490.4000,490.4000,490.4000
1787683521,490.4250,490.4250,490.4250,490.4250
1787683526,490.4250,490.4250,490.4250,490.4250
1787683528,490.4500,490.4600,490.4500,490.4600
1787683530,490.4700,490.4700,490.4700,490.4700
1787683531,490.4900,490.5400,490.4900,490.5400
1787683532,490.5800,490.5900,490.5700,490.5700
1787683548,490.6100,490.6200,490.6100,490.6200
1787683551,490.6400,490.6400,490.6400,490.6400
1787683552,490.6100,490.6100,490.6100,490.6100
1787683555,490.6450,490.6450,490.6450,490.6450
1787683559,490.6500,490.6500,490.6500,490.6500
1787683572,490.6650,490.6650,490.6650,490.6650
1787683573,490.6900,490.7400,490.6900,490.7400
1787683574,490.7600,490.8000,490.7600,490.8000
1787683581,490.8000,490.8000,490.8000,490.8000
1787683584,490.7800,490.7800,490.7800,490.7800
1787683586,490.7950,490.7950,490.7800,490.7800
1787683587,490.7950,490.7950,490.7950,490.7950
1787683592,490.8100,490.8100,490.8100,490.8100
1787683597,490.8050,490.8200,490.8050,490.8200
1787683599,490.8250,490.8250,490.8250,490.8250
1787683600,490.8250,490.8250,490.7900,490.7900
1787683601,490.7700,490.7700,490.7700,490.7700
1787683604,490.7600,490.7600,490.7600,490.7600
1787683612,490.7600,490.7600,490.7600,490.7600
1787683613,490.7500,490.7500,490.7500,490.7500
1787683619,490.7500,490.7500,490.7500,490.7500
1787683620,490.7500,490.7500,490.7200,490.7200
1787683639,490.7200,490.7600,490.7200,490.7600
1787683642,490.7300,490.7300,490.7100,490.7100
1787683643,490.7000,490.7000,490.6650,490.6650
1787683644,490.6600,490.6600,490.6600,490.6600
1787683648,490.6300,490.6300,490.6100,490.6100
1787683656,490.6400,490.6400,490.6400,490.6400
1787683658,490.6100,490.6100,490.6100,490.6100
1787683668,490.6500,490.6600,490.6400,490.6400
1787683670,490.5900,490.5900,490.5700,490.5700
1787683676,490.5400,490.5400,490.5400,490.5400
1787683678,490.5200,490.5200,490.5100,490.5100
1787683681,490.5150,490.5500,490.5150,490.5500
1787683690,490.5200,490.5200,490.5000,490.5000
1787683694,490.4900,490.4900,490.4900,490.4900
1787683695,490.4900,490.4900,490.4900,490.4900
1787683700,490.5200,490.5500,490.5200,490.5500
1787683711,490.5700,490.5700,490.5600,490.5600
1787683712,490.6000,490.6000,490.6000,490.6000
1787683714,490.6300,490.6300,490.6300,490.6300
1787683719,490.6200,490.6200,490.6200,490.6200
1787683726,490.6200,490.6200,490.6200,490.6200
1787683727,490.6400,490.6500,490.6400,490.6500
1787683730,490.6300,490.6300,490.5700,490.5700
1787683741,490.6200,490.6200,490.6200,490.6200
1787683753,490.6000,490.6000,490.6000,490.6000
1787683754,490.6400,490.6400,490.6400,490.6400
1787683756,490.6500,490.6600,490.6500,490.6600
1787683758,490.6800,490.6800,490.6800,490.6800
1787683770,490.6900,490.7000,490.6700,490.6700
1787683774,490.6800,490.6800,490.6800,490.6800
1787683776,490.7100,490.7100,490.7100,490.7100
1787683780,490.6800,490.7000,490.6800,490.7000
1787683792,490.6850,490.6850,490.6850,490.6850
1787683797,490.6850,490.6850,490.6500,490.6500
1787683798,490.6800,490.7100,490.6800,490.7100
1787683800,490.7500,490.7600,490.7500,490.7600
1787683804,490.7200,490.7200,490.6900,490.6900
1787683806,490.6700,490.6700,490.6700,490.6700
1787683811,490.6600,490.6700,490.6300,490.6300
1787683814,490.6300,490.6300,490.6300,490.6300
1787683815,490.6300,490.6300,490.6300,490.6300
1787683819,490.6600,490.6600,490.6400,490.6400
1787683825,490.6200,490.6200,490.6200,490.6200
1787683826,490.6700,490.6700,490.6700,490.6700
1787683833,490.6400,490.6400,490.6400,490.6400
1787683836,490.6300,490.6400,490.6300,490.6400
1787683843,490.6500,490.6500,490.6500,490.6500
1787683848,490.6600,490.6600,490.6600,490.6600
1787683849,490.6600,490.6900,490.6600,490.6700
1787683850,490.6600,490.6600,490.5900,490.5900
1787683851,490.5600,490.5600,490.5300,490.5400
1787683853,490.5300,490.5300,490.5300,490.5300
1787683862,490.5300,490.5300,490.5300,490.5300
1787683863,490.5300,490.5300,490.5300,490.5300
1787683865,490.5000,490.5000,490.5000,490.5000
1787683871,490.4900,490.4900,490.4900,490.4900
1787683874,490.5100,490.5100,490.5100,490.5100
1787683878,490.4900,490.4900,490.4300,490.4300
1787683881,490.4300,490.4300,490.4300,490.4300
1787683882,490.4300,490.4300,490.4300,490.4300
1787683890,490.4500,490.4500,490.4400,490.4400
1787683891,490.4500,490.4500,490.4500,490.4500
1787683893,490.4700,490.5350,490.4700,490.5350
1787683896,490.5000,490.5000,490.5000,490.5000
1787683898,490.5100,490.5100,490.5100,490.5100
1787683899,490.5500,490.5500,490.5500,490.5500
1787683905,490.4800,490.5200,490.4800,490.5200
1787683933,490.5000,490.5300,490.5000,490.5300
1787683937,490.4900,490.4900,490.4800,490.4800
1787683943,490.5000,490.5000,490.5000,490.5000
1787683947,490.5300,490.5900,490.5300,490.5900
1787683953,490.5400,490.5400,490.5400,490.5400
1787683955,490.5600,490.5600,490.5150,490.5150
1787683969,490.5600,490.5800,490.5600,490.5800
1787683975,490.5800,490.5800,490.5700,490.5700
1787683976,490.5850,490.5850,490.5850,490.5850
1787683977,490.6100,490.6100,490.6100,490.6100
1787683981,490.6100,490.6100,490.6100,490.6100
1787683986,490.6100,490.6100,490.6100,490.6100
1787683990,490.6300,490.6800,490.6300,490.6800
1787683992,490.6700,490.6700,490.6500,490.6500
1787684003,490.6800,490.6800,490.6400,490.6400
1787684004,490.6300,490.6300,490.6300,490.6300
1787684007,490.6400,490.6400,490.6200,490.6200
1787684008,490.6100,490.6100,490.6100,490.6100
1787684012,490.6150,490.6150,490.6150,490.6150
1787684018,490.6300,490.6800,490.6300,490.6700
1787684020,490.6700,490.6750,490.6700,490.6750
1787684021,490.6700,490.6700,490.6700,490.6700
1787684024,490.6700,490.6700,490.6700,490.6700
1787684029,490.6800,490.6800,490.6800,490.6800
1787684031,490.7000,490.7200,490.7000,490.7200
1787684032,490.7500,490.7500,490.7200,490.7200
1787684038,490.7300,490.7300,490.7300,490.7300
1787684040,490.7600,490.7700,490.7600,490.7700
1787684044,490.7700,490.7700,490.6600,490.6700
1787684050,490.7100,490.7100,490.7100,490.7100
1787684057,490.7600,490.7700,490.7600,490.7700
1787684060,490.7800,490.7800,490.7800,490.7800
1787684061,490.7500,490.7500,490.7500,490.7500
1787684062,490.7800,490.8500,490.7800,490.8500
1787684070,490.8600,490.8600,490.8600,490.8600
1787684072,490.8600,490.8600,490.8300,490.8300
1787684074,490.8550,490.8550,490.8550,490.8550
1787684075,490.8200,490.8200,490.8100,490.8100
1787684076,490.7850,490.7850,490.7850,490.7850
1787684078,490.7500,490.7500,490.7300,490.7300
1787684079,490.7300,490.7300,490.7300,490.7300
1787684084,490.7300,490.7300,490.7300,490.7300
1787684088,490.6900,490.6900,490.6900,490.6900
1787684095,490.6700,490.6700,490.6700,490.6700
1787684098,490.6700,490.6700,490.6100,490.6400
1787684111,490.6100,490.6100,490.5900,490.6100
1787684112,490.6300,490.6700,490.6300,490.6700
1787684117,490.7000,490.7000,490.7000,490.7000
1787684128,490.7000,490.7800,490.7000,490.7800
1787684129,490.7800,490.7800,490.7500,490.7500
1787684135,490.6900,490.6900,490.6800,490.6800
1787684136,490.6800,490.6800,490.6800,490.6800
1787684137,490.6500,490.6800,490.6500,490.6800
1787684138,490.6750,490.6750,490.6750,490.6750
1787684141,490.6750,490.6750,490.6750,490.6750
1787684152,490.6500,490.6500,490.6500,490.6500
1787684156,490.6500,490.6500,490.6500,490.6500
1787684165,490.6800,490.6800,490.6800,490.6800
1787684167,490.6700,490.6700,490.6700,490.6700
1787684170,490.6500,490.6500,490.6100,490.6100
1787684183,490.6100,490.6100,490.6100,490.6100
1787684187,490.6200,490.6400,490.6200,490.6400
1787684189,490.6200,490.6200,490.5900,490.5900
1787684191,490.5800,490.5800,490.5800,490.5800
1787684193,490.5900,490.5900,490.5900,490.5900
1787684194,490.6200,490.6200,490.6200,490.6200
1787684199,490.6200,490.6400,490.6200,490.6200
1787684201,490.6000,490.6100,490.6000,490.6100
1787684214,490.6000,490.6000,490.6000,490.6000
1787684217,490.5800,490.5800,490.5700,490.5700
1787684234,490.5450,490.5450,490.5450,490.5450
1787684236,490.5700,490.5700,490.5700,490.5700
1787684238,490.5650,490.5650,490.5650,490.5650
1787684244,490.5800,490.6000,490.5800,490.6000
1787684249,490.5700,490.5700,490.5000,490.5000
1787684250,490.4900,490.4900,490.4800,490.4800
1787684253,490.4700,490.4700,490.4700,490.4700
1787684254,490.4600,490.4600,490.4600,490.4600
1787684255,490.4400,490.4400,490.4400,490.4400
1787684261,490.4400,490.4400,490.4200,490.4200
1787684263,490.4100,490.4100,490.3900,490.3900
1787684272,490.3850,490.3850,490.3850,490.3850
1787684281,490.3600,490.3600,490.3500,490.3500
1787684284,490.3000,490.3000,490.2900,490.2900
1787684290,490.3000,490.3700,490.3000,490.3700
1787684295,490.3900,490.4100,490.3900,490.3900
1787684306,490.4500,490.4600,490.4500,490.4600
1787684314,490.4800,490.5000,490.4800,490.5000
1787684328,490.5100,490.5100,490.5100,490.5100
1787684332,490.5300,490.5300,490.5300,490.5300
1787684334,490.5100,490.5100,490.4800,490.4800
1787684335,490.4700,490.4700,490.4700,490.4700
1787684336,490.4600,490.4600,490.4600,490.4600
1787684337,490.4800,490.4900,490.4800,490.4900
1787684338,490.4700,490.4700,490.4700,490.4700
1787684342,490.5500,490.5500,490.5500,490.5500
1787684346,490.5500,490.5500,490.5500,490.5500
1787684351,490.5500,490.5500,490.5500,490.5500
1787684353,490.5300,490.5300,490.5300,490.5300
1787684355,490.5550,490.5550,490.5550,490.5550
1787684361,490.5200,490.5200,490.5200,490.5200
1787684362,490.5500,490.5500,490.5500,490.5500
1787684363,490.5600,490.5600,490.5600,490.5600
1787684368,490.5800,490.5800,490.5800,490.5800
1787684374,490.5700,490.5750,490.5700,490.5700
1787684375,490.5750,490.5750,490.5750,490.5750
1787684377,490.5800,490.6100,490.5800,490.6100
1787684381,490.6000,490.6000,490.5800,490.5800
1787684383,490.6200,490.6200,490.6200,490.6200
1787684385,490.5800,490.5800,490.5800,490.5800
1787684390,490.5900,490.5900,490.5900,490.5900
1787684394,490.6050,490.6050,490.6050,490.6050
1787684398,490.5800,490.5800,490.5700,490.5700
1787684400,490.6000,490.6300,490.6000,490.6200
1787684402,490.6350,490.6350,490.6300,490.6300
1787684405,490.6500,490.6500,490.6500,490.6500
1787684408,490.6800,490.6800,490.6700,490.6700
1787684409,490.6400,490.6400,490.6300,490.6300
1787684411,490.6200,490.6200,490.6100,490.6100
1787684414,490.5800,490.5800,490.5800,490.5800
1787684415,490.5700,490.5700,490.5700,490.5700
1787684418,490.5700,490.5700,490.5700,490.5700
1787684420,490.5500,490.5500,490.5500,490.5500
1787684421,490.5400,490.5400,490.5300,490.5300
1787684424,490.5200,490.5200,490.5200,490.5200
1787684428,490.5200,490.5200,490.5100,490.5100
1787684432,490.5300,490.5300,490.5100,490.5100
1787684433,490.5000,490.5000,490.5000,490.5000
1787684434,490.5100,490.5200,490.5000,490.5000
1787684435,490.5200,490.5200,490.5200,490.5200
1787684437,490.5100,490.5100,490.5100,490.5100
1787684443,490.5150,490.5150,490.4700,490.4700
1787684444,490.5000,490.5000,490.5000,490.5000
1787684450,490.4600,490.4600,490.4600,490.4600
1787684453,490.4200,490.4200,490.4200,490.4200
1787684457,490.4500,490.4600,490.4500,490.4500
1787684458,490.4450,490.4450,490.4400,490.4400
1787684463,490.4600,490.4800,490.4600,490.4800
1787684466,490.5200,490.5400,490.5200,490.5200
1787684467,490.5200,490.5500,490.5200,490.5500
1787684471,490.5500,490.5500,490.5500,490.5500
1787684474,490.5600,490.5600,490.5600,490.5600
1787684485,490.5200,490.5200,490.4600,490.4600
1787684486,490.3800,490.3800,490.3800,490.3800
1787684489,490.3700,490.3700,490.3400,490.3400
1787684492,490.3700,490.3700,490.3700,490.3700
1787684497,490.3100,490.3100,490.3100,490.3100
1787684506,490.3400,490.3600,490.3400,490.3600
1787684515,490.3700,490.3800,490.3700,490.3800
1787684516,490.3800,490.3800,490.3800,490.3800
1787684520,490.3900,490.3900,490.3900,490.3900
1787684521,490.3700,490.3700,490.3300,490.3300
1787684526,490.3500,490.3500,490.3500,490.3500
1787684532,490.3900,490.4000,490.3900,490.4000
1787684548,490.3500,490.3500,490.3300,490.3300
1787684549,490.3100,490.3100,490.3000,490.3000
1787684550,490.2900,490.2900,490.2700,490.2700
1787684553,490.2700,490.2700,490.2700,490.2700
1787684556,490.2900,490.2900,490.2900,490.2900
1787684559,490.2600,490.2600,490.2600,490.2600
1787684572,490.2600,490.2600,490.2600,490.2600
1787684573,490.3000,490.3000,490.3000,490.3000
1787684575,490.2600,490.2600,490.2600,490.2600
1787684577,490.2900,490.2900,490.2800,490.2800
1787684581,490.3100,490.3500,490.3100,490.3500
1787684591,490.3100,490.3100,490.3000,490.3000
1787684602,490.3500,490.3500,490.3200,490.3200
1787684603,490.3000,490.3000,490.3000,490.3000
1787684604,490.2900,490.2900,490.2900,490.2900
1787684622,490.3250,490.3250,490.3250,490.3250
1787684623,490.3000,490.3000,490.3000,490.3000
1787684629,490.2900,490.2900,490.2900,490.2900
1787684632,490.3100,490.3100,490.3100,490.3100
1787684633,490.3100,490.3100,490.2900,490.2900
1787684634,490.2900,490.2900,490.2800,490.2800
1787684641,490.3100,490.3100,490.3100,490.3100
1787684642,490.3000,490.3200,490.3000,490.3200
1787684646,490.3000,490.3000,490.2900,490.2900
1787684648,490.2800,490.3000,490.2800,490.3000
1787684656,490.2900,490.2900,490.2900,490.2900
1787684658,490.3100,490.3100,490.3100,490.3100
1787684662,490.2800,490.2800,490.2600,490.2600
1787684667,490.2750,490.2750,490.2750,490.2750
1787684671,490.2600,490.2600,490.2600,490.2600
1787684677,490.2750,490.2750,490.2750,490.2750
1787684683,490.2800,490.3200,490.2700,490.3200
1787684684,490.3200,490.3200,490.3200,490.3200
1787684686,490.3200,490.3200,490.3200,490.3200
1787684687,490.3000,490.3000,490.2900,490.2900
1787684695,490.2700,490.2700,490.2700,490.2700
1787684700,490.2900,490.3100,490.2900,490.3100
1787684702,490.3200,490.3200,490.3200,490.3200
1787684708,490.3300,490.3300,490.3300,490.3300
1787684712,490.3300,490.3300,490.3200,490.3200
1787684715,490.3100,490.3100,490.3100,490.3100
1787684717,490.3100,490.3100,490.3100,490.3100
1787684719,490.3400,490.3600,490.3400,490.3600
1787684720,490.3800,490.3800,490.3800,490.3800
1787684722,490.3700,490.3700,490.3700,490.3700
1787684725,490.3300,490.3300,490.3200,490.3200
1787684731,490.3000,490.3000,490.2800,490.2800
1787684733,490.2700,490.2700,490.2700,490.2700
1787684735,490.2600,490.2600,490.2600,490.2600
1787684748,490.2950,490.2950,490.2950,490.2950
1787684749,490.3000,490.3000,490.3000,490.3000
1787684755,490.3300,490.3400,490.3300,490.3400
1787684756,490.3500,490.3500,490.3400,490.3400
1787684757,490.3300,490.3300,490.3300,490.3300
1787684758,490.3000,490.3000,490.2900,490.3000
1787684759,490.3100,490.3100,490.3100,490.3100
1787684775,490.3000,490.3000,490.3000,490.3000
1787684777,490.3300,490.3900,490.3300,490.3700
1787684782,490.4200,490.4200,490.4200,490.4200
1787684784,490.4000,490.4000,490.4000,490.4000
1787684786,490.3800,490.3800,490.3800,490.3800
1787684788,490.3700,490.3700,490.3700,490.3700
1787684797,490.3950,490.3950,490.3950,490.3950
1787684810,490.4200,490.4400,490.4200,490.4400
1787684811,490.4450,490.4450,490.4200,490.4200
1787684812,490.4150,490.4150,490.3900,490.3900
1787684813,490.3900,490.4000,490.3900,490.4000
1787684816,490.3900,490.3900,490.3900,490.3900
1787684818,490.3900,490.3900,490.3800,490.3800
1787684820,490.4200,490.4400,490.4200,490.4400
1787684825,490.4700,490.4700,490.4700,490.4700
1787684827,490.4500,490.4500,490.4400,490.4400
1787684832,490.4800,490.4800,490.4800,490.4800
1787684834,490.4900,490.5000,490.4900,490.4900
1787684842,490.4400,490.4400,490.4200,490.4200
1787684844,490.4000,490.4000,490.4000,490.4000
1787684848,490.4100,490.4200,490.4100,490.4200
1787684851,490.3700,490.3700,490.3700,490.3700
1787684852,490.3800,490.3800,490.3600,490.3600
1787684853,490.4000,490.4000,490.4000,490.4000
1787684862,490.3500,490.3500,490.3300,490.3300
1787684867,490.3300,490.3300,490.2800,490.2800
1787684871,490.3000,490.3000,490.3000,490.3000
1787684872,490.3100,490.3100,490.3100,490.3100
1787684873,490.2600,490.2600,490.2500,490.2500
1787684874,490.2300,490.2300,490.2300,490.2300
1787684880,490.2300,490.2300,490.2200,490.2200
1787684881,490.2200,490.2200,490.2200,490.2200
1787684883,490.1900,490.1900,490.1700,490.1700
1787684885,490.2400,490.2800,490.2400,490.2800
1787684893,490.2300,490.2300,490.2300,490.2300
1787684902,490.2800,490.3000,490.2800,490.3000
1787684913,490.3000,490.3000,490.2800,490.2800
1787684919,490.2800,490.2800,490.2700,490.2700
1787684926,490.2900,490.2900,490.2900,490.2900
1787684929,490.2800,490.2800,490.2800,490.2800
1787684932,490.2600,490.2600,490.2600,490.2600
1787684939,490.2400,490.2400,490.2400,490.2400
1787684940,490.2100,490.2100,490.2100,490.2100
1787684941,490.2300,490.2300,490.2300,490.2300
1787684945,490.2100,490.2100,490.1700,490.1700
1787684949,490.1900,490.2000,490.1900,490.2000
1787684950,490.2000,490.2000,490.2000,490.2000
1787684951,490.2000,490.2000,490.2000,490.2000
1787684959,490.1600,490.1600,490.1600,490.1600
1787684960,490.1650,490.1650,490.1650,490.1650
1787684963,490.1800,490.1800,490.1800,490.1800
1787684964,490.2000,490.2000,490.2000,490.2000
1787684966,490.1900,490.1900,490.1900,490.1900
1787684973,490.1900,490.1900,490.1900,490.1900
1787684976,490.1800,490.1800,490.1800,490.1800
1787684978,490.1900,490.1900,490.1900,490.1900
1787684985,490.2000,490.2000,490.2000,490.2000
1787684988,490.2000,490.2100,490.2000,490.2100
1787684989,490.2100,490.2100,490.2000,490.2100
1787684991,490.2300,490.2400,490.2300,490.2300
1787684992,490.1900,490.1900,490.1800,490.1800
1787684995,490.1800,490.1800,490.1800,490.1800
1787684998,490.1800,490.1800,490.1800,490.1800
1787684999,490.1600,490.1600,490.1500,490.1500
1787685000,490.1400,490.1400,490.1400,490.1400
1787685001,490.1500,490.1500,490.1500,490.1500
1787685004,490.1600,490.1600,490.1600,490.1600
1787685005,490.1800,490.1800,490.1800,490.1800
1787685008,490.1900,490.1900,490.1900,490.1900
1787685012,490.1500,490.1500,490.1500,490.1500
1787685021,490.2000,490.2000,490.2000,490.2000
1787685022,490.1600,490.1600,490.1400,490.1400
1787685032,490.2000,490.2000,490.2000,490.2000
1787685034,490.1700,490.1700,490.1700,490.1700
1787685036,490.1500,490.1900,490.1500,490.1900
1787685037,490.1500,490.1500,490.1000,490.1300
1787685038,490.1500,490.1500,490.1500,490.1500
1787685052,490.1200,490.1200,490.1200,490.1200
1787685056,490.1500,490.1500,490.1200,490.1200
1787685058,490.1100,490.1300,490.1100,490.1300
1787685064,490.1400,490.1400,490.1400,490.1400
1787685065,490.1100,490.1200,490.1100,490.1200
1787685068,490.1100,490.1100,490.1100,490.1100
1787685074,490.1200,490.1200,490.1100,490.1100
1787685075,490.1500,490.1500,490.1400,490.1400
1787685079,490.1400,490.1400,490.1400,490.1400
1787685080,490.1500,490.1700,490.1500,490.1700
1787685085,490.2000,490.2500,490.2000,490.2500
1787685095,490.3400,490.3400,490.3400,490.3400
1787685096,490.3500,490.3600,490.3500,490.3600
1787685097,490.3900,490.4000,490.3900,490.4000
1787685098,490.4200,490.4200,490.4100,490.4100
1787685106,490.4250,490.4250,490.4250,490.4250
1787685108,490.4250,490.4250,490.4250,490.4250
1787685112,490.4600,490.4900,490.4600,490.4600
1787685113,490.4800,490.4800,490.4800,490.4800
1787685115,490.4600,490.4600,490.4400,490.4400
1787685118,490.4400,490.4400,490.4000,490.4300
1787685119,490.4100,490.4100,490.4100,490.4100
1787685123,490.4400,490.4400,490.4400,490.4400
1787685126,490.4300,490.4300,490.4300,490.4300
1787685127,490.4600,490.4600,490.4600,490.4600
1787685132,490.4600,490.4600,490.4550,490.4550
1787685134,490.4700,490.4700,490.4300,490.4300
1787685136,490.4200,490.4200,490.3900,490.4000
1787685138,490.4100,490.4100,490.4100,490.4100
1787685140,490.3800,490.3800,490.3500,490.3500
1787685143,490.3200,490.3200,490.3200,490.3200
1787685145,490.3000,490.3300,490.3000,490.3300
1787685147,490.3300,490.3300,490.3300,490.3300
1787685149,490.3000,490.3000,490.3000,490.3000
1787685153,490.3300,490.3500,490.3300,490.3500
1787685167,490.3550,490.3550,490.3550,490.3550
1787685169,490.3700,490.3900,490.3700,490.3900
1787685174,490.4000,490.4000,490.4000,490.4000
1787685175,490.4000,490.4000,490.4000,490.4000
1787685182,490.4100,490.4100,490.4100,490.4100
1787685194,490.3900,490.3950,490.3900,490.3950
1787685200,490.4000,490.4000,490.4000,490.4000
1787685203,490.3800,490.3800,490.3700,490.3700
1787685207,490.3600,490.3700,490.3600,490.3700
1787685209,490.3600,490.4000,490.3600,490.3900
1787685221,490.3800,490.3800,490.3800,490.3800
1787685223,490.3700,490.3700,490.3700,490.3700
1787685224,490.3600,490.3600,490.3600,490.3600
1787685228,490.3900,490.4200,490.3900,490.4200
1787685230,490.4000,490.4000,490.4000,490.4000
1787685241,490.3950,490.3950,490.3950,490.3950
1787685246,490.4100,490.4300,490.4100,490.4300
1787685247,490.4400,490.4500,490.4400,490.4500
1787685250,490.4600,490.4600,490.4600,490.4600
1787685252,490.4500,490.4500,490.4400,490.4500
1787685253,490.4300,490.4300,490.4300,490.4300
1787685257,490.4200,490.4200,490.4100,490.4100
1787685263,490.4000,490.4000,490.4000,490.4000
1787685264,490.4000,490.4000,490.4000,490.4000
1787685265,490.3900,490.3900,490.3900,490.3900
1787685272,490.4400,490.4400,490.4400,490.4400
1787685277,490.4400,490.4500,490.4400,490.4500
1787685279,490.4400,490.4400,490.4400,490.4400
1787685283,490.4400,490.4550,490.4400,490.4550
1787685290,490.4200,490.4200,490.4200,490.4200
1787685291,490.4200,490.4200,490.4200,490.4200
1787685295,490.4000,490.4000,490.4000,490.4000
1787685297,490.3900,490.4050,490.3900,490.4000
1787685304,490.4200,490.4200,490.4100,490.4100
1787685305,490.4000,490.4000,490.3700,490.3700
1787685308,490.3750,490.3750,490.3750,490.3750
1787685311,490.3900,490.3900,490.3900,490.3900
1787685313,490.3900,490.3900,490.3700,490.3700
1787685320,490.3800,490.4200,490.3800,490.4200
1787685321,490.4100,490.4100,490.4000,490.4000
1787685322,490.4000,490.4000,490.4000,490.4000
1787685326,490.3800,490.3800,490.3700,490.3700
1787685331,490.4100,490.4900,490.4100,490.4900
1787685332,490.4500,490.4500,490.4500,490.4500
1787685334,490.4500,490.4500,490.4500,490.4500
1787685335,490.4650,490.5200,490.4650,490.5200
1787685337,490.5200,490.5200,490.5100,490.5100
1787685346,490.4600,490.4600,490.4600,490.4600
1787685349,490.4500,490.4500,490.4300,490.4300
1787685354,490.4350,490.4700,490.4350,490.4600
1787685362,490.4450,490.4450,490.0400,490.0900
1787685363,490.0900,490.3300,490.0900,490.3300
1787685364,490.3700,490.3900,490.1200,490.1300
1787685365,490.2000,490.2000,490.2000,490.2000
1787685368,490.2500,490.3500,490.2500,490.3500
1787685371,490.2800,490.2800,490.2800,490.2800
1787685372,490.2900,490.2900,490.2900,490.2900
1787685374,490.2700,490.2700,490.2700,490.2700
1787685375,490.2600,490.2600,490.2600,490.2600
1787685380,490.2500,490.2700,490.2500,490.2500
1787685382,490.3300,490.3300,490.3300,490.3300
1787685383,490.2850,490.2850,490.2850,490.2850
1787685387,490.2700,490.2700,490.2700,490.2700
1787685389,490.2900,490.2900,490.2900,490.2900
1787685390,490.2500,490.2700,490.2400,490.2700
1787685395,490.2800,490.2800,490.2800,490.2800
1787685399,490.2500,490.2500,490.2200,490.2200
1787685410,490.1900,490.1900,490.1800,490.1800
1787685411,490.1900,490.1900,490.1300,490.1300
1787685413,490.1600,490.1600,490.1600,490.1600
1787685414,490.1700,490.1700,490.1700,490.1700
1787685421,490.2100,490.2200,490.2100,490.2200
1787685425,490.1800,490.1800,490.1800,490.1800
1787685429,490.1300,490.1300,490.0000,490.0400
1787685432,490.0600,490.0600,490.0600,490.0600
1787685442,490.1000,490.1900,490.1000,490.1900
1787685445,490.2100,490.2300,490.2100,490.2300
1787685451,490.2450,490.2450,490.2450,490.2450
1787685454,490.2400,490.2400,490.2100,490.2100
1787685455,490.1900,490.1900,490.1500,490.1800
1787685460,490.2200,490.2200,490.2200,490.2200
1787685463,490.2200,490.2200,490.2200,490.2200
1787685469,490.2200,490.2600,490.2200,490.2600
1787685470,490.2500,490.2500,490.2400,490.2400
1787685478,490.2700,490.3100,490.2700,490.2700
1787685479,490.2700,490.2700,490.2700,490.2700
1787685482,490.2800,490.2800,490.2800,490.2800
1787685486,490.3100,490.3100,490.3100,490.3100
1787685494,490.2800,490.2800,490.2600,490.2600
1787685499,490.2900,490.2900,490.2900,490.2900
1787685506,490.3300,490.3300,490.3300,490.3300
1787685510,490.3200,490.3200,490.3200,490.3200
1787685511,490.3400,490.4200,490.3400,490.3700
1787685521,490.3200,490.3200,490.3200,490.3200
1787685525,490.3100,490.3100,490.3100,490.3100
1787685535,490.3300,490.3300,490.3000,490.3300
1787685545,490.3400,490.3500,490.3200,490.3400
1787685546,490.3300,490.3800,490.3300,490.3800
1787685547,490.3900,490.4000,490.3900,490.4000
1787685550,490.4100,490.4400,490.4100,490.4200
1787685551,490.4000,490.4000,490.3900,490.3900
1787685552,490.4000,490.4000,490.4000,490.4000
1787685557,490.3700,490.3700,490.3600,490.3600
1787685560,490.4000,490.4000,490.4000,490.4000
1787685562,490.3600,490.3700,490.3500,490.3700
1787685568,490.4000,490.4300,490.3950,490.3950
1787685572,490.3900,490.3900,490.3900,490.3900
1787685574,490.3800,490.3800,490.3600,490.3600
1787685581,490.3800,490.3900,490.3800,490.3900
1787685586,490.3600,490.3600,490.3600,490.3600
1787685587,490.3800,490.3800,490.3800,490.3800
1787685588,490.3850,490.3850,490.3850,490.3850
1787685589,490.4100,490.4100,490.4100,490.4100
1787685592,490.4200,490.4200,490.4200,490.4200
1787685596,490.3900,490.3900,490.3800,490.3800
1787685597,490.3700,490.3700,490.3700,490.3700
1787685598,490.3900,490.3900,490.3600,490.3600
1787685599,490.3500,490.3500,490.3500,490.3500
1787685600,490.3500,490.3500,490.3200,490.3300
1787685607,490.3550,490.3550,490.3550,490.3550
1787685608,490.3200,490.3200,490.3200,490.3200
1787685610,490.3200,490.3200,490.3000,490.3200
1787685611,490.3400,490.3500,490.3200,490.3200
1787685616,490.3300,490.3300,490.3300,490.3300
1787685624,490.3450,490.3450,490.3450,490.3450
1787685627,490.3100,490.3100,490.3100,490.3100
1787685628,490.3400,490.3400,490.3400,490.3400
1787685633,490.3500,490.4000,490.3500,490.4000
1787685635,490.3900,490.3900,490.3900,490.3900
1787685636,490.3900,490.4000,490.3900,490.4000
1787685639,490.4000,490.4000,490.4000,490.4000
1787685642,490.4300,490.4300,490.4300,490.4300
1787685644,490.4400,490.4400,490.4400,490.4400
1787685647,490.4350,490.4350,490.4350,490.4350
1787685649,490.4400,490.4400,490.4400,490.4400
1787685650,490.4400,490.4400,490.4100,490.4100
1787685651,490.4200,490.4200,490.4200,490.4200
1787685660,490.3800,490.3800,490.3800,490.3800
1787685661,490.3950,490.3950,490.3950,490.3950
1787685662,490.4000,490.4000,490.4000,490.4000
1787685663,490.4000,490.4000,490.4000,490.4000
1787685665,490.4050,490.4050,490.4050,490.4050
1787685668,490.4200,490.4200,490.4200,490.4200
1787685671,490.4000,490.4000,490.4000,490.4000
1787685673,490.3900,490.3900,490.3700,490.3700
1787685676,490.3800,490.3900,490.3800,490.3850
1787685678,490.4100,490.4100,490.4100,490.4100
1787685684,490.4000,490.4000,490.4000,490.4000
1787685685,490.4100,490.4200,490.4100,490.4150
1787685686,490.4150,490.4300,490.4100,490.4100
1787685687,490.4100,490.4100,490.3700,490.3800
1787685690,490.3700,490.3700,490.3500,490.3600
1787685691,490.3700,490.3700,490.3700,490.3700
1787685694,490.3700,490.3700,490.3700,490.3700
1787685697,490.3750,490.3750,490.3700,490.3700
1787685700,490.3700,490.3700,490.3400,490.3400
1787685701,490.3400,490.3400,490.3400,490.3400
1787685703,490.3300,490.3500,490.3200,490.3500
1787685704,490.3200,490.3800,490.3200,490.3800
1787685705,490.3600,490.3600,490.3500,490.3500
1787685707,490.3600,490.3600,490.3600,490.3600
1787685708,490.3600,490.3600,490.3600,490.3600
1787685715,490.3400,490.3400,490.3300,490.3300
1787685718,490.3100,490.3100,490.3000,490.3000
1787685725,490.3300,490.3600,490.3300,490.3600
1787685727,490.3750,490.3750,490.3750,490.3750
1787685728,490.4000,490.5000,490.4000,490.4900
1787685729,490.5000,490.5000,490.4400,490.4800
1787685730,490.4500,490.4700,490.4450,490.4450
1787685734,490.4200,490.4400,490.4200,490.4400
1787685737,490.4300,490.4400,490.4300,490.4400
1787685739,490.4400,490.4400,490.4400,490.4400
1787685740,490.4200,490.4200,490.4100,490.4100
1787685741,490.4400,490.4400,490.4400,490.4400
1787685742,490.4400,490.4800,490.4400,490.4500
1787685749,490.4600,490.4600,490.4600,490.4600
1787685754,490.4500,490.4500,490.4500,490.4500
1787685755,490.4600,490.4700,490.4600,490.4700
1787685757,490.4600,490.4600,490.4600,490.4600
1787685758,490.4600,490.4600,490.4600,490.4600
1787685759,490.4700,490.4700,490.4700,490.4700
1787685768,490.4400,490.4400,490.3900,490.3900
1787685775,490.3900,490.3900,490.3900,490.3900
1787685780,490.3800,490.3800,490.3800,490.3800
1787685787,490.3900,490.4100,490.3900,490.4100
1787685789,490.4100,490.4100,490.4100,490.4100
1787685791,490.3900,490.3900,490.3900,490.3900
1787685792,490.3800,490.3800,490.3800,490.3800
1787685797,490.3800,490.3800,490.3800,490.3800
1787685798,490.3800,490.4000,490.3800,490.4000
1787685800,490.3900,490.3900,490.3600,490.3600
1787685801,490.3900,490.3900,490.3900,490.3900
1787685803,490.3500,490.3500,490.3500,490.3500
1787685804,490.4000,490.4000,490.4000,490.4000
1787685805,490.4000,490.4400,490.3900,490.4400
1787685806,490.3800,490.3800,490.3800,490.3800
1787685808,490.3800,490.3800,490.3800,490.3800
1787685809,490.3800,490.4100,490.3800,490.4100
1787685810,490.4100,490.4100,490.4100,490.4100
1787685811,490.4300,490.4300,490.4300,490.4300
1787685813,490.4100,490.4100,490.3800,490.3800
1787685824,490.4050,490.4050,490.4050,490.4050
1787685825,490.4000,490.4000,490.4000,490.4000
1787685826,490.3800,490.3800,490.3800,490.3800
1787685828,490.4200,490.4200,490.4200,490.4200
1787685835,490.4050,490.4050,490.4050,490.4050
1787685839,490.4200,490.4200,490.4200,490.4200
1787685844,490.3900,490.3900,490.3900,490.3900
1787685845,490.4300,490.4400,490.4250,490.4400
1787685848,490.4300,490.4300,490.4100,490.4100
1787685849,490.4100,490.4100,490.4100,490.4100
1787685850,490.3900,490.3900,490.3700,490.3700
1787685853,490.3900,490.3900,490.3200,490.3200
1787685859,490.3200,490.3200,490.3200,490.3200
1787685860,490.3300,490.3300,490.3300,490.3300
1787685861,490.2900,490.2900,490.2900,490.2900
1787685863,490.3100,490.3100,490.3100,490.3100
1787685865,490.3200,490.3400,490.3200,490.3400
1787685869,490.3500,490.3500,490.3500,490.3500
1787685870,490.3600,490.3800,490.3600,490.3800
1787685871,490.3900,490.3900,490.3900,490.3900
1787685873,490.3900,490.3900,490.3900,490.3900
1787685877,490.4000,490.4000,490.4000,490.4000
1787685878,490.3900,490.3900,490.3800,490.3800
1787685889,490.4000,490.4000,490.4000,490.4000
1787685892,490.3700,490.3700,490.3600,490.3600
1787685897,490.3350,490.3350,490.3350,490.3350
1787685900,490.3600,490.3600,490.3600,490.3600
1787685904,490.3800,490.4000,490.3800,490.4000
1787685911,490.4000,490.4000,490.4000,490.4000
1787685917,490.3800,490.3800,490.3800,490.3800
1787685922,490.4000,490.4000,490.3900,490.3900
1787685932,490.4200,490.4700,490.4200,490.4600
1787685934,490.4700,490.4700,490.4700,490.4700
1787685935,490.4650,490.4700,490.4650,490.4700
1787685936,490.4700,490.4700,490.4600,490.4600
1787685937,490.4750,490.4750,490.4600,490.4600
1787685940,490.4700,490.4700,490.4700,490.4700
1787685946,490.4800,490.4800,490.4800,490.4800
1787685947,490.4800,490.4800,490.4800,490.4800
1787685950,490.4700,490.4700,490.4700,490.4700
1787685953,490.4800,490.4800,490.4800,490.4800
1787685955,490.4700,490.4700,490.4500,490.4500
1787685961,490.4300,490.4300,490.4300,490.4300
1787685965,490.4700,490.4700,490.4700,490.4700
1787685973,490.4100,490.4100,490.3900,490.3900
1787685983,490.4200,490.4300,490.4200,490.4300
1787685984,490.3900,490.3900,490.3900,490.3900
1787685987,490.4100,490.4100,490.4100,490.4100
1787685996,490.3950,490.3950,490.3950,490.3950
1787685998,490.4200,490.4200,490.4200,490.4200
1787686001,490.4200,490.4400,490.4200,490.4400
1787686003,490.4800,490.4900,490.4800,490.4850
1787686008,490.5000,490.5300,490.5000,490.5100
1787686013,490.4700,490.4700,490.4600,490.4600
1787686017,490.4450,490.4450,490.4450,490.4450
1787686020,490.4450,490.4450,490.4450,490.4450
1787686021,490.4100,490.4100,490.3700,490.3700
1787686023,490.3600,490.3600,490.3600,490.3600
1787686024,490.3600,490.3600,490.3500,490.3500
1787686031,490.3600,490.3600,490.2900,490.3300
1787686035,490.3300,490.3300,490.3300,490.3300
1787686037,490.3300,490.3300,490.3300,490.3300
1787686060,490.3500,490.3600,490.3500,490.3600
1787686073,490.3500,490.3500,490.3500,490.3500
1787686080,490.3800,490.4000,490.3800,490.4000
1787686082,490.4000,490.4200,490.4000,490.4000
1787686085,490.4400,490.4400,490.4400,490.4400
1787686086,490.4400,490.4400,490.4400,490.4400
1787686088,490.4500,490.4500,490.4500,490.4500
1787686090,490.4100,490.4100,490.4100,490.4100
1787686091,490.3900,490.3900,490.3800,490.3800
1787686092,490.3800,490.3800,490.3800,490.3800
1787686098,490.3700,490.3700,490.3400,490.3400
1787686100,490.2900,490.2900,490.2900,490.2900
1787686101,490.3100,490.3100,490.3100,490.3100
1787686102,490.2900,490.2900,490.2800,490.2800
1787686104,490.2800,490.2800,490.2500,490.2500
1787686106,490.2400,490.2500,490.2400,490.2500
1787686107,490.2800,490.2800,490.2400,490.2400
1787686113,490.2600,490.2600,490.2600,490.2600
1787686126,490.2500,490.2500,490.2400,490.2400
1787686127,490.1900,490.1900,490.1900,490.1900
1787686128,490.1900,490.1900,490.1900,490.1900
1787686129,490.1900,490.1900,490.1900,490.1900
1787686132,490.2000,490.2000,490.2000,490.2000
1787686133,490.2200,490.2300,490.2200,490.2300
1787686135,490.2400,490.2400,490.2400,490.2400
1787686138,490.2100,490.2100,490.2100,490.2100
1787686140,490.1900,490.1900,490.1900,490.1900
1787686141,490.2150,490.2150,490.2150,490.2150
1787686142,490.2100,490.2100,490.2100,490.2100
1787686151,490.2000,490.2100,490.2000,490.2100
1787686154,490.2400,490.2400,490.2400,490.2400
1787686157,490.2700,490.2700,490.2700,490.2700
1787686163,490.2600,490.2600,490.2300,490.2300
1787686164,490.2050,490.2050,490.2050,490.2050
1787686165,490.2400,490.2400,490.2400,490.2400
1787686172,490.2200,490.2200,490.1900,490.1900
1787686174,490.2150,490.2150,490.2150,490.2150
1787686176,490.2200,490.2500,490.2200,490.2500
1787686180,490.2300,490.2300,490.2200,490.2200
1787686181,490.2100,490.2100,490.2100,490.2100
1787686182,490.2200,490.2200,490.2200,490.2200
1787686184,490.2500,490.2500,490.2500,490.2500
1787686187,490.1900,490.1900,490.1900,490.1900
1787686188,490.1950,490.2300,490.1950,490.2300
1787686189,490.1900,490.1900,490.1900,490.1900
1787686190,490.1900,490.2050,490.1900,490.2050
1787686191,490.1800,490.1800,490.1750,490.1800
1787686192,490.1700,490.1700,490.1700,490.1700
1787686193,490.2000,490.2000,490.2000,490.2000
1787686195,490.1650,490.2100,490.1650,490.2100
1787686201,490.1600,490.1600,490.1600,490.1600
1787686204,490.1600,490.1600,490.1600,490.1600
1787686206,490.1900,490.2200,490.1900,490.2200
1787686207,490.2200,490.2500,490.2200,490.2500
1787686208,490.2600,490.2900,490.2600,490.2900
1787686210,490.2750,490.2750,490.2750,490.2750
1787686211,490.2750,490.2750,490.2750,490.2750
1787686212,490.2400,490.2400,490.2100,490.2100
1787686217,490.2400,490.2500,490.2400,490.2500
1787686220,490.2800,490.3200,490.2800,490.3000
1787686222,490.3000,490.3300,490.3000,490.3200
1787686229,490.3400,490.3500,490.3400,490.3500
1787686230,490.3600,490.3600,490.3500,490.3500
1787686231,490.3500,490.3500,490.3300,490.3300
1787686235,490.3700,490.3700,490.3400,490.3400
1787686241,490.3200,490.3200,490.3100,490.3100
1787686244,490.3250,490.3250,490.3250,490.3250
1787686246,490.2900,490.2900,490.2900,490.2900
1787686249,490.3200,490.3300,490.3200,490.3300
1787686253,490.3400,490.3400,490.3200,490.3200
1787686254,490.3400,490.3400,490.3400,490.3400
1787686256,490.3200,490.3200,490.3200,490.3200
1787686258,490.3200,490.3200,490.3200,490.3200
1787686268,490.3400,490.3400,490.3400,490.3400
1787686271,490.3500,490.3500,490.3500,490.3500
1787686274,490.3600,490.3900,490.3600,490.3900
1787686275,490.3900,490.3900,490.3900,490.3900
1787686276,490.3700,490.3700,490.3600,490.3600
1787686277,490.3500,490.3500,490.3500,490.3500
1787686280,490.3400,490.3400,490.3100,490.3400
1787686283,490.3200,490.3200,490.3200,490.3200
1787686288,490.2900,490.3000,490.2800,490.3000
1787686293,490.2700,490.2700,490.2700,490.2700
1787686297,490.2500,490.2500,490.2500,490.2500
1787686298,490.2100,490.2100,490.2100,490.2100
1787686299,490.2400,490.2400,490.2400,490.2400
1787686301,490.2700,490.2800,490.2700,490.2800
1787686309,490.2800,490.2800,490.2800,490.2800
1787686310,490.3000,490.3700,490.3000,490.3400
1787686320,490.3700,490.3700,490.3700,490.3700
1787686321,490.3500,490.3500,490.3500,490.3500
1787686325,490.3400,490.3400,490.3400,490.3400
1787686328,490.3300,490.3300,490.3200,490.3200
1787686329,490.2800,490.2800,490.2800,490.2800
1787686332,490.2300,490.2400,490.2300,490.2400
1787686333,490.2200,490.2200,490.2100,490.2100
1787686335,490.2200,490.2200,490.2200,490.2200
1787686336,490.2200,490.2200,490.2200,490.2200
1787686337,490.2200,490.2200,490.2200,490.2200
1787686338,490.2200,490.2300,490.1800,490.1800
1787686339,490.1700,490.1700,490.1600,490.1600
1787686341,490.1700,490.1700,490.1700,490.1700
1787686345,490.1500,490.1500,490.1500,490.1500
1787686348,490.1600,490.1700,490.1200,490.1200
1787686350,490.1450,490.1450,490.1000,490.1000
1787686353,490.1100,490.1300,490.1100,490.1300
1787686354,490.1400,490.1500,490.1400,490.1500
1787686355,490.1600,490.1900,490.1600,490.1900
1787686357,490.2200,490.2500,490.2200,490.2500
1787686360,490.2300,490.2300,490.2300,490.2300
1787686366,490.2600,490.2600,490.2600,490.2600
1787686367,490.2700,490.2800,490.2700,490.2700
1787686368,490.2800,490.3100,490.2800,490.2900
1787686371,490.3200,490.3200,490.3200,490.3200
1787686373,490.2700,490.2700,490.2600,490.2600
1787686376,490.2500,490.2500,490.2100,490.2100
1787686378,490.2100,490.2400,490.2100,490.2400
1787686379,490.2400,490.2400,490.2400,490.2400
1787686380,490.2400,490.2500,490.2400,490.2500
1787686381,490.2450,490.2450,490.2450,490.2450
1787686383,490.2400,490.2400,490.2400,490.2400
1787686384,490.2500,490.2500,490.2500,490.2500
1787686388,490.2250,490.2250,490.2250,490.2250
1787686389,490.2100,490.2100,490.2100,490.2100
1787686393,490.2200,490.2200,490.2200,490.2200
1787686394,490.2200,490.2400,490.2200,490.2400
1787686395,490.2400,490.2400,490.2400,490.2400
1787686396,490.2500,490.2600,490.2500,490.2600
1787686398,490.2500,490.2500,490.2400,490.2500
1787686400,490.2800,490.2800,490.2800,490.2800
1787686401,490.2850,490.2850,490.2850,490.2850
1787686402,490.2600,490.2600,490.2600,490.2600
1787686409,490.3000,490.3000,490.3000,490.3000
1787686410,490.3100,490.3400,490.3100,490.3400
1787686411,490.3300,490.3300,490.3100,490.3100
1787686415,490.3100,490.3100,490.3100,490.3100
1787686417,490.3400,490.3400,490.3400,490.3400
1787686421,490.3400,490.3600,490.3400,490.3600
1787686422,490.3750,490.3750,490.3750,490.3750
1787686426,490.3600,490.3600,490.3500,490.3500
1787686428,490.3350,490.3350,490.3350,490.3350
1787686429,490.3200,490.3200,490.3100,490.3100
1787686431,490.2800,490.2800,490.2800,490.2800
1787686432,490.3200,490.3200,490.3200,490.3200
1787686434,490.3100,490.3100,490.3100,490.3100
1787686436,490.3000,490.3000,490.3000,490.3000
1787686441,490.3200,490.3700,490.3200,490.3700
1787686442,490.3750,490.3750,490.3750,490.3750
1787686444,490.3850,490.3850,490.3850,490.3850
1787686446,490.3800,490.3800,490.3500,490.3500
1787686448,490.3600,490.3600,490.3600,490.3600
1787686454,490.3600,490.3600,490.3400,490.3400
1787686467,490.3500,490.3800,490.3500,490.3800
1787686468,490.3800,490.3800,490.3800,490.3800
1787686470,490.3900,490.3900,490.3900,490.3900
1787686471,490.3800,490.3800,490.3800,490.3800
1787686473,490.3950,490.3950,490.3950,490.3950
1787686474,490.4000,490.4100,490.4000,490.4100
1787686476,490.4200,490.4200,490.4100,490.4100
1787686478,490.4200,490.4200,490.4200,490.4200
1787686480,490.4050,490.4050,490.4050,490.4050
1787686481,490.4050,490.4050,490.4050,490.4050
1787686483,490.4200,490.4300,490.4000,490.4000
1787686489,490.4500,490.4500,490.4500,490.4500
1787686490,490.4500,490.4700,490.4500,490.4700
1787686492,490.4700,490.4800,490.4700,490.4700
1787686494,490.4750,490.4750,490.4600,490.4600
1787686496,490.4900,490.5200,490.4900,490.5200
1787686497,490.5200,490.5200,490.5100,490.5100
1787686500,490.5100,490.5100,490.5100,490.5100
1787686502,490.5200,490.5200,490.5200,490.5200
1787686507,490.5300,490.5900,490.5300,490.5900
1787686510,490.5900,490.6000,490.5900,490.6000
1787686512,490.6000,490.6100,490.6000,490.6100
1787686514,490.6050,490.6050,490.6050,490.6050
1787686515,490.5900,490.5900,490.5900,490.5900
1787686516,490.5800,490.5800,490.5800,490.5800
1787686518,490.6100,490.6300,490.6100,490.6300
1787686519,490.6300,490.6500,490.6300,490.6500
1787686520,490.6900,490.6900,490.6900,490.6900
1787686521,490.7000,490.7200,490.7000,490.7200
1787686523,490.7300,490.7300,490.7300,490.7300
1787686524,490.7400,490.7500,490.7400,490.7500
1787686526,490.7400,490.7400,490.7300,490.7300
1787686527,490.7800,490.8000,490.7800,490.7900
1787686528,490.8500,490.8800,490.8500,490.8800
1787686529,490.8700,490.8700,490.8700,490.8700
1787686530,490.8900,490.9200,490.8900,490.9200
1787686531,490.9300,490.9300,490.9100,490.9100
1787686532,490.9300,490.9300,490.9300,490.9300
1787686533,490.9100,490.9100,490.9100,490.9100
1787686535,490.9600,490.9600,490.9600,490.9600
1787686536,490.9500,490.9500,490.9500,490.9500
1787686537,490.9300,490.9300,490.9100,490.9100
1787686538,490.9100,491.0500,490.9000,491.0200
1787686539,491.0500,491.0500,491.0500,491.0500
1787686540,491.0200,491.0200,491.0000,491.0200
1787686542,491.0500,491.0500,491.0500,491.0500
1787686543,491.0600,491.0800,491.0600,491.0800
1787686544,491.0600,491.0600,491.0600,491.0600
1787686547,491.0800,491.1100,491.0800,491.1100
1787686548,491.1400,491.1500,491.1400,491.1500
1787686549,491.1500,491.1500,491.1100,491.1200
1787686552,491.1200,491.1200,491.1100,491.1100
1787686553,491.1200,491.1200,491.1200,491.1200
1787686557,491.1000,491.1300,491.0900,491.0900
1787686558,491.0800,491.0800,491.0000,491.0300
1787686559,491.0300,491.0450,491.0200,491.0200
1787686561,491.0700,491.0700,491.0700,491.0700
1787686562,491.0600,491.0700,491.0600,491.0700
1787686563,491.0600,491.0600,491.0600,491.0600
1787686564,491.0300,491.0300,491.0300,491.0300
1787686569,491.0600,491.0600,491.0600,491.0600
1787686570,491.0500,491.0500,491.0500,491.0500
1787686572,491.0400,491.0400,491.0100,491.0100
1787686574,491.0100,491.0200,491.0100,491.0200
1787686575,491.0000,491.0000,490.9900,490.9900
1787686578,490.9600,490.9600,490.9600,490.9600
1787686583,490.9200,490.9200,490.9150,490.9150
1787686584,490.9200,490.9200,490.9200,490.9200
1787686586,490.9100,490.9100,490.9100,490.9100
1787686588,490.9100,490.9100,490.9100,490.9100
1787686590,490.9500,490.9700,490.9500,490.9700
1787686593,490.9900,491.0300,490.9900,491.0300
1787686594,491.0300,491.0300,491.0300,491.0300
1787686596,491.0100,491.0100,491.0100,491.0100
1787686600,491.0500,491.0500,491.0500,491.0500
1787686607,491.0200,491.0200,490.9900,490.9900
1787686610,490.9400,490.9400,490.9400,490.9400
1787686611,490.9800,490.9800,490.9800,490.9800
1787686614,490.9800,490.9800,490.9800,490.9800
1787686615,490.9600,490.9600,490.9600,490.9600
1787686618,490.9800,490.9800,490.9800,490.9800
1787686620,490.9700,490.9900,490.9700,490.9900
1787686621,491.0100,491.0100,491.0100,491.0100
1787686624,491.0400,491.0400,491.0300,491.0300
1787686625,491.0200,491.0200,491.0200,491.0200
1787686629,491.0300,491.0300,491.0300,491.0300
1787686631,491.0200,491.0250,491.0100,491.0200
1787686633,491.0300,491.0600,491.0100,491.0100
1787686635,491.0250,491.0250,491.0000,491.0000
1787686643,491.0100,491.0100,491.0100,491.0100
1787686644,491.0200,491.0200,491.0100,491.0100
1787686646,491.0200,491.0500,491.0200,491.0500
1787686647,491.0500,491.0800,491.0500,491.0800
1787686648,491.1100,491.1100,491.0400,491.0400
1787686650,491.0500,491.0500,491.0200,491.0200
1787686653,491.0500,491.0500,491.0500,491.0500
1787686654,491.0300,491.0300,491.0300,491.0300
1787686659,491.0500,491.0500,491.0500,491.0500
1787686660,491.0600,491.0700,491.0600,491.0700
1787686661,491.0300,491.0300,491.0300,491.0300
1787686664,491.0600,491.0700,491.0600,491.0700
1787686666,491.0600,491.0600,491.0600,491.0600
1787686667,491.0500,491.0500,491.0500,491.0500
1787686670,491.0500,491.0500,491.0500,491.0500
1787686671,491.0700,491.0700,491.0700,491.0700
1787686674,491.0500,491.0500,491.0300,491.0300
1787686677,491.0500,491.0500,491.0500,491.0500
1787686680,491.0400,491.0500,491.0400,491.0500
1787686682,491.0400,491.0400,491.0400,491.0400
1787686683,491.0100,491.0100,490.9900,490.9900
1787686687,490.9600,490.9600,490.9600,490.9600
1787686693,490.9500,490.9900,490.9500,490.9900
1787686694,490.9800,490.9800,490.9800,490.9800
1787686697,490.9800,490.9800,490.9800,490.9800
1787686698,490.9500,490.9500,490.9500,490.9500
1787686701,490.9600,490.9600,490.9600,490.9600
1787686702,490.9700,490.9700,490.9700,490.9700
1787686703,490.9800,490.9900,490.9800,490.9900
1787686705,490.9800,490.9800,490.9800,490.9800
1787686706,490.9700,490.9700,490.9700,490.9700
1787686710,490.9900,491.0200,490.9900,491.0200
1787686714,491.0000,491.0000,490.9800,490.9800
1787686721,491.0000,491.0000,491.0000,491.0000
1787686724,491.0000,491.0000,491.0000,491.0000
1787686725,490.9900,491.0100,490.9900,491.0000
1787686731,490.9700,490.9700,490.9700,490.9700
1787686732,490.9900,490.9900,490.9900,490.9900
1787686734,490.9900,490.9900,490.9900,490.9900
1787686736,490.9900,490.9950,490.9800,490.9800
1787686737,490.9600,490.9600,490.9200,490.9200
1787686739,490.9200,490.9200,490.9200,490.9200
1787686745,490.9200,490.9200,490.9200,490.9200
1787686746,490.9500,490.9500,490.9500,490.9500
1787686748,490.9400,490.9400,490.9300,490.9300
1787686750,490.9500,490.9600,490.9500,490.9600
1787686751,490.9600,490.9600,490.9600,490.9600
1787686757,490.9300,490.9300,490.9300,490.9300
1787686762,490.9400,490.9400,490.9400,490.9400
1787686763,490.9500,490.9500,490.9500,490.9500
1787686764,490.9400,490.9400,490.9400,490.9400
1787686766,490.9500,490.9550,490.9500,490.9550
1787686771,490.9600,490.9600,490.9600,490.9600
1787686772,490.9500,490.9500,490.9500,490.9500
1787686774,490.9400,490.9400,490.9400,490.9400
1787686777,490.9500,490.9800,490.9500,490.9800
1787686780,490.9500,490.9500,490.9500,490.9500
1787686782,490.9550,490.9600,490.9550,490.9600
1787686784,490.9600,490.9600,490.9600,490.9600
1787686786,490.9400,490.9400,490.8800,490.8800
1787686789,490.8500,490.8500,490.8300,490.8300
1787686791,490.8300,490.8500,490.8300,490.8500
1787686799,490.8400,490.8400,490.8400,490.8400
1787686800,490.8250,490.8250,490.8100,490.8100
1787686801,490.8100,490.8100,490.8100,490.8100
1787686802,490.8100,490.8600,490.8100,490.8600
1787686803,490.8550,490.8550,490.8550,490.8550
1787686809,490.8500,490.8500,490.8500,490.8500
1787686811,490.8700,490.8700,490.8600,490.8700
1787686814,490.8600,490.8600,490.8600,490.8600
1787686815,490.8400,490.8400,490.8400,490.8400
1787686816,490.8400,490.8400,490.8400,490.8400
1787686820,490.8200,490.8200,490.8200,490.8200
1787686825,490.8400,490.8800,490.8400,490.8800
1787686828,490.9000,490.9000,490.9000,490.9000
1787686829,490.9400,490.9600,490.9400,490.9500
1787686830,490.9650,490.9800,490.9650,490.9800
1787686831,490.9800,490.9800,490.9800,490.9800
1787686832,490.9700,491.0300,490.9700,491.0300
1787686833,491.0100,491.0100,491.0100,491.0100
1787686836,491.0000,491.0000,490.9600,490.9600
1787686840,490.9500,490.9500,490.9400,490.9400
1787686845,490.9000,490.9000,490.9000,490.9000
1787686846,490.8700,490.8700,490.7300,490.7300
1787686847,490.7300,490.7300,490.7300,490.7300
1787686848,490.7100,490.7100,490.7100,490.7100
1787686849,490.7200,490.7200,490.6800,490.6800
1787686850,490.6900,490.6900,490.6800,490.6800
1787686858,490.7100,490.7400,490.7100,490.7400
1787686860,490.7200,490.7200,490.7100,490.7100
1787686867,490.6700,490.6700,490.6500,490.6500
1787686875,490.6800,490.7050,490.6800,490.7050
1787686879,490.7100,490.7100,490.7100,490.7100
1787686884,490.7300,490.7300,490.7300,490.7300
1787686885,490.7400,490.7400,490.7400,490.7400
1787686886,490.7400,490.7600,490.7400,490.7600
1787686887,490.7800,490.7800,490.7800,490.7800
1787686889,490.7700,490.7700,490.7700,490.7700
1787686891,490.7700,490.7700,490.7700,490.7700
1787686898,490.8000,490.8200,490.8000,490.8200
1787686900,490.8200,490.8200,490.8200,490.8200
1787686908,490.7800,490.7800,490.7800,490.7800
1787686909,490.8000,490.8300,490.8000,490.8300
1787686912,490.7900,490.7900,490.7800,490.7800
1787686914,490.7800,490.7800,490.7800,490.7800
1787686919,490.7600,490.7600,490.7500,490.7500
1787686920,490.7300,490.7300,490.7300,490.7300
1787686922,490.7100,490.7100,490.7100,490.7100
1787686925,490.6850,490.6850,490.6850,490.6850
1787686926,490.7300,490.7500,490.7300,490.7500
1787686927,490.7450,490.7450,490.7450,490.7450
1787686928,490.7400,490.7400,490.7300,490.7300
1787686930,490.7200,490.7200,490.7200,490.7200
1787686931,490.7100,490.7100,490.7000,490.7000
1787686932,490.6500,490.6500,490.6500,490.6500
1787686935,490.6600,490.6600,490.6600,490.6600
1787686939,490.6700,490.6700,490.6700,490.6700
1787686940,490.6500,490.6500,490.6500,490.6500
1787686943,490.6600,490.6600,490.6600,490.6600
1787686944,490.6300,490.6300,490.6100,490.6100
1787686948,490.5900,490.6000,490.5800,490.5800
1787686949,490.5500,490.5500,490.5300,490.5300
1787686952,490.5000,490.5000,490.5000,490.5000
1787686956,490.5100,490.5100,490.5100,490.5100
1787686958,490.5100,490.5100,490.4900,490.4900
1787686961,490.4800,490.4800,490.4800,490.4800
1787686962,490.4900,490.4900,490.4700,490.4750
1787686966,490.5200,490.5500,490.5200,490.5500
1787686967,490.5500,490.5500,490.5300,490.5300
1787686969,490.5700,490.5700,490.5700,490.5700
1787686972,490.5500,490.5500,490.5500,490.5500
1787686979,490.5800,490.5800,490.5600,490.5600
1787686980,490.5600,490.5600,490.5600,490.5600
1787686984,490.5400,490.5400,490.5200,490.5200
1787686988,490.5000,490.5000,490.5000,490.5000
1787686994,490.5150,490.5150,490.5150,490.5150
1787686995,490.5400,490.5500,490.5400,490.5500
1787686996,490.5500,490.5550,490.5300,490.5550
1787686998,490.5800,490.5800,490.5800,490.5800
1787687000,490.5500,490.5500,490.5400,490.5400
1787687010,490.5000,490.5000,490.5000,490.5000
1787687011,490.4950,490.4950,490.4950,490.4950
1787687014,490.4950,490.4950,490.4950,490.4950
1787687015,490.5150,490.5300,490.5150,490.5300
1787687016,490.5300,490.5300,490.5300,490.5300
1787687017,490.5100,490.5100,490.5000,490.5000
1787687018,490.4700,490.4700,490.4200,490.4700
1787687021,490.5000,490.5100,490.5000,490.5100
1787687022,490.4900,490.4900,490.4900,490.4900
1787687023,490.4850,490.4850,490.4700,490.4700
1787687025,490.4700,490.4700,490.4700,490.4700
1787687028,490.4500,490.4500,490.4500,490.4500
1787687029,490.4200,490.4600,490.4200,490.4600
1787687030,490.4400,490.4400,490.4400,490.4400
1787687033,490.4150,490.4300,490.4150,490.4300
1787687036,490.4000,490.4150,490.4000,490.4150
1787687037,490.4400,490.4400,490.4200,490.4200
1787687039,490.4200,490.4200,490.4200,490.4200
1787687040,490.4100,490.4100,490.3900,490.3900
1787687041,490.3950,490.4200,490.3950,490.4200
1787687042,490.4300,490.4600,490.4300,490.4600
1787687043,490.4300,490.4300,490.4000,490.4000
1787687044,490.4000,490.4000,490.4000,490.4000
1787687045,490.4200,490.4200,490.4200,490.4200
1787687047,490.3900,490.3900,490.3900,490.3900
1787687048,490.4000,490.4000,490.4000,490.4000
1787687049,490.3900,490.3900,490.3700,490.3700
1787687050,490.3700,490.3700,490.3700,490.3700
1787687051,490.3800,490.3800,490.3800,490.3800
1787687052,490.3600,490.3600,490.3200,490.3200
1787687054,490.2800,490.3100,490.2800,490.3000
1787687057,490.3300,490.3300,490.3300,490.3300
1787687058,490.3300,490.3400,490.3300,490.3400
1787687059,490.3200,490.3350,490.3200,490.3350
1787687060,490.3100,490.3100,490.3100,490.3100
1787687061,490.3100,490.3100,490.3100,490.3100
1787687064,490.2900,490.2900,490.2900,490.2900
1787687068,490.3300,490.3300,490.3300,490.3300
1787687069,490.3100,490.3100,490.3100,490.3100
1787687070,490.3000,490.3000,490.3000,490.3000
1787687071,490.3000,490.3000,490.3000,490.3000
1787687073,490.3000,490.3000,490.2800,490.2800
1787687075,490.2800,490.3000,490.2800,490.2900
1787687078,490.3000,490.3000,490.2950,490.2950
1787687079,490.2800,490.3000,490.2700,490.2700
1787687081,490.2700,490.2700,490.2700,490.2700
1787687082,490.3000,490.3000,490.3000,490.3000
1787687084,490.3000,490.3000,490.3000,490.3000
1787687085,490.3000,490.3100,490.3000,490.3050
1787687086,490.3050,490.3300,490.3050,490.3300
1787687089,490.3400,490.3500,490.3300,490.3350
1787687090,490.3350,490.3350,490.3350,490.3350
1787687091,490.3300,490.3300,490.3300,490.3300
1787687094,490.3100,490.3100,490.3000,490.3000
1787687095,490.2800,490.2800,490.2500,490.2500
1787687097,490.2400,490.2400,490.2400,490.2400
1787687099,490.2500,490.2500,490.2500,490.2500
1787687100,490.2300,490.2400,490.2000,490.2400
1787687101,490.2400,490.2400,490.2400,490.2400
1787687102,490.2400,490.2800,490.2400,490.2800
1787687103,490.2800,490.2800,490.2200,490.2200
1787687104,490.2500,490.2800,490.2500,490.2800
1787687105,490.3000,490.3500,490.3000,490.3500
1787687106,490.3100,490.3100,490.3100,490.3100
1787687108,490.2700,490.2700,490.2700,490.2700
1787687111,490.2800,490.2800,490.2800,490.2800
1787687112,490.2900,490.2900,490.2900,490.2900
1787687113,490.2900,490.2900,490.2900,490.2900
1787687114,490.2900,490.2900,490.2900,490.2900
1787687115,490.2700,490.2800,490.2600,490.2800
1787687119,490.3000,490.3000,490.2900,490.2900
1787687122,490.2900,490.2900,490.2900,490.2900
1787687123,490.3000,490.3000,490.3000,490.3000
1787687124,490.2900,490.3000,490.2900,490.3000
1787687126,490.3000,490.3300,490.3000,490.3300
1787687131,490.3400,490.3400,490.3400,490.3400
1787687136,490.3500,490.3500,490.3500,490.3500
1787687138,490.3900,490.4100,490.3900,490.4100
1787687139,490.3900,490.3900,490.3900,490.3900
1787687142,490.4500,490.4500,490.4500,490.4500
1787687143,490.5000,490.5000,490.5000,490.5000
1787687145,490.5000,490.5000,490.5000,490.5000
1787687146,490.5100,490.5100,490.5100,490.5100
1787687147,490.5050,490.5050,490.5050,490.5050
1787687148,490.4900,490.4900,490.4900,490.4900
1787687151,490.5300,490.5300,490.5300,490.5300
1787687152,490.5300,490.5500,490.5300,490.5500
1787687153,490.5400,490.5400,490.5400,490.5400
1787687154,490.5300,490.5300,490.5000,490.5000
1787687155,490.5150,490.5150,490.5150,490.5150
1787687156,490.4900,490.4900,490.4800,490.4800
1787687158,490.4750,490.4750,490.4750,490.4750
1787687160,490.5000,490.5200,490.5000,490.5200
1787687163,490.4700,490.4700,490.4600,490.4700
1787687164,490.4700,490.4700,490.4700,490.4700
1787687165,490.5000,490.5100,490.5000,490.5100
1787687166,490.4700,490.4900,490.4500,490.4900
1787687169,490.4400,490.4500,490.4400,490.4500
1787687170,490.4500,490.4500,490.4500,490.4500
1787687173,490.4400,490.4600,490.4400,490.4600
1787687177,490.4500,490.4500,490.4400,490.4400
1787687178,490.4200,490.4200,490.4200,490.4200
1787687180,490.4300,490.4300,490.4300,490.4300
1787687181,490.4300,490.4300,490.4300,490.4300
1787687183,490.4400,490.4400,490.4400,490.4400
1787687184,490.4100,490.4100,490.4100,490.4100
1787687189,490.4300,490.4800,490.4300,490.4800
1787687192,490.5000,490.5000,490.5000,490.5000
1787687193,490.5100,490.5300,490.5100,490.5300
1787687202,490.5500,490.5500,490.5400,490.5400
1787687203,490.5700,490.6100,490.5700,490.5900
1787687205,490.6000,490.6000,490.6000,490.6000
1787687206,490.5800,490.5800,490.5800,490.5800
1787687208,490.5800,490.6100,490.5800,490.6100
1787687209,490.6000,490.6000,490.6000,490.6000
1787687212,490.5950,490.5950,490.5950,490.5950
1787687214,490.6050,490.6100,490.6050,490.6100
1787687215,490.6150,490.6150,490.6150,490.6150
1787687216,490.6150,490.6150,490.6150,490.6150
1787687219,490.6000,490.6000,490.5800,490.5800
1787687220,490.5800,490.5900,490.5500,490.5500
1787687221,490.5450,490.5450,490.5450,490.5450
1787687222,490.5500,490.5700,490.5500,490.5700
1787687225,490.5500,490.5800,490.5500,490.5800
1787687226,490.5700,490.5700,490.5700,490.5700
1787687227,490.6100,490.6200,490.5800,490.5800
1787687230,490.5900,490.5900,490.5900,490.5900
1787687231,490.5800,490.5800,490.5800,490.5800
1787687233,490.6000,490.6300,490.6000,490.6300
1787687236,490.6200,490.6200,490.6200,490.6200
1787687238,490.6500,490.6500,490.6500,490.6500
1787687239,490.6400,490.6400,490.6400,490.6400
1787687240,490.6300,490.6300,490.6300,490.6300
1787687241,490.6600,490.6900,490.6600,490.6900
1787687244,490.6900,490.6900,490.6900,490.6900
1787687246,490.6900,490.7000,490.6900,490.6900
1787687249,490.7050,490.7050,490.7050,490.7050
1787687253,490.7000,490.7000,490.7000,490.7000
1787687256,490.6800,490.6800,490.6700,490.6700
1787687259,490.6800,490.7000,490.6800,490.7000
1787687262,490.7000,490.7000,490.7000,490.7000
1787687264,490.7000,490.7000,490.7000,490.7000
1787687265,490.6900,490.6900,490.6900,490.6900
1787687267,490.6800,490.6800,490.6800,490.6800
1787687270,490.6800,490.6800,490.6100,490.6100
1787687272,490.6200,490.6200,490.6200,490.6200
1787687273,490.6200,490.6300,490.6200,490.6300
1787687284,490.6200,490.6200,490.6200,490.6200
1787687285,490.6200,490.6300,490.6000,490.6000
1787687289,490.6250,490.6250,490.6250,490.6250
1787687291,490.6000,490.6000,490.6000,490.6000
1787687295,490.6300,490.6300,490.6300,490.6300
1787687297,490.6250,490.6250,490.6200,490.6200
1787687298,490.6400,490.6800,490.6400,490.6800
1787687299,490.7000,490.7000,490.7000,490.7000
1787687300,490.7300,490.7300,490.7300,490.7300
1787687301,490.7100,490.7500,490.7100,490.7500
1787687303,490.7200,490.7200,490.7200,490.7200
1787687304,490.7500,490.7500,490.7500,490.7500
1787687307,490.7600,490.7700,490.7600,490.7700
1787687309,490.7900,490.8000,490.7900,490.8000
1787687310,490.8000,490.8000,490.8000,490.8000
1787687313,490.8100,490.8100,490.8100,490.8100
1787687314,490.8200,490.8300,490.8200,490.8300
1787687315,490.8500,490.8600,490.8400,490.8600
1787687321,490.9000,490.9000,490.9000,490.9000
1787687324,490.8900,490.8900,490.8900,490.8900
1787687325,490.8900,490.8900,490.8900,490.8900
1787687327,490.8600,490.8600,490.8500,490.8500
1787687330,490.8500,490.8700,490.8500,490.8700
1787687336,490.8700,490.8700,490.8700,490.8700
1787687338,490.8900,490.8900,490.8600,490.8900
1787687341,490.8900,490.9150,490.8900,490.9150
1787687342,490.9000,490.9000,490.8600,490.8600
1787687345,490.8500,490.8600,490.8500,490.8600
1787687350,490.8300,490.8300,490.8100,490.8100
1787687352,490.7900,490.7900,490.7900,490.7900
1787687361,490.7800,490.7800,490.7800,490.7800
1787687362,490.7600,490.7600,490.7500,490.7500
1787687363,490.7500,490.7500,490.7500,490.7500
1787687364,490.7500,490.7500,490.7500,490.7500
1787687365,490.7550,490.7550,490.7550,490.7550
1787687371,490.7700,490.7700,490.7400,490.7400
1787687372,490.7400,490.7400,490.7400,490.7400
1787687374,490.7800,490.7800,490.7800,490.7800
1787687375,490.7900,490.8000,490.7900,490.7900
1787687378,490.7700,490.7700,490.7500,490.7500
1787687379,490.7500,490.7500,490.7500,490.7500
1787687388,490.7500,490.7550,490.7500,490.7550
1787687390,490.7500,490.7500,490.7500,490.7500
1787687392,490.7400,490.7500,490.7200,490.7200
1787687396,490.7100,490.7100,490.7100,490.7100
1787687397,490.7000,490.7000,490.6900,490.6900
1787687399,490.7300,490.7300,490.7300,490.7300
1787687400,490.6800,491.0500,490.6400,490.9100
1787687401,490.8300,490.8600,490.8000,490.8600
1787687402,490.7700,490.8100,490.7700,490.8100
1787687403,490.7200,490.7200,490.7200,490.7200
1787687404,490.7400,490.7400,490.7400,490.7400
1787687405,490.7400,490.7400,490.7100,490.7100
1787687406,490.7200,490.7200,490.7200,490.7200
1787687408,490.7700,490.7700,490.7700,490.7700
1787687409,490.6900,490.6900,490.6500,490.6500
1787687412,490.6650,490.6650,490.6300,490.6400
1787687414,490.6300,490.6300,490.6100,490.6100
1787687417,490.6700,490.6700,490.6700,490.6700
1787687420,490.6700,490.6700,490.6500,490.6500
1787687421,490.6700,490.6700,490.6700,490.6700
1787687422,490.6600,490.6600,490.6400,490.6500
1787687424,490.6700,490.6700,490.6700,490.6700
1787687425,490.7000,490.7000,490.7000,490.7000
1787687427,490.6850,490.7100,490.6850,490.7100
1787687429,490.7000,490.7000,490.7000,490.7000
1787687430,490.7200,490.7900,490.7200,490.7600
1787687432,490.7800,490.7800,490.7700,490.7700
1787687433,490.7600,490.7600,490.6900,490.6900
1787687434,490.7000,490.7000,490.7000,490.7000
1787687437,490.7300,490.7300,490.7300,490.7300
1787687438,490.7100,490.7100,490.7000,490.7000
1787687439,490.6900,490.6900,490.6900,490.6900
1787687440,490.6600,490.6600,490.6600,490.6600
1787687441,490.7100,490.7100,490.7100,490.7100
1787687442,490.7500,490.7600,490.7500,490.7600
1787687444,490.7500,490.7500,490.7500,490.7500
1787687446,490.7700,490.8400,490.7700,490.8400
1787687447,490.8200,490.8200,490.8100,490.8100
1787687448,490.8000,490.8050,490.8000,490.8050
1787687450,490.8000,490.8000,490.7600,490.7600
1787687451,490.7200,490.7200,490.6900,490.6900
1787687452,490.6500,490.6500,490.6500,490.6500
1787687454,490.7000,490.7100,490.7000,490.7100
1787687455,490.7100,490.7100,490.7100,490.7100
1787687456,490.7200,490.7400,490.7200,490.7400
1787687457,490.7000,490.7000,490.6800,490.6800
1787687458,490.6900,490.6900,490.6800,490.6800
1787687459,490.6900,490.7000,490.6800,490.7000
1787687460,490.6900,490.6900,490.6850,490.6850
1787687461,490.7000,490.7100,490.6950,490.7100
1787687462,490.7600,490.7600,490.7600,490.7600
1787687463,490.7200,490.7300,490.7100,490.7300
1787687467,490.7600,490.7700,490.7200,490.7200
1787687469,490.7100,490.7100,490.7100,490.7100
1787687470,490.7500,490.7700,490.6600,490.6600
1787687471,490.6500,490.6500,490.6500,490.6500
1787687472,490.6200,490.6200,490.6100,490.6100
1787687473,490.6500,490.6600,490.6500,490.6600
1787687475,490.6600,490.6600,490.6300,490.6300
1787687476,490.6800,490.6900,490.6500,490.6900
1787687479,490.6600,490.6600,490.6600,490.6600
1787687480,490.6500,490.6500,490.6400,490.6400
1787687481,490.6300,490.6300,490.6200,490.6200
1787687482,490.6000,490.6000,490.5700,490.5700
1787687485,490.6000,490.6000,490.5600,490.5900
1787687486,490.6100,490.6100,490.6100,490.6100
1787687488,490.6300,490.6300,490.6300,490.6300
1787687489,490.6400,490.6400,490.6000,490.6000
1787687490,490.5900,490.5900,490.5900,490.5900
1787687493,490.6000,490.6000,490.6000,490.6000
1787687494,490.6000,490.6000,490.5900,490.5900
1787687496,490.6300,490.6300,490.6300,490.6300
1787687497,490.6600,490.6600,490.6500,490.6500
1787687499,490.6700,490.6700,490.6700,490.6700
1787687502,490.6900,490.6900,490.6800,490.6800
1787687503,490.6500,490.6800,490.6500,490.6800
1787687504,490.6600,490.6600,490.6600,490.6600
1787687505,490.6600,490.6900,490.6600,490.6800
1787687506,490.6900,490.6900,490.6900,490.6900
1787687511,490.6900,490.6900,490.6700,490.6700
1787687513,490.7000,490.7200,490.7000,490.7200
1787687514,490.7000,490.7000,490.7000,490.7000
1787687521,490.7400,490.7600,490.7400,490.7500
1787687525,490.8000,490.8000,490.8000,490.8000
1787687526,490.8000,490.8000,490.8000,490.8000
1787687527,490.7800,490.7800,490.7700,490.7700
1787687528,490.7800,490.7800,490.7500,490.7500
1787687530,490.7600,490.8500,490.7600,490.7800
1787687531,490.8100,490.8100,490.8100,490.8100
1787687533,490.8600,490.8600,490.8600,490.8600
1787687536,490.8700,490.9000,490.8700,490.9000
1787687537,490.9600,490.9700,490.9600,490.9700
1787687538,490.9700,490.9700,490.9700,490.9700
1787687539,490.9900,490.9900,490.9900,490.9900
1787687540,490.9600,490.9600,490.9500,490.9500
1787687543,490.9650,490.9650,490.9600,490.9600
1787687544,490.9600,490.9600,490.9500,490.9500
1787687547,490.9550,490.9600,490.9550,490.9600
1787687548,490.9700,490.9900,490.9700,490.9800
1787687551,491.0000,491.0000,490.9850,490.9900
1787687553,491.0000,491.0000,490.9800,490.9800
1787687555,490.9700,490.9700,490.9500,490.9700
1787687559,490.9500,490.9500,490.9400,490.9400
1787687560,490.9400,490.9400,490.9300,490.9400
1787687561,490.9400,490.9400,490.9300,490.9300
1787687562,490.9250,490.9250,490.9250,490.9250
1787687563,490.9100,490.9100,490.9000,490.9000
1787687564,490.9000,490.9000,490.9000,490.9000
1787687565,490.8900,490.8900,490.8800,490.8800
1787687566,490.8700,490.8700,490.8700,490.8700
1787687568,490.8500,490.8500,490.8500,490.8500
1787687569,490.8700,490.8700,490.8700,490.8700
1787687570,490.8900,490.9200,490.8300,490.8500
1787687573,490.8450,490.8450,490.8450,490.8450
1787687576,490.8900,490.9000,490.8900,490.9000
1787687577,490.9000,490.9000,490.8900,490.8900
1787687578,490.9000,490.9000,490.9000,490.9000
1787687579,490.9000,490.9000,490.8800,490.8800
1787687580,490.9100,490.9200,490.9100,490.9100
1787687581,490.8800,490.8800,490.8800,490.8800
1787687586,490.9200,490.9600,490.9200,490.9300
1787687588,490.9100,490.9100,490.9100,490.9100
1787687589,490.9100,490.9300,490.9100,490.9100
1787687590,490.9000,490.9200,490.9000,490.9200
1787687591,490.8900,490.8900,490.8300,490.8300
1787687592,490.8200,490.8200,490.8000,490.8000
1787687593,490.7900,490.7900,490.7800,490.7800
1787687598,490.7700,490.7700,490.7700,490.7700
1787687601,490.7800,490.7800,490.7700,490.7700
1787687602,490.7600,490.7600,490.7600,490.7600
1787687608,490.7900,490.8100,490.7900,490.8100
1787687609,490.8450,490.8450,490.8450,490.8450
1787687610,490.8450,490.8900,490.8450,490.8600
1787687611,490.8500,490.8600,490.8500,490.8600
1787687612,490.8700,490.9600,490.8700,490.9000
1787687613,490.9400,490.9400,490.9100,490.9100
1787687614,490.9300,490.9400,490.9300,490.9400
1787687615,490.9300,490.9300,490.9300,490.9300
1787687616,490.9500,490.9500,490.9300,490.9300
1787687617,490.9400,490.9400,490.9200,490.9200
1787687620,490.9000,490.9600,490.9000,490.9600
1787687622,490.9500,490.9500,490.9500,490.9500
1787687623,490.9600,491.0150,490.9600,491.0150
1787687624,491.0100,491.0400,491.0100,491.0400
1787687626,491.0400,491.0400,491.0300,491.0300
1787687627,491.0300,491.0300,491.0300,491.0300
1787687628,491.0300,491.0300,491.0300,491.0300
1787687629,491.0200,491.0200,491.0200,491.0200
1787687630,491.0350,491.1900,491.0350,491.1800
1787687631,491.1900,491.3200,491.1900,491.3200
1787687632,491.3700,491.4300,491.3700,491.4100
1787687633,491.4100,491.4100,491.3700,491.3700
1787687634,491.3500,491.3900,491.3500,491.3900
1787687638,491.3900,491.4100,491.3800,491.4100
1787687639,491.4100,491.4100,491.3800,491.3800
1787687640,491.4100,491.4500,491.4050,491.4050
1787687641,491.3700,491.3700,491.3700,491.3700
1787687644,491.3800,491.3800,491.3800,491.3800
1787687645,491.3900,491.4600,491.3800,491.4400
1787687646,491.4200,491.4700,491.4200,491.4700
1787687647,491.4900,491.4900,491.4800,491.4800
1787687648,491.4800,491.4800,491.4700,491.4700
1787687650,491.4700,491.4900,491.3600,491.3600
1787687652,491.3000,491.3000,491.2600,491.2900
1787687654,491.2400,491.2500,491.2400,491.2500
1787687655,491.2400,491.2400,491.2100,491.2100
1787687656,491.2600,491.2800,491.2600,491.2800
1787687658,491.2900,491.2900,491.2800,491.2800
1787687660,491.2500,491.2500,491.2100,491.2100
1787687661,491.2100,491.2500,491.1900,491.2500
1787687666,491.2800,491.2900,491.2800,491.2900
1787687667,491.2900,491.2900,491.2700,491.2700
1787687669,491.2900,491.3400,491.2900,491.3200
1787687671,491.3200,491.3200,491.3200,491.3200
1787687672,491.3200,491.3200,491.3100,491.3100
1787687673,491.2900,491.2900,491.2900,491.2900
1787687675,491.3200,491.3500,491.3000,491.3500
1787687676,491.3700,491.3700,491.3500,491.3500
1787687677,491.3550,491.3550,491.3550,491.3550
1787687679,491.3600,491.3600,491.3600,491.3600
1787687680,491.3600,491.4100,491.3600,491.4000
1787687681,491.3600,491.3600,491.3600,491.3600
1787687682,491.3400,491.3500,491.3400,491.3500
1787687684,491.3900,491.3900,491.3500,491.3500
1787687686,491.3600,491.3600,491.3600,491.3600
1787687687,491.3800,491.3900,491.3800,491.3900
1787687688,491.4200,491.4200,491.4200,491.4200
1787687689,491.4100,491.4100,491.4100,491.4100
1787687690,491.4300,491.7700,491.4300,491.7500
1787687691,491.7100,491.7100,491.7100,491.7100
1787687692,491.7600,491.7800,491.7600,491.7800
1787687693,491.7800,491.8000,491.7800,491.8000
1787687694,491.7900,491.8100,491.7700,491.8000
1787687696,491.8000,491.8000,491.7950,491.7950
1787687697,491.7950,491.7950,491.7500,491.7800
1787687698,491.7500,491.7700,491.7400,491.7500
1787687699,491.7700,491.7700,491.7700,491.7700
1787687700,491.8000,492.4000,491.7300,492.3200
1787687701,492.3300,492.3700,492.2900,492.2900
1787687702,492.2500,492.2900,492.2400,492.2800
1787687703,492.2800,492.3300,492.2500,492.2500
1787687704,492.2900,492.3000,492.2700,492.2700
1787687705,492.3000,492.3600,492.3000,492.3400
1787687706,492.3500,492.4000,492.3000,492.3000
1787687707,492.2950,492.2950,492.2700,492.2700
1787687708,492.2700,492.2800,492.2600,492.2600
1787687709,492.2600,492.2900,492.1800,492.1800
1787687710,492.1900,492.2000,492.1400,492.1400
1787687711,492.1400,492.1400,492.1400,492.1400
1787687712,492.1400,492.1700,492.1400,492.1400
1787687713,492.1750,492.1800,492.1100,492.1800
1787687714,492.2000,492.2100,492.1900,492.1900
1787687715,492.1900,492.1900,492.1600,492.1600
1787687716,492.1600,492.1600,492.0600,492.0700
1787687717,492.0600,492.0600,492.0400,492.0400
1787687718,492.0200,492.0200,491.9900,491.9950
1787687719,491.9900,492.0000,491.9700,491.9750
1787687720,491.9750,491.9750,491.9750,491.9750
1787687721,491.9800,492.0600,491.9700,492.0600
1787687722,492.0300,492.0300,492.0300,492.0300
1787687723,492.0500,492.0600,492.0100,492.0100
1787687724,492.0100,492.0100,492.0000,492.0000
1787687725,491.9800,491.9800,491.9100,491.9400
1787687726,491.9400,491.9700,491.9400,491.9550
1787687727,491.9700,492.0000,491.9700,492.0000
1787687729,492.0000,492.0100,492.0000,492.0050
1787687730,492.0100,492.0500,492.0100,492.0200
1787687731,492.0500,492.0500,492.0400,492.0400
1787687732,492.0500,492.0500,492.0100,492.0100
1787687733,492.0100,492.0100,492.0100,492.0100
1787687735,492.0300,492.0400,491.9900,492.0400
1787687736,492.0300,492.0300,491.9900,491.9900
1787687737,491.9800,491.9800,491.9800,491.9800
1787687739,492.0100,492.0100,492.0100,492.0100
1787687740,491.9950,491.9950,491.9600,491.9600
1787687742,491.9500,491.9500,491.9100,491.9200
1787687744,491.9300,491.9400,491.9200,491.9200
1787687745,491.9500,491.9650,491.9500,491.9650
1787687746,491.9650,491.9650,491.9650,491.9650
1787687747,491.9800,491.9900,491.9700,491.9850
1787687748,491.9800,491.9800,491.9800,491.9800
1787687749,491.9800,492.0000,491.9700,491.9700
1787687750,491.9500,491.9700,491.9500,491.9700
1787687751,491.9400,491.9400,491.9400,491.9400
1787687752,491.9200,491.9200,491.8500,491.8500
1787687753,491.8700,491.8700,491.8500,491.8600
1787687754,491.8700,491.8700,491.8500,491.8500
1787687756,491.8800,491.8900,491.8400,491.8400
1787687758,491.8700,491.8700,491.8500,491.8500
1787687760,491.8700,491.9100,491.8700,491.9100
1787687761,491.9200,491.9300,491.9200,491.9300
1787687763,491.9300,491.9500,491.9300,491.9400
1787687764,491.9400,491.9400,491.9200,491.9200
1787687765,491.9350,491.9350,491.9200,491.9200
1787687766,491.9200,491.9400,491.9000,491.9400
1787687768,491.9000,491.9000,491.8900,491.8900
1787687769,491.8900,491.8950,491.8600,491.8600
1787687770,491.8600,491.8600,491.8500,491.8500
1787687771,491.8750,491.8750,491.8300,491.8300
1787687772,491.8400,491.8700,491.8400,491.8700
1787687774,491.8900,491.9250,491.8900,491.9250
1787687775,491.9200,491.9250,491.8800,491.8800
1787687776,491.8700,491.8700,491.8700,491.8700
1787687777,491.8600,491.8600,491.8500,491.8500
1787687778,491.8500,491.8500,491.8400,491.8400
1787687779,491.8700,491.8700,491.8500,491.8600
1787687780,491.8700,491.8700,491.8700,491.8700
1787687781,491.8700,491.9000,491.8700,491.9000
1787687783,491.9150,491.9200,491.9100,491.9200
1787687784,491.9250,491.9300,491.9000,491.9000
1787687785,491.9000,491.9000,491.8600,491.8600
1787687787,491.8700,491.8700,491.8300,491.8300
1787687788,491.8400,491.8400,491.8400,491.8400
1787687789,491.8600,491.8600,491.8400,491.8400
1787687790,491.8200,491.8700,491.8200,491.8700
1787687791,491.8400,491.8550,491.8400,491.8400
1787687792,491.8400,491.8450,491.8200,491.8200
1787687793,491.8300,491.8300,491.8300,491.8300
1787687794,491.8450,491.8600,491.8450,491.8600
1787687795,491.8500,491.8500,491.8300,491.8300
1787687796,491.8400,491.8400,491.8300,491.8300
1787687797,491.8200,491.8200,491.8100,491.8100
1787687798,491.8300,491.8800,491.8300,491.8800
1787687799,491.8700,491.8800,491.8700,491.8800
1787687800,491.8900,491.9200,491.8850,491.9200
1787687802,491.9250,491.9250,491.9200,491.9200
1787687803,491.9100,491.9100,491.8800,491.8800
1787687804,491.8700,491.8700,491.8700,491.8700
1787687805,491.8700,491.8700,491.8700,491.8700
1787687806,491.8800,491.8800,491.8750,491.8750
1787687807,491.8750,491.8750,491.8750,491.8750
1787687808,491.8750,491.9200,491.8750,491.9100
1787687809,491.8850,491.8900,491.8800,491.8800
1787687810,491.8900,491.8900,491.8800,491.8800
1787687811,491.9000,491.9100,491.9000,491.9000
1787687812,491.9200,491.9200,491.9200,491.9200
1787687813,491.9300,491.9400,491.9300,491.9400
1787687814,491.9400,491.9400,491.9300,491.9300
1787687815,491.9300,491.9300,491.8600,491.8600
1787687816,491.8600,491.8650,491.8600,491.8650
1787687817,491.8650,491.8650,491.8500,491.8500
1787687818,491.8500,491.8600,491.8300,491.8300
1787687819,491.8300,491.8300,491.8300,491.8300
1787687820,491.8100,491.8300,491.8100,491.8300
1787687821,491.8200,491.8800,491.8200,491.8800
1787687823,491.9000,491.9000,491.8700,491.8800
1787687824,491.9000,491.9000,491.9000,491.9000
1787687825,491.9000,491.9000,491.9000,491.9000
1787687826,491.9000,491.9000,491.9000,491.9000
1787687827,491.9300,492.0000,491.9200,492.0000
1787687828,492.0100,492.0800,491.9400,492.0300
1787687830,492.0400,492.0500,491.9700,491.9700
1787687831,491.9700,491.9700,491.9100,491.9100
1787687832,491.9050,491.9400,491.9050,491.9400
1787687833,491.9500,491.9500,491.9500,491.9500
1787687834,491.9500,491.9600,491.9200,491.9300
1787687835,491.9650,491.9650,491.9650,491.9650
1787687836,491.9700,491.9800,491.9500,491.9800
1787687837,491.9650,491.9750,491.9100,491.9400
1787687838,491.9100,491.9100,491.9000,491.9000
1787687839,491.9000,491.9200,491.8600,491.8700
1787687840,491.8500,491.8700,491.8500,491.8600
1787687841,491.8600,491.8600,491.8300,491.8300
1787687842,491.8600,491.8600,491.8600,491.8600
1787687844,491.8550,491.8550,491.7700,491.7700
1787687845,491.7850,491.8400,491.7850,491.8400
1787687846,491.8400,491.8600,491.8400,491.8500
1787687847,491.8500,491.8500,491.7800,491.7800
1787687848,491.7700,491.7700,491.7700,491.7700
1787687849,491.7900,491.7900,491.7400,491.7400
1787687850,491.7400,491.7400,491.7400,491.7400
1787687851,491.7700,491.7700,491.7700,491.7700
1787687852,491.7700,491.7750,491.7400,491.7400
1787687853,491.7550,491.7600,491.7400,491.7400
1787687854,491.7450,491.7450,491.7450,491.7450
1787687855,491.7450,491.7450,491.7000,491.7100
1787687856,491.7000,491.7000,491.6900,491.6950
1787687857,491.7100,491.7100,491.7050,491.7050
1787687858,491.7050,491.7400,491.5500,491.5800
1787687859,491.6000,491.6200,491.5650,491.5650
1787687861,491.5700,491.5700,491.4500,491.4700
1787687862,491.4700,491.4900,491.4600,491.4800
1787687863,491.4800,491.4800,491.4750,491.4750
1787687864,491.4600,491.4600,491.4400,491.4400
1787687865,491.4400,491.5000,491.4400,491.4900
1787687866,491.5050,491.5300,491.5050,491.5200
1787687867,491.5200,491.5200,491.5200,491.5200
1787687868,491.5250,491.5300,491.5250,491.5300
1787687869,491.5400,491.5600,491.5400,491.5600
1787687870,491.5500,491.6000,491.5300,491.5800
1787687871,491.5700,491.5700,491.5500,491.5500
1787687872,491.5400,491.5400,491.5400,491.5400
1787687873,491.5700,491.5800,491.5700,491.5800
1787687874,491.6100,491.6300,491.6000,491.6300
1787687875,491.6200,491.6400,491.6200,491.6400
1787687876,491.6350,491.6700,491.6350,491.6700
1787687877,491.6700,491.6700,491.6600,491.6700
1787687878,491.6800,491.7250,491.6800,491.7000
1787687879,491.7050,491.7100,491.7050,491.7050
1787687880,491.7200,491.7600,491.7000,491.7400
1787687881,491.7300,491.7500,491.7200,491.7200
1787687882,491.7400,491.7600,491.7200,491.7200
1787687883,491.7200,491.7400,491.7200,491.7200
1787687884,491.7250,491.7400,491.7250,491.7400
1787687885,491.7400,491.7450,491.7200,491.7200
1787687886,491.7300,491.7500,491.7300,491.7450
1787687887,491.7500,491.8300,491.7500,491.8200
1787687888,491.8300,491.8300,491.7800,491.7800
1787687889,491.7800,491.7900,491.7600,491.7600
1787687890,491.7700,491.7700,491.7600,491.7700
1787687891,491.7700,491.7700,491.7600,491.7600
1787687892,491.7700,491.7700,491.7600,491.7700
1787687893,491.7600,491.8000,491.7600,491.8000
1787687894,491.8100,491.8500,491.8100,491.8300
1787687895,491.8400,491.8450,491.8300,491.8400
1787687896,491.8400,491.8400,491.8400,491.8400
1787687897,491.8400,491.8400,491.7300,491.7300
1787687898,491.7200,491.7200,491.7200,491.7200
1787687899,491.7300,491.7400,491.7300,491.7300
1787687900,491.7300,491.7400,491.7300,491.7400
1787687901,491.7400,491.7400,491.7200,491.7200
1787687902,491.7200,491.7200,491.7000,491.7000
1787687903,491.7100,491.7300,491.7000,491.7200
1787687904,491.7200,491.7200,491.7200,491.7200
1787687905,491.7300,491.7400,491.7250,491.7300
1787687906,491.7500,491.7700,491.7500,491.7700
1787687907,491.7800,491.8000,491.7700,491.7700
1787687908,491.7800,491.7900,491.7600,491.7800
1787687909,491.7900,491.8000,491.7800,491.8000
1787687910,491.7900,491.8100,491.7400,491.7450
1787687911,491.7400,491.7450,491.7300,491.7300
1787687912,491.7300,491.7400,491.7300,491.7350
1787687913,491.7400,491.7500,491.7400,491.7500
1787687914,491.7600,491.7750,491.7500,491.7500
1787687915,491.7500,491.7600,491.7500,491.7600
1787687916,491.7600,491.7600,491.7600,491.7600
1787687917,491.7600,491.7600,491.7600,491.7600
1787687918,491.7700,491.8200,491.7600,491.7900
1787687920,491.8200,491.8400,491.8150,491.8400
1787687921,491.8500,491.8800,491.8500,491.8800
1787687922,491.8800,491.9000,491.8800,491.8800
1787687923,491.8800,491.8850,491.8300,491.8500
1787687924,491.8600,491.8600,491.8300,491.8300
1787687925,491.8400,491.8400,491.8300,491.8300
1787687926,491.8450,491.8600,491.8450,491.8500
1787687927,491.8500,491.8500,491.8200,491.8300
1787687928,491.8300,491.8300,491.7400,491.7400
1787687929,491.7300,491.7300,491.7300,491.7300
1787687930,491.7300,491.7300,491.7300,491.7300
1787687931,491.7400,491.7500,491.7300,491.7400
1787687932,491.7500,491.7500,491.7200,491.7450
1787687933,491.7500,491.7600,491.7300,491.7300
1787687934,491.7450,491.7600,491.7450,491.7600
1787687935,491.7700,491.7700,491.7650,491.7700
1787687936,491.7700,491.7800,491.7700,491.7750
1787687937,491.7800,491.7800,491.7200,491.7200
1787687938,491.7300,491.7350,491.7150,491.7350
1787687939,491.7300,491.7300,491.7000,491.7000
1787687940,491.7100,491.7300,491.6900,491.7200
1787687941,491.7200,491.7200,491.6900,491.6900
1787687942,491.6900,491.7000,491.6200,491.6300
1787687943,491.6300,491.6400,491.6250,491.6400
1787687944,491.6400,491.6600,491.6300,491.6500
1787687945,491.6550,491.6800,491.6500,491.6750
1787687946,491.6750,491.6750,491.5650,491.6000
1787687947,491.5750,491.5900,491.5700,491.5900
1787687948,491.6000,491.6300,491.6000,491.6300
1787687949,491.6250,491.6700,491.6200,491.6600
1787687950,491.6450,491.6600,491.6450,491.6450
1787687951,491.6500,491.7100,491.6500,491.7100
1787687952,491.7200,491.7500,491.6900,491.6900
1787687953,491.6900,491.6900,491.6800,491.6800
1787687954,491.6850,491.6900,491.6700,491.6800
1787687955,491.6900,491.7200,491.6300,491.6300
1787687956,491.6200,491.6300,491.5900,491.5900
1787687957,491.6250,491.6500,491.6200,491.6300
1787687958,491.6300,491.6500,491.6300,491.6300
1787687959,491.6300,491.6500,491.6300,491.6300
1787687960,491.6300,491.6600,491.6200,491.6500
1787687961,491.6400,491.6500,491.6200,491.6300
1787687962,491.6200,491.6600,491.6200,491.6600
1787687963,491.6500,491.6900,491.6500,491.6900
1787687964,491.6900,491.7200,491.6900,491.7200
1787687965,491.7000,491.7650,491.6900,491.6900
1787687966,491.7000,491.7000,491.6800,491.6800
1787687967,491.6800,491.7000,491.6700,491.6700
1787687968,491.6700,491.6750,491.6700,491.6700
1787687969,491.6600,491.6700,491.6200,491.6200
1787687970,491.6200,491.6300,491.5200,491.5300
1787687971,491.5600,491.5800,491.5200,491.5500
1787687972,491.5600,491.5600,491.4800,491.4900
1787687973,491.4900,491.5400,491.4900,491.5400
1787687974,491.5400,491.6000,491.5400,491.5900
1787687975,491.6000,491.7200,491.6000,491.7200
1787687976,491.7200,491.8000,491.7200,491.8000
1787687977,491.8000,491.8200,491.7500,491.8000
1787687978,491.7700,491.8200,491.7300,491.7300
1787687979,491.7500,491.7800,491.6800,491.7000
1787687980,491.7400,491.7700,491.7000,491.7350
1787687981,491.7350,491.7800,491.7350,491.7600
1787687982,491.7800,491.8150,491.7700,491.8150
1787687983,491.8150,491.8700,491.7900,491.7900
1787687984,491.8000,491.8700,491.7900,491.7950
1787687985,491.8000,491.9200,491.8000,491.8500
1787687986,491.8500,491.9400,491.8500,491.8800
1787687987,491.9050,491.9400,491.8900,491.9000
1787687988,491.9000,491.9000,491.7700,491.7750
1787687989,491.7800,491.8700,491.7750,491.8100
1787687990,491.8000,491.8400,491.6800,491.6800
1787687991,491.6800,491.7100,491.6000,491.6400
1787687992,491.6400,491.7000,491.5700,491.6900
1787687993,491.6600,491.6900,491.5600,491.6150
1787687994,491.6300,491.7500,491.4800,491.5100
1787687995,491.5350,491.6800,491.5100,491.6700
1787687996,491.6300,491.6300,491.4800,491.5100
1787687997,491.5100,491.5500,491.4500,491.5000
1787687998,491.4750,491.5000,491.4200,491.4400
1787687999,491.4300,491.5500,491.4200,491.5000
