ts,o,h,l,c
1788355800,360.6100,360.6200,359.3100,359.3100
1788355801,359.3200,359.3900,358.5800,358.5800
1788355802,358.5700,358.7200,358.3700,358.6300
1788355803,358.5800,358.7600,358.4000,358.4500
1788355804,358.6400,358.6400,358.3800,358.3800
1788355805,358.5300,358.9200,358.2700,358.4500
1788355806,358.4500,358.6600,358.2300,358.6600
1788355807,358.4300,358.4300,358.4100,358.4100
1788355808,358.2200,358.2200,358.1700,358.1700
1788355809,358.3200,358.3400,358.0400,358.2000
1788355810,358.3800,358.6400,358.3750,358.6400
1788355811,358.4000,358.4000,358.1000,358.1000
1788355812,358.0900,358.0900,358.0400,358.0400
1788355813,358.1200,358.1400,358.1000,358.1400
1788355814,358.0850,358.0850,358.0850,358.0850
1788355815,358.0500,358.1900,357.9600,358.1400
1788355816,358.0700,358.2600,357.9500,357.9500
1788355817,357.9100,357.9100,357.5500,357.6700
1788355818,357.5700,357.5700,357.4700,357.4700
1788355819,357.5600,357.6800,357.4600,357.4600
1788355820,357.6000,357.6000,357.6000,357.6000
1788355821,357.5500,357.6500,357.4200,357.4300
1788355822,357.4800,357.6100,357.3400,357.3400
1788355823,357.4100,357.5500,357.3500,357.5500
1788355824,357.5800,357.5800,357.3700,357.5800
1788355825,357.5800,357.5900,357.5800,357.5900
1788355826,357.5200,357.6500,356.9600,356.9600
1788355827,356.9700,357.4100,356.9600,357.3400
1788355828,357.2850,357.6000,357.2850,357.3700
1788355829,357.4600,357.5600,357.4600,357.4700
1788355830,357.6100,357.6300,357.4700,357.5100
1788355831,357.4800,357.7600,357.4700,357.6500
1788355832,357.8300,358.1300,357.8300,357.8600
1788355833,357.9300,358.2600,357.9300,358.2400
1788355834,358.2100,358.2100,358.0100,358.0100
1788355835,358.1400,358.1400,358.0300,358.0300
1788355837,358.2400,358.2600,358.0000,358.1300
1788355838,358.1800,358.1900,358.1550,358.1550
1788355839,358.1400,358.1550,358.1400,358.1550
1788355840,358.2200,358.4800,358.1400,358.3400
1788355841,358.3450,358.5500,358.3450,358.5500
1788355842,358.3100,358.3300,358.3000,358.3000
1788355843,358.3100,358.5200,358.3000,358.5200
1788355844,358.6000,358.7000,358.5300,358.6400
1788355845,358.7800,358.8900,358.7800,358.8800
1788355846,358.8600,359.0000,358.7800,358.8600
1788355847,358.9400,359.0000,358.7900,358.8000
1788355849,358.8000,358.8100,358.6100,358.7000
1788355850,358.6300,358.7900,358.6300,358.7200
1788355851,358.7400,358.7900,358.7300,358.7300
1788355852,358.7100,358.8300,358.6800,358.8300
1788355853,358.8200,358.8200,358.7600,358.7600
1788355854,358.8200,358.8200,358.8200,358.8200
1788355856,358.8300,359.0900,358.6900,359.0300
1788355857,359.0900,359.1900,358.9500,359.1700
1788355858,358.9900,359.1600,358.8700,359.1500
1788355859,359.1900,359.2900,359.1500,359.1500
1788355860,359.0500,359.1100,358.8700,358.9900
1788355861,358.9400,359.0800,358.9350,359.0800
1788355862,359.1400,359.2100,358.8500,359.0250
1788355863,359.0300,359.1300,358.9800,359.0200
1788355864,359.0150,359.0800,358.6200,358.7400
1788355865,358.7500,358.7700,358.6300,358.7350
1788355866,358.7600,358.9100,358.6800,358.6800
1788355867,358.7700,358.7700,358.6400,358.6400
1788355868,358.8500,359.0200,358.8500,358.9600
1788355869,358.8200,358.8600,358.8200,358.8600
1788355870,358.8700,358.8700,358.6700,358.7700
1788355871,358.7900,358.8000,358.3000,358.3300
1788355872,358.2700,358.2700,357.6900,357.8900
1788355873,357.8800,358.3000,357.7800,358.1000
1788355874,357.9600,358.1600,357.9500,358.0400
1788355875,357.9300,358.1400,357.8950,358.1400
1788355876,358.1700,358.1700,358.1500,358.1650
1788355877,358.1650,358.2600,358.0600,358.1700
1788355878,358.1700,358.1700,357.6600,357.6600
1788355879,357.6850,357.7300,357.6850,357.7300
1788355880,357.7200,357.7900,357.7200,357.7900
1788355882,357.6400,357.6400,357.6100,357.6100
1788355883,357.6900,357.6900,357.6900,357.6900
1788355884,357.6000,357.6000,357.2000,357.2000
1788355885,357.1900,357.3300,357.1600,357.3300
1788355886,357.1100,357.2600,357.1100,357.2600
1788355887,357.1100,357.1100,356.3700,356.4800
1788355888,356.4100,356.5400,356.3300,356.5400
1788355889,356.6400,356.6500,356.6400,356.6500
1788355890,356.6700,356.8000,356.6400,356.6400
1788355891,356.5200,356.5200,356.4700,356.4700
1788355892,356.4200,356.4200,356.3600,356.3600
1788355893,356.4900,356.5000,356.2500,356.2500
1788355894,356.3200,356.3400,356.2400,356.2400
1788355895,356.2300,356.2300,356.1700,356.2200
1788355897,356.2700,356.2700,355.6900,355.6900
1788355898,355.6900,355.7800,355.6800,355.7800
1788355899,355.7800,355.8300,355.7800,355.7900
1788355900,355.8700,355.9900,355.7600,355.9650
1788355901,355.9600,356.0600,355.9600,356.0600
1788355902,356.1500,356.2000,356.1500,356.2000
1788355903,356.2200,356.2700,356.2100,356.2700
1788355904,356.1500,356.1900,356.0000,356.0100
1788355905,356.0200,356.0200,355.7800,355.7800
1788355906,355.8300,355.8300,355.8300,355.8300
1788355907,355.8900,355.9000,355.8200,355.8200
1788355908,355.9200,355.9200,355.7600,355.7600
1788355909,355.7500,355.7500,355.4300,355.6300
1788355911,355.5500,355.6200,355.4500,355.6200
1788355912,355.5500,355.6300,355.5400,355.6300
1788355913,355.5800,355.5800,355.5000,355.5000
1788355914,355.5100,355.6500,355.5100,355.5900
1788355915,355.5800,355.5800,355.5800,355.5800
1788355917,355.6400,356.0100,355.6400,356.0100
1788355919,355.9600,355.9600,355.9600,355.9600
1788355920,355.9600,355.9700,355.9200,355.9200
1788355921,356.0000,356.2300,356.0000,356.2300
1788355922,356.1700,356.1700,356.0200,356.1200
1788355923,356.2600,356.6000,356.2600,356.5600
1788355924,356.5200,356.5200,356.4300,356.5100
1788355925,356.4900,356.7900,356.4800,356.6900
1788355926,356.5600,356.6150,356.4500,356.6150
1788355929,356.7200,356.7300,356.7200,356.7300
1788355930,356.7900,356.8150,356.5600,356.6700
1788355931,356.8900,356.9200,356.8100,356.8100
1788355932,356.7900,356.7900,356.7300,356.7300
1788355933,356.7500,356.7900,356.6300,356.7300
1788355934,356.7700,356.8750,356.5500,356.5800
1788355935,356.5100,356.5900,356.5100,356.5900
1788355937,356.6250,356.6250,356.5400,356.5400
1788355938,356.5400,356.5400,356.4400,356.4500
1788355939,356.3900,356.3900,356.2700,356.2950
1788355940,356.3600,356.3600,356.2500,356.2500
1788355941,356.2500,356.2500,356.1500,356.1500
1788355942,356.0700,356.0700,356.0000,356.0000
1788355943,356.1000,356.3500,356.1000,356.3500
1788355944,356.3700,356.3700,356.2800,356.2800
1788355945,356.3750,356.3900,356.3750,356.3900
1788355946,356.3750,356.3900,356.3750,356.3900
1788355947,356.3800,356.3800,356.2100,356.2100
1788355948,356.1800,356.1800,356.1700,356.1700
1788355949,356.2000,356.2000,355.9250,355.9900
1788355950,355.9100,355.9400,355.7800,355.7800
1788355951,355.7600,355.7600,355.6700,355.7200
1788355952,355.7100,355.7500,355.7100,355.7500
1788355953,355.7800,355.9400,355.7800,355.9200
1788355954,355.9100,355.9100,355.9100,355.9100
1788355955,355.9100,356.2700,355.9100,356.2700
1788355956,356.2600,356.2600,356.1800,356.2450
1788355957,356.2450,356.3400,356.2450,356.3400
1788355959,356.2800,356.2800,356.2750,356.2750
1788355960,356.3100,356.3100,356.3100,356.3100
1788355961,356.2800,356.2900,356.2700,356.2900
1788355962,356.3400,356.3500,356.3400,356.3500
1788355964,356.3200,356.5800,356.1900,356.4700
1788355965,356.4300,356.4300,356.2200,356.2200
1788355966,356.3000,356.3250,356.3000,356.3250
1788355967,356.2700,356.2700,356.2600,356.2600
1788355968,356.2000,356.2500,356.1500,356.2500
1788355969,356.2300,356.2300,356.2300,356.2300
1788355970,356.1700,356.1700,356.1500,356.1500
1788355971,356.1600,356.1600,355.9500,355.9500
1788355973,356.0000,356.1100,356.0000,356.0000
1788355974,356.0000,356.0000,356.0000,356.0000
1788355976,356.0000,356.0000,356.0000,356.0000
1788355977,356.0800,356.1900,356.0800,356.1800
1788355979,356.2500,356.2600,356.2500,356.2600
1788355980,356.2700,356.3300,356.2300,356.2950
1788355981,356.3700,356.3700,356.1900,356.1900
1788355982,356.2300,356.2850,356.2300,356.2600
1788355984,356.3900,356.4300,356.3900,356.4300
1788355985,356.4200,356.4300,356.2100,356.2100
1788355986,356.1900,356.1900,355.9200,356.0000
1788355987,356.0600,356.1600,356.0600,356.1600
1788355988,356.1600,356.1600,356.1600,356.1600
1788355989,356.1400,356.1400,355.8800,355.9700
1788355990,356.1100,356.1800,356.1100,356.1800
1788355991,356.2100,356.2900,356.1600,356.1600
1788355993,356.3400,356.3400,356.3400,356.3400
1788355994,356.3800,356.3800,356.3800,356.3800
1788355996,356.4400,356.6000,356.4400,356.6000
1788355997,356.7000,356.7500,356.7000,356.7500
1788355998,356.7450,356.9300,356.7450,356.9300
1788355999,356.9300,357.3500,356.9300,357.3500
1788356000,357.3100,357.3100,356.9200,356.9200
1788356001,356.9100,356.9100,356.9100,356.9100
1788356002,356.8600,356.8900,356.8500,356.8900
1788356003,356.8800,357.0400,356.7500,356.7500
1788356004,356.7950,356.7950,356.7100,356.7100
1788356005,356.7950,356.7950,356.7950,356.7950
1788356006,356.7400,356.7400,356.7400,356.7400
1788356007,356.8000,356.9700,356.6800,356.6800
1788356008,356.6800,356.7400,356.6800,356.7400
1788356009,356.7200,356.7500,356.7100,356.7500
1788356010,356.7700,356.8400,356.7700,356.8400
1788356011,356.8600,356.8600,356.8500,356.8500
1788356012,356.8900,356.8900,356.8900,356.8900
1788356013,356.8900,356.8900,356.8900,356.8900
1788356014,356.9700,356.9800,356.8900,356.9000
1788356016,356.9700,357.0000,356.9700,357.0000
1788356017,357.0000,357.0000,356.8400,356.9050
1788356018,356.9150,356.9150,356.8000,356.8500
1788356019,356.9500,357.0700,356.9500,357.0700
1788356020,357.0300,357.0800,357.0200,357.0800
1788356022,357.0000,357.0300,356.9400,357.0300
1788356023,357.0300,357.0700,357.0300,357.0300
1788356024,357.0200,357.0200,357.0000,357.0000
1788356026,357.0100,357.1000,357.0100,357.1000
1788356027,357.1100,357.1400,357.1100,357.1400
1788356028,357.1800,357.3500,357.1800,357.3400
1788356030,357.3900,357.5000,357.3900,357.4700
1788356031,357.4000,357.4600,357.3300,357.4600
1788356032,357.4700,357.4800,357.3100,357.3100
1788356033,357.2700,357.2700,357.2000,357.2700
1788356035,357.1900,357.2700,357.1900,357.2700
1788356036,357.2200,357.2200,357.0400,357.0400
1788356037,357.1500,357.1500,357.1500,357.1500
1788356038,357.1700,357.3800,357.1700,357.3800
1788356039,357.3300,357.3850,357.3300,357.3800
1788356040,357.3850,357.3850,357.2500,357.2500
1788356041,357.2000,357.2000,357.1300,357.1300
1788356042,357.1800,357.1800,357.0600,357.0600
1788356043,357.1200,357.1200,357.0950,357.0950
1788356044,357.0700,357.2200,356.9800,357.2200
1788356045,357.2300,357.2700,357.2300,357.2500
1788356046,357.2400,357.2400,356.9000,356.9000
1788356047,356.8500,356.8500,356.8400,356.8400
1788356048,356.9300,356.9300,356.9300,356.9300
1788356050,357.0000,357.1000,357.0000,357.1000
1788356051,357.1000,357.1000,357.1000,357.1000
1788356052,357.0200,357.0400,356.9800,357.0200
1788356053,357.0100,357.0200,357.0100,357.0200
1788356054,357.0900,357.1000,356.9600,356.9600
1788356055,356.9500,356.9800,356.9000,356.9800
1788356056,356.9900,357.0500,356.9900,357.0500
1788356057,357.0000,357.0000,356.9900,356.9900
1788356058,357.0350,357.0350,357.0350,357.0350
1788356059,357.0000,357.0000,356.9900,356.9900
1788356060,356.9800,357.0000,356.9800,357.0000
1788356061,356.9700,356.9700,356.8900,356.8900
1788356062,356.8800,356.8900,356.8700,356.8900
1788356063,356.9000,356.9000,356.6800,356.6800
1788356064,356.6900,356.7000,356.6600,356.6900
1788356065,356.6600,356.6600,356.5400,356.5400
1788356066,356.5500,356.5700,356.5300,356.5300
1788356067,356.5700,356.5700,356.5700,356.5700
1788356068,356.6200,356.6300,356.3600,356.4100
1788356069,356.4500,356.5100,356.4400,356.4700
1788356070,356.5100,356.6700,356.5100,356.6700
1788356072,356.6900,356.7600,356.6900,356.7600
1788356073,356.7900,356.7900,356.7200,356.7400
1788356074,356.6600,356.6600,356.6400,356.6400
1788356076,356.7300,356.8400,356.7300,356.7900
1788356077,356.7650,356.7650,356.7650,356.7650
1788356078,356.7100,356.7100,356.5000,356.5000
1788356080,356.4650,356.4650,356.3900,356.4500
1788356081,356.4500,356.5300,356.4100,356.4100
1788356082,356.3600,356.3600,356.2500,356.2500
1788356083,356.2500,356.3800,356.1800,356.3800
1788356086,356.3600,356.3600,356.2900,356.2900
1788356087,356.3600,356.5900,356.3600,356.5900
1788356089,356.6300,356.6400,356.6050,356.6400
1788356090,356.6500,356.7000,356.6500,356.7000
1788356091,356.7400,356.8200,356.7400,356.8200
1788356092,356.8200,356.8200,356.8200,356.8200
1788356093,356.8400,356.8900,356.7500,356.7500
1788356094,356.6500,356.6900,356.6300,356.6900
1788356095,356.6300,356.6300,356.6300,356.6300
1788356097,356.5400,356.5700,356.4300,356.4500
1788356098,356.4500,356.5400,356.4500,356.5400
1788356099,356.6300,356.6900,356.6300,356.6900
1788356100,356.7000,356.7100,356.5700,356.5700
1788356101,356.5000,356.5000,356.4600,356.4600
1788356102,356.4700,356.4700,356.3600,356.3650
1788356103,356.3600,356.3600,356.1800,356.3600
1788356104,356.3600,356.4500,356.3600,356.4500
1788356105,356.4400,356.5200,356.4400,356.5200
1788356106,356.4500,356.4500,356.3700,356.3700
1788356107,356.3600,356.3800,356.2900,356.2900
1788356108,356.2800,356.3400,356.2800,356.3400
1788356109,356.3100,356.3100,356.1700,356.2400
1788356110,356.2900,356.3000,356.2900,356.3000
1788356113,356.3500,356.3600,356.3200,356.3600
1788356114,356.3700,356.4600,356.3600,356.4600
1788356115,356.4500,356.4500,356.1700,356.1700
1788356116,356.2700,356.3700,356.2700,356.3700
1788356117,356.3200,356.3200,356.3200,356.3200
1788356119,356.2500,356.2700,356.2100,356.2200
1788356120,356.2100,356.2100,356.0700,356.0700
1788356121,356.0700,356.0700,355.8400,355.9700
1788356122,356.0000,356.0000,355.8900,355.9500
1788356123,356.0000,356.0700,356.0000,356.0600
1788356124,356.0650,356.0650,356.0650,356.0650
1788356125,356.0900,356.1100,356.0700,356.0700
1788356126,356.1600,356.1700,356.1300,356.1300
1788356127,356.1500,356.1500,356.1500,356.1500
1788356128,356.1100,356.1100,356.0000,356.0000
1788356130,355.9500,356.1100,355.9100,356.1100
1788356131,356.1500,356.1600,355.9900,355.9900
1788356132,356.0550,356.1800,356.0550,356.0700
1788356133,356.0500,356.1900,356.0500,356.1900
1788356134,356.1250,356.1250,356.0000,356.0400
1788356135,355.9800,355.9800,355.9500,355.9700
1788356136,355.9600,355.9600,355.9400,355.9400
1788356137,355.9700,355.9700,355.7500,355.7500
1788356138,355.7200,355.8000,355.7100,355.8000
1788356139,355.9000,355.9000,355.8600,355.9000
1788356140,355.9900,356.0000,355.9900,356.0000
1788356141,355.9200,355.9200,355.8900,355.8900
1788356142,355.7900,355.8150,355.6900,355.6900
1788356143,355.6600,355.6600,355.5500,355.5900
1788356144,355.5900,355.5900,355.3300,355.3300
1788356145,355.3700,355.4000,355.3000,355.3700
1788356146,355.3400,355.3400,355.3400,355.3400
1788356147,355.2900,355.2900,355.2600,355.2600
1788356148,355.2700,355.2700,355.2100,355.2500
1788356149,355.2000,355.2700,354.7200,354.8500
1788356150,354.7900,354.9200,354.7900,354.8100
1788356151,354.8500,354.9300,354.8500,354.9100
1788356152,354.8400,355.0000,354.8400,355.0000
1788356153,355.0200,355.0300,354.8900,354.8900
1788356154,354.8500,354.8500,354.7600,354.7600
1788356155,354.7800,354.8100,354.7500,354.8100
1788356156,354.8000,354.8000,354.7800,354.7800
1788356157,354.8200,354.8200,354.8200,354.8200
1788356158,354.6900,354.7700,354.6700,354.7700
1788356159,354.8200,354.8400,354.7900,354.8400
1788356160,354.8300,354.8800,354.8300,354.8400
1788356161,354.8100,354.8100,354.8100,354.8100
1788356162,354.8200,354.9300,354.8200,354.9000
1788356163,354.8800,354.8800,354.8800,354.8800
1788356164,354.8900,354.8900,354.8300,354.8550
1788356165,354.8100,354.8300,354.7300,354.7300
1788356166,354.8000,354.9700,354.7900,354.8100
1788356167,354.8300,354.8300,354.7100,354.7500
1788356168,354.7800,354.8300,354.7600,354.8300
1788356169,354.8200,354.8200,354.6500,354.6500
1788356170,354.6700,354.7100,354.6000,354.6000
1788356171,354.6350,354.6400,354.6350,354.6400
1788356172,354.6400,354.6400,354.6100,354.6100
1788356173,354.6000,354.6100,354.5500,354.6100
1788356174,354.6100,354.6800,354.6000,354.6000
1788356175,354.6000,354.6000,354.5800,354.5800
1788356176,354.6100,354.6500,354.6100,354.6500
1788356177,354.6400,354.6400,354.5700,354.5700
1788356178,354.6000,354.6000,354.5000,354.5900
1788356179,354.6100,354.6400,354.5600,354.6400
1788356180,354.6100,354.6700,354.6050,354.6400
1788356181,354.6400,354.6400,354.5600,354.5600
1788356182,354.5950,354.6400,354.5800,354.5800
1788356183,354.5800,354.6700,354.5800,354.6300
1788356184,354.6650,354.7200,354.6300,354.7200
1788356185,354.7500,354.7500,354.7200,354.7200
1788356186,354.7400,354.7400,354.6600,354.6700
1788356187,354.6500,354.6500,354.6300,354.6300
1788356188,354.6000,354.6200,354.5500,354.6200
1788356189,354.6050,354.6050,354.5200,354.5200
1788356190,354.5600,354.5600,354.5100,354.5100
1788356191,354.5600,354.6300,354.5400,354.6300
1788356192,354.6400,354.9100,354.6400,354.7200
1788356193,354.7200,354.7200,354.5100,354.6300
1788356194,354.7200,354.7200,354.6700,354.6700
1788356195,354.7400,354.7500,354.7400,354.7500
1788356196,354.7800,355.0000,354.7800,354.9400
1788356197,354.9000,354.9000,354.9000,354.9000
1788356198,354.8800,354.8800,354.8800,354.8800
1788356199,354.9000,354.9300,354.9000,354.9000
1788356200,354.8200,354.8500,354.8100,354.8500
1788356201,354.8100,354.8500,354.8000,354.8000
1788356203,354.8600,354.9000,354.8600,354.8600
1788356204,354.8500,354.8500,354.8150,354.8150
1788356205,354.8000,354.8000,354.4700,354.4700
1788356206,354.5100,354.5100,354.4800,354.4800
1788356207,354.4500,354.4500,354.3800,354.4100
1788356208,354.4300,354.4600,354.4300,354.4400
1788356209,354.4200,354.4400,354.4200,354.4400
1788356210,354.4300,354.5800,354.4300,354.5800
1788356211,354.6000,354.6000,354.4500,354.5000
1788356212,354.5000,354.5000,354.5000,354.5000
1788356213,354.4600,354.4700,354.4300,354.4700
1788356214,354.4200,354.4200,354.4200,354.4200
1788356215,354.4100,354.4200,354.3500,354.4000
1788356216,354.3900,354.4500,354.3800,354.4500
1788356217,354.3300,354.3300,354.2500,354.2500
1788356218,354.2200,354.2200,354.1200,354.1200
1788356219,354.1100,354.1200,354.0200,354.0800
1788356220,354.0200,354.0200,353.7000,353.8000
1788356221,353.8350,354.0000,353.8350,354.0000
1788356222,354.1000,354.1000,354.0200,354.0200
1788356223,353.9800,354.0200,353.8500,353.8500
1788356224,353.9300,354.1300,353.8400,353.8400
1788356225,353.7800,353.7800,353.7300,353.7700
1788356226,353.7600,353.7600,353.6900,353.6900
1788356227,353.6900,353.7300,353.6500,353.6900
1788356228,353.7500,353.7600,353.7500,353.7600
1788356229,353.6700,353.7300,353.5600,353.6000
1788356230,353.6500,353.6800,353.5800,353.6800
1788356231,353.6400,353.6400,353.5400,353.5800
1788356232,353.6400,353.6500,353.6400,353.6500
1788356233,353.5700,353.5700,353.3600,353.4900
1788356234,353.4400,353.4400,353.4000,353.4000
1788356235,353.4100,353.4100,353.2200,353.2300
1788356236,353.2600,353.2700,353.2600,353.2700
1788356237,353.2900,353.2900,353.2100,353.2100
1788356238,353.2100,353.2500,353.1500,353.2000
1788356239,353.2000,353.2000,353.1100,353.1100
1788356240,353.1500,353.1600,353.1100,353.1500
1788356241,353.1200,353.1800,353.0800,353.1300
1788356242,353.1200,353.1200,353.0500,353.0800
1788356243,353.0400,353.0400,353.0100,353.0100
1788356244,353.0400,353.1300,352.9600,353.0900
1788356245,353.1200,353.1200,353.0400,353.0400
1788356246,353.0400,353.0700,353.0200,353.0200
1788356247,353.1600,353.3000,353.1600,353.1800
1788356248,353.2250,353.2250,353.1500,353.1700
1788356249,353.1700,353.1700,353.1650,353.1650
1788356250,353.1650,353.3300,353.0900,353.0900
1788356251,353.0700,353.0900,353.0550,353.0550
1788356252,353.0000,353.0250,352.9700,353.0100
1788356253,353.0000,353.0200,352.9800,352.9800
1788356254,353.0300,353.1000,353.0300,353.0600
1788356255,353.0400,353.0400,353.0000,353.0000
1788356256,353.0200,353.0600,353.0200,353.0600
1788356257,353.0900,353.1100,353.0200,353.0800
1788356258,353.1000,353.1000,353.0000,353.0000
1788356259,353.0900,353.1500,353.0900,353.1100
1788356260,353.1500,353.1600,353.1500,353.1600
1788356261,353.1100,353.1100,353.0800,353.0800
1788356262,353.1000,353.1200,353.1000,353.1200
1788356263,353.1050,353.1050,353.0500,353.0600
1788356264,353.1000,353.1100,353.1000,353.1100
1788356265,353.0600,353.0700,353.0600,353.0700
1788356266,353.0300,353.0300,352.7200,352.9000
1788356267,352.8900,352.8900,352.8500,352.8500
1788356268,352.9000,352.9500,352.9000,352.9000
1788356269,352.9000,352.9600,352.9000,352.9000
1788356270,352.8500,352.8500,352.8500,352.8500
1788356271,352.8400,353.3200,352.8100,353.3100
1788356272,353.3800,353.4600,353.2100,353.2100
1788356273,353.3000,353.3700,353.3000,353.3500
1788356274,353.3300,353.4500,353.2900,353.4300
1788356275,353.4900,353.5600,353.4900,353.5600
1788356276,353.5700,353.6300,353.5100,353.6300
1788356277,353.6350,353.6400,353.5550,353.5550
1788356278,353.5000,353.5000,353.3400,353.3400
1788356279,353.3200,353.3400,353.1700,353.1800
1788356280,353.2400,353.3300,353.2400,353.3300
1788356281,353.3300,353.3700,353.3300,353.3700
1788356282,353.4500,353.4500,353.4400,353.4400
1788356283,353.4600,353.4700,353.3100,353.3200
1788356284,353.3700,353.3900,353.3200,353.3200
1788356285,353.4600,353.4600,353.4600,353.4600
1788356286,353.4500,353.4500,353.4500,353.4500
1788356287,353.4200,353.5400,353.3700,353.5100
1788356288,353.5500,353.5500,353.4600,353.4600
1788356289,353.4800,353.6100,353.4700,353.6100
1788356290,353.6000,353.6400,353.4700,353.4700
1788356291,353.5100,353.5100,353.4600,353.4900
1788356292,353.5700,353.5800,353.3200,353.3200
1788356293,353.3500,353.3900,353.3500,353.3900
1788356294,353.2900,353.3800,353.2800,353.3800
1788356295,353.3300,353.3300,353.3300,353.3300
1788356296,353.3000,353.3000,353.0650,353.1000
1788356297,353.0500,353.0900,353.0200,353.0400
1788356299,353.1200,353.1300,353.0800,353.0800
1788356300,353.1400,353.1400,353.1400,353.1400
1788356301,353.1300,353.1300,353.0000,353.0450
1788356302,353.1100,353.1200,353.1100,353.1200
1788356303,353.1500,353.2550,353.1500,353.2550
1788356305,353.3000,353.3550,353.3000,353.3550
1788356306,353.3200,353.3200,353.2400,353.2400
1788356307,353.2000,353.2000,353.0600,353.1000
1788356309,353.1700,353.1700,353.1200,353.1700
1788356310,353.2000,353.2400,353.1600,353.1600
1788356311,353.2000,353.2000,353.2000,353.2000
1788356312,353.2100,353.2100,353.1300,353.1300
1788356314,353.1100,353.1100,352.9600,353.0000
1788356315,353.1000,353.1000,353.1000,353.1000
1788356316,353.0700,353.0700,353.0700,353.0700
1788356317,353.0700,353.0700,353.0700,353.0700
1788356318,353.0800,353.0800,353.0800,353.0800
1788356319,353.0800,353.0800,353.0800,353.0800
1788356320,353.0700,353.0700,353.0000,353.0000
1788356321,353.0600,353.0600,353.0600,353.0600
1788356322,353.0800,353.1200,353.0600,353.1200
1788356323,353.1200,353.1400,353.0800,353.0800
1788356324,353.0000,353.0000,353.0000,353.0000
1788356325,352.9700,352.9700,352.7000,352.7500
1788356326,352.7500,352.7500,352.5900,352.5900
1788356328,352.6900,352.6900,352.5800,352.6100
1788356329,352.5800,352.5800,352.3800,352.3800
1788356330,352.3800,352.4000,352.3200,352.3200
1788356331,352.3100,352.3200,352.2900,352.3200
1788356332,352.2900,352.2900,352.1100,352.1100
1788356333,352.1300,352.2700,352.0900,352.2350
1788356334,352.2700,352.4300,352.2700,352.3700
1788356335,352.3600,352.3800,352.3600,352.3800
1788356336,352.4200,352.4700,352.3900,352.3900
1788356337,352.3700,352.3700,352.2600,352.2600
1788356338,352.2000,352.2900,352.2000,352.2500
1788356340,352.2400,352.2400,352.2000,352.2000
1788356341,352.1400,352.1400,351.9800,352.0100
1788356342,352.0000,352.0000,351.8500,351.9000
1788356343,351.8100,351.8300,351.7700,351.7700
1788356344,351.7900,351.8800,351.7900,351.8800
1788356345,351.8300,351.8900,351.8000,351.8000
1788356346,351.8000,351.9100,351.8000,351.8800
1788356347,351.8300,351.9500,351.8000,351.9000
1788356348,351.9300,351.9300,351.9300,351.9300
1788356349,351.9300,351.9300,351.9300,351.9300
1788356350,351.9300,351.9700,351.9200,351.9700
1788356351,351.9500,352.0100,351.9500,351.9500
1788356352,351.9500,352.0100,351.8900,352.0100
1788356353,351.9350,351.9350,351.8000,351.8200
1788356354,351.8500,351.8600,351.8500,351.8600
1788356355,351.7900,351.7900,351.5200,351.6400
1788356356,351.6400,351.8100,351.6400,351.8100
1788356357,351.8200,352.0000,351.8200,352.0000
1788356358,352.0200,352.0800,352.0000,352.0100
1788356359,352.0900,352.2000,352.0900,352.1600
1788356360,352.2100,352.2100,352.1200,352.1200
1788356361,352.1400,352.1500,352.1000,352.1500
1788356362,352.1500,352.2800,352.1500,352.2250
1788356363,352.2200,352.4000,352.2200,352.3900
1788356364,352.3500,352.3500,352.2900,352.2900
1788356365,352.2500,352.3200,352.2500,352.3100
1788356366,352.2200,352.2200,352.2100,352.2100
1788356369,352.2300,352.2500,352.2300,352.2500
1788356370,352.2500,352.2500,352.2500,352.2500
1788356371,352.2300,352.2300,352.2300,352.2300
1788356372,352.2700,352.2700,352.2700,352.2700
1788356373,352.2900,352.3850,352.2900,352.3850
1788356376,352.3800,352.3800,352.3600,352.3600
1788356377,352.4300,352.4800,352.4300,352.4700
1788356378,352.4350,352.4500,352.4350,352.4500
1788356380,352.3900,352.4100,352.3600,352.3800
1788356381,352.3600,352.3600,352.0200,352.0400
1788356382,352.1200,352.1300,352.0900,352.0900
1788356384,352.1400,352.1400,352.1100,352.1100
1788356385,352.1000,352.1000,352.0900,352.0900
1788356386,352.0600,352.0600,352.0600,352.0600
1788356387,352.1300,352.1400,352.0300,352.0300
1788356388,352.0900,352.1000,352.0900,352.1000
1788356389,352.0800,352.0800,352.0800,352.0800
1788356390,352.0800,352.2100,352.0400,352.1700
1788356391,352.1600,352.1600,352.1300,352.1500
1788356392,352.1200,352.1500,351.8400,352.0600
1788356394,352.1100,352.1900,352.1000,352.1200
1788356395,352.1300,352.1300,352.0800,352.1100
1788356396,352.1800,352.3800,352.1800,352.3700
1788356397,352.3400,352.3400,352.3400,352.3400
1788356398,352.3000,352.3000,352.3000,352.3000
1788356400,352.3600,352.3700,352.3600,352.3700
1788356401,352.3700,352.4500,352.3600,352.3600
1788356402,352.3300,352.4000,352.3300,352.4000
1788356403,352.3900,352.3900,352.1000,352.1000
1788356404,352.0800,352.1200,352.0300,352.0300
1788356405,352.0800,352.1300,352.0800,352.1300
1788356406,352.1700,352.1700,352.1700,352.1700
1788356408,352.1600,352.1600,352.1500,352.1600
1788356409,352.1000,352.1000,351.9000,352.0200
1788356410,351.9100,351.9100,351.6200,351.6600
1788356411,351.6550,351.7400,351.6550,351.7400
1788356412,351.7900,351.8600,351.7900,351.8600
1788356413,351.8200,351.8200,351.7800,351.7800
1788356414,351.7900,351.8700,351.7600,351.8700
1788356416,351.9100,351.9100,351.8200,351.8200
1788356417,351.9000,351.9100,351.9000,351.9100
1788356418,351.9200,351.9300,351.7600,351.7600
1788356419,351.7900,351.7900,351.7100,351.7100
1788356420,351.7400,351.8000,351.6800,351.7700
1788356421,351.6700,351.7300,351.6000,351.6000
1788356422,351.6500,351.6800,351.6500,351.6800
1788356424,351.6800,351.7700,351.5400,351.7700
1788356425,351.7900,351.7900,351.7600,351.7600
1788356426,351.7500,351.8500,351.6600,351.8500
1788356427,351.9600,351.9800,351.8800,351.8800
1788356428,351.8900,352.0000,351.8900,351.9900
1788356429,351.9800,351.9800,351.9300,351.9300
1788356430,351.9300,352.0000,351.9300,352.0000
1788356431,352.0000,352.1400,352.0000,352.1400
1788356432,352.1800,352.2000,352.1500,352.1700
1788356433,352.1200,352.1600,352.0500,352.1600
1788356434,352.1150,352.1150,352.1150,352.1150
1788356435,352.0400,352.1100,352.0200,352.1100
1788356436,352.0000,352.0000,352.0000,352.0000
1788356437,352.0250,352.0700,352.0250,352.0600
1788356438,352.0250,352.2300,351.9800,352.2300
1788356439,352.2300,352.5800,352.2300,352.5600
1788356440,352.5900,352.5900,352.5100,352.5300
1788356441,352.5400,352.5500,352.5100,352.5100
1788356442,352.5450,352.5450,352.5000,352.5000
1788356443,352.5600,352.7800,352.5600,352.7800
1788356444,352.8000,352.8800,352.7700,352.8800
1788356445,352.8900,352.9200,352.7600,352.7600
1788356446,352.8100,352.8100,352.7200,352.7700
1788356447,352.7100,352.8000,352.6400,352.6400
1788356448,352.5700,352.6700,352.5700,352.6700
1788356449,352.6700,352.6900,352.6400,352.6700
1788356450,352.7000,352.7400,352.6600,352.6600
1788356451,352.6700,352.7900,352.6700,352.7900
1788356452,352.8000,352.8300,352.7750,352.8000
1788356453,352.8050,352.8050,352.8050,352.8050
1788356454,352.8400,352.8500,352.8400,352.8400
1788356455,352.8600,352.9200,352.8500,352.9200
1788356456,352.8700,353.1300,352.8700,353.0700
1788356457,353.1100,353.1100,353.1100,353.1100
1788356458,353.0400,353.0900,353.0400,353.0900
1788356459,353.0700,353.0700,353.0000,353.0000
1788356460,353.0000,353.1800,353.0000,353.1100
1788356461,353.0700,353.1100,353.0700,353.1100
1788356462,353.0700,353.0700,352.8600,352.9000
1788356463,352.9000,352.9100,352.8500,352.8800
1788356464,352.9700,352.9700,352.9100,352.9100
1788356465,352.8600,352.8700,352.8400,352.8400
1788356466,352.8950,352.9700,352.7100,352.7250
1788356467,352.7500,352.7900,352.6900,352.7300
1788356468,352.7300,352.7600,352.7300,352.7400
1788356469,352.7600,352.7900,352.7600,352.7900
1788356470,352.7700,352.7700,352.7600,352.7600
1788356471,352.8000,352.8000,352.6100,352.6100
1788356472,352.6400,352.6400,352.4200,352.4900
1788356473,352.5000,352.6500,352.4000,352.5200
1788356474,352.4700,352.4700,352.3700,352.3700
1788356475,352.3300,352.3300,352.2000,352.2000
1788356476,352.1800,352.1800,352.0100,352.0100
1788356477,352.1500,352.2100,352.1400,352.1800
1788356478,352.2200,352.2200,352.2200,352.2200
1788356479,352.2150,352.2150,352.1700,352.1700
1788356480,352.2100,352.3000,352.2100,352.3000
1788356481,352.3000,352.3400,352.2800,352.2800
1788356482,352.2200,352.2500,352.2200,352.2500
1788356483,352.3100,352.3300,352.3100,352.3300
1788356484,352.3500,352.3500,352.3500,352.3500
1788356485,352.4200,352.4400,352.4200,352.4400
1788356487,352.4250,352.4250,352.4250,352.4250
1788356488,352.4000,352.4000,352.4000,352.4000
1788356489,352.4800,352.5050,352.4600,352.5050
1788356490,352.5150,352.5150,352.4700,352.4850
1788356491,352.4900,352.4900,352.4900,352.4900
1788356492,352.5400,352.5500,352.4950,352.4950
1788356493,352.4400,352.4400,352.3900,352.4200
1788356494,352.4200,352.4200,352.4200,352.4200
1788356495,352.4800,352.4850,352.3300,352.3600
1788356497,352.3100,352.3100,352.0500,352.0700
1788356498,352.0600,352.0600,351.8300,351.9500
1788356499,351.9300,351.9400,351.8800,351.9400
1788356500,351.8000,351.8300,351.7900,351.7900
1788356501,351.8600,351.8700,351.8200,351.8700
1788356502,351.8700,351.8800,351.6500,351.7850
1788356503,351.8800,351.9000,351.7300,351.8300
1788356504,351.8650,351.9000,351.8500,351.8900
1788356505,351.9000,351.9000,351.9000,351.9000
1788356506,351.9800,352.0200,351.8700,351.9000
1788356508,351.8700,352.0000,351.8600,352.0000
1788356509,351.9900,351.9900,351.9800,351.9800
1788356510,351.9900,351.9900,351.9900,351.9900
1788356511,352.1000,352.1700,352.1000,352.1600
1788356512,352.1100,352.1700,352.0900,352.1700
1788356513,352.1200,352.1800,352.1200,352.1800
1788356514,352.1900,352.1900,352.1900,352.1900
1788356515,352.1900,352.2300,352.1900,352.2300
1788356516,352.1900,352.3300,352.1600,352.3000
1788356517,352.3600,352.3700,352.3500,352.3500
1788356518,352.3000,352.3000,352.1800,352.1800
1788356519,352.2300,352.2300,352.2300,352.2300
1788356520,352.2300,352.2400,352.1600,352.1600
1788356521,352.1600,352.1600,352.1600,352.1600
1788356522,352.2000,352.2000,351.9600,351.9600
1788356523,351.9300,351.9300,351.7500,351.7500
1788356524,351.7500,351.7500,351.6700,351.6800
1788356525,351.7000,351.7200,351.6700,351.6700
1788356526,351.7400,351.7600,351.6800,351.6800
1788356527,351.7000,351.7500,351.7000,351.7000
1788356528,351.6700,351.7100,351.6600,351.7050
1788356529,351.7300,351.7400,351.6500,351.6500
1788356530,351.6600,351.6700,351.6100,351.6300
1788356531,351.6500,351.7000,351.6400,351.6600
1788356532,351.6600,351.7900,351.6600,351.7600
1788356533,351.7800,351.7800,351.7800,351.7800
1788356534,351.8100,351.8800,351.8100,351.8100
1788356536,351.8300,351.8300,351.7600,351.7600
1788356537,351.7850,351.8000,351.6800,351.6800
1788356538,351.7100,351.8100,351.6800,351.8100
1788356540,351.8400,351.8400,351.7200,351.7200
1788356541,351.7300,351.7300,351.5100,351.6100
1788356542,351.6100,351.6900,351.5800,351.6600
1788356543,351.6800,351.8500,351.6800,351.8250
1788356544,351.8800,351.9300,351.8500,351.9200
1788356545,351.9000,351.9100,351.9000,351.9100
1788356546,351.8700,351.9700,351.8400,351.8400
1788356547,351.8100,351.8400,351.8100,351.8300
1788356548,351.7600,351.7600,351.7500,351.7500
1788356549,351.8300,351.8400,351.7600,351.7600
1788356550,351.7500,351.7500,351.6100,351.6100
1788356551,351.7000,351.7000,351.6400,351.6400
1788356552,351.7000,351.7700,351.7000,351.7700
1788356553,351.8400,352.0000,351.8400,351.9400
1788356556,351.8900,351.8900,351.8500,351.8500
1788356557,351.8400,351.8400,351.8200,351.8200
1788356558,351.9000,352.0000,351.8000,351.8000
1788356559,351.8000,351.8000,351.7400,351.7400
1788356560,351.7900,351.8900,351.7900,351.8900
1788356561,351.9400,351.9900,351.9400,351.9800
1788356562,351.9300,351.9300,351.9300,351.9300
1788356563,352.0000,352.0000,352.0000,352.0000
1788356564,351.9100,351.9400,351.8900,351.8900
1788356565,351.8900,351.8900,351.8400,351.8400
1788356566,351.8300,351.8300,351.8100,351.8100
1788356567,351.9000,351.9200,351.8750,351.9000
1788356568,351.9400,351.9400,351.9400,351.9400
1788356569,351.9000,351.9000,351.9000,351.9000
1788356570,351.8800,351.8850,351.6000,351.6400
1788356571,351.6400,351.6500,351.6400,351.6500
1788356572,351.7200,351.7400,351.6900,351.7000
1788356573,351.7000,351.7100,351.6400,351.7100
1788356574,351.6500,351.7000,351.6500,351.7000
1788356575,351.7200,351.8300,351.7200,351.8300
1788356576,351.8300,351.8300,351.7800,351.7800
1788356577,351.7700,351.7950,351.7500,351.7500
1788356578,351.7300,351.7300,351.7250,351.7250
1788356579,351.7300,351.8600,351.7300,351.8300
1788356580,351.8900,351.8900,351.8100,351.8100
1788356581,351.8300,351.8300,351.6600,351.6600
1788356582,351.7500,351.7700,351.6500,351.6500
1788356584,351.6000,351.6000,351.3000,351.3300
1788356585,351.3250,351.3800,351.2100,351.2400
1788356586,351.2400,351.2400,351.1000,351.1300
1788356587,351.1300,351.1400,351.0300,351.0600
1788356588,351.0950,351.1200,351.0950,351.1200
1788356589,351.0900,351.1700,351.0900,351.1400
1788356590,351.0900,351.0900,351.0800,351.0900
1788356591,351.0900,351.1700,351.0600,351.0900
1788356592,351.1300,351.1400,351.0300,351.0800
1788356593,351.1600,351.2300,351.1600,351.2300
1788356594,351.1700,351.1700,351.1600,351.1600
1788356595,351.2300,351.2400,351.0500,351.0500
1788356596,351.0900,351.0900,350.8800,350.9800
1788356597,350.9500,351.0600,350.9000,350.9400
1788356598,351.0300,351.1700,351.0200,351.0200
1788356599,351.0200,351.0200,350.9700,350.9800
1788356600,350.9900,351.2700,350.9900,351.2300
1788356601,351.2400,351.2700,351.2400,351.2700
1788356602,351.3400,351.4000,351.1000,351.1000
1788356603,351.1000,351.1400,351.1000,351.1400
1788356604,351.1800,351.2100,351.0300,351.0300
1788356605,351.0000,351.0000,351.0000,351.0000
1788356606,351.0300,351.0300,351.0000,351.0000
1788356607,351.0000,351.0000,350.7000,350.8000
1788356608,350.7700,350.7700,350.6700,350.7250
1788356609,350.7200,350.7200,350.7200,350.7200
1788356610,350.6800,350.6950,350.5500,350.5500
1788356611,350.5100,350.6400,350.5000,350.6200
1788356612,350.6700,350.6800,350.6600,350.6600
1788356613,350.6600,350.6700,350.6300,350.6700
1788356614,350.6300,350.6300,350.6100,350.6100
1788356615,350.6200,350.7200,350.6200,350.6800
1788356616,350.7200,350.7700,350.7000,350.7400
1788356617,350.7200,350.7900,350.7200,350.7200
1788356618,350.7100,350.8300,350.7100,350.7300
1788356619,350.7400,350.7700,350.7400,350.7600
1788356620,350.7600,350.7600,350.6500,350.6900
1788356621,350.6800,350.7100,350.6300,350.6300
1788356622,350.6400,350.6400,350.4900,350.5100
1788356623,350.5500,350.5500,350.5450,350.5450
1788356624,350.5800,350.5900,350.4400,350.5800
1788356625,350.5300,350.5700,350.4700,350.5400
1788356626,350.5600,350.5700,350.5000,350.5000
1788356627,350.5200,350.5400,350.4600,350.5300
1788356628,350.5350,350.6700,350.5350,350.6700
1788356629,350.6700,350.8000,350.6600,350.7150
1788356630,350.7350,350.7350,350.5600,350.5600
1788356631,350.6100,350.6100,350.5900,350.6000
1788356632,350.6000,350.6500,350.5900,350.6500
1788356633,350.6900,350.7400,350.6700,350.7000
1788356634,350.6700,350.6700,350.6700,350.6700
1788356635,350.7100,350.7600,350.7000,350.7000
1788356636,350.6900,350.6900,350.6400,350.6400
1788356637,350.6200,350.6200,350.6100,350.6100
1788356638,350.5900,350.5900,350.5900,350.5900
1788356639,350.6000,350.6000,350.4700,350.4700
1788356640,350.5100,350.6100,350.5100,350.6100
1788356641,350.5700,350.6600,350.5100,350.6600
1788356642,350.7000,350.7400,350.7000,350.7400
1788356643,350.6900,350.7600,350.6900,350.7600
1788356644,350.7600,350.7800,350.5600,350.6300
1788356646,350.6900,350.7000,350.6000,350.6300
1788356647,350.6300,350.6750,350.6300,350.6750
1788356648,350.6700,350.7200,350.6200,350.6200
1788356649,350.6000,350.6900,350.5500,350.6900
1788356650,350.6800,350.8200,350.6600,350.6700
1788356651,350.6800,350.6800,350.6000,350.6200
1788356652,350.6800,350.7200,350.6800,350.7200
1788356653,350.6800,350.6800,350.6700,350.6700
1788356655,350.7200,350.7200,350.7200,350.7200
1788356656,350.6700,350.7400,350.6700,350.7400
1788356657,350.7500,350.8600,350.7500,350.8500
1788356658,350.9500,350.9700,350.9500,350.9700
1788356659,350.9100,350.9700,350.9100,350.9700
1788356660,350.8600,350.8600,350.8400,350.8400
1788356661,350.8200,350.8300,350.8200,350.8300
1788356662,350.9100,350.9300,350.8300,350.9300
1788356663,351.0000,351.0100,350.9500,350.9500
1788356664,350.9300,351.0600,350.9200,351.0600
1788356665,351.0500,351.1300,351.0500,351.0900
1788356666,351.0600,351.0600,351.0400,351.0400
1788356668,351.1000,351.1100,351.0000,351.0200
1788356669,351.0500,351.0500,350.9000,350.9000
1788356670,351.0200,351.0200,351.0200,351.0200
1788356671,351.0000,351.1100,350.9800,350.9800
1788356672,350.9600,351.0300,350.9100,351.0300
1788356673,351.0200,351.0200,350.9000,350.9200
1788356674,350.8700,350.9300,350.8600,350.8600
1788356675,350.8500,350.8500,350.8200,350.8400
1788356676,350.8700,350.8800,350.8700,350.8800
1788356677,350.8300,350.9700,350.7500,350.9700
1788356678,351.0100,351.0900,351.0100,351.0900
1788356679,351.1100,351.1700,351.1100,351.1700
1788356680,351.1700,351.1700,351.1700,351.1700
1788356681,351.1200,351.1400,350.9800,350.9800
1788356683,350.9100,350.9400,350.9100,350.9300
1788356684,350.9300,351.0000,350.9300,350.9600
1788356685,350.9900,351.1000,350.9900,351.1000
1788356686,351.0400,351.0400,350.9700,350.9700
1788356687,350.9900,350.9900,350.9400,350.9400
1788356688,350.9400,351.0400,350.9400,351.0400
1788356689,351.0100,351.0400,351.0100,351.0400
1788356690,351.0000,351.0000,350.9600,350.9900
1788356691,350.9900,350.9900,350.9100,350.9100
1788356692,350.9200,350.9200,350.7200,350.7200
1788356693,350.7100,350.7100,350.5800,350.6050
1788356694,350.6000,350.6000,350.6000,350.6000
1788356695,350.6400,350.6400,350.6400,350.6400
1788356696,350.7150,350.7150,350.7150,350.7150
1788356697,350.7100,350.7100,350.7100,350.7100
1788356698,350.7100,350.7100,350.7100,350.7100
1788356700,350.6600,350.6800,350.4900,350.5600
1788356701,350.5100,350.6200,350.5100,350.5800
1788356702,350.5700,350.6500,350.5400,350.6400
1788356703,350.6000,350.6000,350.4600,350.4700
1788356704,350.5000,350.5600,350.4400,350.5600
1788356705,350.5200,350.5200,350.4700,350.4700
1788356706,350.4700,350.4700,350.2400,350.2700
1788356707,350.3300,350.3300,350.3300,350.3300
1788356708,350.4000,350.4200,350.2800,350.2800
1788356709,350.2800,350.3500,350.2800,350.3500
1788356710,350.3150,350.3300,350.3150,350.3300
1788356711,350.3700,350.3800,350.3700,350.3800
1788356712,350.3600,350.3900,350.3300,350.3300
1788356713,350.3000,350.3000,350.2800,350.2800
1788356714,350.3300,350.4600,350.3300,350.4600
1788356715,350.5300,350.5700,350.4200,350.4200
1788356716,350.3800,350.4900,350.3800,350.4900
1788356717,350.4900,350.5100,350.4800,350.4800
1788356718,350.4400,350.4400,350.3300,350.4050
1788356719,350.4700,350.4700,350.4700,350.4700
1788356720,350.4450,350.4450,350.4450,350.4450
1788356722,350.4050,350.4050,350.4000,350.4000
1788356723,350.4000,350.4300,350.3400,350.4300
1788356724,350.4700,350.5000,350.4700,350.5000
1788356725,350.5000,350.5100,350.2700,350.2700
1788356726,350.2600,350.2600,350.1600,350.1800
1788356727,350.1800,350.2100,350.1800,350.2100
1788356728,350.2200,350.2200,350.1850,350.1850
1788356729,350.1500,350.1500,349.9200,350.0000
1788356730,350.0600,350.2500,350.0200,350.2400
1788356731,350.3000,350.4400,350.2500,350.4400
1788356732,350.4500,350.5700,350.4300,350.5600
1788356733,350.5500,350.5800,350.5500,350.5800
1788356734,350.5800,350.5800,350.5800,350.5800
1788356735,350.6000,350.7200,350.6000,350.7200
1788356736,350.7400,350.7400,350.7400,350.7400
1788356737,350.7500,350.8050,350.7000,350.7450
1788356738,350.7700,350.8000,350.7500,350.8000
1788356739,350.8400,350.8500,350.8400,350.8450
1788356740,350.9000,350.9000,350.8000,350.8000
1788356741,350.8600,350.9400,350.8600,350.9100
1788356743,350.8950,350.9100,350.8400,350.8400
1788356745,350.8700,350.8700,350.8000,350.8600
1788356746,350.9100,351.0000,350.9100,350.9200
1788356747,350.9300,350.9500,350.7000,350.7700
1788356748,350.7700,350.7800,350.6500,350.6700
1788356749,350.6400,350.6500,350.6400,350.6500
1788356750,350.6200,350.6700,350.6000,350.6700
1788356751,350.6900,350.7500,350.6900,350.7500
1788356752,350.6700,350.7200,350.6600,350.7200
1788356753,350.6300,350.7300,350.6300,350.7300
1788356754,350.7600,350.7600,350.7600,350.7600
1788356755,350.7600,350.7900,350.7600,350.7700
1788356756,350.7700,350.7700,349.9200,350.2200
1788356757,350.1900,350.3600,350.1900,350.3600
1788356758,350.3300,350.9100,350.2900,350.7300
1788356759,350.6700,350.7400,350.6200,350.7400
1788356760,350.6700,350.8100,350.6700,350.8000
1788356761,350.8650,350.8650,350.8200,350.8200
1788356762,350.8100,350.9200,350.8000,350.8000
1788356763,350.8700,350.8900,350.8300,350.8300
1788356764,350.8900,350.9100,350.8800,350.9100
1788356765,350.8200,350.8200,350.5900,350.5900
1788356766,350.5900,350.5900,350.5900,350.5900
1788356767,350.5500,350.5500,350.1900,350.1900
1788356768,350.2700,350.7400,350.2700,350.5000
1788356769,350.5700,350.5700,350.5700,350.5700
1788356770,350.5900,350.6600,350.5900,350.6600
1788356771,350.6600,350.6600,350.6300,350.6300
1788356772,350.6300,350.6300,350.5600,350.5600
1788356773,350.5500,350.5500,350.4200,350.4550
1788356774,350.4500,350.4600,350.4500,350.4600
1788356776,350.3600,350.3600,350.2500,350.3000
1788356777,350.3400,350.6000,350.3400,350.5000
1788356778,350.5000,350.5000,350.4900,350.4900
1788356779,350.5000,350.5000,350.5000,350.5000
1788356780,350.4500,350.4500,350.4500,350.4500
1788356781,350.3700,350.4150,350.3600,350.4150
1788356782,350.4800,350.5200,350.4800,350.4800
1788356783,350.5200,350.6000,350.5200,350.6000
1788356784,350.5000,350.5000,350.5000,350.5000
1788356785,350.5700,350.6050,350.5000,350.5000
1788356788,350.5700,350.5800,350.5400,350.5800
1788356789,350.5000,350.5000,350.4900,350.4900
1788356790,350.4500,350.4500,350.4400,350.4400
1788356791,350.4100,350.4300,350.3300,350.4300
1788356792,350.5150,350.5500,350.4600,350.5500
1788356793,350.5500,350.5900,350.5500,350.5500
1788356794,350.5900,350.5900,350.5600,350.5900
1788356795,350.5900,350.6300,350.5900,350.6300
1788356796,350.6000,350.6050,350.5600,350.5600
1788356797,350.5550,350.5550,350.5550,350.5550
1788356801,350.5600,350.5600,350.3500,350.3500
1788356802,350.3900,350.3900,350.2900,350.2900
1788356803,350.2800,350.3500,350.2000,350.3500
1788356804,350.3900,350.4600,350.3900,350.4600
1788356805,350.4700,350.5500,350.4700,350.5500
1788356806,350.6000,350.7000,350.6000,350.6400
1788356807,350.7400,350.8000,350.7400,350.7500
1788356808,350.7400,350.8600,350.7000,350.8600
1788356809,350.8900,350.9300,350.8900,350.9200
1788356810,350.9200,350.9500,350.9200,350.9500
1788356811,350.9900,351.0900,350.9900,351.0800
1788356813,351.0000,351.0000,350.9200,350.9200
1788356814,350.9100,350.9100,350.8750,350.8750
1788356815,350.8700,350.9300,350.8700,350.9300
1788356816,350.8700,350.8700,350.8600,350.8600
1788356817,350.9600,350.9800,350.8800,350.8800
1788356820,350.8800,350.9600,350.8700,350.9300
1788356821,350.9300,350.9300,350.9300,350.9300
1788356822,350.9800,351.0000,350.9400,350.9400
1788356823,351.0100,351.1000,351.0100,351.1000
1788356824,351.0900,351.1200,351.0700,351.1200
1788356825,351.1700,351.2200,351.1700,351.2000
1788356826,351.1700,351.2200,351.1700,351.2200
1788356827,351.2100,351.2100,351.2100,351.2100
1788356828,351.1900,351.1900,351.1200,351.1750
1788356829,351.1800,351.2500,351.1300,351.2300
1788356830,351.2800,351.4200,351.2800,351.3800
1788356831,351.3800,351.3800,351.3400,351.3400
1788356832,351.3800,351.4300,351.2900,351.4300
1788356833,351.4100,351.4500,351.4000,351.4500
1788356835,351.3600,351.4600,351.3500,351.4600
1788356836,351.4600,351.4600,351.4300,351.4300
1788356837,351.4200,351.4500,351.4000,351.4300
1788356838,351.4700,351.5300,351.4500,351.5300
1788356839,351.5300,351.5300,351.5100,351.5100
1788356840,351.5100,351.6300,351.5100,351.6300
1788356841,351.6100,351.6600,351.5600,351.6100
1788356842,351.6500,351.8300,351.6500,351.8300
1788356844,351.8150,351.8150,351.6700,351.7200
1788356845,351.7200,351.7400,351.6800,351.6900
1788356846,351.6600,351.6600,351.6100,351.6100
1788356847,351.5900,351.6600,351.5500,351.6600
1788356848,351.6700,351.7500,351.6700,351.7500
1788356849,351.7700,351.8000,351.7000,351.8000
1788356850,351.8200,351.8700,351.7900,351.8700
1788356851,351.8900,351.8900,351.8400,351.8800
1788356852,351.8600,351.8600,351.7500,351.8000
1788356853,351.8150,351.8800,351.8000,351.8200
1788356854,351.8700,351.9600,351.8700,351.9400
1788356855,351.9650,352.0200,351.9650,351.9800
1788356856,351.9600,351.9600,351.8700,351.9200
1788356857,351.8800,351.9100,351.8800,351.8800
1788356858,351.8800,351.8800,351.8400,351.8400
1788356859,351.9100,351.9200,351.7700,351.8250
1788356860,351.8250,351.8800,351.8250,351.8800
1788356861,351.8700,351.8700,351.8100,351.8500
1788356862,351.8000,351.8050,351.7300,351.7800
1788356863,351.7950,351.8300,351.7200,351.7200
1788356864,351.7400,351.8000,351.6900,351.7700
1788356865,351.8400,351.8400,351.7900,351.7900
1788356866,351.8000,351.8300,351.7400,351.7400
1788356867,351.7700,351.7700,351.7700,351.7700
1788356868,351.7700,351.8500,351.5500,351.7800
1788356869,351.7400,351.8300,351.7300,351.8300
1788356870,351.7500,351.7500,351.7500,351.7500
1788356871,351.6800,351.7900,351.6800,351.7400
1788356872,351.6800,351.7400,351.6600,351.7400
1788356873,351.7400,351.7400,351.6600,351.6700
1788356874,351.6600,351.7300,351.6600,351.7300
1788356875,351.7300,351.7600,351.7000,351.7600
1788356876,351.7600,351.7600,351.7600,351.7600
1788356877,351.7600,352.0900,351.7600,352.0900
1788356878,352.0750,352.0750,351.9700,351.9700
1788356879,351.9400,351.9500,351.8800,351.9500
1788356880,351.8700,351.8800,351.8600,351.8800
1788356881,351.8550,351.9100,351.8400,351.8400
1788356882,351.8200,351.9200,351.8200,351.9200
1788356883,351.9200,351.9200,351.9200,351.9200
1788356884,351.9200,351.9900,351.8600,351.9900
1788356885,351.9600,351.9600,351.8900,351.9000
1788356887,351.9500,351.9700,351.7700,351.7700
1788356888,351.7500,351.8400,351.5100,351.5100
1788356889,351.5300,351.5300,351.5300,351.5300
1788356890,351.6400,351.6600,351.6400,351.6600
1788356891,351.6600,351.6600,351.6000,351.6000
1788356892,351.6600,351.8000,351.6600,351.8000
1788356893,351.7500,351.7600,351.6400,351.6500
1788356894,351.7400,351.7500,351.7400,351.7500
1788356896,351.6900,351.6900,351.6800,351.6800
1788356897,351.7400,351.7500,351.7150,351.7150
1788356898,351.7150,351.7500,351.6800,351.7500
1788356899,351.8100,351.8100,351.8100,351.8100
1788356900,351.7850,351.8000,351.7850,351.8000
1788356901,351.8200,351.8400,351.8150,351.8150
1788356902,351.8600,351.9700,351.8600,351.9600
1788356903,351.9350,351.9350,351.8800,351.8800
1788356904,351.8600,351.8600,351.8400,351.8400
1788356906,351.8600,351.8600,351.8100,351.8100
1788356907,351.8100,351.8100,351.7200,351.7500
1788356908,351.7300,351.7300,351.7000,351.7000
1788356909,351.7600,351.7900,351.7400,351.7400
1788356910,351.7700,351.7700,351.3200,351.3700
1788356911,351.3600,351.3600,351.3100,351.3100
1788356912,351.2900,351.3800,351.2900,351.3000
1788356913,351.3900,351.4100,351.3200,351.4100
1788356914,351.3600,351.3900,351.3500,351.3500
1788356915,351.3900,351.3900,351.3900,351.3900
1788356916,351.4000,351.4200,351.3300,351.3300
1788356917,351.4300,351.4700,351.4300,351.4700
1788356918,351.4900,351.4900,351.4000,351.4500
1788356919,351.4900,351.5200,351.4900,351.4900
1788356920,351.4900,351.4900,351.4300,351.4900
1788356921,351.4100,351.4500,351.4100,351.4500
1788356922,351.4000,351.4000,351.3100,351.3400
1788356923,351.3100,351.3100,351.2600,351.2600
1788356924,351.3400,351.3500,351.2500,351.2500
1788356925,351.3000,351.3500,351.2900,351.2900
1788356926,351.3000,351.3000,351.2100,351.2100
1788356927,351.2000,351.2000,351.2000,351.2000
1788356928,351.1900,351.2000,351.1600,351.1900
1788356929,351.1700,351.1800,351.1600,351.1700
1788356930,351.1500,351.2100,351.1200,351.1200
1788356931,351.1300,351.1300,351.1300,351.1300
1788356932,351.1700,351.2500,351.1700,351.2500
1788356933,351.2500,351.3100,351.2500,351.2900
1788356934,351.2300,351.2300,351.2200,351.2200
1788356935,351.2000,351.2000,351.2000,351.2000
1788356936,351.2400,351.2500,351.2150,351.2500
1788356937,351.2600,351.2900,351.1500,351.1500
1788356938,351.1500,351.1500,351.1400,351.1400
1788356939,351.1900,351.3100,351.1900,351.3100
1788356940,351.2700,351.2700,351.2400,351.2400
1788356941,351.2750,351.3100,351.2750,351.3100
1788356942,351.3100,351.4000,351.3000,351.4000
1788356943,351.4100,351.4700,351.4100,351.4700
1788356945,351.5000,351.6100,351.5000,351.6100
1788356946,351.6100,351.6100,351.5650,351.5650
1788356947,351.5300,351.5400,351.4100,351.5200
1788356948,351.5400,351.5400,351.5400,351.5400
1788356949,351.5400,351.5400,351.5400,351.5400
1788356950,351.4800,351.4800,351.4600,351.4600
1788356952,351.5300,351.5300,351.5000,351.5000
1788356953,351.5400,351.5400,351.3900,351.3900
1788356954,351.4550,351.4550,351.4550,351.4550
1788356955,351.4400,351.5000,351.4400,351.5000
1788356956,351.5000,351.5050,351.5000,351.5050
1788356958,351.5100,351.5100,351.4400,351.4400
1788356960,351.5500,351.7500,351.5500,351.7500
1788356961,351.8200,351.9500,351.8200,351.9500
1788356962,351.9800,352.0800,351.9800,352.0100
1788356963,352.0100,352.0100,351.7750,351.7750
1788356965,351.7000,351.7300,351.6800,351.7300
1788356966,351.6800,351.7500,351.6500,351.6500
1788356969,351.6100,351.6100,351.6100,351.6100
1788356971,351.6900,351.7600,351.6900,351.7200
1788356972,351.7100,351.7100,351.7100,351.7100
1788356974,351.7500,351.7900,351.7500,351.7900
1788356976,351.8200,352.0500,351.8200,352.0500
1788356978,352.0300,352.0300,352.0300,352.0300
1788356979,352.0800,352.0800,351.8700,351.8700
1788356980,351.7800,351.7800,351.7800,351.7800
1788356981,351.8400,351.8500,351.8400,351.8500
1788356982,351.8800,351.8900,351.8100,351.8100
1788356983,351.7700,351.7700,351.7300,351.7600
1788356984,351.7600,351.7600,351.6000,351.6400
1788356985,351.6550,351.6550,351.6550,351.6550
1788356986,351.5900,351.7500,351.5900,351.7500
1788356987,351.6800,351.6800,351.6600,351.6600
1788356988,351.6400,351.6400,351.6400,351.6400
1788356989,351.6300,351.6300,351.5800,351.6100
1788356990,351.5600,351.5600,351.5200,351.5200
1788356991,351.5300,351.5300,351.4800,351.4800
1788356992,351.4700,351.5100,351.4600,351.4600
1788356993,351.4900,351.4900,351.4700,351.4700
1788356994,351.4500,351.4500,351.3400,351.3400
1788356995,351.3200,351.4600,351.3000,351.4600
1788356998,351.5100,351.5900,351.5100,351.5800
1788356999,351.6100,351.6100,351.6100,351.6100
1788357000,351.6600,351.7100,351.6600,351.7100
1788357001,351.7500,351.7800,351.7400,351.7700
1788357002,351.8000,351.8100,351.7600,351.8100
1788357003,351.7700,351.8100,351.7600,351.8100
1788357004,351.8400,351.8400,351.8400,351.8400
1788357005,351.8800,351.9000,351.8400,351.9000
1788357006,351.8850,351.8850,351.8850,351.8850
1788357008,351.9100,351.9600,351.8800,351.9500
1788357009,351.9800,352.1000,351.9800,352.0350
1788357010,352.1000,352.1300,352.1000,352.1300
1788357011,352.0800,352.0800,351.9100,351.9100
1788357012,352.0100,352.0400,352.0100,352.0400
1788357013,351.9800,351.9800,351.8700,351.9500
1788357015,351.9500,351.9700,351.9000,351.9000
1788357016,351.8600,351.8800,351.8300,351.8300
1788357017,351.8900,351.9000,351.8900,351.9000
1788357018,351.9600,351.9900,351.9600,351.9900
1788357019,351.9800,351.9800,351.9800,351.9800
1788357020,351.9800,352.0400,351.9800,352.0400
1788357022,351.9750,351.9750,351.8400,351.8400
1788357023,351.9000,351.9700,351.7300,351.7300
1788357024,351.7250,351.7250,351.6600,351.6700
1788357025,351.7400,351.7500,351.7400,351.7500
1788357026,351.8100,351.8700,351.7900,351.8700
1788357027,351.8700,351.8700,351.8600,351.8600
1788357028,351.9400,351.9400,351.9400,351.9400
1788357029,351.9700,351.9800,351.9700,351.9800
1788357030,351.9200,351.9800,351.9200,351.9800
1788357031,351.9700,351.9700,351.9400,351.9400
1788357032,351.9300,351.9700,351.9100,351.9700
1788357034,351.8600,351.8600,351.8500,351.8500
1788357035,351.8450,351.9100,351.8450,351.9100
1788357036,351.8400,352.0400,351.8400,352.0400
1788357037,352.0900,352.1500,352.0900,352.1500
1788357038,352.1600,352.1600,352.1000,352.1000
1788357039,352.1700,352.2200,352.1700,352.2200
1788357040,352.2400,352.2700,352.1400,352.1900
1788357042,352.1750,352.1750,352.1750,352.1750
1788357043,352.1850,352.2700,352.0900,352.2700
1788357044,352.1900,352.1900,352.1200,352.1200
1788357045,352.1900,352.1900,352.1600,352.1600
1788357047,352.1700,352.2100,352.1500,352.2100
1788357048,352.2100,352.2100,352.2100,352.2100
1788357049,352.1600,352.2700,352.1500,352.2700
1788357050,352.2000,352.2000,352.2000,352.2000
1788357051,352.2500,352.2700,352.2500,352.2700
1788357052,352.2500,352.2500,352.1600,352.1600
1788357053,352.1950,352.1950,352.1950,352.1950
1788357054,352.1700,352.2300,352.1600,352.2300
1788357055,352.2350,352.2600,352.2350,352.2600
1788357056,352.2400,352.3500,352.2300,352.3500
1788357057,352.3200,352.3200,352.3000,352.3000
1788357058,352.3100,352.3100,352.3100,352.3100
1788357059,352.3600,352.3600,352.3600,352.3600
1788357061,352.3100,352.3700,352.3000,352.3600
1788357062,352.3300,352.3300,352.2900,352.2900
1788357063,352.2700,352.3200,352.2700,352.3200
1788357064,352.2900,352.3100,352.2400,352.2600
1788357065,352.2600,352.2600,352.2600,352.2600
1788357066,352.2600,352.2600,352.2600,352.2600
1788357067,352.2400,352.2400,352.1500,352.2100
1788357068,352.2000,352.2600,352.1600,352.1600
1788357069,352.1500,352.1500,352.1500,352.1500
1788357071,352.1600,352.2300,352.1600,352.2300
1788357073,352.2100,352.2100,352.1900,352.1900
1788357074,352.1800,352.2200,352.1800,352.2200
1788357076,352.1500,352.1750,352.1400,352.1600
1788357077,352.1600,352.1700,352.0300,352.0300
1788357078,352.0400,352.0600,352.0400,352.0600
1788357079,352.0900,352.1200,352.0900,352.0900
1788357080,352.0900,352.1200,352.0900,352.1000
1788357081,352.1000,352.1000,352.1000,352.1000
1788357082,352.0900,352.1900,352.0900,352.1900
1788357084,352.1400,352.1400,352.1000,352.1400
1788357085,352.0600,352.0600,351.8900,351.9600
1788357086,351.9700,352.0400,351.9700,352.0400
1788357087,352.0600,352.0900,352.0600,352.0800
1788357088,352.0700,352.0700,352.0500,352.0500
1788357089,352.0700,352.1600,352.0700,352.1600
1788357090,352.1200,352.1700,352.1200,352.1700
1788357091,352.1500,352.1800,352.1500,352.1800
1788357092,352.1300,352.1300,352.0000,352.0000
1788357093,351.9200,351.9200,351.9200,351.9200
1788357094,351.9100,351.9200,351.9100,351.9200
1788357095,351.9600,351.9700,351.9550,351.9550
1788357096,351.9300,351.9300,351.9300,351.9300
1788357097,351.9400,351.9400,351.9400,351.9400
1788357099,351.9400,352.0200,351.9400,352.0200
1788357100,351.9900,351.9900,351.9900,351.9900
1788357103,352.0400,352.0400,351.9000,351.9000
1788357106,351.9300,351.9600,351.9200,351.9500
1788357107,351.9600,351.9600,351.9400,351.9400
1788357109,351.9200,351.9300,351.9200,351.9300
1788357110,351.8800,351.8800,351.8800,351.8800
1788357112,351.8800,351.8800,351.8700,351.8700
1788357113,351.8700,351.8700,351.8300,351.8300
1788357114,351.7900,351.7900,351.7900,351.7900
1788357116,351.8200,351.9300,351.8200,351.9300
1788357117,351.8300,351.8300,351.8300,351.8300
1788357118,351.8300,351.8300,351.8300,351.8300
1788357119,351.9050,351.9050,351.9000,351.9050
1788357120,351.9200,351.9600,351.9200,351.9500
1788357122,351.9700,351.9900,351.9700,351.9900
1788357123,351.9900,352.0000,351.9900,352.0000
1788357124,352.0250,352.0700,352.0250,352.0700
1788357125,352.0200,352.0600,352.0200,352.0600
1788357126,352.0900,352.0900,352.0900,352.0900
1788357128,352.2000,352.2800,352.1200,352.1400
1788357129,352.1600,352.1600,352.1600,352.1600
1788357130,352.1800,352.1900,352.1800,352.1900
1788357131,352.1800,352.1800,352.1800,352.1800
1788357132,352.1300,352.2000,352.1300,352.1900
1788357133,352.1300,352.1300,351.9100,351.9500
1788357134,351.9600,351.9600,351.9600,351.9600
1788357136,352.0000,352.0000,351.9500,351.9500
1788357137,351.9100,351.9300,351.9000,351.9300
1788357138,351.8900,351.9100,351.8700,351.9100
1788357139,351.9900,352.0200,351.9900,352.0200
1788357141,352.0750,352.0800,352.0750,352.0800
1788357143,352.0900,352.2000,352.0900,352.1900
1788357144,352.1200,352.1500,352.0900,352.1400
1788357146,352.1700,352.2400,352.1700,352.2400
1788357148,352.2500,352.2500,352.2200,352.2200
1788357149,352.2600,352.5000,352.2600,352.4200
1788357150,352.3900,352.3900,352.3900,352.3900
1788357151,352.3600,352.3900,352.3500,352.3900
1788357152,352.4200,352.4200,351.9700,351.9700
1788357153,351.9950,352.0300,351.9600,351.9600
1788357155,352.0400,352.1800,352.0400,352.1800
1788357156,352.1950,352.3400,352.1950,352.2100
1788357162,352.2500,352.2500,352.2400,352.2400
1788357163,352.2100,352.2100,352.2000,352.2000
1788357164,352.2500,352.2800,352.2500,352.2800
1788357165,352.2900,352.3100,352.2900,352.3000
1788357166,352.3100,352.3100,352.3100,352.3100
1788357167,352.2700,352.3300,352.2700,352.3300
1788357168,352.3100,352.3100,352.3000,352.3000
1788357170,352.3500,352.4200,352.3500,352.4200
1788357171,352.4300,352.4500,352.4300,352.4500
1788357173,352.4700,352.5900,352.4700,352.5000
1788357174,352.5200,352.5300,352.4300,352.4300
1788357175,352.4600,352.4800,352.4600,352.4800
1788357176,352.4600,352.4900,352.4600,352.4900
1788357177,352.5000,352.5400,352.5000,352.5400
1788357179,352.4900,352.5500,352.4300,352.5500
1788357180,352.5400,352.6300,352.5400,352.6300
1788357183,352.5100,352.5100,352.5000,352.5000
1788357184,352.5200,352.6000,352.5200,352.6000
1788357186,352.6200,352.6500,352.5900,352.5900
1788357187,352.6400,352.6400,352.6400,352.6400
1788357188,352.6400,352.6600,352.6200,352.6600
1788357189,352.6700,352.7200,352.6700,352.7200
1788357190,352.7200,352.7200,352.7200,352.7200
1788357191,352.6900,352.6900,352.6850,352.6850
1788357192,352.6900,352.6900,352.6700,352.6700
1788357194,352.7100,352.7600,352.7100,352.7600
1788357195,352.7700,352.8500,352.7700,352.8400
1788357196,352.8700,352.9300,352.7700,352.7700
1788357197,352.7800,352.9600,352.7800,352.9600
1788357198,352.9100,352.9100,352.9100,352.9100
1788357200,352.8500,352.8500,352.8200,352.8500
1788357201,352.9100,352.9400,352.9100,352.9400
1788357202,352.8500,352.8500,352.8400,352.8400
1788357203,352.9200,352.9200,352.9000,352.9000
1788357204,352.8800,352.8800,352.8400,352.8600
1788357205,352.8350,352.8350,352.8350,352.8350
1788357206,352.8000,352.8000,352.7600,352.7950
1788357207,352.7950,352.7950,352.7700,352.7900
1788357208,352.7700,352.8000,352.7700,352.8000
1788357209,352.8300,352.8300,352.8100,352.8100
1788357210,352.7600,352.7600,352.7300,352.7300
1788357211,352.7000,352.7000,352.6300,352.6300
1788357212,352.6400,352.6400,352.5700,352.5700
1788357214,352.6300,352.6300,352.5500,352.5500
1788357215,352.5500,352.5500,352.5400,352.5400
1788357216,352.5800,352.6200,352.5800,352.5900
1788357217,352.6300,352.6500,352.5600,352.5600
1788357218,352.5500,352.5600,352.5100,352.5600
1788357219,352.5650,352.6500,352.5650,352.6500
1788357222,352.6300,352.6400,352.6300,352.6400
1788357223,352.6200,352.6200,352.6200,352.6200
1788357224,352.6200,352.6500,352.6200,352.6500
1788357226,352.6500,352.6500,352.6500,352.6500
1788357227,352.6600,352.6900,352.6400,352.6400
1788357228,352.6700,352.6700,352.5800,352.5800
1788357229,352.6000,352.6300,352.6000,352.6200
1788357231,352.6400,352.6400,352.6400,352.6400
1788357232,352.6500,352.6700,352.6300,352.6700
1788357233,352.7100,352.7100,352.7100,352.7100
1788357234,352.6900,352.6900,352.6900,352.6900
1788357235,352.6700,352.6700,352.5300,352.5500
1788357237,352.5100,352.5100,352.4600,352.5000
1788357238,352.5100,352.5100,352.5100,352.5100
1788357239,352.5000,352.5000,352.5000,352.5000
1788357240,352.5100,352.5100,352.4500,352.4500
1788357241,352.4300,352.5100,352.4300,352.5100
1788357242,352.5100,352.5100,352.4400,352.4400
1788357244,352.4900,352.4900,352.4900,352.4900
1788357245,352.4900,352.5000,352.4900,352.5000
1788357246,352.4800,352.4800,352.4800,352.4800
1788357249,352.4900,352.4900,352.4200,352.4200
1788357250,352.4100,352.4100,352.3600,352.3600
1788357251,352.3900,352.4000,352.3900,352.4000
1788357252,352.4200,352.4600,352.1800,352.1900
1788357253,352.1500,352.1500,352.0100,352.0700
1788357254,352.0200,352.0200,351.9300,352.0000
1788357256,352.0500,352.1000,352.0300,352.0800
1788357257,352.0900,352.1600,352.0900,352.1600
1788357258,352.2100,352.2100,352.2100,352.2100
1788357259,352.1700,352.1700,352.1400,352.1400
1788357260,352.1800,352.2500,352.1800,352.2500
1788357261,352.2700,352.3300,352.2700,352.3300
1788357264,352.2900,352.3050,352.2800,352.2800
1788357265,352.2800,352.2800,352.2100,352.2100
1788357266,352.2500,352.3500,352.2500,352.3500
1788357267,352.3400,352.3800,352.1800,352.1800
1788357268,352.1800,352.1800,352.1300,352.1300
1788357270,352.2100,352.2900,352.2100,352.2900
1788357271,352.3000,352.3300,352.3000,352.3300
1788357273,352.3200,352.3200,352.3200,352.3200
1788357274,352.3800,352.3800,352.3600,352.3600
1788357275,352.3800,352.4000,352.3700,352.3700
1788357277,352.3750,352.3750,352.3700,352.3700
1788357278,352.3100,352.3350,352.3000,352.3350
1788357280,352.4100,352.4100,352.3300,352.3300
1788357282,352.3400,352.3400,352.3400,352.3400
1788357283,352.3800,352.3800,352.3800,352.3800
1788357284,352.3800,352.3800,352.3500,352.3500
1788357285,352.3800,352.4500,352.3800,352.4500
1788357287,352.4500,352.4500,352.4500,352.4500
1788357288,352.4100,352.4100,352.4000,352.4000
1788357289,352.4500,352.5100,352.4100,352.4800
1788357290,352.4600,352.4700,352.4600,352.4700
1788357291,352.4600,352.4600,352.3800,352.3800
1788357292,352.4500,352.4500,352.4500,352.4500
1788357293,352.4500,352.4500,352.4250,352.4250
1788357294,352.4900,352.4900,352.4900,352.4900
1788357297,352.4000,352.4000,352.4000,352.4000
1788357298,352.4000,352.4000,352.4000,352.4000
1788357301,352.4100,352.4400,352.3500,352.3700
1788357302,352.3900,352.4000,352.3900,352.4000
1788357303,352.4200,352.6000,352.4200,352.5600
1788357306,352.5450,352.5450,352.5450,352.5450
1788357307,352.5100,352.5100,352.4900,352.4900
1788357309,352.5500,352.5900,352.5500,352.5700
1788357311,352.5700,352.7100,352.5700,352.7100
1788357312,352.6700,352.6700,352.6400,352.6400
1788357313,352.5700,352.5700,352.4900,352.5200
1788357314,352.5500,352.5500,352.5500,352.5500
1788357315,352.5100,352.5100,352.5000,352.5000
1788357316,352.5000,352.5000,352.5000,352.5000
1788357317,352.4700,352.4700,352.4000,352.4000
1788357318,352.4800,352.4800,352.4800,352.4800
1788357320,352.5200,352.5200,352.5200,352.5200
1788357321,352.5200,352.5200,352.5200,352.5200
1788357322,352.5700,352.6700,352.5700,352.6700
1788357323,352.6300,352.6300,352.6300,352.6300
1788357324,352.6600,352.6600,352.6600,352.6600
1788357325,352.6700,352.6900,352.6700,352.6900
1788357326,352.6600,352.6600,352.5700,352.5700
1788357327,352.5600,352.5600,352.5000,352.5000
1788357329,352.5200,352.5200,352.4900,352.4900
1788357330,352.4900,352.5000,352.4900,352.5000
1788357334,352.5000,352.5000,352.5000,352.5000
1788357335,352.5000,352.5000,352.5000,352.5000
1788357336,352.5400,352.5500,352.5000,352.5250
1788357337,352.5000,352.5000,352.5000,352.5000
1788357338,352.4900,352.4900,352.4700,352.4700
1788357340,352.5200,352.6500,352.5200,352.6500
1788357341,352.6900,352.7400,352.5900,352.5900
1788357345,352.6000,352.6000,352.6000,352.6000
1788357348,352.5900,352.5900,352.5600,352.5600
1788357349,352.5600,352.5600,352.4900,352.4900
1788357350,352.5150,352.5150,352.3800,352.3800
1788357352,352.3500,352.3900,352.3400,352.3900
1788357353,352.4200,352.4500,352.4200,352.4500
1788357354,352.4400,352.4800,352.4400,352.4800
1788357356,352.5000,352.5100,352.5000,352.5050
1788357358,352.4700,352.4700,352.4600,352.4600
1788357359,352.5100,352.5100,352.4900,352.4900
1788357361,352.4700,352.4700,352.4600,352.4600
1788357362,352.4600,352.4600,352.4100,352.4100
1788357363,352.4000,352.4000,352.1200,352.2000
1788357364,352.1900,352.2400,352.1600,352.2400
1788357365,352.2100,352.2200,352.1700,352.1700
1788357366,352.1400,352.1900,352.1400,352.1900
1788357371,352.2000,352.2200,352.2000,352.2200
1788357372,352.1600,352.1600,352.0700,352.0700
1788357373,352.0500,352.1100,352.0100,352.1100
1788357374,352.1400,352.2600,352.1300,352.2600
1788357375,352.2700,352.2700,352.2600,352.2600
1788357376,352.1800,352.1800,352.1800,352.1800
1788357377,352.2300,352.2300,352.2300,352.2300
1788357378,352.2600,352.3000,352.2600,352.3000
1788357379,352.3000,352.3400,352.2900,352.3000
1788357381,352.3200,352.3200,352.3200,352.3200
1788357382,352.3200,352.3200,352.2900,352.2900
1788357383,352.2500,352.3000,352.2400,352.3000
1788357385,352.2400,352.2400,352.2300,352.2300
1788357386,352.2300,352.2300,352.2300,352.2300
1788357388,352.2100,352.2100,352.1700,352.1700
1788357389,352.1600,352.1600,352.1600,352.1600
1788357390,352.1500,352.2800,352.1500,352.2800
1788357391,352.2800,352.3200,352.2800,352.3200
1788357393,352.2700,352.2700,352.2300,352.2400
1788357394,352.2000,352.2000,352.1800,352.1800
1788357395,352.2100,352.2500,352.2100,352.2500
1788357396,352.2300,352.3000,352.2300,352.3000
1788357397,352.2400,352.3000,352.2400,352.3000
1788357398,352.2550,352.2550,352.2550,352.2550
1788357399,352.2500,352.2500,352.2100,352.2100
1788357403,352.1900,352.1900,352.1000,352.1000
1788357405,352.2000,352.2000,352.2000,352.2000
1788357408,352.1250,352.1250,352.1250,352.1250
1788357410,352.0900,352.0900,351.9100,351.9100
1788357412,351.9800,351.9800,351.9100,351.9300
1788357413,351.9100,351.9400,351.8700,351.9400
1788357414,351.9400,351.9500,351.9400,351.9500
1788357416,351.9400,351.9400,351.9400,351.9400
1788357418,351.9600,352.0100,351.9600,352.0100
1788357419,352.0500,352.2000,352.0250,352.0250
1788357421,352.1100,352.1100,352.0300,352.0800
1788357422,352.1000,352.2000,352.1000,352.2000
1788357425,352.1300,352.1300,352.1300,352.1300
1788357426,352.1300,352.1300,352.1300,352.1300
1788357429,352.1200,352.1200,352.1200,352.1200
1788357430,352.1000,352.1000,352.1000,352.1000
1788357431,352.0400,352.0400,351.9400,351.9400
1788357432,351.9600,351.9600,351.9600,351.9600
1788357433,351.9500,351.9500,351.9500,351.9500
1788357435,351.9150,351.9500,351.9150,351.9500
1788357438,351.9500,351.9500,351.9500,351.9500
1788357440,351.9200,351.9800,351.8700,351.9800
1788357442,351.9800,352.0300,351.9000,351.9400
1788357444,351.9900,352.0100,351.9900,352.0100
1788357445,352.0800,352.1400,352.0800,352.1400
1788357446,352.1900,352.2000,352.1400,352.2000
1788357447,352.2000,352.2000,352.1400,352.1400
1788357449,352.1350,352.1350,352.1350,352.1350
1788357450,352.0700,352.0700,352.0700,352.0700
1788357455,352.1100,352.1100,352.1000,352.1000
1788357457,352.1100,352.1500,352.1100,352.1500
1788357458,352.1500,352.2000,352.1500,352.2000
1788357459,352.1400,352.1400,352.1400,352.1400
1788357460,352.1100,352.1600,352.1100,352.1600
1788357461,352.1800,352.1900,352.1800,352.1900
1788357464,352.1700,352.1700,352.1700,352.1700
1788357465,352.2000,352.2500,352.2000,352.2500
1788357466,352.2600,352.2600,352.1800,352.2500
1788357470,352.2600,352.2600,352.2400,352.2400
1788357471,352.2200,352.2250,352.1800,352.1800
1788357473,352.2300,352.2400,352.2300,352.2400
1788357474,352.3100,352.3200,352.3100,352.3200
1788357475,352.3500,352.3700,352.3300,352.3700
1788357477,352.3200,352.3200,352.3200,352.3200
1788357478,352.3200,352.3700,352.3200,352.3700
1788357479,352.2700,352.2700,352.2250,352.2250
1788357480,352.2800,352.3400,352.2800,352.3400
1788357481,352.3500,352.3500,352.3500,352.3500
1788357484,352.3900,352.3900,352.3600,352.3700
1788357485,352.4000,352.4700,352.4000,352.4700
1788357487,352.4350,352.6200,352.4350,352.6200
1788357488,352.5900,352.5900,352.5900,352.5900
1788357489,352.5600,352.5600,352.5500,352.5500
1788357490,352.4900,352.4900,352.4900,352.4900
1788357492,352.4000,352.4000,352.3700,352.3700
1788357493,352.3600,352.3600,352.3100,352.3100
1788357494,352.2800,352.2800,352.2600,352.2600
1788357495,352.2600,352.2600,352.2200,352.2300
1788357496,352.2800,352.3300,352.2800,352.3300
1788357497,352.3300,352.3400,352.3200,352.3400
1788357498,352.2900,352.3500,352.2900,352.3500
1788357499,352.3250,352.3250,352.3250,352.3250
1788357503,352.3200,352.3200,352.2700,352.3100
1788357504,352.3300,352.3300,352.3300,352.3300
1788357506,352.3200,352.3200,352.3200,352.3200
1788357507,352.3600,352.3700,352.3600,352.3700
1788357508,352.3200,352.3200,352.3200,352.3200
1788357509,352.3000,352.3050,352.1500,352.1500
1788357510,352.1750,352.1750,352.1700,352.1700
1788357511,352.2200,352.2200,352.2200,352.2200
1788357512,352.1500,352.1500,352.1400,352.1400
1788357513,352.1350,352.2300,352.1200,352.1200
1788357514,352.1400,352.2400,352.1400,352.1800
1788357517,352.2500,352.2800,352.2500,352.2800
1788357518,352.2300,352.2300,352.2300,352.2300
1788357523,352.2600,352.4300,352.2600,352.4300
1788357524,352.3700,352.3700,352.3300,352.3350
1788357525,352.3400,352.3400,352.3400,352.3400
1788357526,352.4100,352.4600,352.4100,352.4600
1788357527,352.4600,352.4600,352.4600,352.4600
1788357528,352.4600,352.4600,352.4600,352.4600
1788357529,352.4000,352.4700,352.4000,352.4700
1788357532,352.4200,352.4200,352.3500,352.3500
1788357533,352.3400,352.3400,352.3400,352.3400
1788357535,352.3300,352.3300,352.3200,352.3200
1788357537,352.3200,352.3200,352.3200,352.3200
1788357538,352.3100,352.3600,352.2800,352.3600
1788357539,352.3700,352.3900,352.3700,352.3900
1788357541,352.3300,352.3300,352.3300,352.3300
1788357544,352.3550,352.3700,352.3550,352.3700
1788357547,352.3200,352.3300,352.3200,352.3300
1788357549,352.3200,352.3400,352.3200,352.3400
1788357550,352.2800,352.2800,351.9600,352.0200
1788357553,352.0600,352.0600,352.0000,352.0000
1788357554,351.9900,351.9900,351.9900,351.9900
1788357556,352.0000,352.0300,351.9900,351.9900
1788357558,352.0400,352.0900,352.0400,352.0900
1788357559,352.0200,352.0200,352.0200,352.0200
1788357560,352.0400,352.0400,352.0400,352.0400
1788357561,352.0400,352.0400,352.0400,352.0400
1788357563,352.0400,352.0400,352.0400,352.0400
1788357564,352.0300,352.0300,352.0300,352.0300
1788357565,352.0400,352.0400,352.0000,352.0000
1788357566,352.0100,352.0100,351.8500,351.8600
1788357567,351.8800,351.9300,351.8650,351.9300
1788357568,351.9000,351.9000,351.9000,351.9000
1788357569,351.8800,351.8800,351.8800,351.8800
1788357570,351.9000,351.9800,351.9000,351.9800
1788357572,351.9600,351.9600,351.8600,351.9200
1788357573,351.8600,351.9000,351.8000,351.9000
1788357575,351.8800,351.8800,351.8800,351.8800
1788357576,351.8700,351.8700,351.8700,351.8700
1788357578,351.8400,351.8400,351.8400,351.8400
1788357579,351.8000,351.8000,351.7300,351.7600
1788357580,351.8000,351.8000,351.8000,351.8000
1788357581,351.8000,351.8200,351.7800,351.7800
1788357582,351.7800,351.8000,351.7300,351.7300
1788357583,351.7550,351.7550,351.6300,351.6300
1788357584,351.6200,351.6200,351.5800,351.5800
1788357585,351.5700,351.5700,351.5100,351.5300
1788357586,351.5300,351.6100,351.5000,351.5600
1788357589,351.5300,351.5300,351.5300,351.5300
1788357590,351.5300,351.6100,351.5000,351.5700
1788357591,351.5800,351.5900,351.5800,351.5800
1788357592,351.5500,351.6000,351.5200,351.6000
1788357593,351.6100,351.6300,351.5200,351.5600
1788357594,351.6400,351.7000,351.6400,351.7000
1788357595,351.7750,351.7800,351.7300,351.7800
1788357596,351.7300,351.7300,351.6700,351.6700
1788357597,351.7400,351.7400,351.7400,351.7400
1788357599,351.7400,351.8200,351.7350,351.7350
1788357601,351.6900,351.6900,351.5900,351.6300
1788357602,351.5700,351.5700,351.5500,351.5500
1788357603,351.5450,351.5900,351.5450,351.5900
1788357604,351.5100,351.5400,351.4800,351.5050
1788357605,351.5600,351.5900,351.5300,351.5300
1788357607,351.5300,351.6000,351.5100,351.5100
1788357610,351.5600,351.6000,351.5600,351.5600
1788357611,351.6300,351.6600,351.5600,351.5600
1788357613,351.6000,351.6300,351.5800,351.6300
1788357615,351.6600,351.6600,351.6600,351.6600
1788357616,351.5800,351.6100,351.5600,351.6100
1788357617,351.6100,351.6100,351.6100,351.6100
1788357618,351.6100,351.6100,351.6050,351.6050
1788357619,351.6100,351.6500,351.6100,351.6200
1788357620,351.6100,351.6100,351.5600,351.5600
1788357621,351.5500,351.5500,351.3500,351.3600
1788357624,351.4200,351.4300,351.4200,351.4300
1788357625,351.4050,351.4800,351.4050,351.4800
1788357628,351.4800,351.4800,351.4800,351.4800
1788357629,351.4700,351.4700,351.4000,351.4100
1788357630,351.4500,351.4500,351.4500,351.4500
1788357631,351.4600,351.4700,351.4600,351.4700
1788357632,351.4850,351.4850,351.3600,351.3600
1788357633,351.3550,351.3550,351.2200,351.2500
1788357634,351.2300,351.2300,351.1700,351.1700
1788357635,351.1900,351.2300,351.1700,351.1700
1788357636,351.1700,351.1700,351.1500,351.1500
1788357637,351.1300,351.1400,351.1000,351.1400
1788357639,351.1500,351.2400,351.1500,351.2300
1788357640,351.2900,351.3500,351.2400,351.2400
1788357644,351.2600,351.2700,351.2600,351.2600
1788357645,351.3200,351.3200,351.2100,351.2200
1788357646,351.2000,351.2000,351.0900,351.0900
1788357647,351.0800,351.0800,350.8900,350.9100
1788357648,350.8800,350.9500,350.8700,350.9500
1788357649,350.9100,350.9100,350.8400,350.8400
1788357650,350.9000,350.9700,350.9000,350.9500
1788357651,350.9300,350.9300,350.8400,350.8800
1788357652,350.9400,350.9400,350.9400,350.9400
1788357653,350.8600,350.8600,350.7100,350.7100
1788357654,350.7400,350.8400,350.7400,350.8400
1788357655,350.8600,350.8700,350.8500,350.8500
1788357656,350.8400,350.8400,350.8400,350.8400
1788357657,350.9300,350.9400,350.9300,350.9300
1788357658,351.0000,351.0500,350.9500,350.9500
1788357659,351.0500,351.0700,351.0500,351.0600
1788357660,351.0900,351.1000,351.0000,351.0000
1788357661,351.0400,351.0400,350.9800,350.9800
1788357662,350.9850,351.0000,350.9500,350.9500
1788357663,350.9800,351.0300,350.9800,351.0300
1788357664,351.0600,351.0800,351.0600,351.0800
1788357665,351.0900,351.1500,351.0900,351.1500
1788357666,351.1800,351.1800,351.1300,351.1300
1788357667,351.2100,351.2100,351.2100,351.2100
1788357668,351.1300,351.3500,351.0600,351.3500
1788357669,351.3600,351.3600,351.2500,351.2500
1788357671,351.3000,351.3250,351.3000,351.3100
1788357672,351.3600,351.3900,351.3600,351.3900
1788357673,351.3600,351.3600,351.3600,351.3600
1788357674,351.3700,351.3700,351.3000,351.3000
1788357678,351.3000,351.3000,351.1800,351.1800
1788357680,351.2100,351.2200,351.1400,351.1500
1788357681,351.2100,351.2600,351.2100,351.2200
1788357683,351.2400,351.2400,351.2400,351.2400
1788357685,351.2700,351.2700,351.2700,351.2700
1788357686,351.2600,351.2600,351.1000,351.1000
1788357688,351.1500,351.1600,351.1500,351.1600
1788357689,351.2000,351.2000,351.1000,351.1000
1788357690,351.0700,351.0700,351.0700,351.0700
1788357691,351.1000,351.1200,351.1000,351.1200
1788357692,351.1600,351.2500,351.1600,351.1800
1788357694,351.2000,351.2000,351.2000,351.2000
1788357697,351.2000,351.2000,351.1700,351.1700
1788357699,351.1900,351.2100,351.1600,351.1600
1788357702,351.1400,351.1400,351.1400,351.1400
1788357705,351.2100,351.2900,351.2100,351.2400
1788357706,351.1800,351.1800,351.1600,351.1600
1788357707,351.1200,351.1200,351.0700,351.0700
1788357708,351.1000,351.1000,351.0500,351.0800
1788357709,351.1000,351.1200,351.1000,351.1200
1788357711,351.0600,351.1500,351.0000,351.1500
1788357712,351.2100,351.3000,351.2100,351.3000
1788357713,351.2300,351.2900,351.2300,351.2900
1788357715,351.2000,351.2000,351.1600,351.1600
1788357716,351.1750,351.1750,351.1750,351.1750
1788357717,351.1700,351.1700,351.1200,351.1600
1788357718,351.1100,351.1100,351.0900,351.0900
1788357719,351.1500,351.1500,351.1500,351.1500
1788357720,351.2000,351.2000,351.2000,351.2000
1788357722,351.1500,351.3200,351.1500,351.3200
1788357725,351.2300,351.2300,351.2000,351.2000
1788357726,351.1700,351.1700,350.9200,350.9200
1788357728,350.9300,350.9800,350.8500,350.9200
1788357729,350.9200,350.9200,350.9000,350.9100
1788357730,350.9000,350.9000,350.8800,350.8800
1788357732,350.8650,350.9300,350.8650,350.9300
1788357733,350.9350,350.9400,350.9350,350.9400
1788357735,350.9100,351.0100,350.8900,351.0100
1788357736,350.9200,350.9200,350.8300,350.8550
1788357738,350.8200,350.8200,350.8000,350.8000
1788357739,350.7900,350.7900,350.7900,350.7900
1788357740,350.8000,350.8400,350.7900,350.8400
1788357741,350.7800,350.7800,350.6400,350.6400
1788357743,350.6200,350.6200,350.6200,350.6200
1788357744,350.6400,350.6900,350.5900,350.6200
1788357745,350.6600,350.6800,350.6600,350.6800
1788357746,350.7100,350.7100,350.7100,350.7100
1788357747,350.6500,350.6500,350.5600,350.5600
1788357748,350.5600,350.6400,350.5000,350.5600
1788357749,350.6700,350.6700,350.6700,350.6700
1788357751,350.6100,350.6100,350.6100,350.6100
1788357752,350.6200,350.6800,350.6200,350.6800
1788357753,350.6800,350.6800,350.6750,350.6750
1788357754,350.7200,350.7500,350.7200,350.7400
1788357755,350.6500,350.6900,350.6300,350.6600
1788357756,350.7000,350.7000,350.7000,350.7000
1788357757,350.7700,351.0300,350.7700,350.9200
1788357758,350.8300,350.8300,350.7900,350.7900
1788357759,350.8400,350.8400,350.8400,350.8400
1788357760,350.8200,350.8200,350.8200,350.8200
1788357761,350.8300,350.8400,350.8300,350.8400
1788357762,350.8300,350.8300,350.7500,350.7500
1788357763,350.7400,350.7600,350.7300,350.7500
1788357764,350.7600,350.7600,350.7600,350.7600
1788357765,350.8100,350.8100,350.8000,350.8000
1788357766,350.7900,350.7900,350.7500,350.7500
1788357768,350.8200,350.8400,350.8200,350.8400
1788357769,350.8600,350.9100,350.8600,350.9100
1788357770,350.9400,350.9400,350.9400,350.9400
1788357772,350.9400,351.0300,350.9400,351.0300
1788357773,351.0200,351.0200,351.0200,351.0200
1788357774,351.0100,351.0100,351.0100,351.0100
1788357775,351.0200,351.0400,351.0200,351.0300
1788357776,351.0900,351.0900,351.0900,351.0900
1788357778,351.1000,351.1300,351.1000,351.1300
1788357779,351.1300,351.1300,351.1200,351.1200
1788357781,351.0800,351.0800,351.0700,351.0700
1788357782,351.0700,351.0700,351.0100,351.0100
1788357783,351.0300,351.0700,351.0300,351.0700
1788357784,351.0400,351.0400,350.9100,350.9100
1788357785,350.9700,350.9800,350.9700,350.9800
1788357786,351.0500,351.0500,351.0000,351.0200
1788357787,351.0200,351.0200,351.0200,351.0200
1788357788,351.0700,351.1400,351.0700,351.1400
1788357789,351.0500,351.0500,351.0500,351.0500
1788357791,351.0000,351.0000,351.0000,351.0000
1788357794,351.0900,351.0900,351.0200,351.0200
1788357795,351.0000,351.0000,350.9900,350.9900
1788357796,350.9800,350.9800,350.9100,350.9100
1788357798,350.9800,351.0100,350.9800,351.0100
1788357800,350.9650,350.9650,350.9650,350.9650
1788357801,351.0200,351.0500,351.0200,351.0500
1788357803,351.0400,351.0500,351.0400,351.0500
1788357804,351.0300,351.0300,351.0300,351.0300
1788357805,351.0400,351.0400,350.9900,350.9900
1788357806,351.0000,351.0000,351.0000,351.0000
1788357807,350.9100,350.9100,350.7700,350.7700
1788357810,350.8200,350.8200,350.8200,350.8200
1788357811,350.7800,350.7800,350.6000,350.6000
1788357812,350.5500,350.5500,350.5500,350.5500
1788357813,350.6100,350.6100,350.6000,350.6000
1788357817,350.6300,350.6700,350.5600,350.5600
1788357818,350.6100,350.6100,350.5800,350.5800
1788357821,350.6300,350.6800,350.6300,350.6800
1788357822,350.6800,350.6800,350.6800,350.6800
1788357823,350.6800,350.6800,350.6400,350.6400
1788357824,350.6400,350.6500,350.6400,350.6500
1788357826,350.6300,350.6300,350.6300,350.6300
1788357830,350.6000,350.6000,350.3800,350.4500
1788357831,350.4700,350.5000,350.4700,350.5000
1788357832,350.5800,350.5900,350.5800,350.5900
1788357836,350.6300,350.6800,350.6300,350.6350
1788357839,350.6000,350.6000,350.5800,350.5800
1788357840,350.6100,350.6950,350.6100,350.6950
1788357841,350.6900,350.6900,350.6900,350.6900
1788357842,350.6500,350.6500,350.6500,350.6500
1788357843,350.7300,350.7300,350.6600,350.6600
1788357845,350.6800,350.8200,350.6800,350.8200
1788357847,350.8100,350.8400,350.8100,350.8200
1788357848,350.8200,350.8200,350.8200,350.8200
1788357854,350.8900,350.9000,350.7800,350.9000
1788357856,350.8700,350.8700,350.8300,350.8300
1788357861,350.8800,350.9000,350.8300,350.8400
1788357862,350.8100,350.8100,350.7700,350.7700
1788357867,350.8100,350.8100,350.8000,350.8000
1788357868,350.7700,350.7700,350.7300,350.7300
1788357871,350.7100,350.7100,350.6600,350.6600
1788357872,350.7500,350.8600,350.7300,350.8600
1788357873,350.8900,350.9300,350.8900,350.9300
1788357874,350.9400,350.9600,350.9200,350.9600
1788357875,350.9300,350.9300,350.9200,350.9200
1788357876,350.9000,350.9400,350.9000,350.9400
1788357877,350.9300,350.9450,350.9100,350.9450
1788357880,350.9500,350.9500,350.9500,350.9500
1788357881,350.9800,351.0300,350.9800,350.9900
1788357882,351.0200,351.0300,351.0200,351.0200
1788357883,350.9900,350.9900,350.8400,350.8800
1788357885,350.8300,350.8300,350.7800,350.7800
1788357886,350.7800,350.7800,350.7800,350.7800
1788357889,350.8300,350.8400,350.8300,350.8400
1788357890,350.9000,351.0000,350.8900,350.9700
1788357891,351.0000,351.0000,351.0000,351.0000
1788357894,350.9500,350.9500,350.9400,350.9400
1788357896,350.9700,351.0500,350.9500,351.0500
1788357899,351.0500,351.1200,351.0500,351.1200
1788357900,351.1500,351.2300,351.1500,351.2200
1788357901,351.2300,351.3000,351.2200,351.2200
1788357902,351.1300,351.1900,351.1100,351.1900
1788357903,351.1900,351.2200,351.1900,351.2000
1788357904,351.1400,351.1400,351.1400,351.1400
1788357905,351.1300,351.2700,351.1300,351.2200
1788357906,351.2200,351.2400,351.2200,351.2400
1788357907,351.2500,351.2700,351.2300,351.2300
1788357908,351.3000,351.3200,351.3000,351.3200
1788357909,351.3400,351.4400,351.2800,351.3300
1788357910,351.2900,351.3000,351.2000,351.2200
1788357911,351.2900,351.3000,351.2900,351.3000
1788357912,351.3000,351.3000,351.1900,351.2900
1788357913,351.2800,351.3000,351.2500,351.2700
1788357914,351.2400,351.2700,351.2400,351.2550
1788357915,351.2000,351.2400,351.1700,351.2400
1788357916,351.2800,351.3000,351.2000,351.2000
1788357918,351.1900,351.1900,351.1300,351.1350
1788357919,351.1500,351.2100,351.0100,351.0100
1788357920,351.0000,351.0400,351.0000,351.0400
1788357921,351.0500,351.0800,350.8500,351.0100
1788357922,350.9850,351.0300,350.9850,351.0000
1788357923,351.0300,351.0300,351.0300,351.0300
1788357925,351.0400,351.0700,351.0400,351.0450
1788357926,351.0450,351.0450,351.0450,351.0450
1788357927,351.0900,351.1000,351.0500,351.0600
1788357928,351.0500,351.0550,351.0500,351.0550
1788357929,351.0200,351.0200,350.9600,350.9600
1788357930,350.9850,350.9850,350.8200,350.8300
1788357931,350.8500,350.8800,350.8500,350.8800
1788357933,350.8600,350.8600,350.7300,350.7700
1788357935,350.8500,350.9300,350.8500,350.9300
1788357936,350.9800,350.9900,350.9800,350.9900
1788357937,350.9850,350.9850,350.9200,350.9200
1788357938,351.0000,351.0000,351.0000,351.0000
1788357939,351.0600,351.0700,351.0200,351.0500
1788357940,350.9800,351.0600,350.9100,351.0600
1788357941,351.0700,351.0700,351.0700,351.0700
1788357942,351.0500,351.0500,351.0000,351.0000
1788357943,351.0000,351.0300,351.0000,351.0300
1788357944,350.9900,351.0000,350.9900,351.0000
1788357945,350.9400,350.9400,350.9400,350.9400
1788357946,350.9200,350.9200,350.9000,350.9000
1788357947,350.8500,350.8500,350.8500,350.8500
1788357948,350.8100,350.8100,350.8000,350.8000
1788357949,350.8200,350.8300,350.8200,350.8200
1788357950,350.7900,350.8000,350.7800,350.8000
1788357951,350.8300,350.8300,350.7800,350.7800
1788357952,350.8350,350.9300,350.8100,350.9300
1788357953,350.9300,350.9800,350.9300,350.9800
1788357954,350.9800,351.1000,350.9800,351.1000
1788357955,351.1100,351.1300,351.0500,351.1300
1788357956,351.1250,351.1250,351.0300,351.0900
1788357957,351.1000,351.1000,351.1000,351.1000
1788357958,351.0200,351.0200,351.0100,351.0200
1788357959,351.0200,351.0200,351.0200,351.0200
1788357963,351.0750,351.0750,351.0750,351.0750
1788357964,351.0700,351.0700,351.0200,351.0200
1788357967,351.0200,351.2000,350.9900,351.2000
1788357968,351.1600,351.1600,351.1400,351.1400
1788357969,351.1400,351.1400,351.0400,351.0400
1788357970,351.0700,351.0700,351.0700,351.0700
1788357971,351.0200,351.0200,350.9900,351.0200
1788357972,351.0600,351.1500,351.0600,351.0800
1788357975,351.1300,351.1300,351.1300,351.1300
1788357976,351.1500,351.1500,351.1000,351.1400
1788357977,351.0700,351.0700,351.0600,351.0600
1788357978,351.0700,351.0700,351.0700,351.0700
1788357979,351.1100,351.1100,351.0400,351.0400
1788357982,351.0700,351.0700,351.0000,351.0400
1788357983,351.0550,351.0550,351.0200,351.0200
1788357984,351.0400,351.0400,351.0400,351.0400
1788357985,351.0500,351.0500,351.0000,351.0000
1788357986,350.9700,350.9700,350.9700,350.9700
1788357987,351.0000,351.0000,350.9200,350.9200
1788357988,350.9100,350.9100,350.8600,350.8600
1788357990,350.9600,350.9800,350.9000,350.9000
1788357992,350.9700,350.9700,350.9400,350.9400
1788357994,350.8700,350.8700,350.7500,350.8200
1788357997,350.9000,350.9500,350.9000,350.9500
1788357998,350.9100,350.9100,350.9000,350.9000
1788357999,351.0100,351.1300,351.0100,351.1300
1788358000,351.1500,351.1500,351.1400,351.1500
1788358003,351.1200,351.1200,351.1200,351.1200
1788358004,351.1200,351.1600,351.1200,351.1600
1788358005,351.1500,351.1500,351.1500,351.1500
1788358006,351.1600,351.2200,351.1500,351.2200
1788358007,351.2500,351.2500,351.1500,351.1500
1788358008,351.1400,351.1800,351.1400,351.1800
1788358014,351.1200,351.1200,351.1200,351.1200
1788358015,351.1300,351.1300,351.0900,351.0900
1788358018,351.0600,351.0650,351.0600,351.0650
1788358019,351.1200,351.1600,351.1200,351.1600
1788358022,351.0900,351.0900,351.0800,351.0800
1788358023,351.1200,351.1200,351.1200,351.1200
1788358025,351.1700,351.2100,351.1700,351.2100
1788358030,351.1850,351.1850,351.1850,351.1850
1788358032,351.1400,351.1400,351.0000,351.0100
1788358033,351.0100,351.0300,351.0100,351.0300
1788358035,351.0300,351.0400,350.9300,350.9400
1788358037,351.0350,351.0350,351.0350,351.0350
1788358039,351.0600,351.0600,351.0600,351.0600
1788358040,351.0300,351.1900,351.0300,351.0900
1788358043,351.1000,351.1000,351.0900,351.0900
1788358044,351.1500,351.1500,351.1500,351.1500
1788358045,351.1800,351.1800,351.1800,351.1800
1788358046,351.1400,351.1600,351.1400,351.1400
1788358047,351.1200,351.1200,351.1200,351.1200
1788358050,351.1800,351.1800,351.1800,351.1800
1788358052,351.1200,351.1200,351.1200,351.1200
1788358055,351.0900,351.0900,350.9000,350.9000
1788358056,350.9600,351.0400,350.9500,351.0400
1788358057,351.0100,351.0300,351.0000,351.0300
1788358058,351.0600,351.1100,351.0600,351.1000
1788358061,351.1200,351.1600,351.1100,351.1400
1788358062,351.1900,351.2500,351.1900,351.2500
1788358063,351.2000,351.2000,351.1000,351.1700
1788358066,351.2000,351.2000,351.2000,351.2000
1788358068,351.1850,351.2000,351.1850,351.2000
1788358069,351.2000,351.2000,351.2000,351.2000
1788358070,351.1500,351.1500,351.1200,351.1200
1788358071,351.1100,351.1100,351.1000,351.1000
1788358072,351.1900,351.1900,351.1900,351.1900
1788358073,351.2100,351.3100,351.2100,351.2800
1788358078,351.2000,351.2000,351.2000,351.2000
1788358080,351.1650,351.1650,351.1650,351.1650
1788358081,351.1800,351.1800,351.1800,351.1800
1788358082,351.1600,351.1600,351.1600,351.1600
1788358085,351.1000,351.1100,351.0600,351.1100
1788358086,351.1300,351.1300,351.1300,351.1300
1788358087,351.1000,351.1000,351.1000,351.1000
1788358088,351.1100,351.1800,351.1100,351.1500
1788358089,351.1100,351.2000,351.1100,351.2000
1788358090,351.2200,351.2200,351.2200,351.2200
1788358091,351.2300,351.2300,351.2300,351.2300
1788358092,351.2500,351.2700,351.2300,351.2700
1788358093,351.2750,351.3300,351.2600,351.2600
1788358094,351.2250,351.2250,351.2250,351.2250
1788358095,351.2200,351.2200,351.1900,351.1900
1788358096,351.1950,351.1950,351.0900,351.1100
1788358097,351.1400,351.1400,351.0800,351.0800
1788358098,351.0500,351.0900,351.0500,351.0900
1788358099,351.1600,351.1700,351.1600,351.1700
1788358102,351.2100,351.2300,351.2100,351.2300
1788358104,351.2300,351.2700,351.2300,351.2700
1788358105,351.2400,351.2400,351.2000,351.2000
1788358106,351.1700,351.1700,351.1500,351.1500
1788358107,351.2200,351.2300,351.2150,351.2150
1788358108,351.2100,351.2100,351.1800,351.1800
1788358109,351.1600,351.1950,351.1600,351.1800
1788358112,351.2300,351.2400,351.2300,351.2300
1788358114,351.2300,351.2300,351.2000,351.2000
1788358115,351.2800,351.2800,351.2800,351.2800
1788358116,351.2700,351.2700,351.2200,351.2200
1788358118,351.2700,351.2700,351.2500,351.2500
1788358119,351.2300,351.2300,351.2300,351.2300
1788358120,351.2300,351.2400,351.2000,351.2100
1788358121,351.2700,351.3200,351.2700,351.3200
1788358122,351.3200,351.4100,351.3200,351.3500
1788358123,351.2800,351.4200,351.2800,351.3800
1788358124,351.4500,351.4500,351.4400,351.4400
1788358125,351.4900,351.5300,351.4900,351.5300
1788358126,351.5000,351.5000,351.5000,351.5000
1788358127,351.4300,351.4300,351.4200,351.4200
1788358128,351.4050,351.4050,351.4000,351.4000
1788358129,351.3700,351.3700,351.3500,351.3500
1788358132,351.4000,351.4000,351.4000,351.4000
1788358134,351.3800,351.3900,351.3800,351.3800
1788358135,351.3900,351.3900,351.3500,351.3900
1788358136,351.3900,351.4100,351.3500,351.4100
1788358137,351.4000,351.4300,351.4000,351.4300
1788358138,351.4500,351.4500,351.4500,351.4500
1788358139,351.4500,351.4500,351.3800,351.3800
1788358140,351.4300,351.4300,351.3800,351.3800
1788358141,351.4600,351.5100,351.4600,351.5100
1788358142,351.4900,351.4900,351.4900,351.4900
1788358143,351.5200,351.5700,351.5200,351.5600
1788358144,351.5400,351.6000,351.5400,351.5600
1788358146,351.5900,351.6500,351.5900,351.6050
1788358147,351.6500,351.6900,351.5900,351.5900
1788358148,351.6000,351.6100,351.6000,351.6100
1788358149,351.6100,351.6200,351.6100,351.6200
1788358150,351.5700,351.6200,351.5700,351.6200
1788358151,351.5600,351.6000,351.5100,351.5400
1788358152,351.5800,351.5800,351.5800,351.5800
1788358153,351.6000,351.6100,351.5900,351.6000
1788358154,351.5700,351.6300,351.5700,351.6200
1788358155,351.6200,351.6200,351.6000,351.6000
1788358157,351.6100,351.6100,351.5800,351.5800
1788358158,351.5800,351.6400,351.5400,351.6400
1788358159,351.6400,351.6400,351.6100,351.6400
1788358160,351.6200,351.6500,351.5700,351.6400
1788358161,351.6600,351.7200,351.6100,351.7000
1788358162,351.6900,351.7600,351.6900,351.7400
1788358163,351.7300,351.7300,351.7050,351.7050
1788358164,351.7100,351.7100,351.5500,351.5550
1788358165,351.6700,351.6900,351.6500,351.6500
1788358166,351.5900,351.5900,351.5800,351.5800
1788358167,351.5500,351.6600,351.5300,351.6200
1788358168,351.6100,351.6200,351.6100,351.6100
1788358169,351.6300,351.6300,351.5900,351.6300
1788358170,351.6600,351.6900,351.6600,351.6900
1788358171,351.6900,351.7300,351.6900,351.7300
1788358172,351.7300,351.7700,351.7300,351.7400
1788358173,351.7400,351.8000,351.7400,351.8000
1788358174,351.8100,351.8800,351.8100,351.8700
1788358176,351.8700,351.8700,351.8700,351.8700
1788358177,351.8900,351.9400,351.8700,351.9400
1788358178,351.8800,351.8900,351.8500,351.8900
1788358180,351.8500,351.8500,351.7800,351.7800
1788358181,351.7700,351.7800,351.7100,351.7100
1788358184,351.7800,351.7800,351.7800,351.7800
1788358185,351.7800,351.7800,351.7400,351.7400
1788358186,351.7850,351.7850,351.7400,351.7400
1788358187,351.7500,351.7500,351.7500,351.7500
1788358188,351.7900,351.8500,351.7900,351.8200
1788358189,351.8600,351.8600,351.8600,351.8600
1788358190,351.9000,351.9000,351.7900,351.7900
1788358191,351.8000,351.8000,351.6900,351.6900
1788358193,351.6700,351.6700,351.6700,351.6700
1788358194,351.6800,351.6800,351.6500,351.6500
1788358195,351.6400,351.6800,351.6000,351.6300
1788358196,351.6400,351.7300,351.6300,351.6900
1788358198,351.6900,351.6900,351.6600,351.6600
1788358199,351.6450,351.6900,351.6100,351.6900
1788358200,351.7000,351.7000,351.6800,351.6800
1788358201,351.6100,351.6100,351.6000,351.6100
1788358202,351.6300,351.7500,351.6300,351.7450
1788358203,351.8300,351.8500,351.7700,351.7700
1788358205,351.7900,351.7900,351.7900,351.7900
1788358206,351.7900,351.9500,351.7900,351.9000
1788358207,351.9500,351.9900,351.9400,351.9400
1788358208,352.0000,352.0000,351.9300,351.9300
1788358209,351.8900,351.8900,351.8800,351.8800
1788358210,351.8900,351.9200,351.8800,351.9200
1788358212,351.9000,351.9000,351.9000,351.9000
1788358213,351.8700,351.8700,351.8500,351.8500
1788358214,351.9000,351.9000,351.9000,351.9000
1788358215,351.9200,351.9500,351.9200,351.9500
1788358216,352.0000,352.0600,351.9900,351.9900
1788358217,352.0600,352.0600,352.0600,352.0600
1788358218,352.0600,352.0600,352.0600,352.0600
1788358219,352.0700,352.1000,352.0600,352.0900
1788358221,352.1300,352.1500,352.0700,352.0700
1788358223,352.1800,352.2200,352.1800,352.2200
1788358224,352.1400,352.1600,352.1400,352.1600
1788358225,352.1300,352.1600,352.1200,352.1600
1788358226,352.1300,352.1300,352.1300,352.1300
1788358228,352.0700,352.1200,352.0600,352.1200
1788358229,352.1300,352.1400,352.0700,352.0700
1788358231,352.0800,352.0800,352.0500,352.0500
1788358232,352.0100,352.0100,351.9400,351.9400
1788358233,351.9800,352.0000,351.9200,351.9700
1788358235,351.9700,351.9700,351.9200,351.9200
1788358236,351.9200,351.9800,351.9200,351.9800
1788358238,352.0100,352.0400,352.0100,352.0400
1788358239,352.0100,352.0100,352.0100,352.0100
1788358242,352.0500,352.1700,352.0500,352.1700
1788358243,352.1900,352.1900,352.1300,352.1900
1788358244,352.1500,352.1800,352.1500,352.1800
1788358245,352.1100,352.1100,352.1100,352.1100
1788358246,352.0500,352.0600,352.0000,352.0600
1788358247,351.9900,351.9900,351.9800,351.9800
1788358248,352.0000,352.0000,351.9800,351.9800
1788358249,352.0100,352.0100,352.0100,352.0100
1788358250,352.0000,352.0000,351.9600,351.9600
1788358251,351.9700,351.9700,351.8500,351.8500
1788358252,351.8500,351.9600,351.8200,351.8800
1788358254,351.9200,351.9200,351.9100,351.9100
1788358256,351.9700,352.0000,351.9600,352.0000
1788358257,352.0300,352.0300,351.9900,352.0100
1788358259,352.0100,352.0100,351.9900,351.9900
1788358260,352.0100,352.0100,352.0000,352.0000
1788358262,352.0000,352.0000,351.9900,351.9900
1788358263,351.9800,351.9800,351.9600,351.9600
1788358264,351.9600,351.9600,351.9600,351.9600
1788358266,351.9000,351.9000,351.8700,351.8750
1788358267,351.8500,351.8500,351.8000,351.8000
1788358268,351.8700,351.8700,351.8700,351.8700
1788358270,351.8800,351.8800,351.8800,351.8800
1788358271,351.8750,351.8950,351.8750,351.8950
1788358272,351.9400,351.9500,351.9400,351.9500
1788358273,351.8900,352.0600,351.8900,352.0600
1788358274,352.0700,352.0700,352.0700,352.0700
1788358275,352.0200,352.0500,352.0200,352.0500
1788358276,352.0100,352.0900,352.0100,352.0900
1788358278,352.0600,352.0600,352.0000,352.0500
1788358279,352.0900,352.1700,352.0900,352.1200
1788358280,352.1100,352.1100,352.0900,352.0900
1788358282,352.1000,352.1000,351.9000,351.9000
1788358283,351.9800,351.9800,351.9800,351.9800
1788358284,351.9350,351.9350,351.8400,351.8400
1788358285,351.8600,351.8900,351.8600,351.8900
1788358286,351.9000,352.0600,351.9000,352.0600
1788358288,352.0700,352.0700,352.0700,352.0700
1788358289,352.0400,352.0400,352.0100,352.0100
1788358290,352.0700,352.0700,352.0700,352.0700
1788358291,352.1600,352.1600,352.1600,352.1600
1788358294,352.1100,352.1100,352.1100,352.1100
1788358296,352.0900,352.0900,352.0800,352.0800
1788358297,352.1300,352.1500,352.1300,352.1500
1788358298,352.1000,352.1500,352.0900,352.1500
1788358301,352.0800,352.1000,352.0600,352.1000
1788358304,352.1200,352.1200,352.1000,352.1000
1788358306,352.0800,352.0800,352.0700,352.0700
1788358307,352.0600,352.1000,351.9900,352.1000
1788358308,352.0700,352.0700,352.0600,352.0600
1788358313,352.0200,352.0200,351.9600,351.9600
1788358314,352.0000,352.0400,352.0000,352.0100
1788358315,352.0400,352.1000,352.0400,352.1000
1788358317,352.0900,352.0900,352.0600,352.0600
1788358318,352.0600,352.0600,352.0600,352.0600
1788358320,352.0500,352.0500,352.0500,352.0500
1788358322,352.0100,352.0100,351.9500,351.9500
1788358323,351.9700,351.9900,351.9400,351.9400
1788358324,351.9400,351.9400,351.9200,351.9200
1788358325,351.9500,352.0000,351.9500,352.0000
1788358326,352.0000,352.0000,352.0000,352.0000
1788358328,351.9300,351.9300,351.9100,351.9300
1788358329,351.9200,351.9200,351.9000,351.9000
1788358331,351.9400,352.1100,351.9400,352.1100
1788358332,352.1500,352.1900,352.1200,352.1300
1788358333,352.1200,352.1300,352.0200,352.1200
1788358336,352.0800,352.0900,352.0800,352.0900
1788358337,352.0900,352.0900,352.0900,352.0900
1788358339,352.0800,352.0800,352.0000,352.0000
1788358340,351.9600,351.9600,351.9600,351.9600
1788358341,351.9450,351.9600,351.9450,351.9600
1788358343,351.9500,351.9500,351.9400,351.9400
1788358344,351.9550,351.9550,351.9550,351.9550
1788358345,351.9450,351.9450,351.9400,351.9400
1788358346,351.9600,352.0900,351.9600,352.0900
1788358349,352.0800,352.2600,352.0800,352.2100
1788358350,352.1700,352.2400,352.1700,352.1900
1788358351,352.1500,352.1500,352.1300,352.1300
1788358352,352.0900,352.0900,352.0900,352.0900
1788358353,352.0600,352.1200,352.0600,352.1200
1788358354,352.1300,352.1300,352.1300,352.1300
1788358355,352.0800,352.0800,352.0800,352.0800
1788358357,352.1200,352.1500,352.1200,352.1500
1788358358,352.0500,352.0500,352.0400,352.0400
1788358359,352.0100,352.0100,351.9900,351.9900
1788358361,352.0000,352.0000,351.9600,351.9600
1788358362,351.9500,351.9600,351.9000,351.9600
1788358364,351.9200,351.9200,351.9200,351.9200
1788358365,351.9800,352.0800,351.9800,352.0500
1788358366,352.0700,352.1300,352.0700,352.0800
1788358371,352.1500,352.1500,352.1500,352.1500
1788358372,352.1300,352.1300,352.1300,352.1300
1788358375,352.1100,352.1800,352.1100,352.1800
1788358376,352.1900,352.2000,352.1900,352.2000
1788358377,352.1300,352.1300,352.0700,352.0800
1788358378,352.0400,352.0550,352.0400,352.0550
1788358381,352.0800,352.1050,352.0800,352.0800
1788358382,352.1000,352.1000,352.0800,352.1000
1788358384,352.1000,352.1300,352.0900,352.1300
1788358385,352.1400,352.1600,352.1100,352.1100
1788358386,352.1300,352.1300,352.0500,352.0500
1788358387,352.0750,352.0800,352.0750,352.0800
1788358388,352.0800,352.1000,352.0800,352.1000
1788358389,352.1100,352.1100,352.1100,352.1100
1788358390,352.1000,352.1000,352.0600,352.0600
1788358392,352.0750,352.0750,352.0750,352.0750
1788358393,352.1000,352.1000,352.1000,352.1000
1788358394,352.1100,352.1100,352.1100,352.1100
1788358395,352.0700,352.0700,351.9900,351.9900
1788358400,352.0400,352.0500,352.0400,352.0500
1788358401,352.0450,352.1400,352.0450,352.0800
1788358402,352.0200,352.0200,352.0000,352.0000
1788358403,352.0000,352.0000,352.0000,352.0000
1788358405,352.0200,352.0600,352.0200,352.0600
1788358406,352.1000,352.1000,352.0600,352.0600
1788358407,352.1000,352.2600,352.1000,352.2100
1788358408,352.2400,352.2900,352.2200,352.2200
1788358410,352.2100,352.2100,352.2100,352.2100
1788358413,352.1600,352.1600,352.1600,352.1600
1788358417,352.2000,352.2500,352.2000,352.2500
1788358418,352.2200,352.2200,352.1500,352.1900
1788358419,352.2300,352.2700,352.2300,352.2700
1788358421,352.2400,352.2400,352.2000,352.2000
1788358422,352.2000,352.2000,352.1800,352.1900
1788358423,352.1950,352.3400,352.1950,352.2700
1788358428,352.2350,352.2350,352.2350,352.2350
1788358429,352.2400,352.2700,352.2400,352.2700
1788358431,352.2500,352.2500,352.2400,352.2400
1788358433,352.2200,352.2200,352.2100,352.2100
1788358434,352.2700,352.2700,352.2700,352.2700
1788358436,352.2800,352.3300,352.2800,352.2900
1788358437,352.2700,352.2700,352.2700,352.2700
1788358438,352.2800,352.2800,352.2800,352.2800
1788358439,352.3100,352.4900,352.3100,352.4900
1788358440,352.5000,352.5200,352.4400,352.4800
1788358442,352.5000,352.5600,352.5000,352.5600
1788358443,352.5450,352.5450,352.5450,352.5450
1788358444,352.5450,352.5450,352.4400,352.4400
1788358445,352.4400,352.4750,352.4400,352.4750
1788358446,352.4400,352.4400,352.3600,352.3600
1788358449,352.4000,352.4300,352.4000,352.4300
1788358450,352.4400,352.4400,352.4400,352.4400
1788358452,352.4200,352.4200,352.4000,352.4000
1788358453,352.4600,352.5100,352.4300,352.5100
1788358455,352.4550,352.4550,352.4550,352.4550
1788358457,352.4200,352.4200,352.4200,352.4200
1788358458,352.4100,352.4400,352.4100,352.4200
1788358459,352.4600,352.5400,352.4600,352.5400
1788358461,352.5500,352.5700,352.5500,352.5700
1788358463,352.5500,352.6400,352.5400,352.6200
1788358464,352.6000,352.6000,352.6000,352.6000
1788358465,352.5600,352.6500,352.5500,352.6300
1788358467,352.6500,352.7400,352.6500,352.7400
1788358468,352.7200,352.7200,352.6800,352.6800
1788358469,352.6700,352.6700,352.6700,352.6700
1788358470,352.6900,352.7200,352.6800,352.7200
1788358471,352.7300,352.7600,352.7300,352.7300
1788358472,352.7400,352.7400,352.7300,352.7300
1788358473,352.7300,352.7300,352.6900,352.6900
1788358474,352.7300,352.7400,352.7300,352.7400
1788358475,352.7400,352.7400,352.7300,352.7300
1788358476,352.7600,352.8100,352.7600,352.8100
1788358477,352.8100,352.8700,352.8000,352.8700
1788358478,352.8700,352.8700,352.8700,352.8700
1788358479,352.8700,352.8900,352.8000,352.8000
1788358480,352.8000,352.8000,352.8000,352.8000
1788358482,352.8300,352.8400,352.7800,352.7800
1788358483,352.8100,352.8100,352.7300,352.7300
1788358484,352.7750,352.7750,352.7750,352.7750
1788358485,352.7700,352.7700,352.7700,352.7700
1788358487,352.8000,352.8300,352.8000,352.8300
1788358488,352.8400,352.9000,352.8400,352.9000
1788358489,352.8400,352.8400,352.8000,352.8400
1788358490,352.8200,352.8200,352.7500,352.7500
1788358491,352.7500,352.8300,352.7500,352.8300
1788358493,352.7500,352.7500,352.7100,352.7100
1788358494,352.7300,352.7900,352.7300,352.7900
1788358495,352.8000,352.8100,352.8000,352.8100
1788358496,352.8000,352.8000,352.8000,352.8000
1788358497,352.8000,352.8500,352.8000,352.8100
1788358498,352.8150,352.8150,352.8150,352.8150
1788358500,352.8200,352.8400,352.8200,352.8400
1788358501,352.8500,352.9000,352.8500,352.8600
1788358502,352.8500,352.8500,352.8100,352.8100
1788358503,352.7900,353.0900,352.7900,353.0900
1788358504,353.0600,353.0700,353.0100,353.0100
1788358506,353.0800,353.1100,353.0800,353.0900
1788358507,353.0500,353.0500,353.0000,353.0100
1788358508,353.0500,353.0500,353.0200,353.0200
1788358509,352.9700,352.9800,352.8700,352.9000
1788358511,352.8700,352.8700,352.8400,352.8400
1788358512,352.8650,352.9600,352.8650,352.9500
1788358513,352.9600,352.9600,352.9600,352.9600
1788358514,352.9500,352.9500,352.9000,352.9000
1788358516,352.9700,353.0000,352.9700,353.0000
1788358517,353.0500,353.0500,353.0500,353.0500
1788358518,352.9900,352.9900,352.8400,352.8400
1788358519,352.8300,352.8300,352.8200,352.8200
1788358520,352.8200,352.8900,352.7000,352.8900
1788358521,352.8000,352.8500,352.7800,352.8500
1788358522,352.8100,352.8100,352.7900,352.8000
1788358523,352.7500,352.8100,352.7300,352.7300
1788358524,352.8200,352.8300,352.8200,352.8300
1788358525,352.8500,352.8500,352.8500,352.8500
1788358527,352.8300,352.8800,352.8300,352.8800
1788358529,352.9000,352.9200,352.9000,352.9000
1788358531,352.8800,352.8800,352.8500,352.8500
1788358532,352.8600,352.9500,352.8300,352.9500
1788358533,352.9800,352.9800,352.9800,352.9800
1788358534,352.9700,352.9900,352.9100,352.9700
1788358535,352.9500,353.0900,352.9500,353.0100
1788358537,353.0500,353.0600,353.0200,353.0600
1788358538,353.0600,353.0800,353.0600,353.0800
1788358539,353.0600,353.1000,352.9900,353.0100
1788358540,353.0100,353.0100,353.0000,353.0000
1788358541,353.0000,353.0600,353.0000,353.0600
1788358542,353.1000,353.2500,353.1000,353.2300
1788358543,353.2000,353.2200,353.1600,353.1600
1788358545,353.2000,353.2000,353.1950,353.1950
1788358546,353.2100,353.2300,353.2100,353.2300
1788358547,353.1950,353.1950,353.1700,353.1700
1788358548,353.1500,353.1900,353.1500,353.1700
1788358550,353.2400,353.3600,353.2000,353.3600
1788358551,353.3700,353.4500,353.3700,353.4500
1788358552,353.4500,353.4500,353.4300,353.4300
1788358553,353.4400,353.4400,353.4400,353.4400
1788358555,353.4150,353.4700,353.3800,353.4700
1788358556,353.4400,353.4900,353.3800,353.4600
1788358557,353.4500,353.5300,353.4500,353.4600
1788358558,353.4600,353.5400,353.4500,353.5400
1788358559,353.5400,353.5400,353.5200,353.5300
1788358560,353.5000,353.5700,353.5000,353.5400
1788358561,353.5100,353.5100,353.4900,353.4900
1788358562,353.5000,353.5400,353.5000,353.5200
1788358563,353.4900,353.4900,353.4900,353.4900
1788358564,353.5700,353.5700,353.4900,353.4900
1788358565,353.5500,353.5600,353.4700,353.5300
1788358566,353.5900,353.5900,353.5400,353.5400
1788358568,353.5500,353.5800,353.5500,353.5800
1788358569,353.6000,353.6100,353.6000,353.6100
1788358570,353.5700,353.5800,353.5600,353.5700
1788358571,353.5900,353.5900,353.5500,353.5800
1788358572,353.5400,353.5400,353.5200,353.5200
1788358573,353.5200,353.5200,353.5100,353.5100
1788358574,353.5400,353.5400,353.4100,353.4100
1788358575,353.4500,353.5400,353.4500,353.5100
1788358576,353.5100,353.5100,353.5000,353.5000
1788358577,353.5000,353.5000,353.5000,353.5000
1788358579,353.4600,353.4600,353.4000,353.4600
1788358581,353.4600,353.4900,353.4600,353.4600
1788358582,353.4500,353.4500,353.3800,353.4300
1788358583,353.4400,353.4400,353.4400,353.4400
1788358585,353.4300,353.4300,353.3900,353.3900
1788358586,353.4000,353.4000,353.4000,353.4000
1788358587,353.4000,353.4350,353.3600,353.4350
1788358588,353.4600,353.4700,353.4600,353.4700
1788358589,353.4500,353.4500,353.4500,353.4500
1788358591,353.4500,353.4500,353.4500,353.4500
1788358593,353.4600,353.6200,353.4600,353.6050
1788358594,353.5800,353.5800,353.5800,353.5800
1788358595,353.5700,353.6000,353.5500,353.5500
1788358599,353.5600,353.5600,353.5600,353.5600
1788358601,353.5600,353.5600,353.5500,353.5500
1788358602,353.5900,353.5900,353.5900,353.5900
1788358603,353.5600,353.5600,353.4900,353.5000
1788358604,353.5500,353.5700,353.5500,353.5700
1788358606,353.5700,353.5700,353.5450,353.5450
1788358608,353.5300,353.6000,353.5000,353.6000
1788358609,353.6300,353.6800,353.6200,353.6300
1788358610,353.5600,353.5600,353.5600,353.5600
1788358611,353.6000,353.6200,353.6000,353.6200
1788358612,353.5900,353.6300,353.5900,353.6300
1788358613,353.6300,353.6400,353.6300,353.6400
1788358614,353.6200,353.6200,353.6200,353.6200
1788358615,353.6400,353.6400,353.6300,353.6300
1788358616,353.6600,353.6600,353.6600,353.6600
1788358617,353.7000,353.7300,353.7000,353.7300
1788358618,353.7100,353.7800,353.7000,353.7700
1788358619,353.7800,353.8400,353.7800,353.7800
1788358620,353.8000,353.8000,353.7300,353.7300
1788358622,353.7200,353.8300,353.6900,353.8200
1788358623,353.8200,353.8200,353.8200,353.8200
1788358624,353.7900,353.8300,353.7400,353.8150
1788358625,353.8000,353.8000,353.7800,353.8000
1788358626,353.8400,353.8400,353.6600,353.6600
1788358631,353.7500,353.8400,353.7500,353.8400
1788358632,353.8200,353.8200,353.8100,353.8200
1788358633,353.8400,353.8800,353.8400,353.8800
1788358635,353.9000,354.0600,353.9000,354.0400
1788358636,354.0300,354.0300,353.9200,353.9200
1788358637,353.9100,353.9100,353.9000,353.9100
1788358638,353.9200,353.9600,353.9200,353.9600
1788358639,353.9800,354.0700,353.9800,354.0700
1788358640,354.0300,354.0800,354.0100,354.0500
1788358641,354.0900,354.1200,354.0900,354.1000
1788358642,354.1500,354.1700,354.1100,354.1100
1788358643,354.1500,354.1900,354.0800,354.1200
1788358644,354.1200,354.1200,354.0700,354.1000
1788358645,354.1100,354.1100,354.0900,354.0900
1788358646,354.1350,354.1600,354.1200,354.1600
1788358647,354.1300,354.1600,354.0600,354.0700
1788358648,354.1700,354.1700,354.1700,354.1700
1788358649,354.2000,354.2100,354.2000,354.2100
1788358650,354.2600,354.3700,354.2000,354.3600
1788358651,354.3600,354.3600,354.3600,354.3600
1788358652,354.3000,354.3000,354.3000,354.3000
1788358653,354.2700,354.2700,354.1500,354.1800
1788358654,354.1900,354.1900,354.1600,354.1800
1788358655,354.1500,354.2000,354.1500,354.2000
1788358656,354.2400,354.2500,354.2200,354.2200
1788358657,354.2500,354.2600,354.1600,354.1600
1788358658,354.1900,354.2400,354.1900,354.2400
1788358659,354.2200,354.2400,354.1700,354.1700
1788358660,354.1700,354.1700,354.1500,354.1500
1788358661,354.2000,354.2100,354.1100,354.1100
1788358662,354.1900,354.1900,354.1900,354.1900
1788358663,354.1900,354.1900,354.0900,354.1000
1788358664,354.1200,354.1200,354.1000,354.1000
1788358665,354.1200,354.1300,354.1200,354.1300
1788358666,354.1350,354.1400,354.1100,354.1400
1788358667,354.1000,354.1200,354.1000,354.1200
1788358669,354.1200,354.1900,354.1200,354.1500
1788358670,354.1400,354.1500,354.1300,354.1300
1788358671,354.1250,354.1500,354.1250,354.1500
1788358672,354.1200,354.1200,354.0900,354.0900
1788358673,354.0700,354.0700,354.0000,354.0300
1788358674,354.0500,354.0500,353.9800,354.0500
1788358675,354.0800,354.1750,354.0800,354.1700
1788358676,354.1300,354.1300,354.1200,354.1200
1788358677,354.1300,354.1600,354.1300,354.1500
1788358678,354.1700,354.1700,354.1700,354.1700
1788358679,354.1300,354.1300,354.1300,354.1300
1788358680,354.0700,354.0700,354.0500,354.0500
1788358681,354.0700,354.1900,354.0700,354.1900
1788358682,354.1400,354.1400,354.0800,354.0800
1788358683,354.0800,354.1300,354.0300,354.0600
1788358684,354.0300,354.1200,354.0300,354.1200
1788358685,354.1200,354.1400,354.1200,354.1400
1788358687,354.1150,354.1150,354.1150,354.1150
1788358688,354.1400,354.2000,354.1400,354.2000
1788358689,354.2050,354.3100,354.2050,354.2700
1788358690,354.3000,354.3000,354.2900,354.2900
1788358691,354.2500,354.2700,354.2400,354.2700
1788358692,354.2600,354.2700,354.2600,354.2700
1788358693,354.2800,354.2800,354.2800,354.2800
1788358694,354.2600,354.2600,354.2600,354.2600
1788358695,354.3050,354.3400,354.2900,354.3400
1788358696,354.3450,354.4100,354.3450,354.3900
1788358697,354.3400,354.3400,354.2900,354.3000
1788358698,354.3500,354.3500,354.2700,354.2700
1788358699,354.3000,354.3500,354.3000,354.3400
1788358701,354.3000,354.3000,354.2900,354.2900
1788358702,354.2650,354.2650,354.2100,354.2500
1788358703,354.2500,354.3300,354.2000,354.3200
1788358704,354.3500,354.3700,354.3500,354.3700
1788358705,354.4000,354.4400,354.3900,354.4250
1788358706,354.4400,354.4500,354.4000,354.4000
1788358707,354.4400,354.4400,354.4400,354.4400
1788358708,354.4600,354.5300,354.4600,354.5300
1788358709,354.5050,354.5050,354.4700,354.4700
1788358710,354.4600,354.4600,354.4400,354.4400
1788358713,354.5100,354.5500,354.5100,354.5500
1788358714,354.5000,354.5800,354.4900,354.5500
1788358715,354.4900,354.5000,354.4400,354.4400
1788358716,354.4000,354.4000,354.3400,354.3450
1788358717,354.3800,354.4300,354.3800,354.4300
1788358719,354.3950,354.3950,354.3950,354.3950
1788358720,354.4500,354.5000,354.4500,354.5000
1788358721,354.5900,354.5900,354.5900,354.5900
1788358722,354.6000,354.6800,354.5900,354.6000
1788358723,354.5500,354.5500,354.5300,354.5300
1788358724,354.5750,354.5750,354.5750,354.5750
1788358725,354.5700,354.6000,354.5700,354.6000
1788358726,354.5500,354.5900,354.5400,354.5900
1788358727,354.5600,354.5600,354.5600,354.5600
1788358729,354.5300,354.5800,354.5300,354.5800
1788358730,354.5900,354.5900,354.5900,354.5900
1788358732,354.5900,354.6200,354.5900,354.5900
1788358733,354.5600,354.5600,354.5600,354.5600
1788358734,354.5850,354.5850,354.5600,354.5600
1788358735,354.6500,354.6600,354.5800,354.5800
1788358736,354.6100,354.6400,354.5700,354.6400
1788358737,354.5800,354.6400,354.5700,354.6400
1788358738,354.6000,354.6600,354.6000,354.6000
1788358739,354.6200,354.6200,354.5800,354.5800
1788358740,354.6050,354.7200,354.6050,354.7000
1788358741,354.6800,354.7000,354.6300,354.6400
1788358742,354.6400,354.6500,354.5900,354.6100
1788358743,354.6100,354.6100,354.6100,354.6100
1788358744,354.6200,354.6400,354.6000,354.6400
1788358745,354.6400,354.6400,354.6400,354.6400
1788358746,354.6200,354.6200,354.6200,354.6200
1788358749,354.6400,354.6400,354.6400,354.6400
1788358750,354.6400,354.6600,354.6300,354.6600
1788358751,354.6900,354.7600,354.6900,354.7250
1788358752,354.7000,354.7000,354.6900,354.6900
1788358753,354.6600,354.7100,354.5900,354.7000
1788358755,354.6900,354.6900,354.6500,354.6800
1788358756,354.6500,354.6500,354.6500,354.6500
1788358758,354.6100,354.6100,354.4100,354.4400
1788358759,354.4400,354.4400,354.4300,354.4400
1788358760,354.4000,354.5000,354.4000,354.5000
1788358761,354.4900,354.4950,354.4400,354.4400
1788358764,354.5600,354.6200,354.5600,354.6000
1788358765,354.6300,354.6300,354.5800,354.6300
1788358766,354.6200,354.6200,354.6200,354.6200
1788358767,354.6400,354.6500,354.6400,354.6500
1788358768,354.5800,354.6000,354.5800,354.6000
1788358769,354.6300,354.6300,354.6300,354.6300
1788358770,354.6300,354.6400,354.6100,354.6400
1788358773,354.5900,354.6400,354.5800,354.6200
1788358774,354.6250,354.6250,354.6250,354.6250
1788358775,354.6600,354.6800,354.6600,354.6800
1788358776,354.6900,354.7300,354.6900,354.7300
1788358777,354.7100,354.7100,354.6600,354.6600
1788358778,354.6900,354.6900,354.6900,354.6900
1788358779,354.6500,354.6500,354.6000,354.6050
1788358781,354.5800,354.6100,354.5400,354.5400
1788358782,354.5600,354.5600,354.5600,354.5600
1788358783,354.5200,354.5600,354.5000,354.5600
1788358785,354.5500,354.5500,354.5400,354.5400
1788358788,354.6200,354.7900,354.6200,354.7600
1788358789,354.7300,354.7300,354.7150,354.7150
1788358790,354.6600,354.6600,354.6500,354.6500
1788358791,354.6700,354.7300,354.6100,354.6500
1788358792,354.6200,354.6200,354.5000,354.5000
1788358793,354.4700,354.4800,354.4500,354.4800
1788358794,354.5100,354.5100,354.4300,354.4700
1788358795,354.4800,354.4800,354.4800,354.4800
1788358796,354.5000,354.5000,354.4200,354.4600
1788358797,354.5000,354.5000,354.5000,354.5000
1788358798,354.4950,354.5700,354.4950,354.5650
1788358799,354.6000,354.6300,354.6000,354.6300
1788358800,354.5900,354.5900,354.5800,354.5800
1788358801,354.5400,354.5400,354.4500,354.4600
1788358802,354.5050,354.6200,354.5050,354.6200
1788358803,354.6600,354.7000,354.6600,354.7000
1788358804,354.7100,354.7500,354.6500,354.6500
1788358805,354.6450,354.6450,354.6100,354.6100
1788358806,354.6500,354.6500,354.5900,354.5900
1788358807,354.5800,354.5850,354.5400,354.5850
1788358808,354.5500,354.5500,354.5000,354.5200
1788358810,354.5200,354.5200,354.5100,354.5100
1788358811,354.5000,354.5200,354.5000,354.5000
1788358813,354.5100,354.6000,354.5100,354.6000
1788358814,354.6200,354.6200,354.6200,354.6200
1788358816,354.6000,354.6000,354.6000,354.6000
1788358818,354.6000,354.6000,354.6000,354.6000
1788358819,354.6000,354.6400,354.6000,354.6400
1788358820,354.6100,354.6100,354.6000,354.6000
1788358822,354.6500,354.7000,354.6500,354.7000
1788358823,354.6900,354.7700,354.6900,354.7200
1788358825,354.6700,354.6700,354.5400,354.5800
1788358826,354.5650,354.5650,354.5650,354.5650
1788358827,354.5100,354.5100,354.3400,354.4500
1788358829,354.4000,354.4000,354.3200,354.3700
1788358830,354.3300,354.3300,354.3200,354.3200
1788358831,354.3200,354.3350,354.1100,354.1400
1788358832,354.1000,354.1300,353.9300,353.9300
1788358833,353.9200,353.9500,353.8800,353.9400
1788358834,353.9700,354.0000,353.9400,353.9400
1788358835,353.9700,353.9700,353.9700,353.9700
1788358837,353.9600,353.9600,353.9000,353.9000
1788358838,353.9500,353.9600,353.9500,353.9600
1788358839,353.9300,353.9500,353.8800,353.9500
1788358840,353.9400,353.9400,353.9400,353.9400
1788358841,353.9050,353.9500,353.9050,353.9500
1788358842,353.8800,353.8800,353.7100,353.7500
1788358843,353.7600,353.7600,353.7600,353.7600
1788358844,353.6600,353.6600,353.6300,353.6600
1788358845,353.6200,353.7100,353.5700,353.6300
1788358846,353.6700,353.6700,353.6700,353.6700
1788358848,353.6900,353.7300,353.6900,353.7300
1788358849,353.6700,353.6700,353.6500,353.6500
1788358850,353.6400,353.8100,353.6400,353.8100
1788358852,353.8000,353.8600,353.8000,353.8600
1788358853,353.8000,353.8000,353.7400,353.7400
1788358854,353.7750,353.7750,353.7750,353.7750
1788358855,353.7900,353.7900,353.7900,353.7900
1788358857,353.7900,353.7900,353.7900,353.7900
1788358858,353.8100,353.8700,353.8100,353.8400
1788358861,353.9200,353.9700,353.9000,353.9200
1788358862,353.9000,353.9350,353.9000,353.9350
1788358863,353.9350,353.9350,353.9350,353.9350
1788358864,353.9100,353.9100,353.9000,353.9000
1788358865,353.9000,353.9000,353.9000,353.9000
1788358866,353.9900,354.0400,353.9900,354.0400
1788358867,354.1200,354.1200,354.1150,354.1150
1788358869,354.1500,354.2100,354.1500,354.2100
1788358871,354.2400,354.2500,354.1300,354.1300
1788358872,354.1800,354.1800,354.1800,354.1800
1788358873,354.1100,354.1100,354.0600,354.0600
1788358874,354.0000,354.0100,353.9200,353.9700
1788358875,354.0300,354.0300,354.0300,354.0300
1788358876,353.9850,353.9850,353.9850,353.9850
1788358877,354.0000,354.0000,353.9000,354.0000
1788358878,354.0200,354.0400,354.0200,354.0400
1788358879,354.0400,354.1300,354.0400,354.1300
1788358881,354.1800,354.1800,354.1250,354.1250
1788358882,354.1800,354.3000,354.1800,354.1900
1788358883,354.2300,354.2400,354.1600,354.2100
1788358884,354.2000,354.2100,354.2000,354.2100
1788358885,354.2000,354.2700,354.2000,354.2700
1788358886,354.2700,354.2700,354.2700,354.2700
1788358887,354.3250,354.3250,354.3000,354.3000
1788358888,354.3000,354.3050,354.3000,354.3050
1788358889,354.3300,354.4000,354.3300,354.4000
1788358891,354.4000,354.4000,354.4000,354.4000
1788358892,354.4000,354.4400,354.4000,354.4400
1788358894,354.5000,354.5500,354.5000,354.5500
1788358895,354.5100,354.5200,354.5000,354.5200
1788358897,354.5400,354.5900,354.5400,354.5900
1788358899,354.5500,354.5500,354.4800,354.4800
1788358900,354.5100,354.6800,354.5100,354.5900
1788358901,354.6000,354.6000,354.6000,354.6000
1788358903,354.6700,354.6700,354.6700,354.6700
1788358905,354.6600,354.6700,354.6200,354.6200
1788358907,354.5900,354.5900,354.5900,354.5900
1788358908,354.6400,354.6400,354.6400,354.6400
1788358909,354.6200,354.6200,354.6000,354.6050
1788358910,354.6800,354.7000,354.6600,354.6600
1788358911,354.6350,354.6600,354.6350,354.6600
1788358912,354.6600,354.6600,354.6300,354.6300
1788358913,354.5900,354.5900,354.4200,354.4300
1788358914,354.4600,354.4700,354.4600,354.4700
1788358915,354.5200,354.5500,354.5200,354.5500
1788358916,354.5500,354.5500,354.5500,354.5500
1788358917,354.5300,354.5300,354.5300,354.5300
1788358919,354.5800,354.6800,354.5800,354.6800
1788358920,354.5500,354.5500,354.5400,354.5400
1788358921,354.5500,354.5500,354.4750,354.4750
1788358922,354.5000,354.5000,354.5000,354.5000
1788358923,354.5100,354.5300,354.5100,354.5300
1788358925,354.4600,354.4600,354.4600,354.4600
1788358926,354.4800,354.5100,354.4800,354.5100
1788358928,354.4200,354.4200,354.4000,354.4000
1788358929,354.4000,354.4150,354.3800,354.3800
1788358931,354.4200,354.4500,354.4200,354.4500
1788358933,354.4500,354.4500,354.4500,354.4500
1788358935,354.4300,354.5100,354.4300,354.5000
1788358936,354.4450,354.4450,354.3700,354.3700
1788358937,354.3700,354.3700,354.3700,354.3700
1788358938,354.3500,354.3500,354.3500,354.3500
1788358939,354.4000,354.4400,354.4000,354.4400
1788358940,354.4400,354.4600,354.4400,354.4600
1788358941,354.4600,354.4600,354.4600,354.4600
1788358943,354.4100,354.4100,354.4100,354.4100
1788358944,354.4300,354.4300,354.4250,354.4250
1788358945,354.4250,354.4250,354.4250,354.4250
1788358946,354.4400,354.4400,354.4400,354.4400
1788358947,354.4000,354.4000,354.3300,354.3400
1788358948,354.3600,354.3700,354.3600,354.3600
1788358950,354.3850,354.4400,354.3850,354.4300
1788358952,354.4500,354.4600,354.4000,354.4000
1788358954,354.4000,354.4000,354.4000,354.4000
1788358956,354.4100,354.4100,354.3000,354.3300
1788358957,354.3600,354.3600,354.3600,354.3600
1788358958,354.3100,354.3100,354.2700,354.2700
1788358959,354.2800,354.3450,354.2800,354.3450
1788358960,354.3900,354.4100,354.3900,354.4100
1788358961,354.4400,354.5400,354.4400,354.5300
1788358962,354.5400,354.6000,354.5100,354.5400
1788358963,354.5400,354.5800,354.5400,354.5800
1788358964,354.5650,354.5750,354.5250,354.5600
1788358965,354.5500,354.5800,354.5500,354.5800
1788358966,354.5200,354.5900,354.4900,354.4900
1788358970,354.5200,354.5700,354.5200,354.5700
1788358973,354.6000,354.6000,354.5800,354.5800
1788358974,354.5800,354.6500,354.5800,354.6400
1788358975,354.6400,354.6400,354.5900,354.5900
1788358976,354.6000,354.6000,354.5700,354.5950
1788358977,354.6100,354.6200,354.6100,354.6200
1788358978,354.6200,354.7800,354.6200,354.7000
1788358979,354.6950,354.6950,354.6950,354.6950
1788358980,354.7700,354.7700,354.7700,354.7700
1788358981,354.7550,354.7550,354.6500,354.6600
1788358982,354.6800,354.6800,354.6800,354.6800
1788358983,354.6500,354.6500,354.6300,354.6500
1788358984,354.6000,354.6500,354.6000,354.6500
1788358985,354.6800,354.6800,354.6800,354.6800
1788358987,354.6900,354.7800,354.6900,354.7800
1788358989,354.7700,354.7800,354.7700,354.7800
1788358990,354.7600,354.8000,354.7600,354.7700
1788358991,354.8000,354.8200,354.8000,354.8200
1788358992,354.8200,354.8200,354.8200,354.8200
1788358993,354.7900,354.7900,354.7500,354.7900
1788358994,354.7900,354.8900,354.7900,354.8700
1788358995,354.8800,354.9600,354.8200,354.9500
1788358996,354.9800,354.9800,354.9450,354.9450
1788358997,354.9300,355.0800,354.9200,355.0000
1788358998,355.0000,355.0300,354.9800,354.9800
1788358999,355.0300,355.0400,355.0300,355.0400
1788359000,355.0600,355.0600,355.0600,355.0600
1788359001,355.0350,355.0350,355.0000,355.0150
1788359002,354.9700,354.9700,354.9400,354.9400
1788359003,354.9200,354.9200,354.9200,354.9200
1788359004,354.9700,355.0000,354.9700,355.0000
1788359005,355.0100,355.0100,355.0100,355.0100
1788359006,354.9900,354.9900,354.9800,354.9800
1788359008,354.9500,354.9600,354.9000,354.9600
1788359009,354.9200,354.9200,354.8900,354.8900
1788359010,354.9100,354.9300,354.8900,354.8900
1788359012,354.9100,354.9400,354.9000,354.9400
1788359013,354.9000,354.9000,354.8900,354.8900
1788359014,354.9300,354.9300,354.9100,354.9100
1788359015,354.8900,354.9400,354.8500,354.9400
1788359018,354.9400,354.9500,354.9300,354.9300
1788359019,354.9700,354.9700,354.9700,354.9700
1788359021,354.9800,354.9800,354.9200,354.9400
1788359022,354.9200,354.9600,354.8800,354.9200
1788359023,354.9400,354.9400,354.9400,354.9400
1788359024,354.9400,354.9400,354.9400,354.9400
1788359025,354.9500,354.9500,354.9500,354.9500
1788359026,354.9450,354.9450,354.9450,354.9450
1788359028,354.9700,354.9900,354.9100,354.9100
1788359029,354.9000,354.9000,354.8900,354.8900
1788359030,354.9200,354.9200,354.9200,354.9200
1788359032,354.9100,354.9200,354.9100,354.9200
1788359033,354.9500,354.9800,354.9500,354.9800
1788359034,354.9800,354.9900,354.9500,354.9500
1788359035,354.9400,354.9600,354.9400,354.9600
1788359036,354.9500,354.9500,354.9100,354.9100
1788359037,354.9200,354.9500,354.9200,354.9500
1788359038,354.9450,354.9450,354.9100,354.9100
1788359039,354.9200,354.9200,354.8500,354.8500
1788359040,354.8500,354.9300,354.8500,354.9300
1788359041,354.9600,354.9600,354.9600,354.9600
1788359042,354.9500,354.9500,354.9350,354.9350
1788359043,354.9200,354.9400,354.9200,354.9400
1788359044,354.9500,354.9800,354.7700,354.7800
1788359045,354.7300,354.7600,354.6900,354.7300
1788359047,354.7900,354.8000,354.7900,354.8000
1788359048,354.8000,354.8400,354.8000,354.8400
1788359049,354.8100,354.8100,354.8000,354.8000
1788359050,354.8500,354.8600,354.8100,354.8200
1788359051,354.8400,354.8400,354.8400,354.8400
1788359052,354.8900,354.9200,354.8900,354.9200
1788359053,354.9700,354.9700,354.9700,354.9700
1788359054,354.9350,354.9350,354.9350,354.9350
1788359056,354.9300,354.9300,354.9300,354.9300
1788359058,354.9700,355.0000,354.5800,354.6000
1788359059,354.5400,354.5600,354.4200,354.4400
1788359061,354.5100,354.5200,354.5100,354.5200
1788359063,354.4700,354.4700,354.3300,354.3600
1788359064,354.3300,354.3500,354.3200,354.3200
1788359066,354.3200,354.3250,354.3100,354.3250
1788359067,354.3000,354.3100,354.2700,354.2800
1788359069,354.2400,354.2400,354.2400,354.2400
1788359070,354.2300,354.2500,354.1900,354.1900
1788359071,354.2000,354.3000,354.2000,354.3000
1788359072,354.3200,354.3200,354.2600,354.2600
1788359074,354.3400,354.4200,354.3400,354.4200
1788359077,354.4800,354.5800,354.4800,354.5200
1788359078,354.5500,354.5600,354.5500,354.5600
1788359080,354.5400,354.6200,354.5400,354.6200
1788359082,354.6700,354.6700,354.6400,354.6400
1788359083,354.6800,354.6800,354.6800,354.6800
1788359084,354.7000,354.7000,354.6400,354.6400
1788359086,354.6300,354.6300,354.6300,354.6300
1788359087,354.7000,354.7000,354.7000,354.7000
1788359088,354.6700,354.6700,354.6700,354.6700
1788359089,354.6900,354.8400,354.6900,354.8400
1788359090,354.8600,354.9350,354.8600,354.8900
1788359091,354.8200,354.8200,354.7800,354.7800
1788359092,354.7500,354.7500,354.7500,354.7500
1788359094,354.7800,354.7800,354.7200,354.7400
1788359096,354.7900,354.7900,354.7900,354.7900
1788359097,354.8000,354.8000,354.8000,354.8000
1788359099,354.7900,354.7900,354.7900,354.7900
1788359100,354.7900,354.8700,354.7900,354.8700
1788359101,354.9000,354.9000,354.8600,354.8600
1788359102,354.8800,354.9000,354.8800,354.9000
1788359103,354.9300,354.9400,354.9300,354.9400
1788359105,354.9300,354.9300,354.8400,354.8900
1788359107,354.8200,354.8200,354.6500,354.6500
1788359108,354.6400,354.6400,354.5300,354.5300
1788359109,354.5800,354.5900,354.5800,354.5900
1788359111,354.6600,354.6600,354.6600,354.6600
1788359113,354.7100,354.7100,354.7100,354.7100
1788359117,354.7700,354.7700,354.7700,354.7700
1788359118,354.7600,354.7800,354.7400,354.7400
1788359119,354.7700,354.7700,354.7700,354.7700
1788359120,354.7200,354.7200,354.7200,354.7200
1788359121,354.7200,354.7200,354.7200,354.7200
1788359122,354.7500,354.8200,354.7500,354.7700
1788359125,354.8400,354.8900,354.8100,354.8100
1788359126,354.8500,354.8700,354.8500,354.8700
1788359127,354.8900,354.9000,354.8800,354.8800
1788359128,354.8650,354.8650,354.8650,354.8650
1788359130,354.8900,354.9000,354.8300,354.8600
1788359131,354.8800,354.8800,354.8800,354.8800
1788359133,354.8800,354.8800,354.8800,354.8800
1788359134,354.8900,354.8900,354.8900,354.8900
1788359136,354.8000,354.8000,354.7400,354.7900
1788359137,354.7900,354.8100,354.7900,354.8100
1788359141,354.7700,354.8000,354.7700,354.8000
1788359142,354.8200,354.8200,354.8200,354.8200
1788359145,354.8100,354.8100,354.8100,354.8100
1788359146,354.8100,354.8300,354.8100,354.8200
1788359147,354.8300,354.9200,354.8300,354.8900
1788359148,354.8900,354.8900,354.8900,354.8900
1788359149,354.8400,354.8400,354.8300,354.8300
1788359151,354.8400,354.9000,354.8400,354.9000
1788359152,354.8600,354.8600,354.8500,354.8500
1788359153,354.8800,354.9100,354.8800,354.9100
1788359155,354.9400,354.9500,354.9400,354.9500
1788359157,354.9400,354.9500,354.9400,354.9500
1788359158,354.9200,354.9500,354.8900,354.9500
1788359159,354.9500,354.9500,354.9400,354.9400
1788359160,354.9500,354.9500,354.9500,354.9500
1788359161,354.9600,354.9900,354.9400,354.9400
1788359162,354.9100,355.0300,354.9100,355.0300
1788359163,355.0400,355.0700,354.9800,354.9800
1788359164,354.9500,354.9900,354.9500,354.9900
1788359165,354.9800,355.0300,354.9800,355.0300
1788359166,355.0000,355.0400,354.9900,354.9900
1788359167,355.0200,355.1500,355.0200,355.1400
1788359168,355.1200,355.1200,355.0300,355.0300
1788359169,355.0300,355.0300,355.0200,355.0300
1788359170,355.0400,355.0900,355.0400,355.0900
1788359171,355.0700,355.0700,355.0600,355.0600
1788359172,355.1000,355.1000,355.1000,355.1000
1788359173,355.1100,355.1300,355.1100,355.1300
1788359174,355.1400,355.1600,355.1400,355.1600
1788359175,355.1700,355.2500,355.1400,355.1800
1788359176,355.2300,355.2500,355.2000,355.2000
1788359177,355.2000,355.2800,355.2000,355.2700
1788359179,355.2900,355.3400,355.2800,355.3200
1788359180,355.3100,355.3400,355.3100,355.3400
1788359181,355.3500,355.3500,355.2100,355.2100
1788359182,355.1600,355.1900,355.1400,355.1400
1788359183,355.1550,355.1700,355.1550,355.1700
1788359184,355.1700,355.1700,355.1700,355.1700
1788359185,355.1600,355.1900,355.1200,355.1800
1788359186,355.2000,355.2000,355.1850,355.1850
1788359187,355.2100,355.2200,355.2100,355.2200
1788359188,355.2150,355.2300,355.2150,355.2300
1788359189,355.2200,355.2200,355.2200,355.2200
1788359191,355.2700,355.3000,355.2600,355.2600
1788359192,355.2500,355.2500,355.1400,355.1400
1788359194,355.1000,355.1400,355.1000,355.1000
1788359195,355.1600,355.1900,355.1500,355.1500
1788359196,355.2000,355.2000,354.8900,354.9600
1788359198,355.0000,355.0000,355.0000,355.0000
1788359199,355.0200,355.0200,355.0200,355.0200
1788359202,355.1500,355.2300,355.1500,355.1500
1788359203,355.0900,355.0900,355.0100,355.0450
1788359204,355.1000,355.1300,355.1000,355.1300
1788359205,355.1100,355.1100,355.1100,355.1100
1788359206,355.1300,355.1300,355.1300,355.1300
1788359207,355.1300,355.1600,355.1300,355.1600
1788359208,355.1100,355.1300,355.1100,355.1300
1788359209,355.1000,355.1300,355.0900,355.1300
1788359211,355.2000,355.2500,355.2000,355.2500
1788359212,355.2800,355.2800,355.2800,355.2800
1788359214,355.1900,355.1900,355.1800,355.1800
1788359215,355.1500,355.1500,355.1500,355.1500
1788359216,355.1700,355.1800,355.1700,355.1800
1788359217,355.2000,355.2000,355.2000,355.2000
1788359218,355.1750,355.2500,355.1750,355.2500
1788359219,355.2700,355.2700,355.2700,355.2700
1788359220,355.2800,355.4500,355.2800,355.4500
1788359221,355.3900,355.3900,355.3700,355.3700
1788359223,355.3750,355.3750,355.3100,355.3100
1788359224,355.3800,355.3800,355.2800,355.2800
1788359225,355.3000,355.3100,355.3000,355.3100
1788359226,355.2650,355.2650,355.0000,355.0000
1788359227,355.0700,355.2700,355.0700,355.1300
1788359228,355.1150,355.1150,355.1100,355.1100
1788359229,355.1800,355.1800,355.1300,355.1300
1788359231,355.1800,355.2100,355.1800,355.2100
1788359232,355.2600,355.2600,355.2600,355.2600
1788359233,355.3000,355.3000,355.3000,355.3000
1788359234,355.3000,355.3100,355.3000,355.3100
1788359235,355.2600,355.2600,355.2500,355.2500
1788359236,355.2950,355.2950,355.2950,355.2950
1788359237,355.2700,355.2700,355.2000,355.2000
1788359238,355.2700,355.2700,355.2700,355.2700
1788359240,355.2500,355.2800,355.2500,355.2700
1788359241,355.2900,355.3200,355.2900,355.2900
1788359242,355.2800,355.2800,355.2800,355.2800
1788359244,355.3600,355.3600,355.3600,355.3600
1788359245,355.3600,355.3600,355.2800,355.2800
1788359248,355.3100,355.3500,355.2700,355.3500
1788359249,355.3700,355.4000,355.3700,355.4000
1788359250,355.4200,355.5900,355.4200,355.5700
1788359251,355.5500,355.5900,355.5400,355.5900
1788359252,355.6000,355.6200,355.5700,355.6200
1788359253,355.5700,355.5700,355.5200,355.5300
1788359254,355.5300,355.5300,355.5300,355.5300
1788359255,355.5000,355.5000,355.5000,355.5000
1788359259,355.5100,355.5100,355.5100,355.5100
1788359260,355.4700,355.4800,355.4000,355.4000
1788359261,355.4200,355.4200,355.4200,355.4200
1788359262,355.4300,355.4300,355.4300,355.4300
1788359264,355.4600,355.4700,355.4600,355.4700
1788359265,355.4600,355.5400,355.4600,355.5400
1788359266,355.5400,355.5400,355.5400,355.5400
1788359267,355.5900,355.6200,355.5500,355.6200
1788359268,355.6500,355.6800,355.6500,355.6700
1788359269,355.6800,355.7300,355.6800,355.7300
1788359270,355.7300,355.8200,355.7300,355.8100
1788359271,355.8000,355.8000,355.7200,355.7700
1788359272,355.8000,355.8000,355.8000,355.8000
1788359273,355.8000,355.8300,355.7900,355.7900
1788359274,355.7600,355.7600,355.6900,355.6900
1788359275,355.6500,355.6500,355.6000,355.6000
1788359276,355.6500,355.6800,355.6400,355.6800
1788359277,355.6700,355.7100,355.6700,355.6900
1788359278,355.7300,355.7400,355.7300,355.7400
1788359279,355.7400,355.7800,355.7300,355.7800
1788359280,355.7800,355.7800,355.7650,355.7650
1788359281,355.7900,355.8300,355.6700,355.6900
1788359282,355.7100,355.7900,355.6100,355.6500
1788359283,355.6550,355.6550,355.5800,355.5800
1788359284,355.6000,355.6000,355.4200,355.4250
1788359285,355.3800,355.3800,355.3650,355.3650
1788359287,355.3650,355.3650,355.3650,355.3650
1788359288,355.4100,355.4100,355.3400,355.4100
1788359289,355.3750,355.4500,355.3700,355.3700
1788359290,355.4300,355.4400,355.4300,355.4400
1788359291,355.4500,355.4550,355.4500,355.4550
1788359292,355.4800,355.5600,355.4200,355.4900
1788359294,355.4600,355.4600,355.4100,355.4600
1788359295,355.4300,355.4300,355.3000,355.3000
1788359297,355.2500,355.3800,355.2400,355.3800
1788359298,355.3800,355.3800,355.3800,355.3800
1788359300,355.4000,355.4000,355.4000,355.4000
1788359301,355.4900,355.5000,355.4900,355.5000
1788359303,355.5000,355.5000,355.5000,355.5000
1788359305,355.5900,355.5900,355.5900,355.5900
1788359306,355.5600,355.5600,355.3900,355.3900
1788359308,355.4100,355.4100,355.4100,355.4100
1788359310,355.3300,355.3400,355.2900,355.3400
1788359311,355.2700,355.5000,355.2700,355.4400
1788359312,355.4500,355.4500,355.4200,355.4200
1788359315,355.4300,355.4300,355.4300,355.4300
1788359316,355.3900,355.3900,355.3700,355.3800
1788359317,355.3700,355.4700,355.3400,355.3400
1788359319,355.2900,355.3300,355.2700,355.3300
1788359320,355.3300,355.3300,355.3000,355.3000
1788359321,355.3500,355.3500,355.3500,355.3500
1788359322,355.3700,355.3800,355.3700,355.3800
1788359323,355.3900,355.4000,355.3900,355.4000
1788359326,355.4600,355.4700,355.4600,355.4700
1788359327,355.4700,355.5000,355.4700,355.5000
1788359328,355.4500,355.4500,355.2600,355.2600
1788359329,355.2500,355.2600,354.7700,354.9100
1788359330,354.7900,354.8100,354.6500,354.7600
1788359331,354.8200,354.8200,354.7600,354.7900
1788359332,354.7600,354.7600,354.6400,354.6500
1788359333,354.6200,354.6900,354.6000,354.6300
1788359335,354.5900,354.6100,354.5300,354.6100
1788359336,354.6600,354.6600,354.6600,354.6600
1788359338,354.6800,354.7000,354.6800,354.7000
1788359340,354.7600,354.7600,354.7600,354.7600
1788359341,354.7700,354.7800,354.7700,354.7700
1788359342,354.7900,354.7900,354.7900,354.7900
1788359343,354.8200,354.8600,354.8000,354.8600
1788359344,354.8700,354.9000,354.7400,354.7800
1788359345,354.7400,354.7400,354.6300,354.6300
1788359346,354.5100,354.6250,354.4400,354.6250
1788359348,354.6600,354.6800,354.6600,354.6800
1788359349,354.6400,354.6400,354.6400,354.6400
1788359350,354.6900,354.7700,354.6900,354.7700
1788359354,354.7000,354.7300,354.6900,354.7300
1788359356,354.6900,354.7800,354.6900,354.7800
1788359359,354.7600,354.7600,354.7600,354.7600
1788359360,354.8000,354.8500,354.8000,354.8500
1788359361,354.8200,354.8500,354.7200,354.7600
1788359362,354.7000,354.7000,354.6900,354.6900
1788359363,354.7200,354.7200,354.7200,354.7200
1788359365,354.7350,354.7350,354.7350,354.7350
1788359367,354.7800,354.7800,354.7800,354.7800
1788359370,354.8000,354.9200,354.8000,354.9200
1788359371,354.9600,354.9600,354.9600,354.9600
1788359373,354.9300,354.9300,354.8600,354.8600
1788359374,354.8800,354.8800,354.8800,354.8800
1788359377,354.8550,354.8550,354.8100,354.8100
1788359378,354.8800,354.9300,354.8800,354.9300
1788359379,354.9500,355.0000,354.9500,355.0000
1788359380,355.0000,355.0000,355.0000,355.0000
1788359381,355.0000,355.0000,355.0000,355.0000
1788359382,355.0300,355.0500,355.0300,355.0400
1788359383,355.0000,355.0000,354.9000,354.9000
1788359384,354.9350,354.9700,354.9350,354.9700
1788359385,354.9900,355.0200,354.9900,355.0200
1788359386,355.0300,355.0300,355.0300,355.0300
1788359387,355.0700,355.0700,354.9800,354.9800
1788359388,355.0000,355.0000,355.0000,355.0000
1788359389,355.0000,355.0100,355.0000,355.0100
1788359390,355.0200,355.0400,355.0000,355.0400
1788359391,355.0000,355.0300,355.0000,355.0300
1788359392,355.0600,355.0600,355.0600,355.0600
1788359393,355.1200,355.1600,355.1200,355.1600
1788359394,355.1200,355.1200,355.0000,355.1100
1788359395,355.1600,355.1600,355.1600,355.1600
1788359396,355.1800,355.2700,355.0700,355.0700
1788359397,355.0300,355.0300,355.0200,355.0200
1788359400,355.0300,355.0600,354.9900,354.9900
1788359402,355.0900,355.2300,355.0900,355.2300
1788359403,355.1400,355.1400,355.0900,355.1400
1788359406,355.0950,355.1700,355.0950,355.1700
1788359407,355.1400,355.1400,355.1400,355.1400
1788359408,355.0800,355.0800,355.0800,355.0800
1788359409,355.0800,355.0800,355.0800,355.0800
1788359410,355.1100,355.1300,355.0800,355.0850
1788359411,355.1100,355.2000,355.1100,355.2000
1788359412,355.2000,355.2000,355.2000,355.2000
1788359414,355.2300,355.2400,355.2300,355.2400
1788359416,355.2900,355.3000,355.2900,355.3000
1788359417,355.3200,355.3200,355.3200,355.3200
1788359418,355.3400,355.3400,355.3100,355.3100
1788359419,355.2800,355.2800,355.2800,355.2800
1788359420,355.2800,355.2800,355.1900,355.2000
1788359421,355.2200,355.2200,355.2200,355.2200
1788359422,355.2300,355.2300,355.2300,355.2300
1788359424,355.2300,355.2300,355.2300,355.2300
1788359425,355.2700,355.2700,355.2700,355.2700
1788359426,355.2800,355.2800,355.2800,355.2800
1788359428,355.3000,355.3000,355.3000,355.3000
1788359429,355.3400,355.3700,355.3400,355.3700
1788359430,355.3200,355.3200,355.2950,355.3200
1788359431,355.3300,355.3500,355.3000,355.3500
1788359432,355.2600,355.3050,355.2600,355.3000
1788359433,355.3000,355.3000,355.2600,355.2800
1788359436,355.3100,355.3100,355.2200,355.2550
1788359437,355.2900,355.2900,355.2900,355.2900
1788359442,355.2900,355.2900,355.2900,355.2900
1788359443,355.2600,355.2600,355.2600,355.2600
1788359444,355.2950,355.2950,355.2700,355.2700
1788359445,355.2950,355.2950,355.2950,355.2950
1788359446,355.2900,355.3000,355.2900,355.3000
1788359447,355.3050,355.3050,355.3050,355.3050
1788359448,355.3050,355.3400,355.3050,355.3400
1788359450,355.3400,355.3500,355.3000,355.3400
1788359451,355.3300,355.3300,355.3300,355.3300
1788359452,355.3300,355.3300,355.3300,355.3300
1788359453,355.3600,355.3600,355.3600,355.3600
1788359454,355.3800,355.4500,355.3800,355.4000
1788359456,355.3600,355.3600,355.3500,355.3500
1788359457,355.3200,355.3200,355.2500,355.2800
1788359460,355.3200,355.3200,355.3200,355.3200
1788359461,355.3100,355.3300,355.3100,355.3300
1788359463,355.3500,355.3600,355.2600,355.3500
1788359465,355.3600,355.3600,355.3400,355.3400
1788359466,355.2700,355.2700,355.1500,355.1500
1788359469,355.2100,355.2100,355.2100,355.2100
1788359470,355.1650,355.1650,355.1650,355.1650
1788359471,355.2200,355.2200,355.1900,355.1900
1788359472,355.2500,355.2500,355.2300,355.2300
1788359474,355.2400,355.2400,355.2400,355.2400
1788359475,355.2100,355.2100,355.1700,355.1700
1788359476,355.1600,355.2000,355.1600,355.1800
1788359478,355.1400,355.1900,355.1100,355.1900
1788359480,355.2300,355.2300,355.2300,355.2300
1788359481,355.2400,355.2400,355.2400,355.2400
1788359482,355.2100,355.2200,355.1600,355.2000
1788359484,355.1500,355.1500,355.1500,355.1500
1788359486,355.1500,355.1500,355.1500,355.1500
1788359487,355.1800,355.1800,355.1800,355.1800
1788359492,355.1300,355.1300,355.1300,355.1300
1788359494,355.2100,355.2100,355.2100,355.2100
1788359495,355.2200,355.2300,355.2100,355.2100
1788359497,355.2500,355.2900,355.2000,355.2000
1788359498,355.1200,355.1700,355.1200,355.1700
1788359499,355.1700,355.1800,355.1700,355.1800
1788359500,355.0900,355.0900,355.0900,355.0900
1788359502,355.0900,355.0900,355.0900,355.0900
1788359505,355.1200,355.1400,355.1100,355.1400
1788359506,355.1600,355.1600,354.9900,354.9900
1788359507,354.8900,354.8900,354.8500,354.8700
1788359508,354.9000,354.9000,354.8900,354.9000
1788359509,354.8900,354.9000,354.8800,354.9000
1788359510,354.8700,354.8700,354.8400,354.8400
1788359511,354.8750,354.8750,354.8400,354.8400
1788359512,354.8200,354.8200,354.8000,354.8000
1788359513,354.8250,354.8250,354.8250,354.8250
1788359515,354.8500,354.8800,354.8500,354.8800
1788359516,354.8750,354.8750,354.8750,354.8750
1788359518,354.9200,354.9400,354.9000,354.9300
1788359521,354.9150,354.9150,354.9150,354.9150
1788359523,354.9000,354.9000,354.8200,354.8200
1788359525,354.7900,354.7900,354.7500,354.7500
1788359529,354.8000,354.8000,354.7900,354.7900
1788359530,354.7500,354.7500,354.6850,354.6900
1788359531,354.6900,354.7500,354.6800,354.6800
1788359532,354.6700,354.6800,354.6500,354.6800
1788359533,354.6550,354.6550,354.6450,354.6450
1788359534,354.6450,354.6450,354.6450,354.6450
1788359535,354.6800,354.6900,354.6700,354.6700
1788359536,354.6700,354.7600,354.6700,354.7350
1788359538,354.7400,354.7700,354.7100,354.7100
1788359539,354.7500,354.7500,354.7500,354.7500
1788359540,354.7000,354.7000,354.7000,354.7000
1788359541,354.7200,354.7200,354.6600,354.6600
1788359542,354.6200,354.6600,354.6200,354.6600
1788359544,354.6900,354.6900,354.6900,354.6900
1788359545,354.6900,354.7000,354.6600,354.6600
1788359546,354.6600,354.6600,354.6000,354.6000
1788359548,354.6200,354.6200,354.5400,354.5400
1788359551,354.5850,354.5850,354.5000,354.5000
1788359553,354.4800,354.4800,354.4800,354.4800
1788359554,354.4900,354.5800,354.4900,354.5200
1788359555,354.5600,354.5700,354.5200,354.5200
1788359556,354.5800,354.5800,354.5800,354.5800
1788359558,354.5500,354.6050,354.5400,354.5700
1788359560,354.5700,354.5700,354.5700,354.5700
1788359561,354.5900,354.6200,354.5000,354.5000
1788359563,354.5200,354.6000,354.5200,354.6000
1788359564,354.6300,354.7500,354.6100,354.7500
1788359565,354.7500,354.7500,354.7500,354.7500
1788359566,354.7300,354.7300,354.7100,354.7100
1788359568,354.7200,354.7300,354.7200,354.7300
1788359569,354.7700,354.8100,354.7700,354.8000
1788359570,354.8200,354.8500,354.7800,354.7900
1788359572,354.8100,354.8100,354.8100,354.8100
1788359574,354.7800,354.7800,354.7200,354.7200
1788359575,354.7700,354.8500,354.7700,354.8500
1788359576,354.7800,354.7800,354.7800,354.7800
1788359579,354.7700,354.7700,354.6900,354.6900
1788359580,354.6850,354.7100,354.6850,354.7100
1788359583,354.6600,354.6600,354.6000,354.6000
1788359584,354.5850,354.5850,354.5850,354.5850
1788359585,354.6300,354.6500,354.6300,354.6500
1788359590,354.7200,354.7200,354.7200,354.7200
1788359594,354.7250,354.7250,354.6300,354.6300
1788359595,354.6200,354.6200,354.6000,354.6000
1788359596,354.6400,354.6400,354.6400,354.6400
1788359597,354.5800,354.5800,354.5800,354.5800
1788359599,354.6000,354.6000,354.5500,354.5500
1788359600,354.6000,354.6700,354.5850,354.5950
1788359602,354.5400,354.5400,354.5400,354.5400
1788359603,354.5400,354.5400,354.4500,354.4500
1788359605,354.4300,354.4600,354.3900,354.3900
1788359606,354.4350,354.4400,354.4150,354.4400
1788359607,354.3800,354.3800,354.3700,354.3700
1788359608,354.3800,354.3800,354.3800,354.3800
1788359609,354.3900,354.3900,354.3900,354.3900
1788359610,354.3900,354.3900,354.3900,354.3900
1788359611,354.4100,354.4500,354.4100,354.4500
1788359612,354.4800,354.5800,354.4800,354.5800
1788359615,354.5900,354.6600,354.5800,354.5800
1788359616,354.5700,354.5700,354.5600,354.5600
1788359617,354.5400,354.5400,354.5400,354.5400
1788359618,354.5200,354.5200,354.4500,354.4500
1788359620,354.4550,354.4550,354.4550,354.4550
1788359621,354.4200,354.4200,354.2800,354.3300
1788359622,354.3700,354.3700,354.3700,354.3700
1788359623,354.3900,354.3900,354.3900,354.3900
1788359625,354.5000,354.5300,354.5000,354.5300
1788359626,354.4500,354.4500,354.4000,354.4000
1788359627,354.4700,354.5000,354.4700,354.5000
1788359629,354.5300,354.6000,354.5300,354.6000
1788359633,354.5800,354.5800,354.5800,354.5800
1788359634,354.6200,354.6200,354.6200,354.6200
1788359637,354.6200,354.6700,354.6200,354.6700
1788359638,354.6700,354.6700,354.6700,354.6700
1788359639,354.7000,354.7200,354.7000,354.7200
1788359641,354.8300,354.8300,354.8300,354.8300
1788359642,354.8600,354.8600,354.8600,354.8600
1788359643,354.8800,354.9100,354.7900,354.8200
1788359644,354.8250,354.8250,354.8250,354.8250
1788359645,354.8300,354.8800,354.8300,354.8800
1788359649,354.8300,354.8300,354.7450,354.7700
1788359650,354.7800,354.8300,354.7800,354.8000
1788359653,354.8600,354.8600,354.8600,354.8600
1788359654,354.8900,355.0200,354.8900,355.0200
1788359656,355.0500,355.1000,355.0100,355.0100
1788359657,355.0600,355.1400,355.0600,355.1100
1788359658,355.0900,355.1100,355.0650,355.0650
1788359659,355.1100,355.2700,355.1100,355.2600
1788359661,355.2400,355.2600,355.1600,355.1600
1788359662,355.2000,355.2000,355.2000,355.2000
1788359664,355.2000,355.2500,355.2000,355.2500
1788359668,355.2000,355.2000,355.1500,355.2000
1788359670,355.2000,355.2000,355.2000,355.2000
1788359671,355.1600,355.1600,355.1100,355.1100
1788359673,355.1200,355.1200,355.1200,355.1200
1788359676,355.1900,355.2700,355.1900,355.2100
1788359677,355.1700,355.1700,354.9200,355.0100
1788359680,355.0900,355.1000,355.0900,355.1000
1788359683,355.0700,355.0700,355.0000,355.0000
1788359684,355.0400,355.0500,355.0400,355.0500
1788359686,354.9600,354.9600,354.9500,354.9500
1788359687,355.0200,355.0200,355.0000,355.0000
1788359688,355.0900,355.1300,355.0900,355.1300
1788359690,355.2500,355.2500,355.2500,355.2500
1788359691,355.2500,355.3400,355.2500,355.3000
1788359692,355.3350,355.3350,355.3350,355.3350
1788359693,355.3300,355.3300,355.3300,355.3300
1788359696,355.3800,355.3900,355.3500,355.3500
1788359698,355.2500,355.2500,355.2500,355.2500
1788359700,355.2350,355.2900,355.2350,355.2900
1788359701,355.2900,355.2900,355.2500,355.2800
1788359703,355.3000,355.3000,355.3000,355.3000
1788359704,355.3000,355.3000,355.2500,355.2500
1788359705,355.2100,355.2300,355.1800,355.2300
1788359707,355.2000,355.2000,355.2000,355.2000
1788359708,355.2800,355.2800,355.2800,355.2800
1788359710,355.2300,355.2300,355.2300,355.2300
1788359712,355.1900,355.2400,355.1600,355.2400
1788359713,355.2300,355.2600,355.2300,355.2600
1788359714,355.2600,355.2800,355.2400,355.2800
1788359715,355.2300,355.2900,355.2300,355.2900
1788359716,355.2200,355.2200,355.1900,355.1900
1788359717,355.2400,355.2400,355.2400,355.2400
1788359718,355.2300,355.2300,355.2300,355.2300
1788359722,355.2700,355.3000,355.2700,355.3000
1788359724,355.2900,355.2900,355.2900,355.2900
1788359725,355.3200,355.3500,355.3200,355.3200
1788359726,355.2900,355.3300,355.2900,355.3300
1788359727,355.2900,355.3000,355.2600,355.2600
1788359728,355.1800,355.1800,355.0700,355.0700
1788359729,355.1400,355.1400,355.1400,355.1400
1788359732,355.0950,355.0950,355.0600,355.0600
1788359733,355.0100,355.0100,354.9500,354.9500
1788359734,355.0000,355.0000,355.0000,355.0000
1788359735,355.0200,355.1500,355.0200,355.1500
1788359737,355.0700,355.0700,354.9800,354.9800
1788359742,355.0000,355.0000,355.0000,355.0000
1788359745,355.0200,355.0200,355.0200,355.0200
1788359746,355.0500,355.1000,355.0500,355.1000
1788359749,355.1800,355.1900,355.1800,355.1900
1788359754,355.1800,355.1800,355.1800,355.1800
1788359757,355.2000,355.2500,355.2000,355.2100
1788359758,355.1900,355.2000,355.1700,355.1700
1788359760,355.2000,355.2200,355.2000,355.2200
1788359762,355.2900,355.2900,355.2400,355.2400
1788359763,355.2350,355.2700,355.2350,355.2700
1788359765,355.2800,355.2800,355.2800,355.2800
1788359769,355.2550,355.2900,355.2100,355.2100
1788359772,355.2500,355.2500,355.2500,355.2500
1788359773,355.2100,355.2800,355.1900,355.2800
1788359774,355.2600,355.2600,355.2600,355.2600
1788359775,355.2900,355.2900,355.2900,355.2900
1788359776,355.2900,355.2900,355.2900,355.2900
1788359780,355.3000,355.3000,355.2700,355.2750
1788359781,355.3100,355.3100,355.3100,355.3100
1788359786,355.2300,355.2300,355.1600,355.1600
1788359787,355.1700,355.2200,355.1700,355.2000
1788359790,355.2600,355.2600,355.2600,355.2600
1788359792,355.2600,355.3500,355.2600,355.3100
1788359793,355.3200,355.3200,355.2700,355.2700
1788359794,355.3100,355.3100,355.3100,355.3100
1788359796,355.2800,355.3200,355.2800,355.3200
1788359797,355.2700,355.2900,355.2700,355.2900
1788359798,355.2400,355.2600,355.2400,355.2600
1788359800,355.3500,355.3500,355.3500,355.3500
1788359801,355.3350,355.3350,355.3350,355.3350
1788359804,355.3350,355.4600,355.3350,355.4200
1788359807,355.4400,355.4400,355.4400,355.4400
1788359808,355.4900,355.5100,355.2800,355.3100
1788359811,355.3300,355.3700,355.3300,355.3700
1788359812,355.4000,355.4400,355.4000,355.4400
1788359814,355.4500,355.4700,355.4400,355.4400
1788359816,355.4800,355.4900,355.4800,355.4900
1788359817,355.4500,355.4800,355.3800,355.4300
1788359819,355.4400,355.4400,355.4400,355.4400
1788359820,355.4300,355.4500,355.4300,355.4500
1788359821,355.4100,355.4100,355.4100,355.4100
1788359822,355.4700,355.4700,355.4300,355.4300
1788359823,355.4500,355.4500,355.4000,355.4300
1788359824,355.3600,355.4000,355.2700,355.3200
1788359826,355.3600,355.3600,355.3600,355.3600
1788359828,355.4500,355.4500,355.4500,355.4500
1788359829,355.4600,355.5900,355.4600,355.5700
1788359830,355.5750,355.6800,355.5400,355.5650
1788359831,355.5800,355.5800,355.5800,355.5800
1788359832,355.5900,355.5900,355.5900,355.5900
1788359833,355.5600,355.5600,355.5600,355.5600
1788359836,355.5300,355.5500,355.5100,355.5500
1788359837,355.4700,355.4700,355.4700,355.4700
1788359838,355.5100,355.5200,355.4900,355.4900
1788359839,355.5000,355.5300,355.4700,355.5200
1788359840,355.5100,355.5100,355.4600,355.4600
1788359842,355.4500,355.4600,355.3700,355.3700
1788359844,355.3800,355.3800,355.3800,355.3800
1788359845,355.3900,355.4200,355.3900,355.4100
1788359846,355.4200,355.4900,355.4200,355.4900
1788359847,355.5000,355.5100,355.4700,355.5100
1788359848,355.5100,355.5100,355.4800,355.4800
1788359849,355.4800,355.5100,355.4800,355.4850
1788359851,355.4850,355.5300,355.4850,355.5300
1788359853,355.4500,355.4500,355.4500,355.4500
1788359855,355.5000,355.5400,355.5000,355.5400
1788359856,355.5700,355.5700,355.5700,355.5700
1788359857,355.5500,355.5500,355.5500,355.5500
1788359858,355.5200,355.5400,355.5100,355.5400
1788359860,355.5500,355.5500,355.5500,355.5500
1788359862,355.5400,355.5400,355.5100,355.5400
1788359863,355.5800,355.6300,355.5800,355.6300
1788359864,355.6400,355.6400,355.6400,355.6400
1788359866,355.6200,355.6300,355.6000,355.6300
1788359869,355.6300,355.6300,355.5400,355.5400
1788359870,355.6200,355.6200,355.6200,355.6200
1788359871,355.6100,355.6100,355.6100,355.6100
1788359872,355.5700,355.5700,355.5650,355.5650
1788359875,355.6200,355.6200,355.6200,355.6200
1788359876,355.6400,355.6400,355.6400,355.6400
1788359878,355.6000,355.6000,355.5600,355.5600
1788359881,355.5750,355.5750,355.5700,355.5700
1788359883,355.5600,355.6000,355.5600,355.5900
1788359884,355.5900,355.5900,355.5500,355.5900
1788359885,355.6100,355.6100,355.6100,355.6100
1788359886,355.6400,355.6400,355.6050,355.6050
1788359887,355.6050,355.6050,355.6050,355.6050
1788359888,355.5800,355.5800,355.1300,355.3550
1788359889,355.3700,355.3700,355.3200,355.3200
1788359890,355.3600,355.4100,355.3600,355.4100
1788359892,355.3100,355.3500,355.2500,355.3500
1788359893,355.3600,355.4300,355.3600,355.4200
1788359894,355.4750,355.4750,355.4750,355.4750
1788359895,355.4500,355.4500,355.4400,355.4400
1788359896,355.4650,355.4650,355.4200,355.4200
1788359898,355.4500,355.4500,355.4500,355.4500
1788359899,355.4500,355.4900,355.4200,355.4900
1788359900,355.5000,355.5000,355.5000,355.5000
1788359902,355.5500,355.5900,355.4950,355.4950
1788359903,355.5600,355.5700,355.5600,355.5700
1788359904,355.5700,355.5800,355.5700,355.5800
1788359905,355.5800,355.5800,355.5800,355.5800
1788359906,355.5500,355.5500,355.5500,355.5500
1788359907,355.5600,355.5600,355.4900,355.4900
1788359910,355.4700,355.4700,355.3900,355.3900
1788359911,355.4600,355.4600,355.4600,355.4600
1788359913,355.4300,355.4300,355.4300,355.4300
1788359914,355.3800,355.3800,355.3500,355.3500
1788359915,355.3000,355.3000,355.3000,355.3000
1788359916,355.2300,355.2300,355.2200,355.2200
1788359918,355.1200,355.1500,355.1100,355.1500
1788359921,355.1000,355.1200,355.0700,355.0900
1788359923,355.1000,355.1700,355.0900,355.1700
1788359927,355.1800,355.1800,355.1800,355.1800
1788359928,355.1900,355.2400,355.1900,355.2400
1788359930,355.3000,355.3000,355.3000,355.3000
1788359933,355.3100,355.3100,355.3100,355.3100
1788359934,355.3100,355.3100,355.3100,355.3100
1788359935,355.3100,355.3200,355.3100,355.3200
1788359939,355.2400,355.2400,355.2100,355.2400
1788359941,355.2700,355.2700,355.2700,355.2700
1788359943,355.3100,355.3300,355.3100,355.3300
1788359947,355.3600,355.3800,355.3600,355.3800
1788359948,355.3700,355.3800,355.3700,355.3700
1788359949,355.3900,355.3900,355.3900,355.3900
1788359950,355.3500,355.3700,355.3400,355.3700
1788359953,355.4000,355.4200,355.4000,355.4000
1788359954,355.4200,355.4200,355.4200,355.4200
1788359955,355.3600,355.3600,355.3600,355.3600
1788359956,355.4100,355.4100,355.3900,355.4000
1788359958,355.4300,355.4300,355.4300,355.4300
1788359960,355.4000,355.5500,355.4000,355.5500
1788359961,355.5350,355.5350,355.5350,355.5350
1788359962,355.5600,355.5700,355.5600,355.5700
1788359963,355.5800,355.6500,355.5800,355.6500
1788359965,355.6300,355.6500,355.6300,355.6500
1788359966,355.6300,355.6400,355.6300,355.6400
1788359967,355.6300,355.6400,355.6200,355.6400
1788359968,355.6200,355.6300,355.5600,355.5600
1788359969,355.5200,355.5200,355.5000,355.5000
1788359970,355.4000,355.4300,355.3900,355.4300
1788359971,355.3800,355.3800,355.3800,355.3800
1788359972,355.4100,355.4900,355.4100,355.4900
1788359976,355.5100,355.5600,355.5100,355.5600
1788359977,355.5600,355.5600,355.5300,355.5300
1788359978,355.5700,355.5900,355.5700,355.5900
1788359979,355.6000,355.6000,355.4700,355.4700
1788359981,355.4550,355.4550,355.4000,355.4000
1788359982,355.4000,355.4400,355.4000,355.4400
1788359983,355.4700,355.5200,355.4700,355.5200
1788359984,355.4550,355.4550,355.4550,355.4550
1788359985,355.4600,355.4600,355.4600,355.4600
1788359986,355.4300,355.4700,355.4300,355.4550
1788359988,355.4500,355.4700,355.4500,355.4700
1788359990,355.5200,355.5200,355.5200,355.5200
1788359992,355.4600,355.4600,355.4600,355.4600
1788359993,355.5000,355.5000,355.4000,355.4000
1788359994,355.4200,355.4400,355.4200,355.4400
1788359996,355.4800,355.4800,355.4800,355.4800
1788359997,355.5100,355.5100,355.5100,355.5100
1788359998,355.5400,355.5500,355.5400,355.5400
1788359999,355.6000,355.6000,355.6000,355.6000
1788360000,355.6000,355.6300,355.6000,355.6300
1788360002,355.6300,355.6300,355.6300,355.6300
1788360003,355.6000,355.6000,355.5500,355.5600
1788360004,355.5100,355.5400,355.5100,355.5400
1788360006,355.5500,355.5900,355.5500,355.5900
1788360007,355.5300,355.5300,355.5300,355.5300
1788360008,355.4700,355.5300,355.4700,355.5200
1788360010,355.5200,355.5400,355.5200,355.5400
1788360011,355.5300,355.5300,355.4900,355.4900
1788360012,355.5200,355.5700,355.5200,355.5700
1788360013,355.6000,355.6200,355.6000,355.6200
1788360014,355.5700,355.5700,355.5700,355.5700
1788360018,355.6000,355.6000,355.6000,355.6000
1788360019,355.5200,355.5200,355.5000,355.5000
1788360020,355.5400,355.5600,355.5400,355.5600
1788360021,355.5400,355.5600,355.5400,355.5600
1788360022,355.5600,355.5900,355.5600,355.5900
1788360024,355.5550,355.5550,355.4900,355.5100
1788360025,355.5150,355.5150,355.5150,355.5150
1788360028,355.5600,355.5600,355.5600,355.5600
1788360029,355.5500,355.5600,355.5500,355.5600
1788360032,355.5400,355.5400,355.5400,355.5400
1788360033,355.5600,355.5600,355.5100,355.5100
1788360035,355.5000,355.5600,355.5000,355.5300
1788360036,355.5100,355.5100,355.5100,355.5100
1788360038,355.5200,355.5500,355.5200,355.5500
1788360040,355.5400,355.5600,355.5350,355.5350
1788360041,355.5000,355.5300,355.4700,355.5200
1788360043,355.5300,355.5300,355.5300,355.5300
1788360044,355.5500,355.5500,355.5300,355.5300
1788360046,355.5100,355.5100,355.4600,355.4600
1788360048,355.4900,355.4900,355.4900,355.4900
1788360050,355.4900,355.5800,355.4900,355.5800
1788360054,355.5600,355.5800,355.5100,355.5100
1788360055,355.5100,355.5200,355.4400,355.5200
1788360057,355.4900,355.4900,355.4900,355.4900
1788360063,355.4800,355.5000,355.4700,355.4700
1788360065,355.5000,355.5100,355.5000,355.5100
1788360066,355.5000,355.5000,355.5000,355.5000
1788360067,355.5500,355.5700,355.5500,355.5700
1788360068,355.5600,355.5700,355.5600,355.5700
1788360069,355.5600,355.5600,355.5600,355.5600
1788360070,355.5600,355.5600,355.5600,355.5600
1788360071,355.5600,355.5700,355.5400,355.5700
1788360072,355.5800,355.5800,355.5800,355.5800
1788360073,355.5700,355.6000,355.5700,355.6000
1788360075,355.6500,355.6600,355.6500,355.6600
1788360076,355.6700,355.6800,355.6400,355.6800
1788360077,355.6900,355.6900,355.6500,355.6900
1788360078,355.6500,355.6500,355.6500,355.6500
1788360080,355.6500,355.6500,355.6500,355.6500
1788360081,355.6200,355.6200,355.6200,355.6200
1788360082,355.6500,355.6500,355.5700,355.6100
1788360084,355.6400,355.6500,355.6400,355.6500
1788360086,355.6600,355.7000,355.6600,355.6700
1788360087,355.6400,355.6400,355.6400,355.6400
1788360088,355.6650,355.6650,355.6300,355.6300
1788360089,355.6300,355.6300,355.6300,355.6300
1788360090,355.6300,355.6300,355.6300,355.6300
1788360093,355.6350,355.6600,355.6350,355.6600
1788360094,355.6700,355.6700,355.6700,355.6700
1788360095,355.6400,355.6400,355.6300,355.6300
1788360096,355.6500,355.6500,355.6000,355.6000
1788360097,355.6200,355.6400,355.6200,355.6400
1788360100,355.6200,355.6200,355.5800,355.6000
1788360102,355.6050,355.6300,355.5400,355.5500
1788360103,355.5700,355.6000,355.5700,355.6000
1788360104,355.5900,355.6100,355.5900,355.6100
1788360106,355.5900,355.5900,355.5900,355.5900
1788360107,355.5900,355.6000,355.5900,355.6000
1788360108,355.6200,355.6200,355.6200,355.6200
1788360111,355.6500,355.6500,355.6500,355.6500
1788360112,355.6600,355.6600,355.6600,355.6600
1788360113,355.6600,355.6600,355.6600,355.6600
1788360114,355.6500,355.6800,355.6500,355.6800
1788360115,355.6900,355.6900,355.6900,355.6900
1788360116,355.6600,355.6600,355.6600,355.6600
1788360117,355.6900,355.7000,355.6900,355.7000
1788360118,355.6650,355.6650,355.6400,355.6400
1788360119,355.6600,355.6700,355.5800,355.5900
1788360120,355.6100,355.6100,355.6100,355.6100
1788360121,355.6200,355.6200,355.6200,355.6200
1788360124,355.7000,355.7200,355.7000,355.7200
1788360125,355.7300,355.7300,355.6500,355.7300
1788360127,355.6900,355.6900,355.6900,355.6900
1788360128,355.7500,355.7500,355.7500,355.7500
1788360130,355.7600,355.7700,355.7600,355.7600
1788360132,355.7800,355.9000,355.7800,355.8650
1788360134,355.9000,355.9100,355.9000,355.9100
1788360136,355.9100,355.9100,355.8800,355.8900
1788360137,355.8900,355.8900,355.8800,355.8800
1788360138,355.9100,355.9100,355.9100,355.9100
1788360141,355.9200,355.9800,355.8800,355.9600
1788360142,355.9450,356.0700,355.9000,355.9800
1788360143,355.9500,355.9900,355.9400,355.9800
1788360144,355.9850,356.1300,355.9600,356.1200
1788360145,356.0600,356.0700,355.9800,355.9800
1788360146,355.9600,356.0600,355.9600,356.0600
1788360147,356.0900,356.0900,356.0900,356.0900
1788360148,356.1000,356.1300,356.0900,356.1300
1788360149,356.1000,356.1000,356.0400,356.0400
1788360150,356.0500,356.1400,356.0500,356.1400
1788360152,356.1400,356.1600,356.1100,356.1100
1788360153,356.1000,356.1000,355.9900,356.0400
1788360154,356.0600,356.1100,356.0600,356.1100
1788360155,356.0900,356.0900,356.0900,356.0900
1788360156,356.0600,356.0800,356.0400,356.0400
1788360158,356.0400,356.0400,356.0300,356.0400
1788360159,356.0400,356.0400,356.0400,356.0400
1788360160,356.0300,356.0600,356.0200,356.0600
1788360161,356.0800,356.0800,356.0800,356.0800
1788360162,356.0400,356.0400,356.0200,356.0300
1788360163,356.0500,356.0500,356.0500,356.0500
1788360164,356.0500,356.0900,356.0500,356.0900
1788360165,356.1000,356.1000,356.0600,356.1000
1788360166,356.0800,356.0800,355.9900,355.9900
1788360167,356.0100,356.0900,356.0000,356.0200
1788360168,356.0200,356.0200,356.0200,356.0200
1788360169,356.0200,356.0600,355.9700,356.0000
1788360170,356.0100,356.0300,356.0100,356.0300
1788360171,355.9800,355.9800,355.9800,355.9800
1788360173,355.9900,356.0500,355.9900,356.0500
1788360174,356.0500,356.1200,356.0500,356.0500
1788360175,355.9800,355.9800,355.9700,355.9700
1788360176,356.0200,356.0200,356.0200,356.0200
1788360177,356.0200,356.0200,355.7700,355.7800
1788360178,355.7600,355.7800,355.7500,355.7800
1788360179,355.7400,355.9000,355.7400,355.9000
1788360180,355.8900,355.9200,355.8900,355.9200
1788360181,355.9250,355.9500,355.9250,355.9500
1788360182,355.8900,356.0000,355.8800,356.0000
1788360183,355.9500,355.9500,355.9400,355.9400
1788360184,356.0000,356.0800,356.0000,356.0800
1788360186,356.0900,356.0900,356.0600,356.0600
1788360187,356.0600,356.0600,355.9900,356.0200
1788360188,356.0700,356.0800,356.0700,356.0800
1788360189,356.0400,356.0400,356.0300,356.0300
1788360191,356.0100,356.0300,356.0000,356.0300
1788360194,356.0600,356.0600,356.0600,356.0600
1788360195,356.0500,356.0700,356.0450,356.0700
1788360196,356.0800,356.0800,356.0800,356.0800
1788360198,356.0900,356.1000,356.0600,356.0600
1788360202,356.0900,356.0900,356.0000,356.0500
1788360203,356.1100,356.1400,356.1100,356.1400
1788360204,356.1500,356.1500,356.1500,356.1500
1788360205,356.1600,356.2000,356.1600,356.2000
1788360206,356.1400,356.2500,356.1400,356.2500
1788360207,356.2100,356.2200,356.1700,356.2200
1788360208,356.2200,356.2600,356.2200,356.2400
1788360209,356.2500,356.2500,356.2500,356.2500
1788360210,356.2600,356.3400,356.2600,356.3400
1788360211,356.3500,356.3600,356.3300,356.3300
1788360214,356.3200,356.3200,356.3200,356.3200
1788360215,356.3400,356.3600,356.3300,356.3300
1788360217,356.3300,356.3700,356.3300,356.3700
1788360218,356.3700,356.4400,356.3700,356.4400
1788360219,356.4250,356.4700,356.4100,356.4700
1788360220,356.4700,356.5900,356.4700,356.5100
1788360221,356.4800,356.4800,356.4800,356.4800
1788360222,356.4800,356.4800,356.4700,356.4700
1788360223,356.5000,356.5900,356.5000,356.5550
1788360224,356.5800,356.6100,356.5800,356.6100
1788360225,356.6100,356.6200,356.6100,356.6200
1788360226,356.6100,356.6100,356.5350,356.5350
1788360227,356.5200,356.5200,356.5000,356.5000
1788360228,356.5000,356.5300,356.5000,356.5300
1788360230,356.5100,356.5100,356.3100,356.3100
1788360231,356.3400,356.3500,356.3400,356.3500
1788360232,356.4500,356.4900,356.4500,356.4900
1788360233,356.4900,356.4900,356.4500,356.4500
1788360234,356.4400,356.4400,356.3900,356.4300
1788360236,356.3800,356.3800,356.3500,356.3500
1788360237,356.3500,356.3500,356.2900,356.2900
1788360238,356.2700,356.2700,356.2000,356.2000
1788360239,356.1800,356.1800,356.0600,356.0600
1788360240,356.0800,356.0800,356.0800,356.0800
1788360241,356.0800,356.1800,356.0800,356.1800
1788360242,356.2200,356.2200,356.2050,356.2050
1788360243,356.1600,356.2100,356.1500,356.2100
1788360244,356.2200,356.2200,356.2200,356.2200
1788360245,356.2300,356.2600,356.2300,356.2600
1788360246,356.2300,356.2300,356.0400,356.0800
1788360247,356.1100,356.1200,356.1100,356.1100
1788360249,356.1300,356.1300,356.1300,356.1300
1788360250,356.1100,356.1200,356.1100,356.1200
1788360251,356.1200,356.1200,356.1100,356.1100
1788360252,356.1200,356.1200,355.9900,356.0700
1788360253,356.0900,356.0900,356.0400,356.0450
1788360255,356.0500,356.0500,356.0500,356.0500
1788360256,356.0200,356.0500,356.0200,356.0500
1788360257,356.0500,356.0500,356.0500,356.0500
1788360258,356.0500,356.0800,356.0500,356.0700
1788360259,356.0000,356.0000,355.9800,355.9900
1788360260,355.9700,355.9700,355.9700,355.9700
1788360261,355.9500,355.9700,355.9300,355.9300
1788360262,355.9200,355.9200,355.9200,355.9200
1788360263,355.9700,355.9700,355.9700,355.9700
1788360264,355.9700,355.9700,355.9700,355.9700
1788360265,355.9550,356.0500,355.9550,356.0200
1788360266,356.0050,356.0050,355.9800,355.9800
1788360267,355.9500,355.9500,355.9500,355.9500
1788360268,355.9600,355.9600,355.9600,355.9600
1788360269,355.9800,356.0200,355.9800,356.0200
1788360270,356.0200,356.0200,356.0200,356.0200
1788360271,355.9900,355.9900,355.9600,355.9600
1788360272,355.9900,356.0000,355.9500,355.9500
1788360273,355.9800,356.0200,355.9800,356.0200
1788360274,356.0200,356.0200,356.0200,356.0200
1788360275,356.0250,356.0400,356.0250,356.0400
1788360276,356.0400,356.0400,356.0400,356.0400
1788360278,356.0400,356.1300,356.0400,356.1300
1788360280,356.1300,356.1400,356.1300,356.1400
1788360281,356.1600,356.1700,356.1600,356.1700
1788360282,356.1600,356.1800,356.1600,356.1800
1788360284,356.1800,356.3000,356.1800,356.2100
1788360285,356.2300,356.2300,356.2300,356.2300
1788360287,356.2000,356.2000,356.2000,356.2000
1788360289,356.1800,356.1800,356.1800,356.1800
1788360290,356.1800,356.2200,356.1800,356.2200
1788360291,356.2300,356.2300,356.2300,356.2300
1788360293,356.1700,356.1800,356.1600,356.1800
1788360294,356.1800,356.2000,356.1800,356.2000
1788360296,356.2300,356.2500,356.2300,356.2500
1788360298,356.2700,356.2700,356.2700,356.2700
1788360299,356.2700,356.2800,356.2700,356.2800
1788360301,356.2700,356.2800,356.2700,356.2750
1788360302,356.2700,356.2800,356.2400,356.2400
1788360303,356.2600,356.2900,356.2600,356.2700
1788360304,356.2900,356.3000,356.2900,356.3000
1788360305,356.2500,356.2500,356.2400,356.2400
1788360306,356.2200,356.4200,356.2000,356.3400
1788360307,356.3900,356.3900,356.3900,356.3900
1788360308,356.3800,356.3800,356.3700,356.3700
1788360309,356.3650,356.4700,356.3650,356.4500
1788360310,356.4600,356.4600,356.4400,356.4400
1788360311,356.4550,356.4600,356.3800,356.3800
1788360312,356.4300,356.4400,356.4300,356.4400
1788360313,356.4800,356.4800,356.4600,356.4600
1788360314,356.4800,356.4800,356.4400,356.4400
1788360316,356.4400,356.4400,356.3500,356.3600
1788360317,356.3500,356.4300,356.3500,356.4200
1788360321,356.3900,356.3900,356.3900,356.3900
1788360322,356.4400,356.5100,356.4400,356.5100
1788360324,356.5600,356.5600,356.5100,356.5200
1788360325,356.5300,356.5700,356.5100,356.5500
1788360326,356.5400,356.6200,356.5400,356.6200
1788360327,356.6100,356.6100,356.5700,356.5700
1788360328,356.5700,356.5700,356.5300,356.5300
1788360329,356.4800,356.4800,356.0200,356.1000
1788360330,356.0800,356.0900,356.0600,356.0900
1788360333,356.0700,356.0800,356.0700,356.0800
1788360334,356.0600,356.0600,355.9700,355.9900
1788360335,356.0000,356.0800,356.0000,356.0800
1788360337,356.0000,356.0000,355.9700,355.9700
1788360338,355.9400,355.9400,355.9400,355.9400
1788360339,355.9500,355.9600,355.9200,355.9400
1788360342,355.9800,355.9800,355.7200,355.7200
1788360343,355.7300,355.8500,355.7000,355.7600
1788360345,355.7400,355.7400,355.7000,355.7000
1788360346,355.7000,355.7100,355.6900,355.6900
1788360347,355.6800,355.6900,355.6300,355.6500
1788360348,355.6100,355.6100,355.5750,355.5900
1788360349,355.5900,355.6300,355.5900,355.6200
1788360350,355.6100,355.6300,355.6100,355.6300
1788360351,355.6200,355.6200,355.6200,355.6200
1788360352,355.6300,355.6400,355.6200,355.6400
1788360353,355.6350,355.6350,355.6200,355.6200
1788360354,355.6300,355.6400,355.6300,355.6400
1788360355,355.6500,355.6600,355.5850,355.5850
1788360356,355.5800,355.6700,355.5800,355.6700
1788360357,355.6150,355.6200,355.6000,355.6000
1788360358,355.6250,355.6400,355.6250,355.6400
1788360359,355.5900,355.5900,355.5900,355.5900
1788360360,355.5800,355.5900,355.5800,355.5900
1788360361,355.6000,355.6200,355.5700,355.5850
1788360362,355.6000,355.6000,355.3400,355.3400
1788360363,355.3300,355.3600,355.3100,355.3500
1788360364,355.3400,355.3500,355.3400,355.3500
1788360365,355.3000,355.3000,355.2850,355.2850
1788360366,355.3100,355.3250,355.3100,355.3250
1788360369,355.3100,355.3900,355.3100,355.3900
1788360370,355.3900,355.5100,355.3900,355.5100
1788360371,355.5100,355.5600,355.5000,355.5600
1788360372,355.5800,355.5800,355.5800,355.5800
1788360373,355.5900,355.5950,355.5600,355.5800
1788360374,355.5800,355.6700,355.5800,355.6600
1788360375,355.6400,355.6400,355.6400,355.6400
1788360376,355.6300,355.6300,355.6300,355.6300
1788360378,355.6300,355.6300,355.6300,355.6300
1788360379,355.5700,355.5700,355.5200,355.5300
1788360382,355.5700,355.5700,355.5700,355.5700
1788360383,355.5450,355.5450,355.5450,355.5450
1788360384,355.5450,355.5450,355.5450,355.5450
1788360385,355.5000,355.5000,355.4900,355.5000
1788360389,355.5700,355.5700,355.5700,355.5700
1788360391,355.6100,355.6100,355.6000,355.6000
1788360394,355.6000,355.7000,355.6000,355.7000
1788360395,355.7600,355.8400,355.7550,355.8400
1788360396,355.8800,356.2900,355.8800,356.2100
1788360397,356.2500,356.2600,356.2300,356.2600
1788360398,356.2300,356.2300,356.1700,356.1700
1788360400,356.1200,356.1200,355.9600,355.9600
1788360401,355.9100,355.9800,355.9000,355.9800
1788360402,355.9150,355.9150,355.9150,355.9150
1788360404,355.9800,355.9800,355.9800,355.9800
1788360408,355.8400,355.8650,355.8400,355.8650
1788360409,355.8400,355.8400,355.8000,355.8000
1788360410,355.7950,355.7950,355.7100,355.7100
1788360411,355.6600,355.6600,355.4900,355.4900
1788360412,355.5300,355.7100,355.5300,355.7000
1788360413,355.6700,355.6700,355.5200,355.6000
1788360414,355.6250,355.6250,355.6250,355.6250
1788360416,355.5800,355.5800,355.5800,355.5800
1788360418,355.5650,355.5650,355.5650,355.5650
1788360419,355.5400,355.5400,355.5400,355.5400
1788360420,355.5400,355.5400,355.5100,355.5100
1788360421,355.5700,355.6000,355.5700,355.6000
1788360422,355.5850,355.6000,355.5500,355.5850
1788360423,355.5800,355.5800,355.5800,355.5800
1788360424,355.6100,355.6100,355.5500,355.5500
1788360427,355.5100,355.5100,355.4900,355.4900
1788360428,355.5000,355.5000,355.4500,355.4500
1788360430,355.4700,355.4700,355.4700,355.4700
1788360435,355.5100,355.5500,355.5100,355.5500
1788360437,355.5000,355.5600,355.5000,355.5600
1788360439,355.5600,355.5800,355.5600,355.5800
1788360441,355.6100,355.6100,355.5800,355.5800
1788360442,355.5900,355.6000,355.5900,355.6000
1788360443,355.6300,355.6400,355.6300,355.6400
1788360445,355.5800,355.5800,355.5800,355.5800
1788360446,355.6400,355.7000,355.6400,355.7000
1788360448,355.7400,355.7400,355.6600,355.6600
1788360450,355.6600,355.6600,355.6600,355.6600
1788360452,355.7200,355.7200,355.7200,355.7200
1788360453,355.7200,355.7200,355.7200,355.7200
1788360454,355.7800,355.7800,355.7800,355.7800
1788360455,355.8000,355.8000,355.8000,355.8000
1788360456,355.7600,355.7600,355.6900,355.7300
1788360460,355.7550,355.7700,355.7550,355.7700
1788360461,355.7450,355.7500,355.7100,355.7300
1788360464,355.6900,355.7000,355.5800,355.5800
1788360465,355.5500,355.5500,355.5500,355.5500
1788360468,355.5500,355.6300,355.5500,355.5600
1788360469,355.5800,355.5800,355.5800,355.5800
1788360471,355.5900,355.6200,355.5900,355.6000
1788360472,355.6050,355.6300,355.6050,355.6300
1788360474,355.6400,355.6400,355.6400,355.6400
1788360475,355.6500,355.7600,355.6500,355.7500
1788360476,355.7200,355.7200,355.6300,355.6300
1788360480,355.6400,355.6400,355.6400,355.6400
1788360481,355.6800,355.6900,355.6800,355.6900
1788360482,355.6600,355.6900,355.6500,355.6900
1788360486,355.6700,355.6700,355.6700,355.6700
1788360488,355.6800,355.7000,355.6800,355.6900
1788360489,355.6900,355.6900,355.6500,355.6500
1788360490,355.6400,355.6600,355.6400,355.6600
1788360493,355.6200,355.6200,355.4400,355.5500
1788360494,355.6000,355.6500,355.6000,355.6500
1788360500,355.6050,355.6100,355.6050,355.6100
1788360502,355.6700,355.8200,355.6700,355.8100
1788360505,355.7900,355.7900,355.7600,355.7600
1788360506,355.7600,355.7600,355.7600,355.7600
1788360507,355.7900,355.8500,355.7850,355.8500
1788360508,355.8600,355.9300,355.8600,355.9200
1788360510,355.9200,355.9200,355.9200,355.9200
1788360512,355.9200,355.9200,355.9200,355.9200
1788360513,355.9100,355.9100,355.9100,355.9100
1788360514,355.8400,355.8800,355.8400,355.8800
1788360516,355.8300,355.8300,355.7900,355.7900
1788360518,355.8800,355.9100,355.8800,355.9100
1788360519,355.8800,356.0000,355.8800,355.9000
1788360521,355.8300,355.8300,355.8300,355.8300
1788360523,355.8000,355.8000,355.7900,355.7900
1788360529,355.7700,355.7800,355.7700,355.7800
1788360531,355.7500,355.7500,355.5600,355.5600
1788360533,355.5500,355.5500,355.5000,355.5000
1788360535,355.5300,355.5300,355.5000,355.5000
1788360536,355.4850,355.4850,355.4850,355.4850
1788360537,355.4400,355.4400,355.4400,355.4400
1788360538,355.4800,355.4800,355.4800,355.4800
1788360539,355.4900,355.4900,355.4900,355.4900
1788360540,355.5300,355.5600,355.4900,355.4900
1788360541,355.4700,355.4700,354.8500,354.8500
1788360542,354.8500,355.0600,354.8500,355.0300
1788360543,355.0000,355.0400,354.9600,354.9600
1788360544,354.9900,355.0000,354.9100,354.9100
1788360545,354.8600,354.8600,354.8000,354.8000
1788360546,354.8000,354.8000,354.7300,354.7300
1788360547,354.7300,354.7500,354.6700,354.7400
1788360548,354.7200,354.7200,354.7200,354.7200
1788360549,354.7200,354.7200,354.7100,354.7100
1788360550,354.6600,354.6600,354.6100,354.6100
1788360551,354.6700,354.6800,354.6700,354.6800
1788360552,354.6900,354.6900,354.6400,354.6400
1788360553,354.6450,354.6450,354.5000,354.5000
1788360554,354.5350,354.5800,354.5350,354.5800
1788360555,354.5950,354.5950,354.5950,354.5950
1788360556,354.5700,354.6100,354.5700,354.5700
1788360558,354.5700,354.5700,354.5500,354.5500
1788360560,354.5800,354.5800,354.5500,354.5500
1788360561,354.5500,354.5600,354.3800,354.5600
1788360563,354.5600,354.5700,354.5500,354.5700
1788360564,354.5300,354.5300,354.5000,354.5000
1788360566,354.5000,354.5100,354.5000,354.5100
1788360567,354.5400,354.5400,354.4900,354.4900
1788360572,354.4900,354.5300,354.4900,354.5300
1788360573,354.4900,354.4900,354.3400,354.3500
1788360574,354.3300,354.3300,354.3300,354.3300
1788360576,354.3500,354.3900,354.2500,354.2500
1788360577,354.2700,354.2700,354.2700,354.2700
1788360578,354.2900,354.3000,354.2900,354.3000
1788360581,354.3400,354.3500,354.1800,354.1800
1788360582,354.1850,354.1850,354.1400,354.1400
1788360583,354.2400,354.2400,354.2400,354.2400
1788360584,354.3000,354.3000,354.3000,354.3000
1788360585,354.2500,354.2500,354.2000,354.2000
1788360586,354.1600,354.1600,354.0900,354.0900
1788360588,354.1100,354.1300,354.1050,354.1300
1788360589,354.1000,354.1000,354.1000,354.1000
1788360590,354.1000,354.1000,354.0500,354.0500
1788360591,354.0600,354.1000,354.0600,354.1000
1788360593,354.0900,354.0900,354.0900,354.0900
1788360594,354.0700,354.0700,353.9700,354.0000
1788360597,353.9800,354.0500,353.9800,354.0000
1788360598,353.9600,353.9700,353.9300,353.9650
1788360599,353.9600,353.9900,353.9600,353.9700
1788360600,353.9700,353.9700,353.9600,353.9600
1788360601,353.9500,353.9500,353.8400,353.8400
1788360603,353.8500,353.8500,353.8000,353.8200
1788360604,353.8200,353.8600,353.8200,353.8600
1788360605,353.8450,353.8600,353.8300,353.8400
1788360606,353.8800,353.9200,353.8800,353.9200
1788360607,353.9400,353.9400,353.9000,353.9400
1788360608,353.9400,353.9600,353.9400,353.9600
1788360609,353.9900,353.9900,353.8900,353.9150
1788360612,353.9100,353.9100,353.9100,353.9100
1788360615,353.8600,353.9700,353.8500,353.9000
1788360616,353.9500,353.9500,353.9500,353.9500
1788360617,353.9800,354.0100,353.8600,353.8700
1788360619,353.8700,353.9400,353.8700,353.9400
1788360620,353.9900,353.9900,353.9900,353.9900
1788360621,353.9900,353.9900,353.9700,353.9700
1788360622,354.0100,354.0150,354.0000,354.0000
1788360623,354.0000,354.0000,354.0000,354.0000
1788360624,354.0400,354.1700,354.0400,354.1700
1788360625,354.1700,354.2700,354.1700,354.1900
1788360626,354.2700,354.2700,354.2700,354.2700
1788360627,354.2700,354.3000,354.2700,354.3000
1788360628,354.3800,354.5200,354.3800,354.4650
1788360629,354.4800,354.4800,354.4800,354.4800
1788360630,354.4800,354.4800,354.3600,354.3600
1788360631,354.4300,354.4600,354.4100,354.4300
1788360632,354.3900,354.3900,354.3800,354.3800
1788360634,354.4100,354.5400,354.4100,354.5400
1788360638,354.5600,354.6500,354.5600,354.6500
1788360640,354.6100,354.6100,354.5200,354.5600
1788360642,354.5100,354.5100,354.5100,354.5100
1788360643,354.4600,354.4600,354.3900,354.3900
1788360645,354.4600,354.4600,354.4600,354.4600
1788360646,354.3800,354.3800,354.2500,354.2500
1788360647,354.2500,354.2500,354.2200,354.2300
1788360648,354.2150,354.2200,354.2150,354.2200
1788360649,354.2200,354.2200,354.1200,354.1400
1788360651,354.1500,354.1500,354.1500,354.1500
1788360652,354.1400,354.2000,354.1400,354.2000
1788360654,354.2500,354.2800,354.2500,354.2500
1788360655,354.2600,354.2800,354.2600,354.2800
1788360660,354.2800,354.3100,354.2800,354.3100
1788360663,354.3350,354.3350,354.3350,354.3350
1788360664,354.3200,354.3200,354.3200,354.3200
1788360666,354.3000,354.3000,354.2000,354.2000
1788360668,354.1700,354.1700,354.1600,354.1600
1788360669,354.1400,354.2200,354.1200,354.1400
1788360671,354.1350,354.1350,354.1350,354.1350
1788360674,354.1450,354.1450,354.1450,354.1450
1788360675,354.1700,354.2200,354.1700,354.2200
1788360678,354.1750,354.1750,354.1750,354.1750
1788360679,354.1550,354.1750,354.1550,354.1750
1788360680,354.2200,354.2200,354.2200,354.2200
1788360682,354.2500,354.2900,354.2400,354.2400
1788360683,354.2100,354.2100,354.2100,354.2100
1788360684,354.2600,354.4100,354.2600,354.2800
1788360685,354.2900,354.3300,354.2900,354.3300
1788360689,354.3700,354.3700,354.3700,354.3700
1788360692,354.3900,354.6000,354.3900,354.6000
1788360693,354.5300,354.5300,354.4900,354.4900
1788360695,354.5800,354.6000,354.5700,354.5700
1788360696,354.5700,354.5700,354.5700,354.5700
1788360698,354.5850,354.6000,354.5850,354.6000
1788360699,354.6200,354.6800,354.6200,354.6800
1788360700,354.5800,354.6000,354.4700,354.4700
1788360701,354.5000,354.5000,354.4200,354.4200
1788360702,354.4100,354.4100,354.3900,354.3900
1788360703,354.3700,354.4000,354.3500,354.3900
1788360704,354.4500,354.4500,354.4500,354.4500
1788360706,354.5000,354.5000,354.5000,354.5000
1788360707,354.5000,354.5200,354.5000,354.5200
1788360711,354.4000,354.4000,354.4000,354.4000
1788360712,354.3500,354.3700,354.3100,354.3100
1788360713,354.3800,354.3800,354.3800,354.3800
1788360714,354.3700,354.3700,354.3700,354.3700
1788360715,354.4000,354.5100,354.4000,354.5100
1788360718,354.5000,354.5100,354.5000,354.5100
1788360719,354.5100,354.5100,354.5100,354.5100
1788360720,354.4600,354.4600,354.4500,354.4500
1788360721,354.4500,354.4500,354.4500,354.4500
1788360722,354.4800,354.5500,354.4800,354.5500
1788360726,354.5400,354.5400,354.5350,354.5350
1788360728,354.5100,354.5100,354.4000,354.4000
1788360729,354.3700,354.3700,354.3500,354.3500
1788360731,354.4200,354.4200,354.4200,354.4200
1788360732,354.4200,354.4200,354.4200,354.4200
1788360734,354.4000,354.4000,354.4000,354.4000
1788360736,354.3900,354.3900,354.3600,354.3600
1788360737,354.4200,354.4200,354.4200,354.4200
1788360738,354.4900,354.5400,354.4900,354.5400
1788360739,354.5100,354.5100,354.4600,354.5050
1788360743,354.5400,354.5400,354.5400,354.5400
1788360744,354.5600,354.6100,354.5600,354.6100
1788360746,354.6050,354.6050,354.6050,354.6050
1788360747,354.6150,354.6150,354.6150,354.6150
1788360748,354.5900,354.6000,354.5700,354.5900
1788360749,354.5900,354.6400,354.5900,354.6150
1788360750,354.6500,354.6500,354.6100,354.6200
1788360751,354.5700,354.5700,354.5500,354.5500
1788360753,354.6100,354.7000,354.6100,354.6600
1788360757,354.6500,354.6500,354.5800,354.5800
1788360759,354.5800,354.5800,354.5800,354.5800
1788360761,354.5300,354.5300,354.4900,354.4900
1788360763,354.4700,354.4700,354.3800,354.3800
1788360764,354.3800,354.3800,354.3600,354.3600
1788360767,354.3400,354.3400,354.3200,354.3200
1788360768,354.3000,354.3000,354.0500,354.1000
1788360769,354.0800,354.0800,353.9000,353.9200
1788360770,353.9200,353.9200,353.8500,353.8500
1788360771,353.8200,353.8200,353.7700,353.7700
1788360772,353.7600,353.7600,353.7500,353.7500
1788360773,353.7700,353.7700,353.7200,353.7400
1788360774,353.7000,353.7600,353.6400,353.6900
1788360776,353.6700,353.7200,353.6700,353.7200
1788360778,353.7300,353.7600,353.7200,353.7400
1788360779,353.6850,353.6850,353.6850,353.6850
1788360781,353.7200,353.7200,353.7200,353.7200
1788360784,353.7300,353.7600,353.6800,353.7250
1788360785,353.6700,353.6700,353.6500,353.6500
1788360787,353.6200,353.6200,353.5000,353.5500
1788360788,353.6000,353.6000,353.5900,353.5900
1788360791,353.5600,353.5600,353.5500,353.5500
1788360792,353.5600,353.5850,353.5600,353.5850
1788360793,353.5600,353.5600,353.5600,353.5600
1788360794,353.5800,353.5800,353.5600,353.5600
1788360795,353.5300,353.5900,353.4900,353.5600
1788360796,353.5400,353.5400,353.4900,353.4900
1788360797,353.5350,353.5350,353.5200,353.5200
1788360798,353.5500,353.6000,353.5500,353.6000
1788360799,353.6000,353.6000,353.5500,353.5500
1788360801,353.5500,353.6200,353.5500,353.6200
1788360802,353.6050,353.6050,353.6050,353.6050
1788360803,353.6100,353.6100,353.6000,353.6000
1788360804,353.6050,353.6050,353.6050,353.6050
1788360805,353.6300,353.6500,353.6300,353.6500
1788360806,353.6600,353.6900,353.6600,353.6600
1788360809,353.6100,353.6100,353.6000,353.6000
1788360810,353.5800,353.5900,353.5700,353.5900
1788360811,353.5500,353.5600,353.5300,353.5600
1788360813,353.5200,353.5200,353.5100,353.5100
1788360814,353.5000,353.5000,353.5000,353.5000
1788360815,353.5000,353.5000,353.5000,353.5000
1788360816,353.5000,353.5000,353.3700,353.4200
1788360819,353.4000,353.4000,353.4000,353.4000
1788360820,353.3800,353.3800,353.3800,353.3800
1788360822,353.4100,353.4200,353.3200,353.3300
1788360823,353.3200,353.3200,353.2700,353.2700
1788360824,353.2700,353.2700,353.2700,353.2700
1788360825,353.2500,353.2500,353.2400,353.2400
1788360827,353.2400,353.2600,353.2300,353.2600
1788360829,353.2700,353.3200,353.1500,353.1500
1788360831,353.1300,353.1800,353.1200,353.1800
1788360832,353.1600,353.1600,352.9800,353.0700
1788360833,353.0550,353.0550,353.0200,353.0200
1788360834,352.9900,353.0500,352.9900,353.0500
1788360836,353.0450,353.0900,353.0300,353.0900
1788360838,353.0500,353.1000,353.0500,353.1000
1788360839,353.1000,353.1100,353.0700,353.1100
1788360840,353.1100,353.1100,353.0200,353.0200
1788360841,353.0100,353.0100,353.0000,353.0000
1788360842,353.0150,353.0200,353.0100,353.0200
1788360843,353.0400,353.0700,353.0400,353.0500
1788360844,353.0550,353.0550,353.0550,353.0550
1788360845,353.0550,353.0550,353.0000,353.0000
1788360846,352.9900,353.0050,352.9900,353.0050
1788360847,353.0000,353.0000,352.9100,352.9100
1788360848,352.9500,352.9500,352.9400,352.9400
1788360849,352.9700,353.0000,352.9700,353.0000
1788360850,353.0000,353.0000,352.9500,352.9500
1788360851,352.9800,352.9800,352.9800,352.9800
1788360854,352.9500,352.9500,352.9400,352.9400
1788360855,352.9300,352.9300,352.8900,352.8950
1788360856,352.8900,352.8900,352.8500,352.8500
1788360858,352.8400,352.8400,352.8400,352.8400
1788360860,352.8400,352.8800,352.8400,352.8800
1788360863,352.8850,352.9000,352.8500,352.8500
1788360864,352.8500,352.8500,352.7500,352.7800
1788360865,352.8200,352.8200,352.8200,352.8200
1788360867,352.8700,352.8700,352.8700,352.8700
1788360868,352.8300,352.8300,352.7800,352.7800
1788360869,352.7800,352.7800,352.7800,352.7800
1788360870,352.7400,352.7400,352.6700,352.6700
1788360872,352.6800,352.6800,352.6600,352.6600
1788360873,352.6800,352.6900,352.6800,352.6900
1788360874,352.7000,352.7600,352.7000,352.7600
1788360876,352.7500,352.7500,352.7500,352.7500
1788360877,352.7500,352.7500,352.7400,352.7400
1788360879,352.7600,352.8600,352.7600,352.8600
1788360880,352.8700,352.8700,352.8400,352.8400
1788360881,352.8100,352.8100,352.8100,352.8100
1788360883,352.8450,352.8900,352.7800,352.7800
1788360884,352.7500,352.7500,352.7500,352.7500
1788360886,352.7100,352.7100,352.7000,352.7000
1788360887,352.7100,352.7100,352.6000,352.6100
1788360888,352.6600,352.6600,352.6600,352.6600
1788360890,352.6250,352.6250,352.4500,352.5000
1788360891,352.4700,352.4700,352.4500,352.4600
1788360892,352.5000,352.6600,352.5000,352.5100
1788360893,352.4600,352.4700,352.4200,352.4700
1788360894,352.4800,352.4800,352.3900,352.4000
1788360895,352.4200,352.4400,352.4200,352.4400
1788360896,352.4500,352.6300,352.4500,352.6300
1788360899,352.6000,352.6000,352.6000,352.6000
1788360900,352.6100,352.6100,352.5700,352.5700
1788360902,352.5200,352.5300,352.5200,352.5300
1788360903,352.5600,352.5800,352.5600,352.5800
1788360905,352.6400,352.7300,352.6400,352.7050
1788360907,352.7550,352.7800,352.7200,352.7200
1788360908,352.7350,352.7800,352.7350,352.7800
1788360909,352.7100,352.8000,352.6800,352.8000
1788360910,352.8100,352.8600,352.8100,352.8600
1788360911,352.8700,352.9500,352.8700,352.9500
1788360912,352.9500,353.1500,352.9400,353.0100
1788360916,352.9400,352.9400,352.9200,352.9300
1788360917,352.9100,352.9100,352.9000,352.9000
1788360919,352.9600,353.0100,352.9600,353.0100
1788360920,352.9700,352.9700,352.9700,352.9700
1788360923,353.0600,353.0600,353.0600,353.0600
1788360924,353.0500,353.0500,353.0500,353.0500
1788360925,352.9700,352.9700,352.9500,352.9500
1788360926,352.9500,353.0100,352.9500,353.0100
1788360928,352.9900,352.9900,352.9000,352.9500
1788360931,352.9000,352.9000,352.7000,352.7100
1788360933,352.7500,352.7500,352.7500,352.7500
1788360936,352.7900,352.7900,352.7200,352.7200
1788360937,352.7400,352.7400,352.7400,352.7400
1788360939,352.6900,352.7400,352.6900,352.7000
1788360941,352.7200,352.7900,352.7200,352.7900
1788360942,352.7750,352.7750,352.7750,352.7750
1788360943,352.7700,352.7700,352.7700,352.7700
1788360944,352.7600,352.7600,352.5800,352.5800
1788360950,352.6500,352.7000,352.6500,352.7000
1788360951,352.7100,352.7150,352.6600,352.6600
1788360952,352.6300,352.6300,352.6200,352.6200
1788360953,352.5500,352.5500,352.4100,352.5000
1788360954,352.4900,352.5000,352.3700,352.3700
1788360955,352.3800,352.3800,352.2500,352.2500
1788360956,352.2400,352.2400,352.1500,352.1600
1788360957,352.1500,352.1700,352.1300,352.1300
1788360958,352.1500,352.2600,352.1500,352.2600
1788360959,352.2800,352.3000,352.2800,352.3000
1788360961,352.2350,352.3100,352.2350,352.3100
1788360963,352.3100,352.3100,352.3000,352.3000
1788360964,352.3300,352.3300,352.3300,352.3300
1788360965,352.3100,352.3800,352.2800,352.3800
1788360966,352.3800,352.3800,352.3800,352.3800
1788360967,352.3500,352.3500,352.3500,352.3500
1788360968,352.3300,352.3700,352.3300,352.3700
1788360970,352.3500,352.3500,352.3200,352.3200
1788360971,352.3900,352.4100,352.3800,352.4100
1788360972,352.4100,352.4900,352.4100,352.4900
1788360973,352.3500,352.3500,352.3400,352.3400
1788360974,352.3300,352.3300,352.2100,352.2100
1788360975,352.2000,352.2000,352.1400,352.1750
1788360976,352.1650,352.2000,352.1400,352.1400
1788360978,352.1100,352.1100,352.0500,352.0500
1788360979,352.0400,352.1100,352.0400,352.1100
1788360980,352.1200,352.1200,352.1200,352.1200
1788360981,352.1000,352.1200,352.1000,352.1200
1788360982,352.0400,352.0400,351.8800,351.8900
1788360984,351.9000,351.9000,351.8900,351.8900
1788360985,351.9800,352.1200,351.9800,352.0900
1788360986,352.0600,352.0600,352.0600,352.0600
1788360987,352.0700,352.0700,352.0200,352.0200
1788360988,352.0200,352.0200,351.9850,351.9850
1788360990,352.0200,352.0200,352.0000,352.0200
1788360991,352.1000,352.1200,352.1000,352.1200
1788360992,352.1000,352.2000,352.0500,352.2000
1788360993,352.1500,352.1500,352.0800,352.0800
1788360996,352.2000,352.2000,352.1500,352.1500
1788360997,352.1400,352.1500,352.1300,352.1400
1788360998,352.1600,352.1600,352.1600,352.1600
1788361000,352.1200,352.1200,352.1000,352.1000
1788361001,352.1000,352.1000,352.0000,352.0000
1788361002,352.0300,352.0300,352.0300,352.0300
1788361003,352.0400,352.0400,352.0400,352.0400
1788361004,352.0100,352.0300,352.0000,352.0300
1788361005,352.0100,352.0100,352.0100,352.0100
1788361006,352.0000,352.0000,351.9500,351.9700
1788361007,351.9100,351.9100,351.8900,351.8900
1788361008,351.8700,351.8700,351.8700,351.8700
1788361009,351.9000,351.9100,351.8400,351.8400
1788361010,351.8300,351.8500,351.7800,351.8400
1788361011,351.8700,351.8700,351.8700,351.8700
1788361012,351.9000,351.9000,351.9000,351.9000
1788361013,351.8800,351.8900,351.8800,351.8900
1788361014,351.9050,351.9300,351.8900,351.9000
1788361015,351.8900,351.8900,351.8900,351.8900
1788361017,351.9000,352.0100,351.9000,351.9800
1788361019,351.9300,352.0000,351.9300,352.0000
1788361020,352.0000,352.0100,352.0000,352.0000
1788361021,352.0200,352.0700,352.0150,352.0700
1788361022,352.0700,352.0700,352.0700,352.0700
1788361023,352.0200,352.0500,352.0200,352.0500
1788361024,352.0200,352.0200,352.0200,352.0200
1788361028,352.0600,352.0600,352.0600,352.0600
1788361029,352.0800,352.0800,352.0800,352.0800
1788361031,352.0500,352.1500,352.0500,352.1500
1788361032,352.1800,352.1800,352.1700,352.1700
1788361035,352.2200,352.2600,352.2200,352.2600
1788361036,352.2200,352.2300,352.2000,352.2000
1788361038,352.1950,352.1950,352.1950,352.1950
1788361040,352.1500,352.1500,352.1300,352.1300
1788361042,352.1200,352.2500,352.1150,352.1850
1788361043,352.1450,352.1450,352.1450,352.1450
1788361046,352.2000,352.2000,352.1550,352.1550
1788361048,352.1600,352.1600,352.1600,352.1600
1788361049,352.1500,352.1500,352.0600,352.0600
1788361050,352.0200,352.0200,351.9800,352.0000
1788361051,351.9400,351.9700,351.9000,351.9000
1788361052,351.9200,351.9200,351.9000,351.9200
1788361053,351.9000,351.9000,351.8400,351.8400
1788361055,351.8700,351.8700,351.8200,351.8300
1788361056,351.8100,351.8100,351.7900,351.7900
1788361057,351.7800,351.7900,351.7800,351.7900
1788361058,351.7700,351.7700,351.7100,351.7300
1788361059,351.7900,351.7900,351.7200,351.7200
1788361061,351.7000,351.7000,351.7000,351.7000
1788361063,351.6900,351.6900,351.6100,351.6100
1788361064,351.6400,351.7200,351.6400,351.7100
1788361065,351.6900,351.6900,351.6400,351.6400
1788361067,351.6900,351.6900,351.6600,351.6600
1788361068,351.6300,351.6300,351.6200,351.6200
1788361070,351.7000,351.7500,351.6800,351.7100
1788361071,351.7900,351.7900,351.7900,351.7900
1788361072,351.8200,351.8800,351.8200,351.8800
1788361075,351.8600,351.8600,351.8600,351.8600
1788361077,351.8800,351.8800,351.8700,351.8700
1788361078,351.8900,351.8900,351.8900,351.8900
1788361079,351.8700,351.9300,351.8600,351.9300
1788361080,351.9000,351.9600,351.8600,351.9600
1788361081,351.9200,351.9200,351.9200,351.9200
1788361084,351.9000,351.9000,351.8800,351.8800
1788361085,351.8850,351.8850,351.8850,351.8850
1788361086,351.9000,351.9500,351.9000,351.9500
1788361087,351.9200,351.9200,351.9200,351.9200
1788361090,351.8900,351.8900,351.8600,351.8600
1788361093,351.9100,351.9100,351.9000,351.9000
1788361094,351.8900,351.8900,351.8900,351.8900
1788361095,351.8700,351.8900,351.8500,351.8900
1788361098,351.8600,351.8900,351.8500,351.8900
1788361100,351.8200,351.8200,351.8200,351.8200
1788361102,351.8450,351.8450,351.8450,351.8450
1788361103,351.8200,351.8200,351.7400,351.7400
1788361104,351.7000,351.7000,351.5800,351.5800
1788361105,351.5600,351.6100,351.5350,351.5900
1788361107,351.5900,351.5900,351.5900,351.5900
1788361108,351.5850,351.6400,351.5850,351.6400
1788361109,351.5900,351.6400,351.5900,351.6400
1788361110,351.5950,351.5950,351.5950,351.5950
1788361111,351.5700,351.5700,351.5700,351.5700
1788361112,351.5700,351.5900,351.5700,351.5900
1788361113,351.6100,351.6900,351.6000,351.6900
1788361114,351.6500,351.6500,351.5800,351.5800
1788361115,351.5800,351.6200,351.5800,351.6100
1788361117,351.6000,351.6000,351.5600,351.5800
1788361119,351.5500,351.5700,351.5000,351.5700
1788361122,351.5800,351.5800,351.5800,351.5800
1788361123,351.6100,351.6600,351.6100,351.6500
1788361124,351.5900,351.5900,351.5000,351.5000
1788361125,351.4900,351.4900,351.3600,351.3600
1788361126,351.4200,351.5200,351.4200,351.4600
1788361127,351.4650,351.4650,351.4650,351.4650
1788361129,351.4400,351.4550,351.4400,351.4550
1788361130,351.4300,351.4300,351.4200,351.4200
1788361131,351.3800,351.4050,351.3700,351.3700
1788361132,351.3600,351.3600,351.3500,351.3500
1788361133,351.3600,351.3950,351.3600,351.3950
1788361134,351.3600,351.3600,351.3600,351.3600
1788361135,351.3600,351.3800,351.3500,351.3800
1788361136,351.4000,351.4000,351.4000,351.4000
1788361138,351.3800,351.4850,351.3800,351.4850
1788361139,351.5300,351.6200,351.5300,351.5600
1788361142,351.5400,351.5400,351.5400,351.5400
1788361143,351.5000,351.5300,351.4900,351.5300
1788361146,351.5500,351.5500,351.5500,351.5500
1788361147,351.5600,351.5600,351.5600,351.5600
1788361148,351.5800,351.7100,351.5800,351.7100
1788361152,351.6800,351.6800,351.6000,351.6000
1788361153,351.5800,351.5800,351.5500,351.5500
1788361154,351.5450,351.5600,351.5100,351.5100
1788361156,351.5450,351.5450,351.5200,351.5200
1788361157,351.5100,351.5100,351.5100,351.5100
1788361158,351.5100,351.5500,351.5100,351.5500
1788361159,351.5900,351.6100,351.5900,351.6100
1788361160,351.5900,351.5900,351.5800,351.5800
1788361161,351.5500,351.5500,351.5500,351.5500
1788361162,351.5100,351.5200,351.5100,351.5200
1788361163,351.5100,351.5200,351.4750,351.5200
1788361165,351.5200,351.5200,351.5200,351.5200
1788361167,351.4600,351.4600,351.4100,351.4100
1788361168,351.4500,351.4500,351.3300,351.3800
1788361169,351.3700,351.3700,351.3700,351.3700
1788361172,351.3800,351.3800,351.3800,351.3800
1788361173,351.3600,351.3600,351.2700,351.3100
1788361174,351.3100,351.3100,351.3100,351.3100
1788361175,351.2800,351.2800,351.2500,351.2500
1788361176,351.2800,351.3700,351.2800,351.3700
1788361180,351.3800,351.4000,351.3800,351.4000
1788361181,351.4000,351.4000,351.4000,351.4000
1788361182,351.3900,351.3900,351.3800,351.3800
1788361183,351.4000,351.4400,351.3900,351.4100
1788361184,351.4000,351.4000,351.4000,351.4000
1788361185,351.4200,351.4200,351.4200,351.4200
1788361186,351.4250,351.4250,351.3800,351.3800
1788361187,351.4250,351.4250,351.4250,351.4250
1788361188,351.3800,351.4400,351.3400,351.4400
1788361190,351.4000,351.4500,351.3900,351.4500
1788361191,351.3900,351.4400,351.3900,351.4000
1788361192,351.4100,351.4400,351.4000,351.4000
1788361193,351.4000,351.4200,351.3600,351.3600
1788361198,351.4100,351.4100,351.3900,351.4000
1788361200,351.3500,351.3500,351.3000,351.3300
1788361201,351.3800,351.3900,351.3300,351.3300
1788361202,351.3500,351.3600,351.3500,351.3600
1788361203,351.3700,351.3700,351.3700,351.3700
1788361206,351.3450,351.3450,351.3450,351.3450
1788361207,351.3450,351.4200,351.2800,351.4200
1788361208,351.4600,351.4600,351.4600,351.4600
1788361209,351.4800,351.4800,351.4000,351.4000
1788361210,351.3900,351.3900,351.3800,351.3800
1788361211,351.3600,351.4100,351.3600,351.3700
1788361212,351.3300,351.3300,351.1800,351.2050
1788361213,351.2050,351.2200,351.2050,351.2200
1788361214,351.2000,351.2000,351.1900,351.1900
1788361215,351.2300,351.2300,351.2300,351.2300
1788361216,351.1800,351.1800,351.1800,351.1800
1788361217,351.2100,351.2100,351.1500,351.1500
1788361218,351.1300,351.1300,351.0700,351.0700
1788361219,351.1300,351.1300,351.1300,351.1300
1788361221,351.1700,351.1900,351.1700,351.1900
1788361224,351.1100,351.1200,350.9200,350.9900
1788361226,351.1100,351.1800,351.1100,351.1800
1788361227,351.1800,351.1800,351.1100,351.1100
1788361229,351.1900,351.1900,351.1900,351.1900
1788361230,351.2000,351.2000,351.1500,351.1500
1788361231,351.1900,351.2000,351.1900,351.1900
1788361232,351.2400,351.2400,351.2300,351.2300
1788361234,351.2700,351.3300,351.2700,351.3200
1788361235,351.4000,351.5000,351.4000,351.5000
1788361236,351.5400,351.6200,351.5000,351.6100
1788361237,351.6200,351.6200,351.5800,351.5800
1788361239,351.5700,351.5700,351.5700,351.5700
1788361240,351.5100,351.5500,351.3000,351.4100
1788361241,351.4000,351.4800,351.4000,351.4800
1788361243,351.4000,351.4150,351.4000,351.4150
1788361244,351.4000,351.4500,351.3900,351.4500
1788361245,351.4500,351.9000,351.3300,351.7900
1788361246,351.8400,351.9500,351.8100,351.8900
1788361247,351.8850,351.8850,351.8850,351.8850
1788361248,351.8900,351.9200,351.8900,351.9200
1788361249,351.8800,351.8800,351.7900,351.7900
1788361250,351.8300,351.8300,351.7100,351.7100
1788361252,351.8300,351.8600,351.8300,351.8600
1788361253,351.8200,351.8200,351.8200,351.8200
1788361254,351.7700,351.7700,351.7700,351.7700
1788361255,351.7000,351.7900,351.7000,351.7000
1788361256,351.7200,351.7200,351.7200,351.7200
1788361257,351.7100,351.7100,351.6800,351.7100
1788361258,351.7300,351.7600,351.7200,351.7200
1788361259,351.7500,351.7800,351.7500,351.7800
1788361260,351.7500,351.7700,351.7500,351.7700
1788361262,351.7950,351.8800,351.7900,351.8100
1788361263,351.8000,351.8000,351.8000,351.8000
1788361265,351.7900,351.7900,351.7900,351.7900
1788361266,351.8300,351.8300,351.7300,351.7700
1788361267,351.8200,351.8200,351.7600,351.7600
1788361269,351.7400,351.7400,351.6800,351.6900
1788361270,351.7100,351.7100,351.6800,351.6800
1788361271,351.6500,351.6500,351.6500,351.6500
1788361272,351.7200,351.7300,351.7200,351.7300
1788361273,351.7200,351.8000,351.7200,351.7800
1788361275,351.7600,351.7600,351.7300,351.7300
1788361276,351.7500,351.7500,351.7200,351.7200
1788361277,351.7200,351.7200,351.6900,351.6900
1788361278,351.6550,351.6800,351.6550,351.6800
1788361279,351.7100,351.7100,351.7000,351.7000
1788361280,351.7300,351.7800,351.7100,351.7700
1788361281,351.7700,351.8000,351.7700,351.8000
1788361282,351.6900,351.7000,351.6900,351.7000
1788361283,351.6400,351.6400,351.6400,351.6400
1788361285,351.6000,351.6100,351.5700,351.6000
1788361286,351.6100,351.6700,351.6100,351.6400
1788361287,351.6700,351.7000,351.6700,351.7000
1788361289,351.6400,351.6400,351.6000,351.6000
1788361291,351.5800,351.5800,351.5800,351.5800
1788361292,351.6300,351.6500,351.6300,351.6400
1788361293,351.6000,351.6300,351.6000,351.6000
1788361294,351.6000,351.6000,351.6000,351.6000
1788361295,351.5600,351.5600,351.5600,351.5600
1788361296,351.5550,351.5550,351.5200,351.5200
1788361297,351.5100,351.5100,351.4800,351.5100
1788361300,351.5000,351.5000,351.5000,351.5000
1788361301,351.5100,351.5100,351.5100,351.5100
1788361302,351.5600,351.6400,351.5600,351.5900
1788361303,351.5700,351.5700,351.5700,351.5700
1788361304,351.5700,351.5700,351.5700,351.5700
1788361306,351.5950,351.6300,351.5950,351.6200
1788361307,351.6150,351.6150,351.6150,351.6150
1788361308,351.6150,351.6150,351.6150,351.6150
1788361312,351.5700,351.5900,351.5600,351.5900
1788361313,351.6500,351.6900,351.6500,351.6800
1788361315,351.6200,351.6200,351.6100,351.6100
1788361317,351.5900,351.5900,351.5500,351.5500
1788361318,351.5200,351.5200,351.4300,351.4300
1788361319,351.4200,351.4700,351.4100,351.4700
1788361322,351.4600,351.4700,351.4600,351.4700
1788361323,351.4500,351.4700,351.4500,351.4700
1788361324,351.4600,351.4600,351.4600,351.4600
1788361325,351.4700,351.4700,351.4700,351.4700
1788361326,351.4900,351.5000,351.4900,351.4900
1788361328,351.4800,351.4800,351.4000,351.4150
1788361329,351.4000,351.4100,351.3500,351.4100
1788361330,351.4000,351.4000,351.4000,351.4000
1788361332,351.4100,351.4300,351.4100,351.4300
1788361333,351.3900,351.3900,351.3800,351.3800
1788361334,351.3200,351.3200,351.2900,351.2900
1788361336,351.3100,351.3100,351.2900,351.2900
1788361337,351.3100,351.4100,351.2900,351.4100
1788361338,351.4100,351.4400,351.3700,351.4000
1788361339,351.3850,351.3850,351.3850,351.3850
1788361341,351.4200,351.5000,351.3800,351.3800
1788361342,351.4150,351.6200,351.4150,351.6200
1788361343,351.6100,351.6100,351.5900,351.5900
1788361345,351.5950,351.5950,351.5950,351.5950
1788361346,351.5800,351.5800,351.5400,351.5600
1788361347,351.5900,351.6500,351.5900,351.6500
1788361348,351.6500,351.6500,351.6300,351.6300
1788361349,351.6900,351.7000,351.6600,351.6600
1788361350,351.7000,351.7100,351.7000,351.7100
1788361351,351.7400,351.7500,351.7100,351.7250
1788361352,351.7500,351.7600,351.7500,351.7600
1788361353,351.7300,351.7400,351.7100,351.7400
1788361354,351.7400,351.8000,351.7300,351.7500
1788361355,351.7400,351.7400,351.6400,351.6400
1788361356,351.6900,351.6900,351.6600,351.6600
1788361357,351.6500,351.6500,351.6500,351.6500
1788361358,351.6800,351.7100,351.6800,351.7100
1788361359,351.6800,351.6800,351.6700,351.6700
1788361360,351.6700,351.6950,351.6700,351.6900
1788361361,351.6800,351.7300,351.6800,351.7000
1788361362,351.7000,351.7000,351.7000,351.7000
1788361363,351.6600,351.6600,351.5600,351.5600
1788361366,351.5500,351.5500,351.5500,351.5500
1788361367,351.5900,351.5900,351.5900,351.5900
1788361368,351.5500,351.6200,351.5200,351.6200
1788361369,351.5800,351.5800,351.5600,351.5600
1788361370,351.5400,351.5900,351.5100,351.5900
1788361372,351.5900,351.5900,351.5900,351.5900
1788361373,351.5700,351.5900,351.5600,351.5900
1788361374,351.6000,351.6250,351.6000,351.6250
1788361375,351.6100,351.6350,351.6000,351.6350
1788361377,351.6600,351.7200,351.6600,351.7200
1788361379,351.7400,351.7400,351.6600,351.7000
1788361380,351.7500,351.9000,351.7500,351.8500
1788361381,351.8200,351.8200,351.8000,351.8000
1788361382,351.8900,351.8900,351.8500,351.8900
1788361383,351.8300,351.8300,351.7600,351.7600
1788361384,351.7600,351.7600,351.7600,351.7600
1788361386,351.7800,351.7800,351.7800,351.7800
1788361387,351.7300,351.7600,351.7200,351.7600
1788361388,351.7100,351.7100,351.7100,351.7100
1788361389,351.7100,351.7100,351.6800,351.6800
1788361390,351.7200,351.7400,351.7200,351.7400
1788361391,351.7400,351.7600,351.7000,351.7000
1788361392,351.7000,351.7000,351.7000,351.7000
1788361393,351.6600,351.7000,351.6300,351.6800
1788361394,351.6800,351.7200,351.6800,351.7200
1788361395,351.6400,351.6400,351.6300,351.6300
1788361396,351.6300,351.6300,351.6100,351.6100
1788361397,351.6100,351.6100,351.5500,351.5700
1788361398,351.5700,351.5800,351.5500,351.5500
1788361400,351.5800,351.6000,351.5600,351.6000
1788361401,351.5800,351.5800,351.5500,351.5500
1788361403,351.5100,351.5100,351.4900,351.5000
1788361404,351.5200,351.5600,351.5200,351.5600
1788361405,351.6100,351.6200,351.6050,351.6050
1788361406,351.5850,351.6000,351.5850,351.6000
1788361407,351.5500,351.5600,351.5500,351.5600
1788361409,351.6100,351.6400,351.6100,351.6400
1788361410,351.6200,351.6200,351.6200,351.6200
1788361411,351.6600,351.6850,351.6600,351.6850
1788361412,351.7100,352.0100,351.7100,351.9600
1788361413,351.9500,351.9800,351.9500,351.9800
1788361415,352.0100,352.0500,351.9700,351.9700
1788361416,351.9900,352.0500,351.9800,352.0300
1788361417,351.9700,352.0000,351.9600,352.0000
1788361418,352.0100,352.2600,352.0100,352.2400
1788361419,352.2800,352.3300,352.2800,352.3000
1788361420,352.3350,352.3400,352.2500,352.2500
1788361421,352.2200,352.2900,352.2000,352.2900
1788361422,352.2750,352.3500,352.2750,352.3500
1788361423,352.3150,352.5200,352.3150,352.3900
1788361424,352.3400,352.3400,352.3400,352.3400
1788361425,352.3400,352.3400,352.2600,352.2650
1788361426,352.2400,352.2900,352.2400,352.2800
1788361427,352.2600,352.3400,352.2600,352.3400
1788361428,352.2700,352.2700,352.2200,352.2500
1788361429,352.2500,352.2500,352.2400,352.2400
1788361430,352.2300,352.2300,352.2000,352.2000
1788361432,352.2100,352.2100,352.2000,352.2000
1788361433,352.2600,352.3200,352.2600,352.3200
1788361434,352.3400,352.3500,352.3400,352.3500
1788361435,352.3500,352.3500,352.3000,352.3000
1788361436,352.3350,352.3450,352.3100,352.3450
1788361437,352.3100,352.4000,352.3000,352.3900
1788361439,352.3600,352.3700,352.3300,352.3700
1788361441,352.4000,352.4600,352.4000,352.4200
1788361442,352.3900,352.4200,352.3900,352.4000
1788361443,352.4100,352.4100,352.4000,352.4000
1788361444,352.4400,352.4400,352.4000,352.4000
1788361445,352.3700,352.3700,352.3500,352.3500
1788361446,352.3400,352.3400,352.3300,352.3300
1788361447,352.3200,352.3200,352.3000,352.3100
1788361448,352.3150,352.3900,352.3150,352.3900
1788361449,352.3800,352.3900,352.3800,352.3900
1788361450,352.3600,352.3600,352.3600,352.3600
1788361451,352.3800,352.3800,352.3700,352.3800
1788361452,352.3100,352.3100,352.2800,352.2800
1788361454,352.3300,352.3900,352.2900,352.3500
1788361455,352.3600,352.4200,352.2800,352.2800
1788361456,352.3300,352.3300,352.3300,352.3300
1788361458,352.3450,352.3450,352.3300,352.3450
1788361459,352.3600,352.3800,352.3600,352.3800
1788361460,352.3500,352.3500,352.3500,352.3500
1788361462,352.3700,352.4000,352.3700,352.4000
1788361463,352.4200,352.4200,352.3900,352.3900
1788361464,352.3700,352.3700,352.3700,352.3700
1788361465,352.4000,352.4000,352.4000,352.4000
1788361466,352.3900,352.3900,352.3800,352.3850
1788361467,352.3900,352.4000,352.3900,352.4000
1788361469,352.4200,352.4300,352.3200,352.3200
1788361470,352.2900,352.3400,352.2700,352.3400
1788361471,352.3400,352.3400,352.3000,352.3000
1788361472,352.3300,352.3300,352.3300,352.3300
1788361473,352.3000,352.3000,352.2900,352.2900
1788361474,352.3000,352.3000,352.3000,352.3000
1788361475,352.3200,352.3400,352.3200,352.3400
1788361476,352.3100,352.3100,352.3000,352.3000
1788361477,352.2900,352.2900,352.2300,352.2300
1788361478,352.2000,352.9500,352.1500,352.9400
1788361479,352.9300,352.9900,352.9150,352.9150
1788361480,352.8800,352.9300,352.7700,352.8700
1788361481,352.8000,353.0000,352.6300,352.7600
1788361482,352.8200,352.8800,352.7800,352.8800
1788361485,352.9600,353.2000,352.9300,353.0700
1788361486,353.0600,353.0600,353.0600,353.0600
1788361487,353.0000,353.0100,352.9100,353.0100
1788361488,352.9700,352.9700,352.8000,352.8000
1788361489,352.8450,352.9000,352.8450,352.9000
1788361490,352.8600,352.8600,352.8200,352.8200
1788361491,352.9200,353.0000,352.9100,353.0000
1788361492,353.0500,353.0700,353.0000,353.0300
1788361495,353.0100,353.2700,353.0100,353.2700
1788361496,353.3000,353.3150,353.3000,353.3150
1788361497,353.3600,353.4000,353.3600,353.3900
1788361499,353.4100,353.5400,353.4100,353.5400
1788361500,353.4900,353.5400,353.4800,353.5400
1788361501,353.4900,353.5200,353.1800,353.2000
1788361504,353.3000,353.3000,353.3000,353.3000
1788361505,353.3200,353.3700,353.3150,353.3700
1788361508,353.3300,353.3300,353.2100,353.2100
1788361509,353.1500,353.1500,353.1350,353.1350
1788361511,353.1500,353.1600,353.1500,353.1600
1788361513,353.2400,353.2700,353.2400,353.2400
1788361514,353.2000,353.2000,353.2000,353.2000
1788361515,353.2600,353.2700,353.0200,353.1600
1788361516,353.1500,353.1500,353.1500,353.1500
1788361518,353.0200,353.0200,352.9600,352.9600
1788361519,352.9400,352.9400,352.9100,352.9100
1788361520,352.9150,352.9600,352.9100,352.9500
1788361523,352.9500,353.0600,352.9400,353.0600
1788361524,353.0450,353.0450,352.7600,352.9700
1788361525,352.9500,352.9500,352.8800,352.8800
1788361530,352.8000,352.8000,352.7300,352.7600
1788361534,352.8400,352.8900,352.7900,352.7900
1788361537,352.8100,353.0200,352.8100,352.9550
1788361539,352.9500,353.0100,352.9500,353.0100
1788361542,353.0000,353.0150,353.0000,353.0050
1788361543,353.0100,353.0300,352.9400,352.9400
1788361544,352.9900,352.9900,352.9700,352.9800
1788361546,353.0000,353.0000,352.9400,352.9400
1788361548,352.9900,353.0800,352.9900,353.0400
1788361553,353.0600,353.0600,353.0600,353.0600
1788361557,353.0800,353.0800,353.0800,353.0800
1788361559,353.0500,353.0500,353.0500,353.0500
1788361561,353.0900,353.0900,353.0650,353.0700
1788361563,353.0500,353.0500,352.9300,352.9300
1788361564,352.8800,352.8800,352.8000,352.8000
1788361567,352.8450,352.8450,352.8450,352.8450
1788361571,352.9000,353.0100,352.9000,353.0100
1788361573,353.0200,353.0300,352.9100,352.9100
1788361574,352.9900,353.0000,352.9900,353.0000
1788361575,353.0100,353.0400,353.0100,353.0200
1788361577,353.0000,353.0600,353.0000,353.0600
1788361579,353.0100,353.0100,353.0100,353.0100
1788361580,352.9850,353.0300,352.9850,353.0300
1788361582,353.0600,353.3150,353.0600,353.2800
1788361583,353.2500,353.2500,353.2450,353.2450
1788361588,353.3200,353.3300,353.2800,353.2800
1788361590,353.2100,353.2100,353.2100,353.2100
1788361594,353.2900,353.3050,353.2700,353.2700
1788361595,353.2100,353.2100,353.1600,353.1600
1788361596,353.2800,353.2800,353.2800,353.2800
1788361599,353.3200,353.3200,353.3200,353.3200
1788361600,353.3500,353.3700,353.3500,353.3500
1788361602,353.4000,353.4000,353.4000,353.4000
1788361603,353.3500,353.3750,353.3500,353.3750
1788361604,353.3100,353.3100,353.3100,353.3100
1788361606,353.3500,353.3500,353.3500,353.3500
1788361608,353.4100,353.5700,353.4100,353.5300
1788361613,353.5500,353.5600,353.4800,353.5600
1788361614,353.5000,353.5300,353.5000,353.5300
1788361615,353.5500,353.5900,353.5500,353.5500
1788361616,353.5550,353.5700,353.5550,353.5550
1788361617,353.5400,353.5400,353.5400,353.5400
1788361620,353.5300,353.5300,353.4900,353.5000
1788361624,353.5000,353.5300,353.5000,353.5300
1788361628,353.5600,353.6900,353.5600,353.6500
1788361629,353.5600,353.6200,353.5600,353.6000
1788361630,353.6000,353.6000,353.5800,353.5800
1788361632,353.6500,353.6500,353.6500,353.6500
1788361634,353.7000,353.7200,353.6950,353.7200
1788361635,353.6950,353.7000,353.6000,353.6450
1788361636,353.6500,353.6500,353.5600,353.5600
1788361637,353.5200,353.5200,353.5000,353.5000
1788361638,353.4800,353.4800,353.4200,353.4200
1788361642,353.4100,353.4100,353.4000,353.4000
1788361644,353.4350,353.4700,353.3900,353.3900
1788361645,353.3800,353.4000,353.3800,353.4000
1788361646,353.4700,353.4700,353.4700,353.4700
1788361647,353.4900,353.4900,353.4900,353.4900
1788361648,353.5000,353.5900,353.4600,353.5900
1788361649,353.5700,353.5700,353.5000,353.5000
1788361651,353.5900,353.5900,353.5900,353.5900
1788361654,353.6700,353.6700,353.6700,353.6700
1788361656,353.6000,353.7600,353.6000,353.7600
1788361659,353.7150,353.7150,353.7000,353.7100
1788361660,353.7200,353.7200,353.7200,353.7200
1788361662,353.7200,353.7700,353.7200,353.7300
1788361663,353.7300,353.7300,353.7300,353.7300
1788361664,353.7000,353.7000,353.6900,353.6900
1788361665,353.6700,353.6700,353.6700,353.6700
1788361666,353.6300,353.6300,353.6200,353.6200
1788361667,353.6500,353.6500,353.5900,353.5900
1788361668,353.5400,353.5500,353.5200,353.5500
1788361670,353.5700,353.5700,353.5700,353.5700
1788361671,353.5600,353.5600,353.5000,353.5300
1788361672,353.5700,353.5700,353.5700,353.5700
1788361673,353.6200,353.6200,353.6200,353.6200
1788361675,353.6000,353.6200,353.6000,353.6200
1788361677,353.6400,353.6700,353.6400,353.6700
1788361680,353.6500,353.6500,353.6500,353.6500
1788361683,353.6000,353.6000,353.6000,353.6000
1788361684,353.6200,353.6850,353.6100,353.6700
1788361685,353.6800,353.7200,353.6800,353.6800
1788361686,353.6450,353.6450,353.6450,353.6450
1788361688,353.6400,353.6700,353.5700,353.6200
1788361690,353.5800,353.5800,353.5800,353.5800
1788361694,353.6100,353.6100,353.6100,353.6100
1788361697,353.6100,353.6600,353.6100,353.6600
1788361702,353.6200,353.7000,353.6200,353.6600
1788361704,353.6500,353.6500,353.6500,353.6500
1788361705,353.7200,353.7300,353.6700,353.7200
1788361707,353.7150,353.7150,353.7150,353.7150
1788361708,353.6800,353.6800,353.6700,353.6700
1788361712,353.6200,353.6200,353.5800,353.5900
1788361714,353.6700,353.6700,353.6700,353.6700
1788361716,353.5900,353.5900,353.5800,353.5800
1788361717,353.6700,353.7000,353.6700,353.7000
1788361722,353.7300,353.8100,353.7300,353.7900
1788361723,353.8000,353.8000,353.8000,353.8000
1788361726,353.8500,353.8600,353.8400,353.8400
1788361728,353.8400,353.8400,353.8250,353.8250
1788361730,353.8150,353.8150,353.8150,353.8150
1788361733,353.8000,353.8200,353.7600,353.8200
1788361735,353.8200,353.8200,353.8200,353.8200
1788361738,353.8000,353.8000,353.8000,353.8000
1788361739,353.8100,353.8100,353.8100,353.8100
1788361740,353.8100,353.8200,353.8100,353.8200
1788361741,353.8100,353.8100,353.8100,353.8100
1788361743,353.7650,353.7650,353.7650,353.7650
1788361744,353.7600,353.7600,353.6100,353.6100
1788361745,353.6100,353.6100,353.6100,353.6100
1788361746,353.5900,353.6200,353.5900,353.6200
1788361749,353.5700,353.5700,353.5700,353.5700
1788361750,353.5100,353.5200,353.4900,353.5200
1788361751,353.5200,353.5200,353.5200,353.5200
1788361755,353.5000,353.5000,353.5000,353.5000
1788361756,353.5600,353.5700,353.5600,353.5700
1788361759,353.5000,353.5000,353.5000,353.5000
1788361762,353.5600,353.5700,353.5600,353.5600
1788361763,353.5700,353.5700,353.5700,353.5700
1788361764,353.5800,353.5800,353.5800,353.5800
1788361765,353.5900,353.6100,353.5900,353.5900
1788361767,353.6200,353.6900,353.6200,353.6900
1788361768,353.7200,353.7200,353.7200,353.7200
1788361769,353.7300,353.7300,353.7300,353.7300
1788361771,353.6900,353.6900,353.6500,353.6500
1788361772,353.7000,353.7600,353.7000,353.7600
1788361777,353.7000,353.7700,353.7000,353.7500
1788361778,353.7700,353.7700,353.6500,353.6800
1788361780,353.6500,353.6500,353.6500,353.6500
1788361781,353.6400,353.6400,353.6400,353.6400
1788361782,353.6700,353.6900,353.6700,353.6900
1788361783,353.6900,353.6900,353.6900,353.6900
1788361784,353.6900,353.6900,353.6900,353.6900
1788361785,353.6900,353.7500,353.6900,353.7500
1788361787,353.7900,353.7900,353.7900,353.7900
1788361792,353.8100,353.8300,353.7500,353.7500
1788361793,353.7800,353.7800,353.7800,353.7800
1788361794,353.7750,353.8000,353.7750,353.8000
1788361795,353.8400,353.8400,353.8400,353.8400
1788361796,353.8100,353.8100,353.8100,353.8100
1788361799,353.7700,353.7900,353.7700,353.7900
1788361801,353.7800,353.8100,353.7700,353.8000
1788361804,353.7900,353.8300,353.7900,353.8300
1788361805,353.8400,353.8500,353.8400,353.8500
1788361810,353.8500,353.9200,353.8000,353.8000
1788361811,353.8350,353.8350,353.7900,353.7900
1788361812,353.7800,353.7800,353.7500,353.7700
1788361813,353.7600,353.7600,353.7300,353.7300
1788361814,353.7200,353.7200,353.6600,353.6600
1788361815,353.6900,353.6900,353.6900,353.6900
1788361816,353.7100,353.7100,353.7100,353.7100
1788361818,353.7600,353.7700,353.7600,353.7700
1788361820,353.7500,353.7500,353.7500,353.7500
1788361821,353.7100,353.7100,353.6700,353.6700
1788361822,353.6400,353.6400,353.6300,353.6300
1788361823,353.6100,353.6100,353.6000,353.6000
1788361831,353.6000,353.6500,353.6000,353.6400
1788361832,353.6700,353.6700,353.6500,353.6550
1788361835,353.7000,353.7700,353.7000,353.7700
1788361836,353.7600,353.7700,353.7600,353.7700
1788361838,353.8500,353.8500,353.8500,353.8500
1788361839,353.8800,353.8800,353.8800,353.8800
1788361840,353.8400,353.8400,353.8400,353.8400
1788361841,353.8100,353.8100,353.8100,353.8100
1788361845,353.7400,353.7400,353.7350,353.7350
1788361850,353.6500,353.6500,353.6400,353.6400
1788361856,353.6650,353.6650,353.6650,353.6650
1788361857,353.6100,353.6100,353.6000,353.6000
1788361858,353.6400,353.6400,353.6400,353.6400
1788361860,353.6700,353.7500,353.6700,353.7500
1788361861,353.7250,353.7250,353.7250,353.7250
1788361863,353.6900,353.6900,353.6700,353.6700
1788361864,353.6900,353.6900,353.6900,353.6900
1788361865,353.7500,353.7600,353.7500,353.7600
1788361866,353.7700,353.7900,353.7700,353.7900
1788361867,353.8000,353.9800,353.8000,353.8700
1788361869,353.9100,353.9300,353.9100,353.9300
1788361870,353.9300,353.9300,353.9300,353.9300
1788361871,353.9600,353.9800,353.9600,353.9800
1788361872,353.9400,353.9400,353.9400,353.9400
1788361873,353.9450,353.9900,353.9000,353.9000
1788361874,353.9300,353.9500,353.9300,353.9500
1788361876,353.9100,353.9100,353.9100,353.9100
1788361878,353.9800,354.3500,353.9800,354.3000
1788361879,354.2900,354.2900,354.2900,354.2900
1788361880,354.3200,354.5000,354.3200,354.4900
1788361881,354.4600,354.4600,354.4300,354.4300
1788361882,354.3900,354.4900,354.3700,354.4500
1788361883,354.4900,354.5500,354.4700,354.5500
1788361884,354.5200,354.5200,354.5200,354.5200
1788361885,354.5600,354.5600,354.5200,354.5300
1788361887,354.5800,354.6000,354.5500,354.5500
1788361890,354.5800,354.5800,354.5800,354.5800
1788361892,354.5600,354.5600,354.5600,354.5600
1788361893,354.5800,354.5800,354.5800,354.5800
1788361894,354.6100,354.6300,354.6100,354.6300
1788361895,354.5900,354.5900,354.5900,354.5900
1788361897,354.6700,354.6800,354.6700,354.6800
1788361898,354.6900,354.6900,354.6900,354.6900
1788361900,354.6900,354.7200,354.6600,354.6800
1788361903,354.6900,354.6900,354.6900,354.6900
1788361904,354.7100,354.7700,354.7100,354.7600
1788361905,354.7900,354.8100,354.7200,354.7600
1788361906,354.8000,354.8000,354.8000,354.8000
1788361907,354.8300,354.8400,354.8300,354.8400
1788361908,354.8400,354.8700,354.8100,354.8100
1788361910,354.7900,354.7900,354.7900,354.7900
1788361913,354.7700,354.7700,354.6900,354.6900
1788361914,354.7200,354.7400,354.7200,354.7400
1788361916,354.7400,354.7400,354.7400,354.7400
1788361917,354.7800,354.8100,354.7800,354.8100
1788361918,354.8400,354.8400,354.8400,354.8400
1788361920,354.7700,354.7700,354.7600,354.7600
1788361921,354.7700,354.8000,354.7700,354.8000
1788361925,354.7900,354.7900,354.7900,354.7900
1788361928,354.8000,354.8000,354.8000,354.8000
1788361929,354.8100,354.8900,354.8000,354.8900
1788361930,354.8900,354.9000,354.8900,354.9000
1788361932,354.8500,354.8500,354.8400,354.8400
1788361933,354.8400,354.8600,354.8300,354.8400
1788361935,354.8900,354.9100,354.8900,354.9100
1788361936,354.9000,354.9000,354.8500,354.8850
1788361937,354.8600,354.8600,354.8500,354.8600
1788361938,354.8600,354.8600,354.8600,354.8600
1788361940,354.8500,354.8600,354.8500,354.8600
1788361943,354.8400,354.8600,354.7000,354.7000
1788361944,354.6900,354.6900,354.5700,354.5700
1788361946,354.6500,354.7800,354.6500,354.7500
1788361951,354.7900,354.8500,354.7900,354.8500
1788361953,354.8500,354.8700,354.8500,354.8700
1788361958,354.8200,354.9300,354.8000,354.9300
1788361959,354.7900,354.8400,354.7900,354.8000
1788361960,354.8000,354.8000,354.7900,354.7900
1788361962,354.8100,354.8100,354.8100,354.8100
1788361963,354.7700,354.7700,354.7700,354.7700
1788361964,354.7400,354.7400,354.7000,354.7000
1788361965,354.6800,354.6800,354.6800,354.6800
1788361968,354.7000,354.7000,354.7000,354.7000
1788361969,354.6400,354.6400,354.6400,354.6400
1788361971,354.7000,354.7000,354.6700,354.6700
1788361978,354.6300,354.6300,354.5600,354.5600
1788361979,354.5200,354.5200,354.3600,354.4050
1788361982,354.4600,354.4600,354.4600,354.4600
1788361983,354.5250,354.5250,354.5250,354.5250
1788361988,354.4900,354.5000,354.4900,354.5000
1788361998,354.6100,354.6100,354.6100,354.6100
1788361999,354.6300,354.6750,354.6300,354.6750
1788362000,354.6800,354.6800,354.6800,354.6800
1788362001,354.6900,354.6900,354.6900,354.6900
1788362002,354.7400,354.7700,354.7400,354.7700
1788362004,354.6900,354.6900,354.6300,354.6300
1788362010,354.7000,354.7400,354.7000,354.7400
1788362011,354.7000,354.7100,354.7000,354.7100
1788362012,354.6400,354.6400,354.6400,354.6400
1788362013,354.6100,354.6100,354.6100,354.6100
1788362015,354.5800,354.5800,354.4200,354.4200
1788362016,354.4700,354.4700,354.4700,354.4700
1788362021,354.5000,354.5000,354.5000,354.5000
1788362022,354.4200,354.4200,354.4100,354.4100
1788362026,354.4300,354.5700,354.4300,354.5000
1788362028,354.4900,354.5000,354.4900,354.5000
1788362029,354.4950,354.4950,354.4950,354.4950
1788362034,354.4100,354.4100,354.1200,354.1600
1788362036,354.1850,354.1850,354.1850,354.1850
1788362037,354.1900,354.1900,354.1700,354.1700
1788362038,354.1500,354.1600,354.1200,354.1600
1788362040,354.1550,354.1550,354.1200,354.1200
1788362042,354.1700,354.1800,354.1700,354.1800
1788362043,354.1600,354.1600,354.1600,354.1600
1788362044,354.1100,354.1100,354.0400,354.1000
1788362045,354.1000,354.1000,354.1000,354.1000
1788362046,354.0950,354.0950,354.0700,354.0700
1788362048,354.0900,354.0900,354.0800,354.0800
1788362049,354.0300,354.0300,354.0200,354.0200
1788362051,354.0400,354.0400,354.0400,354.0400
1788362052,354.0500,354.0500,354.0500,354.0500
1788362053,354.0500,354.1600,354.0500,354.1600
1788362054,354.1000,354.1000,354.0900,354.0900
1788362055,354.1000,354.1000,354.1000,354.1000
1788362056,354.1000,354.2000,354.1000,354.1900
1788362058,354.1900,354.1900,354.1900,354.1900
1788362060,354.1100,354.1100,354.1000,354.1000
1788362062,354.1300,354.1300,354.1300,354.1300
1788362065,354.1300,354.1300,354.0700,354.1000
1788362066,354.1200,354.1200,354.1200,354.1200
1788362067,354.1600,354.2200,354.1600,354.2200
1788362068,354.2700,354.2800,354.2700,354.2800
1788362069,354.2750,354.3200,354.2750,354.3200
1788362070,354.3500,354.3800,354.3500,354.3800
1788362072,354.3900,354.4100,354.3700,354.4000
1788362074,354.3600,354.3800,354.3600,354.3800
1788362076,354.4500,354.4500,354.3100,354.3200
1788362077,354.3000,354.3450,354.3000,354.3400
1788362078,354.3000,354.3000,354.3000,354.3000
1788362079,354.3100,354.3100,354.3100,354.3100
1788362082,354.3500,354.3550,354.3400,354.3400
1788362084,354.3000,354.3000,354.2800,354.2800
1788362085,354.2500,354.2800,354.2500,354.2800
1788362087,354.2300,354.2300,354.2000,354.2000
1788362090,354.0900,354.0900,354.0600,354.0600
1788362091,354.0950,354.0950,354.0950,354.0950
1788362093,354.1000,354.1400,354.1000,354.1400
1788362094,354.1600,354.1600,354.1600,354.1600
1788362095,354.1300,354.1300,354.1300,354.1300
1788362096,354.1900,354.2000,354.1350,354.1500
1788362100,354.1900,354.2100,354.1900,354.2100
1788362102,354.2200,354.2200,354.2200,354.2200
1788362103,354.2100,354.2400,354.2000,354.2400
1788362104,354.2550,354.2550,354.2550,354.2550
1788362105,354.2300,354.2300,354.2000,354.2000
1788362106,354.2400,354.2550,354.2400,354.2550
1788362110,354.2200,354.2600,354.1600,354.2600
1788362113,354.2900,354.3200,354.2900,354.3200
1788362115,354.3300,354.3300,354.3300,354.3300
1788362117,354.2800,354.2800,354.2400,354.2800
1788362118,354.2800,354.2800,354.2800,354.2800
1788362121,354.2700,354.2700,354.2700,354.2700
1788362122,354.2450,354.2450,354.2450,354.2450
1788362124,354.2700,354.2700,354.2700,354.2700
1788362125,354.2400,354.2400,354.2400,354.2400
1788362126,354.2350,354.2350,354.2350,354.2350
1788362127,354.2600,354.2600,354.2600,354.2600
1788362128,354.2200,354.2200,354.0800,354.1700
1788362132,354.2600,354.3850,354.2600,354.3800
1788362133,354.4200,354.5100,354.4200,354.4800
1788362134,354.4700,354.4700,354.4700,354.4700
1788362138,354.4900,354.4900,354.4900,354.4900
1788362139,354.4900,354.4900,354.4900,354.4900
1788362141,354.5200,354.5600,354.5200,354.5600
1788362144,354.5600,354.6100,354.5600,354.5900
1788362145,354.5800,354.5800,354.5600,354.5600
1788362146,354.5400,354.5600,354.5200,354.5400
1788362147,354.5800,354.5800,354.5800,354.5800
1788362151,354.5900,354.6300,354.5900,354.6300
1788362152,354.6400,354.6400,354.6400,354.6400
1788362153,354.5800,354.5800,354.4300,354.4300
1788362155,354.5200,354.5200,354.5200,354.5200
1788362157,354.5700,354.5700,354.5700,354.5700
1788362159,354.5700,354.5900,354.5700,354.5900
1788362161,354.5950,354.6200,354.5950,354.6200
1788362162,354.6400,354.6400,354.5700,354.5850
1788362164,354.5700,354.5700,354.5700,354.5700
1788362167,354.5200,354.5200,354.5000,354.5000
1788362169,354.5000,354.5200,354.4900,354.4900
1788362170,354.4200,354.4200,354.4050,354.4050
1788362171,354.4150,354.4500,354.4150,354.4500
1788362173,354.5200,354.5400,354.5200,354.5400
1788362174,354.6000,354.6000,354.5300,354.5300
1788362175,354.5550,354.6000,354.5550,354.6000
1788362176,354.6200,354.6300,354.6200,354.6300
1788362178,354.6300,354.6500,354.6300,354.6350
1788362179,354.6300,354.6300,354.6300,354.6300
1788362183,354.6400,354.6400,354.5100,354.5100
1788362184,354.5600,354.5650,354.5450,354.5650
1788362185,354.5300,354.7000,354.5000,354.7000
1788362187,354.6400,354.6400,354.6000,354.6000
1788362192,354.5000,354.5000,354.4300,354.4300
1788362193,354.4800,354.4800,354.4800,354.4800
1788362195,354.5500,354.5500,354.5500,354.5500
1788362203,354.5700,354.5900,354.5700,354.5900
1788362206,354.5900,354.5900,354.5900,354.5900
1788362208,354.6000,354.6200,354.6000,354.6100
1788362210,354.6200,354.6200,354.6200,354.6200
1788362212,354.6100,354.6100,354.6100,354.6100
1788362213,354.6500,354.6700,354.5700,354.5700
1788362214,354.5700,354.5700,354.5700,354.5700
1788362216,354.6450,354.6450,354.6450,354.6450
1788362219,354.6900,354.7200,354.6900,354.7200
1788362220,354.7400,354.7800,354.7400,354.7800
1788362221,354.7800,354.7800,354.7800,354.7800
1788362222,354.6800,354.6800,354.6800,354.6800
1788362224,354.6900,354.7100,354.6900,354.7100
1788362225,354.7300,354.7400,354.7300,354.7400
1788362226,354.7000,354.7000,354.7000,354.7000
1788362228,354.7400,354.7500,354.7400,354.7500
1788362229,354.7500,354.7500,354.7500,354.7500
1788362230,354.7800,354.7800,354.7800,354.7800
1788362231,354.7000,354.7100,354.7000,354.7100
1788362234,354.6600,354.6900,354.6500,354.6900
1788362238,354.7300,354.7400,354.7300,354.7400
1788362240,354.7700,354.8000,354.7700,354.8000
1788362241,354.8200,354.8800,354.8200,354.8800
1788362242,354.8800,354.8800,354.8750,354.8750
1788362243,354.8750,354.9000,354.8500,354.9000
1788362246,354.9000,354.9600,354.9000,354.9600
1788362247,354.9400,355.0500,354.9400,355.0500
1788362248,355.0700,355.1000,355.0700,355.1000
1788362249,355.1300,355.2100,355.1200,355.2100
1788362250,355.1300,355.1300,355.0800,355.1200
1788362251,355.0800,355.1200,355.0500,355.0500
1788362253,355.0850,355.0850,355.0400,355.0500
1788362254,355.0800,355.1000,355.0800,355.1000
1788362255,355.1300,355.1600,355.1300,355.1600
1788362256,355.1200,355.1200,355.1200,355.1200
1788362257,355.0600,355.0600,355.0300,355.0300
1788362258,355.0900,355.0900,355.0700,355.0800
1788362259,355.1050,355.1050,355.1050,355.1050
1788362260,355.1100,355.1200,355.1100,355.1200
1788362263,355.0500,355.0500,355.0400,355.0400
1788362264,355.0000,355.0000,354.9500,354.9500
1788362265,354.9100,354.9100,354.8900,354.8900
1788362266,354.8800,354.8800,354.8700,354.8700
1788362267,354.8600,354.9000,354.8200,354.8400
1788362268,354.8200,354.8200,354.7700,354.7700
1788362269,354.7500,354.7500,354.6700,354.6700
1788362271,354.6500,354.6500,354.6500,354.6500
1788362272,354.6400,354.6400,354.6400,354.6400
1788362273,354.6000,354.6500,354.5700,354.5700
1788362275,354.5800,354.5800,354.5500,354.5700
1788362278,354.6500,354.6500,354.6000,354.6000
1788362279,354.6450,354.6450,354.6450,354.6450
1788362282,354.6800,354.7600,354.6800,354.7600
1788362283,354.6800,354.6800,354.6700,354.6700
1788362285,354.7300,354.7300,354.7300,354.7300
1788362286,354.7000,354.7050,354.6000,354.6000
1788362287,354.5300,354.5300,354.4400,354.4400
1788362288,354.4400,354.4400,354.4400,354.4400
1788362292,354.4200,354.4700,354.4200,354.4700
1788362295,354.4100,354.4100,354.1100,354.3150
1788362296,354.3200,354.3900,354.3200,354.3900
1788362300,354.3400,354.3850,354.3400,354.3850
1788362301,354.3500,354.3500,354.3500,354.3500
1788362305,354.4100,354.4700,354.4000,354.4300
1788362306,354.4350,354.4350,354.4350,354.4350
1788362308,354.4350,354.5000,354.4350,354.5000
1788362309,354.6000,354.6000,354.6000,354.6000
1788362312,354.6900,354.7750,354.6900,354.7750
1788362313,354.7300,354.7300,354.6900,354.7300
1788362314,354.7400,354.7400,354.7400,354.7400
1788362315,354.7600,354.7600,354.7600,354.7600
1788362316,354.7500,354.7500,354.7500,354.7500
1788362319,354.7550,354.8200,354.7500,354.7700
1788362320,354.7400,354.7400,354.6750,354.6750
1788362321,354.7300,354.7700,354.7300,354.7700
1788362324,354.8500,354.9000,354.8500,354.8900
1788362326,354.8300,354.8550,354.8300,354.8550
1788362327,354.8000,354.8000,354.7500,354.7500
1788362332,354.7700,354.7700,354.7700,354.7700
1788362333,354.8000,354.8000,354.8000,354.8000
1788362335,354.8000,354.8100,354.8000,354.8100
1788362336,354.8200,354.8900,354.7600,354.7600
1788362341,354.8400,354.8400,354.8400,354.8400
1788362342,354.8800,354.8800,354.8800,354.8800
1788362344,354.8400,354.9000,354.8200,354.9000
1788362346,354.8400,354.8400,354.8400,354.8400
1788362350,354.8100,354.8100,354.8000,354.8000
1788362351,354.8050,354.8050,354.8050,354.8050
1788362352,354.7950,354.7950,354.7950,354.7950
1788362353,354.7950,354.7950,354.7500,354.7500
1788362354,354.7900,354.7900,354.7900,354.7900
1788362355,354.7900,354.7900,354.7900,354.7900
1788362356,354.7900,354.7900,354.7900,354.7900
1788362359,354.7900,354.7900,354.7900,354.7900
1788362361,354.7700,354.7700,354.7700,354.7700
1788362367,354.8000,354.8000,354.8000,354.8000
1788362369,354.8500,354.8500,354.8300,354.8300
1788362371,354.8600,354.8650,354.8500,354.8500
1788362372,354.8400,354.8800,354.8400,354.8800
1788362373,354.8700,354.8900,354.8400,354.8400
1788362374,354.7800,354.7800,354.7700,354.7700
1788362376,354.7500,354.7500,354.7400,354.7400
1788362377,354.7100,354.7100,354.6700,354.6700
1788362378,354.7150,354.7150,354.7150,354.7150
1788362380,354.7400,354.7400,354.7400,354.7400
1788362381,354.7700,354.7700,354.7700,354.7700
1788362383,354.7900,354.7900,354.7900,354.7900
1788362385,354.7200,354.7200,354.7000,354.7000
1788362386,354.7700,354.7900,354.7700,354.7900
1788362387,354.7300,354.7300,354.7300,354.7300
1788362388,354.7200,354.7700,354.6900,354.6900
1788362389,354.6900,354.7500,354.6900,354.7500
1788362390,354.7000,354.7000,354.7000,354.7000
1788362393,354.7100,354.7300,354.7100,354.7300
1788362394,354.6600,354.6600,354.6000,354.6000
1788362397,354.6300,354.7100,354.6300,354.6900
1788362399,354.7200,354.7200,354.7200,354.7200
1788362401,354.7300,354.8000,354.7200,354.7500
1788362403,354.7500,354.7700,354.7500,354.7700
1788362408,354.7700,354.8400,354.7700,354.8400
1788362409,354.7900,354.7900,354.7900,354.7900
1788362411,354.8600,354.8900,354.8400,354.8800
1788362412,354.8900,354.9000,354.8900,354.9000
1788362417,354.8400,354.8400,354.8100,354.8300
1788362418,354.7900,354.7900,354.7800,354.7800
1788362420,354.8300,354.8400,354.8300,354.8400
1788362421,354.8400,354.8400,354.8400,354.8400
1788362424,354.8000,354.8000,354.7300,354.7300
1788362425,354.7000,354.7000,354.7000,354.7000
1788362426,354.7700,354.7750,354.7700,354.7750
1788362434,354.8000,354.8000,354.8000,354.8000
1788362439,354.7200,354.7550,354.7000,354.7100
1788362442,354.7200,354.7200,354.7200,354.7200
1788362443,354.6900,354.6900,354.6000,354.6000
1788362444,354.6100,354.6100,354.6100,354.6100
1788362445,354.5800,354.5800,354.5600,354.5600
1788362446,354.5600,354.6300,354.5500,354.6300
1788362449,354.6600,354.6600,354.6600,354.6600
1788362453,354.6800,354.7000,354.6600,354.6600
1788362455,354.6900,354.6900,354.6300,354.6300
1788362456,354.6200,354.6200,354.6200,354.6200
1788362461,354.6300,354.6900,354.6300,354.6750
1788362462,354.7100,354.7100,354.7100,354.7100
1788362463,354.6600,354.6600,354.6500,354.6500
1788362464,354.6550,354.6550,354.6550,354.6550
1788362465,354.6500,354.6500,354.6500,354.6500
1788362468,354.6950,354.6950,354.6950,354.6950
1788362469,354.7200,354.7300,354.7200,354.7300
1788362470,354.6800,354.6800,354.6800,354.6800
1788362472,354.7000,354.7000,354.7000,354.7000
1788362476,354.6800,354.7000,354.6600,354.7000
1788362477,354.7300,354.8000,354.7300,354.8000
1788362482,354.8100,354.8300,354.8100,354.8300
1788362489,354.8200,354.8300,354.8200,354.8300
1788362490,354.8300,354.8500,354.8250,354.8250
1788362491,354.7900,354.7900,354.7000,354.7000
1788362492,354.6900,354.6900,354.6500,354.6500
1788362494,354.6500,354.6500,354.6000,354.6300
1788362499,354.6100,354.6100,354.6100,354.6100
1788362500,354.6100,354.6100,354.6100,354.6100
1788362501,354.6500,354.6900,354.6500,354.6800
1788362506,354.6500,354.6500,354.6500,354.6500
1788362510,354.7200,354.7800,354.7200,354.7450
1788362512,354.7400,354.7400,354.6900,354.6900
1788362517,354.6800,354.6800,354.6800,354.6800
1788362520,354.7100,354.7100,354.7100,354.7100
1788362521,354.6500,354.6500,354.6300,354.6500
1788362522,354.7000,354.7000,354.7000,354.7000
1788362525,354.7200,354.7800,354.7200,354.7200
1788362526,354.7400,354.8300,354.7400,354.7800
1788362528,354.7300,354.7300,354.7100,354.7300
1788362529,354.8100,354.8200,354.8100,354.8200
1788362530,354.7950,354.7950,354.7950,354.7950
1788362531,354.7400,354.7800,354.7400,354.7500
1788362532,354.8000,354.8000,354.8000,354.8000
1788362535,354.7500,354.7500,354.7500,354.7500
1788362538,354.7550,354.7550,354.7550,354.7550
1788362539,354.7400,354.7400,354.6800,354.6950
1788362543,354.7100,354.7300,354.7100,354.7300
1788362545,354.6600,354.6600,354.6600,354.6600
1788362552,354.7000,354.7400,354.7000,354.7400
1788362553,354.7150,354.7150,354.7150,354.7150
1788362554,354.7400,354.7400,354.7400,354.7400
1788362558,354.7700,354.7700,354.6700,354.6700
1788362559,354.6600,354.6600,354.6300,354.6500
1788362561,354.6400,354.6400,354.6400,354.6400
1788362562,354.6300,354.6300,354.6000,354.6000
1788362563,354.6300,354.6300,354.6300,354.6300
1788362564,354.5900,354.5900,354.5400,354.5700
1788362567,354.6400,354.6400,354.6400,354.6400
1788362568,354.6800,354.6800,354.6800,354.6800
1788362569,354.6900,354.7000,354.6900,354.7000
1788362570,354.7500,354.7700,354.7500,354.7700
1788362571,354.8000,354.8900,354.8000,354.8800
1788362572,354.9000,354.9200,354.9000,354.9200
1788362573,354.9500,354.9900,354.9300,354.9300
1788362575,354.9100,354.9350,354.9100,354.9350
1788362577,354.9800,354.9800,354.9500,354.9500
1788362578,354.9800,355.0800,354.9800,355.0800
1788362579,355.0900,355.2000,355.0900,355.1300
1788362582,355.1650,355.2000,355.1650,355.2000
1788362585,355.1700,355.1700,355.0500,355.0500
1788362586,355.1500,355.1500,355.1500,355.1500
1788362587,355.1100,355.1100,355.1100,355.1100
1788362594,355.1700,355.2100,355.1700,355.2100
1788362596,355.1400,355.1900,355.1000,355.1300
1788362598,355.1400,355.1400,355.0900,355.0900
1788362599,355.1200,355.1200,355.0000,355.0000
1788362602,355.0300,355.0400,355.0300,355.0400
1788362603,355.1100,355.1100,355.1100,355.1100
1788362604,355.0650,355.0650,355.0400,355.0400
1788362606,355.1100,355.1100,355.1100,355.1100
1788362608,355.0800,355.1700,355.0800,355.1700
1788362609,355.1350,355.1900,355.1200,355.1200
1788362610,355.2000,355.2000,355.2000,355.2000
1788362611,355.1650,355.1650,355.1650,355.1650
1788362613,355.2200,355.2800,355.2200,355.2700
1788362615,355.1900,355.2000,355.0500,355.0500
1788362616,355.1000,355.1600,355.1000,355.1600
1788362617,355.1900,355.2000,355.1900,355.2000
1788362619,355.2200,355.2200,355.2200,355.2200
1788362620,355.2600,355.2900,355.2200,355.2200
1788362621,355.2400,355.2400,355.2400,355.2400
1788362622,355.2500,355.2500,355.2500,355.2500
1788362623,355.2000,355.2000,355.2000,355.2000
1788362624,355.2150,355.2200,355.2100,355.2100
1788362628,355.2200,355.2200,355.2200,355.2200
1788362629,355.1700,355.2500,355.1600,355.2500
1788362632,355.2200,355.2200,355.2200,355.2200
1788362634,355.2000,355.2000,355.2000,355.2000
1788362635,355.1600,355.1600,355.1500,355.1500
1788362636,355.1450,355.1450,355.1000,355.1000
1788362639,355.1200,355.1200,355.1200,355.1200
1788362641,355.1600,355.1600,355.1600,355.1600
1788362644,355.1200,355.1200,355.1200,355.1200
1788362646,355.1500,355.1500,355.1500,355.1500
1788362647,355.1200,355.1200,355.1200,355.1200
1788362648,355.1200,355.1200,355.1200,355.1200
1788362650,355.1350,355.1350,355.0400,355.0400
1788362653,355.1500,355.1500,355.1500,355.1500
1788362655,355.1200,355.1200,355.1200,355.1200
1788362656,355.1000,355.1000,355.1000,355.1000
1788362659,355.1400,355.1900,355.1400,355.1900
1788362661,355.1400,355.1400,355.1400,355.1400
1788362664,355.1900,355.2000,355.1550,355.1550
1788362665,355.1200,355.1200,355.1200,355.1200
1788362666,355.1350,355.1350,355.1100,355.1100
1788362670,355.1800,355.1800,355.1800,355.1800
1788362671,355.2000,355.2100,355.2000,355.2100
1788362672,355.2000,355.2000,355.2000,355.2000
1788362676,355.2400,355.2500,355.2400,355.2400
1788362679,355.2200,355.2400,355.2100,355.2250
1788362681,355.2000,355.2000,355.1900,355.1900
1788362685,355.2000,355.2000,355.2000,355.2000
1788362687,355.2400,355.2400,355.2400,355.2400
1788362688,355.2400,355.2400,355.2400,355.2400
1788362689,355.2300,355.2800,355.2300,355.2500
1788362690,355.2700,355.2700,355.2700,355.2700
1788362692,355.2800,355.2800,355.2800,355.2800
1788362695,355.2500,355.2500,355.2300,355.2300
1788362698,355.2200,355.2200,355.2000,355.2000
1788362699,355.2000,355.2000,355.2000,355.2000
1788362701,355.2600,355.2600,355.2600,355.2600
1788362706,355.2600,355.2600,355.2600,355.2600
1788362707,355.2600,355.2600,355.2600,355.2600
1788362708,355.2600,355.3000,355.2600,355.3000
1788362710,355.3000,355.3300,355.3000,355.3100
1788362711,355.3400,355.3400,355.3400,355.3400
1788362712,355.3500,355.3500,355.3500,355.3500
1788362713,355.3600,355.3600,355.3100,355.3100
1788362714,355.2900,355.2900,355.2000,355.2000
1788362715,355.2000,355.2000,355.2000,355.2000
1788362716,355.2200,355.2400,355.1300,355.1300
1788362717,355.1800,355.1800,355.1800,355.1800
1788362718,355.1800,355.1800,355.1800,355.1800
1788362720,355.1900,355.1900,355.1850,355.1850
1788362724,355.2300,355.2400,355.2300,355.2400
1788362725,355.2200,355.2400,355.2200,355.2400
1788362726,355.2500,355.2500,355.2500,355.2500
1788362728,355.2400,355.2800,355.2400,355.2800
1788362729,355.2800,355.2800,355.2600,355.2600
1788362730,355.3000,355.3500,355.3000,355.3500
1788362732,355.3400,355.3400,355.3400,355.3400
1788362734,355.3500,355.3500,355.3300,355.3300
1788362735,355.3250,355.3250,355.3250,355.3250
1788362736,355.3500,355.3600,355.3450,355.3450
1788362737,355.3300,355.3300,355.3200,355.3300
1788362738,355.3100,355.3400,355.2700,355.2700
1788362739,355.2950,355.2950,355.2700,355.2700
1788362740,355.2600,355.2600,355.2100,355.2100
1788362741,355.2100,355.2100,355.1900,355.1900
1788362744,355.2100,355.2200,355.2100,355.2200
1788362748,355.2500,355.3300,355.2500,355.3300
1788362750,355.3600,355.3600,355.3600,355.3600
1788362751,355.3000,355.3000,355.3000,355.3000
1788362753,355.2800,355.2800,355.2200,355.2600
1788362756,355.2700,355.2700,355.2700,355.2700
1788362757,355.2400,355.2400,355.2400,355.2400
1788362758,355.2200,355.2200,355.2200,355.2200
1788362759,355.2600,355.2600,355.2600,355.2600
1788362761,355.2400,355.2550,355.2400,355.2550
1788362763,355.2600,355.2700,355.2600,355.2700
1788362766,355.2900,355.2900,355.2900,355.2900
1788362767,355.3100,355.3100,355.2850,355.3000
1788362768,355.3200,355.3200,355.2950,355.3100
1788362769,355.3300,355.3400,355.3300,355.3400
1788362771,355.3000,355.3000,355.2200,355.2200
1788362772,355.2700,355.2700,355.2700,355.2700
1788362773,355.2600,355.2800,355.1200,355.1200
1788362774,355.1350,355.1700,355.1350,355.1700
1788362775,355.1750,355.1750,355.1750,355.1750
1788362776,355.2100,355.2100,355.2000,355.2000
1788362779,355.2400,355.2400,355.2400,355.2400
1788362780,355.2300,355.2300,355.2300,355.2300
1788362783,355.1800,355.1800,355.1800,355.1800
1788362784,355.2000,355.2100,355.1900,355.2100
1788362785,355.2100,355.2100,355.2100,355.2100
1788362786,355.1400,355.1400,355.0700,355.1100
1788362787,355.1200,355.1200,355.1200,355.1200
1788362788,355.1600,355.1700,355.1600,355.1700
1788362790,355.2200,355.2300,355.2200,355.2300
1788362791,355.2700,355.2700,355.2700,355.2700
1788362792,355.3000,355.3000,355.2900,355.2900
1788362795,355.2900,355.2900,355.2700,355.2700
1788362796,355.2600,355.2600,355.2600,355.2600
1788362797,355.3000,355.3000,355.3000,355.3000
1788362798,355.3200,355.3800,355.3200,355.3800
1788362799,355.3300,355.3300,355.3200,355.3200
1788362800,355.3700,355.3700,355.3700,355.3700
1788362802,355.3900,355.4800,355.3800,355.3800
1788362803,355.4100,355.4100,355.4100,355.4100
1788362804,355.3800,355.3800,355.3800,355.3800
1788362806,355.3950,355.3950,355.3900,355.3900
1788362807,355.3700,355.3700,355.3700,355.3700
1788362808,355.4650,355.4650,355.4650,355.4650
1788362809,355.4800,355.4900,355.4800,355.4900
1788362810,355.4800,355.4800,355.4800,355.4800
1788362812,355.4500,355.4500,355.2700,355.2700
1788362813,355.2600,355.2600,355.2300,355.2500
1788362814,355.2700,355.2700,355.1500,355.1500
1788362816,355.2000,355.2000,355.2000,355.2000
1788362818,355.2000,355.2500,355.2000,355.2500
1788362819,355.2800,355.2800,355.2800,355.2800
1788362823,355.2700,355.2700,355.2400,355.2400
1788362830,355.3300,355.3300,355.3300,355.3300
1788362831,355.3200,355.3200,355.2700,355.2700
1788362835,355.3100,355.3200,355.3100,355.3200
1788362841,355.3500,355.3600,355.3500,355.3600
1788362842,355.3300,355.3300,355.0100,355.1100
1788362843,355.1400,355.1500,355.1400,355.1450
1788362844,355.1400,355.1500,355.1400,355.1500
1788362846,355.0900,355.0900,355.0700,355.0700
1788362847,355.0400,355.0400,354.9600,355.0000
1788362848,355.0400,355.0400,354.9700,354.9700
1788362851,354.9900,355.0400,354.9900,355.0300
1788362852,354.9800,355.0200,354.9400,354.9400
1788362854,354.9800,354.9800,354.9800,354.9800
1788362855,354.9800,354.9800,354.9800,354.9800
1788362856,354.9900,355.0100,354.9900,355.0100
1788362857,355.0100,355.0200,355.0000,355.0200
1788362859,355.0200,355.0200,355.0200,355.0200
1788362860,355.0200,355.0200,354.9800,355.0000
1788362864,355.0000,355.0000,354.9300,354.9300
1788362869,354.9100,354.9100,354.8600,354.8600
1788362870,354.8600,354.8700,354.8500,354.8600
1788362871,354.8600,354.9000,354.8600,354.8700
1788362875,354.8600,354.8600,354.8200,354.8200
1788362876,354.8100,354.8100,354.7800,354.7800
1788362877,354.8000,354.8400,354.8000,354.8400
1788362879,354.8150,354.8150,354.7200,354.7350
1788362880,354.7100,354.7100,354.6300,354.6300
1788362881,354.6000,354.6800,354.6000,354.6800
1788362882,354.7400,354.7800,354.7100,354.7100
1788362886,354.7400,354.8400,354.7400,354.7600
1788362887,354.8200,354.8600,354.7950,354.8350
1788362888,354.8600,354.8800,354.7900,354.7900
1788362889,354.7900,354.7900,354.7900,354.7900
1788362891,354.8000,354.8000,354.8000,354.8000
1788362893,354.8100,354.8200,354.7700,354.7800
1788362894,354.8200,354.8500,354.8200,354.8500
1788362896,354.8200,354.8200,354.8200,354.8200
1788362897,354.7800,354.7800,354.7700,354.7700
1788362898,354.8000,354.8000,354.8000,354.8000
1788362902,354.7750,354.7750,354.7500,354.7500
1788362903,354.6900,354.6900,354.6900,354.6900
1788362904,354.6800,354.6800,354.6800,354.6800
1788362905,354.6600,354.6600,354.6600,354.6600
1788362906,354.6600,354.6700,354.6600,354.6700
1788362907,354.6300,354.6300,354.5900,354.5900
1788362908,354.5600,354.5600,354.4000,354.5250
1788362911,354.4900,354.4900,354.4700,354.4700
1788362912,354.4600,354.6850,354.4000,354.6850
1788362915,354.6100,354.6100,354.5900,354.5900
1788362917,354.5600,354.5600,354.5400,354.5400
1788362918,354.5200,354.5200,354.5200,354.5200
1788362919,354.5600,354.5600,354.5600,354.5600
1788362920,354.5700,354.5900,354.5700,354.5900
1788362922,354.5300,354.5300,354.5300,354.5300
1788362923,354.5000,354.5000,354.4400,354.4400
1788362924,354.4550,354.4550,354.4550,354.4550
1788362925,354.4200,354.4700,354.4200,354.4700
1788362926,354.4900,354.5100,354.4800,354.5100
1788362927,354.4900,354.4900,354.4900,354.4900
1788362928,354.4900,354.4900,354.4900,354.4900
1788362929,354.4900,354.4900,354.4900,354.4900
1788362930,354.5000,354.5000,354.4900,354.4900
1788362931,354.5050,354.5500,354.4300,354.4300
1788362932,354.4600,354.4700,354.4600,354.4700
1788362934,354.4800,354.4800,354.4500,354.4500
1788362935,354.4650,354.4650,354.4650,354.4650
1788362936,354.4900,354.5000,354.4900,354.5000
1788362937,354.4600,354.4900,354.4000,354.4700
1788362938,354.4700,354.4700,354.4000,354.4600
1788362939,354.4600,354.5000,354.4300,354.4300
1788362940,354.4600,354.4900,354.4100,354.4550
1788362941,354.4550,354.5200,354.4100,354.5200
1788362942,354.5150,354.5150,354.4900,354.4900
1788362943,354.4550,354.4550,354.4500,354.4500
1788362944,354.4300,354.4400,354.3700,354.3700
1788362945,354.4100,354.4100,354.4100,354.4100
1788362946,354.4100,354.4100,354.4100,354.4100
1788362948,354.4400,354.4800,354.3900,354.4700
1788362949,354.4700,354.4700,354.4700,354.4700
1788362951,354.4600,354.4600,354.4600,354.4600
1788362957,354.5300,354.5500,354.5300,354.5500
1788362958,354.5300,354.5300,354.5300,354.5300
1788362959,354.5300,354.5300,354.5000,354.5300
1788362960,354.5100,354.5100,354.4200,354.4200
1788362961,354.4000,354.4000,354.2700,354.2700
1788362963,354.2700,354.2700,354.1800,354.1800
1788362964,354.2200,354.2300,354.2200,354.2300
1788362969,354.2800,354.2900,354.2800,354.2900
1788362970,354.2600,354.2600,354.2600,354.2600
1788362972,354.2900,354.2900,354.2300,354.2300
1788362975,354.2000,354.2000,354.1400,354.1400
1788362977,354.1000,354.1000,353.9000,353.9800
1788362978,353.9400,353.9400,353.9400,353.9400
1788362979,353.9000,353.9000,353.9000,353.9000
1788362980,353.8900,353.8900,353.8900,353.8900
1788362981,353.8800,353.8800,353.8500,353.8800
1788362986,353.8800,353.9100,353.8400,353.8600
1788362989,353.8700,353.9100,353.8700,353.9100
1788362993,353.8900,353.8900,353.8800,353.8900
1788362994,353.9200,353.9300,353.9200,353.9300
1788362995,353.9400,353.9400,353.9400,353.9400
1788362996,353.9500,353.9600,353.9500,353.9600
1788362999,353.9700,354.0000,353.9700,353.9700
1788363001,353.9300,353.9300,353.8800,353.8800
1788363002,353.8400,353.8600,353.8200,353.8200
1788363003,353.8000,353.8000,353.8000,353.8000
1788363004,353.7900,353.8000,353.7700,353.8000
1788363005,353.7500,353.7700,353.7300,353.7700
1788363007,353.7200,353.7200,353.7050,353.7100
1788363008,353.6700,353.7500,353.6600,353.7500
1788363009,353.7900,353.8000,353.7600,353.7600
1788363010,353.8100,353.8900,353.8100,353.8900
1788363011,353.8500,353.8500,353.7600,353.7600
1788363012,353.7200,353.7400,353.7000,353.7400
1788363013,353.7500,353.7500,353.7400,353.7400
1788363014,353.7200,353.7200,353.7200,353.7200
1788363015,353.7200,353.7200,353.7100,353.7100
1788363017,353.7000,353.8000,353.7000,353.8000
1788363018,353.7500,353.7500,353.6700,353.6700
1788363019,353.7200,353.7200,353.7100,353.7100
1788363020,353.7000,353.7000,353.5500,353.6300
1788363021,353.5400,353.5700,353.5000,353.5400
1788363022,353.5250,353.5250,353.5250,353.5250
1788363023,353.5700,353.5700,353.5700,353.5700
1788363025,353.6100,353.6500,353.6100,353.6500
1788363026,353.6400,353.6400,353.6200,353.6300
1788363028,353.6200,353.6200,353.5200,353.5400
1788363030,353.5200,353.5200,353.5200,353.5200
1788363032,353.5600,353.6000,353.5600,353.6000
1788363033,353.6500,353.7000,353.6500,353.7000
1788363034,353.6500,353.6500,353.6400,353.6400
1788363035,353.6500,353.6500,353.6500,353.6500
1788363036,353.6600,353.7000,353.6500,353.7000
1788363037,353.6500,353.6500,353.6400,353.6400
1788363040,353.6700,353.6700,353.6700,353.6700
1788363041,353.6950,353.6950,353.6950,353.6950
1788363043,353.7200,353.7200,353.7200,353.7200
1788363044,353.7250,353.7350,353.7250,353.7350
1788363045,353.7000,353.7000,353.6900,353.6900
1788363048,353.6900,353.6900,353.6600,353.6600
1788363049,353.6500,353.6500,353.6300,353.6300
1788363051,353.6600,353.6600,353.6600,353.6600
1788363053,353.6400,353.6400,353.6000,353.6200
1788363054,353.5800,353.5800,353.5600,353.5600
1788363058,353.5500,353.5500,353.5200,353.5200
1788363060,353.5300,353.5300,353.5300,353.5300
1788363061,353.5200,353.5200,353.5200,353.5200
1788363067,353.6200,353.6600,353.5900,353.5900
1788363070,353.6150,353.6150,353.6100,353.6100
1788363071,353.5700,353.5900,353.5400,353.5400
1788363072,353.5100,353.5100,353.3600,353.3650
1788363073,353.4000,353.4000,353.3850,353.3850
1788363074,353.3700,353.3700,353.3700,353.3700
1788363075,353.4000,353.4000,353.3500,353.3500
1788363076,353.3000,353.3000,353.2600,353.2600
1788363079,353.3500,353.4500,353.3500,353.4500
1788363080,353.4900,353.4900,353.4900,353.4900
1788363081,353.5400,353.5600,353.5400,353.5600
1788363082,353.5700,353.5800,353.5700,353.5800
1788363083,353.5800,353.7000,353.5800,353.7000
1788363085,353.7500,353.7500,353.7500,353.7500
1788363087,353.8200,354.0100,353.7700,353.9850
1788363088,354.0400,354.0600,354.0400,354.0600
1788363091,354.1700,354.2100,354.1600,354.1600
1788363092,354.1900,354.2800,354.1700,354.1900
1788363093,354.2250,354.2250,354.2250,354.2250
1788363094,354.1900,354.1900,354.1800,354.1800
1788363095,354.1700,354.1700,353.9000,353.9000
1788363097,353.8600,353.8600,353.7100,353.7600
1788363098,353.7800,353.7800,353.7800,353.7800
1788363102,353.7500,353.7500,353.7500,353.7500
1788363103,353.8300,353.8700,353.8300,353.8300
1788363104,353.8100,353.8100,353.7200,353.7600
1788363105,353.7500,353.7500,353.7400,353.7400
1788363110,353.7800,353.7800,353.7200,353.7200
1788363111,353.7100,353.7100,353.6600,353.6600
1788363112,353.6700,353.6700,353.6700,353.6700
1788363113,353.7100,353.7100,353.7100,353.7100
1788363114,353.6400,353.6400,353.6100,353.6250
1788363115,353.6000,353.6000,353.5500,353.5800
1788363116,353.5400,353.5400,353.5400,353.5400
1788363117,353.5800,353.5800,353.5800,353.5800
1788363121,353.5100,353.5100,353.4650,353.4650
1788363124,353.4500,353.4500,353.4500,353.4500
1788363126,353.5200,353.5200,353.5200,353.5200
1788363127,353.5000,353.5300,353.4400,353.4400
1788363130,353.4950,353.4950,353.4950,353.4950
1788363131,353.4400,353.4850,353.4300,353.4850
1788363132,353.5000,353.5000,353.5000,353.5000
1788363133,353.5350,353.5350,353.5000,353.5000
1788363134,353.4300,353.6000,353.4300,353.5500
1788363141,353.5300,353.5300,353.5300,353.5300
1788363145,353.5200,353.5200,353.5200,353.5200
1788363146,353.5700,353.6100,353.5700,353.6100
1788363148,353.6300,353.6400,353.5500,353.5800
1788363150,353.6300,353.6300,353.6300,353.6300
1788363151,353.5900,353.5900,353.5900,353.5900
1788363153,353.5900,353.5900,353.5900,353.5900
1788363156,353.5700,353.5700,353.5700,353.5700
1788363158,353.5700,353.5700,353.5600,353.5600
1788363159,353.6000,353.6000,353.6000,353.6000
1788363161,353.6100,353.6100,353.6100,353.6100
1788363163,353.6500,353.7100,353.6500,353.7100
1788363164,353.7250,353.8700,353.7250,353.8700
1788363170,353.9000,354.0000,353.9000,354.0000
1788363171,353.9900,353.9900,353.9500,353.9500
1788363177,353.9400,353.9400,353.9400,353.9400
1788363178,353.9300,353.9300,353.9300,353.9300
1788363179,353.9200,353.9200,353.9200,353.9200
1788363180,353.9300,353.9500,353.9300,353.9500
1788363182,353.9300,353.9300,353.9300,353.9300
1788363183,353.9700,353.9700,353.9300,353.9300
1788363184,353.9300,353.9300,353.9200,353.9200
1788363186,353.9700,353.9900,353.9700,353.9900
1788363187,353.9600,353.9900,353.9600,353.9700
1788363189,354.0300,354.1000,354.0300,354.1000
1788363191,354.0400,354.0400,354.0400,354.0400
1788363197,354.1200,354.1200,354.0400,354.0400
1788363199,354.0200,354.0300,353.9700,353.9900
1788363200,354.0600,354.0800,354.0600,354.0800
1788363203,354.1400,354.1400,354.1000,354.1000
1788363204,354.0800,354.0800,354.0550,354.0550
1788363207,354.1400,354.1400,354.0900,354.0900
1788363214,354.1000,354.1000,354.1000,354.1000
1788363216,354.1000,354.1000,354.1000,354.1000
1788363220,354.1050,354.1050,354.1050,354.1050
1788363221,354.1100,354.1100,354.0000,354.0000
1788363223,353.9900,353.9900,353.9700,353.9700
1788363225,353.9400,353.9400,353.9300,353.9300
1788363226,353.9600,353.9700,353.9600,353.9700
1788363229,353.9200,353.9200,353.9200,353.9200
1788363230,353.9100,353.9100,353.9100,353.9100
1788363232,353.9500,353.9500,353.9500,353.9500
1788363234,353.9900,354.0000,353.9900,354.0000
1788363238,354.0500,354.0500,354.0500,354.0500
1788363239,354.0300,354.0300,354.0300,354.0300
1788363246,354.0800,354.0800,354.0500,354.0500
1788363247,354.0800,354.1400,354.0800,354.1100
1788363249,354.1200,354.1800,354.1200,354.1800
1788363254,354.1900,354.2000,354.1900,354.2000
1788363255,354.1700,354.1700,354.1000,354.1000
1788363256,354.0000,354.0500,354.0000,354.0500
1788363257,354.0600,354.6400,354.0600,354.5800
1788363261,354.6300,354.6400,354.6300,354.6400
1788363262,354.6200,354.6400,354.6100,354.6400
1788363263,354.6500,354.6500,354.6500,354.6500
1788363264,354.6100,354.6100,354.5200,354.6100
1788363265,354.5750,354.6300,354.5750,354.6300
1788363266,354.6400,354.6400,354.6300,354.6300
1788363267,354.6550,354.6550,354.5800,354.5800
1788363268,354.5400,354.5400,354.4300,354.4300
1788363270,354.4400,354.4400,354.4000,354.4000
1788363273,354.4200,354.4200,354.4200,354.4200
1788363274,354.4400,354.4400,354.4400,354.4400
1788363276,354.4450,354.5000,354.4450,354.5000
1788363277,354.4300,354.4300,354.4300,354.4300
1788363278,354.4400,354.4700,354.4200,354.4200
1788363281,354.4600,354.4600,354.4600,354.4600
1788363282,354.5000,354.5600,354.5000,354.5600
1788363284,354.5700,354.6000,354.5600,354.5600
1788363285,354.5650,354.5650,354.5650,354.5650
1788363286,354.5650,354.6000,354.5650,354.6000
1788363288,354.5900,354.6300,354.5900,354.6300
1788363289,354.5900,354.5900,354.5300,354.5300
1788363292,354.5200,354.5200,354.5000,354.5200
1788363294,354.4500,354.4500,354.4300,354.4500
1788363295,354.4200,354.4200,354.3900,354.3900
1788363296,354.3800,354.3800,354.3700,354.3800
1788363297,354.3600,354.3600,354.3300,354.3300
1788363301,354.4100,354.4200,354.3800,354.3800
1788363302,354.4200,354.4200,354.4000,354.4000
1788363304,354.3800,354.3800,354.3800,354.3800
1788363307,354.3750,354.3750,354.3750,354.3750
1788363308,354.3800,354.3800,354.3400,354.3500
1788363309,354.3000,354.3100,354.2900,354.2900
1788363312,354.3100,354.3400,354.3100,354.3400
1788363313,354.3200,354.3200,354.3200,354.3200
1788363315,354.3200,354.3600,354.3200,354.3600
1788363316,354.3200,354.3200,354.2800,354.2800
1788363317,354.2100,354.2100,354.2000,354.2000
1788363318,354.1700,354.1700,354.1600,354.1600
1788363321,354.2100,354.2100,354.2100,354.2100
1788363323,354.2500,354.2500,354.2500,354.2500
1788363328,354.2100,354.2100,354.1000,354.1000
1788363331,354.0500,354.0700,354.0500,354.0700
1788363334,354.1000,354.2000,354.0900,354.0900
1788363335,354.0500,354.0500,354.0400,354.0400
1788363336,354.0200,354.0500,354.0000,354.0500
1788363339,354.0200,354.0500,354.0200,354.0500
1788363341,354.0400,354.0800,354.0400,354.0800
1788363342,354.0400,354.0500,354.0400,354.0500
1788363344,354.0400,354.0900,354.0400,354.0900
1788363348,354.0800,354.0800,354.0800,354.0800
1788363349,354.0850,354.0850,354.0600,354.0600
1788363350,354.0300,354.0300,354.0200,354.0200
1788363351,354.0000,354.0000,354.0000,354.0000
1788363352,353.9900,354.0200,353.9900,353.9900
1788363353,354.0500,354.0600,354.0500,354.0600
1788363354,354.0200,354.0200,353.9000,353.9100
1788363357,353.9100,353.9100,353.9000,353.9000
1788363359,353.9700,353.9700,353.9600,353.9600
1788363360,353.9900,353.9900,353.9900,353.9900
1788363361,353.9900,353.9900,353.9000,353.9000
1788363365,353.9150,353.9500,353.8800,353.9500
1788363367,353.9600,354.0600,353.9600,354.0600
1788363368,354.0600,354.0600,354.0200,354.0200
1788363369,354.1000,354.1400,354.1000,354.1400
1788363370,354.1300,354.1700,354.1300,354.1700
1788363375,354.1400,354.1400,354.1400,354.1400
1788363376,354.1800,354.2000,354.1800,354.2000
1788363377,354.2000,354.2200,354.1400,354.1400
1788363380,354.1500,354.1800,354.1500,354.1800
1788363382,354.1100,354.1400,354.0900,354.1300
1788363384,354.1800,354.1800,354.1800,354.1800
1788363385,354.2500,354.2500,354.2500,354.2500
1788363387,354.2500,354.2500,354.2500,354.2500
1788363388,354.2300,354.2300,354.2300,354.2300
1788363390,354.2300,354.2300,354.1900,354.1900
1788363391,354.1900,354.1900,354.1300,354.1400
1788363393,354.1000,354.1000,354.1000,354.1000
1788363394,354.1050,354.1050,354.1000,354.1000
1788363395,354.0300,354.0300,354.0200,354.0200
1788363397,354.0700,354.0700,354.0700,354.0700
1788363401,354.1100,354.1300,354.1100,354.1300
1788363402,354.1600,354.1600,354.1600,354.1600
1788363403,354.1400,354.1400,354.1400,354.1400
1788363404,354.1200,354.1200,354.1200,354.1200
1788363406,354.1100,354.1100,354.0600,354.0600
1788363412,354.0100,354.0100,353.9700,353.9700
1788363414,353.9200,353.9300,353.9000,353.9000
1788363418,353.8900,353.8900,353.8800,353.8800
1788363420,353.8600,353.8600,353.8500,353.8500
1788363421,353.8400,353.8400,353.8000,353.8000
1788363422,353.8400,353.8400,353.8400,353.8400
1788363423,353.8400,353.8400,353.7900,353.8200
1788363424,353.8300,353.8800,353.8300,353.8600
1788363425,353.9200,353.9300,353.9200,353.9300
1788363432,353.9400,353.9400,353.9400,353.9400
1788363436,353.9400,354.0100,353.9400,354.0100
1788363438,353.9900,353.9900,353.9700,353.9700
1788363446,354.1000,354.1000,354.1000,354.1000
1788363449,354.1600,354.1900,354.1600,354.1900
1788363450,354.1300,354.1300,354.0800,354.0800
1788363451,354.1350,354.1350,354.0800,354.0800
1788363457,354.0500,354.0500,354.0500,354.0500
1788363458,354.0000,354.0000,353.9600,353.9600
1788363459,353.9500,353.9500,353.8800,353.8800
1788363460,353.9400,353.9400,353.9400,353.9400
1788363461,353.8800,353.9600,353.8800,353.9600
1788363463,353.9500,353.9500,353.8900,353.8900
1788363469,353.9000,353.9000,353.7900,353.7900
1788363470,353.7700,353.7700,353.7700,353.7700
1788363473,353.7700,353.7700,353.7700,353.7700
1788363475,353.8200,354.0400,353.8200,354.0400
1788363476,354.0400,354.0400,354.0400,354.0400
1788363477,353.9700,353.9700,353.9600,353.9600
1788363481,353.9250,353.9250,353.9250,353.9250
1788363484,353.9250,353.9250,353.9200,353.9200
1788363488,353.9300,353.9300,353.9300,353.9300
1788363489,353.9500,354.0000,353.9500,354.0000
1788363491,353.9700,353.9700,353.9600,353.9600
1788363497,353.9900,354.0000,353.9900,354.0000
1788363498,353.9600,353.9600,353.9600,353.9600
1788363508,353.9600,353.9600,353.9100,353.9100
1788363513,353.9200,353.9200,353.9200,353.9200
1788363515,353.9300,354.0100,353.9300,353.9700
1788363522,353.9400,353.9400,353.9000,353.9000
1788363524,353.8900,353.8900,353.8600,353.8600
1788363525,353.8500,353.8500,353.7800,353.7800
1788363526,353.7700,353.7700,353.7700,353.7700
1788363527,353.8200,353.8200,353.8200,353.8200
1788363528,353.9000,353.9800,353.9000,353.9800
1788363531,353.8700,353.8700,353.7600,353.7600
1788363534,353.7300,353.7300,353.6900,353.7200
1788363535,353.8100,353.9400,353.8100,353.8300
1788363542,353.8400,353.9100,353.8400,353.8800
1788363549,353.9100,353.9100,353.9100,353.9100
1788363552,353.8700,353.8700,353.8300,353.8300
1788363553,353.8200,353.8200,353.7900,353.7900
1788363555,353.7800,353.7800,353.7200,353.7500
1788363558,353.7200,353.7350,353.6500,353.6500
1788363559,353.7300,353.7850,353.7300,353.7850
1788363565,353.6600,353.6600,353.6500,353.6600
1788363568,353.6800,353.7200,353.6800,353.7200
1788363569,353.6900,353.6900,353.6900,353.6900
1788363570,353.6600,353.7200,353.6600,353.7200
1788363575,353.7000,353.7300,353.6300,353.7300
1788363580,353.7200,353.7500,353.7200,353.7500
1788363588,353.7900,353.9200,353.7900,353.9200
1788363591,353.8950,353.8950,353.8950,353.8950
1788363592,353.8500,353.8500,353.8500,353.8500
1788363594,353.9100,353.9100,353.9100,353.9100
1788363596,353.9200,353.9700,353.9200,353.9700
1788363597,354.0000,354.0300,354.0000,354.0300
1788363598,353.9600,353.9600,353.9500,353.9500
1788363603,353.9700,353.9700,353.9700,353.9700
1788363604,353.9900,353.9900,353.9650,353.9650
1788363606,353.9300,353.9300,353.8900,353.9200
1788363609,353.9800,353.9800,353.9200,353.9200
1788363610,353.9400,353.9400,353.9400,353.9400
1788363613,353.9200,353.9400,353.9200,353.9400
1788363617,353.9300,353.9400,353.9300,353.9400
1788363618,353.9500,353.9500,353.9500,353.9500
1788363619,353.9200,353.9200,353.9200,353.9200
1788363621,353.9000,353.9000,353.8000,353.8000
1788363624,353.7400,353.7500,353.7300,353.7500
1788363625,353.7900,353.7900,353.7900,353.7900
1788363634,353.8900,353.9200,353.8900,353.9200
1788363635,353.8600,353.8600,353.8600,353.8600
1788363636,353.9200,353.9500,353.9200,353.9500
1788363641,353.9300,353.9300,353.9300,353.9300
1788363642,353.9300,353.9300,353.9200,353.9200
1788363645,353.9200,353.9200,353.9200,353.9200
1788363646,353.9800,354.0000,353.9700,354.0000
1788363647,354.0100,354.0200,354.0100,354.0200
1788363648,353.9500,353.9500,353.9500,353.9500
1788363650,353.9200,353.9200,353.9200,353.9200
1788363652,353.9800,354.0000,353.9800,354.0000
1788363653,354.0200,354.0200,354.0200,354.0200
1788363655,353.9950,353.9950,353.9950,353.9950
1788363658,353.9200,353.9250,353.9200,353.9250
1788363659,353.8800,353.8800,353.8800,353.8800
1788363663,353.8300,353.8300,353.8300,353.8300
1788363666,353.9000,353.9500,353.9000,353.9500
1788363668,353.9600,353.9700,353.9600,353.9700
1788363677,353.9800,354.0000,353.9800,354.0000
1788363682,354.0000,354.0000,354.0000,354.0000
1788363683,354.0100,354.0100,354.0100,354.0100
1788363684,354.0000,354.0100,354.0000,354.0100
1788363685,354.0100,354.0100,354.0100,354.0100
1788363686,354.0300,354.0300,353.9700,353.9700
1788363687,353.9500,353.9500,353.9500,353.9500
1788363690,353.9300,353.9300,353.9200,353.9200
1788363691,353.9000,353.9600,353.9000,353.9600
1788363695,353.9800,353.9800,353.9800,353.9800
1788363699,353.9400,353.9400,353.9400,353.9400
1788363701,353.9600,353.9600,353.9600,353.9600
1788363702,353.9600,354.0100,353.9600,354.0100
1788363703,354.0300,354.1000,354.0300,354.0500
1788363706,354.0900,354.0900,354.0900,354.0900
1788363709,354.0600,354.0600,354.0600,354.0600
1788363710,354.1000,354.1000,354.1000,354.1000
1788363711,354.1100,354.1100,354.1100,354.1100
1788363713,354.0600,354.0600,354.0600,354.0600
1788363715,354.1200,354.1400,354.1200,354.1400
1788363718,354.1400,354.1800,354.1400,354.1800
1788363720,354.1300,354.1400,354.1300,354.1400
1788363723,354.1700,354.1700,354.1700,354.1700
1788363724,354.1100,354.1100,354.1000,354.1000
1788363726,354.0600,354.0600,354.0400,354.0500
1788363731,354.1000,354.1000,354.0900,354.0900
1788363738,354.0600,354.0600,354.0400,354.0600
1788363740,354.1100,354.1100,354.1100,354.1100
1788363741,354.0700,354.0700,354.0600,354.0600
1788363743,354.0200,354.0200,354.0200,354.0200
1788363745,354.1100,354.1100,354.1100,354.1100
1788363746,354.0900,354.0900,354.0750,354.0750
1788363747,354.1200,354.1200,354.1200,354.1200
1788363749,354.0850,354.0850,354.0500,354.0500
1788363750,354.0200,354.0200,354.0200,354.0200
1788363752,354.0900,354.1600,354.0900,354.1600
1788363755,354.0800,354.1100,354.0800,354.1100
1788363756,354.1600,354.2100,354.1600,354.2100
1788363758,354.2200,354.2200,354.1800,354.1800
1788363761,354.1650,354.1650,354.1200,354.1200
1788363763,354.1100,354.1100,354.1100,354.1100
1788363768,354.0750,354.0750,354.0750,354.0750
1788363772,354.1000,354.1000,354.1000,354.1000
1788363776,354.1300,354.1300,354.1100,354.1100
1788363779,354.1300,354.1300,354.1300,354.1300
1788363781,354.1500,354.1500,354.1500,354.1500
1788363782,354.1500,354.1600,354.1500,354.1600
1788363786,354.1600,354.2100,354.1600,354.1800
1788363787,354.2100,354.2800,354.2100,354.2600
1788363788,354.2200,354.2200,354.2200,354.2200
1788363790,354.2400,354.2400,354.2400,354.2400
1788363795,354.2550,354.2550,354.2550,354.2550
1788363796,354.2200,354.2200,354.1900,354.2200
1788363797,354.1800,354.1800,354.1800,354.1800
1788363799,354.1500,354.1500,354.1500,354.1500
1788363800,354.1550,354.2100,354.1550,354.2100
1788363802,354.1700,354.1700,354.1500,354.1500
1788363803,354.1400,354.1400,354.1100,354.1400
1788363804,354.1500,354.1500,354.1500,354.1500
1788363805,354.2000,354.2000,354.2000,354.2000
1788363806,354.2100,354.2100,354.2100,354.2100
1788363808,354.1700,354.1700,354.1700,354.1700
1788363815,354.1850,354.1850,354.1850,354.1850
1788363819,354.2300,354.2300,354.2300,354.2300
1788363820,354.1600,354.1900,354.1600,354.1900
1788363823,354.1800,354.1800,354.1800,354.1800
1788363830,354.1800,354.1800,354.1800,354.1800
1788363831,354.2000,354.2100,354.1900,354.2100
1788363834,354.2000,354.2000,354.1000,354.1000
1788363839,354.1400,354.1500,354.1400,354.1500
1788363845,354.1300,354.1350,354.1300,354.1350
1788363847,354.1150,354.1150,354.1150,354.1150
1788363848,354.0900,354.0900,354.0400,354.0400
1788363849,354.0700,354.1100,354.0600,354.1100
1788363851,354.0900,354.1000,354.0900,354.1000
1788363852,354.1100,354.1100,354.1100,354.1100
1788363853,354.1100,354.1100,354.1100,354.1100
1788363858,354.0600,354.1000,354.0600,354.1000
1788363859,354.0500,354.0500,354.0500,354.0500
1788363865,354.1100,354.1200,354.1100,354.1100
1788363869,354.0700,354.0700,354.0700,354.0700
1788363874,354.0800,354.0800,354.0800,354.0800
1788363876,354.0800,354.0800,354.0800,354.0800
1788363882,354.1100,354.1400,354.1100,354.1400
1788363891,354.0900,354.0900,354.0600,354.0600
1788363894,354.0700,354.0700,354.0700,354.0700
1788363895,354.0400,354.0400,353.9900,353.9900
1788363896,354.0000,354.0000,354.0000,354.0000
1788363898,354.0100,354.0200,354.0100,354.0200
1788363899,354.0000,354.0000,354.0000,354.0000
1788363901,353.9700,353.9700,353.9600,353.9600
1788363902,353.9600,353.9600,353.9400,353.9400
1788363904,353.9200,353.9200,353.8600,353.8600
1788363905,353.8500,353.8500,353.8500,353.8500
1788363906,353.8500,353.8500,353.8200,353.8200
1788363907,353.8000,353.8500,353.8000,353.8500
1788363911,353.8000,353.8000,353.7500,353.7500
1788363913,353.7400,353.7400,353.7200,353.7200
1788363914,353.7100,353.7100,353.7000,353.7100
1788363916,353.7000,353.7000,353.7000,353.7000
1788363917,353.6900,353.6900,353.6900,353.6900
1788363918,353.6800,353.6800,353.6800,353.6800
1788363923,353.6800,353.6800,353.6500,353.6500
1788363925,353.6500,353.6500,353.6400,353.6400
1788363927,353.6450,353.6450,353.6450,353.6450
1788363929,353.6300,353.6300,353.6300,353.6300
1788363930,353.6800,353.7200,353.6800,353.7200
1788363931,353.7200,353.7200,353.7200,353.7200
1788363932,353.7300,353.7300,353.7200,353.7200
1788363933,353.7400,353.7400,353.7100,353.7100
1788363934,353.7200,353.7200,353.7200,353.7200
1788363936,353.7000,353.7000,353.7000,353.7000
1788363938,353.6700,353.6700,353.6100,353.6100
1788363939,353.6400,353.6400,353.6000,353.6000
1788363940,353.6200,353.6300,353.6200,353.6300
1788363943,353.6600,353.7000,353.6500,353.7000
1788363948,353.6300,353.6800,353.6300,353.6800
1788363949,353.6800,353.6800,353.6800,353.6800
1788363950,353.6650,353.6650,353.6650,353.6650
1788363951,353.6650,353.6650,353.6600,353.6600
1788363953,353.6400,353.6500,353.6300,353.6500
1788363955,353.6800,353.7000,353.6800,353.7000
1788363956,353.7200,353.7200,353.7200,353.7200
1788363960,353.6500,353.6500,353.5700,353.6100
1788363966,353.6100,353.6100,353.5600,353.5600
1788363968,353.5900,353.5900,353.5900,353.5900
1788363969,353.6400,353.6700,353.6100,353.6100
1788363970,353.6500,353.6500,353.6500,353.6500
1788363972,353.6200,353.6200,353.6200,353.6200
1788363973,353.6200,353.6200,353.6200,353.6200
1788363975,353.6400,353.6700,353.6400,353.6700
1788363976,353.6300,353.6300,353.6200,353.6200
1788363978,353.6200,353.6200,353.6200,353.6200
1788363979,353.6500,353.6500,353.6500,353.6500
1788363980,353.6500,353.6700,353.6500,353.6700
1788363981,353.6500,353.6700,353.6500,353.6700
1788363982,353.6100,353.6500,353.6000,353.6500
1788363983,353.6300,353.6400,353.6300,353.6400
1788363984,353.6500,353.6500,353.6500,353.6500
1788363985,353.6000,353.6000,353.6000,353.6000
1788363986,353.5700,353.6000,353.5700,353.6000
1788363987,353.6100,353.6200,353.6100,353.6200
1788363991,353.5700,353.5700,353.5700,353.5700
1788363992,353.6000,353.6000,353.5900,353.5900
1788363994,353.6100,353.6200,353.6100,353.6200
1788363995,353.6100,353.6200,353.5950,353.5950
1788363996,353.5700,353.5700,353.5600,353.5600
1788363997,353.6100,353.6500,353.6100,353.6500
1788363998,353.6300,353.6300,353.6200,353.6200
1788363999,353.6200,353.6300,353.6200,353.6300
1788364000,353.5800,353.5800,353.5600,353.5700
1788364002,353.6300,353.6300,353.6300,353.6300
1788364004,353.5800,353.5800,353.5700,353.5700
1788364006,353.5800,353.5800,353.5800,353.5800
1788364009,353.6000,353.6200,353.6000,353.6200
1788364012,353.6000,353.6000,353.6000,353.6000
1788364018,353.6300,353.6500,353.6300,353.6500
1788364019,353.6400,353.6400,353.6000,353.6000
1788364020,353.5900,353.5900,353.5200,353.5200
1788364021,353.5300,353.5400,353.4000,353.4200
1788364022,353.4000,353.4000,353.3600,353.3600
1788364023,353.3600,353.3700,353.3500,353.3700
1788364024,353.3300,353.3300,353.2700,353.2700
1788364025,353.2600,353.2600,353.2000,353.2000
1788364026,353.1700,353.1900,353.1000,353.1700
1788364027,353.2300,353.2400,353.1800,353.1800
1788364028,353.1900,353.1900,353.1800,353.1800
1788364029,353.1800,353.1800,353.1700,353.1700
1788364030,353.2100,353.2200,353.2000,353.2200
1788364032,353.2200,353.2200,353.2200,353.2200
1788364033,353.2600,353.2600,353.2600,353.2600
1788364034,353.2500,353.2500,353.2300,353.2300
1788364038,353.2400,353.2400,353.2400,353.2400
1788364040,353.1900,353.2200,353.1900,353.2200
1788364041,353.1900,353.1900,353.1600,353.1600
1788364043,353.1600,353.2400,353.1600,353.2400
1788364044,353.2400,353.2900,353.2400,353.2500
1788364045,353.2500,353.2500,353.2500,353.2500
1788364047,353.2800,353.2800,353.2800,353.2800
1788364048,353.2600,353.2800,353.2600,353.2800
1788364051,353.2500,353.2500,353.2500,353.2500
1788364053,353.2600,353.2800,353.2500,353.2500
1788364054,353.2600,353.2600,353.2600,353.2600
1788364055,353.2900,353.2900,353.2300,353.2300
1788364057,353.2300,353.2300,353.2300,353.2300
1788364059,353.2200,353.2200,353.2200,353.2200
1788364060,353.2100,353.2100,353.2000,353.2000
1788364061,353.1800,353.1800,353.1800,353.1800
1788364063,353.1800,353.1800,353.1800,353.1800
1788364064,353.2000,353.2200,353.2000,353.2000
1788364065,353.2300,353.2300,353.2300,353.2300
1788364067,353.2100,353.2100,353.1800,353.1800
1788364070,353.1500,353.1500,353.1000,353.1300
1788364074,353.1600,353.1600,353.1600,353.1600
1788364075,353.1300,353.1300,353.1300,353.1300
1788364078,353.1600,353.1700,353.1200,353.1700
1788364079,353.1700,353.1700,353.1650,353.1700
1788364080,353.1900,353.2000,353.1900,353.2000
1788364083,353.2000,353.2300,353.2000,353.2300
1788364085,353.2300,353.2600,353.2300,353.2600
1788364087,353.2500,353.3000,353.2500,353.2750
1788364088,353.3000,353.3000,353.2900,353.2900
1788364090,353.2550,353.2550,353.2300,353.2300
1788364091,353.2000,353.2000,353.1800,353.1800
1788364093,353.1800,353.1800,353.1800,353.1800
1788364095,353.1500,353.1500,353.1500,353.1500
1788364097,353.1300,353.1500,353.1300,353.1500
1788364099,353.1600,353.1700,353.1300,353.1500
1788364101,353.1900,353.2000,353.1750,353.1750
1788364102,353.2100,353.2100,353.2100,353.2100
1788364104,353.2400,353.3200,353.2400,353.2900
1788364105,353.2650,353.2650,353.2650,353.2650
1788364106,353.3000,353.3900,353.3000,353.3700
1788364107,353.3900,353.4000,353.3900,353.4000
1788364108,353.4200,353.4200,353.4000,353.4000
1788364109,353.4200,353.4400,353.4000,353.4200
1788364121,353.4100,353.4100,353.4100,353.4100
1788364122,353.4200,353.4200,353.4200,353.4200
1788364123,353.4400,353.4500,353.3900,353.3900
1788364124,353.3200,353.3200,353.3200,353.3200
1788364129,353.2800,353.2800,353.2800,353.2800
1788364130,353.3000,353.3000,353.3000,353.3000
1788364132,353.3200,353.3300,353.3200,353.3200
1788364133,353.3800,353.3900,353.3800,353.3900
1788364134,353.3900,353.3900,353.3900,353.3900
1788364136,353.3900,353.3900,353.3700,353.3700
1788364139,353.4000,353.4050,353.4000,353.4050
1788364140,353.4100,353.4100,353.4100,353.4100
1788364141,353.4050,353.4050,353.4050,353.4050
1788364142,353.3600,353.3700,353.3600,353.3700
1788364145,353.4200,353.4200,353.3850,353.3850
1788364146,353.3900,353.4000,353.3900,353.4000
1788364148,353.3900,353.4000,353.3900,353.4000
1788364149,353.4000,353.4000,353.4000,353.4000
1788364152,353.3900,353.4500,353.3900,353.4450
1788364153,353.4300,353.4300,353.4300,353.4300
1788364160,353.4400,353.4400,353.4400,353.4400
1788364161,353.4100,353.4500,353.3900,353.3900
1788364163,353.3700,353.3700,353.3600,353.3600
1788364165,353.3400,353.3400,353.3400,353.3400
1788364166,353.3000,353.3000,353.3000,353.3000
1788364167,353.2500,353.2500,353.2500,353.2500
1788364170,353.2100,353.2100,353.1500,353.1500
1788364178,353.1500,353.1700,353.1000,353.1700
1788364181,353.1400,353.1400,353.0800,353.0800
1788364182,353.0750,353.0900,353.0650,353.0700
1788364184,353.0600,353.0600,352.8900,352.8900
1788364185,352.8800,352.8800,352.8300,352.8300
1788364186,352.8350,352.8800,352.8300,352.8300
1788364187,352.8500,352.8500,352.8500,352.8500
1788364188,352.9100,352.9200,352.9100,352.9200
1788364189,352.9000,352.9000,352.8800,352.8800
1788364190,352.8500,352.8500,352.8500,352.8500
1788364191,352.8500,352.8500,352.8500,352.8500
1788364192,352.8300,352.8800,352.8300,352.8800
1788364196,352.8600,352.8600,352.8450,352.8600
1788364197,352.8600,352.8600,352.8600,352.8600
1788364198,352.8500,352.8500,352.8300,352.8300
1788364200,352.8200,352.9300,352.8200,352.9300
1788364201,352.9800,352.9900,352.9800,352.9900
1788364203,352.9600,353.0200,352.9600,353.0200
1788364204,352.9900,352.9900,352.9500,352.9500
1788364207,352.9200,352.9200,352.9200,352.9200
1788364209,352.9700,353.0000,352.9700,353.0000
1788364212,353.0700,353.0750,353.0700,353.0750
1788364213,353.0700,353.0700,353.0700,353.0700
1788364214,353.0550,353.0900,353.0200,353.0800
1788364215,353.0900,353.0900,353.0500,353.0500
1788364216,353.0500,353.0500,353.0500,353.0500
1788364221,353.0100,353.0100,352.9600,352.9600
1788364222,352.9600,352.9600,352.9500,352.9500
1788364225,352.9900,352.9900,352.9900,352.9900
1788364227,353.0300,353.0400,353.0300,353.0400
1788364229,353.0100,353.0100,353.0100,353.0100
1788364230,353.0500,353.0500,353.0500,353.0500
1788364235,353.0100,353.0100,353.0100,353.0100
1788364236,353.0400,353.0500,353.0400,353.0500
1788364237,353.0200,353.0200,353.0200,353.0200
1788364241,353.0700,353.0700,353.0700,353.0700
1788364243,353.0400,353.0400,353.0400,353.0400
1788364244,353.0400,353.0400,353.0300,353.0300
1788364246,353.0400,353.0550,353.0400,353.0550
1788364248,353.0800,353.0900,353.0800,353.0900
1788364250,353.1500,353.1500,353.1500,353.1500
1788364251,353.1450,353.1450,353.1200,353.1200
1788364254,353.1500,353.1500,353.1300,353.1300
1788364259,353.1500,353.1600,353.1500,353.1600
1788364260,353.1350,353.1350,353.1350,353.1350
1788364262,353.1000,353.1000,353.0800,353.0800
1788364263,353.0400,353.0400,353.0100,353.0100
1788364264,353.0200,353.0200,352.9900,352.9900
1788364266,352.9800,352.9800,352.9700,352.9700
1788364267,352.9400,352.9400,352.9400,352.9400
1788364268,352.9500,352.9500,352.9400,352.9400
1788364270,352.9200,353.0100,352.9100,352.9700
1788364272,352.9800,352.9800,352.9600,352.9600
1788364274,353.0400,353.1000,353.0400,353.1000
1788364275,353.1100,353.1100,353.0600,353.0600
1788364277,353.0600,353.1100,353.0500,353.1100
1788364279,353.1300,353.1400,353.1200,353.1200
1788364283,353.0700,353.0700,353.0700,353.0700
1788364286,353.0800,353.0800,353.0400,353.0400
1788364291,353.0200,353.0300,353.0000,353.0000
1788364292,353.0050,353.0050,353.0050,353.0050
1788364299,353.0400,353.0400,353.0400,353.0400
1788364300,353.0500,353.0800,353.0500,353.0800
1788364301,353.0900,353.0900,353.0600,353.0600
1788364302,353.0900,353.0900,353.0900,353.0900
1788364303,353.1100,353.1100,353.1100,353.1100
1788364304,353.1100,353.1100,353.1100,353.1100
1788364305,353.1100,353.1100,353.0900,353.0900
1788364309,353.1300,353.1300,353.1300,353.1300
1788364310,353.1000,353.1000,353.1000,353.1000
1788364311,353.1100,353.1100,353.0600,353.0600
1788364313,353.0600,353.0600,353.0600,353.0600
1788364314,353.0600,353.0700,353.0600,353.0700
1788364316,353.1000,353.1500,353.1000,353.1500
1788364320,353.1700,353.1700,353.1700,353.1700
1788364321,353.1400,353.1400,353.1000,353.1000
1788364324,353.1100,353.1100,353.1100,353.1100
1788364327,353.0700,353.0700,353.0700,353.0700
1788364328,353.0800,353.1200,353.0600,353.1200
1788364329,353.1100,353.1100,353.1100,353.1100
1788364332,353.1100,353.1300,353.1100,353.1300
1788364333,353.1100,353.1100,353.0800,353.0800
1788364334,353.1050,353.1050,353.1050,353.1050
1788364335,353.1300,353.1400,353.1300,353.1400
1788364337,353.1050,353.1050,353.1050,353.1050
1788364338,353.0700,353.0700,353.0700,353.0700
1788364339,353.0900,353.0900,353.0900,353.0900
1788364340,353.0600,353.0600,353.0500,353.0500
1788364341,353.0500,353.0500,353.0500,353.0500
1788364342,353.0500,353.0900,353.0500,353.0900
1788364344,353.1000,353.1000,353.0800,353.0800
1788364345,353.0650,353.0650,353.0300,353.0300
1788364346,353.0600,353.0600,353.0600,353.0600
1788364348,353.0600,353.0600,353.0600,353.0600
1788364351,353.0350,353.1000,353.0350,353.1000
1788364352,353.1100,353.1400,353.1100,353.1400
1788364354,353.1100,353.1100,353.1100,353.1100
1788364357,353.1600,353.1600,353.1600,353.1600
1788364358,353.1300,353.1300,353.1300,353.1300
1788364361,353.1300,353.1300,353.1300,353.1300
1788364363,353.1100,353.1300,353.1000,353.1300
1788364364,353.1300,353.1300,353.1300,353.1300
1788364366,353.0900,353.0900,353.0400,353.0400
1788364369,353.0400,353.0400,353.0400,353.0400
1788364376,353.0100,353.0100,352.9350,352.9400
1788364378,352.9800,352.9800,352.9800,352.9800
1788364380,353.0000,353.0200,352.9700,352.9700
1788364381,352.9650,352.9650,352.9650,352.9650
1788364383,352.9500,352.9500,352.8900,352.8900
1788364388,352.8800,352.8800,352.8800,352.8800
1788364389,352.8700,352.8700,352.8400,352.8400
1788364391,352.9000,352.9200,352.9000,352.9200
1788364392,352.9100,352.9100,352.9100,352.9100
1788364393,352.8700,352.9000,352.8500,352.8500
1788364396,352.9000,352.9600,352.9000,352.9450
1788364398,352.9600,352.9900,352.9500,352.9500
1788364402,352.9700,352.9700,352.9700,352.9700
1788364403,352.9200,352.9200,352.7700,352.7700
1788364404,352.7900,352.7900,352.7900,352.7900
1788364407,352.7600,352.7600,352.7500,352.7500
1788364408,352.7600,352.7600,352.7300,352.7300
1788364413,352.7600,352.7700,352.7600,352.7700
1788364414,352.7400,352.7400,352.7400,352.7400
1788364418,352.7200,352.7200,352.7000,352.7000
1788364420,352.7100,352.7300,352.6700,352.7000
1788364421,352.6900,352.6900,352.6900,352.6900
1788364422,352.6700,352.6700,352.5200,352.5200
1788364423,352.5000,352.5100,352.5000,352.5100
1788364424,352.5200,352.5900,352.5100,352.5100
1788364425,352.5000,352.5000,352.4500,352.4500
1788364426,352.4700,352.4800,352.4700,352.4800
1788364428,352.4900,352.4900,352.4900,352.4900
1788364429,352.4750,352.5500,352.4500,352.5500
1788364430,352.5300,352.5350,352.5100,352.5100
1788364433,352.5400,352.5400,352.5000,352.5000
1788364434,352.5000,352.5000,352.5000,352.5000
1788364436,352.5300,352.5300,352.5300,352.5300
1788364437,352.5500,352.5500,352.5500,352.5500
1788364439,352.5400,352.5700,352.5400,352.5500
1788364441,352.5700,352.5800,352.5700,352.5800
1788364442,352.6000,352.6300,352.6000,352.6300
1788364443,352.6000,352.6000,352.5900,352.5900
1788364444,352.6100,352.6100,352.6100,352.6100
1788364445,352.6500,352.6600,352.6500,352.6600
1788364447,352.7300,352.7300,352.7300,352.7300
1788364448,352.7350,352.7500,352.7350,352.7500
1788364449,352.7600,352.7600,352.7500,352.7500
1788364450,352.7100,352.7100,352.7000,352.7000
1788364451,352.6900,352.6900,352.6900,352.6900
1788364452,352.7200,352.7200,352.7200,352.7200
1788364456,352.7200,352.7200,352.7100,352.7100
1788364457,352.7300,352.7300,352.7300,352.7300
1788364462,352.7500,352.8100,352.7500,352.8100
1788364464,352.8250,352.8500,352.8000,352.8000
1788364469,352.8000,352.8000,352.8000,352.8000
1788364470,352.8000,352.8000,352.8000,352.8000
1788364472,352.8100,352.8400,352.8100,352.8400
1788364476,352.8400,352.8400,352.7900,352.7900
1788364477,352.8100,352.8200,352.8100,352.8200
1788364478,352.8000,352.8000,352.7900,352.7900
1788364479,352.8000,352.8000,352.8000,352.8000
1788364480,352.7700,352.7800,352.7700,352.7800
1788364484,352.7500,352.7600,352.7300,352.7400
1788364485,352.7800,352.7800,352.7800,352.7800
1788364486,352.7900,352.8300,352.7900,352.8300
1788364489,352.8100,352.8100,352.8100,352.8100
1788364491,352.8400,352.8400,352.8400,352.8400
1788364492,352.8500,352.8900,352.8500,352.8600
1788364495,352.9000,352.9000,352.9000,352.9000
1788364496,352.9000,352.9200,352.8900,352.9200
1788364497,352.9150,352.9150,352.9150,352.9150
1788364499,352.9000,352.9000,352.9000,352.9000
1788364501,352.9150,352.9150,352.9150,352.9150
1788364503,352.9400,352.9400,352.9400,352.9400
1788364507,352.9400,352.9400,352.9400,352.9400
1788364509,352.9200,352.9200,352.9200,352.9200
1788364511,352.9400,353.0100,352.9400,353.0000
1788364513,352.9900,352.9900,352.9900,352.9900
1788364514,352.9700,352.9700,352.9400,352.9400
1788364517,352.9500,352.9500,352.9500,352.9500
1788364518,352.9100,352.9100,352.8700,352.8800
1788364519,352.8500,352.8600,352.8400,352.8600
1788364521,352.9100,352.9100,352.9100,352.9100
1788364523,352.9500,352.9500,352.9500,352.9500
1788364524,352.9900,353.0200,352.9900,353.0200
1788364526,353.0000,353.0000,352.8400,352.9000
1788364530,352.9150,352.9200,352.9150,352.9150
1788364531,352.9400,352.9400,352.9400,352.9400
1788364532,352.9200,352.9200,352.8800,352.8800
1788364533,352.8300,352.8400,352.8200,352.8400
1788364534,352.8400,352.8400,352.8250,352.8250
1788364535,352.8500,352.8500,352.8500,352.8500
1788364536,352.9000,352.9100,352.9000,352.9100
1788364541,352.8600,352.8600,352.8600,352.8600
1788364542,352.8550,352.8550,352.8550,352.8550
1788364546,352.8600,352.8600,352.8600,352.8600
1788364547,352.8300,352.8300,352.7700,352.7700
1788364555,352.7300,352.7300,352.6800,352.6800
1788364556,352.6700,352.6800,352.5500,352.5500
1788364557,352.5400,352.5900,352.5300,352.5900
1788364559,352.6400,352.6900,352.6400,352.6700
1788364560,352.6650,352.6650,352.6300,352.6300
1788364562,352.6600,352.6900,352.6600,352.6900
1788364564,352.6900,352.6900,352.6900,352.6900
1788364565,352.6500,352.6500,352.6500,352.6500
1788364571,352.6600,352.6900,352.6300,352.6800
1788364572,352.6500,352.6500,352.5800,352.5800
1788364575,352.5900,352.5950,352.5700,352.5700
1788364576,352.5500,352.5500,352.5000,352.5200
1788364578,352.5350,352.5350,352.5350,352.5350
1788364579,352.5000,352.5000,352.5000,352.5000
1788364580,352.4900,352.4900,352.4500,352.4500
1788364582,352.4900,352.5200,352.4800,352.4800
1788364586,352.4500,352.4500,352.4500,352.4500
1788364587,352.4500,352.4500,352.4400,352.4400
1788364588,352.4300,352.4300,352.4200,352.4200
1788364589,352.4000,352.4000,352.3600,352.3700
1788364590,352.3900,352.4250,352.3900,352.4250
1788364595,352.4300,352.4600,352.4300,352.4600
1788364597,352.4700,352.4700,352.4650,352.4650
1788364599,352.4300,352.4300,352.4200,352.4200
1788364601,352.4200,352.4200,352.4200,352.4200
1788364603,352.4200,352.4200,352.4200,352.4200
1788364605,352.4000,352.4000,352.3300,352.3300
1788364608,352.3400,352.3400,352.3400,352.3400
1788364611,352.3200,352.3200,352.3000,352.3000
1788364612,352.3100,352.5250,352.3100,352.5250
1788364613,352.5300,352.5300,352.4800,352.4800
1788364614,352.4400,352.4400,352.4000,352.4000
1788364615,352.3900,352.3900,352.3900,352.3900
1788364616,352.3300,352.3300,352.2900,352.2900
1788364617,352.3000,352.3000,352.3000,352.3000
1788364619,352.3800,352.3800,352.3800,352.3800
1788364621,352.3500,352.3500,352.3500,352.3500
1788364622,352.3600,352.3600,352.3600,352.3600
1788364623,352.3700,352.4000,352.3700,352.4000
1788364624,352.4000,352.4000,352.4000,352.4000
1788364625,352.3800,352.3800,352.3800,352.3800
1788364626,352.4300,352.4300,352.4300,352.4300
1788364627,352.4400,352.4400,352.4400,352.4400
1788364628,352.4400,352.4400,352.4400,352.4400
1788364629,352.4550,352.4550,352.4550,352.4550
1788364630,352.4700,352.4700,352.4700,352.4700
1788364631,352.5000,352.5100,352.5000,352.5100
1788364632,352.5300,352.6050,352.5300,352.6050
1788364636,352.6050,352.6050,352.6050,352.6050
1788364637,352.6100,352.6100,352.6100,352.6100
1788364639,352.6200,352.6500,352.6200,352.6500
1788364640,352.6150,352.6150,352.6150,352.6150
1788364641,352.6150,352.6150,352.5700,352.5700
1788364644,352.6000,352.6350,352.6000,352.6200
1788364645,352.6300,352.6300,352.6300,352.6300
1788364646,352.6400,352.7100,352.6400,352.7100
1788364651,352.7300,352.7350,352.7300,352.7350
1788364652,352.7350,352.7350,352.6500,352.6500
1788364657,352.7000,352.7000,352.7000,352.7000
1788364661,352.8000,352.8000,352.8000,352.8000
1788364664,352.8100,352.8100,352.7800,352.7800
1788364665,352.7400,352.7400,352.6800,352.6800
1788364666,352.6950,352.7100,352.6900,352.7000
1788364667,352.7300,352.7300,352.7300,352.7300
1788364673,352.7900,352.7900,352.7900,352.7900
1788364674,352.7700,352.7700,352.7700,352.7700
1788364675,352.7500,352.7500,352.7100,352.7100
1788364676,352.7000,352.7000,352.6900,352.6900
1788364678,352.7200,352.7200,352.7200,352.7200
1788364680,352.7500,352.7700,352.7500,352.7700
1788364681,352.7300,352.7300,352.7100,352.7100
1788364682,352.7500,352.7500,352.7500,352.7500
1788364683,352.7300,352.7500,352.7300,352.7500
1788364690,352.8100,352.8100,352.8100,352.8100
1788364691,352.8100,352.8100,352.8100,352.8100
1788364692,352.8050,352.8050,352.8050,352.8050
1788364694,352.8050,352.8200,352.8050,352.8200
1788364695,352.8500,352.8500,352.8200,352.8200
1788364696,352.8100,352.9400,352.8100,352.9400
1788364697,352.9050,352.9050,352.8900,352.8900
1788364698,352.9200,352.9200,352.9200,352.9200
1788364699,352.9200,353.0000,352.9000,353.0000
1788364702,352.9800,352.9800,352.9800,352.9800
1788364704,353.0300,353.0500,353.0300,353.0500
1788364706,353.0600,353.0600,353.0600,353.0600
1788364707,353.0500,353.0500,353.0100,353.0100
1788364708,353.0400,353.0500,353.0400,353.0500
1788364709,353.0500,353.0500,353.0500,353.0500
1788364711,353.0500,353.1000,353.0500,353.1000
1788364712,353.0650,353.0650,353.0650,353.0650
1788364713,353.0650,353.0650,353.0650,353.0650
1788364714,353.0650,353.0650,353.0600,353.0600
1788364716,353.0550,353.0550,353.0550,353.0550
1788364718,353.0600,353.0600,353.0600,353.0600
1788364720,353.0600,353.0600,353.0600,353.0600
1788364722,353.0500,353.0500,352.9600,352.9600
1788364727,352.9400,352.9400,352.9400,352.9400
1788364728,352.9400,352.9400,352.9300,352.9300
1788364730,352.9800,352.9800,352.9800,352.9800
1788364731,353.0000,353.0300,352.9900,353.0300
1788364733,353.0400,353.0400,353.0400,353.0400
1788364737,353.1000,353.1100,353.1000,353.1100
1788364739,353.0700,353.0700,353.0600,353.0600
1788364742,353.0600,353.0600,353.0600,353.0600
1788364743,353.0600,353.0600,353.0600,353.0600
1788364745,353.0600,353.0600,353.0600,353.0600
1788364746,353.0450,353.0700,353.0450,353.0700
1788364753,353.0200,353.0200,353.0100,353.0100
1788364754,353.0200,353.0200,353.0200,353.0200
1788364755,353.0100,353.0100,353.0100,353.0100
1788364757,353.0400,353.0600,353.0300,353.0300
1788364758,353.0300,353.0300,352.9950,353.0000
1788364759,353.0000,353.0000,352.7600,352.7800
1788364760,352.7400,352.7600,352.7200,352.7200
1788364761,352.7300,352.7300,352.6700,352.6850
1788364762,352.6900,352.6900,352.6900,352.6900
1788364763,352.6950,352.7000,352.6900,352.6900
1788364764,352.6600,352.7200,352.6500,352.7000
1788364765,352.7200,352.7200,352.7200,352.7200
1788364766,352.7000,352.7000,352.7000,352.7000
1788364768,352.7100,352.7700,352.7100,352.7400
1788364771,352.7800,352.8000,352.7800,352.8000
1788364772,352.8400,352.8400,352.8400,352.8400
1788364773,352.8100,352.8100,352.8000,352.8000
1788364775,352.8400,352.8400,352.8400,352.8400
1788364776,352.8400,352.8400,352.8400,352.8400
1788364777,352.8400,352.8400,352.8400,352.8400
1788364779,352.7700,352.7700,352.7200,352.7200
1788364780,352.7000,352.7000,352.6700,352.6700
1788364781,352.6400,352.6400,352.5700,352.5700
1788364782,352.6000,352.6500,352.5700,352.6500
1788364784,352.6400,352.6700,352.6400,352.6700
1788364785,352.6900,352.7000,352.6900,352.7000
1788364787,352.6700,352.6700,352.6300,352.6300
1788364793,352.6900,352.6900,352.6900,352.6900
1788364794,352.6800,352.6800,352.6800,352.6800
1788364796,352.7100,352.7100,352.7100,352.7100
1788364799,352.6800,352.6800,352.6800,352.6800
1788364802,352.7100,352.7300,352.7100,352.7300
1788364803,352.7100,352.7300,352.6600,352.7100
1788364805,352.6600,352.7900,352.6400,352.7800
1788364807,352.8300,352.8500,352.8300,352.8300
1788364808,352.8200,352.8450,352.8200,352.8450
1788364809,352.8800,352.8800,352.8800,352.8800
1788364810,352.9200,352.9400,352.8400,352.8400
1788364811,352.8300,352.8300,352.7500,352.7500
1788364813,352.8000,352.8100,352.7500,352.7500
1788364814,352.7600,352.7600,352.7500,352.7500
1788364815,352.7500,352.7800,352.7500,352.7800
1788364816,352.7600,352.7600,352.7600,352.7600
1788364817,352.7500,352.7500,352.7500,352.7500
1788364818,352.7900,352.8050,352.7600,352.7600
1788364820,352.7750,352.7800,352.7750,352.7800
1788364821,352.7500,352.7500,352.7400,352.7400
1788364823,352.7650,352.7650,352.7650,352.7650
1788364826,352.8000,352.8000,352.7700,352.7700
1788364829,352.8200,352.8500,352.8200,352.8500
1788364830,352.8000,352.8000,352.7500,352.7500
1788364832,352.8100,352.8300,352.8000,352.8300
1788364833,352.8800,352.8800,352.8800,352.8800
1788364837,352.8800,352.8800,352.8750,352.8750
1788364838,352.9100,352.9400,352.8900,352.9400
1788364840,352.9200,352.9200,352.9200,352.9200
1788364841,352.9200,352.9200,352.9200,352.9200
1788364842,352.9200,352.9700,352.9200,352.9700
1788364843,352.9800,353.0400,352.9800,353.0400
1788364846,352.9800,352.9800,352.9600,352.9600
1788364847,352.9900,352.9900,352.9400,352.9400
1788364849,352.9800,352.9800,352.9600,352.9600
1788364850,352.9900,352.9900,352.9900,352.9900
1788364851,352.9600,352.9600,352.9600,352.9600
1788364852,352.9500,352.9500,352.9500,352.9500
1788364853,352.9600,352.9600,352.9400,352.9400
1788364854,352.9900,352.9900,352.9900,352.9900
1788364857,353.0000,353.0300,353.0000,353.0300
1788364858,352.9900,352.9900,352.9500,352.9500
1788364861,353.0100,353.2000,353.0100,353.1900
1788364862,353.1500,353.1600,353.1500,353.1600
1788364863,353.1400,353.1400,353.1400,353.1400
1788364864,353.1200,353.1200,353.1200,353.1200
1788364866,353.0900,353.0900,353.0900,353.0900
1788364869,353.1000,353.1000,353.0500,353.0800
1788364872,353.1050,353.1400,353.1050,353.1400
1788364873,353.0900,353.0900,353.0900,353.0900
1788364874,353.0900,353.1000,353.0900,353.1000
1788364876,353.1050,353.1050,353.1050,353.1050
1788364877,353.0900,353.0900,353.0300,353.0700
1788364879,353.0500,353.0500,353.0400,353.0400
1788364880,353.0400,353.0400,353.0400,353.0400
1788364881,353.0400,353.0400,352.9500,353.0000
1788364882,353.0000,353.0000,353.0000,353.0000
1788364883,352.9800,352.9800,352.9800,352.9800
1788364884,352.9800,352.9800,352.9800,352.9800
1788364886,352.9400,352.9400,352.9200,352.9200
1788364887,352.9700,352.9700,352.9700,352.9700
1788364888,352.9700,352.9700,352.9200,352.9200
1788364889,352.9300,352.9400,352.9100,352.9400
1788364890,352.9300,352.9300,352.9300,352.9300
1788364891,352.9200,352.9200,352.8900,352.8900
1788364892,352.9050,352.9050,352.9050,352.9050
1788364894,352.9200,352.9400,352.9200,352.9300
1788364895,352.9200,352.9200,352.9000,352.9000
1788364896,352.9000,352.9000,352.8200,352.8800
1788364898,352.9000,352.9400,352.8800,352.9400
1788364904,352.9800,352.9900,352.9800,352.9900
1788364905,353.0000,353.0100,353.0000,353.0100
1788364906,353.0300,353.0300,353.0300,353.0300
1788364908,353.0100,353.0100,353.0100,353.0100
1788364909,353.0100,353.0100,353.0100,353.0100
1788364910,353.0000,353.0000,352.9900,352.9900
1788364913,353.0200,353.1100,353.0200,353.0800
1788364916,353.0500,353.0500,353.0400,353.0400
1788364917,353.0300,353.0600,353.0300,353.0600
1788364921,353.0600,353.0600,353.0500,353.0500
1788364922,353.0700,353.0700,353.0700,353.0700
1788364923,353.0700,353.0800,353.0300,353.0300
1788364924,353.0500,353.0500,353.0500,353.0500
1788364925,353.0500,353.0500,353.0000,353.0000
1788364927,352.9600,352.9600,352.9600,352.9600
1788364928,352.9650,352.9650,352.9650,352.9650
1788364932,352.9400,352.9400,352.9100,352.9200
1788364934,352.9100,352.9100,352.8000,352.8000
1788364935,352.8100,352.8700,352.8100,352.8700
1788364936,352.8300,352.8300,352.8300,352.8300
1788364938,352.8200,352.8200,352.8100,352.8100
1788364939,352.8150,352.8150,352.8150,352.8150
1788364940,352.8000,352.8000,352.8000,352.8000
1788364941,352.8300,352.8300,352.8300,352.8300
1788364942,352.8300,352.8300,352.8300,352.8300
1788364944,352.8400,352.8700,352.8400,352.8700
1788364945,352.8700,352.8700,352.8700,352.8700
1788364946,352.8700,352.8900,352.8650,352.8900
1788364947,352.9000,352.9000,352.9000,352.9000
1788364949,352.9100,352.9100,352.9100,352.9100
1788364952,352.9600,352.9800,352.9600,352.9800
1788364953,352.9600,352.9600,352.9000,352.9000
1788364955,352.8400,352.8400,352.8100,352.8400
1788364956,352.7900,352.7900,352.7400,352.7400
1788364957,352.7200,352.7200,352.7200,352.7200
1788364958,352.7000,352.7000,352.6500,352.6800
1788364959,352.6800,352.6900,352.6800,352.6900
1788364960,352.6950,352.6950,352.6950,352.6950
1788364962,352.6800,352.6800,352.6600,352.6800
1788364967,352.6600,352.6700,352.6600,352.6700
1788364969,352.6700,352.6700,352.6700,352.6700
1788364971,352.6500,352.6500,352.6200,352.6200
1788364975,352.6100,352.6600,352.6000,352.6200
1788364976,352.6600,352.6600,352.6100,352.6400
1788364979,352.6000,352.6000,352.6000,352.6000
1788364980,352.5800,352.5900,352.5800,352.5850
1788364982,352.6100,352.6800,352.6000,352.6200
1788364984,352.6100,352.6100,352.5900,352.6000
1788364985,352.5700,352.5700,352.5400,352.5400
1788364986,352.5200,352.5300,352.5000,352.5300
1788364987,352.5200,352.5200,352.5200,352.5200
1788364988,352.5100,352.5100,352.5100,352.5100
1788364991,352.5200,352.5200,352.5200,352.5200
1788364992,352.5200,352.5200,352.5200,352.5200
1788364993,352.5000,352.5000,352.5000,352.5000
1788364996,352.5400,352.6400,352.5300,352.6400
1788364997,352.6000,352.6000,352.5800,352.5800
1788364998,352.5200,352.5200,352.5000,352.5000
1788364999,352.5000,352.5000,352.4900,352.4900
1788365000,352.4800,352.4800,352.4700,352.4700
1788365003,352.4600,352.4600,352.4500,352.4500
1788365005,352.4400,352.4400,352.4400,352.4400
1788365007,352.4900,352.5000,352.4900,352.5000
1788365008,352.4800,352.4800,352.4600,352.4600
1788365011,352.5000,352.5200,352.5000,352.5200
1788365013,352.5300,352.5900,352.5300,352.5500
1788365014,352.5300,352.5300,352.5300,352.5300
1788365016,352.5200,352.5200,352.5200,352.5200
1788365017,352.5000,352.5000,352.5000,352.5000
1788365020,352.5600,352.6600,352.5600,352.6600
1788365021,352.6600,352.6600,352.6450,352.6450
1788365033,352.6450,352.6450,352.6450,352.6450
1788365040,352.6200,352.6200,352.5100,352.5100
1788365041,352.5350,352.5350,352.5350,352.5350
1788365047,352.5600,352.5900,352.5600,352.5750
1788365049,352.5700,352.5700,352.5700,352.5700
1788365050,352.5500,352.5500,352.5500,352.5500
1788365051,352.5400,352.5400,352.5300,352.5300
1788365055,352.5700,352.5700,352.5700,352.5700
1788365056,352.5900,352.6200,352.5900,352.5900
1788365057,352.6000,352.6000,352.6000,352.6000
1788365059,352.6100,352.6500,352.6100,352.6500
1788365061,352.6300,352.6300,352.6300,352.6300
1788365062,352.6300,352.6300,352.6300,352.6300
1788365064,352.6500,352.6600,352.6500,352.6600
1788365065,352.6800,352.7200,352.6800,352.7050
1788365066,352.6800,352.6800,352.6800,352.6800
1788365068,352.6900,352.6900,352.5550,352.5550
1788365069,352.5550,352.6200,352.4900,352.6200
1788365074,352.7200,352.7400,352.7100,352.7200
1788365077,352.6700,352.6700,352.6600,352.6600
1788365078,352.6200,352.6200,352.6200,352.6200
1788365081,352.6050,352.6050,352.6050,352.6050
1788365087,352.6200,352.6200,352.6000,352.6000
1788365088,352.5950,352.5950,352.5950,352.5950
1788365090,352.6400,352.6700,352.6400,352.6700
1788365091,352.7000,352.7000,352.7000,352.7000
1788365092,352.7200,352.8200,352.7200,352.7800
1788365093,352.7600,352.7600,352.7400,352.7400
1788365095,352.7800,352.7800,352.7800,352.7800
1788365096,352.8000,352.8000,352.8000,352.8000
1788365098,352.8100,352.8300,352.8100,352.8300
1788365099,352.8500,352.8600,352.8500,352.8600
1788365100,352.8700,352.9000,352.8700,352.9000
1788365101,352.9100,352.9700,352.9100,352.9200
1788365102,352.9300,352.9300,352.9300,352.9300
1788365105,352.8900,352.9000,352.8900,352.9000
1788365107,352.9100,352.9100,352.9100,352.9100
1788365108,352.9100,352.9100,352.9000,352.9000
1788365112,352.8900,352.9000,352.8900,352.9000
1788365115,352.9000,352.9000,352.9000,352.9000
1788365116,352.8800,353.0200,352.8500,352.9600
1788365118,352.9300,352.9300,352.9000,352.9000
1788365120,352.8800,352.8800,352.8500,352.8500
1788365121,352.8200,352.8200,352.8000,352.8000
1788365124,352.8800,352.8900,352.8800,352.8900
1788365130,352.8900,352.8900,352.8900,352.8900
1788365131,352.9000,352.9000,352.9000,352.9000
1788365132,352.8800,352.9000,352.8400,352.9000
1788365136,352.8100,352.8100,352.8000,352.8000
1788365137,352.8100,352.8100,352.8100,352.8100
1788365138,352.8100,352.8100,352.8100,352.8100
1788365143,352.8300,352.8300,352.7600,352.7800
1788365145,352.8100,352.9300,352.8100,352.8200
1788365147,352.8000,352.8000,352.7600,352.7600
1788365152,352.8600,352.9000,352.8600,352.9000
1788365158,352.8400,352.8400,352.8000,352.8000
1788365159,352.7900,352.7900,352.7900,352.7900
1788365163,352.7900,352.7900,352.7600,352.7600
1788365165,352.7900,352.8000,352.7900,352.8000
1788365166,352.7600,352.7600,352.7000,352.7000
1788365169,352.7400,352.7400,352.7400,352.7400
1788365173,352.7900,352.7900,352.7900,352.7900
1788365174,352.7500,352.7500,352.6900,352.7200
1788365175,352.6800,352.6800,352.6800,352.6800
1788365180,352.6300,352.6500,352.6100,352.6500
1788365182,352.6500,352.6500,352.6200,352.6200
1788365183,352.6000,352.6000,352.5950,352.6000
1788365185,352.5900,352.5900,352.5750,352.5750
1788365188,352.6000,352.6000,352.6000,352.6000
1788365189,352.5800,352.5800,352.5700,352.5700
1788365190,352.5700,352.5700,352.5500,352.5500
1788365191,352.5600,352.5600,352.5600,352.5600
1788365193,352.5700,352.5700,352.5700,352.5700
1788365194,352.5800,352.5800,352.5800,352.5800
1788365196,352.5700,352.5700,352.5400,352.5400
1788365197,352.5300,352.5300,352.5200,352.5200
1788365199,352.5500,352.5500,352.5500,352.5500
1788365201,352.5600,352.5600,352.5000,352.5000
1788365203,352.5000,352.5000,352.4700,352.4700
1788365204,352.4600,352.4600,352.4300,352.4500
1788365205,352.4800,352.5000,352.4800,352.5000
1788365207,352.4900,352.4900,352.4800,352.4800
1788365208,352.4900,352.4900,352.4900,352.4900
1788365209,352.5000,352.5000,352.5000,352.5000
1788365210,352.5100,352.5100,352.5100,352.5100
1788365211,352.4900,352.4900,352.4900,352.4900
1788365212,352.5100,352.5100,352.5100,352.5100
1788365214,352.5200,352.5500,352.5200,352.5500
1788365215,352.5700,352.5700,352.5700,352.5700
1788365216,352.5800,352.6200,352.5800,352.6200
1788365217,352.6200,352.6700,352.6150,352.6700
1788365220,352.6100,352.6100,352.5900,352.5900
1788365223,352.6200,352.6200,352.6100,352.6100
1788365225,352.6100,352.6100,352.6100,352.6100
1788365226,352.6500,352.6500,352.6500,352.6500
1788365228,352.6600,352.6700,352.6600,352.6700
1788365229,352.6600,352.6600,352.6600,352.6600
1788365236,352.6600,352.6700,352.6600,352.6700
1788365238,352.6600,352.7200,352.6600,352.7200
1788365239,352.7500,352.7700,352.7500,352.7700
1788365240,352.7700,352.7700,352.7700,352.7700
1788365241,352.7700,352.8000,352.7700,352.8000
1788365245,352.7850,352.8300,352.7850,352.8300
1788365247,352.8800,352.9300,352.8800,352.9300
1788365248,352.9100,352.9100,352.8700,352.8700
1788365250,352.8400,352.8400,352.8400,352.8400
1788365252,352.8300,352.8300,352.8300,352.8300
1788365255,352.8500,352.8600,352.8500,352.8600
1788365257,352.9000,352.9800,352.9000,352.9800
1788365258,353.0000,353.0600,353.0000,353.0300
1788365259,353.0200,353.0200,353.0000,353.0000
1788365260,353.0000,353.0400,353.0000,353.0400
1788365261,353.0550,353.0550,353.0550,353.0550
1788365263,353.0900,353.2300,353.0900,353.1700
1788365265,353.2000,353.2700,353.2000,353.2700
1788365266,353.3100,353.3100,353.3100,353.3100
1788365269,353.3400,353.3500,353.2700,353.3000
1788365271,353.3100,353.3100,353.2800,353.2800
1788365272,353.3300,353.3300,353.3300,353.3300
1788365273,353.3300,353.3300,353.2300,353.2450
1788365275,353.2400,353.2700,353.2400,353.2700
1788365278,353.2800,353.2900,353.2800,353.2900
1788365279,353.2900,353.2900,353.2900,353.2900
1788365283,353.2900,353.2900,353.1700,353.1700
1788365285,353.2500,353.2500,353.2500,353.2500
1788365288,353.2500,353.2500,353.2500,353.2500
1788365289,353.2600,353.2600,353.2400,353.2400
1788365290,353.2400,353.2400,353.2400,353.2400
1788365291,353.2400,353.2400,353.2400,353.2400
1788365292,353.2600,353.2800,353.2600,353.2800
1788365293,353.2700,353.2800,353.2700,353.2800
1788365294,353.3000,353.3400,353.3000,353.3300
1788365296,353.3400,353.4000,353.3400,353.4000
1788365298,353.4400,353.4600,353.4300,353.4300
1788365300,353.4700,353.5500,353.4700,353.5500
1788365301,353.5700,353.5700,353.5500,353.5500
1788365302,353.5100,353.5100,353.5100,353.5100
1788365303,353.5100,353.5250,353.4800,353.4800
1788365304,353.4600,353.4600,353.1000,353.1000
1788365305,353.0500,353.1200,353.0500,353.1200
1788365308,353.1000,353.1700,353.0400,353.1450
1788365310,353.1900,353.1900,353.1900,353.1900
1788365312,353.1200,353.1200,353.1200,353.1200
1788365313,353.1100,353.1100,353.0750,353.0750
1788365314,353.0600,353.0600,353.0100,353.0600
1788365317,353.0600,353.0600,353.0400,353.0400
1788365320,353.0100,353.0100,353.0000,353.0000
1788365321,352.9700,352.9700,352.9400,352.9400
1788365323,352.9700,352.9700,352.9700,352.9700
1788365324,352.9900,353.0000,352.9900,353.0000
1788365328,353.0100,353.0100,353.0100,353.0100
1788365331,353.0100,353.0100,353.0000,353.0000
1788365334,353.0200,353.0400,353.0200,353.0400
1788365335,353.0400,353.0600,353.0400,353.0600
1788365338,353.0700,353.0800,353.0700,353.0800
1788365341,353.1000,353.1000,353.0800,353.0800
1788365343,353.1000,353.2600,353.0900,353.2350
1788365344,353.2000,353.2000,353.1800,353.1800
1788365347,353.1950,353.1950,353.1950,353.1950
1788365354,353.2300,353.3000,353.2300,353.2700
1788365363,353.3300,353.3700,353.3300,353.3600
1788365364,353.3900,353.4000,353.3900,353.4000
1788365366,353.3500,353.3500,353.3500,353.3500
1788365367,353.3400,353.3400,353.3400,353.3400
1788365368,353.3400,353.3500,353.3400,353.3500
1788365370,353.3700,353.3700,353.3700,353.3700
1788365373,353.4000,353.4000,353.3900,353.3900
1788365374,353.3500,353.4200,353.3500,353.4200
1788365378,353.3800,353.3800,353.3800,353.3800
1788365380,353.3900,353.3900,353.3900,353.3900
1788365381,353.3700,353.3700,353.3400,353.3400
1788365382,353.3600,353.3600,353.3600,353.3600
1788365383,353.3500,353.3500,353.3200,353.3200
1788365384,353.3300,353.3300,353.3300,353.3300
1788365385,353.3300,353.3300,353.2600,353.2600
1788365389,353.3000,353.3150,353.3000,353.3150
1788365391,353.2600,353.3100,353.2600,353.3100
1788365392,353.3300,353.3700,353.3300,353.3700
1788365393,353.3700,353.4200,353.3700,353.4200
1788365394,353.4550,353.4550,353.4100,353.4150
1788365396,353.4000,353.4000,353.3500,353.3500
1788365398,353.3750,353.4200,353.3750,353.4100
1788365399,353.4400,353.4800,353.4400,353.4800
1788365402,353.4700,353.4700,353.4200,353.4500
1788365405,353.4550,353.4700,353.4550,353.4550
1788365406,353.4900,353.5200,353.4900,353.5200
1788365407,353.4800,353.4900,353.4700,353.4800
1788365410,353.4700,353.4700,353.4300,353.4300
1788365411,353.4500,353.5000,353.4500,353.5000
1788365412,353.4850,353.4850,353.4850,353.4850
1788365413,353.4300,353.4350,353.4200,353.4350
1788365414,353.4400,353.4400,353.4400,353.4400
1788365417,353.4200,353.4200,353.4200,353.4200
1788365418,353.4200,353.4400,353.4200,353.4400
1788365419,353.4400,353.4400,353.4200,353.4200
1788365420,353.4100,353.4100,353.4100,353.4100
1788365421,353.4100,353.5000,353.3800,353.4800
1788365422,353.5100,353.5300,353.5100,353.5300
1788365423,353.5200,353.5300,353.4500,353.4500
1788365424,353.4800,353.4800,353.4800,353.4800
1788365427,353.4800,353.4800,353.4800,353.4800
1788365431,353.4200,353.4200,353.3800,353.3800
1788365432,353.3900,353.3900,353.3900,353.3900
1788365434,353.4200,353.4200,353.4200,353.4200
1788365435,353.4300,353.4500,353.4300,353.4500
1788365436,353.4200,353.4600,353.4200,353.4600
1788365437,353.4500,353.4500,353.4500,353.4500
1788365438,353.4200,353.4200,353.4100,353.4100
1788365439,353.4100,353.4200,353.4050,353.4050
1788365440,353.4100,353.4100,353.4100,353.4100
1788365442,353.4000,353.4000,353.4000,353.4000
1788365444,353.4300,353.4700,353.4250,353.4500
1788365446,353.4700,353.4700,353.4600,353.4600
1788365449,353.4700,353.5000,353.4700,353.4850
1788365450,353.5000,353.5000,353.5000,353.5000
1788365451,353.5300,353.5300,353.4600,353.5100
1788365452,353.5600,353.5600,353.5600,353.5600
1788365454,353.5200,353.5200,353.5200,353.5200
1788365455,353.5200,353.5600,353.5200,353.5600
1788365456,353.5600,353.5900,353.5600,353.5600
1788365458,353.5900,353.6600,353.5900,353.6300
1788365460,353.6700,353.9150,353.6700,353.8400
1788365461,353.8100,353.8100,353.7700,353.7700
1788365462,353.7700,353.7700,353.7700,353.7700
1788365463,353.7700,353.7700,353.7700,353.7700
1788365464,353.8000,353.8300,353.8000,353.8300
1788365465,353.8100,353.8100,353.8100,353.8100
1788365466,353.8000,353.8000,353.7600,353.7900
1788365467,353.7500,353.7500,353.7500,353.7500
1788365468,353.7700,353.7900,353.7700,353.7900
1788365469,353.8000,353.8500,353.8000,353.8500
1788365470,353.8900,353.9000,353.8500,353.8500
1788365471,353.8400,353.8400,353.8400,353.8400
1788365474,353.8800,353.8800,353.8800,353.8800
1788365476,353.8400,353.8400,353.8300,353.8300
1788365477,353.8200,353.8200,353.8200,353.8200
1788365479,353.8500,353.8500,353.8500,353.8500
1788365481,353.8800,353.9000,353.8800,353.9000
1788365482,353.8900,353.8900,353.8900,353.8900
1788365484,353.9300,353.9300,353.9100,353.9100
1788365485,353.9400,353.9400,353.9300,353.9300
1788365488,353.9600,353.9600,353.8600,353.9100
1788365489,353.9200,353.9200,353.9200,353.9200
1788365490,353.9400,353.9400,353.9400,353.9400
1788365491,353.9500,353.9500,353.9500,353.9500
1788365492,353.9600,353.9700,353.9600,353.9600
1788365493,353.9600,353.9600,353.9200,353.9200
1788365494,353.9200,353.9200,353.9200,353.9200
1788365495,353.9300,353.9300,353.9300,353.9300
1788365499,353.9200,353.9200,353.9200,353.9200
1788365503,353.9800,354.0200,353.9800,354.0100
1788365504,353.9900,353.9900,353.9500,353.9500
1788365506,353.9500,353.9500,353.9500,353.9500
1788365507,353.9300,353.9300,353.9000,353.9000
1788365509,353.9400,353.9400,353.9400,353.9400
1788365510,353.9400,354.0100,353.9400,354.0100
1788365512,353.9800,353.9800,353.9400,353.9400
1788365513,353.9500,354.1000,353.9500,354.0400
1788365514,354.0600,354.0600,354.0600,354.0600
1788365516,354.0700,354.1400,354.0000,354.0000
1788365517,353.9600,353.9600,353.9600,353.9600
1788365518,353.9700,353.9700,353.9700,353.9700
1788365519,353.9600,353.9700,353.9600,353.9700
1788365520,353.9700,353.9800,353.9700,353.9800
1788365521,353.9400,353.9400,353.9400,353.9400
1788365523,353.9600,353.9600,353.9600,353.9600
1788365524,353.9500,353.9800,353.9500,353.9800
1788365525,353.9500,353.9500,353.9300,353.9400
1788365526,353.9500,353.9500,353.9500,353.9500
1788365527,353.9600,353.9700,353.9600,353.9600
1788365528,353.9700,353.9800,353.9700,353.9700
1788365529,353.9600,353.9600,353.9600,353.9600
1788365531,353.9800,353.9900,353.9800,353.9900
1788365533,353.9650,353.9650,353.9400,353.9400
1788365534,353.9500,353.9500,353.9500,353.9500
1788365539,353.9900,353.9900,353.9500,353.9500
1788365540,353.9700,354.0100,353.9700,354.0100
1788365542,354.0600,354.1100,354.0600,354.0700
1788365543,354.0750,354.2700,354.0750,354.1900
1788365544,354.2100,354.2100,354.2000,354.2100
1788365545,354.2400,354.2600,354.2100,354.2100
1788365546,354.2400,354.2400,354.2400,354.2400
1788365550,354.2400,354.2900,354.2400,354.2900
1788365551,354.2600,354.2600,354.2300,354.2300
1788365553,354.2500,354.2500,354.2500,354.2500
1788365554,354.2600,354.2600,354.2600,354.2600
1788365555,354.2600,354.2600,354.2600,354.2600
1788365559,354.2400,354.2400,354.2000,354.2300
1788365560,354.2500,354.2700,354.2500,354.2700
1788365562,354.2900,354.3100,354.2900,354.3100
1788365563,354.3000,354.3000,354.2800,354.2800
1788365564,354.2800,354.2800,354.2800,354.2800
1788365570,354.2700,354.2700,354.2700,354.2700
1788365573,354.3000,354.4000,354.3000,354.3700
1788365576,354.3700,354.3700,354.3700,354.3700
1788365577,354.3700,354.3700,354.3700,354.3700
1788365578,354.3700,354.3700,354.3100,354.3100
1788365580,354.3900,354.4000,354.3900,354.4000
1788365582,354.3750,354.4700,354.3300,354.4500
1788365585,354.4500,354.4500,354.4500,354.4500
1788365586,354.4400,354.4400,354.4200,354.4300
1788365587,354.4500,354.5200,354.4500,354.4900
1788365588,354.4850,354.4850,354.3800,354.3800
1788365592,354.3800,354.3900,354.3400,354.3400
1788365593,354.3200,354.3200,354.3000,354.3000
1788365594,354.3500,354.3500,354.3500,354.3500
1788365599,354.2900,354.2900,354.2900,354.2900
1788365600,354.2800,354.2800,354.2200,354.2200
1788365601,354.2300,354.2400,354.2300,354.2400
1788365602,354.2100,354.2100,354.2100,354.2100
1788365603,354.2100,354.2100,354.2100,354.2100
1788365605,354.2100,354.2600,354.1900,354.1900
1788365610,354.2500,354.2600,354.2500,354.2600
1788365612,354.3000,354.3000,354.3000,354.3000
1788365613,354.2200,354.2200,354.1700,354.1700
1788365614,354.2200,354.2200,354.2200,354.2200
1788365618,354.2500,354.2700,354.2500,354.2600
1788365619,354.2550,354.3000,354.2100,354.3000
1788365624,354.2900,354.2900,354.2900,354.2900
1788365627,354.2700,354.2700,354.2050,354.2100
1788365628,354.2300,354.2500,354.2300,354.2500
1788365631,354.2100,354.2100,354.1800,354.1800
1788365634,354.2300,354.2300,354.2300,354.2300
1788365635,354.2500,354.3100,354.2500,354.3100
1788365638,354.2700,354.2700,354.2600,354.2600
1788365640,354.2800,354.3700,354.2800,354.3700
1788365641,354.3500,354.3500,354.3500,354.3500
1788365643,354.4000,354.4000,354.4000,354.4000
1788365644,354.3950,354.3950,354.3400,354.3900
1788365647,354.3800,354.4000,354.3800,354.4000
1788365651,354.3600,354.4700,354.3500,354.4400
1788365652,354.4300,354.4300,354.4300,354.4300
1788365653,354.3750,354.3750,354.3700,354.3700
1788365658,354.4100,354.4100,354.4100,354.4100
1788365662,354.4300,354.4300,354.3600,354.3600
1788365663,354.3500,354.3500,354.3000,354.3300
1788365664,354.3900,354.4000,354.3900,354.4000
1788365665,354.3650,354.3700,354.3650,354.3700
1788365666,354.4100,354.4100,354.4100,354.4100
1788365667,354.3750,354.3750,354.3600,354.3600
1788365676,354.3900,354.4100,354.3900,354.4100
1788365677,354.4200,354.4200,354.4100,354.4100
1788365679,354.4000,354.4000,354.4000,354.4000
1788365681,354.4050,354.4050,354.4050,354.4050
1788365682,354.4050,354.4400,354.4050,354.4400
1788365684,354.4100,354.4100,354.4100,354.4100
1788365686,354.4200,354.4200,354.4200,354.4200
1788365692,354.4300,354.4400,354.4300,354.4400
1788365693,354.4250,354.4250,354.4000,354.4000
1788365694,354.4400,354.5000,354.4400,354.4400
1788365700,354.4900,354.4900,354.4900,354.4900
1788365702,354.4900,354.5700,354.4900,354.5700
1788365703,354.5800,354.6200,354.5800,354.6000
1788365705,354.5950,354.5950,354.5950,354.5950
1788365706,354.5900,354.5900,354.5900,354.5900
1788365708,354.5900,354.5900,354.5900,354.5900
1788365709,354.5600,354.5600,354.5500,354.5600
1788365710,354.5600,354.5600,354.5600,354.5600
1788365713,354.5600,354.5600,354.5500,354.5500
1788365714,354.5500,354.5500,354.5100,354.5100
1788365716,354.5700,354.5700,354.5700,354.5700
1788365717,354.5500,354.5500,354.5500,354.5500
1788365722,354.5200,354.5200,354.5000,354.5000
1788365723,354.5500,354.5500,354.4500,354.4500
1788365724,354.4500,354.4600,354.4400,354.4600
1788365726,354.4550,354.4550,354.4550,354.4550
1788365727,354.4800,354.4900,354.4800,354.4900
1788365728,354.4300,354.4300,354.4200,354.4200
1788365729,354.4100,354.4100,354.4000,354.4000
1788365733,354.3900,354.3900,354.3500,354.3500
1788365734,354.3500,354.3500,354.2500,354.2500
1788365735,354.2500,354.2600,354.2500,354.2600
1788365736,354.2300,354.2300,354.2000,354.2100
1788365737,354.1800,354.2000,354.1700,354.1800
1788365739,354.1700,354.1700,354.1700,354.1700
1788365740,354.1400,354.1500,354.0300,354.0300
1788365741,354.0200,354.0200,354.0200,354.0200
1788365742,354.0500,354.0800,354.0500,354.0800
1788365744,354.1000,354.1200,354.1000,354.1100
1788365745,354.0800,354.0800,354.0600,354.0600
1788365750,354.0500,354.0500,354.0500,354.0500
1788365752,354.1000,354.1300,354.1000,354.1300
1788365755,354.1400,354.1400,354.1250,354.1250
1788365757,354.1000,354.1000,354.1000,354.1000
1788365758,354.1200,354.1200,354.1200,354.1200
1788365760,354.0900,354.0900,354.0900,354.0900
1788365761,354.0700,354.0700,354.0700,354.0700
1788365763,354.0500,354.0500,354.0400,354.0400
1788365766,354.0400,354.0500,354.0300,354.0300
1788365767,354.0200,354.0200,353.9900,353.9900
1788365768,353.9700,353.9700,353.9000,353.9150
1788365769,353.9300,353.9400,353.9200,353.9200
1788365770,353.9200,353.9200,353.9200,353.9200
1788365771,353.9400,353.9500,353.9400,353.9500
1788365772,353.9350,353.9350,353.8800,353.8800
1788365773,353.8700,353.8700,353.8000,353.8000
1788365774,353.7900,353.8050,353.7900,353.8050
1788365776,353.8000,353.8000,353.8000,353.8000
1788365777,353.8300,353.8700,353.8300,353.8700
1788365778,353.8750,353.8900,353.8750,353.8900
1788365779,353.8900,353.9100,353.8900,353.9100
1788365780,353.9500,353.9500,353.9500,353.9500
1788365783,353.9000,353.9500,353.9000,353.9500
1788365786,353.9000,353.9500,353.8400,353.8900
1788365788,353.8900,353.8900,353.8800,353.8800
1788365789,353.9000,353.9100,353.9000,353.9100
1788365790,353.9500,353.9800,353.9500,353.9800
1788365792,353.9500,353.9500,353.9500,353.9500
1788365795,353.9800,353.9800,353.9800,353.9800
1788365796,353.9600,353.9600,353.9400,353.9400
1788365798,353.9400,353.9400,353.9400,353.9400
1788365800,353.9400,353.9400,353.9400,353.9400
1788365804,353.9100,353.9100,353.9000,353.9000
1788365806,353.8600,353.8600,353.7700,353.7700
1788365807,353.7900,353.8000,353.7900,353.8000
1788365809,353.8400,353.8500,353.8400,353.8400
1788365818,353.8400,353.8400,353.8400,353.8400
1788365821,353.8000,353.8000,353.8000,353.8000
1788365822,353.8000,353.8200,353.8000,353.8100
1788365825,353.7800,353.7800,353.6600,353.6700
1788365826,353.7500,353.7600,353.7500,353.7600
1788365829,353.7700,353.8000,353.7700,353.8000
1788365830,353.8100,353.8600,353.8100,353.8500
1788365831,353.8600,353.8600,353.8600,353.8600
1788365833,353.8700,353.9000,353.8700,353.8800
1788365835,353.9400,353.9400,353.8600,353.8650
1788365838,353.9100,353.9100,353.9100,353.9100
1788365840,353.9300,353.9300,353.9300,353.9300
1788365847,353.9400,353.9400,353.9400,353.9400
1788365848,353.9400,353.9400,353.9400,353.9400
1788365849,353.9800,354.0200,353.9800,354.0200
1788365851,354.0600,354.0700,354.0600,354.0700
1788365852,354.1000,354.1000,354.1000,354.1000
1788365853,354.1000,354.1000,354.1000,354.1000
1788365855,354.1000,354.1000,354.1000,354.1000
1788365856,354.0800,354.0800,354.0800,354.0800
1788365859,354.0500,354.0500,354.0000,354.0000
1788365860,354.0400,354.0400,354.0400,354.0400
1788365862,354.0800,354.0900,354.0800,354.0900
1788365863,354.0900,354.0900,354.0900,354.0900
1788365864,354.0900,354.1200,354.0900,354.1200
1788365865,354.1300,354.1300,354.1300,354.1300
1788365867,354.1400,354.1400,354.1400,354.1400
1788365868,354.0900,354.0900,354.0900,354.0900
1788365869,354.0800,354.0800,354.0700,354.0800
1788365870,354.0900,354.0900,354.0900,354.0900
1788365871,354.0900,354.0900,354.0900,354.0900
1788365873,354.0900,354.1200,354.0900,354.0900
1788365876,354.1200,354.1200,354.1200,354.1200
1788365880,354.1000,354.1300,354.0600,354.1000
1788365881,354.1000,354.1000,354.0900,354.0900
1788365882,354.1200,354.1200,354.1200,354.1200
1788365883,354.1100,354.1100,354.1100,354.1100
1788365884,354.1500,354.1600,354.1500,354.1600
1788365885,354.1700,354.2000,354.1700,354.2000
1788365894,354.2200,354.2500,354.2200,354.2450
1788365895,354.2800,354.2800,354.2800,354.2800
1788365896,354.3300,354.3300,354.3100,354.3150
1788365898,354.2800,354.2800,354.2700,354.2700
1788365899,354.3100,354.3100,354.3100,354.3100
1788365903,354.3100,354.3100,354.3100,354.3100
1788365904,354.3100,354.3400,354.3100,354.3400
1788365905,354.3400,354.4900,354.3400,354.4400
1788365906,354.3900,354.4200,354.2500,354.2500
1788365907,354.2300,354.2300,354.1700,354.1800
1788365908,354.1800,354.1800,354.1600,354.1600
1788365910,354.1600,354.1600,354.1600,354.1600
1788365913,354.2000,354.2000,354.2000,354.2000
1788365914,354.1800,354.1800,354.1700,354.1700
1788365915,354.1800,354.1950,354.1800,354.1950
1788365916,354.1950,354.1950,354.1950,354.1950
1788365918,354.1500,354.1500,354.1500,354.1500
1788365921,354.1700,354.1700,354.1700,354.1700
1788365923,354.2100,354.2700,354.2100,354.2700
1788365925,354.3000,354.3100,354.3000,354.3100
1788365933,354.2400,354.2400,354.2300,354.2300
1788365935,354.2200,354.2200,354.2200,354.2200
1788365936,354.2600,354.2600,354.2600,354.2600
1788365938,354.2600,354.2600,354.2500,354.2500
1788365940,354.2400,354.2400,354.2400,354.2400
1788365941,354.2500,354.2500,354.2500,354.2500
1788365944,354.2200,354.2200,354.2200,354.2200
1788365948,354.2100,354.2800,354.2100,354.2800
1788365949,354.2900,354.2900,354.2900,354.2900
1788365951,354.2950,354.2950,354.2950,354.2950
1788365955,354.2500,354.2650,354.2400,354.2650
1788365956,354.2600,354.2600,354.2600,354.2600
1788365957,354.2300,354.2300,354.2200,354.2200
1788365958,354.2000,354.2300,354.1900,354.2300
1788365965,354.2300,354.2500,354.2300,354.2500
1788365975,354.2200,354.2700,354.2200,354.2700
1788365978,354.2700,354.3600,354.2700,354.3600
1788365979,354.3500,354.3600,354.3500,354.3600
1788365980,354.3500,354.3900,354.3500,354.3700
1788365981,354.3950,354.4200,354.3950,354.4200
1788365982,354.4200,354.4200,354.4200,354.4200
1788365983,354.4250,354.4250,354.4000,354.4050
1788365985,354.3800,354.3800,354.3300,354.3300
1788365987,354.3600,354.3600,354.3600,354.3600
1788365989,354.3700,354.3700,354.3700,354.3700
1788365992,354.3900,354.4700,354.3900,354.4100
1788366004,354.4400,354.4400,354.4400,354.4400
1788366005,354.4500,354.4500,354.4500,354.4500
1788366006,354.4500,354.4600,354.4300,354.4300
1788366011,354.4400,354.5200,354.4400,354.4700
1788366013,354.4600,354.4600,354.4600,354.4600
1788366020,354.4900,354.4900,354.4900,354.4900
1788366022,354.4800,354.4800,354.4800,354.4800
1788366024,354.5000,354.5000,354.5000,354.5000
1788366025,354.5100,354.5300,354.5100,354.5200
1788366026,354.5400,354.5400,354.5400,354.5400
1788366027,354.5200,354.5400,354.5200,354.5400
1788366029,354.5400,354.5400,354.5000,354.5000
1788366030,354.5000,354.5000,354.5000,354.5000
1788366032,354.5100,354.5100,354.4800,354.4800
1788366033,354.5000,354.5000,354.5000,354.5000
1788366035,354.5400,354.5400,354.5400,354.5400
1788366038,354.5200,354.5200,354.5000,354.5000
1788366040,354.5300,354.5300,354.5300,354.5300
1788366041,354.5100,354.5200,354.5000,354.5200
1788366042,354.5050,354.5050,354.5000,354.5000
1788366046,354.5300,354.5300,354.3000,354.3000
1788366047,354.3300,354.3300,354.3300,354.3300
1788366048,354.3600,354.3700,354.3600,354.3700
1788366051,354.4100,354.4100,354.3400,354.3400
1788366054,354.3100,354.3100,354.3100,354.3100
1788366055,354.3200,354.3200,354.3200,354.3200
1788366056,354.3600,354.3700,354.3600,354.3700
1788366062,354.3500,354.3500,354.3500,354.3500
1788366063,354.3400,354.3400,354.3300,354.3400
1788366064,354.3600,354.3700,354.3600,354.3700
1788366068,354.4000,354.4300,354.4000,354.4300
1788366072,354.4700,354.4700,354.4700,354.4700
1788366075,354.4650,354.4650,354.4300,354.4300
1788366077,354.4300,354.4300,354.4200,354.4200
1788366078,354.4000,354.4000,354.4000,354.4000
1788366085,354.3800,354.3800,354.3400,354.3700
1788366086,354.4300,354.4300,354.4300,354.4300
1788366088,354.4000,354.4000,354.4000,354.4000
1788366090,354.3800,354.3800,354.3700,354.3700
1788366094,354.3600,354.3600,354.3500,354.3500
1788366095,354.3500,354.3500,354.3500,354.3500
1788366100,354.3400,354.3600,354.3300,354.3600
1788366101,354.3500,354.3550,354.3500,354.3550
1788366103,354.3300,354.3800,354.3300,354.3800
1788366110,354.3500,354.3500,354.3500,354.3500
1788366113,354.3500,354.3700,354.3500,354.3700
1788366115,354.3600,354.3600,354.3200,354.3200
1788366118,354.3700,354.3800,354.3700,354.3800
1788366120,354.3200,354.3200,354.3100,354.3100
1788366121,354.3000,354.3000,354.3000,354.3000
1788366122,354.3000,354.3000,354.3000,354.3000
1788366123,354.2900,354.2900,354.2500,354.2800
1788366126,354.2700,354.2700,354.2700,354.2700
1788366127,354.2700,354.3000,354.2700,354.2750
1788366132,354.3100,354.3200,354.3100,354.3200
1788366134,354.3200,354.3200,354.3200,354.3200
1788366141,354.3300,354.3300,354.3300,354.3300
1788366142,354.3400,354.3500,354.3400,354.3500
1788366143,354.3800,354.4600,354.3800,354.4400
1788366144,354.4400,354.4400,354.4400,354.4400
1788366146,354.4700,354.4700,354.4700,354.4700
1788366148,354.4700,354.4800,354.4000,354.4000
1788366151,354.3700,354.3700,354.3500,354.3500
1788366156,354.3700,354.3700,354.3700,354.3700
1788366161,354.4200,354.4200,354.4200,354.4200
1788366167,354.4300,354.4400,354.3200,354.3400
1788366168,354.3200,354.3700,354.3200,354.3700
1788366174,354.4100,354.4200,354.4100,354.4200
1788366175,354.4000,354.4000,354.3300,354.3600
1788366176,354.3700,354.3700,354.3700,354.3700
1788366178,354.3800,354.3800,354.3800,354.3800
1788366182,354.3300,354.3300,354.3100,354.3100
1788366183,354.3200,354.3200,354.3200,354.3200
1788366186,354.3200,354.3400,354.3200,354.3400
1788366188,354.2900,354.2900,354.2900,354.2900
1788366189,354.3200,354.3200,354.3200,354.3200
1788366191,354.3500,354.3500,354.3500,354.3500
1788366193,354.3600,354.3700,354.3600,354.3700
1788366198,354.4100,354.4200,354.4100,354.4200
1788366199,354.4300,354.4300,354.4100,354.4300
1788366200,354.4000,354.4000,354.4000,354.4000
1788366201,354.4000,354.4000,354.4000,354.4000
1788366202,354.3800,354.3800,354.3500,354.3500
1788366206,354.3400,354.3400,354.3400,354.3400
1788366209,354.3600,354.3600,354.3300,354.3450
1788366210,354.3200,354.3200,354.3200,354.3200
1788366211,354.2900,354.2900,354.2900,354.2900
1788366213,354.2800,354.2900,354.2700,354.2900
1788366214,354.2700,354.2700,354.2500,354.2500
1788366215,354.2300,354.2500,354.2300,354.2500
1788366218,354.2200,354.2200,354.2200,354.2200
1788366219,354.2100,354.2200,354.2100,354.2200
1788366221,354.2600,354.3000,354.2600,354.3000
1788366222,354.2650,354.2700,354.2300,354.2700
1788366223,354.2900,354.3000,354.2900,354.3000
1788366224,354.2600,354.2600,354.2400,354.2600
1788366230,354.2750,354.2900,354.2500,354.2900
1788366234,354.2200,354.2200,354.2200,354.2200
1788366236,354.2000,354.2000,354.1700,354.1700
1788366239,354.1600,354.1600,354.0700,354.0700
1788366241,354.0800,354.0800,354.0800,354.0800
1788366243,354.0800,354.0900,354.0400,354.0400
1788366245,354.0900,354.1000,354.0900,354.1000
1788366246,354.0800,354.0800,354.0800,354.0800
1788366247,354.0700,354.0700,354.0100,354.0100
1788366248,354.0000,354.0000,353.9800,353.9800
1788366251,353.9900,354.0000,353.9800,353.9800
1788366256,353.9600,353.9600,353.9600,353.9600
1788366257,353.9400,353.9400,353.9400,353.9400
1788366258,353.9300,353.9400,353.9300,353.9400
1788366259,353.9200,353.9200,353.8900,353.8900
1788366260,353.9300,353.9400,353.9300,353.9400
1788366261,353.9300,353.9600,353.9100,353.9600
1788366263,353.9600,353.9600,353.9600,353.9600
1788366266,353.9500,353.9700,353.9500,353.9700
1788366271,353.9600,353.9900,353.9600,353.9900
1788366272,354.0000,354.0000,354.0000,354.0000
1788366273,354.0700,354.0700,354.0700,354.0700
1788366278,354.0300,354.0700,354.0300,354.0700
1788366281,354.0800,354.1000,354.0800,354.1000
1788366284,354.0800,354.0800,354.0800,354.0800
1788366286,354.0500,354.0500,354.0400,354.0400
1788366287,354.0100,354.0100,353.9900,353.9900
1788366291,354.0200,354.0200,354.0200,354.0200
1788366292,354.0000,354.0000,354.0000,354.0000
1788366301,353.9700,353.9700,353.9600,353.9600
1788366302,353.9900,353.9900,353.9900,353.9900
1788366303,354.0000,354.0100,354.0000,354.0100
1788366304,354.0300,354.0600,354.0300,354.0400
1788366307,354.0800,354.1100,354.0800,354.1100
1788366310,354.1000,354.1000,354.1000,354.1000
1788366312,354.0500,354.0500,354.0400,354.0400
1788366316,354.0500,354.0500,354.0500,354.0500
1788366317,354.0100,354.0100,354.0100,354.0100
1788366328,354.0500,354.0500,354.0500,354.0500
1788366332,354.0600,354.0900,354.0600,354.0900
1788366333,354.0700,354.0700,354.0700,354.0700
1788366335,354.0900,354.0900,354.0900,354.0900
1788366337,354.0600,354.0600,354.0500,354.0500
1788366339,354.0400,354.0600,353.9800,353.9800
1788366347,353.9900,353.9900,353.9900,353.9900
1788366351,353.9700,353.9700,353.9700,353.9700
1788366355,353.9600,353.9600,353.8900,353.9100
1788366356,353.9400,353.9400,353.9400,353.9400
1788366357,353.9300,353.9300,353.8800,353.9100
1788366360,353.9000,353.9000,353.8600,353.8800
1788366362,353.8850,353.9000,353.8850,353.9000
1788366363,353.9100,353.9300,353.9100,353.9300
1788366364,353.9200,353.9200,353.9200,353.9200
1788366366,353.9500,353.9500,353.9500,353.9500
1788366374,354.0000,354.0300,354.0000,354.0300
1788366376,354.0200,354.0200,354.0200,354.0200
1788366377,354.0100,354.0100,353.9900,353.9900
1788366379,354.0500,354.0500,354.0500,354.0500
1788366385,354.0700,354.0800,354.0700,354.0800
1788366386,354.0500,354.0500,354.0300,354.0300
1788366390,354.0500,354.0500,354.0500,354.0500
1788366392,354.0500,354.0500,354.0500,354.0500
1788366393,354.0600,354.0600,354.0600,354.0600
1788366394,354.1000,354.1100,354.1000,354.1000
1788366396,354.1200,354.1600,354.1200,354.1600
1788366397,354.1400,354.1400,354.1200,354.1200
1788366400,354.1000,354.1000,354.1000,354.1000
1788366402,354.1050,354.1050,354.1050,354.1050
1788366403,354.0800,354.0800,354.0600,354.0600
1788366406,354.0300,354.0300,354.0000,354.0000
1788366407,354.0200,354.0800,354.0200,354.0800
1788366408,354.0950,354.0950,354.0950,354.0950
1788366409,354.0900,354.0900,354.0900,354.0900
1788366410,354.1050,354.1300,354.1050,354.1300
1788366411,354.0700,354.0700,354.0700,354.0700
1788366412,354.1000,354.1100,354.0750,354.0750
1788366414,354.0750,354.1200,354.0600,354.1000
1788366416,354.1000,354.1400,354.1000,354.1400
1788366417,354.1200,354.1200,354.1200,354.1200
1788366426,354.1700,354.1700,354.1700,354.1700
1788366427,354.1800,354.1800,354.1800,354.1800
1788366428,354.1700,354.1700,354.1700,354.1700
1788366429,354.1500,354.1500,354.1500,354.1500
1788366430,354.1500,354.1500,354.1500,354.1500
1788366432,354.1800,354.2100,354.1800,354.2100
1788366433,354.2300,354.2600,354.2300,354.2600
1788366435,354.2700,354.2800,354.2600,354.2800
1788366436,354.2500,354.2500,354.2300,354.2300
1788366441,354.2500,354.2500,354.2500,354.2500
1788366442,354.2250,354.2250,354.2250,354.2250
1788366444,354.1900,354.1900,353.9500,353.9500
1788366445,353.9300,353.9800,353.8700,353.9800
1788366446,353.9900,354.0000,353.9500,354.0000
1788366449,353.9400,353.9400,353.8200,353.8800
1788366450,353.9000,353.9000,353.7800,353.8200
1788366451,353.7900,353.8600,353.7900,353.8500
1788366452,353.9000,354.0400,353.9000,354.0400
1788366457,354.0400,354.0400,354.0400,354.0400
1788366461,354.0000,354.0300,353.9900,354.0300
1788366464,354.0500,354.0500,354.0500,354.0500
1788366468,354.0700,354.0800,354.0600,354.0600
1788366470,354.0500,354.0500,354.0500,354.0500
1788366476,354.0000,354.1050,354.0000,354.1050
1788366477,354.1400,354.2000,354.1400,354.2000
1788366482,354.1800,354.1800,354.1600,354.1600
1788366483,354.1100,354.1100,354.1000,354.1000
1788366484,354.1000,354.1000,354.0700,354.0700
1788366492,354.0700,354.0700,354.0700,354.0700
1788366498,354.1400,354.1400,354.1400,354.1400
1788366506,354.1500,354.1500,354.1500,354.1500
1788366514,354.1000,354.1000,354.1000,354.1000
1788366518,354.1400,354.1500,354.1400,354.1500
1788366520,354.1300,354.1300,354.1000,354.1000
1788366521,354.1000,354.1000,354.1000,354.1000
1788366529,354.1500,354.1500,354.0900,354.0900
1788366530,354.1400,354.2000,354.1400,354.2000
1788366532,354.1700,354.1700,354.1700,354.1700
1788366533,354.1300,354.1300,354.1200,354.1200
1788366534,354.0800,354.0800,354.0800,354.0800
1788366535,354.0300,354.0300,354.0100,354.0100
1788366539,354.1000,354.1000,354.1000,354.1000
1788366542,354.0700,354.0700,354.0700,354.0700
1788366544,354.0500,354.0500,354.0500,354.0500
1788366545,354.0000,354.0000,353.9800,353.9800
1788366551,353.9500,353.9500,353.9500,353.9500
1788366552,353.9500,354.0000,353.9500,354.0000
1788366553,354.0000,354.0000,354.0000,354.0000
1788366554,353.9900,353.9900,353.9900,353.9900
1788366557,353.9700,353.9700,353.9000,353.9000
1788366559,353.9000,353.9500,353.8900,353.9150
1788366563,353.9000,353.9000,353.8900,353.8900
1788366566,353.9300,353.9300,353.9300,353.9300
1788366571,353.9100,353.9100,353.9100,353.9100
1788366575,353.8800,353.8800,353.8800,353.8800
1788366586,353.8200,353.8200,353.8100,353.8100
1788366588,353.8100,353.8400,353.8100,353.8400
1788366589,353.8600,353.8600,353.8600,353.8600
1788366590,353.8700,353.8700,353.8700,353.8700
1788366595,353.8300,353.8300,353.7500,353.7500
1788366597,353.7400,353.7400,353.7000,353.7000
1788366598,353.7200,353.7200,353.7200,353.7200
1788366601,353.7350,353.8200,353.7350,353.8200
1788366602,353.8000,353.8000,353.7700,353.7700
1788366605,353.7900,353.7900,353.7900,353.7900
1788366606,353.8300,353.8500,353.8300,353.8500
1788366608,353.8000,353.8000,353.7400,353.7400
1788366609,353.7000,353.7300,353.7000,353.7300
1788366612,353.7400,353.7400,353.7400,353.7400
1788366617,353.8000,353.8100,353.8000,353.8100
1788366619,353.8000,353.8000,353.8000,353.8000
1788366620,353.7700,353.7700,353.5600,353.6000
1788366621,353.5400,353.5400,353.5000,353.5100
1788366622,353.5000,353.5000,353.1600,353.1800
1788366624,353.1900,353.2300,353.1900,353.2000
1788366625,353.2400,353.2500,353.2200,353.2200
1788366626,353.2300,353.2300,353.2300,353.2300
1788366627,353.2000,353.2000,353.1400,353.1400
1788366628,353.1400,353.1500,353.1000,353.1000
1788366629,353.0900,353.0900,353.0900,353.0900
1788366631,353.1100,353.1100,353.1100,353.1100
1788366633,353.1400,353.1600,353.1400,353.1600
1788366637,353.1900,353.2000,353.1600,353.1600
1788366638,353.1900,353.1900,353.1900,353.1900
1788366640,353.2000,353.2100,353.2000,353.2100
1788366643,353.2000,353.2000,353.1800,353.1800
1788366645,353.1800,353.1900,353.1800,353.1900
1788366650,353.2300,353.2300,353.2300,353.2300
1788366653,353.1800,353.1800,353.1500,353.1700
1788366660,353.3100,353.3200,353.3100,353.3200
1788366663,353.3700,353.3800,353.3700,353.3800
1788366668,353.4800,353.4800,353.4800,353.4800
1788366672,353.4400,353.4400,353.4400,353.4400
1788366673,353.4600,353.4600,353.4600,353.4600
1788366676,353.4000,353.4000,353.3500,353.3500
1788366677,353.3000,353.3000,353.2900,353.2900
1788366679,353.2850,353.2850,353.2850,353.2850
1788366681,353.3100,353.3100,353.2800,353.2900
1788366682,353.3200,353.3200,353.3000,353.3000
1788366684,353.2900,353.2900,353.2800,353.2800
1788366685,353.2600,353.2600,353.2600,353.2600
1788366687,353.2700,353.2700,353.2700,353.2700
1788366688,353.2100,353.2100,353.1900,353.2100
1788366689,353.1500,353.1500,353.1500,353.1500
1788366693,353.1900,353.2100,353.1900,353.1900
1788366694,353.2300,353.2400,353.2300,353.2400
1788366696,353.2600,353.2600,353.1300,353.1300
1788366697,353.1800,353.2000,353.1800,353.2000
1788366699,353.1900,353.2000,353.1900,353.2000
1788366701,353.2200,353.2200,353.2200,353.2200
1788366704,353.2400,353.2400,353.2400,353.2400
1788366705,353.2300,353.2300,353.1800,353.1800
1788366706,353.2000,353.2000,353.2000,353.2000
1788366708,353.2000,353.2000,353.2000,353.2000
1788366710,353.2100,353.2100,353.2100,353.2100
1788366711,353.2100,353.2100,353.2100,353.2100
1788366712,353.2100,353.2100,353.2100,353.2100
1788366717,353.2500,353.2800,353.2500,353.2800
1788366719,353.2500,353.2500,353.2500,353.2500
1788366720,353.2200,353.2500,353.2200,353.2500
1788366723,353.2300,353.2300,353.2300,353.2300
1788366725,353.2250,353.2250,353.1600,353.2000
1788366727,353.2050,353.2050,353.1600,353.1600
1788366728,353.1000,353.1200,353.1000,353.1150
1788366732,353.1000,353.1000,353.0000,353.0600
1788366734,353.0300,353.0300,352.9900,353.0300
1788366735,353.0100,353.0100,353.0100,353.0100
1788366736,352.9900,352.9900,352.9500,352.9500
1788366737,352.9200,352.9200,352.9000,352.9000
1788366738,352.8900,352.8900,352.7500,352.7800
1788366739,352.7700,352.7700,352.6800,352.6800
1788366740,352.7400,352.7400,352.7400,352.7400
1788366741,352.7400,352.7900,352.7400,352.7900
1788366742,352.8100,352.8200,352.8100,352.8200
1788366744,352.8150,352.8250,352.8150,352.8250
1788366745,352.7800,352.7900,352.7700,352.7900
1788366748,352.8500,352.8500,352.8500,352.8500
1788366749,352.8400,352.8400,352.8000,352.8000
1788366751,352.7800,352.7800,352.7800,352.7800
1788366752,352.7800,352.7800,352.7800,352.7800
1788366754,352.7500,352.7700,352.7000,352.7000
1788366755,352.6900,352.6900,352.6800,352.6800
1788366756,352.6600,352.6600,352.6200,352.6300
1788366759,352.6200,352.6400,352.6000,352.6400
1788366760,352.6300,352.6300,352.5500,352.5500
1788366763,352.5900,352.5900,352.5900,352.5900
1788366764,352.5800,352.6200,352.5500,352.6200
1788366765,352.5600,352.5600,352.5500,352.5500
1788366766,352.5200,352.5350,352.5000,352.5000
1788366767,352.5000,352.5000,352.4900,352.4900
1788366772,352.4500,352.4500,352.3800,352.3800
1788366779,352.4500,352.4600,352.4500,352.4600
1788366781,352.4400,352.4400,352.4300,352.4300
1788366782,352.4800,352.4800,352.4800,352.4800
1788366783,352.4500,352.4500,352.4500,352.4500
1788366786,352.4200,352.4400,352.4000,352.4400
1788366787,352.4400,352.5700,352.4300,352.4350
1788366788,352.4500,352.4500,352.4500,352.4500
1788366790,352.4900,352.4900,352.4900,352.4900
1788366795,352.5300,352.5300,352.5300,352.5300
1788366798,352.4800,352.4800,352.4300,352.4300
1788366802,352.4300,352.4300,352.4200,352.4200
1788366805,352.4400,352.4400,352.3900,352.4400
1788366806,352.4600,352.4700,352.4600,352.4700
1788366807,352.4300,352.4300,352.4300,352.4300
1788366808,352.4400,352.4600,352.4400,352.4600
1788366809,352.4900,352.5000,352.4900,352.5000
1788366810,352.4900,352.5400,352.4900,352.5400
1788366811,352.4800,352.4800,352.4800,352.4800
1788366813,352.4800,352.4800,352.4800,352.4800
1788366814,352.5500,352.5500,352.5500,352.5500
1788366815,352.5500,352.5700,352.5100,352.5450
1788366819,352.6100,352.6100,352.5900,352.5900
1788366820,352.6200,352.6200,352.6000,352.6000
1788366821,352.6300,352.6300,352.6100,352.6100
1788366822,352.6300,352.6600,352.6300,352.6600
1788366823,352.6900,352.7000,352.6700,352.6700
1788366824,352.6800,352.6800,352.6800,352.6800
1788366825,352.6700,352.6700,352.6700,352.6700
1788366826,352.6700,352.6700,352.6700,352.6700
1788366827,352.6300,352.6300,352.5300,352.5300
1788366828,352.5200,352.6300,352.5200,352.5400
1788366830,352.5800,352.5800,352.5800,352.5800
1788366831,352.5200,352.5200,352.4800,352.4800
1788366833,352.5000,352.5000,352.4800,352.4800
1788366836,352.4800,352.4800,352.4800,352.4800
1788366837,352.5000,352.5000,352.4400,352.4400
1788366838,352.4700,352.4700,352.4200,352.4200
1788366840,352.4100,352.4200,352.3500,352.3500
1788366841,352.4300,352.4400,352.3950,352.3950
1788366843,352.4050,352.4050,352.3800,352.3800
1788366844,352.4500,352.5000,352.4500,352.5000
1788366846,352.5950,352.5950,352.5500,352.5500
1788366847,352.5700,352.5700,352.5600,352.5600
1788366848,352.6000,352.6200,352.6000,352.6200
1788366849,352.7300,352.8000,352.7200,352.8000
1788366850,352.7400,352.7400,352.7400,352.7400
1788366851,352.7600,352.7600,352.7600,352.7600
1788366852,352.7400,352.7400,352.7400,352.7400
1788366855,352.7300,352.7300,352.7300,352.7300
1788366856,352.6800,352.6800,352.6500,352.6500
1788366857,352.5800,352.5800,352.5800,352.5800
1788366860,352.5900,352.5900,352.5600,352.5600
1788366861,352.5500,352.5500,352.5400,352.5400
1788366862,352.5800,352.5800,352.5800,352.5800
1788366863,352.6200,352.6200,352.6200,352.6200
1788366868,352.5900,352.5900,352.5900,352.5900
1788366869,352.6300,352.6300,352.6300,352.6300
1788366870,352.6300,352.6300,352.6300,352.6300
1788366872,352.6300,352.6300,352.6300,352.6300
1788366873,352.6500,352.6500,352.6500,352.6500
1788366880,352.6600,352.6600,352.6500,352.6500
1788366884,352.7000,352.7000,352.7000,352.7000
1788366885,352.7000,352.7000,352.6700,352.6900
1788366886,352.6900,352.6900,352.6900,352.6900
1788366887,352.7000,352.7100,352.7000,352.7100
1788366888,352.7200,352.7200,352.7200,352.7200
1788366889,352.7600,352.7700,352.7600,352.7700
1788366890,352.8000,352.8300,352.8000,352.8200
1788366894,352.7800,352.7800,352.7800,352.7800
1788366895,352.7700,352.7800,352.7500,352.7500
1788366896,352.7400,352.7800,352.7300,352.7800
1788366897,352.7300,352.7300,352.7300,352.7300
1788366900,352.7200,352.7200,352.7200,352.7200
1788366901,352.7650,352.7650,352.7650,352.7650
1788366903,352.7750,352.7750,352.7750,352.7750
1788366906,352.8100,352.8100,352.8100,352.8100
1788366907,352.8200,352.8200,352.8200,352.8200
1788366908,352.8500,352.9000,352.8500,352.9000
1788366909,352.8900,352.8900,352.8800,352.8800
1788366912,352.8800,352.8800,352.8800,352.8800
1788366913,352.8400,352.8400,352.8300,352.8300
1788366919,352.8400,352.8400,352.8400,352.8400
1788366923,352.8900,352.8900,352.8900,352.8900
1788366929,352.9100,352.9100,352.9100,352.9100
1788366933,352.8950,352.8950,352.8950,352.8950
1788366935,352.9400,352.9400,352.9400,352.9400
1788366936,352.9900,352.9900,352.9500,352.9500
1788366937,352.9500,352.9500,352.8200,352.9000
1788366938,352.9600,352.9600,352.9600,352.9600
1788366944,352.9300,352.9300,352.6600,352.7000
1788366945,352.7000,352.7000,352.7000,352.7000
1788366946,352.7000,352.7200,352.7000,352.7200
1788366947,352.7200,352.7200,352.6600,352.6850
1788366948,352.7800,352.7800,352.7800,352.7800
1788366950,352.8300,352.8300,352.8300,352.8300
1788366951,352.8000,352.8000,352.8000,352.8000
1788366954,352.8450,352.8450,352.8400,352.8400
1788366955,352.9000,352.9100,352.9000,352.9100
1788366956,352.9900,353.1800,352.9900,353.1200
1788366957,353.1100,353.1100,353.1000,353.1000
1788366961,353.0100,353.0100,352.7700,352.7700
1788366962,352.7950,352.8800,352.7950,352.8500
1788366964,352.8500,352.8500,352.8500,352.8500
1788366966,352.8700,352.8700,352.8700,352.8700
1788366975,352.8900,352.9400,352.8900,352.9400
1788366976,352.8950,352.8950,352.8950,352.8950
1788366977,352.8600,352.8600,352.8450,352.8450
1788366981,352.8700,352.8700,352.8700,352.8700
1788366988,352.8100,352.8100,352.7600,352.7600
1788366989,352.7000,352.7100,352.7000,352.7000
1788366990,352.7500,352.8200,352.7500,352.8200
1788366991,352.7300,352.7300,352.7300,352.7300
1788366992,352.7500,352.7500,352.7500,352.7500
1788366997,352.7500,352.7500,352.7500,352.7500
1788367001,352.8600,352.8650,352.8600,352.8650
1788367005,352.9000,352.9000,352.9000,352.9000
1788367006,352.9000,352.9000,352.8600,352.8600
1788367009,352.9100,352.9200,352.9100,352.9200
1788367011,352.9000,352.9000,352.9000,352.9000
1788367012,352.9000,352.9000,352.9000,352.9000
1788367016,352.9100,352.9100,352.9100,352.9100
1788367022,352.9100,352.9100,352.9100,352.9100
1788367026,352.9000,352.9000,352.9000,352.9000
1788367028,352.9050,352.9050,352.9050,352.9050
1788367033,352.9050,352.9050,352.9050,352.9050
1788367035,352.9400,352.9400,352.9400,352.9400
1788367036,352.9000,352.9000,352.9000,352.9000
1788367037,352.9000,352.9000,352.9000,352.9000
1788367041,352.8800,352.8800,352.8700,352.8700
1788367042,352.8600,352.8600,352.7800,352.7800
1788367049,352.8100,352.8100,352.8100,352.8100
1788367061,352.8450,352.8450,352.8450,352.8450
1788367063,352.8900,352.9000,352.8900,352.9000
1788367065,352.8800,352.8800,352.8800,352.8800
1788367068,352.9300,352.9700,352.9300,352.9700
1788367077,352.9050,352.9050,352.9000,352.9000
1788367078,352.8500,352.8500,352.7500,352.7500
1788367081,352.7300,352.7300,352.7000,352.7000
1788367084,352.7300,352.7300,352.7300,352.7300
1788367085,352.6800,352.6800,352.6700,352.6700
1788367086,352.7100,352.7100,352.7100,352.7100
1788367089,352.7000,352.7000,352.7000,352.7000
1788367090,352.7400,352.7400,352.7400,352.7400
1788367092,352.7500,352.7500,352.7500,352.7500
1788367093,352.7650,352.7900,352.7200,352.7900
1788367094,352.8000,352.8000,352.7100,352.7100
1788367096,352.7000,352.7000,352.6900,352.6900
1788367097,352.7200,352.7600,352.7200,352.7500
1788367099,352.7500,352.7600,352.7500,352.7600
1788367101,352.7500,352.7900,352.7100,352.7900
1788367105,352.7550,352.7550,352.7100,352.7100
1788367111,352.8100,352.8350,352.8100,352.8100
1788367113,352.7900,352.7900,352.7900,352.7900
1788367121,352.7950,352.7950,352.7950,352.7950
1788367122,352.7400,352.7400,352.6100,352.6100
1788367123,352.6000,352.6000,352.5300,352.5300
1788367124,352.5200,352.5200,352.4400,352.4600
1788367126,352.4300,352.4550,352.4300,352.4550
1788367127,352.4550,352.4550,352.4550,352.4550
1788367128,352.4600,352.4600,352.4600,352.4600
1788367129,352.4600,352.5000,352.4600,352.4900
1788367132,352.4800,352.4800,352.4300,352.4300
1788367135,352.4850,352.4850,352.4850,352.4850
1788367136,352.4600,352.4600,352.4600,352.4600
1788367139,352.4900,352.4900,352.4900,352.4900
1788367140,352.4600,352.5100,352.4300,352.4500
1788367141,352.5200,352.5200,352.5200,352.5200
1788367142,352.5500,352.5600,352.5500,352.5600
1788367149,352.6100,352.6100,352.6100,352.6100
1788367150,352.5900,352.5900,352.5900,352.5900
1788367151,352.5700,352.5700,352.5600,352.5600
1788367152,352.5500,352.5500,352.5100,352.5200
1788367153,352.5000,352.5000,352.4700,352.4700
1788367156,352.4800,352.5700,352.4800,352.5700
1788367157,352.5350,352.5350,352.5100,352.5350
1788367159,352.5800,352.5800,352.5800,352.5800
1788367161,352.5900,352.9100,352.5900,352.8300
1788367162,352.8000,352.8000,352.8000,352.8000
1788367163,352.8100,352.8100,352.7900,352.7900
1788367166,352.8700,352.8700,352.8700,352.8700
1788367170,352.8100,352.8450,352.8000,352.8300
1788367171,352.8350,352.8350,352.8350,352.8350
1788367172,352.8400,352.8400,352.8400,352.8400
1788367173,352.8250,352.8250,352.8100,352.8100
1788367174,352.8100,352.8150,352.7900,352.7900
1788367178,352.7500,352.7500,352.7400,352.7400
1788367183,352.7200,352.7200,352.7200,352.7200
1788367186,352.7050,352.7050,352.7050,352.7050
1788367192,352.7000,352.7000,352.7000,352.7000
1788367193,352.6700,352.6700,352.6700,352.6700
1788367194,352.6600,352.6600,352.6600,352.6600
1788367195,352.6300,352.6300,352.5700,352.5700
1788367199,352.6000,352.6000,352.6000,352.6000
1788367201,352.6100,352.6100,352.6100,352.6100
1788367203,352.5900,352.5900,352.5900,352.5900
1788367204,352.5300,352.5300,352.5200,352.5200
1788367205,352.5200,352.5200,352.4700,352.5000
1788367207,352.4600,352.4600,352.4400,352.4400
1788367210,352.4700,352.4700,352.4700,352.4700
1788367215,352.4700,352.5100,352.4700,352.5100
1788367216,352.4750,352.4750,352.4700,352.4700
1788367217,352.5100,352.5100,352.5100,352.5100
1788367218,352.5100,352.5100,352.5100,352.5100
1788367219,352.4800,352.4800,352.4800,352.4800
1788367220,352.4800,352.4800,352.4800,352.4800
1788367221,352.4900,352.4900,352.4900,352.4900
1788367222,352.4600,352.4600,352.4400,352.4400
1788367225,352.4600,352.4650,352.4600,352.4650
1788367227,352.4550,352.4700,352.4550,352.4700
1788367230,352.4500,352.4700,352.4400,352.4400
1788367233,352.4900,352.4900,352.4900,352.4900
1788367237,352.4900,352.4900,352.4900,352.4900
1788367238,352.5100,352.5100,352.5100,352.5100
1788367239,352.4700,352.4700,352.4200,352.4200
1788367240,352.4200,352.4400,352.4000,352.4400
1788367242,352.4900,352.4900,352.4900,352.4900
1788367244,352.4600,352.4600,352.4400,352.4400
1788367246,352.4700,352.4800,352.4700,352.4800
1788367248,352.5300,352.5900,352.5300,352.5900
1788367249,352.6100,352.6100,352.6100,352.6100
1788367251,352.6100,352.6100,352.6000,352.6000
1788367253,352.5950,352.5950,352.5400,352.5400
1788367255,352.6100,352.6800,352.6100,352.6600
1788367265,352.6100,352.6100,352.5800,352.5800
1788367277,352.5500,352.6000,352.5500,352.6000
1788367279,352.6000,352.6100,352.6000,352.6100
1788367280,352.5900,352.6300,352.5900,352.6300
1788367285,352.6050,352.6050,352.6000,352.6000
1788367288,352.5600,352.5600,352.4900,352.4900
1788367289,352.4800,352.4800,352.3000,352.3450
1788367290,352.3800,352.3950,352.3800,352.3950
1788367291,352.3600,352.3900,352.3400,352.3900
1788367292,352.3900,352.4000,352.3800,352.3800
1788367294,352.3500,352.3500,352.3500,352.3500
1788367295,352.3200,352.3200,352.3100,352.3100
1788367298,352.3000,352.3000,352.2900,352.3000
1788367299,352.3400,352.3500,352.3400,352.3500
1788367300,352.3000,352.3000,352.2500,352.2800
1788367302,352.3100,352.3200,352.3100,352.3200
1788367308,352.2900,352.3000,352.2600,352.2600
1788367309,352.2400,352.2400,352.2400,352.2400
1788367310,352.2300,352.3200,352.2000,352.3200
1788367311,352.2900,352.2900,352.2900,352.2900
1788367313,352.3400,352.3400,352.2400,352.2400
1788367315,352.2900,352.2900,352.2900,352.2900
1788367317,352.2900,352.2900,352.2400,352.2400
1788367318,352.3100,352.3200,352.3100,352.3200
1788367321,352.3400,352.3600,352.3200,352.3200
1788367322,352.2600,352.2600,352.2600,352.2600
1788367324,352.2950,352.2950,352.2950,352.2950
1788367326,352.2950,352.2950,352.2900,352.2900
1788367327,352.3050,352.3050,352.2700,352.2700
1788367328,352.3000,352.3000,352.2600,352.2600
1788367329,352.2850,352.2850,352.2850,352.2850
1788367330,352.3200,352.3200,352.2800,352.2800
1788367335,352.3200,352.3200,352.3000,352.3000
1788367337,352.3400,352.3400,352.3400,352.3400
1788367338,352.3200,352.3200,352.3100,352.3100
1788367339,352.3200,352.3200,352.3200,352.3200
1788367340,352.3400,352.3400,352.3400,352.3400
1788367341,352.3800,352.4300,352.3800,352.3900
1788367343,352.4300,352.4300,352.3500,352.3500
1788367345,352.4000,352.4100,352.3800,352.3800
1788367346,352.3500,352.3600,352.3500,352.3600
1788367347,352.3500,352.3500,352.3500,352.3500
1788367348,352.3100,352.3100,352.3100,352.3100
1788367351,352.3000,352.3600,352.3000,352.3600
1788367353,352.3300,352.3300,352.3300,352.3300
1788367354,352.3200,352.3200,352.3200,352.3200
1788367355,352.3600,352.3900,352.3600,352.3900
1788367356,352.3900,352.3900,352.3900,352.3900
1788367362,352.3900,352.3900,352.3800,352.3800
1788367365,352.4500,352.4500,352.4500,352.4500
1788367371,352.4400,352.4400,352.4300,352.4300
1788367373,352.4700,352.4800,352.4700,352.4800
1788367374,352.4400,352.4400,352.4400,352.4400
1788367378,352.4500,352.4800,352.4500,352.4800
1788367379,352.4800,352.4800,352.4600,352.4600
1788367382,352.4700,352.5000,352.4700,352.5000
1788367383,352.4300,352.4500,352.4300,352.4500
1788367385,352.4800,352.5000,352.4500,352.4500
1788367387,352.5000,352.5000,352.5000,352.5000
1788367388,352.4600,352.4600,352.4600,352.4600
1788367389,352.4800,352.4800,352.4800,352.4800
1788367390,352.4400,352.4400,352.4300,352.4300
1788367393,352.4600,352.4600,352.4600,352.4600
1788367394,352.4600,352.4600,352.4600,352.4600
1788367396,352.4600,352.4900,352.4600,352.4900
1788367398,352.5000,352.5200,352.5000,352.5200
1788367399,352.5200,352.5200,352.5000,352.5000
1788367400,352.4900,352.4900,352.4900,352.4900
1788367402,352.4800,352.4800,352.4200,352.4200
1788367404,352.4500,352.4500,352.4500,352.4500
1788367406,352.4500,352.4500,352.4500,352.4500
1788367409,352.5000,352.6000,352.5000,352.5700
1788367411,352.5850,352.5850,352.5850,352.5850
1788367412,352.5600,352.5600,352.5600,352.5600
1788367415,352.5300,352.5300,352.5300,352.5300
1788367417,352.5100,352.5100,352.5000,352.5000
1788367418,352.5400,352.5400,352.5400,352.5400
1788367419,352.5500,352.6400,352.5500,352.6400
1788367420,352.5900,352.5900,352.5800,352.5800
1788367423,352.5000,352.5000,352.5000,352.5000
1788367426,352.4600,352.4600,352.4600,352.4600
1788367427,352.4800,352.5100,352.4300,352.4300
1788367430,352.5300,352.5800,352.4900,352.5800
1788367431,352.5300,352.5300,352.5000,352.5100
1788367434,352.5250,352.5250,352.5250,352.5250
1788367435,352.5250,352.5250,352.5250,352.5250
1788367436,352.5400,352.5400,352.5400,352.5400
1788367437,352.5900,352.5900,352.5900,352.5900
1788367441,352.5600,352.5600,352.5600,352.5600
1788367442,352.6300,352.6500,352.6300,352.6300
1788367445,352.5900,352.5900,352.5700,352.5700
1788367449,352.5900,352.5900,352.5900,352.5900
1788367451,352.6200,352.6200,352.6200,352.6200
1788367452,352.6350,352.6350,352.6350,352.6350
1788367455,352.6700,352.6900,352.6700,352.6900
1788367461,352.6900,352.7200,352.6900,352.7200
1788367464,352.7500,352.7500,352.7500,352.7500
1788367468,352.7600,352.8800,352.7600,352.8800
1788367472,352.7500,352.7500,352.7300,352.7300
1788367477,352.7550,352.7550,352.7550,352.7550
1788367478,352.7550,352.7550,352.7550,352.7550
1788367479,352.7550,352.7550,352.7550,352.7550
1788367483,352.7550,352.7550,352.7550,352.7550
1788367485,352.7400,352.7400,352.7000,352.7000
1788367486,352.7000,352.7300,352.7000,352.7300
1788367491,352.6900,352.6900,352.6450,352.6450
1788367492,352.6300,352.6300,352.6200,352.6200
1788367499,352.6700,352.7700,352.6700,352.7700
1788367500,352.7700,352.7700,352.7300,352.7300
1788367511,352.7400,352.7400,352.7400,352.7400
1788367512,352.7100,352.7100,352.7000,352.7000
1788367513,352.6900,352.6900,352.6700,352.6700
1788367517,352.6900,352.7300,352.6900,352.7300
1788367520,352.7200,352.7200,352.7200,352.7200
1788367521,352.7200,352.7200,352.7000,352.7000
1788367524,352.7000,352.7000,352.7000,352.7000
1788367527,352.7100,352.7200,352.7100,352.7200
1788367530,352.6900,352.6900,352.6900,352.6900
1788367531,352.7000,352.7200,352.7000,352.7200
1788367532,352.7100,352.7100,352.7100,352.7100
1788367534,352.7200,352.7400,352.7200,352.7400
1788367535,352.7600,352.7700,352.7600,352.7700
1788367536,352.7700,352.7700,352.7700,352.7700
1788367537,352.7900,352.9100,352.7800,352.9100
1788367539,352.8900,352.8900,352.8800,352.8800
1788367541,352.8900,352.9000,352.8700,352.8700
1788367542,352.8700,352.8700,352.8700,352.8700
1788367543,352.8300,352.8300,352.8150,352.8150
1788367547,352.7800,352.7800,352.7800,352.7800
1788367550,352.7500,352.7500,352.7500,352.7500
1788367551,352.7500,352.7500,352.7500,352.7500
1788367555,352.7500,352.7500,352.7500,352.7500
1788367557,352.7700,352.7700,352.7700,352.7700
1788367559,352.7800,352.7900,352.7400,352.7400
1788367560,352.7600,352.7600,352.7600,352.7600
1788367561,352.7400,352.7400,352.7300,352.7300
1788367563,352.7600,352.7700,352.7600,352.7700
1788367565,352.7650,352.7650,352.7650,352.7650
1788367568,352.7700,352.8300,352.7700,352.8300
1788367569,352.8300,352.8500,352.8300,352.8500
1788367573,352.8400,352.8700,352.8400,352.8700
1788367575,352.8400,352.8700,352.8400,352.8700
1788367576,352.8400,352.8400,352.8300,352.8300
1788367577,352.8200,352.8500,352.8200,352.8500
1788367582,352.8400,352.8400,352.8400,352.8400
1788367586,352.8400,352.8400,352.8400,352.8400
1788367589,352.8300,352.8300,352.8200,352.8200
1788367593,352.8100,352.8100,352.7900,352.7900
1788367595,352.8200,352.8800,352.8200,352.8800
1788367599,352.8400,352.8400,352.8400,352.8400
1788367601,352.8700,352.8800,352.8700,352.8800
1788367602,352.8900,352.9000,352.8900,352.9000
1788367603,352.9100,352.9400,352.9100,352.9400
1788367604,352.9500,352.9600,352.9100,352.9100
1788367605,352.9300,352.9300,352.9300,352.9300
1788367609,352.8900,352.8900,352.8700,352.8700
1788367612,352.9000,352.9100,352.9000,352.9100
1788367617,352.9600,353.0600,352.9600,353.0500
1788367618,353.0650,353.0650,353.0300,353.0600
1788367623,353.0800,353.0800,353.0800,353.0800
1788367624,353.0600,353.0600,353.0300,353.0300
1788367625,353.0300,353.0600,353.0300,353.0600
1788367626,353.0300,353.0300,353.0100,353.0200
1788367630,353.0100,353.0100,353.0100,353.0100
1788367632,353.0000,353.0200,352.9900,352.9900
1788367633,352.9900,352.9900,352.9900,352.9900
1788367635,353.0100,353.0100,353.0100,353.0100
1788367636,353.0400,353.0500,353.0400,353.0500
1788367637,353.0600,353.1000,353.0500,353.0500
1788367642,353.0600,353.0600,353.0600,353.0600
1788367643,353.0700,353.0700,353.0400,353.0400
1788367646,353.0000,353.0000,352.9700,352.9700
1788367651,352.9600,352.9600,352.9600,352.9600
1788367653,352.9400,352.9700,352.9400,352.9700
1788367655,352.8900,352.8900,352.8600,352.8600
1788367656,352.8000,352.8000,352.7900,352.7900
1788367657,352.8100,352.8100,352.8000,352.8050
1788367658,352.8300,352.8300,352.8300,352.8300
1788367659,352.8700,352.8950,352.8700,352.8950
1788367665,352.8700,352.8700,352.8100,352.8200
1788367668,352.8500,352.8500,352.8500,352.8500
1788367676,352.9000,352.9500,352.9000,352.9500
1788367677,352.9800,353.1700,352.9800,353.1700
1788367678,353.1600,353.1600,353.0600,353.0600
1788367680,353.1800,353.2000,353.1400,353.2000
1788367681,353.1600,353.1600,353.1500,353.1500
1788367684,353.1300,353.1300,353.1300,353.1300
1788367685,353.1150,353.1700,353.1150,353.1700
1788367686,353.2000,353.2000,353.1800,353.1800
1788367687,353.2100,353.2300,353.2100,353.2300
1788367688,353.1900,353.1900,353.1700,353.1700
1788367690,353.2500,353.2700,353.2500,353.2700
1788367692,353.2300,353.2300,353.2200,353.2200
1788367693,353.2550,353.2550,353.2500,353.2550
1788367697,353.2600,353.2600,353.2500,353.2500
1788367698,353.2550,353.2550,353.2300,353.2300
1788367701,353.2800,353.3000,353.2800,353.3000
1788367702,353.3100,353.3100,353.3000,353.3000
1788367705,353.3400,353.3700,353.3400,353.3600
1788367708,353.3600,353.4400,353.3600,353.4300
1788367710,353.3800,353.3800,353.3500,353.3500
1788367711,353.3900,353.4400,353.3900,353.4400
1788367712,353.4000,353.4000,353.4000,353.4000
1788367713,353.3400,353.3600,353.3300,353.3600
1788367715,353.3200,353.3200,353.3200,353.3200
1788367717,353.3200,353.3200,353.3200,353.3200
1788367718,353.3600,353.3900,353.3600,353.3800
1788367719,353.3900,353.3900,353.3800,353.3800
1788367720,353.4000,353.4300,353.4000,353.4100
1788367723,353.3700,353.3700,353.3700,353.3700
1788367726,353.4600,353.4700,353.4600,353.4700
1788367727,353.4800,353.5000,353.4800,353.5000
1788367728,353.5000,353.5050,353.4600,353.4600
1788367734,353.4400,353.4400,353.4400,353.4400
1788367735,353.4350,353.4350,353.4350,353.4350
1788367736,353.4400,353.4800,353.4400,353.4800
1788367738,353.4700,353.4700,353.4700,353.4700
1788367739,353.4600,353.4750,353.4600,353.4750
1788367742,353.4600,353.4600,353.4500,353.4500
1788367751,353.4400,353.4400,353.4300,353.4300
1788367753,353.4100,353.4100,353.1100,353.1800
1788367755,353.1200,353.1200,353.1100,353.1100
1788367757,353.1250,353.1250,353.1250,353.1250
1788367759,353.1600,353.1600,353.1600,353.1600
1788367760,353.1800,353.1900,353.1800,353.1900
1788367761,353.2500,353.2500,353.2500,353.2500
1788367765,353.2900,353.3000,353.2700,353.2700
1788367769,353.2700,353.2700,353.2600,353.2600
1788367770,353.3000,353.3100,353.3000,353.3100
1788367772,353.3400,353.3400,353.3400,353.3400
1788367776,353.4500,353.4500,353.4500,353.4500
1788367777,353.5000,353.5600,353.5000,353.5600
1788367778,353.5800,353.6100,353.5800,353.5800
1788367779,353.5400,353.5400,353.5400,353.5400
1788367780,353.6200,353.6250,353.6200,353.6250
1788367782,353.6600,353.6900,353.6500,353.6500
1788367784,353.6500,353.6500,353.6000,353.6000
1788367786,353.5350,353.5350,353.4900,353.4900
1788367788,353.5700,353.5900,353.5200,353.5200
1788367792,353.4700,353.4700,353.4700,353.4700
1788367793,353.5300,353.5300,353.5300,353.5300
1788367794,353.5300,353.5400,353.4900,353.4900
1788367796,353.5900,353.5900,353.5900,353.5900
1788367798,353.5500,353.5500,353.5500,353.5500
1788367808,353.5500,353.5500,353.5500,353.5500
1788367810,353.5700,353.6200,353.5700,353.6150
1788367811,353.6200,353.6200,353.6200,353.6200
1788367812,353.6400,353.6400,353.6400,353.6400
1788367814,353.6550,353.6550,353.6550,353.6550
1788367815,353.6800,353.7000,353.6800,353.7000
1788367816,353.7000,353.7700,353.7000,353.7300
1788367818,353.7500,353.7500,353.7500,353.7500
1788367819,353.7800,353.8000,353.7800,353.7800
1788367821,353.7500,353.7500,353.7400,353.7400
1788367822,353.7400,353.7400,353.7300,353.7300
1788367824,353.7300,353.7300,353.6600,353.6600
1788367827,353.6400,353.6400,353.6000,353.6000
1788367830,353.6500,353.6500,353.6400,353.6500
1788367833,353.6700,353.6700,353.6500,353.6500
1788367835,353.6700,353.6700,353.5600,353.5600
1788367837,353.5400,353.5400,353.5400,353.5400
1788367838,353.5400,353.5400,353.5400,353.5400
1788367840,353.6050,353.6050,353.6050,353.6050
1788367841,353.5800,353.5800,353.5800,353.5800
1788367843,353.5700,353.5700,353.5700,353.5700
1788367846,353.5700,353.5700,353.5600,353.5600
1788367847,353.5400,353.5400,353.5100,353.5100
1788367855,353.5600,353.5600,353.5600,353.5600
1788367857,353.5200,353.5400,353.5200,353.5300
1788367858,353.5500,353.5500,353.5500,353.5500
1788367859,353.5000,353.5000,353.4800,353.4800
1788367860,353.4800,353.4800,353.4800,353.4800
1788367861,353.5150,353.5150,353.5050,353.5050
1788367863,353.5600,353.5600,353.5600,353.5600
1788367866,353.5200,353.5200,353.5200,353.5200
1788367867,353.6200,353.6200,353.5700,353.5700
1788367870,353.5800,353.5800,353.5800,353.5800
1788367872,353.5900,353.6500,353.5800,353.6500
1788367873,353.7100,353.7200,353.7000,353.7000
1788367874,353.6900,353.6900,353.6900,353.6900
1788367875,353.6900,353.6900,353.6900,353.6900
1788367877,353.6800,353.6800,353.6700,353.6700
1788367879,353.6800,353.6800,353.6600,353.6600
1788367882,353.6500,353.6500,353.6500,353.6500
1788367884,353.6750,353.6750,353.6750,353.6750
1788367886,353.6700,353.6700,353.6700,353.6700
1788367889,353.7200,353.8000,353.7200,353.8000
1788367890,353.8600,353.8600,353.8400,353.8400
1788367891,353.8800,353.9300,353.8800,353.9200
1788367892,353.9000,353.9300,353.8300,353.8300
1788367893,353.8900,353.9100,353.8900,353.9100
1788367894,353.9000,353.9000,353.9000,353.9000
1788367896,353.8700,353.8700,353.8700,353.8700
1788367898,353.9100,353.9200,353.9100,353.9200
1788367902,353.8800,353.8800,353.8800,353.8800
1788367903,353.8400,353.8400,353.8300,353.8300
1788367904,353.8200,353.8200,353.7800,353.7800
1788367909,353.8300,353.8300,353.8300,353.8300
1788367913,353.8350,353.8350,353.8350,353.8350
1788367916,353.8200,353.8200,353.8200,353.8200
1788367918,353.8500,353.8500,353.8500,353.8500
1788367921,353.8900,353.9000,353.8900,353.9000
1788367922,353.9500,354.0600,353.9500,354.0500
1788367923,354.0550,354.0550,354.0400,354.0400
1788367926,354.0200,354.0200,354.0200,354.0200
1788367927,354.0300,354.0300,354.0300,354.0300
1788367929,354.0400,354.0400,354.0400,354.0400
1788367930,353.9900,353.9900,353.9900,353.9900
1788367931,353.9600,353.9600,353.9300,353.9300
1788367938,353.9100,353.9200,353.8900,353.9200
1788367941,353.9100,353.9100,353.9000,353.9100
1788367945,353.9300,354.0500,353.9300,354.0500
1788367946,354.1000,354.1300,354.1000,354.1100
1788367947,354.1400,354.1500,354.1400,354.1500
1788367948,354.2000,354.2000,354.2000,354.2000
1788367949,354.1400,354.1400,354.1400,354.1400
1788367951,354.1300,354.1300,354.1300,354.1300
1788367955,354.1000,354.1000,354.0900,354.0900
1788367958,354.1700,354.1700,354.1700,354.1700
1788367960,354.2000,354.2000,354.1600,354.1600
1788367962,354.1500,354.1500,354.1200,354.1200
1788367963,354.1000,354.1000,354.1000,354.1000
1788367964,354.1600,354.1600,354.1600,354.1600
1788367970,354.1350,354.1600,354.1350,354.1600
1788367971,354.1000,354.1000,354.0900,354.0900
1788367972,354.1050,354.1050,354.1050,354.1050
1788367974,354.0800,354.0800,354.0600,354.0750
1788367975,354.0700,354.0700,354.0400,354.0400
1788367976,354.0300,354.0300,354.0100,354.0300
1788367978,354.0100,354.0100,354.0000,354.0000
1788367982,353.9900,353.9900,353.9900,353.9900
1788367985,354.0400,354.0450,354.0400,354.0450
1788367989,354.0000,354.0000,354.0000,354.0000
1788367991,354.0450,354.1000,354.0450,354.1000
1788367994,354.1100,354.1100,354.1100,354.1100
1788367995,354.1300,354.1300,354.1300,354.1300
1788367999,354.1600,354.2000,354.1600,354.2000
1788368000,354.2000,354.2300,354.2000,354.2300
1788368001,354.2500,354.2500,354.2500,354.2500
1788368002,354.2800,354.2800,354.2800,354.2800
1788368004,354.3000,354.3300,354.3000,354.3300
1788368005,354.3400,354.3700,354.3400,354.3700
1788368006,354.3400,354.3400,354.3400,354.3400
1788368007,354.3400,354.3400,354.3400,354.3400
1788368008,354.3100,354.3700,354.3100,354.3700
1788368011,354.3200,354.3200,354.2600,354.2900
1788368013,354.2950,354.3000,354.2950,354.3000
1788368016,354.3300,354.3300,354.3300,354.3300
1788368023,354.3350,354.3350,354.3350,354.3350
1788368024,354.3350,354.3350,354.3350,354.3350
1788368027,354.3700,354.3900,354.3700,354.3900
1788368028,354.3900,354.4000,354.3900,354.4000
1788368029,354.4000,354.4200,354.4000,354.4200
1788368030,354.4300,354.4400,354.4300,354.4400
1788368031,354.4400,354.4500,354.4200,354.4400
1788368032,354.4500,354.4600,354.4100,354.4100
1788368034,354.3800,354.3800,354.3800,354.3800
1788368035,354.4100,354.4600,354.4100,354.4600
1788368036,354.4150,354.4150,354.4150,354.4150
1788368038,354.4600,354.4600,354.4600,354.4600
1788368039,354.4200,354.4250,354.3900,354.4250
1788368042,354.4100,354.4100,354.4100,354.4100
1788368043,354.3700,354.3900,354.3700,354.3900
1788368044,354.4200,354.4300,354.4200,354.4300
1788368045,354.4500,354.5200,354.4500,354.4900
1788368046,354.5400,354.5700,354.5400,354.5700
1788368047,354.5400,354.5400,354.5000,354.5000
1788368048,354.4300,354.4300,354.4200,354.4200
1788368051,354.4100,354.4100,354.3500,354.3800
1788368056,354.4200,354.4300,354.4200,354.4300
1788368057,354.4400,354.4400,354.4400,354.4400
1788368058,354.4400,354.4400,354.4400,354.4400
1788368060,354.4400,354.4500,354.4400,354.4500
1788368061,354.4500,354.4500,354.4500,354.4500
1788368064,354.4700,354.4700,354.4700,354.4700
1788368066,354.4650,354.4650,354.4300,354.4500
1788368067,354.4500,354.4500,354.4100,354.4100
1788368068,354.3600,354.3600,354.3600,354.3600
1788368069,354.3500,354.3500,354.3500,354.3500
1788368070,354.3200,354.3200,354.3000,354.3100
1788368072,354.3100,354.3100,354.3100,354.3100
1788368074,354.3600,354.3700,354.3300,354.3700
1788368075,354.3800,354.4100,354.3800,354.4000
1788368077,354.4500,354.4600,354.4500,354.4600
1788368078,354.4550,354.4550,354.4550,354.4550
1788368079,354.4100,354.4100,354.4100,354.4100
1788368080,354.3900,354.3900,354.2400,354.3200
1788368081,354.3300,354.3300,354.3300,354.3300
1788368082,354.3700,354.3800,354.3700,354.3800
1788368085,354.4000,354.4000,354.4000,354.4000
1788368094,354.4300,354.4300,354.4300,354.4300
1788368095,354.4200,354.4400,354.4000,354.4400
1788368096,354.4400,354.4600,354.4400,354.4500
1788368097,354.4200,354.4200,354.4200,354.4200
1788368099,354.3600,354.3800,354.3450,354.3800
1788368100,354.2800,354.2800,354.2800,354.2800
1788368104,354.3500,354.4000,354.3400,354.4000
1788368107,354.4000,354.4000,354.4000,354.4000
1788368109,354.4000,354.4200,354.4000,354.4200
1788368110,354.4700,354.4700,354.4700,354.4700
1788368112,354.4600,354.4600,354.4600,354.4600
1788368114,354.4100,354.4100,354.4000,354.4000
1788368118,354.3900,354.4400,354.3900,354.4400
1788368120,354.4500,354.4800,354.4500,354.4800
1788368121,354.4800,354.4800,354.4800,354.4800
1788368122,354.5000,354.5100,354.4900,354.4900
1788368123,354.4600,354.4750,354.4600,354.4750
1788368125,354.4900,354.5000,354.4700,354.4700
1788368126,354.4600,354.4600,354.4600,354.4600
1788368130,354.4800,354.4800,354.4800,354.4800
1788368132,354.5000,354.5200,354.5000,354.5200
1788368133,354.5100,354.5100,354.5000,354.5000
1788368137,354.5400,354.5500,354.5400,354.5500
1788368138,354.5000,354.5000,354.5000,354.5000
1788368147,354.5300,354.6000,354.5300,354.5900
1788368151,354.6100,354.6300,354.6100,354.6300
1788368154,354.6300,354.6300,354.5800,354.6000
1788368155,354.6100,354.6400,354.6100,354.6400
1788368157,354.6400,354.6400,354.6000,354.6000
1788368158,354.6200,354.6300,354.6200,354.6300
1788368160,354.5700,354.6500,354.5700,354.6300
1788368161,354.6300,354.6300,354.6300,354.6300
1788368163,354.6150,354.6150,354.5900,354.5900
1788368164,354.5700,354.5700,354.5600,354.5600
1788368166,354.5700,354.6000,354.5700,354.6000
1788368168,354.6000,354.6400,354.5900,354.6200
1788368170,354.6400,354.6600,354.6400,354.6600
1788368171,354.6700,354.6900,354.6700,354.6900
1788368172,354.6900,354.7300,354.6900,354.7200
1788368173,354.7100,354.7200,354.7100,354.7200
1788368174,354.7200,354.7300,354.7200,354.7300
1788368176,354.6700,354.7000,354.6700,354.7000
1788368179,354.7100,354.7300,354.7100,354.7300
1788368180,354.7200,354.7200,354.7200,354.7200
1788368181,354.7300,354.8400,354.7300,354.8000
1788368185,354.8300,354.8400,354.8300,354.8400
1788368186,354.7700,354.8400,354.7700,354.8400
1788368188,354.8000,354.8000,354.7600,354.7600
1788368190,354.7800,354.8000,354.7800,354.8000
1788368192,354.8100,354.8500,354.8100,354.8500
1788368194,354.8700,354.8900,354.8650,354.8900
1788368195,354.9000,354.9000,354.8600,354.8800
1788368196,354.8600,354.8600,354.8200,354.8500
1788368200,354.8500,354.8500,354.8500,354.8500
1788368202,354.8500,354.8500,354.8500,354.8500
1788368206,354.8500,354.8700,354.8500,354.8700
1788368208,354.8700,354.8700,354.8700,354.8700
1788368209,354.8700,354.9200,354.8700,354.9200
1788368211,354.9000,354.9000,354.8800,354.8900
1788368214,354.9200,354.9300,354.9200,354.9200
1788368216,354.9100,354.9100,354.8700,354.8700
1788368217,354.9000,354.9000,354.9000,354.9000
1788368218,354.9000,354.9500,354.4300,354.4300
1788368219,354.4350,354.5200,354.4200,354.5200
1788368220,354.4100,354.4100,354.2800,354.3600
1788368224,354.3600,354.3700,354.3200,354.3500
1788368226,354.3400,354.3400,354.3100,354.3100
1788368228,354.3100,354.3400,354.3100,354.3100
1788368229,354.3300,354.3500,354.3300,354.3500
1788368230,354.3900,354.4000,354.3400,354.3400
1788368231,354.3650,354.3700,354.3650,354.3700
1788368232,354.3800,354.3800,354.3800,354.3800
1788368234,354.3800,354.3800,354.2500,354.2500
1788368235,354.2400,354.2400,354.1600,354.1600
1788368236,354.2000,354.2000,354.2000,354.2000
1788368238,354.1500,354.1500,354.1500,354.1500
1788368239,354.2000,354.2000,354.2000,354.2000
1788368240,354.2000,354.2000,354.2000,354.2000
1788368242,354.2400,354.2500,354.2400,354.2500
1788368243,354.2650,354.2650,354.2650,354.2650
1788368245,354.3000,354.3000,354.3000,354.3000
1788368249,354.2800,354.2800,354.2800,354.2800
1788368254,354.2700,354.2700,354.1700,354.2100
1788368255,354.2000,354.2000,354.2000,354.2000
1788368257,354.2200,354.2200,354.2200,354.2200
1788368259,354.1700,354.1700,354.1600,354.1600
1788368260,354.2200,354.2200,354.2100,354.2100
1788368263,354.2400,354.2700,354.2400,354.2700
1788368264,354.2700,354.2700,354.2700,354.2700
1788368266,354.2100,354.2100,354.2000,354.2000
1788368267,354.1600,354.1600,354.1000,354.1000
1788368268,354.0900,354.0900,354.0900,354.0900
1788368270,354.1300,354.1400,354.1300,354.1400
1788368272,354.1200,354.1200,354.0900,354.1100
1788368273,354.0950,354.0950,354.0950,354.0950
1788368275,354.0500,354.0500,354.0000,354.0000
1788368276,354.0200,354.0400,354.0200,354.0400
1788368277,354.0500,354.0500,354.0500,354.0500
1788368278,354.0100,354.0100,354.0000,354.0000
1788368279,353.9900,353.9900,353.9750,353.9750
1788368281,353.9800,354.1400,353.9800,354.1400
1788368282,354.1350,354.1350,354.1300,354.1300
1788368283,354.1500,354.1900,354.1500,354.1500
1788368284,354.1700,354.1700,354.1000,354.1000
1788368288,354.1100,354.1300,354.1100,354.1300
1788368291,354.0800,354.0800,354.0800,354.0800
1788368292,354.0800,354.0800,354.0800,354.0800
1788368293,354.1200,354.1500,354.1200,354.1500
1788368295,354.1400,354.1400,354.1300,354.1300
1788368296,354.1350,354.1350,354.1350,354.1350
1788368299,354.1500,354.1700,354.1200,354.1200
1788368300,354.1100,354.1100,354.1100,354.1100
1788368301,354.1100,354.1100,354.0900,354.0900
1788368302,354.1100,354.1100,354.1100,354.1100
1788368304,354.1100,354.1200,354.1100,354.1200
1788368308,354.1000,354.1050,354.1000,354.1050
1788368310,354.0600,354.0800,354.0400,354.0800
1788368312,354.0800,354.0800,354.0800,354.0800
1788368315,354.0500,354.0500,354.0500,354.0500
1788368316,354.0850,354.0850,354.0850,354.0850
1788368317,354.1200,354.1800,354.1000,354.1800
1788368319,354.1600,354.1600,354.0100,354.0500
1788368320,354.0800,354.0800,354.0800,354.0800
1788368323,354.1000,354.1000,354.1000,354.1000
1788368324,354.0700,354.1100,354.0700,354.1100
1788368328,354.1100,354.1100,353.9800,354.0000
1788368332,354.0700,354.0700,354.0700,354.0700
1788368337,354.0400,354.0400,354.0150,354.0150
1788368338,354.0100,354.0100,354.0100,354.0100
1788368339,354.0000,354.0000,353.9000,353.9000
1788368342,353.9700,353.9700,353.9200,353.9300
1788368343,353.9200,353.9200,353.9200,353.9200
1788368344,353.9300,353.9400,353.9300,353.9400
1788368346,353.9800,353.9800,353.9400,353.9600
1788368348,353.9400,353.9400,353.9200,353.9200
1788368351,353.9100,353.9100,353.9000,353.9100
1788368353,353.8900,353.8900,353.8500,353.8500
1788368355,353.8800,353.9300,353.8800,353.9300
1788368356,353.9300,353.9300,353.9300,353.9300
1788368357,353.9800,353.9800,353.9800,353.9800
1788368358,353.9900,354.0200,353.9900,354.0100
1788368362,353.9600,353.9600,353.9300,353.9300
1788368364,353.9100,353.9200,353.8800,353.9100
1788368366,353.9150,353.9150,353.9150,353.9150
1788368368,353.8800,353.8800,353.8800,353.8800
1788368370,353.9300,353.9300,353.9300,353.9300
1788368371,353.9000,353.9000,353.9000,353.9000
1788368374,353.9000,353.9000,353.8400,353.8400
1788368376,353.8100,353.8100,353.8100,353.8100
1788368377,353.8200,353.8200,353.8200,353.8200
1788368380,353.8000,353.8000,353.7700,353.7800
1788368381,353.7500,353.7600,353.7500,353.7600
1788368383,353.7300,353.7300,353.7300,353.7300
1788368385,353.7500,353.7500,353.7500,353.7500
1788368387,353.7300,353.7300,353.7300,353.7300
1788368388,353.7500,353.8000,353.7500,353.8000
1788368389,353.8500,353.8500,353.7700,353.7700
1788368390,353.8000,353.8000,353.8000,353.8000
1788368391,353.8200,353.8200,353.8200,353.8200
1788368392,353.7900,353.8000,353.7900,353.8000
1788368393,353.8300,353.8300,353.7700,353.7700
1788368396,353.7500,353.7750,353.7500,353.7750
1788368400,353.8200,353.8200,353.8200,353.8200
1788368401,353.8650,353.8650,353.8650,353.8650
1788368402,353.8900,353.9300,353.8900,353.9300
1788368403,353.9200,353.9200,353.9200,353.9200
1788368404,353.9800,353.9800,353.9300,353.9300
1788368406,353.8700,353.8700,353.8700,353.8700
1788368408,353.8250,353.8250,353.8250,353.8250
1788368409,353.7700,353.7900,353.7000,353.7900
1788368410,353.8700,353.8700,353.8700,353.8700
1788368412,353.8700,353.8900,353.8700,353.8900
1788368413,353.9000,353.9400,353.9000,353.9400
1788368414,353.9900,353.9900,353.9900,353.9900
1788368416,354.0200,354.0500,354.0200,354.0500
1788368417,354.0900,354.1000,354.0900,354.1000
1788368418,354.1000,354.1000,354.1000,354.1000
1788368420,354.1300,354.1500,354.1300,354.1500
1788368422,354.1000,354.1400,354.0400,354.0400
1788368424,354.1500,354.1700,354.1500,354.1700
1788368425,354.1700,354.2000,354.1600,354.1600
1788368426,354.1650,354.1650,354.1650,354.1650
1788368428,354.1400,354.1400,354.1400,354.1400
1788368429,354.1700,354.1900,354.1700,354.1900
1788368430,354.1700,354.2000,354.1700,354.2000
1788368431,354.2200,354.2200,354.2200,354.2200
1788368433,354.2300,354.2400,354.1900,354.1900
1788368436,354.2500,354.2500,354.2500,354.2500
1788368437,354.2300,354.2300,354.2300,354.2300
1788368438,354.2600,354.3100,354.2600,354.3100
1788368440,354.3100,354.3100,354.2600,354.2800
1788368441,354.2500,354.2700,354.2400,354.2700
1788368442,354.2800,354.2900,354.2700,354.2900
1788368443,354.2700,354.2700,354.2700,354.2700
1788368445,354.2700,354.2700,354.2700,354.2700
1788368447,354.2700,354.2900,354.2600,354.2900
1788368448,354.2900,354.2900,354.2900,354.2900
1788368449,354.2800,354.2800,354.2800,354.2800
1788368450,354.3000,354.3300,354.3000,354.3300
1788368451,354.3000,354.3100,354.3000,354.3100
1788368452,354.2700,354.2700,354.2200,354.2200
1788368453,354.2700,354.2700,354.2500,354.2500
1788368455,354.3000,354.3000,354.3000,354.3000
1788368456,354.3000,354.3400,354.3000,354.3400
1788368457,354.3450,354.3450,354.3000,354.3000
1788368458,354.2700,354.2700,354.2600,354.2600
1788368459,354.3100,354.3150,354.3100,354.3150
1788368460,354.2850,354.2850,354.2600,354.2600
1788368461,354.2900,354.2900,354.2900,354.2900
1788368462,354.2900,354.3000,354.2900,354.3000
1788368464,354.3100,354.3100,354.3100,354.3100
1788368465,354.3000,354.3400,354.3000,354.3400
1788368466,354.3400,354.3400,354.3400,354.3400
1788368468,354.3000,354.3000,354.2500,354.2700
1788368469,354.2700,354.2700,354.2700,354.2700
1788368471,354.2800,354.2800,354.2700,354.2700
1788368474,354.3200,354.3200,354.3200,354.3200
1788368475,354.3300,354.3500,354.2900,354.2900
1788368476,354.3500,354.3500,354.3500,354.3500
1788368480,354.3400,354.3400,354.3400,354.3400
1788368481,354.3700,354.3800,354.3500,354.3700
1788368482,354.3800,354.3900,354.3600,354.3600
1788368484,354.3700,354.3900,354.3700,354.3800
1788368485,354.3900,354.3900,354.3900,354.3900
1788368486,354.3900,354.3900,354.3900,354.3900
1788368487,354.4000,354.4000,354.3900,354.3900
1788368488,354.4000,354.4100,354.4000,354.4100
1788368489,354.4200,354.4500,354.4200,354.4500
1788368490,354.4600,354.4600,354.4400,354.4400
1788368495,354.4700,354.5500,354.4700,354.5200
1788368496,354.4900,354.4900,353.9800,354.1700
1788368498,354.1200,354.1200,354.1100,354.1100
1788368499,354.1400,354.1800,354.1400,354.1800
1788368500,354.2400,354.2500,354.2400,354.2500
1788368501,354.3000,354.3000,354.3000,354.3000
1788368503,354.2700,354.2700,354.2700,354.2700
1788368504,354.2300,354.2300,354.1400,354.1700
1788368507,354.1500,354.1600,354.1500,354.1600
1788368508,354.1400,354.1600,354.1400,354.1500
1788368511,354.2100,354.2200,354.2100,354.2200
1788368516,354.2800,354.2800,354.2800,354.2800
1788368517,354.3000,354.3000,354.3000,354.3000
1788368519,354.3300,354.3400,354.3300,354.3400
1788368520,354.3200,354.3200,354.3200,354.3200
1788368521,354.3550,354.3550,354.3200,354.3200
1788368524,354.3600,354.3600,354.3600,354.3600
1788368526,354.3500,354.3500,354.3450,354.3450
1788368527,354.3400,354.3400,354.3400,354.3400
1788368532,354.3800,354.3800,354.3500,354.3500
1788368536,354.3200,354.3200,354.2500,354.2500
1788368546,354.2700,354.2700,354.2700,354.2700
1788368548,354.3100,354.3200,354.3100,354.3200
1788368550,354.3200,354.3200,354.3200,354.3200
1788368553,354.3200,354.3200,354.3200,354.3200
1788368557,354.2950,354.2950,354.2950,354.2950
1788368561,354.3100,354.3100,354.3100,354.3100
1788368565,354.3200,354.3400,354.3200,354.3400
1788368566,354.3100,354.3100,354.2500,354.2500
1788368570,354.3000,354.3000,354.3000,354.3000
1788368577,354.3200,354.3900,354.3200,354.3600
1788368580,354.3900,354.4600,354.3900,354.4600
1788368581,354.4200,354.4300,354.3200,354.3200
1788368584,354.3200,354.3200,354.3200,354.3200
1788368587,354.3300,354.3300,354.3300,354.3300
1788368588,354.3600,354.3800,354.3600,354.3600
1788368590,354.3500,354.3500,354.1900,354.1900
1788368592,354.1500,354.1500,354.1000,354.1000
1788368593,354.1000,354.1000,354.0300,354.0800
1788368594,354.0200,354.0200,354.0000,354.0100
1788368595,353.9800,353.9800,353.9800,353.9800
1788368596,354.0100,354.0100,354.0100,354.0100
1788368597,354.0100,354.0100,354.0100,354.0100
1788368598,354.0600,354.0800,354.0600,354.0800
1788368600,354.0800,354.0800,354.0800,354.0800
1788368602,354.0400,354.0900,354.0400,354.0900
1788368604,354.0800,354.0800,354.0800,354.0800
1788368606,354.0350,354.0350,353.8900,353.8900
1788368607,353.8500,353.8500,353.7900,353.8000
1788368608,353.7950,353.8400,353.7700,353.8400
1788368609,353.8300,353.8300,353.8300,353.8300
1788368611,353.8400,353.8850,353.8400,353.8850
1788368612,353.8850,354.1500,353.8850,354.1500
1788368614,354.1900,354.1900,354.1900,354.1900
1788368615,354.2200,354.2500,354.2200,354.2300
1788368620,354.2200,354.2200,354.1800,354.1800
1788368628,354.1800,354.1800,354.1800,354.1800
1788368637,354.1400,354.1400,354.0900,354.0900
1788368640,354.0750,354.0750,354.0750,354.0750
1788368643,354.0100,354.0100,354.0000,354.0000
1788368644,354.0000,354.0000,354.0000,354.0000
1788368645,354.0300,354.0600,354.0300,354.0600
1788368646,354.0100,354.0100,353.9800,354.0100
1788368648,354.0400,354.0400,354.0400,354.0400
1788368649,354.0600,354.0800,354.0600,354.0800
1788368650,354.0900,354.0900,354.0200,354.0200
1788368652,354.1000,354.1000,354.0400,354.0400
1788368654,354.0200,354.0200,354.0100,354.0100
1788368655,354.0000,354.0000,353.8900,353.8900
1788368658,353.8700,353.9000,353.8700,353.9000
1788368659,353.9100,353.9100,353.9100,353.9100
1788368660,353.9400,353.9800,353.9400,353.9800
1788368662,353.9800,353.9800,353.9800,353.9800
1788368664,353.9750,353.9750,353.9750,353.9750
1788368669,353.9800,353.9800,353.9800,353.9800
1788368670,353.9600,353.9600,353.9600,353.9600
1788368671,353.9000,353.9000,353.8300,353.8300
1788368672,353.8100,353.8100,353.7900,353.8000
1788368673,353.8150,353.8600,353.8150,353.8600
1788368674,353.8200,353.8400,353.8200,353.8400
1788368675,353.8500,353.8500,353.8500,353.8500
1788368676,353.8500,353.8600,353.8400,353.8400
1788368681,353.8500,353.8500,353.8500,353.8500
1788368683,353.8700,353.8700,353.8700,353.8700
1788368687,353.9000,354.0300,353.9000,353.9800
1788368690,353.9900,353.9900,353.9900,353.9900
1788368691,353.9600,353.9600,353.9500,353.9600
1788368692,354.0000,354.0200,354.0000,354.0200
1788368693,354.0500,354.0800,354.0500,354.0800
1788368694,354.0700,354.0700,354.0700,354.0700
1788368695,354.0700,354.0700,354.0700,354.0700
1788368696,354.1100,354.1100,354.1100,354.1100
1788368698,354.0500,354.0500,354.0400,354.0400
1788368709,353.9300,353.9300,353.9000,353.9000
1788368710,353.8950,353.8950,353.8950,353.8950
1788368713,353.8300,353.9200,353.8200,353.9200
1788368714,353.8600,353.8600,353.8600,353.8600
1788368718,353.8900,353.8900,353.8300,353.8300
1788368723,353.8600,353.8600,353.8500,353.8600
1788368727,353.8700,353.8700,353.8700,353.8700
1788368729,353.8600,353.8600,353.8600,353.8600
1788368737,353.8400,353.8400,353.8000,353.8000
1788368738,353.8100,353.8100,353.8100,353.8100
1788368741,353.8700,353.9000,353.8700,353.9000
1788368742,353.9300,353.9600,353.9300,353.9600
1788368744,353.9900,353.9900,353.9300,353.9300
1788368745,353.9400,353.9400,353.9300,353.9400
1788368748,353.9600,353.9600,353.9600,353.9600
1788368750,353.9900,354.0000,353.9900,354.0000
1788368753,354.0550,354.0550,354.0550,354.0550
1788368760,354.0200,354.0200,353.9200,353.9600
1788368772,353.9200,353.9200,353.8300,353.8300
1788368773,353.8250,353.8400,353.8100,353.8100
1788368775,353.8700,353.9050,353.8700,353.9050
1788368776,353.8700,353.8700,353.8700,353.8700
1788368780,353.8600,353.8600,353.8600,353.8600
1788368785,353.8700,353.8700,353.8100,353.8100
1788368786,353.8000,353.8600,353.8000,353.8600
1788368800,353.8600,353.8600,353.8000,353.8000
1788368802,353.8500,353.8500,353.7800,353.7800
1788368806,353.7800,353.7800,353.7800,353.7800
1788368811,353.8800,353.8800,353.8800,353.8800
1788368812,353.9100,353.9100,353.9100,353.9100
1788368813,353.8700,353.8700,353.8500,353.8500
1788368818,353.8550,353.8550,353.8550,353.8550
1788368819,353.8000,353.8000,353.8000,353.8000
1788368820,353.7900,353.8100,353.7600,353.8100
1788368822,353.7700,353.7700,353.7300,353.7500
1788368824,353.7100,353.7100,353.6700,353.6900
1788368825,353.6700,353.6700,353.6700,353.6700
1788368827,353.6200,353.6200,353.6200,353.6200
1788368829,353.6000,353.6000,353.5900,353.5900
1788368833,353.5900,353.6200,353.5900,353.6200
1788368834,353.6200,353.6700,353.5900,353.5900
1788368835,353.5900,353.5900,353.5700,353.5700
1788368836,353.5500,353.5800,353.5200,353.5200
1788368837,353.5000,353.5300,353.4900,353.5300
1788368838,353.4800,353.4800,353.4600,353.4600
1788368839,353.5000,353.5200,353.4900,353.4900
1788368840,353.4400,353.4400,353.3100,353.3600
1788368841,353.3350,353.3700,353.3350,353.3700
1788368842,353.3300,353.3300,353.3200,353.3200
1788368843,353.3000,353.3300,353.2800,353.2800
1788368845,353.2950,353.2950,353.2950,353.2950
1788368846,353.3300,353.4500,353.3300,353.4500
1788368848,353.4400,353.4700,353.3800,353.3800
1788368850,353.3900,353.4300,353.3800,353.3800
1788368851,353.3800,353.3800,353.3800,353.3800
1788368852,353.3800,353.3800,353.3800,353.3800
1788368853,353.3500,353.3500,353.3500,353.3500
1788368857,353.3400,353.3400,353.3400,353.3400
1788368859,353.3000,353.3100,353.3000,353.3100
1788368861,353.2900,353.3000,353.2900,353.3000
1788368862,353.3200,353.3900,353.3100,353.3300
1788368866,353.4000,353.4000,353.4000,353.4000
1788368867,353.3400,353.3400,353.3400,353.3400
1788368868,353.3400,353.3400,353.3400,353.3400
1788368869,353.3300,353.3300,353.3300,353.3300
1788368870,353.3300,353.3500,353.3300,353.3500
1788368871,353.3100,353.3100,353.3050,353.3050
1788368872,353.2800,353.2800,353.2750,353.2750
1788368873,353.2900,353.2900,353.2900,353.2900
1788368875,353.3000,353.3000,353.3000,353.3000
1788368876,353.3100,353.3600,353.3100,353.3200
1788368878,353.3000,353.3000,353.3000,353.3000
1788368879,353.3000,353.3000,353.3000,353.3000
1788368887,353.3800,353.3800,353.3800,353.3800
1788368889,353.4000,353.4300,353.4000,353.4300
1788368891,353.4200,353.4200,353.4200,353.4200
1788368893,353.4200,353.4200,353.4200,353.4200
1788368895,353.4300,353.4300,353.4300,353.4300
1788368896,353.4500,353.4500,353.3000,353.3400
1788368897,353.2500,353.2500,352.9800,353.0000
1788368898,353.0300,353.0400,352.9700,352.9700
1788368899,353.0800,353.1800,353.0800,353.1700
1788368901,353.1400,353.1400,353.1400,353.1400
1788368902,353.1500,353.1700,353.1500,353.1700
1788368906,353.1300,353.1600,353.1300,353.1450
1788368907,353.1800,353.2300,353.1800,353.2300
1788368913,353.2200,353.2200,353.2200,353.2200
1788368914,353.1800,353.1800,353.1600,353.1600
1788368915,353.1600,353.1600,353.1600,353.1600
1788368916,353.1500,353.1500,353.1500,353.1500
1788368920,353.1900,353.2400,353.1900,353.2400
1788368928,353.1400,353.1400,353.1100,353.1100
1788368929,353.1100,353.1600,353.1100,353.1150
1788368932,353.1500,353.1600,353.1500,353.1600
1788368940,353.1900,353.3900,353.1900,353.3600
1788368941,353.3200,353.3200,353.3200,353.3200
1788368942,353.3100,353.3100,353.3100,353.3100
1788368946,353.3200,353.3200,353.3200,353.3200
1788368947,353.2750,353.2750,353.2700,353.2700
1788368952,353.2650,353.2650,353.2650,353.2650
1788368955,353.2100,353.3000,353.2000,353.3000
1788368957,353.2350,353.2350,353.2300,353.2300
1788368958,353.2350,353.2350,353.2100,353.2100
1788368960,353.1900,353.1900,353.1900,353.1900
1788368961,353.1600,353.1600,353.1600,353.1600
1788368963,353.1450,353.1450,353.1200,353.1200
1788368964,353.1000,353.1000,353.0800,353.0800
1788368966,353.0900,353.1300,353.0900,353.1300
1788368969,353.0900,353.1800,353.0700,353.1800
1788368970,353.1800,353.1900,353.1800,353.1900
1788368979,353.1700,353.1700,353.1650,353.1650
1788368980,353.1700,353.1700,353.1300,353.1300
1788368981,353.1650,353.1650,353.0700,353.0700
1788368983,353.1000,353.1000,353.1000,353.1000
1788368985,353.1500,353.1500,353.1500,353.1500
1788368987,353.1600,353.1600,353.1600,353.1600
1788368993,353.1700,353.2300,353.1700,353.2300
1788368994,353.2100,353.2100,353.2100,353.2100
1788368996,353.1600,353.1600,353.1500,353.1500
1788368998,353.2100,353.2100,353.2100,353.2100
1788369002,353.1700,353.1700,353.1700,353.1700
1788369004,353.1900,353.2300,353.1900,353.1900
1788369007,353.1850,353.1850,353.1850,353.1850
1788369008,353.1400,353.1400,353.0800,353.1000
1788369009,353.1200,353.1200,353.1200,353.1200
1788369010,353.1000,353.1000,353.1000,353.1000
1788369011,353.1000,353.1000,353.1000,353.1000
1788369012,353.1000,353.1000,353.1000,353.1000
1788369013,353.0700,353.0700,353.0700,353.0700
1788369015,353.0700,353.0700,353.0700,353.0700
1788369017,353.0700,353.0700,353.0700,353.0700
1788369020,353.1200,353.1600,353.1200,353.1600
1788369022,353.1400,353.1400,353.1400,353.1400
1788369024,353.1000,353.1000,353.0800,353.0800
1788369026,353.1300,353.1300,353.1300,353.1300
1788369027,353.1500,353.1500,353.1500,353.1500
1788369028,353.1350,353.1700,353.1350,353.1700
1788369032,353.1000,353.1000,353.1000,353.1000
1788369034,353.1000,353.1000,353.0700,353.0900
1788369035,353.0700,353.0700,353.0200,353.0600
1788369036,353.0200,353.0400,352.9100,353.0100
1788369038,353.0300,353.0400,353.0300,353.0400
1788369039,353.0200,353.0200,352.9800,352.9900
1788369041,353.0000,353.0000,352.9800,352.9800
1788369043,353.0000,353.0000,353.0000,353.0000
1788369046,353.0000,353.0200,352.9800,353.0000
1788369047,353.0000,353.0700,353.0000,353.0700
1788369052,353.0200,353.0200,353.0100,353.0100
1788369054,353.1100,353.1100,353.1100,353.1100
1788369055,353.0600,353.0600,353.0500,353.0500
1788369058,353.0300,353.0300,353.0000,353.0000
1788369060,353.0900,353.1000,353.0900,353.1000
1788369061,353.1500,353.1500,353.1500,353.1500
1788369062,353.1500,353.1500,353.1500,353.1500
1788369064,353.0800,353.0800,353.0700,353.0700
1788369065,353.0700,353.0700,353.0000,353.0000
1788369066,352.9900,352.9900,352.9900,352.9900
1788369067,352.9500,352.9500,352.9500,352.9500
1788369069,352.9400,353.0000,352.9200,353.0000
1788369072,352.9900,352.9900,352.9900,352.9900
1788369074,353.0100,353.0100,352.9800,352.9800
1788369075,352.9800,352.9800,352.9700,352.9700
1788369076,352.9750,352.9750,352.9750,352.9750
1788369079,352.9700,352.9750,352.9700,352.9750
1788369080,352.9600,352.9600,352.9600,352.9600
1788369084,352.9900,353.0500,352.9900,353.0500
1788369085,353.0100,353.0100,352.9900,352.9900
1788369088,353.0900,353.0900,353.0900,353.0900
1788369089,353.1100,353.1100,353.1100,353.1100
1788369090,353.0500,353.0500,353.0500,353.0500
1788369091,353.1000,353.1200,353.1000,353.1200
1788369093,353.0800,353.0800,353.0800,353.0800
1788369094,353.1100,353.1200,353.1100,353.1200
1788369095,353.1100,353.1100,353.1100,353.1100
1788369096,353.1100,353.1100,353.1100,353.1100
1788369099,353.0650,353.0700,353.0650,353.0700
1788369100,353.0400,353.0400,353.0200,353.0350
1788369104,353.0350,353.0600,353.0350,353.0600
1788369108,353.0500,353.0500,353.0500,353.0500
1788369112,353.0800,353.1600,353.0800,353.1600
1788369116,353.1300,353.1300,353.1300,353.1300
1788369117,353.1700,353.1700,353.1700,353.1700
1788369118,353.1800,353.1800,353.1700,353.1700
1788369120,353.1900,353.2200,353.1900,353.2200
1788369121,353.2000,353.2000,353.1700,353.1700
1788369124,353.1700,353.1700,353.1700,353.1700
1788369125,353.1400,353.1400,353.1400,353.1400
1788369131,353.0600,353.0600,353.0600,353.0600
1788369132,353.0500,353.0650,353.0200,353.0200
1788369135,353.0000,353.0000,352.9900,352.9900
1788369138,353.0000,353.0000,353.0000,353.0000
1788369139,353.0200,353.0300,352.9700,352.9700
1788369140,353.0600,353.0800,353.0400,353.0400
1788369143,353.0200,353.0200,353.0000,353.0000
1788369146,353.0500,353.0500,353.0500,353.0500
1788369148,353.0700,353.1200,353.0700,353.1200
1788369154,353.0400,353.0400,353.0300,353.0300
1788369155,353.1100,353.1100,353.1000,353.1000
1788369160,353.2000,353.2000,353.2000,353.2000
1788369161,353.1900,353.1900,353.1900,353.1900
1788369169,353.2000,353.2000,353.2000,353.2000
1788369172,353.1200,353.1300,353.1100,353.1300
1788369175,353.1500,353.1500,353.1500,353.1500
1788369176,353.1900,353.2300,353.1900,353.2300
1788369178,353.1900,353.1900,353.1900,353.1900
1788369179,353.1600,353.1600,353.1600,353.1600
1788369180,353.1500,353.1500,353.1500,353.1500
1788369182,353.1400,353.1400,353.1300,353.1300
1788369185,353.1600,353.1700,353.1600,353.1700
1788369186,353.1400,353.1400,353.1300,353.1300
1788369190,353.1000,353.1000,353.1000,353.1000
1788369191,353.0900,353.0900,353.0900,353.0900
1788369193,353.1300,353.1400,353.1300,353.1400
1788369195,353.1200,353.1400,353.1200,353.1400
1788369198,353.0900,353.0900,353.0700,353.0700
1788369199,353.1000,353.1300,353.1000,353.1100
1788369200,353.1400,353.1400,353.1400,353.1400
1788369203,353.1600,353.2000,353.1600,353.2000
1788369204,353.1700,353.1800,353.1600,353.1600
1788369218,353.1500,353.1600,353.1500,353.1500
1788369219,353.1300,353.1300,353.1300,353.1300
1788369220,353.1700,353.1700,353.1700,353.1700
1788369221,353.1800,353.1800,353.1800,353.1800
1788369222,353.1800,353.1800,353.1800,353.1800
1788369226,353.2000,353.2000,353.2000,353.2000
1788369227,353.1600,353.1600,353.1600,353.1600
1788369233,353.2200,353.2200,353.2200,353.2200
1788369235,353.1900,353.1900,353.1800,353.1800
1788369243,353.1800,353.1800,353.0900,353.0900
1788369250,353.1200,353.1200,353.1200,353.1200
1788369251,353.1000,353.1000,353.0500,353.0800
1788369256,353.0500,353.0500,353.0400,353.0400
1788369258,353.0600,353.0600,353.0600,353.0600
1788369259,353.0900,353.1000,353.0900,353.1000
1788369260,353.1600,353.1800,353.1600,353.1800
1788369261,353.1800,353.2000,353.1800,353.2000
1788369262,353.2400,353.2400,353.2300,353.2300
1788369263,353.2000,353.2000,353.1800,353.1800
1788369268,353.1600,353.1600,353.1600,353.1600
1788369270,353.1300,353.1300,353.1300,353.1300
1788369272,353.1000,353.1000,353.1000,353.1000
1788369273,353.1400,353.1500,353.1400,353.1500
1788369275,353.1300,353.1300,353.1200,353.1200
1788369279,353.1450,353.1700,353.1450,353.1700
1788369280,353.1200,353.1200,353.1100,353.1100
1788369283,353.1450,353.1600,353.1450,353.1600
1788369288,353.1100,353.1100,353.1100,353.1100
1788369290,353.1450,353.1450,353.1450,353.1450
1788369293,353.1900,353.2100,353.1900,353.2100
1788369295,353.2000,353.2000,353.2000,353.2000
1788369298,353.1500,353.1500,353.1500,353.1500
1788369301,353.2100,353.2100,353.2100,353.2100
1788369303,353.2100,353.2400,353.2100,353.2400
1788369306,353.2500,353.2600,353.2500,353.2600
1788369308,353.2100,353.2100,353.2100,353.2100
1788369309,353.2200,353.2200,353.2200,353.2200
1788369317,353.2000,353.2000,353.1800,353.1800
1788369318,353.1600,353.1800,353.1600,353.1800
1788369322,353.1500,353.1600,353.1200,353.1600
1788369325,353.1600,353.1600,353.1600,353.1600
1788369328,353.1200,353.1200,353.1200,353.1200
1788369329,353.1000,353.1300,353.1000,353.1300
1788369330,353.1400,353.1600,353.1400,353.1600
1788369334,353.1300,353.1300,353.0900,353.0900
1788369343,353.1400,353.1400,353.1400,353.1400
1788369346,353.0700,353.0700,353.0700,353.0700
1788369352,353.1500,353.2100,353.1500,353.2100
1788369354,353.2400,353.2800,353.2400,353.2800
1788369355,353.2700,353.2700,353.2700,353.2700
1788369356,353.2600,353.2700,353.2600,353.2700
1788369357,353.2550,353.2550,353.2100,353.2150
1788369358,353.1600,353.1600,353.1600,353.1600
1788369359,353.1600,353.1600,353.1600,353.1600
1788369369,353.1100,353.1100,353.0500,353.0600
1788369376,353.0900,353.1100,353.0900,353.1100
1788369386,353.0600,353.0600,353.0600,353.0600
1788369387,353.0400,353.0400,353.0000,353.0300
1788369395,353.0100,353.0100,353.0100,353.0100
1788369396,353.0000,353.0000,352.9500,352.9500
1788369397,352.9000,352.9000,352.8700,352.8700
1788369401,352.8400,352.8400,352.7700,352.7700
1788369404,352.7600,352.7600,352.7400,352.7400
1788369405,352.7400,352.7400,352.6900,352.6900
1788369406,352.7200,352.7300,352.7200,352.7300
1788369409,352.7150,352.7450,352.6900,352.7300
1788369411,352.7300,352.7300,352.7300,352.7300
1788369414,352.7000,352.7700,352.6900,352.7700
1788369416,352.7800,352.8100,352.7800,352.8100
1788369417,352.8700,352.8700,352.8700,352.8700
1788369418,352.8800,352.8800,352.8800,352.8800
1788369419,352.8500,352.8500,352.8500,352.8500
1788369420,352.8500,352.8500,352.8100,352.8100
1788369427,352.8200,352.8200,352.8100,352.8100
1788369428,352.8900,352.9000,352.8900,352.9000
1788369429,352.8600,352.8600,352.8500,352.8500
1788369430,352.9100,352.9100,352.9100,352.9100
1788369432,352.9300,353.0900,352.9300,353.0600
1788369433,353.0400,353.0400,353.0300,353.0300
1788369434,353.0400,353.0500,353.0400,353.0500
1788369435,353.0400,353.0400,353.0400,353.0400
1788369437,352.9600,352.9600,352.9500,352.9500
1788369440,352.8200,352.8200,352.8100,352.8100
1788369442,352.8900,352.9200,352.8500,352.8500
1788369443,352.8100,352.8100,352.8000,352.8000
1788369444,352.7500,352.7500,352.7300,352.7300
1788369446,352.7300,352.7300,352.7300,352.7300
1788369447,352.7600,352.7700,352.7300,352.7300
1788369448,352.7600,352.7600,352.7600,352.7600
1788369449,352.7600,352.7600,352.7600,352.7600
1788369450,352.7600,352.7600,352.7600,352.7600
1788369453,352.7500,352.7500,352.7300,352.7500
1788369454,352.7800,352.8000,352.7800,352.8000
1788369455,352.8300,352.8500,352.8300,352.8300
1788369456,352.8150,352.8150,352.8150,352.8150
1788369457,352.8000,352.8000,352.7700,352.7700
1788369463,352.8300,352.8300,352.8300,352.8300
1788369466,352.7800,352.7800,352.7500,352.7500
1788369467,352.7500,352.7500,352.7500,352.7500
1788369472,352.7600,352.8200,352.7600,352.8200
1788369475,352.8200,352.8200,352.8000,352.8000
1788369476,352.8100,352.8500,352.7900,352.8500
1788369478,352.8000,352.8000,352.8000,352.8000
1788369480,352.8400,352.8700,352.8300,352.8300
1788369483,352.8200,352.8200,352.8200,352.8200
1788369487,352.8300,352.8700,352.8300,352.8700
1788369488,352.8900,352.8900,352.8900,352.8900
1788369494,352.8800,352.8800,352.8700,352.8800
1788369497,352.8600,352.8600,352.8300,352.8300
1788369499,352.8500,352.8500,352.8500,352.8500
1788369507,352.8500,352.8500,352.8500,352.8500
1788369508,352.8500,352.8500,352.8500,352.8500
1788369510,352.8800,352.8900,352.8800,352.8900
1788369511,352.9100,352.9100,352.9100,352.9100
1788369516,352.9200,352.9200,352.9200,352.9200
1788369517,352.9300,352.9300,352.9100,352.9100
1788369525,352.9200,352.9400,352.9200,352.9400
1788369528,352.9600,352.9600,352.9600,352.9600
1788369531,352.9500,352.9500,352.9200,352.9200
1788369532,352.8900,352.8900,352.8900,352.8900
1788369534,352.8800,352.8800,352.8000,352.8000
1788369535,352.7800,352.7800,352.7700,352.7700
1788369536,352.7700,352.7700,352.7700,352.7700
1788369540,352.8000,352.8000,352.8000,352.8000
1788369543,352.8000,352.8000,352.8000,352.8000
1788369550,352.8100,352.8300,352.8100,352.8300
1788369552,352.8400,352.8900,352.8400,352.8750
1788369553,352.8600,352.8600,352.8500,352.8500
1788369556,352.8900,352.8900,352.8900,352.8900
1788369565,352.8800,352.8800,352.8800,352.8800
1788369567,352.8800,352.8800,352.8600,352.8600
1788369569,352.8600,352.8600,352.8600,352.8600
1788369571,352.8500,352.8500,352.8100,352.8100
1788369576,352.8300,352.8800,352.8300,352.8700
1788369582,352.8300,352.8300,352.7900,352.7900
1788369586,352.8100,352.8100,352.8100,352.8100
1788369589,352.7700,352.7700,352.6600,352.6800
1788369590,352.6550,352.6700,352.6200,352.6400
1788369591,352.6550,352.6550,352.6550,352.6550
1788369593,352.6300,352.6500,352.5700,352.6100
1788369601,352.6350,352.6350,352.6100,352.6100
1788369606,352.6400,352.6400,352.6400,352.6400
1788369607,352.6550,352.6550,352.6400,352.6400
1788369608,352.6300,352.6300,352.6300,352.6300
1788369609,352.6300,352.6300,352.6300,352.6300
1788369611,352.6350,352.7000,352.5900,352.6700
1788369613,352.6800,352.6800,352.6600,352.6600
1788369616,352.6500,352.6500,352.6400,352.6400
1788369618,352.6500,352.6500,352.6500,352.6500
1788369620,352.6100,352.6300,352.6000,352.6300
1788369621,352.6300,352.6500,352.6300,352.6500
1788369622,352.6400,352.6400,352.6400,352.6400
1788369624,352.6600,352.6600,352.6600,352.6600
1788369626,352.7100,352.8100,352.7100,352.8100
1788369628,352.7800,352.7800,352.7700,352.7700
1788369629,352.7100,352.7100,352.7100,352.7100
1788369634,352.7250,352.7250,352.7250,352.7250
1788369635,352.6900,352.7200,352.6800,352.7200
1788369637,352.7600,352.7700,352.7600,352.7700
1788369638,352.8000,352.8200,352.8000,352.8200
1788369639,352.8200,352.8200,352.8200,352.8200
1788369640,352.8100,352.8100,352.8100,352.8100
1788369641,352.8400,352.9100,352.8400,352.9100
1788369643,352.8950,352.8950,352.8950,352.8950
1788369645,352.8850,352.8900,352.8850,352.8900
1788369649,352.8850,352.8850,352.8400,352.8500
1788369654,352.8200,352.8200,352.8000,352.8000
1788369655,352.7700,352.7700,352.7500,352.7500
1788369656,352.7400,352.7400,352.7300,352.7300
1788369659,352.6900,352.7200,352.6800,352.7200
1788369660,352.7400,352.7400,352.7400,352.7400
1788369661,352.7600,352.7600,352.7600,352.7600
1788369662,352.7800,352.7900,352.7800,352.7900
1788369663,352.8100,352.8200,352.8100,352.8200
1788369664,352.8500,352.8600,352.8500,352.8600
1788369665,352.8300,352.8800,352.8300,352.8800
1788369666,352.9000,352.9000,352.9000,352.9000
1788369668,352.8400,352.8500,352.8400,352.8500
1788369673,352.8600,352.8600,352.8100,352.8100
1788369677,352.8300,352.8300,352.8300,352.8300
1788369680,352.8450,352.8450,352.8450,352.8450
1788369681,352.8600,352.8600,352.8600,352.8600
1788369682,352.8700,352.8850,352.8700,352.8800
1788369684,352.8850,352.9100,352.8850,352.9000
1788369685,352.9250,352.9800,352.9250,352.9800
1788369686,352.9600,352.9600,352.9600,352.9600
1788369687,352.9200,352.9200,352.9100,352.9100
1788369691,352.9000,352.9000,352.8700,352.8700
1788369694,352.8500,352.8500,352.8200,352.8200
1788369696,352.9100,352.9300,352.9100,352.9300
1788369698,352.9800,353.0000,352.9800,353.0000
1788369699,353.0100,353.0100,352.9950,352.9950
1788369707,353.0200,353.0400,353.0200,353.0300
1788369710,352.9900,353.0000,352.9900,353.0000
1788369712,353.0300,353.0400,353.0300,353.0300
1788369713,353.0300,353.0400,353.0300,353.0400
1788369714,352.9900,352.9900,352.9800,352.9800
1788369715,353.0400,353.0400,353.0400,353.0400
1788369716,353.0500,353.0500,353.0500,353.0500
1788369717,353.0200,353.0500,353.0200,353.0200
1788369719,353.0300,353.0300,353.0300,353.0300
1788369721,353.0500,353.0700,353.0500,353.0700
1788369722,353.0800,353.1200,353.0800,353.1200
1788369724,353.1400,353.1400,353.1300,353.1300
1788369726,353.1900,353.2100,353.1900,353.2100
1788369728,353.1500,353.1500,353.1300,353.1300
1788369732,353.1300,353.1300,353.1000,353.1300
1788369733,353.1500,353.1600,353.1500,353.1600
1788369735,353.2000,353.2000,353.2000,353.2000
1788369736,353.1700,353.1700,353.1500,353.1600
1788369737,353.1300,353.1300,353.1300,353.1300
1788369738,353.0900,353.0900,353.0700,353.0700
1788369739,353.0400,353.0400,353.0400,353.0400
1788369740,353.0200,353.0200,353.0200,353.0200
1788369743,353.0100,353.0100,353.0100,353.0100
1788369746,353.0600,353.0700,353.0600,353.0700
1788369747,353.0700,353.0700,353.0400,353.0400
1788369750,353.0700,353.0800,353.0700,353.0800
1788369752,353.0300,353.0900,353.0200,353.0900
1788369759,353.0900,353.0900,353.0900,353.0900
1788369764,353.0900,353.0900,353.0900,353.0900
1788369767,353.0900,353.1000,353.0900,353.1000
1788369768,353.0700,353.0700,353.0600,353.0600
1788369776,353.0800,353.0800,353.0500,353.0500
1788369779,353.0400,353.0400,353.0400,353.0400
1788369780,353.0500,353.0600,353.0000,353.0600
1788369781,353.0600,353.0900,353.0600,353.0900
1788369783,353.0500,353.0500,353.0500,353.0500
1788369784,353.0800,353.1000,353.0800,353.1000
1788369786,353.1100,353.1200,353.1100,353.1200
1788369789,353.1200,353.1200,353.1200,353.1200
1788369791,353.1400,353.1400,353.0700,353.0700
1788369793,353.0900,353.0900,353.0900,353.0900
1788369795,353.0900,353.0900,353.0900,353.0900
1788369797,353.0750,353.0750,353.0600,353.0600
1788369806,353.0500,353.0500,353.0500,353.0500
1788369807,353.0500,353.0600,353.0500,353.0600
1788369811,353.0600,353.0600,353.0600,353.0600
1788369812,353.0600,353.0900,353.0400,353.0900
1788369813,353.0900,353.0900,353.0900,353.0900
1788369814,353.0700,353.0700,353.0700,353.0700
1788369815,353.0700,353.0700,353.0700,353.0700
1788369818,353.1000,353.2200,353.1000,353.2200
1788369819,353.2400,353.2400,353.1500,353.1500
1788369820,353.1500,353.1600,353.1500,353.1600
1788369826,353.1600,353.2000,353.1600,353.2000
1788369833,353.2500,353.2600,353.2500,353.2600
1788369834,353.2700,353.2700,353.2500,353.2500
1788369838,353.2500,353.2500,353.2500,353.2500
1788369841,353.2500,353.2500,353.2500,353.2500
1788369843,353.2500,353.2500,353.2100,353.2100
1788369844,353.2100,353.2100,353.2100,353.2100
1788369846,353.2100,353.2100,353.2100,353.2100
1788369848,353.1800,353.1800,353.1700,353.1700
1788369851,353.1500,353.1500,353.1500,353.1500
1788369853,353.1400,353.1500,353.1400,353.1500
1788369854,353.1300,353.1300,353.1200,353.1200
1788369855,353.1000,353.1000,353.0500,353.0700
1788369856,353.0650,353.0650,353.0650,353.0650
1788369860,353.0700,353.0700,353.0700,353.0700
1788369862,353.0300,353.0300,353.0300,353.0300
1788369863,353.0500,353.0500,353.0500,353.0500
1788369864,353.0500,353.0600,353.0500,353.0600
1788369866,353.0900,353.1000,353.0900,353.0950
1788369867,353.1200,353.1200,353.1200,353.1200
1788369868,353.1000,353.1000,353.0900,353.0900
1788369872,353.1000,353.1000,353.0500,353.0500
1788369876,353.0300,353.0300,353.0000,353.0300
1788369877,353.0500,353.1100,353.0500,353.1100
1788369878,353.0600,353.0600,353.0600,353.0600
1788369879,353.0800,353.0800,353.0800,353.0800
1788369887,353.0900,353.0900,353.0700,353.0700
1788369890,353.0900,353.0900,353.0900,353.0900
1788369892,353.0850,353.0850,353.0850,353.0850
1788369894,353.1000,353.1000,353.0850,353.1000
1788369896,353.0800,353.0800,353.0800,353.0800
1788369899,353.0700,353.0700,353.0600,353.0600
1788369905,353.0400,353.0400,353.0000,353.0150
1788369909,353.0300,353.0400,353.0300,353.0400
1788369910,353.0600,353.1100,353.0600,353.1100
1788369914,353.0800,353.0800,353.0800,353.0800
1788369915,353.0850,353.0850,353.0850,353.0850
1788369918,353.1000,353.1000,353.1000,353.1000
1788369922,353.1000,353.1100,353.1000,353.1100
1788369924,353.1200,353.1700,353.1200,353.1700
1788369925,353.1600,353.1600,353.1300,353.1300
1788369926,353.1300,353.1300,353.1250,353.1300
1788369927,353.1300,353.1400,353.1200,353.1300
1788369930,353.1000,353.1500,353.0900,353.1100
1788369934,353.1300,353.1300,353.1300,353.1300
1788369936,353.0900,353.0900,353.0600,353.0600
1788369945,353.1300,353.1450,353.1300,353.1450
1788369947,353.1700,353.1700,353.1700,353.1700
1788369949,353.1400,353.1400,353.1400,353.1400
1788369952,353.1000,353.1000,353.0700,353.0800
1788369957,353.0600,353.0600,353.0600,353.0600
1788369959,353.1000,353.1000,353.1000,353.1000
1788369961,353.1200,353.2500,353.1200,353.2400
1788369969,353.1600,353.1600,353.1600,353.1600
1788369974,353.2000,353.2000,353.2000,353.2000
1788369976,353.2000,353.2100,353.1100,353.1100
1788369980,353.1400,353.1400,353.1400,353.1400
1788369986,353.1100,353.1100,353.1000,353.1000
1788369987,353.1200,353.1200,353.1200,353.1200
1788369991,353.1300,353.1400,353.1300,353.1400
1788369993,353.2100,353.2600,353.2100,353.2600
1788369994,353.2800,353.3300,353.2800,353.3300
1788369998,353.3200,353.3200,353.3200,353.3200
1788370000,353.3200,353.3300,353.3000,353.3000
1788370002,353.3100,353.3100,353.3100,353.3100
1788370007,353.2950,353.3500,353.2950,353.3500
1788370009,353.3500,353.3500,353.3500,353.3500
1788370010,353.3300,353.3300,353.3100,353.3100
1788370014,353.3500,353.3500,353.3500,353.3500
1788370015,353.3700,353.3700,353.3700,353.3700
1788370016,353.3600,353.3600,353.3600,353.3600
1788370020,353.3700,353.3900,353.3700,353.3900
1788370021,353.4000,353.4100,353.3700,353.3700
1788370025,353.3700,353.3700,353.3700,353.3700
1788370026,353.3850,353.3850,353.3850,353.3850
1788370028,353.3900,353.3900,353.3900,353.3900
1788370029,353.3900,353.3900,353.3900,353.3900
1788370030,353.3600,353.3600,353.3500,353.3500
1788370031,353.3400,353.3500,353.3400,353.3500
1788370032,353.3600,353.3800,353.3500,353.3800
1788370033,353.3800,353.3800,353.3000,353.3000
1788370034,353.3100,353.3100,353.3100,353.3100
1788370039,353.2900,353.2900,353.2900,353.2900
1788370040,353.3300,353.3300,353.3300,353.3300
1788370043,353.3200,353.3200,353.3200,353.3200
1788370045,353.2900,353.2900,353.2800,353.2800
1788370049,353.2900,353.2900,353.2900,353.2900
1788370054,353.3300,353.3300,353.3300,353.3300
1788370056,353.3300,353.3300,353.3300,353.3300
1788370059,353.3300,353.3300,353.3300,353.3300
1788370066,353.3300,353.3300,353.3100,353.3100
1788370067,353.3150,353.3150,353.3150,353.3150
1788370068,353.3200,353.3200,353.3100,353.3200
1788370069,353.3300,353.3300,353.3300,353.3300
1788370070,353.3400,353.3400,353.3400,353.3400
1788370071,353.3600,353.3800,353.3600,353.3700
1788370074,353.3300,353.3300,353.3300,353.3300
1788370076,353.3400,353.3400,353.3400,353.3400
1788370079,353.3000,353.3200,353.3000,353.3200
1788370085,353.3500,353.3600,353.3500,353.3600
1788370086,353.3600,353.3600,353.3600,353.3600
1788370088,353.3900,353.3900,353.3900,353.3900
1788370089,353.3750,353.3900,353.3550,353.3600
1788370091,353.3500,353.3500,353.3200,353.3200
1788370097,353.3450,353.4300,353.3450,353.4100
1788370098,353.3900,353.3900,353.3800,353.3800
1788370099,353.3800,353.3800,353.3750,353.3750
1788370103,353.3900,353.3900,353.3700,353.3700
1788370106,353.3900,353.3900,353.3900,353.3900
1788370108,353.4200,353.4200,353.4200,353.4200
1788370110,353.4200,353.4500,353.4200,353.4200
1788370112,353.4600,353.4700,353.4600,353.4700
1788370114,353.4500,353.4500,353.4400,353.4500
1788370116,353.4500,353.4900,353.4500,353.4700
1788370117,353.4700,353.4700,353.4700,353.4700
1788370118,353.4700,353.4700,353.4300,353.4300
1788370119,353.4350,353.4800,353.4350,353.4800
1788370120,353.4900,353.6300,353.4900,353.6300
1788370121,353.6400,353.6400,353.6400,353.6400
1788370122,353.6050,353.6050,353.6050,353.6050
1788370125,353.6400,353.6400,353.6400,353.6400
1788370126,353.6600,353.6600,353.6100,353.6500
1788370127,353.6300,353.6300,353.6300,353.6300
1788370130,353.5800,353.5800,353.5800,353.5800
1788370133,353.5950,353.5950,353.5950,353.5950
1788370134,353.5950,353.5950,353.5950,353.5950
1788370137,353.5950,353.6200,353.5950,353.6200
1788370138,353.6300,353.6300,353.6300,353.6300
1788370139,353.6100,353.6100,353.6100,353.6100
1788370140,353.6300,353.6500,353.6300,353.6400
1788370143,353.6100,353.6100,353.6000,353.6000
1788370146,353.5900,353.5900,353.5900,353.5900
1788370152,353.6050,353.6050,353.6050,353.6050
1788370155,353.6000,353.6000,353.6000,353.6000
1788370156,353.6000,353.6000,353.6000,353.6000
1788370157,353.5900,353.5900,353.5800,353.5800
1788370158,353.5900,353.6000,353.5900,353.6000
1788370159,353.6100,353.6900,353.6100,353.6900
1788370160,353.7000,353.7300,353.6600,353.7300
1788370164,353.7500,353.7600,353.7500,353.7600
1788370165,353.7700,353.7900,353.7700,353.7900
1788370168,353.7700,353.7700,353.7500,353.7500
1788370172,353.7400,353.7400,353.7400,353.7400
1788370175,353.7300,353.7300,353.7300,353.7300
1788370178,353.6900,353.6900,353.6400,353.6400
1788370180,353.6700,353.6700,353.6700,353.6700
1788370181,353.6800,353.7000,353.6800,353.7000
1788370191,353.6750,353.6750,353.6750,353.6750
1788370196,353.6700,353.6700,353.6700,353.6700
1788370199,353.6900,353.6900,353.6900,353.6900
1788370201,353.6500,353.6500,353.6500,353.6500
1788370206,353.6700,353.7000,353.6600,353.7000
1788370207,353.7400,353.7500,353.7400,353.7500
1788370209,353.7600,353.7600,353.7600,353.7600
1788370210,353.7800,353.7900,353.7700,353.7900
1788370224,353.7500,353.7500,353.7400,353.7400
1788370227,353.7200,353.7200,353.7200,353.7200
1788370231,353.7200,353.7200,353.7200,353.7200
1788370235,353.7150,353.7150,353.6800,353.6800
1788370236,353.6950,353.6950,353.6950,353.6950
1788370239,353.7000,353.7000,353.7000,353.7000
1788370244,353.7000,353.7000,353.6500,353.6900
1788370245,353.7400,353.7700,353.7400,353.7700
1788370246,353.7800,353.7800,353.7800,353.7800
1788370248,353.8000,353.8800,353.8000,353.8700
1788370251,353.8800,353.8800,353.8800,353.8800
1788370252,353.8100,353.8100,353.8100,353.8100
1788370254,353.8000,353.8000,353.8000,353.8000
1788370255,353.7800,353.7800,353.7300,353.7300
1788370258,353.6900,353.6900,353.6800,353.6800
1788370259,353.6550,353.6550,353.6550,353.6550
1788370260,353.6550,353.7000,353.6550,353.7000
1788370262,353.6400,353.6400,353.6300,353.6400
1788370263,353.6500,353.6500,353.6500,353.6500
1788370264,353.6900,353.7100,353.6900,353.7100
1788370266,353.7000,353.7000,353.5200,353.5200
1788370269,353.5100,353.5100,353.5100,353.5100
1788370271,353.5100,353.5100,353.4800,353.4800
1788370276,353.5100,353.5100,353.5000,353.5000
1788370279,353.5200,353.5300,353.5200,353.5300
1788370281,353.5400,353.5400,353.5400,353.5400
1788370282,353.5300,353.5500,353.5000,353.5200
1788370283,353.5100,353.5100,353.5100,353.5100
1788370288,353.4800,353.4800,353.4200,353.4200
1788370289,353.4200,353.4200,353.4000,353.4000
1788370290,353.3900,353.3900,353.3900,353.3900
1788370292,353.3800,353.3800,353.3700,353.3700
1788370293,353.3800,353.3800,353.3800,353.3800
1788370294,353.3900,353.4300,353.3900,353.3900
1788370296,353.4400,353.4400,353.4400,353.4400
1788370300,353.4600,353.4600,353.4600,353.4600
1788370303,353.4900,353.5500,353.4900,353.5500
1788370316,353.5600,353.5700,353.5600,353.5700
1788370317,353.5800,353.5800,353.5800,353.5800
1788370326,353.5800,353.6200,353.5800,353.6200
1788370338,353.6200,353.6300,353.6200,353.6300
1788370341,353.6200,353.6250,353.6200,353.6250
1788370342,353.6200,353.6200,353.6200,353.6200
1788370343,353.6000,353.6000,353.4800,353.4800
1788370344,353.5100,353.5100,353.5100,353.5100
1788370347,353.5300,353.5500,353.5300,353.5500
1788370350,353.5750,353.5750,353.5750,353.5750
1788370351,353.5500,353.5500,353.5500,353.5500
1788370356,353.5300,353.5300,353.5100,353.5100
1788370359,353.5000,353.5000,353.4900,353.5000
1788370360,353.5200,353.5300,353.5200,353.5300
1788370366,353.5000,353.5000,353.4500,353.4800
1788370367,353.4900,353.8300,353.4900,353.8300
1788370369,353.8500,353.9500,353.8100,353.8100
1788370370,353.8400,353.8400,353.8400,353.8400
1788370371,353.8350,353.8350,353.8350,353.8350
1788370372,353.8250,353.8250,353.8250,353.8250
1788370373,353.8000,353.8000,353.8000,353.8000
1788370374,353.7600,353.7600,353.7500,353.7500
1788370377,353.7050,353.7050,353.6950,353.6950
1788370379,353.6700,353.6700,353.6600,353.6600
1788370381,353.6700,353.6800,353.6700,353.6800
1788370383,353.6800,353.7300,353.6800,353.7300
1788370388,353.6500,353.6500,353.6000,353.6000
1788370393,353.6500,353.6500,353.6500,353.6500
1788370397,353.7000,353.7000,353.7000,353.7000
1788370404,353.6400,353.6400,353.6200,353.6200
1788370405,353.6700,353.6800,353.6700,353.6800
1788370409,353.6300,353.6300,353.6100,353.6100
1788370416,353.6600,353.6600,353.6600,353.6600
1788370421,353.6100,353.6100,353.5700,353.5700
1788370423,353.5800,353.6000,353.5800,353.5900
1788370429,353.5500,353.5500,353.5500,353.5500
1788370434,353.5700,353.5800,353.5700,353.5800
1788370436,353.5700,353.5700,353.5700,353.5700
1788370438,353.5700,353.5700,353.5700,353.5700
1788370439,353.5500,353.5500,353.5500,353.5500
1788370441,353.5300,353.5300,353.4700,353.4900
1788370442,353.5200,353.5200,353.5200,353.5200
1788370445,353.4950,353.4950,353.4900,353.4900
1788370447,353.4700,353.4700,353.4300,353.4300
1788370452,353.4400,353.4400,353.4400,353.4400
1788370455,353.4900,353.5100,353.4900,353.5100
1788370457,353.5300,353.5400,353.5300,353.5400
1788370458,353.5600,353.5800,353.5600,353.5700
1788370459,353.5900,353.5900,353.5900,353.5900
1788370461,353.6000,353.6100,353.6000,353.6100
1788370462,353.6500,353.6500,353.6500,353.6500
1788370463,353.6800,353.6800,353.6800,353.6800
1788370464,353.7000,353.7000,353.6600,353.6700
1788370471,353.6900,353.6900,353.6900,353.6900
1788370473,353.6900,353.6900,353.6900,353.6900
1788370477,353.6750,353.6750,353.6300,353.6300
1788370482,353.6300,353.6300,353.6300,353.6300
1788370492,353.6100,353.6100,353.6000,353.6000
1788370493,353.5800,353.5800,353.5700,353.5700
1788370495,353.5700,353.5700,353.5700,353.5700
1788370498,353.5500,353.5500,353.5400,353.5500
1788370501,353.5400,353.5400,353.4600,353.4600
1788370502,353.4800,353.5000,353.4800,353.5000
1788370503,353.4900,353.4900,353.4900,353.4900
1788370504,353.5200,353.5800,353.5200,353.5800
1788370510,353.6100,353.6300,353.6100,353.6300
1788370511,353.6300,353.6300,353.6300,353.6300
1788370512,353.6300,353.6300,353.6300,353.6300
1788370513,353.6150,353.6150,353.6150,353.6150
1788370514,353.6150,353.6150,353.6150,353.6150
1788370517,353.6200,353.6500,353.6200,353.6500
1788370526,353.6500,353.6500,353.6500,353.6500
1788370527,353.6800,353.7200,353.6800,353.7000
1788370529,353.6800,353.6800,353.6800,353.6800
1788370531,353.6850,353.6850,353.6850,353.6850
1788370540,353.6500,353.6500,353.5900,353.6200
1788370542,353.6500,353.6500,353.6500,353.6500
1788370545,353.6600,353.6600,353.6600,353.6600
1788370549,353.6500,353.6500,353.6500,353.6500
1788370551,353.6400,353.6500,353.6400,353.6500
1788370552,353.6700,353.7000,353.6700,353.7000
1788370554,353.6600,353.6600,353.6400,353.6400
1788370555,353.6300,353.6300,353.6200,353.6200
1788370556,353.6300,353.6300,353.6300,353.6300
1788370557,353.6350,353.6350,353.6350,353.6350
1788370559,353.6100,353.6100,353.5900,353.5900
1788370560,353.5800,353.5800,353.5800,353.5800
1788370563,353.5700,353.5700,353.5400,353.5400
1788370565,353.5600,353.5700,353.5600,353.5700
1788370566,353.5600,353.5600,353.5600,353.5600
1788370570,353.5600,353.5900,353.5300,353.5300
1788370572,353.5650,353.5650,353.5650,353.5650
1788370573,353.5550,353.5550,353.5200,353.5200
1788370575,353.5000,353.5000,353.4650,353.4650
1788370582,353.4600,353.4600,353.3900,353.3900
1788370583,353.3500,353.3500,353.3400,353.3400
1788370586,353.3300,353.3300,353.3300,353.3300
1788370591,353.3400,353.3600,353.3200,353.3600
1788370592,353.3500,353.3500,353.2900,353.3000
1788370593,353.3050,353.3050,353.3050,353.3050
1788370595,353.3300,353.3800,353.3300,353.3800
1788370597,353.4400,353.4400,353.4400,353.4400
1788370598,353.4700,353.5100,353.4700,353.5100
1788370599,353.4900,353.4900,353.4900,353.4900
1788370600,353.4600,353.4600,353.4300,353.4300
1788370613,353.4300,353.4300,353.4300,353.4300
1788370617,353.4100,353.4100,353.3900,353.3900
1788370625,353.3800,353.3800,353.3500,353.3500
1788370630,353.3700,353.3700,353.3700,353.3700
1788370631,353.3500,353.3500,353.2800,353.2800
1788370632,353.2700,353.2700,352.9400,352.9550
1788370633,352.9550,352.9800,352.9550,352.9700
1788370634,352.9900,353.0300,352.9300,352.9300
1788370636,352.9400,352.9400,352.9100,352.9100
1788370637,352.9400,352.9400,352.9300,352.9300
1788370638,352.9200,352.9200,352.8600,352.9100
1788370639,352.8800,352.9200,352.8800,352.9000
1788370641,352.9300,352.9400,352.9300,352.9400
1788370642,352.9500,352.9500,352.9500,352.9500
1788370644,353.0000,353.0200,353.0000,353.0000
1788370652,353.0100,353.0500,353.0100,353.0500
1788370655,353.0600,353.0600,353.0300,353.0300
1788370660,353.0000,353.0000,352.9600,352.9600
1788370661,352.9000,352.9000,352.8500,352.8500
1788370662,352.8300,352.8300,352.8300,352.8300
1788370664,352.8200,352.8200,352.8200,352.8200
1788370665,352.8100,352.8100,352.7900,352.8100
1788370667,352.8400,352.8500,352.8400,352.8500
1788370673,352.8900,352.9000,352.8800,352.8800
1788370676,352.9000,352.9000,352.9000,352.9000
1788370677,352.8800,352.9100,352.8600,352.9100
1788370678,352.9100,352.9100,352.9100,352.9100
1788370682,352.9500,352.9500,352.9500,352.9500
1788370692,352.9000,352.9000,352.9000,352.9000
1788370693,352.9200,352.9200,352.9200,352.9200
1788370696,352.9500,352.9500,352.9500,352.9500
1788370698,352.9450,352.9450,352.9450,352.9450
1788370699,352.9500,352.9500,352.9400,352.9400
1788370700,352.9500,352.9500,352.6800,352.7000
1788370701,352.6600,352.6900,352.6100,352.6500
1788370702,352.6500,352.6500,352.6400,352.6500
1788370703,352.6450,352.6450,352.6450,352.6450
1788370705,352.6000,352.6500,352.5800,352.6500
1788370706,352.6500,352.6500,352.6000,352.6000
1788370707,352.6400,352.6700,352.6400,352.6700
1788370710,352.6700,352.6900,352.6700,352.6900
1788370711,352.7100,352.7100,352.7100,352.7100
1788370717,352.6500,352.6500,352.6500,352.6500
1788370720,352.6700,352.6700,352.6400,352.6600
1788370721,352.6800,352.6800,352.6800,352.6800
1788370723,352.6600,352.6600,352.6600,352.6600
1788370725,352.6900,352.7800,352.6900,352.7800
1788370727,352.7700,352.7900,352.7700,352.7900
1788370728,352.8600,352.8600,352.8600,352.8600
1788370737,352.8700,352.9000,352.8700,352.9000
1788370743,352.9100,352.9100,352.8600,352.8800
1788370744,352.9200,352.9200,352.9200,352.9200
1788370748,352.9500,353.0100,352.9400,353.0100
1788370750,353.0400,353.0800,353.0300,353.0800
1788370757,353.0800,353.0900,353.0700,353.0900
1788370758,353.0700,353.0700,353.0500,353.0500
1788370759,353.0200,353.0200,353.0100,353.0100
1788370761,352.9800,352.9800,352.9800,352.9800
1788370762,352.9600,352.9600,352.9400,352.9400
1788370767,352.9400,352.9400,352.9400,352.9400
1788370768,352.9000,352.9000,352.8900,352.8900
1788370771,352.8800,352.8800,352.8700,352.8700
1788370776,352.8650,352.8650,352.8650,352.8650
1788370778,352.9000,352.9000,352.9000,352.9000
1788370781,352.9000,352.9700,352.9000,352.9700
1788370787,352.9400,352.9400,352.9400,352.9400
1788370789,352.9500,352.9600,352.9500,352.9600
1788370795,352.9400,352.9400,352.9200,352.9200
1788370797,352.9500,352.9600,352.9400,352.9400
1788370798,352.9200,352.9700,352.9000,352.9700
1788370800,352.9700,352.9700,352.9700,352.9700
1788370809,352.9800,353.0250,352.9800,353.0250
1788370810,353.0200,353.0200,353.0000,353.0000
1788370820,353.0200,353.0600,353.0200,353.0200
1788370824,353.0200,353.0200,353.0200,353.0200
1788370827,353.0500,353.0600,353.0500,353.0600
1788370828,353.0600,353.0600,353.0600,353.0600
1788370829,353.0600,353.0600,353.0600,353.0600
1788370830,353.0400,353.0400,353.0400,353.0400
1788370831,353.0100,353.0100,353.0000,353.0000
1788370832,353.0000,353.0000,353.0000,353.0000
1788370833,352.9900,352.9900,352.9900,352.9900
1788370834,352.9900,352.9900,352.9600,352.9600
1788370841,353.0300,353.0400,353.0300,353.0400
1788370842,353.0300,353.0300,353.0300,353.0300
1788370843,353.0700,353.0700,353.0600,353.0700
1788370844,353.0800,353.0800,353.0600,353.0600
1788370845,353.0750,353.0750,353.0750,353.0750
1788370853,353.0800,353.0900,353.0800,353.0900
1788370854,353.0800,353.0900,353.0700,353.0900
1788370855,353.0700,353.0700,353.0500,353.0500
1788370857,353.0800,353.0800,353.0800,353.0800
1788370858,353.0700,353.0700,353.0700,353.0700
1788370859,353.0400,353.0900,353.0400,353.0900
1788370860,353.0800,353.0800,353.0800,353.0800
1788370863,353.1100,353.1300,353.1100,353.1300
1788370864,353.1100,353.1100,353.1100,353.1100
1788370865,353.1400,353.2700,353.1400,353.1900
1788370866,353.1700,353.1700,353.1200,353.1400
1788370871,353.1100,353.1100,353.1100,353.1100
1788370874,353.0900,353.0900,353.0800,353.0800
1788370875,353.0500,353.0500,353.0500,353.0500
1788370876,353.0700,353.0700,353.0700,353.0700
1788370879,353.0900,353.0900,353.0900,353.0900
1788370880,353.1300,353.1300,353.1000,353.1300
1788370887,353.0900,353.1100,353.0700,353.1100
1788370891,353.1100,353.1100,353.1100,353.1100
1788370892,353.1500,353.1700,353.1500,353.1700
1788370893,353.1500,353.1500,353.0800,353.0800
1788370894,353.0800,353.0800,353.0600,353.0600
1788370895,353.0850,353.0850,353.0850,353.0850
1788370896,353.0800,353.0850,353.0800,353.0850
1788370897,353.0800,353.0800,353.0800,353.0800
1788370902,353.1400,353.1400,353.1400,353.1400
1788370904,353.1500,353.1500,353.1500,353.1500
1788370905,353.1550,353.1550,353.1550,353.1550
1788370906,353.1800,353.1900,353.1800,353.1900
1788370908,353.1850,353.1850,353.1700,353.1700
1788370912,353.1700,353.1700,353.1700,353.1700
1788370914,353.1700,353.1700,353.1700,353.1700
1788370916,353.1700,353.1700,353.1700,353.1700
1788370918,353.1700,353.1700,353.1700,353.1700
1788370920,353.1700,353.1700,353.1700,353.1700
1788370925,353.2000,353.2000,353.1200,353.1200
1788370929,353.1800,353.1800,353.1800,353.1800
1788370935,353.1700,353.1700,353.1700,353.1700
1788370936,353.1900,353.2000,353.1900,353.2000
1788370939,353.1900,353.1900,353.1600,353.1600
1788370942,353.1600,353.1700,353.1600,353.1700
1788370946,353.1600,353.1600,353.1600,353.1600
1788370951,353.1600,353.3700,353.1600,353.2800
1788370954,353.2800,353.2800,353.2800,353.2800
1788370955,353.2500,353.2800,353.2500,353.2800
1788370965,353.2700,353.2700,353.2300,353.2300
1788370967,353.1800,353.1800,352.9400,352.9400
1788370968,352.9300,352.9300,352.8800,352.8800
1788370973,352.9400,352.9400,352.9400,352.9400
1788370974,352.9100,352.9100,352.8900,352.8900
1788370975,352.8600,352.8600,352.8200,352.8400
1788370976,352.8550,352.8550,352.8550,352.8550
1788370977,352.8000,352.8000,352.8000,352.8000
1788370978,352.7900,352.8000,352.7900,352.8000
1788370983,352.8500,352.8600,352.8300,352.8300
1788370987,352.8200,352.8600,352.8200,352.8600
1788370989,352.8700,352.8800,352.8700,352.8800
1788370991,352.8900,352.8900,352.8900,352.8900
1788370992,352.9100,352.9200,352.9100,352.9200
1788370996,352.9500,352.9800,352.9300,352.9300
1788370997,352.9000,352.9100,352.8600,352.8600
1788371003,352.9150,352.9150,352.9150,352.9150
1788371004,352.9150,352.9150,352.9150,352.9150
1788371007,352.9000,352.9000,352.8800,352.8800
1788371008,352.8500,352.8800,352.8500,352.8800
1788371009,352.8800,352.8800,352.8800,352.8800
1788371016,352.9000,352.9000,352.8800,352.8900
1788371019,352.9100,352.9500,352.9100,352.9500
1788371020,352.9500,352.9500,352.9200,352.9200
1788371022,352.9000,352.9000,352.9000,352.9000
1788371028,352.9300,352.9300,352.9300,352.9300
1788371030,352.9400,352.9400,352.9400,352.9400
1788371031,352.9400,352.9400,352.9200,352.9200
1788371032,352.9600,352.9600,352.9600,352.9600
1788371033,352.9700,352.9700,352.9700,352.9700
1788371034,352.9700,352.9700,352.9700,352.9700
1788371037,352.9300,352.9300,352.9300,352.9300
1788371038,352.9200,352.9200,352.9200,352.9200
1788371039,352.9200,352.9200,352.9200,352.9200
1788371046,352.9500,352.9800,352.9500,352.9650
1788371047,352.9900,353.0100,352.9900,352.9900
1788371048,353.0100,353.0100,353.0100,353.0100
1788371050,352.9900,352.9900,352.9900,352.9900
1788371051,352.9800,353.0300,352.9800,353.0300
1788371056,353.0150,353.0150,353.0150,353.0150
1788371057,353.0400,353.0500,352.9800,352.9800
1788371059,353.0100,353.0100,353.0100,353.0100
1788371060,353.0000,353.0000,353.0000,353.0000
1788371061,352.9900,353.0100,352.9900,353.0100
1788371066,353.0100,353.0100,353.0100,353.0100
1788371070,353.0000,353.0000,352.9400,352.9600
1788371072,353.0000,353.0100,353.0000,353.0000
1788371078,353.0200,353.0200,353.0200,353.0200
1788371079,352.9900,352.9900,352.9900,352.9900
1788371080,353.0500,353.0500,353.0500,353.0500
1788371081,353.0600,353.0900,353.0600,353.0900
1788371083,353.1000,353.1000,353.1000,353.1000
1788371084,353.1400,353.1600,353.1400,353.1600
1788371094,353.1900,353.2000,353.1800,353.1800
1788371095,353.1400,353.1400,353.1300,353.1300
1788371096,353.1500,353.1500,353.1300,353.1300
1788371098,353.1900,353.1900,353.1900,353.1900
1788371099,353.1900,353.1900,353.1900,353.1900
1788371104,353.1800,353.1800,353.1800,353.1800
1788371105,353.2100,353.2700,353.2100,353.2700
1788371106,353.2900,353.2900,353.2900,353.2900
1788371108,353.3000,353.3300,353.3000,353.3300
1788371109,353.3100,353.3500,353.3000,353.3100
1788371110,353.3300,353.3300,353.2900,353.2900
1788371111,353.2800,353.2800,353.2300,353.2300
1788371112,353.2300,353.2300,353.2300,353.2300
1788371113,353.2500,353.2500,353.2500,353.2500
1788371115,353.2800,353.2800,353.2800,353.2800
1788371116,353.3100,353.3100,353.3000,353.3000
1788371121,353.2600,353.2900,353.2500,353.2900
1788371123,353.2900,353.2900,353.2400,353.2400
1788371129,353.2900,353.2900,353.2050,353.2050
1788371130,353.2300,353.2400,353.2300,353.2400
1788371132,353.3200,353.3700,353.3200,353.3700
1788371133,353.3400,353.3400,353.3400,353.3400
1788371147,353.3400,353.3400,353.3400,353.3400
1788371149,353.3100,353.3100,353.3100,353.3100
1788371151,353.3400,353.3500,353.3400,353.3500
1788371154,353.3800,353.3800,353.3800,353.3800
1788371155,353.3500,353.3500,353.3100,353.3100
1788371159,353.3000,353.3000,353.3000,353.3000
1788371160,353.3100,353.3100,353.3100,353.3100
1788371161,353.3200,353.3200,353.3200,353.3200
1788371177,353.3600,353.3900,353.3600,353.3900
1788371179,353.3900,353.4150,353.3900,353.4100
1788371180,353.4000,353.4000,353.3500,353.3500
1788371181,353.3800,353.3800,353.3800,353.3800
1788371183,353.3800,353.3800,353.3800,353.3800
1788371185,353.3800,353.3800,353.3800,353.3800
1788371190,353.4000,353.4200,353.4000,353.4200
1788371191,353.4300,353.4300,353.4300,353.4300
1788371193,353.3800,353.3800,353.3800,353.3800
1788371195,353.4100,353.4100,353.4100,353.4100
1788371197,353.3800,353.3800,353.3700,353.3800
1788371199,353.3950,353.3950,353.3300,353.3300
1788371200,353.3000,353.3000,353.2800,353.2800
1788371202,353.2400,353.2400,353.1700,353.1700
1788371203,353.1700,353.1900,353.1500,353.1900
1788371206,353.2000,353.2000,353.2000,353.2000
1788371207,353.1800,353.2000,353.1800,353.2000
1788371208,353.2000,353.2200,353.2000,353.2100
1788371211,353.1800,353.1800,353.1100,353.1100
1788371212,353.0900,353.0900,353.0900,353.0900
1788371213,353.0900,353.0900,353.0500,353.0500
1788371218,353.1200,353.1500,353.1200,353.1500
1788371220,353.1500,353.1500,353.1500,353.1500
1788371222,353.0800,353.0800,353.0800,353.0800
1788371224,353.0700,353.0700,353.0600,353.0600
1788371226,353.0600,353.0600,353.0600,353.0600
1788371227,353.0400,353.0400,353.0400,353.0400
1788371229,353.0500,353.0500,353.0000,353.0000
1788371230,352.9600,352.9600,352.8100,352.8100
1788371232,352.8000,352.8000,352.8000,352.8000
1788371233,352.8100,352.8300,352.8000,352.8300
1788371235,352.8150,352.8150,352.8150,352.8150
1788371239,352.8200,352.8350,352.7900,352.8350
1788371243,352.8500,352.8800,352.8500,352.8800
1788371247,352.8900,352.8900,352.8900,352.8900
1788371258,352.9600,353.0000,352.9400,352.9450
1788371262,352.9000,352.9000,352.8800,352.8800
1788371264,352.9000,352.9000,352.9000,352.9000
1788371266,352.9300,352.9300,352.9300,352.9300
1788371271,352.9400,352.9700,352.9400,352.9700
1788371272,352.9200,352.9200,352.9200,352.9200
1788371276,352.9100,352.9100,352.9100,352.9100
1788371277,352.8900,352.8900,352.8800,352.8800
1788371281,352.8800,352.8800,352.8400,352.8600
1788371283,352.9200,352.9200,352.9200,352.9200
1788371285,352.9200,352.9200,352.9200,352.9200
1788371288,352.9000,352.9000,352.9000,352.9000
1788371292,352.9000,352.9000,352.9000,352.9000
1788371293,352.8900,352.9200,352.8900,352.9200
1788371300,352.8900,352.8900,352.6900,352.6900
1788371304,352.7100,352.7100,352.7100,352.7100
1788371306,352.7100,352.7100,352.7000,352.7000
1788371307,352.7000,352.7400,352.7000,352.7400
1788371309,352.7450,352.7450,352.7450,352.7450
1788371310,352.7500,352.8050,352.7500,352.8050
1788371314,352.8100,352.8100,352.8100,352.8100
1788371317,352.8500,352.8500,352.8000,352.8000
1788371331,352.8900,352.8900,352.8900,352.8900
1788371333,352.8500,352.8500,352.8500,352.8500
1788371334,352.8900,352.8900,352.8900,352.8900
1788371338,352.8900,352.8900,352.8900,352.8900
1788371349,352.8500,352.8500,352.8400,352.8400
1788371352,352.8500,352.8500,352.8500,352.8500
1788371353,352.8600,352.9100,352.8600,352.9100
1788371355,352.9200,352.9300,352.9200,352.9300
1788371357,352.9300,352.9500,352.9300,352.9500
1788371360,352.9600,352.9600,352.9400,352.9400
1788371361,352.9500,352.9500,352.9500,352.9500
1788371362,352.9400,352.9400,352.9100,352.9100
1788371365,352.8900,352.8900,352.7600,352.8000
1788371366,352.7800,352.7800,352.7800,352.7800
1788371367,352.7900,352.7900,352.7900,352.7900
1788371368,352.7900,352.7900,352.7900,352.7900
1788371370,352.8000,352.8000,352.8000,352.8000
1788371372,352.8300,352.8400,352.8300,352.8400
1788371380,352.8000,352.8000,352.8000,352.8000
1788371381,352.7700,352.7700,352.7500,352.7500
1788371384,352.7400,352.7400,352.7200,352.7200
1788371387,352.7450,352.7450,352.7450,352.7450
1788371390,352.7300,352.7300,352.7200,352.7300
1788371391,352.7200,352.7200,352.7200,352.7200
1788371394,352.7100,352.7100,352.7100,352.7100
1788371397,352.7100,352.7100,352.7100,352.7100
1788371398,352.7000,352.7000,352.6200,352.7000
1788371400,352.6700,352.6700,352.6700,352.6700
1788371401,352.6500,352.6500,352.6500,352.6500
1788371402,352.6500,352.6900,352.6000,352.6900
1788371406,352.6900,352.6900,352.6900,352.6900
1788371407,352.6900,352.6900,352.6900,352.6900
1788371410,352.6900,352.6900,352.6900,352.6900
1788371415,352.6900,352.6900,352.6900,352.6900
1788371418,352.6700,352.6800,352.6700,352.6800
1788371422,352.6800,352.7100,352.6800,352.7100
1788371423,352.7100,352.7600,352.7100,352.7600
1788371424,352.8000,352.8300,352.8000,352.8300
1788371425,352.8000,352.8000,352.7900,352.7900
1788371426,352.8400,352.8500,352.8400,352.8400
1788371427,352.8500,352.8500,352.8500,352.8500
1788371429,352.8600,352.8600,352.8600,352.8600
1788371431,352.8700,352.8700,352.8600,352.8600
1788371434,352.8300,352.8300,352.8000,352.8000
1788371435,352.8200,352.8200,352.8200,352.8200
1788371437,352.8100,352.8100,352.8100,352.8100
1788371438,352.8200,352.8200,352.8200,352.8200
1788371439,352.7900,352.7900,352.7900,352.7900
1788371440,352.7500,352.7500,352.7500,352.7500
1788371441,352.7200,352.7200,352.7050,352.7050
1788371445,352.6800,352.6800,352.6800,352.6800
1788371449,352.7400,352.7800,352.7400,352.7700
1788371450,352.7550,352.7600,352.7200,352.7600
1788371454,352.7900,352.7900,352.7900,352.7900
1788371460,352.7900,352.7900,352.7900,352.7900
1788371462,352.8200,352.8200,352.8200,352.8200
1788371463,352.7900,352.7950,352.7900,352.7950
1788371464,352.7950,352.7950,352.7950,352.7950
1788371465,352.8200,352.8300,352.8100,352.8100
1788371466,352.8000,352.8000,352.8000,352.8000
1788371468,352.7800,352.7800,352.7800,352.7800
1788371469,352.7900,352.8000,352.7900,352.8000
1788371471,352.8200,352.8200,352.8200,352.8200
1788371474,352.8100,352.8100,352.8050,352.8100
1788371475,352.8100,352.8100,352.8000,352.8000
1788371477,352.8300,352.8500,352.7800,352.8500
1788371482,352.8300,352.8300,352.8200,352.8200
1788371485,352.8100,352.8100,352.7900,352.7900
1788371488,352.7800,352.7800,352.7800,352.7800
1788371489,352.7700,352.7700,352.7600,352.7600
1788371490,352.7500,352.7500,352.7500,352.7500
1788371492,352.7800,352.7800,352.7800,352.7800
1788371494,352.7200,352.7200,352.7100,352.7100
1788371496,352.6900,352.6900,352.6900,352.6900
1788371498,352.6700,352.6700,352.6500,352.6500
1788371500,352.6600,352.7100,352.6600,352.6900
1788371504,352.6900,352.6900,352.6900,352.6900
1788371505,352.6500,352.6500,352.6400,352.6400
1788371506,352.6200,352.6200,352.6100,352.6100
1788371507,352.6300,352.6400,352.6000,352.6300
1788371512,352.6000,352.6000,352.5900,352.6000
1788371513,352.6000,352.6000,352.6000,352.6000
1788371515,352.6000,352.6100,352.5400,352.5700
1788371516,352.5800,352.5800,352.5800,352.5800
1788371517,352.5900,352.6000,352.5900,352.6000
1788371520,352.6000,352.6000,352.6000,352.6000
1788371521,352.5700,352.5700,352.5300,352.5300
1788371522,352.5300,352.5300,352.5000,352.5200
1788371523,352.5400,352.5400,352.5400,352.5400
1788371525,352.5900,352.6300,352.5900,352.6300
1788371526,352.6350,352.6350,352.5900,352.5900
1788371529,352.6100,352.6100,352.6100,352.6100
1788371531,352.5800,352.5800,352.5800,352.5800
1788371532,352.5800,352.5800,352.5800,352.5800
1788371533,352.5600,352.5900,352.5600,352.5900
1788371536,352.6100,352.6100,352.6100,352.6100
1788371540,352.5750,352.5750,352.5750,352.5750
1788371542,352.5700,352.5700,352.5100,352.5100
1788371543,352.5100,352.5800,352.4500,352.5800
1788371544,352.5000,352.5800,352.5000,352.5700
1788371545,352.5750,352.5750,352.5750,352.5750
1788371547,352.5400,352.5400,352.5100,352.5100
1788371548,352.5100,352.5600,352.5000,352.5600
1788371553,352.5600,352.5700,352.5600,352.5700
1788371555,352.5700,352.5700,352.5400,352.5400
1788371558,352.5650,352.5650,352.5400,352.5400
1788371565,352.5650,352.5650,352.5650,352.5650
1788371566,352.5900,352.6400,352.5900,352.6400
1788371567,352.6000,352.6000,352.6000,352.6000
1788371568,352.6400,352.6400,352.6300,352.6300
1788371569,352.6000,352.6000,352.6000,352.6000
1788371572,352.6000,352.6000,352.6000,352.6000
1788371573,352.5700,352.5700,352.5300,352.5300
1788371574,352.5500,352.5500,352.5500,352.5500
1788371575,352.5000,352.5000,352.5000,352.5000
1788371578,352.4700,352.4700,352.4300,352.4300
1788371579,352.4200,352.4300,352.4000,352.4300
1788371581,352.4000,352.4000,352.4000,352.4000
1788371583,352.4200,352.4200,352.4200,352.4200
1788371584,352.4100,352.4100,352.4100,352.4100
1788371587,352.4200,352.4200,352.4200,352.4200
1788371588,352.4100,352.4100,352.3900,352.3900
1788371589,352.3900,352.3900,352.3800,352.3800
1788371590,352.3700,352.3900,352.3700,352.3800
1788371591,352.4000,352.4000,352.3700,352.3700
1788371592,352.3800,352.3800,352.3800,352.3800
1788371595,352.4000,352.4300,352.4000,352.4100
1788371596,352.4300,352.4450,352.4300,352.4450
1788371601,352.4200,352.4200,352.4100,352.4100
1788371602,352.4000,352.4000,352.3800,352.3800
1788371603,352.4200,352.4300,352.4200,352.4200
1788371604,352.3900,352.3900,352.3300,352.3300
1788371605,352.3750,352.3750,352.3750,352.3750
1788371609,352.3400,352.3400,352.2500,352.3300
1788371610,352.2600,352.2600,352.2600,352.2600
1788371611,352.2600,352.2600,352.1900,352.2600
1788371612,352.2700,352.2700,352.2700,352.2700
1788371614,352.2300,352.2400,352.2300,352.2400
1788371615,352.2400,352.2400,352.2400,352.2400
1788371616,352.2400,352.2400,352.2400,352.2400
1788371617,352.2200,352.2200,352.2100,352.2100
1788371619,352.2250,352.2500,352.2250,352.2500
1788371622,352.2100,352.3100,352.2100,352.3100
1788371623,352.3100,352.3400,352.3100,352.3400
1788371634,352.3300,352.3300,352.3300,352.3300
1788371638,352.3100,352.3100,352.2600,352.3100
1788371641,352.2500,352.2500,352.2000,352.2000
1788371643,352.2700,352.2700,352.2700,352.2700
1788371645,352.2450,352.2450,352.2400,352.2400
1788371646,352.2400,352.2400,352.2400,352.2400
1788371648,352.2100,352.2100,352.2100,352.2100
1788371652,352.2500,352.2500,352.2500,352.2500
1788371653,352.2700,352.3450,352.2700,352.3000
1788371657,352.2800,352.2800,352.2800,352.2800
1788371659,352.2700,352.2700,352.2600,352.2600
1788371660,352.2600,352.2600,352.2000,352.2000
1788371664,352.2100,352.2200,352.2100,352.2200
1788371666,352.2400,352.2900,352.2300,352.2900
1788371667,352.2700,352.2700,352.2700,352.2700
1788371670,352.2700,352.2700,352.2500,352.2500
1788371674,352.2600,352.2600,352.2600,352.2600
1788371678,352.2600,352.2700,352.2500,352.2500
1788371679,352.3000,352.3500,352.3000,352.3500
1788371680,352.3600,352.3600,352.3400,352.3500
1788371684,352.2700,352.2700,352.2700,352.2700
1788371692,352.3000,352.3000,352.3000,352.3000
1788371693,352.2800,352.2800,352.2800,352.2800
1788371695,352.2700,352.2700,352.2100,352.2100
1788371697,352.2500,352.2500,352.2500,352.2500
1788371699,352.2300,352.2300,352.2200,352.2200
1788371700,352.2000,352.2000,352.1800,352.1800
1788371701,352.1800,352.1800,352.1800,352.1800
1788371702,352.1800,352.2000,352.1500,352.1900
1788371703,352.1600,352.1600,352.1500,352.1500
1788371704,352.1600,352.1600,352.1600,352.1600
1788371705,352.2000,352.2100,352.2000,352.2100
1788371707,352.1500,352.1500,352.0900,352.0900
1788371708,352.1000,352.1000,352.1000,352.1000
1788371709,352.1150,352.1150,352.1150,352.1150
1788371710,352.0700,352.1000,352.0600,352.1000
1788371712,352.1000,352.1000,352.1000,352.1000
1788371715,352.0800,352.0900,352.0800,352.0900
1788371716,352.0900,352.1200,352.0900,352.1200
1788371717,352.0900,352.1200,352.0900,352.1200
1788371718,352.1100,352.1100,352.0800,352.0800
1788371720,352.0500,352.0500,351.9700,351.9900
1788371722,352.0000,352.0400,351.9900,351.9900
1788371723,352.0000,352.0000,352.0000,352.0000
1788371724,352.0200,352.0500,352.0200,352.0500
1788371725,352.0600,352.0700,352.0600,352.0700
1788371726,352.0300,352.0300,352.0300,352.0300
1788371727,352.0600,352.0800,352.0600,352.0800
1788371729,352.0400,352.0400,352.0300,352.0300
1788371732,352.0500,352.1000,352.0500,352.0600
1788371734,352.0700,352.0800,352.0700,352.0750
1788371735,352.0600,352.0600,352.0600,352.0600
1788371740,352.0900,352.1700,352.0900,352.1700
1788371741,352.1500,352.1500,352.1400,352.1400
1788371745,352.1300,352.1300,352.1300,352.1300
1788371746,352.1300,352.1300,352.1300,352.1300
1788371747,352.1000,352.1000,352.1000,352.1000
1788371750,352.1100,352.1100,352.1100,352.1100
1788371751,352.1100,352.1100,352.1100,352.1100
1788371756,352.1400,352.1600,352.1400,352.1600
1788371758,352.1600,352.1700,352.1600,352.1700
1788371760,352.1700,352.1900,352.1700,352.1900
1788371761,352.1900,352.1900,352.1900,352.1900
1788371764,352.1800,352.1800,352.1800,352.1800
1788371767,352.1900,352.1900,352.1900,352.1900
1788371768,352.1500,352.1500,352.1100,352.1200
1788371770,352.1100,352.1300,352.1100,352.1300
1788371771,352.1100,352.1100,352.1050,352.1050
1788371778,352.1250,352.1400,352.1250,352.1400
1788371779,352.1400,352.1500,352.1200,352.1200
1788371782,352.1300,352.1300,352.1300,352.1300
1788371783,352.1500,352.1600,352.1500,352.1600
1788371784,352.1400,352.1400,352.1400,352.1400
1788371786,352.1700,352.1700,352.1700,352.1700
1788371787,352.1800,352.1800,352.1800,352.1800
1788371792,352.1200,352.1200,352.0600,352.0600
1788371794,352.0300,352.0600,352.0000,352.0600
1788371798,352.0600,352.0600,351.9600,351.9600
1788371799,351.9900,352.0000,351.9900,352.0000
1788371802,351.9850,351.9850,351.9850,351.9850
1788371803,352.0000,352.0200,351.9900,351.9950
1788371805,352.0200,352.0200,352.0200,352.0200
1788371807,351.9900,351.9900,351.9900,351.9900
1788371812,352.0300,352.0300,352.0300,352.0300
1788371816,352.0500,352.0500,352.0500,352.0500
1788371819,352.0300,352.0300,352.0000,352.0000
1788371821,351.9700,351.9700,351.9700,351.9700
1788371823,352.0100,352.0100,352.0100,352.0100
1788371825,351.9600,351.9600,351.9600,351.9600
1788371826,351.9900,352.0400,351.9900,352.0400
1788371827,352.0350,352.0350,352.0100,352.0100
1788371828,352.0300,352.0300,352.0300,352.0300
1788371829,352.0200,352.0500,352.0200,352.0500
1788371831,352.0200,352.0200,352.0200,352.0200
1788371832,352.0600,352.1200,352.0600,352.1200
1788371834,352.1800,352.3000,352.1800,352.2800
1788371835,352.3100,352.3200,352.3100,352.3200
1788371837,352.3300,352.3300,352.2800,352.2800
1788371841,352.3100,352.3200,352.3000,352.3200
1788371842,352.3000,352.3000,352.2600,352.2900
1788371843,352.3000,352.3000,352.3000,352.3000
1788371844,352.3100,352.3100,352.3100,352.3100
1788371847,352.2800,352.3100,352.2700,352.3100
1788371848,352.3100,352.3500,352.3100,352.3500
1788371850,352.3400,352.3400,352.3400,352.3400
1788371851,352.3500,352.3600,352.3500,352.3500
1788371852,352.3500,352.3650,352.3300,352.3600
1788371853,352.3700,352.4200,352.3700,352.4000
1788371854,352.4300,352.4500,352.4300,352.4500
1788371856,352.4750,352.5000,352.4750,352.4800
1788371859,352.5100,352.5200,352.5100,352.5200
1788371863,352.4800,352.5000,352.4000,352.5000
1788371868,352.5000,352.5000,352.5000,352.5000
1788371869,352.4900,352.5000,352.4900,352.5000
1788371870,352.4900,352.5000,352.4900,352.5000
1788371871,352.4600,352.4600,352.4600,352.4600
1788371872,352.4900,352.4900,352.4900,352.4900
1788371875,352.4900,352.4900,352.4900,352.4900
1788371876,352.4700,352.4800,352.4700,352.4800
1788371878,352.4600,352.4600,352.4500,352.4500
1788371881,352.4450,352.4450,352.4450,352.4450
1788371882,352.4400,352.4400,352.4400,352.4400
1788371883,352.4500,352.4600,352.4500,352.4600
1788371885,352.4500,352.4800,352.4300,352.4800
1788371887,352.4900,352.4900,352.4700,352.4700
1788371890,352.4750,352.5000,352.4750,352.5000
1788371892,352.4900,352.4900,352.4900,352.4900
1788371896,352.4400,352.4400,352.4100,352.4300
1788371901,352.4100,352.4100,352.4000,352.4000
1788371902,352.4400,352.4500,352.4400,352.4400
1788371907,352.4500,352.4700,352.4500,352.4700
1788371911,352.4600,352.4600,352.4600,352.4600
1788371915,352.4600,352.4600,352.4600,352.4600
1788371916,352.4550,352.4550,352.4550,352.4550
1788371919,352.4700,352.4800,352.4700,352.4800
1788371920,352.4800,352.4800,352.4800,352.4800
1788371921,352.4800,352.4800,352.4400,352.4400
1788371924,352.4300,352.4300,352.4100,352.4100
1788371926,352.4100,352.4100,352.4100,352.4100
1788371931,352.4000,352.4000,352.4000,352.4000
1788371933,352.4200,352.4200,352.4200,352.4200
1788371934,352.3900,352.3900,352.3900,352.3900
1788371936,352.3500,352.3500,352.3500,352.3500
1788371937,352.3500,352.3500,352.3500,352.3500
1788371940,352.3800,352.3800,352.3500,352.3500
1788371947,352.3500,352.3500,352.2900,352.3100
1788371948,352.3000,352.3000,352.2900,352.2900
1788371949,352.2600,352.2600,352.2600,352.2600
1788371951,352.2600,352.2600,352.2500,352.2500
1788371952,352.2600,352.2600,352.2600,352.2600
1788371955,352.2800,352.2900,352.2300,352.2300
1788371958,352.2200,352.2200,352.2200,352.2200
1788371959,352.2500,352.2600,352.2500,352.2600
1788371969,352.2100,352.2100,352.2000,352.2000
1788371971,352.1900,352.2200,352.1900,352.2200
1788371975,352.1700,352.2200,352.1700,352.2000
1788371977,352.2200,352.2900,352.2200,352.2900
1788371980,352.3000,352.3200,352.3000,352.3200
1788371981,352.2900,352.2900,352.2900,352.2900
1788371984,352.2700,352.2700,352.2700,352.2700
1788371986,352.2300,352.2300,352.2000,352.2000
1788371987,352.1900,352.1900,352.1900,352.1900
1788371994,352.2200,352.2300,352.2200,352.2250
1788371996,352.2000,352.2300,352.2000,352.2000
1788371998,352.2300,352.2600,352.2300,352.2600
1788371999,352.2200,352.2300,352.2200,352.2300
1788372000,352.2400,352.2600,352.2400,352.2600
1788372002,352.2350,352.2350,352.2350,352.2350
1788372004,352.2350,352.2350,352.2350,352.2350
1788372005,352.2100,352.2700,352.2100,352.2700
1788372011,352.2000,352.2400,352.2000,352.2400
1788372012,352.2200,352.2200,352.2100,352.2100
1788372017,352.2100,352.2100,352.2100,352.2100
1788372020,352.2000,352.2700,352.2000,352.2700
1788372021,352.2400,352.2400,352.1600,352.1600
1788372026,352.1600,352.1600,352.1600,352.1600
1788372033,352.2000,352.2000,352.2000,352.2000
1788372038,352.2000,352.2000,352.2000,352.2000
1788372039,352.1800,352.1800,352.1800,352.1800
1788372040,352.1600,352.1600,352.1300,352.1300
1788372043,352.1300,352.1300,352.1100,352.1200
1788372044,352.1100,352.1200,352.1000,352.1200
1788372045,352.1200,352.1500,352.1000,352.1000
1788372046,352.0900,352.0900,352.0500,352.0500
1788372047,352.0500,352.1500,352.0500,352.1500
1788372050,352.1100,352.1100,351.9800,352.0200
1788372052,351.9800,352.0000,351.9800,352.0000
1788372053,351.9600,351.9600,351.8900,351.8900
1788372054,351.8900,351.8900,351.8800,351.8800
1788372055,351.8700,351.8850,351.7600,351.8200
1788372056,351.7900,351.8300,351.7900,351.8300
1788372057,351.7900,351.7900,351.7900,351.7900
1788372058,351.7600,351.7600,351.7400,351.7500
1788372059,351.7350,351.7500,351.7350,351.7400
1788372060,351.7500,351.8000,351.7500,351.8000
1788372061,351.7600,351.7600,351.7600,351.7600
1788372063,351.7800,351.8300,351.7800,351.8300
1788372064,351.8400,351.8400,351.8400,351.8400
1788372069,351.8200,351.8200,351.8000,351.8000
1788372071,351.8700,351.8800,351.8700,351.8800
1788372073,351.8300,351.8300,351.8100,351.8100
1788372074,351.8000,351.8000,351.7900,351.8000
1788372075,351.8000,351.8000,351.7400,351.7400
1788372077,351.7800,351.7800,351.7800,351.7800
1788372078,351.7800,351.8000,351.7800,351.8000
1788372079,351.8000,351.8200,351.8000,351.8200
1788372081,351.8100,351.8800,351.8100,351.8800
1788372082,351.9000,351.9600,351.9000,351.9600
1788372084,351.9800,351.9800,351.9800,351.9800
1788372085,351.9900,352.0000,351.9900,352.0000
1788372086,351.9900,351.9900,351.9900,351.9900
1788372087,352.0300,352.0300,352.0300,352.0300
1788372088,352.0300,352.0300,351.9900,351.9900
1788372089,352.0050,352.0050,351.9700,351.9700
1788372090,351.9600,351.9700,351.9600,351.9700
1788372091,351.9600,351.9700,351.9600,351.9600
1788372093,351.9500,351.9500,351.9400,351.9400
1788372094,351.9600,351.9600,351.9600,351.9600
1788372102,351.9600,351.9700,351.9600,351.9700
1788372103,351.9800,352.0200,351.9800,352.0200
1788372104,352.0200,352.0200,352.0200,352.0200
1788372106,351.9800,351.9800,351.9800,351.9800
1788372107,351.9700,351.9700,351.9700,351.9700
1788372111,351.9700,351.9700,351.9700,351.9700
1788372113,351.9300,351.9300,351.8300,351.8300
1788372114,351.8100,351.8100,351.7900,351.7900
1788372116,351.7600,351.7600,351.7600,351.7600
1788372119,351.8000,351.8000,351.8000,351.8000
1788372121,351.7800,351.7900,351.7800,351.7900
1788372122,351.7900,351.8000,351.7900,351.8000
1788372123,351.8000,351.8300,351.8000,351.8300
1788372124,351.8300,351.8400,351.8300,351.8400
1788372125,351.8850,351.8850,351.8850,351.8850
1788372127,351.8500,351.8500,351.8500,351.8500
1788372128,351.8800,351.8800,351.8800,351.8800
1788372132,351.8700,351.8700,351.8700,351.8700
1788372135,351.8700,351.8700,351.8700,351.8700
1788372137,351.9000,351.9400,351.9000,351.9400
1788372138,351.9700,351.9900,351.9700,351.9700
1788372140,351.9500,351.9500,351.9400,351.9400
1788372141,351.9400,351.9400,351.9200,351.9200
1788372142,351.9000,351.9000,351.9000,351.9000
1788372144,351.9200,351.9200,351.9200,351.9200
1788372145,351.9200,351.9200,351.8800,351.8800
1788372147,351.8700,351.8700,351.8400,351.8500
1788372148,351.8600,351.8600,351.8550,351.8550
1788372149,351.8800,351.9100,351.8800,351.9100
1788372153,351.9050,351.9050,351.9050,351.9050
1788372156,351.9050,351.9050,351.8900,351.8900
1788372161,351.8600,351.8600,351.8600,351.8600
1788372165,351.8450,351.8450,351.8450,351.8450
1788372166,351.8600,351.8600,351.8600,351.8600
1788372167,351.8600,351.8600,351.8600,351.8600
1788372168,351.8600,351.8700,351.8600,351.8700
1788372169,351.8500,351.8500,351.7800,351.7850
1788372171,351.8300,351.8400,351.8300,351.8400
1788372175,351.8300,351.8300,351.8300,351.8300
1788372178,351.8300,351.8800,351.8300,351.8800
1788372180,351.8800,351.8800,351.8800,351.8800
1788372181,351.8600,351.8600,351.8600,351.8600
1788372182,351.8900,351.9200,351.8900,351.9200
1788372183,351.9300,351.9300,351.9300,351.9300
1788372184,351.9500,351.9500,351.9500,351.9500
1788372186,351.9400,351.9900,351.9400,351.9900
1788372187,351.9900,351.9900,351.9900,351.9900
1788372188,351.9600,351.9600,351.9600,351.9600
1788372189,351.9700,351.9700,351.9700,351.9700
1788372190,351.9700,351.9900,351.9700,351.9900
1788372193,351.9800,351.9800,351.9800,351.9800
1788372194,351.9800,351.9800,351.9800,351.9800
1788372198,351.9900,351.9900,351.9900,351.9900
1788372202,351.9900,352.0200,351.9900,352.0200
1788372203,352.0400,352.0400,352.0400,352.0400
1788372204,352.0500,352.0600,352.0500,352.0600
1788372205,352.0700,352.1000,352.0700,352.1000
1788372208,352.0950,352.1900,352.0950,352.1900
1788372209,352.1900,352.1900,352.1900,352.1900
1788372212,352.1600,352.1600,352.1500,352.1600
1788372213,352.1900,352.2300,352.1900,352.2300
1788372214,352.2200,352.2200,352.2200,352.2200
1788372216,352.1900,352.1900,352.0100,352.1300
1788372219,352.1700,352.1800,352.1700,352.1800
1788372222,352.1900,352.2200,352.1900,352.2200
1788372223,352.2200,352.2300,352.2200,352.2300
1788372224,352.2300,352.2300,352.2000,352.2000
1788372225,352.2300,352.2300,352.2300,352.2300
1788372226,352.1900,352.1900,352.1900,352.1900
1788372231,352.2100,352.2100,352.2100,352.2100
1788372233,352.2300,352.2300,352.2300,352.2300
1788372236,352.2800,352.3000,352.2800,352.3000
1788372237,352.2500,352.2500,352.2500,352.2500
1788372238,352.2900,352.2900,352.2900,352.2900
1788372241,352.2700,352.2700,352.2400,352.2400
1788372243,352.2500,352.2500,352.2500,352.2500
1788372244,352.2400,352.2400,352.2000,352.2000
1788372245,352.2100,352.2100,352.1800,352.1800
1788372252,352.2100,352.2300,352.2000,352.2000
1788372253,352.2000,352.2100,352.2000,352.2100
1788372254,352.2300,352.2300,352.2300,352.2300
1788372256,352.2300,352.2300,352.2300,352.2300
1788372258,352.2100,352.2100,352.2100,352.2100
1788372259,352.2150,352.2150,352.1500,352.1500
1788372260,352.1750,352.1900,352.1300,352.1900
1788372261,352.2000,352.2000,352.1700,352.1700
1788372263,352.1650,352.1900,352.1650,352.1900
1788372264,352.1900,352.1900,352.1900,352.1900
1788372265,352.1900,352.2300,352.1900,352.2100
1788372269,352.2000,352.2800,352.2000,352.2800
1788372270,352.2700,352.2700,352.2700,352.2700
1788372272,352.2200,352.2200,352.2100,352.2100
1788372275,352.1900,352.2000,352.1900,352.2000
1788372278,352.1600,352.1600,352.1600,352.1600
1788372280,352.1400,352.1400,352.1000,352.1100
1788372281,352.1100,352.1100,352.1100,352.1100
1788372286,352.1300,352.1300,352.1300,352.1300
1788372289,352.1600,352.1600,352.1600,352.1600
1788372291,352.1600,352.2000,352.1600,352.2000
1788372292,352.2300,352.2300,352.2200,352.2200
1788372293,352.2400,352.2900,352.2400,352.2900
1788372294,352.2900,352.3300,352.2900,352.3300
1788372295,352.3400,352.3950,352.3400,352.3800
1788372296,352.4000,352.4300,352.4000,352.4300
1788372297,352.4400,352.4400,352.4400,352.4400
1788372298,352.4800,352.5200,352.4800,352.5100
1788372299,352.5000,352.5000,352.4600,352.4700
1788372300,352.4700,352.4900,352.4700,352.4900
1788372301,352.4700,352.5000,352.4700,352.4700
1788372302,352.4900,352.4900,352.4900,352.4900
1788372305,352.4800,352.4800,352.4800,352.4800
1788372306,352.4700,352.4700,352.4700,352.4700
1788372310,352.4700,352.4700,352.3550,352.3550
1788372311,352.3700,352.3750,352.3700,352.3750
1788372313,352.4000,352.4000,352.4000,352.4000
1788372314,352.4300,352.4500,352.4300,352.4500
1788372315,352.4800,352.4800,352.4400,352.4700
1788372326,352.4400,352.4400,352.4300,352.4300
1788372327,352.4900,352.4900,352.4900,352.4900
1788372328,352.5000,352.5000,352.5000,352.5000
1788372329,352.4700,352.4700,352.4500,352.4500
1788372334,352.5000,352.5200,352.5000,352.5200
1788372335,352.5400,352.5800,352.5400,352.5800
1788372337,352.5800,352.5900,352.5800,352.5900
1788372339,352.5800,352.5800,352.5300,352.5300
1788372341,352.5600,352.5600,352.5000,352.5000
1788372342,352.5100,352.5100,352.5100,352.5100
1788372345,352.5200,352.5200,352.5200,352.5200
1788372347,352.5400,352.5500,352.5400,352.5500
1788372348,352.5700,352.6400,352.5700,352.6250
1788372349,352.6400,352.6400,352.6400,352.6400
1788372350,352.6400,352.6500,352.6400,352.6500
1788372351,352.6300,352.6300,352.6300,352.6300
1788372353,352.6300,352.6300,352.6300,352.6300
1788372354,352.6550,352.6550,352.6550,352.6550
1788372355,352.6300,352.6300,352.6300,352.6300
1788372357,352.6600,352.7000,352.6600,352.7000
1788372358,352.7000,352.7000,352.7000,352.7000
1788372359,352.7000,352.7000,352.7000,352.7000
1788372360,352.7300,352.7500,352.6900,352.7000
1788372361,352.6600,352.6600,352.6600,352.6600
1788372363,352.6300,352.6300,352.6100,352.6100
1788372369,352.6300,352.6500,352.6300,352.6500
1788372371,352.6300,352.6300,352.5800,352.5850
1788372375,352.5900,352.6100,352.5900,352.6100
1788372379,352.6300,352.6300,352.6300,352.6300
1788372381,352.6000,352.6000,352.6000,352.6000
1788372383,352.5600,352.5600,352.5500,352.5500
1788372385,352.5600,352.6400,352.5600,352.6100
1788372390,352.6200,352.6400,352.6200,352.6400
1788372396,352.6000,352.6000,352.5900,352.6000
1788372397,352.6000,352.6000,352.6000,352.6000
1788372398,352.5600,352.5600,352.5600,352.5600
1788372400,352.5500,352.5500,352.5500,352.5500
1788372404,352.5600,352.5600,352.5600,352.5600
1788372405,352.5800,352.5800,352.5800,352.5800
1788372408,352.5900,352.6300,352.5900,352.6200
1788372409,352.6400,352.7600,352.6400,352.7300
1788372411,352.7600,352.7700,352.7600,352.7600
1788372413,352.7600,352.7600,352.7600,352.7600
1788372415,352.7700,352.7700,352.7600,352.7600
1788372416,352.7450,352.7450,352.7400,352.7450
1788372418,352.7700,352.7700,352.7700,352.7700
1788372420,352.7600,352.7900,352.7600,352.7900
1788372421,352.7900,352.7900,352.7900,352.7900
1788372422,352.7800,352.7900,352.7400,352.7500
1788372427,352.7650,352.7650,352.7100,352.7100
1788372428,352.7100,352.7200,352.7100,352.7200
1788372430,352.7000,352.7000,352.7000,352.7000
1788372434,352.6800,352.6800,352.6100,352.6100
1788372435,352.6600,352.6600,352.6600,352.6600
1788372441,352.6200,352.6200,352.6200,352.6200
1788372445,352.6200,352.6200,352.6200,352.6200
1788372446,352.6100,352.6100,352.6000,352.6000
1788372452,352.6300,352.6400,352.6300,352.6400
1788372457,352.6600,352.7500,352.6600,352.7500
1788372458,352.7500,352.7700,352.7500,352.7700
1788372459,352.7550,352.7550,352.7300,352.7450
1788372460,352.7300,352.7600,352.7300,352.7600
1788372462,352.6900,352.7100,352.6900,352.7100
1788372463,352.7100,352.7100,352.7100,352.7100
1788372465,352.7100,352.7100,352.7100,352.7100
1788372466,352.7200,352.7200,352.7200,352.7200
1788372468,352.6900,352.6900,352.6900,352.6900
1788372470,352.6900,352.6900,352.6900,352.6900
1788372474,352.6900,352.6900,352.6900,352.6900
1788372475,352.6900,352.7200,352.6900,352.7200
1788372482,352.7400,352.7500,352.7400,352.7500
1788372483,352.7300,352.7300,352.6500,352.6500
1788372485,352.6600,352.6700,352.6600,352.6700
1788372498,352.7000,352.7000,352.6800,352.6800
1788372500,352.6700,352.6700,352.6700,352.6700
1788372503,352.6600,352.6600,352.6600,352.6600
1788372504,352.6400,352.6400,352.6400,352.6400
1788372505,352.6400,352.6400,352.6400,352.6400
1788372506,352.6200,352.6200,352.6200,352.6200
1788372512,352.6200,352.6400,352.5800,352.5800
1788372513,352.5600,352.5600,352.5600,352.5600
1788372514,352.5600,352.5700,352.5400,352.5400
1788372515,352.5400,352.5500,352.5400,352.5500
1788372520,352.5700,352.6000,352.5700,352.6000
1788372521,352.5300,352.5500,352.4800,352.4800
1788372524,352.5150,352.5200,352.4800,352.4800
1788372528,352.5300,352.5500,352.5300,352.5500
1788372530,352.5600,352.5600,352.5600,352.5600
1788372531,352.5500,352.5500,352.5500,352.5500
1788372536,352.5550,352.5550,352.5550,352.5550
1788372537,352.5300,352.5300,352.5300,352.5300
1788372539,352.5300,352.5300,352.5300,352.5300
1788372541,352.5600,352.6100,352.5600,352.6100
1788372545,352.6000,352.6000,352.6000,352.6000
1788372546,352.5900,352.5900,352.5700,352.5700
1788372554,352.5700,352.5800,352.5700,352.5800
1788372556,352.6200,352.6300,352.6200,352.6300
1788372558,352.6300,352.6300,352.6300,352.6300
1788372561,352.6300,352.6300,352.6300,352.6300
1788372566,352.5900,352.5900,352.5900,352.5900
1788372570,352.6100,352.6100,352.6000,352.6000
1788372573,352.5800,352.5800,352.5600,352.5600
1788372574,352.5600,352.5600,352.5300,352.5300
1788372581,352.5400,352.5400,352.5400,352.5400
1788372588,352.5200,352.5200,352.4900,352.5100
1788372590,352.5200,352.5200,352.5200,352.5200
1788372591,352.5300,352.5300,352.5300,352.5300
1788372593,352.5500,352.5500,352.5500,352.5500
1788372605,352.5500,352.5700,352.5500,352.5700
1788372607,352.5700,352.5800,352.5400,352.5400
1788372608,352.5300,352.5300,352.5100,352.5100
1788372611,352.5200,352.5300,352.5200,352.5200
1788372612,352.5500,352.5500,352.5500,352.5500
1788372613,352.5000,352.5000,352.5000,352.5000
1788372615,352.4700,352.4700,352.4500,352.4500
1788372620,352.4500,352.4500,352.4500,352.4500
1788372622,352.4300,352.4300,352.4100,352.4100
1788372623,352.4000,352.4000,352.3800,352.3800
1788372624,352.3700,352.4000,352.3600,352.4000
1788372628,352.4100,352.4100,352.4100,352.4100
1788372632,352.4100,352.4100,352.4100,352.4100
1788372635,352.4300,352.4600,352.4300,352.4500
1788372639,352.4700,352.5000,352.4700,352.5000
1788372642,352.4800,352.4800,352.4800,352.4800
1788372646,352.4750,352.4750,352.4400,352.4400
1788372648,352.4600,352.4600,352.4600,352.4600
1788372649,352.4600,352.4600,352.4600,352.4600
1788372650,352.4600,352.4600,352.4600,352.4600
1788372653,352.4500,352.4500,352.4500,352.4500
1788372654,352.4600,352.4600,352.4600,352.4600
1788372655,352.4600,352.4600,352.4600,352.4600
1788372657,352.4500,352.4500,352.4400,352.4400
1788372660,352.4600,352.4700,352.4300,352.4300
1788372665,352.4300,352.4300,352.4300,352.4300
1788372666,352.4300,352.4300,352.4300,352.4300
1788372668,352.4200,352.4200,352.3500,352.3500
1788372669,352.3400,352.3400,352.1200,352.1300
1788372670,352.1200,352.1300,352.1200,352.1200
1788372671,352.1000,352.1300,352.1000,352.1300
1788372673,352.1300,352.1400,352.1300,352.1400
1788372674,352.1500,352.1600,352.1500,352.1600
1788372676,352.1300,352.1300,352.1200,352.1200
1788372680,352.1300,352.1300,352.0000,352.1000
1788372682,352.0600,352.0700,352.0600,352.0600
1788372684,352.0600,352.0600,352.0600,352.0600
1788372686,352.0650,352.0650,352.0300,352.0300
1788372687,352.0300,352.0700,352.0300,352.0400
1788372690,352.0400,352.0400,352.0200,352.0200
1788372693,352.0500,352.0600,352.0450,352.0450
1788372695,352.0400,352.0400,352.0400,352.0400
1788372697,352.0300,352.0300,352.0300,352.0300
1788372698,352.0200,352.0200,352.0200,352.0200
1788372699,352.0100,352.0400,352.0100,352.0400
1788372703,352.0500,352.0700,352.0500,352.0700
1788372704,352.0800,352.0800,352.0800,352.0800
1788372709,352.0600,352.0600,352.0600,352.0600
1788372712,352.1000,352.1200,352.1000,352.1200
1788372716,352.0600,352.0600,352.0400,352.0500
1788372718,352.0800,352.0800,352.0700,352.0700
1788372720,352.0800,352.0800,352.0800,352.0800
1788372721,352.1100,352.1850,352.1100,352.1850
1788372722,352.2000,352.2000,352.1500,352.1500
1788372724,352.1300,352.1300,352.1200,352.1200
1788372725,352.1400,352.1400,352.1400,352.1400
1788372732,352.1100,352.1200,352.0500,352.1200
1788372733,352.0500,352.0500,351.9700,351.9700
1788372735,351.9900,351.9900,351.9600,351.9600
1788372738,351.9500,351.9500,351.9500,351.9500
1788372740,351.9500,351.9500,351.9500,351.9500
1788372743,351.9600,351.9900,351.9600,351.9900
1788372751,352.0100,352.0500,352.0100,352.0500
1788372757,352.0600,352.0600,352.0600,352.0600
1788372761,352.0300,352.0300,352.0300,352.0300
1788372762,352.0300,352.0300,352.0300,352.0300
1788372764,352.0300,352.0300,352.0300,352.0300
1788372766,352.0000,352.0000,351.9700,351.9800
1788372767,351.9800,351.9800,351.9800,351.9800
1788372774,351.9700,351.9900,351.9700,351.9900
1788372776,351.9900,351.9900,351.9700,351.9700
1788372777,351.9600,351.9700,351.9600,351.9700
1788372780,351.9800,352.0000,351.9800,352.0000
1788372783,351.9900,352.0000,351.9900,352.0000
1788372786,352.0100,352.0850,352.0100,352.0850
1788372793,352.0900,352.1100,352.0900,352.0900
1788372795,352.0600,352.0600,352.0500,352.0500
1788372799,352.1100,352.1500,352.1100,352.1500
1788372800,352.1900,352.1900,352.1800,352.1800
1788372801,352.1700,352.2000,352.1700,352.2000
1788372804,352.1400,352.1400,352.1400,352.1400
1788372808,352.1600,352.1700,352.1600,352.1600
1788372809,352.1400,352.1400,352.1400,352.1400
1788372810,352.1400,352.1400,352.1400,352.1400
1788372813,352.1600,352.1600,352.1600,352.1600
1788372815,352.1600,352.1600,352.1600,352.1600
1788372816,352.1500,352.1600,352.1300,352.1300
1788372817,352.1400,352.1400,352.1400,352.1400
1788372822,352.1700,352.1700,352.1700,352.1700
1788372825,352.1600,352.1600,352.1600,352.1600
1788372828,352.1700,352.1700,352.1700,352.1700
1788372833,352.1900,352.1900,352.1900,352.1900
1788372834,352.1800,352.1800,352.1500,352.1500
1788372836,352.1300,352.1300,352.1000,352.1000
1788372837,352.1100,352.1500,352.1100,352.1500
1788372840,352.1400,352.1400,352.0800,352.0800
1788372841,352.1200,352.1300,352.1200,352.1300
1788372842,352.1200,352.1200,352.1200,352.1200
1788372853,352.1100,352.1100,352.1100,352.1100
1788372854,352.1100,352.1400,352.1100,352.1400
1788372856,352.1600,352.1700,352.1600,352.1700
1788372858,352.1800,352.2000,352.1800,352.2000
1788372860,352.1600,352.2000,352.1600,352.2000
1788372869,352.1900,352.2100,352.1900,352.2100
1788372870,352.2200,352.2200,352.2100,352.2100
1788372872,352.1950,352.1950,352.1950,352.1950
1788372873,352.2000,352.2000,352.2000,352.2000
1788372874,352.2150,352.2300,352.2150,352.2300
1788372877,352.2300,352.2600,352.2300,352.2600
1788372880,352.2800,352.3100,352.2800,352.3100
1788372882,352.3500,352.3550,352.3500,352.3550
1788372883,352.3200,352.3200,352.3100,352.3100
1788372884,352.3200,352.3200,352.2900,352.2900
1788372890,352.2800,352.2800,352.2700,352.2700
1788372896,352.2900,352.2900,352.2900,352.2900
1788372900,352.3100,352.3100,352.3100,352.3100
1788372902,352.3100,352.3100,352.2900,352.3100
1788372905,352.2900,352.2900,352.2800,352.2900
1788372906,352.2600,352.2600,352.2600,352.2600
1788372910,352.2800,352.2900,352.2800,352.2900
1788372912,352.2700,352.2700,352.2700,352.2700
1788372914,352.2700,352.2700,352.2700,352.2700
1788372915,352.2700,352.2900,352.2700,352.2900
1788372917,352.3000,352.3000,352.3000,352.3000
1788372918,352.2700,352.2700,352.2700,352.2700
1788372919,352.3000,352.3000,352.3000,352.3000
1788372925,352.3100,352.3100,352.3100,352.3100
1788372926,352.3100,352.3100,352.3100,352.3100
1788372929,352.3400,352.3400,352.3400,352.3400
1788372930,352.3400,352.3400,352.3400,352.3400
1788372931,352.3600,352.3600,352.3500,352.3500
1788372935,352.3400,352.3400,352.3400,352.3400
1788372942,352.3400,352.3400,352.2900,352.2900
1788372943,352.3000,352.3000,352.2600,352.2600
1788372944,352.2300,352.2300,352.1900,352.1900
1788372945,352.2200,352.2200,352.2200,352.2200
1788372947,352.1900,352.2100,352.1800,352.2100
1788372954,352.1950,352.2800,352.1950,352.2800
1788372958,352.2500,352.2500,352.2500,352.2500
1788372959,352.2700,352.2800,352.2700,352.2800
1788372961,352.3200,352.3200,352.3200,352.3200
1788372962,352.3000,352.3000,352.3000,352.3000
1788372967,352.3200,352.3900,352.3200,352.3900
1788372968,352.3900,352.3900,352.3900,352.3900
1788372969,352.3900,352.3900,352.3800,352.3800
1788372972,352.3400,352.3500,352.3400,352.3500
1788372977,352.3500,352.3500,352.3500,352.3500
1788372981,352.3700,352.3700,352.3700,352.3700
1788372984,352.3500,352.3600,352.3500,352.3600
1788372985,352.3800,352.4100,352.3800,352.3900
1788372987,352.4000,352.4200,352.4000,352.4100
1788372989,352.4200,352.4200,352.4200,352.4200
1788372991,352.4100,352.4100,352.3900,352.3900
1788372995,352.4200,352.4200,352.4200,352.4200
1788372996,352.3800,352.3800,352.3500,352.3500
1788372999,352.3500,352.3500,352.3500,352.3500
1788373000,352.3400,352.3400,352.3400,352.3400
1788373001,352.3300,352.3300,352.2900,352.2900
1788373003,352.3250,352.3250,352.3250,352.3250
1788373009,352.3200,352.3300,352.3200,352.3300
1788373011,352.3300,352.3400,352.3300,352.3400
1788373012,352.3100,352.3100,352.3100,352.3100
1788373013,352.3200,352.3200,352.3200,352.3200
1788373015,352.3200,352.3200,352.3200,352.3200
1788373016,352.3300,352.3300,352.3200,352.3200
1788373026,352.3200,352.3200,352.3200,352.3200
1788373027,352.3150,352.3500,352.3000,352.3500
1788373029,352.3650,352.3650,352.3650,352.3650
1788373031,352.3600,352.3700,352.3600,352.3700
1788373037,352.3800,352.4450,352.3800,352.4400
1788373039,352.4150,352.4150,352.4100,352.4100
1788373040,352.4150,352.4150,352.4150,352.4150
1788373041,352.4100,352.4100,352.4100,352.4100
1788373044,352.3900,352.3900,352.3500,352.3500
1788373047,352.3600,352.3700,352.3600,352.3700
1788373050,352.3900,352.4000,352.3900,352.4000
1788373053,352.4000,352.4000,352.4000,352.4000
1788373058,352.4000,352.4000,352.4000,352.4000
1788373059,352.4100,352.4600,352.4050,352.4300
1788373061,352.4400,352.4400,352.4400,352.4400
1788373062,352.4600,352.4800,352.4600,352.4800
1788373064,352.4900,352.5000,352.4900,352.5000
1788373066,352.5300,352.5300,352.5300,352.5300
1788373067,352.5600,352.5600,352.5600,352.5600
1788373069,352.5900,352.5900,352.5900,352.5900
1788373070,352.6000,352.6000,352.5800,352.5800
1788373071,352.6200,352.6300,352.6200,352.6300
1788373073,352.6000,352.6000,352.5800,352.6000
1788373074,352.6100,352.6100,352.6100,352.6100
1788373078,352.5800,352.5800,352.5800,352.5800
1788373079,352.5800,352.5800,352.5500,352.5500
1788373081,352.5600,352.5600,352.5450,352.5600
1788373085,352.5600,352.5600,352.5600,352.5600
1788373086,352.5400,352.5400,352.5200,352.5200
1788373090,352.5100,352.5100,352.5000,352.5000
1788373094,352.5400,352.5400,352.5400,352.5400
1788373095,352.5300,352.5300,352.5300,352.5300
1788373096,352.5500,352.5900,352.5500,352.5800
1788373099,352.5700,352.5700,352.5700,352.5700
1788373100,352.5600,352.5650,352.5600,352.5650
1788373102,352.5600,352.5600,352.5600,352.5600
1788373103,352.5400,352.5400,352.5400,352.5400
1788373108,352.5400,352.5500,352.5400,352.5500
1788373110,352.5500,352.5600,352.5500,352.5600
1788373116,352.5600,352.5600,352.5500,352.5600
1788373117,352.5650,352.5650,352.5600,352.5600
1788373118,352.5800,352.5900,352.5800,352.5900
1788373124,352.5800,352.6000,352.5800,352.6000
1788373125,352.6000,352.8800,352.6000,352.8200
1788373126,352.8300,352.9600,352.7500,352.8900
1788373127,352.9600,353.1500,352.9500,353.0600
1788373128,353.0300,353.0700,352.9600,353.0300
1788373129,353.0300,353.0550,352.9900,353.0300
1788373130,353.1400,353.2700,353.1400,353.2500
1788373131,353.2300,353.2600,352.9100,352.9100
1788373132,352.9700,352.9700,352.8200,352.9200
1788373133,352.8500,352.8500,352.8400,352.8400
1788373134,352.8700,352.8800,352.8300,352.8300
1788373135,352.8600,352.8800,352.8500,352.8600
1788373136,352.8700,352.8700,352.8700,352.8700
1788373137,352.8300,352.8400,352.8300,352.8400
1788373138,352.8400,352.8400,352.8250,352.8250
1788373139,352.8500,352.8500,352.8400,352.8400
1788373140,352.8600,352.8600,352.8500,352.8500
1788373142,352.8500,352.8500,352.8500,352.8500
1788373143,352.8700,352.9100,352.8700,352.9100
1788373144,352.8800,352.8800,352.8800,352.8800
1788373145,352.8900,352.8900,352.8900,352.8900
1788373146,352.8900,352.8900,352.8900,352.8900
1788373147,352.9000,352.9100,352.9000,352.9100
1788373149,352.8400,352.8400,352.7800,352.8000
1788373151,352.7800,352.7800,352.7800,352.7800
1788373157,352.8000,352.8000,352.8000,352.8000
1788373158,352.7700,352.7700,352.7700,352.7700
1788373159,352.7750,352.7750,352.7700,352.7700
1788373160,352.7700,352.7700,352.7700,352.7700
1788373161,352.8000,352.8000,352.8000,352.8000
1788373162,352.8100,352.8100,352.8100,352.8100
1788373163,352.8050,352.8050,352.8050,352.8050
1788373165,352.8200,352.8600,352.8200,352.8400
1788373168,352.8600,352.8700,352.8400,352.8700
1788373170,352.8700,352.8700,352.8700,352.8700
1788373172,352.8700,352.8700,352.8700,352.8700
1788373173,352.8700,352.8700,352.8500,352.8500
1788373174,352.8700,352.8700,352.8700,352.8700
1788373175,352.8500,352.8500,352.8500,352.8500
1788373176,352.8500,352.8500,352.8500,352.8500
1788373177,352.8500,352.8600,352.8200,352.8300
1788373179,352.8400,352.8700,352.8400,352.8700
1788373182,352.8400,352.8400,352.8200,352.8200
1788373184,352.8500,352.8500,352.8500,352.8500
1788373185,352.8400,352.8400,352.8400,352.8400
1788373187,352.8200,352.8200,352.8200,352.8200
1788373190,352.8700,352.8700,352.8700,352.8700
1788373193,352.8700,352.8700,352.8700,352.8700
1788373194,352.8600,352.8600,352.8600,352.8600
1788373196,352.8500,352.8500,352.8450,352.8450
1788373197,352.8450,352.9100,352.8450,352.8900
1788373198,352.8800,352.8800,352.8800,352.8800
1788373202,352.8900,352.8900,352.8900,352.8900
1788373204,352.8900,352.9100,352.8900,352.9100
1788373205,352.9400,352.9700,352.9400,352.9700
1788373206,352.9700,352.9700,352.9300,352.9300
1788373207,352.9600,352.9600,352.9600,352.9600
1788373208,352.9800,352.9900,352.9800,352.9800
1788373212,352.9800,352.9900,352.9600,352.9800
1788373213,352.9900,353.0000,352.9700,352.9800
1788373218,352.9600,352.9600,352.9600,352.9600
1788373221,352.9400,352.9400,352.9400,352.9400
1788373222,352.9400,352.9400,352.9400,352.9400
1788373223,352.9400,352.9400,352.9400,352.9400
1788373225,352.9500,353.0400,352.9500,353.0400
1788373228,353.0400,353.0400,353.0100,353.0100
1788373230,353.0000,353.0550,353.0000,353.0550
1788373233,353.1000,353.1100,353.1000,353.1000
1788373234,353.1000,353.1100,353.1000,353.1100
1788373235,353.0900,353.0900,353.0900,353.0900
1788373236,353.1100,353.1200,353.1100,353.1200
1788373237,353.1100,353.1100,353.0900,353.0900
1788373238,353.0800,353.0800,353.0700,353.0700
1788373239,353.1000,353.1000,353.1000,353.1000
1788373241,353.1000,353.1000,353.0900,353.0950
1788373242,353.0900,353.0900,353.0900,353.0900
1788373243,353.1000,353.1200,353.1000,353.1200
1788373244,353.1100,353.1200,353.0800,353.1100
1788373245,353.0900,353.1000,353.0900,353.1000
1788373247,353.1100,353.1100,353.1100,353.1100
1788373248,353.1000,353.1000,353.0900,353.0900
1788373251,353.0900,353.0900,353.0700,353.0700
1788373252,353.0900,353.0900,353.0900,353.0900
1788373253,353.1200,353.1300,353.0800,353.1100
1788373255,353.0700,353.0700,353.0700,353.0700
1788373256,353.0600,353.0800,353.0600,353.0800
1788373257,353.0800,353.0800,353.0000,353.0000
1788373258,353.0050,353.0050,352.9700,352.9900
1788373260,353.0200,353.0300,353.0200,353.0300
1788373261,353.0600,353.1500,353.0600,353.1200
1788373262,353.1200,353.1200,353.1150,353.1150
1788373263,353.1100,353.1100,353.1100,353.1100
1788373266,353.0800,353.1000,353.0600,353.0600
1788373268,353.0500,353.0600,353.0500,353.0600
1788373269,353.0900,353.0900,353.0900,353.0900
1788373273,353.0500,353.0500,353.0500,353.0500
1788373275,353.0200,353.0200,353.0200,353.0200
1788373276,353.0000,353.0000,353.0000,353.0000
1788373277,353.0000,353.0000,353.0000,353.0000
1788373280,353.0100,353.0150,353.0100,353.0150
1788373282,353.0000,353.0000,352.9700,352.9700
1788373283,352.9500,352.9500,352.9200,352.9200
1788373284,352.9300,352.9300,352.9000,352.9000
1788373289,352.8800,352.8800,352.8800,352.8800
1788373291,352.8400,352.8400,352.8300,352.8300
1788373293,352.8400,352.8500,352.8400,352.8500
1788373300,352.7800,352.7800,352.7400,352.7400
1788373301,352.7350,352.7350,352.7350,352.7350
1788373302,352.7100,352.7100,352.7000,352.7000
1788373305,352.7400,352.7400,352.7400,352.7400
1788373310,352.7500,352.7500,352.7500,352.7500
1788373315,352.7800,352.7900,352.7800,352.7900
1788373320,352.8300,352.8300,352.8300,352.8300
1788373324,352.8200,352.8200,352.8200,352.8200
1788373327,352.8100,352.8100,352.8100,352.8100
1788373332,352.8100,352.8100,352.8000,352.8000
1788373336,352.7800,352.7800,352.7800,352.7800
1788373339,352.7800,352.7800,352.7800,352.7800
1788373340,352.7800,352.7800,352.7800,352.7800
1788373342,352.7650,352.7650,352.7650,352.7650
1788373343,352.7800,352.7900,352.7800,352.7900
1788373345,352.7800,352.7800,352.7800,352.7800
1788373347,352.8000,352.8300,352.8000,352.8300
1788373351,352.8400,352.8400,352.8400,352.8400
1788373353,352.8500,352.8600,352.8500,352.8600
1788373354,352.8700,352.8700,352.8700,352.8700
1788373359,352.8500,352.8500,352.7900,352.7900
1788373361,352.8000,352.8000,352.8000,352.8000
1788373365,352.8400,352.8800,352.8400,352.8800
1788373366,352.8900,352.8900,352.8900,352.8900
1788373369,352.8600,352.8600,352.8600,352.8600
1788373376,352.9000,352.9100,352.8400,352.8500
1788373378,352.8800,352.8800,352.8800,352.8800
1788373389,352.8700,352.8800,352.8500,352.8500
1788373391,352.8300,352.8300,352.8100,352.8100
1788373393,352.8000,352.8000,352.8000,352.8000
1788373394,352.7900,352.7900,352.7500,352.7500
1788373397,352.7600,352.7600,352.7600,352.7600
1788373400,352.7200,352.7200,352.7000,352.7100
1788373402,352.7000,352.7000,352.7000,352.7000
1788373403,352.6900,352.6900,352.6400,352.6400
1788373404,352.6700,352.6900,352.6400,352.6800
1788373406,352.6900,352.6900,352.6900,352.6900
1788373408,352.7000,352.7000,352.6900,352.6900
1788373409,352.6750,352.6750,352.6700,352.6700
1788373410,352.6900,352.6900,352.6900,352.6900
1788373411,352.6600,352.6600,352.6600,352.6600
1788373412,352.6550,352.6750,352.6400,352.6750
1788373413,352.6700,352.6750,352.6700,352.6750
1788373414,352.6800,352.6800,352.6500,352.6500
1788373416,352.6300,352.6300,352.5300,352.5300
1788373418,352.5200,352.5500,352.5100,352.5100
1788373419,352.5000,352.5000,352.5000,352.5000
1788373420,352.4800,352.4900,352.4800,352.4800
1788373422,352.4600,352.4700,352.4600,352.4700
1788373424,352.4400,352.5050,352.4400,352.5050
1788373434,352.5300,352.5300,352.5300,352.5300
1788373435,352.5100,352.5100,352.4500,352.4500
1788373436,352.4000,352.4000,352.4000,352.4000
1788373440,352.4300,352.4300,352.4300,352.4300
1788373441,352.4300,352.4500,352.4300,352.4500
1788373442,352.4500,352.4500,352.4500,352.4500
1788373444,352.4800,352.4800,352.4800,352.4800
1788373447,352.5050,352.5050,352.5050,352.5050
1788373448,352.5300,352.5300,352.5300,352.5300
1788373451,352.5400,352.5500,352.5400,352.5500
1788373452,352.5700,352.5800,352.5700,352.5800
1788373454,352.5500,352.5500,352.5500,352.5500
1788373456,352.5600,352.5700,352.5600,352.5700
1788373458,352.5450,352.5600,352.4900,352.5000
1788373459,352.4850,352.4850,352.4850,352.4850
1788373460,352.4600,352.4600,352.4600,352.4600
1788373462,352.4400,352.4400,352.4000,352.4000
1788373468,352.4100,352.4200,352.4100,352.4200
1788373469,352.4000,352.4000,352.3800,352.3800
1788373470,352.4300,352.4400,352.4300,352.4400
1788373471,352.4400,352.4400,352.4400,352.4400
1788373475,352.4400,352.4400,352.4300,352.4350
1788373478,352.4200,352.4200,352.4100,352.4100
1788373479,352.4400,352.4400,352.4400,352.4400
1788373480,352.4250,352.4250,352.4250,352.4250
1788373487,352.4200,352.4200,352.3900,352.3900
1788373488,352.3900,352.3900,352.3900,352.3900
1788373489,352.3600,352.3600,352.3600,352.3600
1788373490,352.3650,352.3650,352.3500,352.3500
1788373494,352.3550,352.3550,352.3550,352.3550
1788373496,352.3700,352.3900,352.3700,352.3900
1788373497,352.3600,352.3600,352.2200,352.2600
1788373499,352.3000,352.3000,352.3000,352.3000
1788373500,352.3000,352.3000,352.3000,352.3000
1788373501,352.3100,352.3100,352.3000,352.3000
1788373502,352.3000,352.3100,352.3000,352.3100
1788373503,352.3000,352.3400,352.3000,352.3400
1788373505,352.3100,352.3100,352.3000,352.3000
1788373511,352.2200,352.2200,352.2000,352.2000
1788373513,352.2100,352.2400,352.2100,352.2400
1788373514,352.2600,352.2600,352.2600,352.2600
1788373516,352.2600,352.2800,352.2600,352.2800
1788373517,352.2400,352.2500,352.2000,352.2500
1788373520,352.2200,352.2200,352.2200,352.2200
1788373521,352.1800,352.1800,352.1600,352.1600
1788373522,352.1500,352.1500,352.1400,352.1400
1788373523,352.1300,352.1300,352.0800,352.1300
1788373524,352.1300,352.2000,352.1200,352.2000
1788373530,352.1000,352.1000,352.1000,352.1000
1788373531,352.0900,352.0900,352.0900,352.0900
1788373532,352.0700,352.0900,352.0600,352.0900
1788373533,352.0700,352.0700,352.0600,352.0600
1788373534,352.0500,352.0500,351.9900,352.0100
1788373537,352.0200,352.0300,352.0200,352.0300
1788373538,352.0400,352.0900,352.0400,352.0900
1788373539,352.0900,352.0900,352.0900,352.0900
1788373541,352.0850,352.1100,352.0850,352.1100
1788373543,352.1200,352.1200,352.1200,352.1200
1788373544,352.1000,352.1150,352.0800,352.0800
1788373547,352.1200,352.1200,352.1200,352.1200
1788373548,352.1200,352.1200,352.1000,352.1000
1788373551,352.1300,352.1300,352.1300,352.1300
1788373552,352.1400,352.1600,352.1400,352.1600
1788373553,352.1600,352.1800,352.1600,352.1800
1788373554,352.1700,352.1700,352.1700,352.1700
1788373555,352.1700,352.1700,352.1600,352.1600
1788373556,352.1800,352.1800,352.1800,352.1800
1788373559,352.1600,352.1600,352.1500,352.1500
1788373563,352.1300,352.1300,352.0900,352.0900
1788373566,352.0950,352.0950,352.0950,352.0950
1788373569,352.1200,352.1700,352.1200,352.1700
1788373572,352.1700,352.1900,352.1700,352.1800
1788373573,352.2100,352.2200,352.2100,352.2200
1788373575,352.2200,352.2800,352.2200,352.2400
1788373576,352.2200,352.2200,352.2200,352.2200
1788373577,352.2400,352.2400,352.2400,352.2400
1788373578,352.1950,352.1950,352.1950,352.1950
1788373579,352.2100,352.2100,352.2100,352.2100
1788373581,352.1800,352.2100,352.1800,352.2100
1788373582,352.1900,352.2000,352.1900,352.1900
1788373585,352.2200,352.2300,352.2200,352.2300
1788373586,352.2500,352.2800,352.2500,352.2800
1788373587,352.2700,352.2700,352.2500,352.2500
1788373592,352.2600,352.2600,352.2500,352.2600
1788373593,352.2300,352.2300,352.1300,352.1300
1788373594,352.1250,352.1250,351.9400,351.9450
1788373596,351.9700,352.0100,351.9700,352.0100
1788373599,351.9600,351.9600,351.9600,351.9600
1788373602,351.9900,352.0000,351.9800,351.9800
1788373603,351.9900,352.0000,351.9900,352.0000
1788373604,351.9800,351.9800,351.9800,351.9800
1788373605,351.9900,351.9900,351.9900,351.9900
1788373606,351.9700,352.0000,351.9650,351.9900
1788373611,351.9900,352.0350,351.9900,352.0350
1788373613,352.0200,352.0200,352.0200,352.0200
1788373614,352.0000,352.0000,352.0000,352.0000
1788373615,352.0400,352.0400,352.0000,352.0000
1788373617,351.9850,351.9850,351.9800,351.9800
1788373622,352.0000,352.0200,351.9900,352.0200
1788373623,352.0300,352.1300,352.0300,352.1300
1788373631,352.1200,352.1200,352.1200,352.1200
1788373632,352.0900,352.0900,352.0900,352.0900
1788373634,352.0800,352.0800,352.0800,352.0800
1788373636,352.0700,352.0700,352.0700,352.0700
1788373639,352.1100,352.1300,352.1100,352.1300
1788373640,352.1400,352.1400,352.1400,352.1400
1788373641,352.1300,352.1300,352.1300,352.1300
1788373642,352.1300,352.1350,352.1300,352.1350
1788373643,352.1100,352.1100,352.0800,352.0800
1788373649,352.1100,352.1500,352.1000,352.1500
1788373650,352.1700,352.1800,352.1600,352.1600
1788373651,352.1200,352.1200,352.0400,352.0400
1788373652,352.0200,352.0200,351.9900,351.9900
1788373653,352.0000,352.0000,352.0000,352.0000
1788373655,352.0000,352.0200,351.9750,351.9750
1788373656,351.9600,351.9600,351.9600,351.9600
1788373660,351.9400,351.9400,351.9000,351.9000
1788373662,351.9200,351.9300,351.9200,351.9300
1788373666,352.0000,352.0100,351.9800,351.9900
1788373667,351.9900,352.0100,351.9900,352.0100
1788373669,352.0100,352.0300,352.0100,352.0300
1788373671,352.0600,352.0600,352.0600,352.0600
1788373672,352.0700,352.1100,352.0700,352.1100
1788373674,352.0800,352.0800,352.0800,352.0800
1788373677,352.0700,352.0700,352.0700,352.0700
1788373681,352.1200,352.1200,352.1100,352.1100
1788373683,352.1400,352.1400,352.1400,352.1400
1788373684,352.1600,352.1600,352.1600,352.1600
1788373687,352.1450,352.2000,352.1450,352.2000
1788373688,352.1900,352.1900,352.1900,352.1900
1788373690,352.2050,352.2050,352.2050,352.2050
1788373692,352.2100,352.2100,352.1900,352.1900
1788373694,352.2100,352.2100,352.2100,352.2100
1788373698,352.1750,352.1750,352.1750,352.1750
1788373699,352.1400,352.1400,352.1400,352.1400
1788373702,352.1500,352.1500,352.1500,352.1500
1788373704,352.1800,352.1800,352.1800,352.1800
1788373706,352.1800,352.1800,352.1800,352.1800
1788373709,352.1700,352.1700,352.1700,352.1700
1788373710,352.1300,352.1300,352.1100,352.1100
1788373711,352.1300,352.1300,352.1300,352.1300
1788373712,352.1300,352.1300,352.1300,352.1300
1788373714,352.1300,352.1300,352.1300,352.1300
1788373717,352.1400,352.1500,352.1400,352.1500
1788373718,352.1500,352.1500,352.1200,352.1200
1788373719,352.0900,352.0900,352.0600,352.0600
1788373721,352.0500,352.0650,352.0500,352.0650
1788373722,352.0900,352.1050,352.0900,352.1050
1788373729,352.1000,352.1000,352.1000,352.1000
1788373733,352.1000,352.1000,352.1000,352.1000
1788373734,352.1000,352.1000,352.1000,352.1000
1788373735,352.0500,352.0500,352.0500,352.0500
1788373738,352.0700,352.0800,352.0700,352.0800
1788373741,352.1000,352.1100,352.1000,352.1100
1788373745,352.0900,352.0900,352.0700,352.0700
1788373750,352.0800,352.1000,352.0600,352.1000
1788373752,352.1000,352.1000,352.1000,352.1000
1788373753,352.1100,352.1100,352.1100,352.1100
1788373756,352.1100,352.1200,352.1100,352.1200
1788373758,352.1200,352.1400,352.1200,352.1400
1788373763,352.1500,352.1500,352.1500,352.1500
1788373764,352.1400,352.1400,352.1200,352.1300
1788373768,352.1300,352.1450,352.1300,352.1450
1788373769,352.1500,352.1500,352.1500,352.1500
1788373770,352.1350,352.1350,352.1350,352.1350
1788373771,352.1400,352.1400,352.1300,352.1300
1788373772,352.1300,352.1500,352.1300,352.1400
1788373775,352.1100,352.1100,352.0700,352.0700
1788373776,352.0600,352.0600,352.0600,352.0600
1788373777,352.0600,352.0600,352.0450,352.0500
1788373779,352.0600,352.0600,352.0500,352.0500
1788373781,352.0650,352.0650,352.0400,352.0400
1788373785,352.0600,352.0600,352.0600,352.0600
1788373786,352.0600,352.0800,352.0400,352.0600
1788373787,352.0600,352.0900,352.0600,352.0900
1788373789,352.0700,352.0700,352.0700,352.0700
1788373792,352.0700,352.0700,352.0500,352.0500
1788373793,352.0900,352.1100,352.0900,352.1100
1788373797,352.1000,352.1200,352.1000,352.1200
1788373798,352.1300,352.1600,352.1300,352.1600
1788373800,352.1900,352.2100,352.1900,352.2100
1788373801,352.2150,352.2200,352.1700,352.1900
1788373803,352.1950,352.2200,352.1950,352.2200
1788373804,352.2250,352.2800,352.2250,352.2500
1788373805,352.2500,352.2500,352.2500,352.2500
1788373806,352.2200,352.2400,352.1700,352.1800
1788373807,352.2300,352.2400,352.2300,352.2400
1788373808,352.2100,352.3200,352.2100,352.3200
1788373810,352.3100,352.3100,352.2750,352.2750
1788373818,352.3050,352.3300,352.2800,352.3300
1788373819,352.3300,352.3400,352.3300,352.3400
1788373820,352.3200,352.3500,352.3100,352.3100
1788373821,352.3300,352.3300,352.3300,352.3300
1788373822,352.3250,352.3250,352.3250,352.3250
1788373824,352.3000,352.3000,352.2600,352.2600
1788373826,352.2700,352.2700,352.2700,352.2700
1788373827,352.2700,352.2950,352.2700,352.2950
1788373829,352.2900,352.3500,352.2900,352.3100
1788373830,352.3200,352.3600,352.3000,352.3600
1788373832,352.3800,352.4000,352.3800,352.4000
1788373834,352.4400,352.4700,352.4400,352.4500
1788373835,352.4500,352.4500,352.4300,352.4300
1788373837,352.4300,352.4300,352.4300,352.4300
1788373838,352.4300,352.4300,352.4300,352.4300
1788373839,352.4300,352.4300,352.3700,352.3700
1788373840,352.3750,352.3900,352.3600,352.3900
1788373841,352.3400,352.3600,352.3400,352.3600
1788373843,352.3700,352.3700,352.3600,352.3600
1788373844,352.3800,352.3800,352.3500,352.3500
1788373845,352.3800,352.3900,352.3800,352.3900
1788373846,352.3800,352.3800,352.3800,352.3800
1788373847,352.3700,352.3700,352.3700,352.3700
1788373848,352.3700,352.3800,352.3600,352.3800
1788373849,352.3400,352.3400,352.3300,352.3300
1788373850,352.3500,352.3600,352.3500,352.3600
1788373851,352.3900,352.4000,352.3900,352.4000
1788373852,352.3900,352.4000,352.3800,352.3900
1788373853,352.3800,352.4000,352.3750,352.4000
1788373854,352.4000,352.4000,352.4000,352.4000
1788373855,352.3900,352.4000,352.3900,352.4000
1788373856,352.4150,352.4150,352.4150,352.4150
1788373857,352.4300,352.4500,352.4300,352.4300
1788373858,352.4100,352.4100,352.4100,352.4100
1788373861,352.4000,352.4000,352.3700,352.3700
1788373864,352.3700,352.3700,352.3700,352.3700
1788373865,352.3600,352.3600,352.3500,352.3500
1788373866,352.3400,352.3400,352.2300,352.2800
1788373868,352.2900,352.3100,352.2900,352.3100
1788373869,352.2900,352.2900,352.2900,352.2900
1788373870,352.2600,352.2600,352.2600,352.2600
1788373873,352.2200,352.2400,352.2000,352.2400
1788373875,352.2200,352.2200,352.1700,352.1700
1788373877,352.1700,352.1700,352.1700,352.1700
1788373879,352.2000,352.2000,352.1900,352.1900
1788373880,352.2000,352.2500,352.2000,352.2500
1788373887,352.2600,352.2800,352.2600,352.2800
1788373888,352.2800,352.2800,352.2800,352.2800
1788373890,352.2800,352.2800,352.2800,352.2800
1788373893,352.3000,352.3000,352.3000,352.3000
1788373894,352.3100,352.3100,352.3100,352.3100
1788373896,352.3500,352.3500,352.3500,352.3500
1788373900,352.3000,352.3000,352.2800,352.2800
1788373901,352.2700,352.2700,352.2700,352.2700
1788373904,352.2650,352.2650,352.2650,352.2650
1788373912,352.3000,352.3200,352.3000,352.3200
1788373913,352.3000,352.3000,352.3000,352.3000
1788373923,352.2700,352.2900,352.2600,352.2900
1788373925,352.2600,352.2700,352.2300,352.2700
1788373926,352.2650,352.2650,352.2600,352.2600
1788373929,352.2900,352.3000,352.2900,352.3000
1788373931,352.3300,352.3400,352.3300,352.3400
1788373932,352.3600,352.3600,352.3600,352.3600
1788373933,352.3850,352.3850,352.3700,352.3700
1788373935,352.3900,352.4000,352.3900,352.4000
1788373936,352.4100,352.4100,352.4100,352.4100
1788373939,352.4100,352.4100,352.4100,352.4100
1788373942,352.3900,352.3900,352.3700,352.3700
1788373944,352.3600,352.3600,352.3550,352.3600
1788373945,352.3800,352.3800,352.3800,352.3800
1788373946,352.3900,352.3900,352.3900,352.3900
1788373948,352.3800,352.3800,352.3700,352.3700
1788373949,352.3800,352.4700,352.3800,352.4700
1788373950,352.4800,352.4800,352.4800,352.4800
1788373952,352.4800,352.5300,352.4800,352.5300
1788373954,352.5600,352.5900,352.5600,352.5700
1788373955,352.5900,352.6000,352.5700,352.5700
1788373956,352.5600,352.5600,352.5600,352.5600
1788373958,352.5700,352.5900,352.5700,352.5850
1788373959,352.6000,352.6300,352.6000,352.6300
1788373962,352.6500,352.6500,352.6500,352.6500
1788373963,352.6500,352.6500,352.6400,352.6400
1788373966,352.6500,352.6500,352.6000,352.6100
1788373967,352.6200,352.6200,352.6200,352.6200
1788373968,352.6200,352.6300,352.6200,352.6300
1788373971,352.6600,352.6600,352.6600,352.6600
1788373973,352.6500,352.6500,352.6500,352.6500
1788373975,352.6100,352.6100,352.5800,352.5800
1788373982,352.6050,352.6050,352.5600,352.5700
1788373985,352.5500,352.5500,352.5400,352.5400
1788373991,352.5700,352.5900,352.5700,352.5900
1788373993,352.5750,352.5750,352.5700,352.5700
1788373994,352.5750,352.5750,352.5600,352.5600
1788373995,352.5600,352.5600,352.5500,352.5500
1788373996,352.5200,352.5200,352.5200,352.5200
1788373997,352.5000,352.5100,352.4800,352.4800
1788373998,352.4800,352.5000,352.4800,352.5000
1788374000,352.5000,352.5100,352.5000,352.5100
1788374001,352.5200,352.5200,352.5200,352.5200
1788374004,352.5300,352.5600,352.5300,352.5600
1788374009,352.5700,352.5700,352.5700,352.5700
1788374010,352.5800,352.6000,352.5800,352.6000
1788374011,352.6100,352.6100,352.6100,352.6100
1788374017,352.6200,352.6200,352.6200,352.6200
1788374026,352.5800,352.5800,352.5600,352.5600
1788374027,352.5400,352.5400,352.5400,352.5400
1788374028,352.5300,352.5300,352.5300,352.5300
1788374029,352.5200,352.5200,352.5200,352.5200
1788374032,352.5200,352.5200,352.5100,352.5100
1788374038,352.5000,352.5000,352.5000,352.5000
1788374040,352.5000,352.5100,352.4800,352.4800
1788374042,352.5000,352.5000,352.4800,352.4800
1788374047,352.4800,352.4900,352.4800,352.4800
1788374048,352.5000,352.5000,352.4700,352.4700
1788374053,352.5100,352.5300,352.5100,352.5100
1788374054,352.5000,352.5000,352.4600,352.4600
1788374068,352.4600,352.4600,352.4450,352.4500
1788374069,352.4500,352.4500,352.4400,352.4400
1788374070,352.4300,352.4300,352.4050,352.4050
1788374071,352.4000,352.4000,352.3800,352.3800
1788374072,352.3900,352.3900,352.3900,352.3900
1788374073,352.4000,352.4200,352.3700,352.3700
1788374076,352.3600,352.3600,352.3600,352.3600
1788374077,352.3600,352.3600,352.3600,352.3600
1788374078,352.3200,352.3200,352.2700,352.2700
1788374079,352.2700,352.2700,352.2000,352.2000
1788374080,352.2000,352.2000,352.2000,352.2000
1788374086,352.1800,352.1800,352.1100,352.1100
1788374092,352.1500,352.1700,352.1500,352.1700
1788374094,352.1600,352.1600,352.1600,352.1600
1788374095,352.1500,352.1500,352.1500,352.1500
1788374096,352.1500,352.1500,352.1400,352.1400
1788374097,352.1600,352.1600,352.1600,352.1600
1788374098,352.1650,352.1650,352.1650,352.1650
1788374100,352.1650,352.1650,352.1650,352.1650
1788374102,352.1900,352.2000,352.1700,352.1700
1788374104,352.1500,352.1500,352.1500,352.1500
1788374105,352.1500,352.1900,352.1500,352.1600
1788374107,352.1800,352.1800,352.1700,352.1700
1788374108,352.1700,352.1700,352.1400,352.1400
1788374111,352.1600,352.1600,352.1600,352.1600
1788374113,352.1600,352.1600,352.1600,352.1600
1788374117,352.1700,352.1800,352.1700,352.1800
1788374119,352.1900,352.1900,352.1900,352.1900
1788374121,352.2000,352.2000,352.2000,352.2000
1788374134,352.2100,352.2100,352.2100,352.2100
1788374135,352.2100,352.2200,352.2100,352.2150
1788374139,352.1900,352.1900,352.1500,352.1700
1788374144,352.1200,352.1200,352.0300,352.0300
1788374145,352.0300,352.0300,352.0300,352.0300
1788374146,352.0200,352.0200,351.9500,351.9800
1788374147,351.9700,351.9700,351.9700,351.9700
1788374149,351.9800,351.9800,351.9800,351.9800
1788374151,351.9500,351.9600,351.9400,351.9600
1788374153,351.9100,351.9100,351.9100,351.9100
1788374154,351.9000,351.9100,351.9000,351.9100
1788374156,351.9200,351.9400,351.9200,351.9200
1788374159,351.9300,351.9300,351.9300,351.9300
1788374161,351.9300,351.9900,351.9300,351.9900
1788374162,352.0000,352.0000,351.9900,351.9900
1788374167,352.0200,352.0200,351.9900,351.9900
1788374168,351.9800,351.9800,351.9500,351.9500
1788374178,351.9600,351.9600,351.9600,351.9600
1788374181,351.9850,351.9850,351.9850,351.9850
1788374185,352.0000,352.0200,352.0000,352.0200
1788374186,352.0400,352.0400,352.0400,352.0400
1788374187,352.0600,352.0600,352.0600,352.0600
1788374190,352.0700,352.0700,352.0700,352.0700
1788374196,352.0950,352.1100,352.0900,352.1100
1788374201,352.1000,352.1000,352.0950,352.1000
1788374205,352.1200,352.1200,352.1200,352.1200
1788374206,352.1000,352.1000,352.0900,352.1000
1788374208,352.0600,352.0600,352.0500,352.0500
1788374209,352.0500,352.0600,352.0500,352.0600
1788374210,352.0700,352.0800,352.0600,352.0800
1788374211,352.0900,352.1000,352.0900,352.1000
1788374213,352.0900,352.1000,352.0900,352.1000
1788374215,352.0700,352.0700,352.0700,352.0700
1788374218,352.0600,352.0700,352.0600,352.0700
1788374219,352.0900,352.0900,352.0900,352.0900
1788374220,352.0900,352.0900,352.0900,352.0900
1788374226,352.0500,352.0500,352.0400,352.0500
1788374227,352.0500,352.0500,352.0500,352.0500
1788374230,352.0550,352.0550,352.0300,352.0400
1788374232,352.0400,352.0400,352.0400,352.0400
1788374234,352.0700,352.0800,352.0700,352.0800
1788374242,352.0900,352.0900,352.0800,352.0800
1788374244,352.1100,352.2000,352.1100,352.1300
1788374246,352.1000,352.1200,352.1000,352.1200
1788374248,352.1300,352.1300,352.1300,352.1300
1788374249,352.1500,352.1500,352.1500,352.1500
1788374250,352.1900,352.1900,352.1900,352.1900
1788374253,352.1900,352.1900,352.1800,352.1800
1788374255,352.1800,352.1800,352.1300,352.1300
1788374260,352.1400,352.1400,352.1300,352.1300
1788374261,352.1600,352.1600,352.1600,352.1600
1788374262,352.1300,352.1300,352.1300,352.1300
1788374266,352.1200,352.1200,352.0900,352.1050
1788374271,352.1200,352.1200,352.0900,352.0900
1788374272,352.0800,352.0800,352.0800,352.0800
1788374273,352.0800,352.0800,352.0700,352.0700
1788374275,352.1000,352.1200,352.1000,352.1200
1788374277,352.0950,352.0950,352.0950,352.0950
1788374284,352.0800,352.1100,352.0800,352.1100
1788374285,352.0700,352.0700,352.0700,352.0700
1788374286,352.0600,352.0600,352.0600,352.0600
1788374289,352.1100,352.1500,352.1100,352.1500
1788374293,352.1100,352.1100,352.1000,352.1000
1788374294,352.1100,352.1100,352.1100,352.1100
1788374295,352.1100,352.1100,352.1100,352.1100
1788374296,352.1000,352.1000,352.1000,352.1000
1788374312,352.1100,352.1100,352.0600,352.0600
1788374313,352.0500,352.0500,352.0000,352.0000
1788374314,352.0100,352.0100,352.0100,352.0100
1788374315,352.0000,352.0000,352.0000,352.0000
1788374316,351.9900,351.9900,351.9700,351.9700
1788374317,351.9700,351.9700,351.9600,351.9600
1788374320,351.9700,351.9700,351.9700,351.9700
1788374321,351.9700,352.0200,351.9700,351.9800
1788374325,352.0100,352.0200,352.0100,352.0200
1788374328,352.0150,352.0150,352.0150,352.0150
1788374329,352.0200,352.0200,352.0200,352.0200
1788374336,352.0300,352.0400,352.0300,352.0400
1788374337,352.0300,352.0400,352.0300,352.0400
1788374339,352.0400,352.0700,352.0400,352.0600
1788374343,352.0750,352.0800,352.0100,352.0100
1788374344,352.0100,352.0100,352.0100,352.0100
1788374345,352.0100,352.0100,352.0100,352.0100
1788374346,352.0000,352.0200,351.9900,352.0200
1788374348,352.0100,352.0200,352.0100,352.0200
1788374350,352.0400,352.0400,352.0400,352.0400
1788374359,352.0400,352.0400,352.0400,352.0400
1788374365,352.0400,352.0400,352.0400,352.0400
1788374367,352.0600,352.0600,352.0500,352.0500
1788374368,352.0400,352.0400,352.0300,352.0300
1788374371,352.0200,352.0300,352.0200,352.0300
1788374372,352.0100,352.0100,352.0000,352.0000
1788374373,352.0300,352.0300,352.0200,352.0200
1788374374,352.0300,352.0300,352.0300,352.0300
1788374376,352.0200,352.0200,352.0200,352.0200
1788374378,352.0500,352.0600,352.0500,352.0600
1788374379,352.0700,352.0800,352.0700,352.0800
1788374382,352.0600,352.0600,352.0300,352.0500
1788374386,352.0400,352.0400,352.0400,352.0400
1788374387,352.0500,352.0500,352.0000,352.0000
1788374390,352.0000,352.0000,351.9600,351.9600
1788374391,351.9300,351.9500,351.8600,351.8900
1788374392,351.8700,351.8800,351.8500,351.8800
1788374394,351.8500,351.8500,351.8500,351.8500
1788374395,351.8600,351.9100,351.8550,351.9000
1788374396,351.9000,351.9000,351.8500,351.8500
1788374397,351.8400,351.8400,351.8400,351.8400
1788374398,351.8600,351.8700,351.8600,351.8700
1788374402,351.9100,351.9200,351.9100,351.9200
1788374407,351.9400,351.9400,351.9400,351.9400
1788374408,351.9800,351.9800,351.9800,351.9800
1788374409,352.0300,352.0300,352.0300,352.0300
1788374411,352.0600,352.1300,352.0600,352.0900
1788374412,352.0700,352.1100,352.0700,352.1100
1788374414,352.1200,352.1200,352.1000,352.1000
1788374415,352.1500,352.1900,352.1500,352.1800
1788374416,352.1700,352.1700,352.1700,352.1700
1788374417,352.1900,352.1900,352.1900,352.1900
1788374418,352.1850,352.1850,352.1500,352.1500
1788374419,352.1200,352.1200,352.1200,352.1200
1788374420,352.1000,352.1000,352.1000,352.1000
1788374421,352.0700,352.0700,352.0500,352.0500
1788374422,352.0500,352.0500,352.0500,352.0500
1788374425,352.1100,352.1100,352.1100,352.1100
1788374431,352.0650,352.0650,352.0650,352.0650
1788374433,352.0900,352.0900,352.0900,352.0900
1788374434,352.1100,352.1200,352.1100,352.1200
1788374435,352.1100,352.1100,352.1100,352.1100
1788374436,352.1100,352.1150,352.1100,352.1150
1788374437,352.1400,352.1400,352.1400,352.1400
1788374438,352.1600,352.1600,352.1600,352.1600
1788374439,352.1700,352.2300,352.1700,352.2300
1788374440,352.2400,352.2400,352.2200,352.2200
1788374441,352.2400,352.2500,352.2400,352.2500
1788374442,352.2400,352.2400,352.2200,352.2300
1788374445,352.1800,352.1800,352.1800,352.1800
1788374453,352.1900,352.1900,352.1900,352.1900
1788374457,352.1500,352.1500,352.1500,352.1500
1788374461,352.1200,352.1700,352.0900,352.1500
1788374465,352.1600,352.1700,352.1600,352.1700
1788374466,352.1700,352.1700,352.1700,352.1700
1788374469,352.1700,352.1700,352.1700,352.1700
1788374472,352.1600,352.1600,352.1600,352.1600
1788374474,352.1500,352.1500,352.1200,352.1200
1788374475,352.1400,352.1600,352.1400,352.1600
1788374477,352.1600,352.1600,352.1600,352.1600
1788374478,352.1550,352.1550,352.1550,352.1550
1788374479,352.1500,352.1500,352.1500,352.1500
1788374480,352.1500,352.1800,352.1500,352.1700
1788374481,352.1600,352.1600,352.1600,352.1600
1788374483,352.1600,352.1800,352.1600,352.1800
1788374484,352.1800,352.1800,352.1800,352.1800
1788374490,352.1800,352.1800,352.1800,352.1800
1788374491,352.1650,352.1650,352.1500,352.1650
1788374492,352.1650,352.1650,352.1650,352.1650
1788374493,352.1700,352.2550,352.1700,352.2550
1788374494,352.2700,352.2800,352.2400,352.2400
1788374496,352.2250,352.2250,352.2200,352.2200
1788374498,352.2600,352.2600,352.2600,352.2600
1788374499,352.2300,352.2300,352.2300,352.2300
1788374501,352.2200,352.2200,352.2000,352.2000
1788374502,352.2300,352.2300,352.2000,352.2000
1788374503,352.2150,352.2150,352.2150,352.2150
1788374505,352.2150,352.2300,352.2150,352.2300
1788374508,352.2200,352.2400,352.2200,352.2400
1788374510,352.2600,352.2600,352.2600,352.2600
1788374511,352.2450,352.2600,352.2450,352.2600
1788374512,352.2700,352.2700,352.2700,352.2700
1788374513,352.3000,352.3650,352.3000,352.3600
1788374514,352.3400,352.3400,352.3400,352.3400
1788374515,352.3350,352.3350,352.3300,352.3300
1788374516,352.3300,352.3300,352.3200,352.3200
1788374517,352.3000,352.3000,352.2900,352.2900
1788374521,352.2800,352.2850,352.2800,352.2850
1788374522,352.2700,352.2700,352.2700,352.2700
1788374523,352.2700,352.2700,352.2600,352.2600
1788374525,352.2900,352.2900,352.2900,352.2900
1788374526,352.2650,352.2700,352.2650,352.2700
1788374528,352.2650,352.2650,352.2650,352.2650
1788374530,352.2650,352.2650,352.2650,352.2650
1788374534,352.2600,352.2600,352.2600,352.2600
1788374535,352.2700,352.2800,352.2700,352.2800
1788374536,352.2650,352.2650,352.2650,352.2650
1788374537,352.2650,352.2650,352.2650,352.2650
1788374538,352.2600,352.2600,352.2400,352.2400
1788374539,352.2300,352.2300,352.2300,352.2300
1788374540,352.2300,352.2300,352.2200,352.2300
1788374541,352.2200,352.2200,352.2100,352.2100
1788374544,352.2400,352.2500,352.2400,352.2500
1788374545,352.2500,352.2500,352.2500,352.2500
1788374546,352.2700,352.3400,352.2700,352.3400
1788374552,352.3400,352.3500,352.3400,352.3500
1788374557,352.3300,352.3800,352.3250,352.3800
1788374560,352.3700,352.4000,352.3700,352.4000
1788374561,352.4050,352.4100,352.4050,352.4100
1788374564,352.4000,352.4100,352.4000,352.4100
1788374565,352.4200,352.4300,352.4200,352.4300
1788374567,352.4300,352.4300,352.4300,352.4300
1788374569,352.4300,352.4300,352.4300,352.4300
1788374571,352.4400,352.4500,352.4200,352.4500
1788374572,352.4200,352.4200,352.4200,352.4200
1788374574,352.4100,352.4100,352.4100,352.4100
1788374575,352.4100,352.4100,352.4100,352.4100
1788374576,352.4000,352.4000,352.3750,352.3750
1788374578,352.3700,352.3700,352.3700,352.3700
1788374579,352.3600,352.3600,352.3600,352.3600
1788374580,352.3900,352.4200,352.3900,352.4200
1788374581,352.4500,352.4600,352.4500,352.4500
1788374585,352.4200,352.4200,352.4200,352.4200
1788374588,352.4300,352.4500,352.4300,352.4500
1788374590,352.4400,352.4400,352.4400,352.4400
1788374592,352.4100,352.4100,352.4100,352.4100
1788374593,352.4000,352.4000,352.3900,352.3900
1788374595,352.3900,352.3900,352.3900,352.3900
1788374596,352.3900,352.4000,352.3900,352.4000
1788374597,352.3900,352.3900,352.3900,352.3900
1788374598,352.4000,352.4000,352.4000,352.4000
1788374599,352.3800,352.3800,352.3700,352.3700
1788374603,352.3700,352.3700,352.3700,352.3700
1788374604,352.3900,352.4000,352.3900,352.4000
1788374607,352.4000,352.4000,352.4000,352.4000
1788374610,352.4000,352.4000,352.4000,352.4000
1788374612,352.4000,352.4000,352.4000,352.4000
1788374618,352.4000,352.4000,352.4000,352.4000
1788374619,352.3900,352.3900,352.3800,352.3800
1788374621,352.3700,352.3800,352.3700,352.3800
1788374623,352.3900,352.3900,352.3900,352.3900
1788374628,352.3900,352.4000,352.3900,352.4000
1788374631,352.3600,352.3600,352.3500,352.3500
1788374632,352.3700,352.3700,352.3700,352.3700
1788374636,352.3500,352.3500,352.3500,352.3500
1788374638,352.3600,352.3600,352.3600,352.3600
1788374640,352.3700,352.3800,352.3700,352.3800
1788374641,352.4000,352.4000,352.4000,352.4000
1788374642,352.3900,352.3900,352.3500,352.3500
1788374643,352.3400,352.3400,352.3400,352.3400
1788374646,352.3500,352.3500,352.3500,352.3500
1788374647,352.3400,352.3500,352.3300,352.3400
1788374648,352.3500,352.3600,352.3500,352.3550
1788374651,352.3700,352.3700,352.3700,352.3700
1788374653,352.3800,352.4000,352.3800,352.4000
1788374655,352.4000,352.4000,352.4000,352.4000
1788374658,352.4100,352.4300,352.4100,352.4300
1788374659,352.4250,352.4700,352.4250,352.4400
1788374665,352.4300,352.4300,352.4300,352.4300
1788374666,352.4300,352.4300,352.4300,352.4300
1788374667,352.4400,352.4600,352.4400,352.4600
1788374672,352.4600,352.4800,352.4600,352.4800
1788374673,352.4800,352.5300,352.4700,352.5300
1788374674,352.5200,352.5250,352.5100,352.5100
1788374675,352.5000,352.5000,352.4500,352.4500
1788374678,352.4900,352.4900,352.4800,352.4800
1788374681,352.5000,352.5000,352.5000,352.5000
1788374683,352.4800,352.4800,352.4400,352.4400
1788374684,352.4100,352.4100,352.3800,352.3800
1788374691,352.3900,352.3900,352.3900,352.3900
1788374692,352.4000,352.4400,352.4000,352.4400
1788374693,352.4600,352.4600,352.4600,352.4600
1788374695,352.4600,352.4700,352.4600,352.4700
1788374697,352.4800,352.5000,352.4800,352.4900
1788374699,352.5100,352.5100,352.5100,352.5100
1788374701,352.5100,352.5200,352.5100,352.5200
1788374702,352.5100,352.5300,352.5100,352.5300
1788374703,352.5200,352.5200,352.4600,352.4800
1788374704,352.4700,352.4700,352.4600,352.4600
1788374706,352.4700,352.4700,352.4600,352.4600
1788374709,352.4900,352.5000,352.4900,352.5000
1788374710,352.4500,352.4600,352.4400,352.4600
1788374712,352.4600,352.4600,352.4600,352.4600
1788374714,352.4900,352.4900,352.4900,352.4900
1788374715,352.5000,352.5000,352.5000,352.5000
1788374716,352.5400,352.5400,352.5400,352.5400
1788374717,352.5400,352.5400,352.5400,352.5400
1788374718,352.5800,352.5800,352.5800,352.5800
1788374719,352.5900,352.6400,352.5900,352.6300
1788374720,352.6200,352.6200,352.6200,352.6200
1788374722,352.6500,352.6800,352.6400,352.6800
1788374724,352.6500,352.6500,352.6500,352.6500
1788374725,352.6300,352.6300,352.5900,352.5900
1788374732,352.6200,352.6200,352.6100,352.6100
1788374733,352.6100,352.6100,352.6000,352.6000
1788374734,352.6000,352.6000,352.6000,352.6000
1788374735,352.6300,352.6400,352.6300,352.6400
1788374736,352.6500,352.7100,352.6500,352.7100
1788374737,352.7500,352.7500,352.7400,352.7400
1788374738,352.7100,352.7100,352.7100,352.7100
1788374741,352.6800,352.6800,352.6500,352.6500
1788374745,352.6600,352.6600,352.6300,352.6300
1788374746,352.6400,352.6600,352.6400,352.6600
1788374750,352.6500,352.6500,352.6500,352.6500
1788374751,352.6700,352.6700,352.6700,352.6700
1788374755,352.6800,352.6800,352.6800,352.6800
1788374756,352.6750,352.7250,352.6750,352.7250
1788374757,352.7200,352.7300,352.7200,352.7300
1788374758,352.7400,352.7700,352.7400,352.7700
1788374760,352.7900,352.7900,352.7900,352.7900
1788374762,352.7900,352.7900,352.7900,352.7900
1788374763,352.8000,352.8000,352.8000,352.8000
1788374765,352.8000,352.8300,352.8000,352.8200
1788374766,352.8100,352.8300,352.7900,352.8000
1788374767,352.7900,352.7900,352.7800,352.7900
1788374768,352.8000,352.8200,352.8000,352.8200
1788374770,352.8300,352.8700,352.8300,352.8500
1788374772,352.8300,352.8500,352.8300,352.8400
1788374776,352.8500,352.8500,352.8500,352.8500
1788374777,352.8600,352.8800,352.8600,352.8800
1788374778,352.8900,352.9300,352.8900,352.9300
1788374780,352.9300,352.9300,352.9300,352.9300
1788374782,352.9200,352.9200,352.9200,352.9200
1788374783,352.9300,352.9300,352.8700,352.8700
1788374784,352.8800,352.8800,352.8800,352.8800
1788374785,352.8500,352.8500,352.8500,352.8500
1788374786,352.8400,352.8400,352.8300,352.8300
1788374787,352.8200,352.8200,352.8200,352.8200
1788374790,352.8100,352.8100,352.7100,352.7100
1788374791,352.7000,352.7000,352.6800,352.6800
1788374793,352.6500,352.6600,352.6400,352.6600
1788374794,352.6700,352.7100,352.6700,352.7000
1788374802,352.6800,352.6800,352.6700,352.6800
1788374806,352.6700,352.6700,352.6600,352.6600
1788374808,352.6700,352.6700,352.6700,352.6700
1788374809,352.6700,352.6700,352.6700,352.6700
1788374811,352.6500,352.6500,352.6200,352.6400
1788374813,352.6400,352.6400,352.6100,352.6100
1788374815,352.6400,352.6400,352.6100,352.6200
1788374816,352.6100,352.6100,352.6100,352.6100
1788374818,352.6100,352.6100,352.5900,352.5900
1788374819,352.5800,352.5800,352.5800,352.5800
1788374821,352.5750,352.6100,352.5750,352.6100
1788374825,352.6300,352.6400,352.6100,352.6400
1788374826,352.6400,352.6400,352.6400,352.6400
1788374833,352.6500,352.6500,352.6400,352.6400
1788374834,352.6500,352.6600,352.6500,352.6600
1788374835,352.6200,352.6200,352.6200,352.6200
1788374840,352.6100,352.6100,352.6100,352.6100
1788374841,352.6200,352.6200,352.6200,352.6200
1788374849,352.5900,352.5900,352.5400,352.5400
1788374851,352.5300,352.5300,352.4900,352.4900
1788374852,352.4700,352.4700,352.4700,352.4700
1788374853,352.4550,352.4550,352.4550,352.4550
1788374855,352.4600,352.4600,352.4600,352.4600
1788374861,352.4700,352.4900,352.4700,352.4900
1788374862,352.4800,352.4800,352.4800,352.4800
1788374863,352.4800,352.4900,352.4800,352.4900
1788374871,352.4900,352.5100,352.4900,352.5100
1788374872,352.5100,352.5100,352.5100,352.5100
1788374877,352.4900,352.4900,352.4600,352.4600
1788374878,352.4750,352.4750,352.4750,352.4750
1788374880,352.4600,352.4600,352.4600,352.4600
1788374886,352.4600,352.4600,352.4600,352.4600
1788374890,352.4900,352.4900,352.4900,352.4900
1788374891,352.4900,352.4900,352.4900,352.4900
1788374894,352.4900,352.4900,352.4900,352.4900
1788374895,352.4900,352.5200,352.4200,352.4700
1788374896,352.5000,352.5500,352.5000,352.5500
1788374897,352.5200,352.5500,352.5200,352.5500
1788374901,352.5300,352.5300,352.5300,352.5300
1788374907,352.5800,352.5900,352.5800,352.5900
1788374909,352.6000,352.6000,352.6000,352.6000
1788374910,352.6000,352.6000,352.6000,352.6000
1788374911,352.5900,352.5900,352.5200,352.5200
1788374912,352.5300,352.5400,352.5200,352.5400
1788374913,352.5600,352.5600,352.5600,352.5600
1788374915,352.5700,352.6100,352.5700,352.6100
1788374918,352.6200,352.6300,352.6200,352.6300
1788374919,352.6450,352.6450,352.6100,352.6100
1788374920,352.6200,352.6200,352.5900,352.5900
1788374921,352.5900,352.5900,352.5900,352.5900
1788374925,352.6000,352.6100,352.6000,352.6100
1788374926,352.6300,352.6300,352.6300,352.6300
1788374930,352.6400,352.6400,352.6400,352.6400
1788374931,352.6200,352.6200,352.6200,352.6200
1788374934,352.6300,352.6300,352.6300,352.6300
1788374935,352.6400,352.6600,352.6400,352.6600
1788374937,352.6700,352.6700,352.6600,352.6600
1788374938,352.6700,352.6700,352.6700,352.6700
1788374939,352.6800,352.6800,352.6800,352.6800
1788374940,352.7000,352.7000,352.6900,352.6900
1788374941,352.6700,352.6700,352.6600,352.6600
1788374942,352.6800,352.6900,352.6800,352.6900
1788374943,352.6700,352.6700,352.6600,352.6600
1788374945,352.6800,352.6900,352.6800,352.6900
1788374948,352.6600,352.6600,352.6600,352.6600
1788374950,352.6600,352.6600,352.6100,352.6100
1788374958,352.6400,352.6400,352.6400,352.6400
1788374960,352.6600,352.6800,352.6600,352.6800
1788374962,352.6800,352.6800,352.6800,352.6800
1788374967,352.7100,352.7300,352.7000,352.7300
1788374970,352.7300,352.7300,352.7300,352.7300
1788374971,352.7300,352.7300,352.7200,352.7200
1788374972,352.7500,352.7500,352.7500,352.7500
1788374973,352.7500,352.7500,352.7500,352.7500
1788374974,352.7900,352.8000,352.7800,352.7800
1788374975,352.7400,352.7400,352.7400,352.7400
1788374977,352.7300,352.7300,352.7200,352.7200
1788374978,352.7100,352.7400,352.7100,352.7200
1788374981,352.7000,352.7000,352.7000,352.7000
1788374984,352.7000,352.7000,352.6900,352.6900
1788374988,352.7100,352.7100,352.7000,352.7000
1788374995,352.7300,352.7300,352.7300,352.7300
1788374996,352.7600,352.7700,352.7500,352.7500
1788374997,352.7300,352.7300,352.7300,352.7300
1788375001,352.7600,352.7600,352.7300,352.7300
1788375005,352.7400,352.7400,352.7400,352.7400
1788375008,352.7500,352.7500,352.7500,352.7500
1788375010,352.7550,352.7550,352.7550,352.7550
1788375011,352.7600,352.7600,352.7600,352.7600
1788375012,352.7700,352.7900,352.7000,352.7000
1788375013,352.6900,352.6900,352.6900,352.6900
1788375015,352.6800,352.6800,352.6700,352.6700
1788375016,352.6650,352.6650,352.6600,352.6600
1788375017,352.6600,352.6600,352.6600,352.6600
1788375018,352.6500,352.6500,352.6400,352.6400
1788375019,352.6600,352.6600,352.6300,352.6300
1788375020,352.6300,352.6300,352.6100,352.6100
1788375022,352.6000,352.6000,352.6000,352.6000
1788375023,352.6000,352.6100,352.6000,352.6100
1788375024,352.6500,352.6500,352.6500,352.6500
1788375027,352.6150,352.6150,352.5600,352.5700
1788375029,352.5500,352.5500,352.5200,352.5200
1788375030,352.5300,352.5300,352.5300,352.5300
1788375031,352.5500,352.5500,352.5500,352.5500
1788375034,352.5600,352.5650,352.5600,352.5600
1788375036,352.5900,352.5900,352.5700,352.5700
1788375041,352.6000,352.6150,352.6000,352.6150
1788375043,352.6300,352.6300,352.6200,352.6200
1788375045,352.6500,352.6500,352.6200,352.6200
1788375048,352.6350,352.6350,352.6000,352.6000
1788375049,352.5900,352.5900,352.5900,352.5900
1788375052,352.5850,352.5850,352.5850,352.5850
1788375055,352.5700,352.5700,352.5700,352.5700
1788375057,352.5850,352.6100,352.5850,352.5900
1788375060,352.5900,352.5900,352.5500,352.5600
1788375061,352.5550,352.5700,352.5550,352.5600
1788375062,352.5800,352.6500,352.5800,352.6500
1788375065,352.5900,352.5900,352.5700,352.5700
1788375067,352.5400,352.5400,352.5400,352.5400
1788375068,352.5300,352.5300,352.4700,352.4700
1788375070,352.4900,352.5100,352.4900,352.5100
1788375074,352.5500,352.5500,352.5500,352.5500
1788375075,352.5500,352.5500,352.5200,352.5200
1788375079,352.5500,352.5550,352.5400,352.5400
1788375081,352.5550,352.5550,352.5400,352.5400
1788375082,352.5400,352.5400,352.5200,352.5200
1788375084,352.5200,352.5200,352.5100,352.5100
1788375085,352.5400,352.5600,352.5400,352.5600
1788375093,352.5650,352.5650,352.5500,352.5500
1788375095,352.5700,352.5850,352.5600,352.5700
1788375097,352.5600,352.5650,352.5500,352.5600
1788375100,352.5700,352.5700,352.5500,352.5500
1788375102,352.5800,352.5800,352.5600,352.5600
1788375106,352.5900,352.5900,352.5700,352.5800
1788375109,352.5900,352.6200,352.5900,352.6100
1788375111,352.6000,352.6000,352.5200,352.5200
1788375113,352.5600,352.5700,352.5600,352.5700
1788375124,352.5400,352.5400,352.5400,352.5400
1788375125,352.5200,352.5200,352.5000,352.5100
1788375130,352.4900,352.4900,352.4800,352.4800
1788375132,352.4900,352.4900,352.4900,352.4900
1788375135,352.4500,352.4500,352.4500,352.4500
1788375138,352.4600,352.4800,352.4600,352.4800
1788375140,352.4300,352.4400,352.3900,352.3900
1788375141,352.4100,352.4100,352.4100,352.4100
1788375153,352.4100,352.4100,352.3100,352.3300
1788375154,352.3600,352.3700,352.2700,352.3000
1788375155,352.3200,352.3300,352.3200,352.3300
1788375158,352.3400,352.3400,352.3400,352.3400
1788375159,352.3500,352.3600,352.3500,352.3500
1788375160,352.3500,352.3600,352.3500,352.3600
1788375162,352.3700,352.3700,352.3700,352.3700
1788375165,352.4000,352.4000,352.4000,352.4000
1788375166,352.3800,352.3800,352.3800,352.3800
1788375167,352.3400,352.3400,352.3200,352.3200
1788375168,352.2600,352.2600,352.2500,352.2600
1788375169,352.2600,352.2700,352.2600,352.2700
1788375175,352.2400,352.2400,352.2400,352.2400
1788375179,352.2200,352.2400,352.1800,352.1800
1788375182,352.2000,352.2000,352.2000,352.2000
1788375183,352.2200,352.2200,352.2200,352.2200
1788375184,352.2200,352.2300,352.2200,352.2300
1788375185,352.2200,352.2200,352.1600,352.1600
1788375186,352.1650,352.1650,352.1650,352.1650
1788375188,352.1500,352.1500,352.1500,352.1500
1788375189,352.1400,352.1400,352.1400,352.1400
1788375190,352.1300,352.1300,352.0900,352.0900
1788375191,352.1000,352.1000,352.1000,352.1000
1788375192,352.0900,352.1100,352.0900,352.1100
1788375193,352.1300,352.1300,352.1200,352.1200
1788375195,352.1500,352.1500,352.1500,352.1500
1788375197,352.1600,352.1600,352.1600,352.1600
1788375199,352.1500,352.1500,352.0900,352.0900
1788375200,352.0900,352.1100,352.0900,352.1100
1788375201,352.0900,352.0900,352.0900,352.0900
1788375202,352.1000,352.1300,352.1000,352.1300
1788375203,352.1100,352.1100,352.0900,352.0900
1788375204,352.0900,352.1000,352.0000,352.0900
1788375205,352.0900,352.0900,352.0500,352.0500
1788375206,352.0600,352.0900,352.0400,352.0900
1788375207,352.0900,352.0900,352.0900,352.0900
1788375208,352.0900,352.0900,352.0900,352.0900
1788375209,352.0900,352.1500,352.0900,352.1300
1788375211,352.1300,352.1800,352.1300,352.1500
1788375212,352.1500,352.1500,352.1500,352.1500
1788375213,352.1100,352.1100,352.1000,352.1000
1788375214,352.0900,352.1100,352.0900,352.1100
1788375215,352.1100,352.1100,352.1100,352.1100
1788375218,352.1300,352.1600,352.1300,352.1600
1788375219,352.1900,352.2000,352.1900,352.1900
1788375220,352.2000,352.2000,352.2000,352.2000
1788375227,352.2150,352.2150,352.2150,352.2150
1788375231,352.2200,352.2500,352.2200,352.2500
1788375236,352.2400,352.2400,352.2400,352.2400
1788375237,352.2100,352.2100,352.2000,352.2000
1788375238,352.1600,352.1600,352.1500,352.1500
1788375239,352.1100,352.1100,352.0900,352.0900
1788375240,352.0900,352.0900,352.0900,352.0900
1788375242,352.1100,352.1200,352.1100,352.1200
1788375259,352.1200,352.1200,352.1100,352.1100
1788375265,352.1500,352.1500,352.1500,352.1500
1788375266,352.1600,352.1600,352.1600,352.1600
1788375267,352.1700,352.2300,352.1100,352.1300
1788375269,352.1500,352.1900,352.1500,352.1900
1788375272,352.1450,352.1450,352.1450,352.1450
1788375278,352.1500,352.1500,352.1300,352.1300
1788375279,352.1400,352.1400,352.1400,352.1400
1788375280,352.1300,352.1300,352.1200,352.1200
1788375281,352.1500,352.1900,352.1500,352.1900
1788375282,352.1800,352.2000,352.1800,352.2000
1788375285,352.1800,352.1800,352.1700,352.1700
1788375289,352.1900,352.1900,352.1900,352.1900
1788375290,352.1900,352.1900,352.1900,352.1900
1788375292,352.2000,352.2000,352.2000,352.2000
1788375297,352.1900,352.1900,352.1900,352.1900
1788375301,352.1700,352.1700,352.1600,352.1600
1788375302,352.1400,352.1400,352.1400,352.1400
1788375307,352.1300,352.1300,352.1000,352.1000
1788375308,352.1000,352.1000,351.9300,351.9600
1788375309,351.9900,351.9900,351.9900,351.9900
1788375310,351.9800,352.0000,351.9800,352.0000
1788375312,351.9500,351.9500,351.9500,351.9500
1788375313,351.9500,351.9500,351.9500,351.9500
1788375314,351.9500,351.9500,351.9500,351.9500
1788375315,351.9800,351.9900,351.9800,351.9900
1788375317,352.0000,352.0100,352.0000,352.0100
1788375318,352.0200,352.0500,352.0200,352.0500
1788375320,352.0600,352.1400,352.0600,352.1200
1788375321,352.1000,352.1000,352.0900,352.0900
1788375324,352.1200,352.1300,352.1200,352.1300
1788375325,352.1100,352.1100,352.1100,352.1100
1788375329,352.1400,352.1600,352.1400,352.1600
1788375330,352.1600,352.1600,352.1600,352.1600
1788375334,352.1800,352.2600,352.1800,352.2600
1788375335,352.2700,352.3000,352.2700,352.2700
1788375337,352.2800,352.2800,352.2800,352.2800
1788375338,352.2800,352.3200,352.2800,352.3200
1788375339,352.3400,352.3400,352.3400,352.3400
1788375340,352.4000,352.4100,352.4000,352.4000
1788375342,352.4100,352.4100,352.4100,352.4100
1788375344,352.4100,352.4100,352.4100,352.4100
1788375345,352.4700,352.4900,352.4650,352.4650
1788375347,352.4400,352.4700,352.4400,352.4700
1788375348,352.4800,352.5000,352.4800,352.4800
1788375349,352.4800,352.4800,352.4800,352.4800
1788375350,352.4700,352.4700,352.4600,352.4600
1788375351,352.5000,352.5200,352.5000,352.5200
1788375353,352.5100,352.5100,352.5000,352.5000
1788375357,352.5400,352.5400,352.5400,352.5400
1788375358,352.5100,352.5100,352.4900,352.4900
1788375359,352.4900,352.4900,352.4900,352.4900
1788375361,352.4700,352.4700,352.4500,352.4500
1788375362,352.4400,352.4400,352.4400,352.4400
1788375363,352.4500,352.4500,352.4500,352.4500
1788375364,352.4500,352.4500,352.4500,352.4500
1788375366,352.4500,352.4700,352.4500,352.4700
1788375367,352.4700,352.4700,352.4700,352.4700
1788375369,352.4550,352.4800,352.4550,352.4800
1788375370,352.4600,352.4600,352.4600,352.4600
1788375374,352.4300,352.4300,352.4100,352.4100
1788375375,352.3900,352.3900,352.3300,352.3300
1788375376,352.3000,352.3000,352.2900,352.2900
1788375381,352.2800,352.2800,352.2700,352.2700
1788375383,352.3200,352.3300,352.3000,352.3000
1788375385,352.3400,352.3500,352.3200,352.3500
1788375386,352.3500,352.3500,352.3500,352.3500
1788375387,352.3500,352.3500,352.3500,352.3500
1788375388,352.3500,352.3500,352.3500,352.3500
1788375389,352.3600,352.3700,352.3600,352.3700
1788375390,352.3800,352.3900,352.3800,352.3900
1788375391,352.3800,352.3800,352.3200,352.3200
1788375394,352.2800,352.3100,352.2700,352.3100
1788375395,352.3100,352.3200,352.2700,352.3100
1788375398,352.3300,352.3550,352.3300,352.3550
1788375399,352.3500,352.3550,352.3500,352.3550
1788375401,352.3700,352.3700,352.3700,352.3700
1788375407,352.3400,352.3400,352.2600,352.2600
1788375409,352.3000,352.3100,352.3000,352.3100
1788375411,352.3200,352.3300,352.3200,352.3300
1788375413,352.3300,352.3500,352.3300,352.3500
1788375414,352.3500,352.3600,352.3500,352.3600
1788375417,352.3700,352.3800,352.3700,352.3800
1788375418,352.4000,352.4000,352.4000,352.4000
1788375419,352.4000,352.4000,352.4000,352.4000
1788375420,352.4000,352.4000,352.4000,352.4000
1788375421,352.4000,352.4000,352.4000,352.4000
1788375423,352.3900,352.3900,352.3700,352.3700
1788375425,352.3700,352.3700,352.3700,352.3700
1788375427,352.3700,352.3700,352.3700,352.3700
1788375430,352.3300,352.3300,352.3000,352.3000
1788375433,352.3300,352.3300,352.3300,352.3300
1788375437,352.3300,352.3300,352.3300,352.3300
1788375440,352.3000,352.3000,352.3000,352.3000
1788375443,352.3000,352.3700,352.3000,352.3700
1788375447,352.3900,352.4300,352.3900,352.4300
1788375450,352.4200,352.4200,352.4200,352.4200
1788375454,352.4100,352.4100,352.3900,352.3900
1788375456,352.3600,352.3600,352.3600,352.3600
1788375459,352.3200,352.3200,352.3200,352.3200
1788375460,352.3100,352.3100,352.3100,352.3100
1788375465,352.3400,352.3400,352.3300,352.3300
1788375468,352.3100,352.3100,352.2500,352.2500
1788375469,352.2300,352.2300,352.2200,352.2200
1788375472,352.2200,352.2200,352.2200,352.2200
1788375474,352.2500,352.2500,352.2500,352.2500
1788375483,352.2000,352.2000,352.1900,352.1900
1788375485,352.1900,352.2000,352.1800,352.1800
1788375486,352.1800,352.1800,352.1800,352.1800
1788375488,352.1600,352.1600,352.1600,352.1600
1788375491,352.2000,352.2000,352.2000,352.2000
1788375494,352.1800,352.1800,352.1800,352.1800
1788375499,352.1500,352.1500,352.1400,352.1400
1788375502,352.1600,352.1600,352.1600,352.1600
1788375503,352.1500,352.1600,352.1400,352.1400
1788375504,352.1400,352.1500,352.1400,352.1500
1788375513,352.1700,352.1800,352.1700,352.1800
1788375514,352.1700,352.1700,352.1700,352.1700
1788375516,352.2000,352.2100,352.2000,352.2100
1788375518,352.2100,352.2200,352.2100,352.2200
1788375523,352.2500,352.2500,352.2500,352.2500
1788375524,352.2200,352.2200,352.2200,352.2200
1788375525,352.2500,352.2700,352.2500,352.2500
1788375526,352.2700,352.2900,352.2700,352.2900
1788375527,352.3000,352.3000,352.2950,352.2950
1788375528,352.3100,352.3100,352.2900,352.2900
1788375530,352.3000,352.3000,352.2800,352.2800
1788375531,352.2600,352.2600,352.1800,352.2200
1788375532,352.2200,352.2200,352.2200,352.2200
1788375533,352.2100,352.2100,352.2050,352.2050
1788375546,352.2600,352.2700,352.2600,352.2700
1788375548,352.2700,352.2700,352.2700,352.2700
1788375552,352.2300,352.2300,352.1600,352.1700
1788375553,352.1700,352.1700,352.1700,352.1700
1788375556,352.1800,352.2100,352.1800,352.2100
1788375557,352.2400,352.2400,352.2400,352.2400
1788375567,352.2400,352.2400,352.2400,352.2400
1788375570,352.2100,352.2100,352.1900,352.1900
1788375571,352.2200,352.2200,352.2200,352.2200
1788375578,352.2400,352.2400,352.2400,352.2400
1788375579,352.2300,352.2300,352.2300,352.2300
1788375580,352.2000,352.2000,351.9300,351.9600
1788375581,351.9800,351.9800,351.9800,351.9800
1788375582,351.9800,351.9800,351.9000,351.9000
1788375583,351.9300,351.9500,351.9300,351.9300
1788375585,351.9100,351.9200,351.8500,351.8500
1788375586,351.8400,351.8400,351.8300,351.8300
1788375587,351.8100,351.8300,351.8000,351.8200
1788375588,351.8250,351.8250,351.8250,351.8250
1788375590,351.8100,351.8100,351.8100,351.8100
1788375591,351.8300,351.8600,351.8300,351.8600
1788375592,351.8600,351.8700,351.8500,351.8700
1788375593,351.8500,351.8600,351.8500,351.8600
1788375594,351.8700,351.8700,351.8500,351.8500
1788375595,351.8700,351.8800,351.8700,351.8800
1788375596,351.8600,351.8700,351.8600,351.8600
1788375598,351.8600,351.8600,351.8100,351.8200
1788375602,351.8800,351.9000,351.8700,351.8700
1788375606,351.8200,351.8600,351.8200,351.8600
1788375607,351.8600,351.8600,351.8550,351.8550
1788375608,351.8200,351.8200,351.8000,351.8000
1788375609,351.8100,351.8300,351.8100,351.8300
1788375610,351.8300,351.8300,351.8300,351.8300
1788375613,351.8700,351.8900,351.8700,351.8900
1788375614,351.9100,351.9100,351.9100,351.9100
1788375615,351.9300,351.9300,351.9300,351.9300
1788375619,351.9200,351.9200,351.9100,351.9100
1788375621,351.9000,351.9000,351.8800,351.8800
1788375625,351.8800,351.8900,351.8800,351.8900
1788375626,351.9200,351.9500,351.9200,351.9500
1788375628,351.8700,351.9200,351.8700,351.9000
1788375629,351.9300,351.9600,351.9300,351.9500
1788375635,351.9400,351.9400,351.9400,351.9400
1788375636,351.9400,351.9400,351.9400,351.9400
1788375637,351.9500,352.0500,351.9500,352.0500
1788375638,352.0400,352.0400,352.0400,352.0400
1788375643,352.0600,352.0700,352.0600,352.0600
1788375645,352.0400,352.0400,352.0300,352.0400
1788375648,352.0400,352.0400,352.0400,352.0400
1788375649,352.0100,352.0100,352.0100,352.0100
1788375650,352.0100,352.0400,352.0100,352.0400
1788375653,352.0800,352.0900,352.0800,352.0900
1788375654,352.0800,352.0900,352.0700,352.0700
1788375657,352.0800,352.0800,352.0800,352.0800
1788375658,352.1100,352.1100,352.1100,352.1100
1788375659,352.1200,352.1200,352.1000,352.1000
1788375660,352.1200,352.1300,352.0900,352.1300
1788375665,352.1600,352.1600,352.1100,352.1100
1788375667,352.1250,352.1250,352.1250,352.1250
1788375669,352.1250,352.1500,352.1000,352.1500
1788375670,352.1500,352.1500,352.1500,352.1500
1788375671,352.1400,352.1400,352.1400,352.1400
1788375674,352.1500,352.1500,352.1500,352.1500
1788375676,352.1300,352.1500,352.1300,352.1500
1788375677,352.1500,352.1700,352.1500,352.1700
1788375679,352.1600,352.1600,352.1600,352.1600
1788375681,352.1550,352.1550,352.1550,352.1550
1788375682,352.1550,352.1550,352.1550,352.1550
1788375683,352.1550,352.1550,352.1500,352.1500
1788375684,352.1600,352.1800,352.1600,352.1750
1788375685,352.1900,352.2400,352.1900,352.2100
1788375686,352.2200,352.2200,352.2000,352.2000
1788375688,352.2200,352.2200,352.2200,352.2200
1788375691,352.1800,352.1800,352.1500,352.1500
1788375692,352.1600,352.1600,352.1400,352.1500
1788375693,352.1400,352.1400,352.1000,352.1000
1788375695,352.1100,352.1200,352.1100,352.1200
1788375696,352.1000,352.1000,352.0900,352.0900
1788375697,352.1000,352.1100,352.1000,352.1100
1788375699,352.1100,352.1100,352.1100,352.1100
1788375702,352.1000,352.1000,352.0700,352.0700
1788375703,352.0600,352.0600,352.0500,352.0500
1788375705,352.0400,352.0400,351.9900,351.9900
1788375706,351.9500,351.9500,351.9450,351.9450
1788375707,351.9500,351.9500,351.9100,351.9100
1788375710,351.9100,351.9100,351.9100,351.9100
1788375712,351.9400,351.9400,351.9400,351.9400
1788375713,351.9500,351.9500,351.8900,351.8900
1788375714,351.8500,351.8500,351.8400,351.8400
1788375716,351.8400,351.8400,351.8400,351.8400
1788375718,351.8700,351.8700,351.8600,351.8600
1788375720,351.8600,351.8600,351.8600,351.8600
1788375721,351.8500,351.8500,351.8200,351.8200
1788375723,351.8200,351.8200,351.8100,351.8100
1788375724,351.8350,351.8350,351.8350,351.8350
1788375726,351.8400,351.8500,351.8400,351.8500
1788375727,351.8550,351.8550,351.8300,351.8300
1788375728,351.8300,351.8300,351.8300,351.8300
1788375729,351.8100,351.8100,351.8000,351.8050
1788375730,351.8200,351.8900,351.8200,351.8900
1788375731,351.8750,351.8750,351.8300,351.8300
1788375733,351.8400,351.9500,351.8400,351.9500
1788375734,351.9800,352.0000,351.9500,351.9700
1788375735,351.9700,352.0000,351.9700,351.9900
1788375736,352.0400,352.0800,352.0400,352.0700
1788375737,352.0650,352.0650,352.0600,352.0600
1788375740,352.0400,352.0400,352.0400,352.0400
1788375741,352.0400,352.0400,352.0400,352.0400
1788375742,352.0600,352.0700,352.0600,352.0700
1788375744,352.0900,352.1000,352.0700,352.0700
1788375748,352.1000,352.1200,352.0700,352.1200
1788375754,352.1400,352.1400,352.1400,352.1400
1788375757,352.1700,352.1700,352.1700,352.1700
1788375758,352.1650,352.1800,352.1500,352.1500
1788375760,352.1700,352.1900,352.1700,352.1900
1788375761,352.2000,352.2000,352.2000,352.2000
1788375764,352.2000,352.2000,352.1900,352.1900
1788375767,352.1800,352.1800,352.1800,352.1800
1788375769,352.1900,352.1900,352.1800,352.1800
1788375772,352.1900,352.1900,352.1900,352.1900
1788375773,352.2500,352.2600,352.2500,352.2600
1788375774,352.2800,352.2800,352.2800,352.2800
1788375775,352.2600,352.2600,352.2600,352.2600
1788375776,352.2600,352.2600,352.2600,352.2600
1788375780,352.2400,352.2400,352.2400,352.2400
1788375781,352.2600,352.3100,352.2600,352.3100
1788375782,352.3100,352.3100,352.3100,352.3100
1788375783,352.3200,352.4400,352.3200,352.4400
1788375786,352.4200,352.4500,352.4000,352.4000
1788375787,352.3900,352.3900,352.3800,352.3800
1788375789,352.3900,352.3900,352.3900,352.3900
1788375792,352.4100,352.4100,352.4100,352.4100
1788375793,352.4400,352.4700,352.4400,352.4700
1788375795,352.4600,352.4600,352.4600,352.4600
1788375796,352.4600,352.4900,352.4600,352.4900
1788375798,352.4800,352.4900,352.4800,352.4900
1788375799,352.4900,352.4900,352.4900,352.4900
1788375803,352.4800,352.4800,352.4700,352.4700
1788375805,352.4800,352.4800,352.4800,352.4800
1788375806,352.4600,352.4600,352.4600,352.4600
1788375807,352.4700,352.4700,352.4700,352.4700
1788375809,352.4800,352.5150,352.4800,352.4900
1788375810,352.5000,352.5000,352.4800,352.4950
1788375812,352.5050,352.5050,352.5050,352.5050
1788375814,352.5000,352.5500,352.5000,352.5500
1788375815,352.5650,352.5700,352.5350,352.5700
1788375816,352.5800,352.7000,352.5800,352.7000
1788375819,352.7000,352.7000,352.6900,352.6900
1788375823,352.6800,352.6800,352.6800,352.6800
1788375825,352.6800,352.7200,352.6800,352.7000
1788375826,352.7300,352.7600,352.7100,352.7600
1788375827,352.7500,352.7700,352.7500,352.7700
1788375830,352.7500,352.7600,352.7400,352.7600
1788375831,352.7400,352.7700,352.7300,352.7700
1788375832,352.7500,352.7500,352.7500,352.7500
1788375835,352.7400,352.7400,352.7200,352.7200
1788375836,352.7200,352.7700,352.7200,352.7700
1788375837,352.7800,352.8600,352.7800,352.8600
1788375838,352.8400,352.8700,352.8400,352.8700
1788375839,352.8300,352.8300,352.8300,352.8300
1788375841,352.8600,352.8600,352.8300,352.8300
1788375842,352.8300,352.8300,352.7000,352.7000
1788375843,352.7600,352.7700,352.7600,352.7700
1788375844,352.7700,352.7700,352.7500,352.7500
1788375850,352.7200,352.7200,352.6900,352.7200
1788375851,352.6600,352.6600,352.6600,352.6600
1788375853,352.7400,352.7500,352.7200,352.7200
1788375857,352.6800,352.6800,352.6800,352.6800
1788375859,352.7000,352.7000,352.7000,352.7000
1788375864,352.6900,352.6900,352.6900,352.6900
1788375868,352.6900,352.7200,352.6900,352.7200
1788375870,352.7300,352.7300,352.7300,352.7300
1788375873,352.6800,352.6800,352.6800,352.6800
1788375877,352.7200,352.7400,352.7200,352.7400
1788375878,352.7500,352.7800,352.7400,352.7800
1788375879,352.7800,352.7800,352.7800,352.7800
1788375890,352.7400,352.7400,352.7400,352.7400
1788375891,352.7600,352.7600,352.7600,352.7600
1788375892,352.7600,352.7600,352.7600,352.7600
1788375893,352.7600,352.7600,352.7600,352.7600
1788375901,352.7300,352.7300,352.7000,352.7000
1788375902,352.7400,352.7400,352.7400,352.7400
1788375903,352.7600,352.7900,352.7600,352.7900
1788375904,352.8000,352.8200,352.7600,352.7600
1788375906,352.7800,352.7800,352.7800,352.7800
1788375908,352.8000,352.8000,352.8000,352.8000
1788375911,352.7700,352.7700,352.7300,352.7300
1788375919,352.7000,352.7000,352.7000,352.7000
1788375920,352.7200,352.7200,352.6300,352.6300
1788375923,352.6400,352.6400,352.6400,352.6400
1788375927,352.6500,352.6500,352.6500,352.6500
1788375930,352.6700,352.6800,352.6700,352.6800
1788375933,352.6700,352.6700,352.6700,352.6700
1788375937,352.6550,352.6550,352.6550,352.6550
1788375938,352.6800,352.6800,352.6700,352.6700
1788375939,352.7000,352.7200,352.7000,352.7200
1788375940,352.7200,352.7200,352.7200,352.7200
1788375945,352.7450,352.7450,352.7450,352.7450
1788375948,352.7450,352.7450,352.7450,352.7450
1788375950,352.7800,352.7800,352.7800,352.7800
1788375952,352.7300,352.7300,352.7300,352.7300
1788375955,352.7300,352.7300,352.7300,352.7300
1788375956,352.7100,352.7100,352.6900,352.6900
1788375960,352.6800,352.6800,352.6700,352.6700
1788375961,352.6900,352.7100,352.6900,352.7100
1788375968,352.7100,352.7200,352.7100,352.7100
1788375969,352.7100,352.7200,352.7100,352.7200
1788375970,352.7200,352.7200,352.7200,352.7200
1788375973,352.7300,352.7300,352.7300,352.7300
1788375974,352.7300,352.7300,352.7300,352.7300
1788375977,352.7300,352.7300,352.7300,352.7300
1788375978,352.7500,352.7500,352.7500,352.7500
1788375979,352.7500,352.7500,352.7100,352.7100
1788375980,352.7700,352.7700,352.7700,352.7700
1788375982,352.7400,352.7400,352.7400,352.7400
1788375992,352.7300,352.7300,352.7100,352.7100
1788375996,352.7200,352.7200,352.7200,352.7200
1788375998,352.7200,352.7300,352.7200,352.7300
1788375999,352.7300,352.7300,352.7300,352.7300
1788376004,352.7500,352.7500,352.7500,352.7500
1788376005,352.7700,352.7800,352.7550,352.7550
1788376008,352.7500,352.7500,352.6900,352.6900
1788376010,352.7100,352.7100,352.7100,352.7100
1788376013,352.6900,352.6900,352.6600,352.6600
1788376015,352.6900,352.6900,352.6900,352.6900
1788376016,352.7300,352.7300,352.7300,352.7300
1788376018,352.7700,352.7700,352.7700,352.7700
1788376022,352.7650,352.7650,352.7500,352.7500
1788376025,352.7800,352.7800,352.7800,352.7800
1788376027,352.7700,352.7700,352.7700,352.7700
1788376030,352.7800,352.7900,352.7800,352.7900
1788376031,352.7900,352.8600,352.7900,352.8200
1788376036,352.8100,352.8100,352.8000,352.8000
1788376037,352.8500,352.8600,352.8500,352.8500
1788376040,352.8600,352.9000,352.8600,352.9000
1788376042,352.8900,352.9000,352.8500,352.8700
1788376043,352.8700,352.9300,352.8700,352.9300
1788376044,352.9400,352.9800,352.9400,352.9600
1788376045,352.9600,352.9600,352.9600,352.9600
1788376047,352.9600,352.9600,352.8500,352.9500
1788376048,352.9300,352.9300,352.7300,352.7300
1788376049,352.7200,352.7400,352.6700,352.7300
1788376050,352.6500,352.6500,352.5700,352.6100
1788376052,352.6600,352.7200,352.6600,352.6800
1788376054,352.7300,352.7300,352.7300,352.7300
1788376055,352.7600,352.7700,352.7500,352.7700
1788376058,352.7800,352.7800,352.7800,352.7800
1788376059,352.7800,352.7800,352.7800,352.7800
1788376062,352.8300,352.8300,352.8300,352.8300
1788376063,352.8300,352.8300,352.8300,352.8300
1788376068,352.8300,352.8500,352.8300,352.8500
1788376070,352.8000,352.8100,352.8000,352.8100
1788376071,352.8200,352.8500,352.8200,352.8500
1788376072,352.8600,352.8600,352.8600,352.8600
1788376075,352.8300,352.8300,352.8300,352.8300
1788376076,352.8000,352.8000,352.8000,352.8000
1788376077,352.8300,352.8300,352.8300,352.8300
1788376078,352.7900,352.8000,352.7900,352.8000
1788376079,352.7900,352.7900,352.7900,352.7900
1788376087,352.8600,352.8600,352.8600,352.8600
1788376091,352.8800,352.9400,352.8800,352.9350
1788376093,352.9350,352.9350,352.9200,352.9300
1788376094,352.9250,352.9250,352.9000,352.9000
1788376096,352.9050,352.9050,352.9050,352.9050
1788376097,352.9000,352.9300,352.8900,352.9300
1788376098,352.9300,352.9400,352.9300,352.9400
1788376099,352.9500,352.9500,352.9200,352.9200
1788376105,352.9700,352.9700,352.9700,352.9700
1788376108,352.9400,352.9400,352.8500,352.8500
1788376113,352.8700,352.8700,352.8700,352.8700
1788376115,352.8900,352.8900,352.8900,352.8900
1788376118,352.8700,352.8700,352.8700,352.8700
1788376122,352.8700,352.8800,352.8600,352.8800
1788376123,352.8700,352.8700,352.8200,352.8200
1788376127,352.8400,352.8400,352.8000,352.8100
1788376131,352.8250,352.8600,352.8100,352.8200
1788376132,352.8000,352.8050,352.6700,352.7500
1788376133,352.7350,352.7350,352.7350,352.7350
1788376134,352.7300,352.7300,352.7300,352.7300
1788376136,352.7350,352.7350,352.7350,352.7350
1788376137,352.7350,352.7500,352.7350,352.7500
1788376138,352.7350,352.7350,352.7350,352.7350
1788376139,352.7350,352.7350,352.7350,352.7350
1788376140,352.7350,352.7350,352.7350,352.7350
1788376141,352.7350,352.7350,352.7350,352.7350
1788376142,352.7350,352.7350,352.7350,352.7350
1788376143,352.7400,352.7400,352.6900,352.6900
1788376145,352.7100,352.7300,352.7100,352.7300
1788376148,352.7300,352.7300,352.7300,352.7300
1788376151,352.7300,352.7300,352.7200,352.7200
1788376152,352.7100,352.7100,352.7100,352.7100
1788376153,352.7100,352.7200,352.7100,352.7200
1788376156,352.7200,352.7200,352.7200,352.7200
1788376157,352.7300,352.7300,352.7300,352.7300
1788376158,352.7100,352.7100,352.7000,352.7000
1788376161,352.7400,352.7500,352.7300,352.7300
1788376164,352.7500,352.7500,352.7500,352.7500
1788376167,352.7700,352.7800,352.7700,352.7800
1788376168,352.7950,352.7950,352.7950,352.7950
1788376169,352.7950,352.7950,352.7950,352.7950
1788376170,352.8000,352.8200,352.8000,352.8200
1788376173,352.8200,352.8300,352.8100,352.8100
1788376174,352.7900,352.7900,352.7500,352.7700
1788376175,352.7650,352.7650,352.7650,352.7650
1788376178,352.7900,352.7900,352.7900,352.7900
1788376180,352.8000,352.8000,352.8000,352.8000
1788376181,352.7900,352.7900,352.7900,352.7900
1788376182,352.8000,352.8000,352.8000,352.8000
1788376184,352.8000,352.8100,352.8000,352.8100
1788376187,352.8300,352.8300,352.8300,352.8300
1788376188,352.8400,352.8500,352.8400,352.8400
1788376189,352.8500,352.8800,352.8500,352.8600
1788376191,352.8550,352.8550,352.8300,352.8300
1788376192,352.8500,352.8500,352.8500,352.8500
1788376197,352.8700,352.8700,352.8700,352.8700
1788376198,352.8800,352.9000,352.8800,352.8900
1788376199,352.9100,352.9200,352.9100,352.9200
1788376200,352.9500,352.9500,352.9500,352.9500
1788376201,352.9500,352.9500,352.9500,352.9500
1788376202,352.9800,352.9800,352.9700,352.9700
1788376203,352.9500,352.9500,352.9500,352.9500
1788376204,352.9700,353.0300,352.9700,353.0300
1788376206,353.0100,353.0100,353.0000,353.0100
1788376207,353.0100,353.0100,353.0100,353.0100
1788376208,353.0400,353.0500,353.0400,353.0500
1788376209,353.0000,353.0200,353.0000,353.0200
1788376210,353.0200,353.0200,352.9800,353.0100
1788376211,353.0200,353.0200,353.0150,353.0150
1788376212,353.0150,353.0150,352.9700,353.0150
1788376213,353.0200,353.0200,353.0200,353.0200
1788376214,353.0200,353.0200,353.0200,353.0200
1788376217,353.0500,353.0600,353.0500,353.0600
1788376218,353.0150,353.0150,352.9200,352.9200
1788376219,352.9100,352.9100,352.7800,352.8300
1788376223,352.8200,352.8200,352.8200,352.8200
1788376224,352.7800,352.7800,352.7300,352.7300
1788376226,352.7600,352.7600,352.7600,352.7600
1788376227,352.7600,352.7600,352.7600,352.7600
1788376228,352.7600,352.7600,352.7600,352.7600
1788376229,352.7700,352.7700,352.7700,352.7700
1788376231,352.7300,352.7300,352.6600,352.6600
1788376237,352.6700,352.6700,352.6600,352.6600
1788376238,352.6700,352.6700,352.6700,352.6700
1788376240,352.6900,352.7200,352.6700,352.6900
1788376241,352.6900,352.6900,352.6500,352.6600
1788376242,352.7300,352.7300,352.7300,352.7300
1788376245,352.7400,352.8050,352.7400,352.8050
1788376246,352.8000,352.8050,352.8000,352.8050
1788376247,352.8100,352.8100,352.7400,352.7400
1788376248,352.7600,352.7600,352.7600,352.7600
1788376249,352.7800,352.7800,352.7800,352.7800
1788376250,352.7500,352.7800,352.7500,352.7800
1788376252,352.7500,352.7500,352.7500,352.7500
1788376253,352.7350,352.7350,352.7350,352.7350
1788376257,352.7600,352.7600,352.7600,352.7600
1788376260,352.7650,352.7650,352.7650,352.7650
1788376261,352.7600,352.7600,352.7600,352.7600
1788376262,352.7300,352.7500,352.6800,352.6800
1788376268,352.6850,352.6850,352.6850,352.6850
1788376269,352.6800,352.6800,352.6800,352.6800
1788376270,352.6800,352.7000,352.6800,352.7000
1788376274,352.7100,352.7550,352.7100,352.7300
1788376275,352.7900,352.8100,352.7900,352.8100
1788376281,352.8500,352.8500,352.8500,352.8500
1788376283,352.8150,352.8150,352.8150,352.8150
1788376284,352.8100,352.8100,352.8100,352.8100
1788376285,352.8100,352.8100,352.8100,352.8100
1788376286,352.7800,352.7800,352.7500,352.7500
1788376290,352.7550,352.7550,352.7550,352.7550
1788376298,352.7200,352.7400,352.7100,352.7100
1788376299,352.7400,352.7400,352.7000,352.7000
1788376301,352.7050,352.7050,352.6500,352.6500
1788376304,352.7000,352.7100,352.7000,352.7100
1788376312,352.7800,352.7800,352.7800,352.7800
1788376315,352.8000,352.8900,352.8000,352.8900
1788376316,352.9100,352.9700,352.9100,352.9700
1788376318,353.0000,353.0000,352.9700,352.9900
1788376319,353.0000,353.0000,353.0000,353.0000
1788376320,353.0000,353.0100,353.0000,353.0100
1788376321,353.0100,353.0200,353.0100,353.0200
1788376322,353.0200,353.0200,353.0200,353.0200
1788376323,353.0150,353.0150,352.9800,352.9800
1788376324,352.9800,352.9800,352.9700,352.9700
1788376325,353.0150,353.0150,353.0150,353.0150
1788376326,353.0200,353.0200,353.0150,353.0150
1788376327,353.0300,353.0400,353.0300,353.0400
1788376329,352.9900,353.0000,352.9800,353.0000
1788376331,352.9800,352.9900,352.9800,352.9900
1788376332,353.0100,353.0100,352.9700,352.9700
1788376334,352.9900,352.9900,352.9700,352.9700
1788376335,353.0000,353.0000,352.9900,352.9900
1788376336,352.9900,352.9900,352.9900,352.9900
1788376337,352.9800,352.9800,352.9350,352.9400
1788376338,352.9300,352.9300,352.9300,352.9300
1788376342,352.9500,352.9500,352.9100,352.9100
1788376344,352.9300,352.9400,352.9300,352.9400
1788376345,352.9400,352.9400,352.9300,352.9300
1788376350,352.9300,352.9300,352.9100,352.9100
1788376351,352.9500,352.9500,352.9500,352.9500
1788376353,352.9800,352.9900,352.9800,352.9900
1788376354,352.9800,352.9800,352.9800,352.9800
1788376358,352.9500,352.9500,352.9400,352.9400
1788376360,352.9700,352.9800,352.9700,352.9800
1788376361,352.9800,352.9800,352.9800,352.9800
1788376362,352.9800,352.9800,352.9800,352.9800
1788376363,352.9600,352.9600,352.9600,352.9600
1788376365,353.0000,353.0000,353.0000,353.0000
1788376366,352.9850,352.9850,352.9850,352.9850
1788376368,352.9700,352.9700,352.9600,352.9600
1788376370,353.0100,353.0400,353.0100,353.0400
1788376371,353.0300,353.0300,353.0300,353.0300
1788376373,353.0500,353.0500,353.0500,353.0500
1788376375,353.0500,353.0500,353.0500,353.0500
1788376377,353.0300,353.0800,353.0300,353.0800
1788376378,353.0900,353.0900,353.0900,353.0900
1788376379,353.1000,353.1000,353.1000,353.1000
1788376380,353.0800,353.0800,353.0700,353.0700
1788376381,353.0700,353.0700,353.0100,353.0100
1788376383,353.0300,353.0350,353.0300,353.0350
1788376385,353.0100,353.0100,353.0000,353.0000
1788376387,353.0300,353.0300,353.0300,353.0300
1788376388,353.0300,353.0300,353.0300,353.0300
1788376390,353.0200,353.0300,353.0200,353.0300
1788376395,353.0400,353.0400,353.0200,353.0200
1788376397,353.0300,353.0300,353.0000,353.0000
1788376398,352.9600,352.9600,352.9100,352.9100
1788376399,352.9100,352.9400,352.9100,352.9400
1788376400,352.9900,352.9900,352.9600,352.9600
1788376401,352.9200,352.9200,352.9000,352.9000
1788376405,352.9200,352.9200,352.9200,352.9200
1788376407,352.9300,352.9300,352.9300,352.9300
1788376410,352.9500,352.9500,352.9500,352.9500
1788376416,352.9500,352.9850,352.9500,352.9850
1788376418,352.9750,352.9750,352.9750,352.9750
1788376423,352.9700,352.9700,352.9500,352.9500
1788376426,352.9300,352.9300,352.9200,352.9200
1788376430,352.9300,352.9300,352.9300,352.9300
1788376433,352.9400,352.9400,352.9400,352.9400
1788376434,352.9600,352.9600,352.9600,352.9600
1788376437,352.9300,352.9300,352.9300,352.9300
1788376440,352.9400,352.9600,352.9400,352.9600
1788376441,352.9400,352.9400,352.9200,352.9200
1788376445,352.9100,352.9100,352.9000,352.9000
1788376446,352.9200,352.9300,352.9200,352.9300
1788376448,352.9200,352.9600,352.9200,352.9600
1788376449,352.9700,352.9700,352.9700,352.9700
1788376455,352.9700,352.9700,352.9700,352.9700
1788376457,352.9850,352.9850,352.9850,352.9850
1788376458,352.9600,352.9600,352.9600,352.9600
1788376459,352.9800,352.9900,352.9800,352.9900
1788376460,352.9900,352.9900,352.9900,352.9900
1788376462,352.9900,353.0000,352.9850,353.0000
1788376464,352.9850,352.9850,352.9500,352.9700
1788376466,353.0000,353.0200,353.0000,353.0200
1788376470,353.0400,353.0400,353.0400,353.0400
1788376476,353.0400,353.0400,353.0400,353.0400
1788376478,353.0350,353.0350,353.0350,353.0350
1788376479,353.0400,353.0400,353.0200,353.0200
1788376486,353.0500,353.1100,353.0500,353.1100
1788376487,353.1100,353.1100,353.1100,353.1100
1788376488,353.0900,353.0900,353.0900,353.0900
1788376491,353.0900,353.1000,353.0900,353.1000
1788376493,353.0800,353.0800,353.0500,353.0600
1788376495,353.1300,353.1700,353.1300,353.1700
1788376496,353.2000,353.2100,353.1800,353.1800
1788376499,353.1750,353.1750,353.1500,353.1500
1788376501,353.1700,353.1700,353.1300,353.1300
1788376502,353.1350,353.1500,353.1350,353.1500
1788376504,353.1000,353.1000,353.1000,353.1000
1788376505,353.1000,353.1000,353.0900,353.0900
1788376506,353.1300,353.1300,353.1300,353.1300
1788376507,353.1200,353.1200,353.1200,353.1200
1788376511,353.1000,353.1000,353.1000,353.1000
1788376515,353.1200,353.1200,353.1200,353.1200
1788376517,353.1200,353.1200,353.0550,353.0550
1788376518,353.0400,353.0400,352.9900,352.9900
1788376519,352.9600,352.9700,352.9600,352.9700
1788376520,352.9800,352.9800,352.9800,352.9800
1788376521,353.0000,353.0100,353.0000,353.0100
1788376524,353.0350,353.0350,353.0350,353.0350
1788376529,353.0100,353.0100,352.9500,352.9500
1788376530,352.9300,352.9300,352.7900,352.7900
1788376531,352.8200,352.8400,352.8200,352.8300
1788376532,352.8900,352.9250,352.8900,352.9250
1788376533,352.9900,352.9900,352.9900,352.9900
1788376534,352.9750,353.0800,352.9600,353.0800
1788376542,353.0500,353.0500,353.0400,353.0400
1788376546,352.9900,352.9900,352.9800,352.9800
1788376550,352.9600,352.9700,352.9600,352.9700
1788376556,352.9600,352.9600,352.9500,352.9500
1788376559,352.9600,352.9900,352.9600,352.9900
1788376560,352.9700,352.9700,352.9600,352.9700
1788376564,352.9800,352.9800,352.9300,352.9300
1788376568,352.9700,352.9800,352.9600,352.9600
1788376569,352.9900,352.9900,352.9500,352.9500
1788376570,352.9650,352.9650,352.9300,352.9300
1788376572,352.9400,352.9400,352.9400,352.9400
1788376573,352.9600,353.0600,352.9600,353.0600
1788376574,353.0700,353.1500,353.0700,353.1300
1788376575,353.1300,353.1400,353.0900,353.0900
1788376576,353.0800,353.0800,353.0800,353.0800
1788376578,353.0600,353.0600,353.0600,353.0600
1788376579,353.0900,353.0900,353.0900,353.0900
1788376586,353.0200,353.0200,352.9650,352.9650
1788376588,352.9900,352.9900,352.9900,352.9900
1788376591,353.0300,353.0300,353.0300,353.0300
1788376600,353.0900,353.0900,353.0900,353.0900
1788376606,353.0900,353.1000,353.0900,353.1000
1788376607,353.1200,353.1200,353.1000,353.1000
1788376612,353.1100,353.1200,353.1100,353.1200
1788376615,353.1200,353.1200,353.1200,353.1200
1788376618,353.1400,353.1400,353.1400,353.1400
1788376619,353.1300,353.1300,353.0300,353.1100
1788376620,353.1300,353.1300,353.1300,353.1300
1788376623,353.1300,353.1300,353.1300,353.1300
1788376625,353.1200,353.1200,353.0800,353.0800
1788376626,353.1200,353.1200,353.1200,353.1200
1788376628,353.1300,353.1400,353.1300,353.1400
1788376635,353.1400,353.1400,353.1200,353.1200
1788376636,353.1100,353.1100,353.0900,353.1000
1788376637,353.0900,353.0900,353.0700,353.0700
1788376638,353.0500,353.0500,352.9500,352.9500
1788376639,352.9700,352.9800,352.9700,352.9800
1788376640,353.0150,353.0150,352.9600,352.9600
1788376646,352.9600,352.9600,352.9600,352.9600
1788376647,352.9900,353.0050,352.9900,353.0050
1788376651,353.0000,353.0000,353.0000,353.0000
1788376652,352.9800,352.9800,352.9600,352.9600
1788376654,353.0000,353.0000,352.9950,352.9950
1788376655,353.0000,353.0000,353.0000,353.0000
1788376657,353.0000,353.0100,353.0000,353.0100
1788376658,353.0200,353.0500,353.0200,353.0400
1788376659,353.0400,353.0400,352.9900,352.9900
1788376660,353.0000,353.0000,352.9700,352.9700
1788376662,352.9800,352.9800,352.9500,352.9500
1788376667,352.9450,352.9450,352.9000,352.9000
1788376671,352.9600,352.9700,352.9500,352.9500
1788376672,352.9450,352.9450,352.9450,352.9450
1788376674,352.8900,352.8900,352.8700,352.8700
1788376675,352.8600,352.8600,352.8600,352.8600
1788376678,352.8400,352.8400,352.8300,352.8300
1788376683,352.8800,352.9400,352.8800,352.8900
1788376686,352.9000,352.9000,352.9000,352.9000
1788376692,352.9100,352.9100,352.8950,352.9000
1788376693,352.9000,352.9100,352.9000,352.9100
1788376695,352.9200,352.9400,352.9200,352.9400
1788376696,352.9200,352.9200,352.9100,352.9100
1788376699,352.9500,352.9600,352.9500,352.9600
1788376700,352.9500,352.9500,352.9500,352.9500
1788376706,352.9200,352.9200,352.8800,352.8900
1788376708,352.9100,352.9100,352.9100,352.9100
1788376712,352.9000,352.9000,352.8800,352.8800
1788376713,352.9000,352.9100,352.9000,352.9100
1788376716,352.9200,352.9200,352.9200,352.9200
1788376718,352.9100,352.9100,352.9000,352.9000
1788376720,352.8950,352.9300,352.8950,352.9300
1788376722,352.9700,352.9700,352.9700,352.9700
1788376723,352.9700,352.9700,352.9700,352.9700
1788376726,352.9800,352.9800,352.9600,352.9600
1788376727,352.9800,352.9800,352.9800,352.9800
1788376728,352.9800,352.9800,352.9500,352.9500
1788376730,352.9300,352.9300,352.9300,352.9300
1788376731,352.9500,352.9700,352.9500,352.9700
1788376734,352.9300,352.9300,352.9100,352.9100
1788376735,352.9100,352.9100,352.7900,352.8200
1788376738,352.8000,352.8000,352.8000,352.8000
1788376740,352.8000,352.8000,352.7300,352.7300
1788376745,352.7400,352.7400,352.6800,352.6800
1788376747,352.6700,352.6900,352.6700,352.6800
1788376748,352.6900,352.6900,352.6900,352.6900
1788376750,352.6900,352.6900,352.6600,352.6700
1788376752,352.6800,352.6800,352.6600,352.6600
1788376753,352.6500,352.6500,352.6500,352.6500
1788376754,352.6400,352.6400,352.6300,352.6300
1788376755,352.6200,352.6200,352.6200,352.6200
1788376757,352.6400,352.6700,352.6400,352.6600
1788376759,352.6300,352.6300,352.6300,352.6300
1788376763,352.6500,352.6700,352.6300,352.6300
1788376764,352.6300,352.6300,352.6300,352.6300
1788376766,352.6500,352.7600,352.6500,352.7600
1788376767,352.7900,352.7900,352.7900,352.7900
1788376769,352.8100,352.8100,352.8100,352.8100
1788376770,352.8000,352.8000,352.8000,352.8000
1788376771,352.7900,352.7900,352.7900,352.7900
1788376775,352.7700,352.7700,352.7700,352.7700
1788376777,352.7700,352.7800,352.7700,352.7800
1788376778,352.7800,352.8000,352.7800,352.8000
1788376782,352.8000,352.8000,352.7900,352.8000
1788376783,352.8100,352.8100,352.8100,352.8100
1788376784,352.7800,352.7800,352.7800,352.7800
1788376785,352.7700,352.7700,352.7600,352.7600
1788376786,352.7500,352.7500,352.7500,352.7500
1788376791,352.7700,352.7700,352.7700,352.7700
1788376793,352.7600,352.7600,352.7600,352.7600
1788376794,352.7750,352.7750,352.7750,352.7750
1788376795,352.7900,352.7900,352.7900,352.7900
1788376798,352.8050,352.8400,352.7900,352.8400
1788376799,352.8600,352.8900,352.8600,352.8900
1788376800,352.9200,352.9300,352.9200,352.9300
1788376801,352.9400,352.9500,352.9400,352.9500
1788376802,352.9800,352.9900,352.9400,352.9900
1788376804,352.9700,352.9700,352.9700,352.9700
1788376806,352.9500,352.9800,352.9400,352.9800
1788376807,352.9550,352.9550,352.9550,352.9550
1788376811,352.9600,352.9600,352.9500,352.9500
1788376813,352.9500,352.9500,352.9500,352.9500
1788376815,352.9400,352.9400,352.9100,352.9100
1788376818,352.9150,352.9150,352.9150,352.9150
1788376820,352.8800,352.9100,352.8100,352.8100
1788376822,352.8300,352.8300,352.8300,352.8300
1788376826,352.7950,352.7950,352.7950,352.7950
1788376828,352.7700,352.7700,352.7700,352.7700
1788376829,352.7900,352.7900,352.7900,352.7900
1788376830,352.7500,352.7500,352.7400,352.7500
1788376833,352.7100,352.7400,352.7000,352.7400
1788376835,352.7000,352.7300,352.6900,352.7300
1788376842,352.7700,352.7700,352.7700,352.7700
1788376843,352.7750,352.7750,352.7750,352.7750
1788376844,352.7900,352.7900,352.7750,352.7750
1788376846,352.7850,352.7850,352.7850,352.7850
1788376848,352.7900,352.7900,352.7900,352.7900
1788376853,352.7600,352.7600,352.7400,352.7400
1788376855,352.7700,352.7700,352.7500,352.7500
1788376856,352.7300,352.7300,352.7200,352.7200
1788376861,352.7100,352.7100,352.7100,352.7100
1788376865,352.7900,352.7900,352.7900,352.7900
1788376867,352.7700,352.7700,352.7700,352.7700
1788376868,352.7900,352.7900,352.7800,352.7800
1788376869,352.8000,352.8000,352.8000,352.8000
1788376873,352.8000,352.8200,352.8000,352.8200
1788376875,352.8300,352.8300,352.8300,352.8300
1788376878,352.8300,352.8300,352.8300,352.8300
1788376884,352.8400,352.8500,352.8400,352.8500
1788376887,352.8400,352.8400,352.8300,352.8300
1788376890,352.8500,352.8500,352.7500,352.7500
1788376893,352.7100,352.7100,352.7100,352.7100
1788376897,352.7300,352.7300,352.7300,352.7300
1788376900,352.7500,352.7500,352.7500,352.7500
1788376902,352.7400,352.7400,352.7400,352.7400
1788376906,352.7300,352.7300,352.7300,352.7300
1788376907,352.7400,352.7400,352.7000,352.7100
1788376908,352.7300,352.7300,352.7300,352.7300
1788376911,352.7300,352.7900,352.7300,352.7900
1788376913,352.8000,352.8100,352.8000,352.8100
1788376915,352.8500,352.8500,352.8500,352.8500
1788376919,352.8700,353.0250,352.8700,353.0000
1788376920,353.0000,353.0000,353.0000,353.0000
1788376921,352.9700,352.9700,352.9500,352.9700
1788376929,352.9800,352.9800,352.9800,352.9800
1788376930,352.9750,352.9750,352.9500,352.9500
1788376932,352.9700,352.9700,352.9700,352.9700
1788376934,352.9500,352.9500,352.9500,352.9500
1788376938,352.9800,352.9800,352.9500,352.9700
1788376941,352.9700,352.9700,352.9700,352.9700
1788376942,352.9700,352.9700,352.9700,352.9700
1788376946,353.0000,353.0200,352.9900,352.9900
1788376948,352.9800,352.9800,352.9550,352.9550
1788376950,352.9700,352.9700,352.9700,352.9700
1788376958,352.9800,352.9800,352.9800,352.9800
1788376962,352.9900,353.0100,352.9900,353.0100
1788376964,352.9800,352.9800,352.9800,352.9800
1788376967,352.9700,352.9900,352.9700,352.9900
1788376969,353.0000,353.0000,353.0000,353.0000
1788376973,352.9900,353.0100,352.9900,353.0100
1788376975,353.0400,353.0500,353.0400,353.0500
1788376976,353.0350,353.0350,353.0200,353.0200
1788376977,353.0100,353.0100,353.0000,353.0000
1788376978,352.9600,352.9600,352.9600,352.9600
1788376981,352.9700,352.9800,352.9600,352.9600
1788376989,352.9800,352.9800,352.9800,352.9800
1788376990,352.9900,352.9900,352.9900,352.9900
1788376991,352.9600,352.9600,352.9100,352.9100
1788376998,352.9100,352.9100,352.8900,352.8900
1788376999,352.8900,352.8900,352.8800,352.8800
1788377001,352.8300,352.8300,352.8000,352.8000
1788377003,352.7900,352.7900,352.7900,352.7900
1788377004,352.8000,352.8300,352.8000,352.8300
1788377013,352.8350,352.9050,352.8350,352.9050
1788377014,352.9150,352.9150,352.9150,352.9150
1788377015,352.9000,352.9000,352.8700,352.8950
1788377017,352.9200,352.9200,352.8800,352.8800
1788377019,352.8800,352.9000,352.8700,352.9000
1788377020,352.8900,352.9000,352.8800,352.8900
1788377021,352.8800,352.8800,352.8800,352.8800
1788377023,352.9300,352.9300,352.9300,352.9300
1788377026,352.9400,352.9400,352.9400,352.9400
1788377027,352.9400,352.9600,352.9400,352.9600
1788377029,352.9600,352.9600,352.9200,352.9200
1788377030,352.9300,352.9300,352.9300,352.9300
1788377031,352.9100,352.9100,352.9100,352.9100
1788377035,352.9400,352.9400,352.9400,352.9400
1788377039,352.9500,352.9600,352.9400,352.9500
1788377040,352.9700,352.9900,352.9700,352.9900
1788377041,353.0000,353.0000,353.0000,353.0000
1788377042,353.0100,353.0100,353.0100,353.0100
1788377043,352.9900,352.9900,352.9700,352.9700
1788377053,352.9700,352.9700,352.9700,352.9700
1788377057,352.9700,352.9700,352.9700,352.9700
1788377058,352.9400,352.9400,352.9300,352.9300
1788377060,352.9300,352.9300,352.9300,352.9300
1788377061,352.9300,352.9300,352.9100,352.9100
1788377063,352.9100,352.9300,352.9000,352.9100
1788377064,352.8900,352.8900,352.8600,352.8600
1788377065,352.8500,352.8500,352.8400,352.8500
1788377072,352.8700,352.8700,352.8700,352.8700
1788377075,352.8600,352.8600,352.8300,352.8300
1788377076,352.8100,352.8100,352.7800,352.7800
1788377079,352.7800,352.7800,352.7700,352.7700
1788377080,352.7700,352.7700,352.7600,352.7600
1788377081,352.7600,352.7600,352.7600,352.7600
1788377086,352.7600,352.7600,352.7500,352.7500
1788377092,352.7500,352.7500,352.7200,352.7500
1788377094,352.7700,352.7700,352.7700,352.7700
1788377095,352.7600,352.7700,352.7450,352.7700
1788377098,352.7500,352.7500,352.7500,352.7500
1788377100,352.7800,352.7800,352.7800,352.7800
1788377101,352.7800,352.8100,352.7800,352.8100
1788377106,352.7700,352.7700,352.7700,352.7700
1788377108,352.7700,352.7700,352.7100,352.7100
1788377110,352.7150,352.7700,352.7000,352.7500
1788377111,352.7200,352.7200,352.7100,352.7100
1788377115,352.7300,352.7300,352.7000,352.7000
1788377123,352.7200,352.7500,352.7200,352.7500
1788377124,352.7650,352.7900,352.7650,352.7900
1788377125,352.7800,352.7800,352.7800,352.7800
1788377129,352.7900,352.8200,352.7900,352.8200
1788377130,352.8300,352.8500,352.8300,352.8500
1788377133,352.8600,352.8600,352.8600,352.8600
1788377135,352.7700,352.7700,352.7600,352.7600
1788377138,352.7300,352.7350,352.7200,352.7350
1788377140,352.7500,352.7500,352.7500,352.7500
1788377141,352.7650,352.7900,352.7650,352.7900
1788377146,352.8000,352.8400,352.7800,352.8400
1788377148,352.8200,352.8200,352.8100,352.8100
1788377150,352.8100,352.8100,352.8100,352.8100
1788377152,352.7900,352.7900,352.7000,352.7000
1788377153,352.7400,352.7400,352.7400,352.7400
1788377155,352.7500,352.7800,352.7500,352.7600
1788377159,352.7900,352.7900,352.7900,352.7900
1788377162,352.8000,352.8200,352.8000,352.8200
1788377163,352.8400,352.8500,352.8200,352.8200
1788377165,352.8500,352.9200,352.8500,352.9200
1788377166,352.9200,352.9200,352.9100,352.9100
1788377167,352.9400,352.9550,352.9400,352.9500
1788377168,352.9100,352.9100,352.8900,352.9100
1788377169,352.9200,352.9200,352.9200,352.9200
1788377171,352.9350,352.9350,352.9350,352.9350
1788377174,352.9200,352.9200,352.9000,352.9000
1788377175,352.9100,352.9100,352.9100,352.9100
1788377176,352.9100,352.9400,352.9100,352.9400
1788377181,352.9300,352.9300,352.8200,352.8500
1788377183,352.8000,352.8000,352.8000,352.8000
1788377185,352.7900,352.7900,352.7800,352.7800
1788377187,352.8200,352.9200,352.8050,352.8900
1788377189,352.8700,352.8700,352.8700,352.8700
1788377192,352.9000,352.9200,352.9000,352.9050
1788377193,352.9400,352.9700,352.9400,352.9400
1788377194,352.9350,352.9500,352.9300,352.9500
1788377195,352.9900,353.0100,352.9900,353.0100
1788377197,353.0200,353.0700,353.0200,353.0700
1788377198,353.0700,353.0700,353.0700,353.0700
1788377200,353.0700,353.0700,353.0700,353.0700
1788377201,353.0500,353.0800,353.0500,353.0800
1788377202,353.0600,353.0600,353.0500,353.0500
1788377203,353.0700,353.0700,353.0700,353.0700
1788377204,353.1000,353.1000,353.0200,353.0300
1788377205,353.0600,353.0600,353.0550,353.0550
1788377206,353.0900,353.0900,353.0900,353.0900
1788377208,353.0750,353.0750,353.0400,353.0700
1788377211,353.0300,353.0500,353.0100,353.0100
1788377212,353.0200,353.0200,353.0200,353.0200
1788377213,353.0000,353.0000,353.0000,353.0000
1788377214,353.0000,353.0200,353.0000,353.0200
1788377215,353.0200,353.0200,353.0200,353.0200
1788377216,353.0300,353.0400,353.0000,353.0000
1788377217,353.0400,353.0400,353.0400,353.0400
1788377218,353.0600,353.0700,353.0600,353.0700
1788377223,353.0800,353.0900,352.9300,352.9300
1788377224,352.9200,352.9200,352.8700,352.8700
1788377225,352.8800,352.9600,352.8000,352.8000
1788377226,352.7800,352.7800,352.7400,352.7700
1788377227,352.7800,352.7800,352.7800,352.7800
1788377231,352.7900,352.7900,352.7900,352.7900
1788377234,352.7800,352.8000,352.7800,352.8000
1788377235,352.8000,352.8000,352.8000,352.8000
1788377238,352.7700,352.7700,352.7700,352.7700
1788377239,352.7500,352.7500,352.7500,352.7500
1788377240,352.7400,352.7400,352.6900,352.7100
1788377242,352.7000,352.7000,352.6900,352.6900
1788377245,352.7300,352.7300,352.7300,352.7300
1788377247,352.7000,352.7000,352.6800,352.6900
1788377248,352.7100,352.7300,352.7100,352.7300
1788377249,352.7300,352.7300,352.7300,352.7300
1788377250,352.7150,352.7150,352.7150,352.7150
1788377251,352.7000,352.7000,352.6900,352.6900
1788377255,352.7300,352.7400,352.7200,352.7200
1788377257,352.7300,352.7400,352.7250,352.7250
1788377264,352.7200,352.7200,352.7000,352.7000
1788377265,352.7400,352.8100,352.7400,352.8000
1788377268,352.8050,352.8050,352.8050,352.8050
1788377270,352.7900,352.7900,352.7800,352.7900
1788377272,352.7900,352.8000,352.7900,352.8000
1788377273,352.8200,352.8600,352.8200,352.8200
1788377274,352.8200,352.8400,352.8200,352.8400
1788377281,352.7800,352.7800,352.7600,352.7600
1788377282,352.8000,352.8000,352.8000,352.8000
1788377283,352.8000,352.8000,352.8000,352.8000
1788377288,352.8100,352.8100,352.8000,352.8000
1788377290,352.8100,352.9000,352.8100,352.8700
1788377307,352.8400,352.8400,352.8300,352.8300
1788377308,352.8200,352.8200,352.8000,352.8000
1788377311,352.8200,352.8200,352.8200,352.8200
1788377312,352.8000,352.8000,352.8000,352.8000
1788377317,352.8300,352.8300,352.8300,352.8300
1788377318,352.8300,352.8600,352.8300,352.8600
1788377319,352.8600,352.8600,352.8600,352.8600
1788377321,352.8700,352.9000,352.8700,352.9000
1788377322,352.9100,352.9200,352.9100,352.9200
1788377323,352.9200,352.9200,352.9200,352.9200
1788377326,352.9400,352.9400,352.9400,352.9400
1788377330,352.9500,352.9700,352.9500,352.9700
1788377331,352.9800,353.0000,352.8800,352.8900
1788377332,352.9100,352.9100,352.9100,352.9100
1788377333,352.9100,352.9100,352.9100,352.9100
1788377336,352.8700,352.8700,352.8700,352.8700
1788377337,352.8600,352.8600,352.8600,352.8600
1788377341,352.8500,352.8500,352.8500,352.8500
1788377342,352.8400,352.8400,352.8100,352.8100
1788377343,352.8000,352.8000,352.7700,352.7700
1788377344,352.7600,352.7600,352.7300,352.7300
1788377346,352.7300,352.7400,352.7300,352.7300
1788377348,352.7300,352.7300,352.7300,352.7300
1788377350,352.7500,352.7600,352.7500,352.7600
1788377351,352.8000,352.8500,352.8000,352.8500
1788377353,352.8550,352.8550,352.8550,352.8550
1788377354,352.8650,352.9100,352.8600,352.9100
1788377355,352.9200,352.9500,352.9200,352.9500
1788377358,352.9550,352.9700,352.9550,352.9700
1788377360,352.9600,352.9600,352.9500,352.9500
1788377361,352.9300,352.9300,352.9100,352.9100
1788377363,352.9100,352.9100,352.9100,352.9100
1788377364,352.9150,352.9300,352.9150,352.9300
1788377366,352.9300,352.9400,352.9300,352.9400
1788377367,352.9200,352.9400,352.9200,352.9400
1788377368,352.9400,352.9400,352.9400,352.9400
1788377374,352.9250,352.9500,352.9250,352.9500
1788377377,352.9400,352.9400,352.9400,352.9400
1788377378,352.9400,352.9800,352.9300,352.9750
1788377379,352.9750,352.9750,352.9750,352.9750
1788377382,352.9500,352.9700,352.9500,352.9700
1788377383,352.9550,352.9600,352.9550,352.9600
1788377385,352.9900,352.9900,352.9850,352.9850
1788377386,352.9850,352.9850,352.9700,352.9700
1788377387,352.9650,352.9650,352.9650,352.9650
1788377388,352.9650,352.9650,352.9650,352.9650
1788377390,352.9500,352.9500,352.9500,352.9500
1788377392,352.9400,352.9500,352.9400,352.9500
1788377393,352.9400,352.9700,352.9400,352.9650
1788377394,352.9500,352.9800,352.9300,352.9600
1788377395,352.9600,352.9600,352.9400,352.9400
1788377396,352.9600,352.9600,352.9600,352.9600
1788377397,352.9450,352.9450,352.9450,352.9450
1788377398,352.9200,352.9300,352.9200,352.9300
1788377399,352.9200,352.9300,352.9000,352.9000
1788377400,352.9100,352.9300,352.9000,352.9300
1788377401,352.9100,352.9100,352.9100,352.9100
1788377402,352.9300,352.9300,352.9000,352.9000
1788377403,352.8800,352.8800,352.8800,352.8800
1788377404,352.8600,352.8600,352.8600,352.8600
1788377405,352.8550,352.8800,352.8500,352.8600
1788377406,352.8800,352.8900,352.8800,352.8900
1788377407,352.8800,352.9000,352.8800,352.9000
1788377408,352.8950,352.8950,352.8500,352.8950
1788377411,352.8900,352.8900,352.8500,352.8650
1788377413,352.9000,352.9500,352.8900,352.8900
1788377414,352.9150,352.9150,352.8900,352.8900
1788377416,352.9000,352.9000,352.9000,352.9000
1788377418,352.9100,352.9300,352.9000,352.9300
1788377419,352.9400,353.0500,352.9400,353.0500
1788377420,353.0700,353.0900,353.0700,353.0850
1788377421,353.0650,353.0650,353.0650,353.0650
1788377424,353.0400,353.0400,353.0200,353.0200
1788377425,353.0100,353.0100,353.0100,353.0100
1788377427,353.0000,353.0000,353.0000,353.0000
1788377428,353.0000,353.0000,352.9400,352.9400
1788377431,352.9900,352.9900,352.9700,352.9800
1788377437,352.9800,352.9800,352.9800,352.9800
1788377438,352.9650,352.9650,352.9650,352.9650
1788377439,352.9600,352.9600,352.9600,352.9600
1788377440,352.9600,352.9600,352.9600,352.9600
1788377442,352.9600,352.9600,352.9600,352.9600
1788377445,352.9500,352.9500,352.9500,352.9500
1788377446,352.9900,352.9900,352.9900,352.9900
1788377449,352.9900,352.9900,352.9900,352.9900
1788377450,352.9900,352.9900,352.9900,352.9900
1788377451,353.0000,353.0200,353.0000,353.0200
1788377452,353.0400,353.0400,353.0300,353.0300
1788377454,353.0100,353.0100,353.0100,353.0100
1788377456,353.0100,353.0100,352.9900,352.9900
1788377457,353.0100,353.0400,353.0100,353.0200
1788377458,353.0500,353.1000,353.0500,353.0800
1788377459,353.0900,353.1050,353.0900,353.1000
1788377461,353.0900,353.0900,353.0900,353.0900
1788377462,353.0900,353.0900,353.0900,353.0900
1788377464,353.0700,353.0700,353.0500,353.0500
1788377469,353.0200,353.0200,353.0100,353.0100
1788377474,353.0000,353.0000,352.9700,352.9800
1788377475,352.9700,352.9700,352.9700,352.9700
1788377476,352.9600,352.9600,352.9600,352.9600
1788377477,352.9500,352.9550,352.9200,352.9550
1788377481,352.9800,353.0100,352.9800,353.0100
1788377484,353.0500,353.0600,353.0400,353.0400
1788377486,353.0200,353.0200,353.0200,353.0200
1788377489,353.0200,353.0200,353.0200,353.0200
1788377491,353.0500,353.0800,353.0500,353.0800
1788377495,353.0900,353.1100,353.0900,353.1100
1788377496,353.1300,353.1700,353.1300,353.1500
1788377499,353.1700,353.1700,353.1700,353.1700
1788377504,353.1800,353.1800,353.1800,353.1800
1788377505,353.1800,353.1800,353.1800,353.1800
1788377507,353.1800,353.2000,353.1800,353.1900
1788377510,353.1800,353.1800,353.1600,353.1600
1788377511,353.1600,353.1600,353.1200,353.1200
1788377513,353.1500,353.1500,353.1500,353.1500
1788377514,353.1600,353.1600,353.1600,353.1600
1788377515,353.1500,353.1500,353.1400,353.1400
1788377520,353.1300,353.1300,353.1300,353.1300
1788377521,353.1300,353.1500,353.1200,353.1500
1788377522,353.1300,353.1300,353.1300,353.1300
1788377525,353.1000,353.1000,353.0800,353.1000
1788377528,353.1100,353.1200,353.1100,353.1200
1788377530,353.1400,353.1400,353.0700,353.0700
1788377531,353.0850,353.0850,353.0850,353.0850
1788377536,353.0900,353.0900,353.0900,353.0900
1788377537,353.1100,353.2100,353.1100,353.1800
1788377538,353.2000,353.2100,353.2000,353.2100
1788377539,353.2200,353.2300,353.2100,353.2200
1788377540,353.2300,353.2300,353.2200,353.2200
1788377542,353.2000,353.2000,353.2000,353.2000
1788377546,353.2100,353.2100,353.1600,353.1600
1788377547,353.1400,353.1400,353.0500,353.0500
1788377548,353.0300,353.0300,353.0000,353.0200
1788377550,353.0000,353.0000,353.0000,353.0000
1788377554,353.0000,353.0600,353.0000,353.0600
1788377556,353.0700,353.0700,353.0300,353.0300
1788377563,353.0400,353.0400,353.0400,353.0400
1788377565,353.0700,353.0800,353.0700,353.0800
1788377566,353.0800,353.0900,353.0800,353.0900
1788377567,353.0800,353.0800,353.0800,353.0800
1788377569,353.0900,353.0900,353.0900,353.0900
1788377571,353.0900,353.0900,353.0900,353.0900
1788377573,353.1000,353.1600,353.1000,353.1600
1788377574,353.1400,353.1400,353.1400,353.1400
1788377575,353.1400,353.1400,353.1400,353.1400
1788377576,353.1800,353.1900,353.1800,353.1900
1788377578,353.1500,353.1500,353.1500,353.1500
1788377579,353.2000,353.2200,353.2000,353.2200
1788377580,353.2300,353.2500,353.2100,353.2100
1788377581,353.1800,353.1800,353.1700,353.1700
1788377582,353.1900,353.1900,353.1900,353.1900
1788377583,353.1700,353.1900,353.1600,353.1900
1788377584,353.1800,353.1800,353.1400,353.1650
1788377585,353.1800,353.1800,353.1800,353.1800
1788377587,353.1700,353.1700,353.1400,353.1400
1788377590,353.1600,353.1600,353.1600,353.1600
1788377591,353.1700,353.1700,353.1700,353.1700
1788377592,353.1700,353.1800,353.1700,353.1800
1788377593,353.1800,353.1800,353.1800,353.1800
1788377594,353.1800,353.1900,353.1800,353.1900
1788377599,353.2000,353.2000,353.1500,353.1500
1788377600,353.1600,353.1600,353.0700,353.0800
1788377601,353.1100,353.1500,353.1100,353.1300
1788377602,353.1300,353.1500,353.1300,353.1500
1788377603,353.1700,353.1700,353.1700,353.1700
1788377606,353.1700,353.1700,353.1700,353.1700
1788377607,353.1400,353.1400,353.1200,353.1200
1788377611,353.1000,353.1000,353.0900,353.0900
1788377612,353.1200,353.1300,353.1200,353.1300
1788377614,353.1100,353.1400,353.1100,353.1400
1788377615,353.1300,353.1300,353.1200,353.1200
1788377617,353.1200,353.1200,353.1200,353.1200
1788377618,353.1000,353.1000,353.1000,353.1000
1788377620,353.1100,353.1100,353.1100,353.1100
1788377621,353.1000,353.1000,353.1000,353.1000
1788377625,353.0800,353.0800,353.0800,353.0800
1788377627,353.0700,353.0700,353.0500,353.0700
1788377631,353.0500,353.0500,353.0500,353.0500
1788377633,353.0400,353.0400,352.9950,352.9950
1788377635,353.0200,353.0500,353.0200,353.0500
1788377640,353.0400,353.0600,353.0400,353.0600
1788377641,353.0700,353.1000,353.0700,353.1000
1788377646,353.1100,353.1300,353.1100,353.1300
1788377647,353.1200,353.1200,353.1200,353.1200
1788377648,353.0900,353.0900,353.0850,353.0850
1788377649,353.0800,353.0800,353.0800,353.0800
1788377650,353.0700,353.0700,353.0700,353.0700
1788377651,353.0600,353.0700,353.0600,353.0700
1788377652,353.0700,353.0700,353.0700,353.0700
1788377653,353.0700,353.0700,353.0700,353.0700
1788377658,353.0400,353.0800,353.0400,353.0800
1788377660,353.0600,353.0600,353.0400,353.0600
1788377662,353.0650,353.0800,353.0600,353.0600
1788377663,353.0500,353.0600,353.0500,353.0500
1788377665,353.0600,353.0900,353.0600,353.0900
1788377666,353.0600,353.0600,353.0300,353.0300
1788377667,353.0200,353.0300,353.0200,353.0300
1788377668,353.0300,353.0300,353.0300,353.0300
1788377669,353.0300,353.0300,353.0300,353.0300
1788377670,353.0200,353.0600,353.0200,353.0600
1788377671,353.0550,353.0550,353.0550,353.0550
1788377673,353.0600,353.0600,353.0600,353.0600
1788377675,353.0700,353.0800,353.0700,353.0800
1788377676,353.0700,353.0700,353.0700,353.0700
1788377677,353.0900,353.1000,353.0900,353.1000
1788377678,353.1100,353.1200,353.1100,353.1200
1788377680,353.1200,353.1200,353.0900,353.1000
1788377683,353.0900,353.0900,353.0600,353.0600
1788377685,353.0600,353.0600,353.0600,353.0600
1788377686,353.0800,353.0800,353.0800,353.0800
1788377689,353.1000,353.1000,353.1000,353.1000
1788377691,353.0700,353.0800,353.0700,353.0800
1788377694,353.0700,353.0700,353.0500,353.0500
1788377696,353.0400,353.0400,353.0100,353.0100
1788377697,353.0200,353.0200,353.0200,353.0200
1788377698,353.0300,353.0300,353.0300,353.0300
1788377700,353.0200,353.0200,353.0200,353.0200
1788377705,353.0500,353.0500,353.0400,353.0400
1788377708,353.0500,353.1000,353.0500,353.0850
1788377709,353.0850,353.0850,353.0300,353.0300
1788377710,353.0500,353.0500,353.0400,353.0400
1788377711,353.0550,353.0550,353.0550,353.0550
1788377712,353.0700,353.0800,353.0700,353.0800
1788377713,353.0750,353.0750,353.0750,353.0750
1788377714,353.0900,353.0900,353.0900,353.0900
1788377715,353.0750,353.0750,353.0750,353.0750
1788377717,353.0750,353.0750,353.0500,353.0500
1788377720,353.0700,353.0700,353.0700,353.0700
1788377721,353.0600,353.0600,353.0600,353.0600
1788377722,353.0700,353.0700,353.0700,353.0700
1788377723,353.0400,353.0500,353.0200,353.0400
1788377724,353.0500,353.0500,353.0350,353.0350
1788377725,353.0500,353.0600,353.0500,353.0500
1788377726,353.0800,353.1200,353.0800,353.1200
1788377728,353.1200,353.1600,353.1200,353.1500
1788377729,353.1800,353.1800,353.1600,353.1600
1788377731,353.1700,353.1700,353.1000,353.1000
1788377732,353.0900,353.0900,353.0900,353.0900
1788377733,353.0800,353.0800,353.0800,353.0800
1788377734,353.0800,353.0800,353.0800,353.0800
1788377736,353.0600,353.0600,353.0600,353.0600
1788377738,353.0500,353.0500,353.0400,353.0400
1788377739,353.0400,353.0400,353.0400,353.0400
1788377740,353.0200,353.0200,353.0000,353.0000
1788377741,353.0100,353.0100,353.0100,353.0100
1788377742,353.0300,353.0300,353.0200,353.0200
1788377743,353.0200,353.0200,353.0000,353.0200
1788377744,353.0200,353.0200,353.0200,353.0200
1788377745,353.0250,353.0250,353.0250,353.0250
1788377746,353.0200,353.0200,353.0000,353.0000
1788377748,353.0200,353.0200,353.0200,353.0200
1788377749,353.0150,353.0150,353.0150,353.0150
1788377750,353.0150,353.0150,353.0150,353.0150
1788377751,353.0150,353.0500,353.0150,353.0350
1788377753,353.0450,353.0600,352.9900,353.0300
1788377754,353.0300,353.0300,352.9900,353.0100
1788377755,353.0200,353.0600,353.0200,353.0500
1788377756,353.0500,353.0500,353.0500,353.0500
1788377757,353.0500,353.1000,353.0500,353.0600
1788377760,353.1000,353.1000,353.1000,353.1000
1788377761,353.1400,353.1500,353.1400,353.1400
1788377762,353.1300,353.1300,353.1200,353.1200
1788377763,353.1200,353.1900,353.1200,353.1650
1788377764,353.1650,353.1650,353.1400,353.1400
1788377767,353.1200,353.1200,353.1200,353.1200
1788377772,353.1100,353.1100,353.1100,353.1100
1788377775,353.1100,353.1300,353.1100,353.1200
1788377776,353.1200,353.1200,353.1200,353.1200
1788377779,353.1100,353.1100,353.0750,353.0900
1788377780,353.0900,353.0900,353.0800,353.0800
1788377781,353.0600,353.0600,353.0400,353.0400
1788377782,353.0300,353.0300,353.0200,353.0200
1788377784,353.0200,353.0400,353.0200,353.0300
1788377785,353.0400,353.0600,353.0400,353.0600
1788377789,353.0800,353.0900,353.0800,353.0900
1788377790,353.1100,353.3000,353.1100,353.2200
1788377791,353.2100,353.2200,353.2100,353.2200
1788377792,353.2100,353.2200,353.2100,353.2100
1788377793,353.1900,353.2100,353.1900,353.2100
1788377795,353.1700,353.1700,353.1400,353.1400
1788377796,353.1700,353.1700,353.1700,353.1700
1788377799,353.1700,353.1900,353.1700,353.1900
1788377802,353.1700,353.1700,353.1200,353.1200
1788377803,353.1100,353.1100,353.1100,353.1100
1788377804,353.1400,353.1400,353.1400,353.1400
1788377807,353.1100,353.1100,353.0800,353.0800
1788377808,353.0500,353.0500,353.0100,353.0300
1788377811,353.0000,353.1600,352.9900,353.1200
1788377814,353.1400,353.1500,353.1400,353.1500
1788377816,353.1600,353.1600,353.1600,353.1600
1788377818,353.2100,353.2800,353.1850,353.1850
1788377819,353.2000,353.3700,353.2000,353.3700
1788377820,353.3800,353.4000,353.3400,353.3500
1788377822,353.3500,353.3500,353.3500,353.3500
1788377824,353.3700,353.3900,353.3700,353.3700
1788377825,353.3700,353.3700,353.3600,353.3600
1788377826,353.3700,353.3800,353.3700,353.3800
1788377832,353.3600,353.3600,353.3500,353.3600
1788377833,353.3800,353.4000,353.3800,353.4000
1788377834,353.4100,353.4500,353.4100,353.4500
1788377835,353.4700,353.4700,353.4700,353.4700
1788377836,353.4550,353.4550,353.4200,353.4400
1788377837,353.4700,353.5100,353.4700,353.5100
1788377838,353.5300,353.5300,353.5000,353.5000
1788377840,353.5100,353.5300,353.5100,353.5300
1788377841,353.5200,353.5400,353.5000,353.5400
1788377843,353.5250,353.5250,353.5250,353.5250
1788377844,353.5400,353.5400,353.5400,353.5400
1788377845,353.5250,353.5250,353.5100,353.5100
1788377846,353.5000,353.5000,353.4700,353.4700
1788377848,353.4700,353.4900,353.4700,353.4700
1788377850,353.4600,353.4600,353.4500,353.4500
1788377851,353.4400,353.4400,353.4000,353.4050
1788377852,353.4300,353.4500,353.4100,353.4500
1788377853,353.4600,353.4600,353.4600,353.4600
1788377857,353.4400,353.4400,353.4200,353.4200
1788377859,353.3850,353.3850,353.3800,353.3800
1788377860,353.3400,353.3400,353.3200,353.3200
1788377867,353.3400,353.3400,353.3400,353.3400
1788377868,353.3500,353.3800,353.3500,353.3800
1788377871,353.3500,353.3500,353.3300,353.3300
1788377872,353.3400,353.3400,353.3400,353.3400
1788377878,353.3350,353.3350,353.3000,353.3000
1788377879,353.3100,353.3100,353.2300,353.2300
1788377881,353.2700,353.2700,353.2700,353.2700
1788377882,353.2650,353.2650,353.2200,353.2200
1788377883,353.2100,353.2100,353.2100,353.2100
1788377884,353.2300,353.2300,353.2300,353.2300
1788377886,353.2250,353.2250,353.2250,353.2250
1788377887,353.2200,353.2500,353.2200,353.2500
1788377889,353.2400,353.2700,353.2400,353.2700
1788377890,353.2650,353.4600,353.2650,353.4300
1788377892,353.3900,353.3900,353.3500,353.3800
1788377898,353.4050,353.4200,353.3700,353.4200
1788377903,353.4400,353.4800,353.4400,353.4800
1788377904,353.4900,353.5200,353.4800,353.5050
1788377905,353.4900,353.4900,353.4900,353.4900
1788377906,353.5000,353.5000,353.5000,353.5000
1788377908,353.5100,353.5100,353.5100,353.5100
1788377909,353.5000,353.5000,353.4800,353.4800
1788377910,353.5200,353.5200,353.5200,353.5200
1788377912,353.5200,353.5200,353.3500,353.3600
1788377913,353.3900,353.4500,353.3900,353.4500
1788377915,353.4400,353.4400,353.4000,353.4000
1788377916,353.4400,353.4400,353.4400,353.4400
1788377917,353.4400,353.4400,353.4400,353.4400
1788377918,353.4500,353.4700,353.4500,353.4700
1788377919,353.4800,353.4900,353.4800,353.4900
1788377922,353.4700,353.4700,353.4700,353.4700
1788377923,353.4700,353.4700,353.4700,353.4700
1788377924,353.4700,353.4900,353.4700,353.4900
1788377929,353.4900,353.5000,353.4900,353.5000
1788377930,353.5100,353.5500,353.5100,353.5500
1788377931,353.5600,353.5800,353.5600,353.5650
1788377933,353.5400,353.5400,353.5400,353.5400
1788377936,353.5400,353.5400,353.5400,353.5400
1788377938,353.5500,353.5500,353.5500,353.5500
1788377939,353.5200,353.5400,353.5100,353.5400
1788377940,353.5300,353.5300,353.5300,353.5300
1788377941,353.5500,353.5500,353.5500,353.5500
1788377942,353.5800,353.6000,353.5700,353.5700
1788377944,353.5800,353.5800,353.5800,353.5800
1788377947,353.5700,353.5900,353.5600,353.5900
1788377949,353.5700,353.6000,353.5700,353.6000
1788377950,353.5900,353.6100,353.5900,353.6000
1788377951,353.6300,353.6500,353.6300,353.6500
1788377952,353.6600,353.6750,353.6600,353.6700
1788377953,353.6700,353.6750,353.6700,353.6750
1788377954,353.6800,353.6800,353.6700,353.6800
1788377955,353.6900,353.8000,353.6900,353.8000
1788377956,353.7800,353.7800,353.7800,353.7800
1788377959,353.8000,353.8600,353.8000,353.8100
1788377960,353.8200,353.8200,353.8200,353.8200
1788377961,353.8000,353.8000,353.7900,353.8000
1788377962,353.8200,353.8300,353.8100,353.8100
1788377964,353.8300,353.8300,353.8300,353.8300
1788377966,353.8300,353.8400,353.8300,353.8400
1788377970,353.8500,353.8600,353.7900,353.7900
1788377971,353.8200,353.8300,353.7300,353.7300
1788377972,353.7400,353.7400,353.6700,353.6700
1788377973,353.6600,353.6600,353.6500,353.6500
1788377977,353.6900,353.6900,353.6900,353.6900
1788377979,353.7100,353.7100,353.7100,353.7100
1788377980,353.7200,353.7200,353.7100,353.7100
1788377982,353.7500,353.7500,353.7500,353.7500
1788377986,353.7200,353.7200,353.7100,353.7100
1788377987,353.7000,353.7000,353.6700,353.6700
1788377988,353.6750,353.6750,353.6750,353.6750
1788377989,353.7000,353.7000,353.6900,353.6900
1788377990,353.6900,353.6900,353.6900,353.6900
1788377991,353.6800,353.6800,353.6700,353.6800
1788377992,353.6700,353.6800,353.6400,353.6800
1788377994,353.6900,353.6900,353.6900,353.6900
1788377995,353.7000,353.7000,353.7000,353.7000
1788377996,353.6700,353.6700,353.6300,353.6300
1788378001,353.6650,353.7100,353.6650,353.7100
1788378002,353.7100,353.7100,353.7000,353.7000
1788378003,353.7100,353.7200,353.6900,353.6900
1788378005,353.7200,353.7200,353.7200,353.7200
1788378013,353.7200,353.7200,353.7200,353.7200
1788378014,353.7100,353.7100,353.7100,353.7100
1788378015,353.7200,353.7700,353.7200,353.7600
1788378019,353.7900,353.8000,353.7900,353.8000
1788378020,353.7800,353.7900,353.7600,353.7900
1788378022,353.7900,353.7900,353.7900,353.7900
1788378023,353.8000,353.8200,353.8000,353.8000
1788378024,353.8000,353.8400,353.7900,353.8300
1788378025,353.8250,353.8250,353.8100,353.8100
1788378026,353.8100,353.8100,353.8100,353.8100
1788378027,353.8400,353.8800,353.8400,353.8800
1788378028,353.8900,353.9400,353.8700,353.9300
1788378029,353.9600,353.9600,353.8400,353.8400
1788378030,353.8200,353.8700,353.8100,353.8700
1788378033,353.8750,353.8750,353.8750,353.8750
1788378034,353.8400,353.8400,353.7700,353.7800
1788378036,353.7800,353.7800,353.7800,353.7800
1788378037,353.8000,353.8000,353.7900,353.7900
1788378040,353.8100,353.8700,353.8100,353.8700
1788378041,353.8600,353.8600,353.8600,353.8600
1788378044,353.8800,353.9300,353.8700,353.9300
1788378045,353.9400,353.9400,353.9400,353.9400
1788378048,353.9450,353.9450,353.9450,353.9450
1788378050,353.9350,353.9350,353.8600,353.8800
1788378055,353.8600,353.8600,353.7300,353.7850
1788378056,353.8200,353.8200,353.8200,353.8200
1788378057,353.8400,353.8400,353.8400,353.8400
1788378064,353.8300,353.8300,353.8100,353.8100
1788378066,353.8200,353.9000,353.8200,353.8300
1788378067,353.8300,353.8300,353.8300,353.8300
1788378069,353.8200,353.8500,353.8200,353.8300
1788378073,353.8200,353.8200,353.8200,353.8200
1788378074,353.8200,353.8200,353.7900,353.7900
1788378077,353.8500,353.9100,353.8500,353.9100
1788378078,353.9200,353.9200,353.9200,353.9200
1788378081,353.9400,353.9400,353.9400,353.9400
1788378082,353.9500,353.9700,353.9500,353.9700
1788378083,353.9700,353.9800,353.9700,353.9800
1788378084,353.9900,354.0400,353.9900,354.0400
1788378085,354.0600,354.0600,354.0500,354.0500
1788378086,354.0000,354.0400,354.0000,354.0400
1788378089,354.0300,354.0300,354.0300,354.0300
1788378090,354.0200,354.0200,353.9900,353.9900
1788378091,353.9900,353.9900,353.9900,353.9900
1788378093,354.0000,354.0000,354.0000,354.0000
1788378095,353.9800,353.9800,353.9800,353.9800
1788378096,354.0100,354.0400,353.9400,353.9650
1788378097,354.0100,354.0200,354.0100,354.0200
1788378099,354.0000,354.0000,353.9950,353.9950
1788378100,353.9900,353.9900,353.9900,353.9900
1788378101,353.9900,353.9900,353.9900,353.9900
1788378103,354.0000,354.0300,353.9900,354.0300
1788378111,354.0200,354.0200,354.0200,354.0200
1788378113,354.0250,354.0400,354.0100,354.0100
1788378114,354.0000,354.0150,354.0000,354.0150
1788378115,354.0200,354.1300,354.0200,354.1300
1788378116,354.1500,354.2400,354.1500,354.2400
1788378117,354.2400,354.2400,354.1900,354.1900
1788378118,354.1950,354.1950,354.1950,354.1950
1788378119,354.2200,354.2200,354.2200,354.2200
1788378120,354.2200,354.2200,354.2200,354.2200
1788378123,354.2300,354.2300,354.2300,354.2300
1788378124,354.2250,354.2250,354.2100,354.2100
1788378125,354.1900,354.2100,354.1700,354.1700
1788378126,354.1800,354.1800,354.1800,354.1800
1788378127,354.1900,354.1900,354.1900,354.1900
1788378128,354.1800,354.2000,354.1800,354.2000
1788378129,354.2000,354.2000,354.1700,354.1700
1788378131,354.1850,354.1850,354.1850,354.1850
1788378132,354.1600,354.1600,354.1500,354.1500
1788378133,354.1900,354.1900,354.1900,354.1900
1788378134,354.1750,354.2100,354.1750,354.2100
1788378135,354.2000,354.2000,354.2000,354.2000
1788378136,354.2000,354.2000,354.2000,354.2000
1788378139,354.2300,354.2600,354.2300,354.2300
1788378140,354.2700,354.2700,354.2100,354.2450
1788378142,354.2400,354.2400,354.2400,354.2400
1788378143,354.2500,354.2500,354.2500,354.2500
1788378144,354.2500,354.2500,354.2500,354.2500
1788378145,354.2700,354.2700,354.2700,354.2700
1788378147,354.2500,354.2800,354.2450,354.2800
1788378148,354.2300,354.2300,354.2300,354.2300
1788378149,354.2900,354.2900,354.2900,354.2900
1788378150,354.2800,354.2800,354.2600,354.2600
1788378151,354.2500,354.2700,354.2300,354.2700
1788378152,354.2800,354.2800,354.2800,354.2800
1788378154,354.2900,354.3000,354.2900,354.2900
1788378155,354.2800,354.2900,354.2800,354.2900
1788378156,354.2800,354.2900,354.2800,354.2900
1788378157,354.3000,354.3300,354.2800,354.3300
1788378158,354.3500,354.3700,354.3500,354.3700
1788378159,354.3800,354.4000,354.3800,354.4000
1788378160,354.4000,354.4000,354.3800,354.3800
1788378161,354.4000,354.4200,354.4000,354.4200
1788378163,354.4300,354.4700,354.4100,354.4300
1788378164,354.4300,354.4600,354.4000,354.4300
1788378165,354.4300,354.4400,354.4250,354.4400
1788378167,354.4000,354.4000,354.3900,354.3900
1788378168,354.4200,354.4200,354.4200,354.4200
1788378169,354.4200,354.4200,354.4200,354.4200
1788378172,354.4300,354.4300,354.4300,354.4300
1788378173,354.4400,354.4500,354.4400,354.4500
1788378174,354.4500,354.4800,354.4500,354.4800
1788378175,354.4800,354.4900,354.4800,354.4900
1788378176,354.4900,354.4900,354.4700,354.4800
1788378177,354.4800,354.4800,354.4300,354.4300
1788378178,354.4500,354.4500,354.4500,354.4500
1788378179,354.4500,354.4900,354.4500,354.4600
1788378181,354.4800,354.4800,354.4800,354.4800
1788378183,354.4500,354.4800,354.4500,354.4800
1788378184,354.4900,354.5000,354.4400,354.4600
1788378185,354.4400,354.4500,354.4200,354.4200
1788378186,354.4400,354.4400,354.4400,354.4400
1788378187,354.4300,354.4300,354.4300,354.4300
1788378188,354.4250,354.4250,354.4250,354.4250
1788378189,354.4400,354.4400,354.4400,354.4400
1788378190,354.4500,354.4500,354.4500,354.4500
1788378191,354.4500,354.4500,354.4450,354.4450
1788378193,354.4400,354.4400,354.4000,354.4000
1788378195,354.4700,354.4800,354.4600,354.4600
1788378196,354.4200,354.4500,354.4200,354.4500
1788378197,354.4700,354.4700,354.4500,354.4500
1788378199,354.4800,354.5000,354.4800,354.5000
1788378200,354.5200,354.5200,354.5200,354.5200
1788378201,354.5100,354.5500,354.5100,354.5500
1788378202,354.5500,354.5600,354.5400,354.5400
1788378203,354.5350,354.5350,354.5350,354.5350
1788378204,354.5400,354.5600,354.5400,354.5600
1788378205,354.5300,354.5300,354.5300,354.5300
1788378207,354.5500,354.5600,354.5500,354.5600
1788378208,354.5800,354.5800,354.5800,354.5800
1788378209,354.5800,354.5800,354.5800,354.5800
1788378210,354.5900,354.5900,354.5900,354.5900
1788378211,354.6100,354.6100,354.5900,354.5900
1788378212,354.5850,354.5850,354.5850,354.5850
1788378213,354.5700,354.5700,354.5000,354.5200
1788378216,354.5400,354.5400,354.5400,354.5400
1788378217,354.5700,354.5800,354.5700,354.5700
1788378218,354.6100,354.6100,354.6100,354.6100
1788378219,354.6100,354.6300,354.6000,354.6100
1788378220,354.6250,354.6250,354.6250,354.6250
1788378221,354.6400,354.6400,354.5900,354.6000
1788378223,354.6200,354.6200,354.6200,354.6200
1788378225,354.6400,354.6400,354.6400,354.6400
1788378226,354.6400,354.7200,354.6400,354.6650
1788378231,354.6800,354.7300,354.6800,354.7300
1788378232,354.6900,354.6900,354.6900,354.6900
1788378233,354.6800,354.6900,354.6800,354.6900
1788378234,354.7400,354.7500,354.7400,354.7500
1788378235,354.7200,354.7200,354.7200,354.7200
1788378236,354.7150,354.7300,354.6900,354.7100
1788378238,354.7250,354.7250,354.7250,354.7250
1788378240,354.7000,354.7000,354.6900,354.6900
1788378241,354.6950,354.7100,354.6950,354.7100
1788378243,354.7400,354.7400,354.7400,354.7400
1788378245,354.7600,354.7600,354.6100,354.6200
1788378246,354.6300,354.6400,354.6300,354.6400
1788378247,354.6600,354.6600,354.6600,354.6600
1788378249,354.6600,354.6800,354.6550,354.6800
1788378250,354.6900,354.7000,354.6900,354.7000
1788378252,354.7400,354.7400,354.7400,354.7400
1788378253,354.7400,354.7400,354.7400,354.7400
1788378254,354.7400,354.7400,354.7300,354.7300
1788378255,354.7500,354.7500,354.7500,354.7500
1788378256,354.7300,354.7400,354.7300,354.7400
1788378257,354.7100,354.7100,354.6900,354.6900
1788378258,354.6800,354.6800,354.6650,354.6650
1788378262,354.6700,354.6900,354.6700,354.6900
1788378263,354.7100,354.7100,354.7100,354.7100
1788378264,354.7300,354.7300,354.7300,354.7300
1788378266,354.6900,354.6900,354.5700,354.5700
1788378267,354.5600,354.5600,354.5600,354.5600
1788378268,354.5750,354.5750,354.5750,354.5750
1788378271,354.5750,354.5750,354.5750,354.5750
1788378272,354.5500,354.5700,354.5400,354.5700
1788378273,354.5800,354.6000,354.5800,354.6000
1788378276,354.5800,354.5800,354.5800,354.5800
1788378277,354.5500,354.5500,354.4700,354.4800
1788378278,354.4700,354.4700,354.4700,354.4700
1788378280,354.4300,354.4300,354.4200,354.4200
1788378281,354.4100,354.4300,354.4100,354.4300
1788378282,354.4000,354.4200,354.3700,354.4100
1788378283,354.4300,354.4300,354.4300,354.4300
1788378284,354.4000,354.4000,354.3600,354.3600
1788378285,354.3200,354.3200,354.3000,354.3200
1788378286,354.2900,354.3300,354.2900,354.3300
1788378287,354.3300,354.3300,354.3300,354.3300
1788378288,354.3500,354.3900,354.3500,354.3900
1788378289,354.3900,354.3900,354.3200,354.3300
1788378291,354.3200,354.3200,354.2900,354.2900
1788378294,354.2800,354.2900,354.2300,354.2600
1788378295,354.2600,354.2600,354.2600,354.2600
1788378296,354.2800,354.2800,354.2800,354.2800
1788378298,354.2800,354.3000,354.2700,354.3000
1788378299,354.3600,354.3650,354.3600,354.3650
1788378300,354.3800,354.4150,354.3700,354.3700
1788378301,354.3900,354.3900,354.3800,354.3800
1788378303,354.3600,354.3600,354.3600,354.3600
1788378304,354.3400,354.3400,354.3400,354.3400
1788378305,354.3800,354.4400,354.3800,354.4300
1788378306,354.4400,354.4900,354.4400,354.4900
1788378307,354.5000,354.6700,354.5000,354.6500
1788378308,354.6550,354.6700,354.6000,354.6300
1788378309,354.6000,354.6800,354.5900,354.6800
1788378310,354.6800,354.6800,354.6800,354.6800
1788378311,354.7000,354.7300,354.6900,354.6900
1788378312,354.6800,354.6800,354.6800,354.6800
1788378313,354.6900,354.7000,354.6750,354.6750
1788378315,354.7000,354.7000,354.7000,354.7000
1788378316,354.6900,354.6950,354.6900,354.6950
1788378318,354.7200,354.7200,354.7200,354.7200
1788378319,354.7150,354.7150,354.6900,354.6900
1788378321,354.7100,354.8600,354.7100,354.8600
1788378322,354.8550,354.8800,354.8300,354.8300
1788378323,354.8500,354.8600,354.8500,354.8600
1788378324,354.8600,354.8600,354.8600,354.8600
1788378325,354.8600,354.8600,354.8600,354.8600
1788378326,354.8800,354.9500,354.8700,354.9100
1788378327,354.9500,354.9600,354.9000,354.9300
1788378328,354.9250,355.1200,354.9100,355.0900
1788378329,355.0750,355.1100,355.0300,355.1000
1788378330,355.1100,355.1800,355.0200,355.0200
1788378331,355.0350,355.0350,355.0000,355.0250
1788378332,355.0250,355.0250,354.9900,355.0050
1788378333,355.0500,355.0900,355.0200,355.0400
1788378334,355.0550,355.0700,355.0400,355.0400
1788378336,355.0500,355.0550,355.0300,355.0300
1788378337,355.0700,355.0900,355.0700,355.0700
1788378338,355.0800,355.0800,355.0800,355.0800
1788378339,355.0400,355.0500,355.0400,355.0500
1788378340,355.0600,355.0600,355.0600,355.0600
1788378341,355.0800,355.0800,355.0300,355.0300
1788378345,355.0550,355.2000,355.0550,355.1900
1788378346,355.1600,355.1600,355.1600,355.1600
1788378347,355.1900,355.1900,355.1900,355.1900
1788378348,355.1900,355.2300,355.1400,355.1700
1788378349,355.1900,355.2000,355.1900,355.2000
1788378350,355.2300,355.2300,355.1800,355.1800
1788378351,355.1700,355.1800,355.1500,355.1800
1788378353,355.2000,355.2000,355.2000,355.2000
1788378354,355.1700,355.1800,355.1300,355.1400
1788378355,355.1300,355.1300,355.0500,355.0900
1788378356,355.1300,355.1300,355.0800,355.0800
1788378357,355.1050,355.1050,355.1050,355.1050
1788378358,355.1200,355.1200,355.0600,355.0600
1788378359,355.1200,355.1200,355.1200,355.1200
1788378360,355.1400,355.1500,355.1400,355.1400
1788378361,355.1650,355.1650,355.1650,355.1650
1788378362,355.1200,355.1200,355.0900,355.1100
1788378363,355.0900,355.0900,355.0900,355.0900
1788378364,355.0700,355.0700,355.0700,355.0700
1788378365,355.0600,355.0800,355.0450,355.0800
1788378366,355.0400,355.0400,355.0400,355.0400
1788378367,355.0200,355.0200,355.0200,355.0200
1788378368,355.0100,355.0100,354.9600,354.9700
1788378369,355.0000,355.0100,354.9500,354.9500
1788378370,354.9900,355.0000,354.9900,355.0000
1788378371,354.9600,354.9600,354.8100,354.8700
1788378372,354.8900,354.8900,354.8900,354.8900
1788378373,354.8700,354.8700,354.8700,354.8700
1788378374,354.8600,354.8600,354.8600,354.8600
1788378376,354.8800,354.9100,354.8700,354.9100
1788378377,354.8900,354.9200,354.8800,354.9200
1788378379,354.9300,354.9400,354.9300,354.9400
1788378380,354.9200,354.9200,354.8800,354.8800
1788378381,354.8800,354.8900,354.8600,354.8900
1788378383,354.9400,354.9600,354.9400,354.9600
1788378384,354.9550,354.9550,354.9000,354.9000
1788378385,354.8900,354.8900,354.8900,354.8900
1788378386,354.8800,354.8800,354.8600,354.8600
1788378387,354.9000,354.9000,354.8500,354.8900
1788378391,354.8700,354.8700,354.8700,354.8700
1788378392,354.8500,354.8500,354.8400,354.8500
1788378393,354.8500,354.8600,354.8500,354.8600
1788378394,354.8700,354.9000,354.8700,354.9000
1788378395,354.9200,354.9200,354.9200,354.9200
1788378397,354.9500,355.0000,354.9500,354.9800
1788378398,355.0100,355.0200,355.0100,355.0200
1788378400,355.0500,355.0500,355.0500,355.0500
1788378401,355.0500,355.0500,355.0500,355.0500
1788378403,355.1000,355.1000,355.1000,355.1000
1788378404,355.0800,355.1000,355.0300,355.1000
1788378405,355.0500,355.0500,355.0000,355.0200
1788378408,355.0800,355.0800,355.0750,355.0750
1788378409,355.0700,355.0900,355.0700,355.0900
1788378410,355.0750,355.0900,355.0750,355.0900
1788378412,355.1100,355.1100,355.1100,355.1100
1788378413,355.1000,355.1000,355.1000,355.1000
1788378414,355.0700,355.1000,355.0700,355.1000
1788378415,355.1100,355.1400,355.1100,355.1400
1788378416,355.1500,355.2000,355.1500,355.2000
1788378417,355.2200,355.2400,355.2000,355.2000
1788378418,355.1800,355.2300,355.1600,355.2300
1788378419,355.2400,355.2400,355.2400,355.2400
1788378420,355.2300,355.2400,355.2200,355.2400
1788378421,355.2400,355.2400,355.2000,355.2000
1788378422,355.2000,355.2200,355.1900,355.1900
1788378423,355.2200,355.2200,355.2200,355.2200
1788378424,355.2150,355.2400,355.2150,355.2400
1788378425,355.2500,355.3100,355.2400,355.3100
1788378426,355.3200,355.3500,355.3200,355.3500
1788378427,355.3500,355.5000,355.3500,355.4900
1788378428,355.4900,355.4900,355.4700,355.4700
1788378429,355.5000,355.5300,355.4900,355.5300
1788378430,355.4900,355.4900,355.4400,355.4700
1788378431,355.4700,355.4800,355.4700,355.4800
1788378432,355.4900,355.4900,355.4900,355.4900
1788378434,355.5000,355.5000,355.4600,355.4600
1788378435,355.4700,355.4700,355.4700,355.4700
1788378436,355.4800,355.4900,355.4400,355.4900
1788378437,355.4800,355.4800,355.4800,355.4800
1788378438,355.5000,355.5000,355.4800,355.4800
1788378439,355.4900,355.4900,355.4850,355.4850
1788378440,355.4900,355.5000,355.4600,355.4600
1788378441,355.4500,355.4700,355.4500,355.4500
1788378442,355.4500,355.4800,355.4500,355.4800
1788378443,355.5000,355.5100,355.4900,355.4900
1788378444,355.4800,355.4800,355.4800,355.4800
1788378445,355.5000,355.5000,355.5000,355.5000
1788378446,355.5200,355.5300,355.4700,355.4700
1788378447,355.4700,355.5300,355.4700,355.5300
1788378449,355.5100,355.5100,355.5100,355.5100
1788378450,355.5200,355.5200,355.4800,355.5000
1788378451,355.5200,355.5300,355.5100,355.5100
1788378453,355.5200,355.5200,355.5000,355.5000
1788378454,355.5300,355.5400,355.5300,355.5400
1788378455,355.5150,355.5400,355.5150,355.5400
1788378456,355.5000,355.5100,355.4900,355.5100
1788378458,355.5100,355.5100,355.5100,355.5100
1788378459,355.5200,355.5600,355.5200,355.5600
1788378460,355.5600,355.5800,355.5300,355.5450
1788378461,355.5300,355.5400,355.5200,355.5200
1788378462,355.4900,355.5000,355.4700,355.4700
1788378464,355.5000,355.5000,355.5000,355.5000
1788378466,355.5100,355.5400,355.5100,355.5400
1788378467,355.5500,355.5500,355.5500,355.5500
1788378468,355.5350,355.5400,355.5000,355.5400
1788378470,355.5000,355.5100,355.4600,355.5100
1788378471,355.5100,355.5100,355.5100,355.5100
1788378472,355.4900,355.5000,355.4900,355.4950
1788378473,355.4700,355.4700,355.4500,355.4500
1788378475,355.4300,355.4300,355.4300,355.4300
1788378477,355.4200,355.4200,355.3000,355.3500
1788378480,355.3800,355.4800,355.3800,355.4700
1788378481,355.4600,355.4600,355.4000,355.4200
1788378482,355.4300,355.4400,355.4300,355.4400
1788378483,355.4200,355.4200,355.3500,355.3500
1788378484,355.3600,355.3600,355.3600,355.3600
1788378486,355.3400,355.3400,355.3200,355.3200
1788378487,355.3600,355.3700,355.3200,355.3500
1788378488,355.3700,355.3700,355.3700,355.3700
1788378490,355.3600,355.3700,355.3600,355.3700
1788378492,355.4000,355.4000,355.4000,355.4000
1788378493,355.3700,355.3700,355.3700,355.3700
1788378495,355.3800,355.3800,355.3800,355.3800
1788378496,355.3800,355.4100,355.3800,355.4100
1788378497,355.4200,355.4400,355.3900,355.4000
1788378498,355.3700,355.3700,355.3700,355.3700
1788378499,355.4000,355.4000,355.4000,355.4000
1788378501,355.4100,355.4100,355.3800,355.3800
1788378502,355.3600,355.3600,355.2800,355.3000
1788378503,355.3100,355.3200,355.3100,355.3200
1788378504,355.3300,355.3300,355.3050,355.3050
1788378505,355.2900,355.2950,355.2800,355.2950
1788378506,355.3100,355.3300,355.3100,355.3300
1788378507,355.3300,355.3400,355.3300,355.3400
1788378508,355.3000,355.3400,355.2500,355.3400
1788378509,355.3400,355.3400,355.3400,355.3400
1788378510,355.3400,355.3400,355.3400,355.3400
1788378511,355.3300,355.3300,355.3200,355.3200
1788378512,355.3100,355.3500,355.3100,355.3500
1788378513,355.3500,355.3500,355.3500,355.3500
1788378514,355.3700,355.3800,355.3700,355.3800
1788378516,355.3900,355.3900,355.3900,355.3900
1788378518,355.3600,355.4000,355.3600,355.4000
1788378519,355.4100,355.4300,355.4100,355.4300
1788378520,355.4400,355.4400,355.4000,355.4000
1788378521,355.4000,355.4000,355.4000,355.4000
1788378522,355.4050,355.4300,355.4050,355.4300
1788378523,355.4300,355.4300,355.4200,355.4200
1788378524,355.4300,355.4300,355.4300,355.4300
1788378525,355.4200,355.4300,355.3800,355.4300
1788378526,355.4300,355.4300,355.4200,355.4200
1788378527,355.4250,355.4250,355.3900,355.4000
1788378528,355.4500,355.4700,355.4200,355.4700
1788378529,355.4650,355.5300,355.4500,355.5300
1788378530,355.5200,355.5200,355.5000,355.5100
1788378531,355.5150,355.5150,355.4800,355.4800
1788378533,355.4900,355.5000,355.4700,355.4700
1788378534,355.4600,355.4600,355.4100,355.4100
1788378535,355.4200,355.5300,355.4200,355.5300
1788378536,355.5500,355.5500,355.5300,355.5300
1788378537,355.5500,355.5500,355.5300,355.5300
1788378538,355.5100,355.5100,355.5000,355.5000
1788378539,355.5400,355.5700,355.5400,355.5550
1788378540,355.5700,355.6000,355.5700,355.6000
1788378541,355.6000,355.6000,355.5700,355.5700
1788378544,355.5500,355.5550,355.5500,355.5550
1788378545,355.5100,355.5100,355.4800,355.4850
1788378546,355.5000,355.5200,355.5000,355.5200
1788378547,355.5400,355.5500,355.5400,355.5500
1788378548,355.5200,355.5400,355.5000,355.5000
1788378549,355.5300,355.5400,355.5300,355.5400
1788378550,355.5400,355.5400,355.5400,355.5400
1788378551,355.5400,355.5400,355.5400,355.5400
1788378552,355.5500,355.5500,355.5500,355.5500
1788378553,355.5400,355.5400,355.5400,355.5400
1788378555,355.5600,355.5600,355.5600,355.5600
1788378556,355.5600,355.5700,355.5600,355.5600
1788378557,355.5600,355.5900,355.5500,355.5900
1788378558,355.5900,355.5900,355.5900,355.5900
1788378559,355.5800,355.5800,355.5700,355.5800
1788378561,355.5900,355.5900,355.5900,355.5900
1788378562,355.6000,355.6000,355.5600,355.5900
1788378564,355.5700,355.6000,355.5700,355.6000
1788378565,355.6100,355.6200,355.6100,355.6100
1788378566,355.5900,355.6100,355.5800,355.5900
1788378567,355.6000,355.6300,355.6000,355.6300
1788378568,355.6400,355.6400,355.6400,355.6400
1788378570,355.6300,355.6300,355.6300,355.6300
1788378571,355.6100,355.6400,355.5900,355.6400
1788378572,355.6500,355.6600,355.6200,355.6200
1788378576,355.6300,355.6600,355.6300,355.6500
1788378578,355.6300,355.6500,355.6250,355.6400
1788378579,355.6300,355.6300,355.6300,355.6300
1788378580,355.6300,355.6300,355.5900,355.6200
1788378581,355.6200,355.6200,355.5800,355.5800
1788378582,355.5900,355.6400,355.5900,355.6400
1788378583,355.6500,355.7000,355.6400,355.7000
1788378587,355.7100,355.7100,355.6600,355.6800
1788378588,355.7200,355.7200,355.7200,355.7200
1788378589,355.7000,355.7000,355.7000,355.7000
1788378591,355.7050,355.7050,355.6400,355.6700
1788378592,355.6800,355.6800,355.6600,355.6600
1788378593,355.7300,355.7400,355.7300,355.7400
1788378594,355.7500,355.7700,355.7500,355.7700
1788378595,355.7700,355.7700,355.7200,355.7700
1788378596,355.7600,355.7600,355.7600,355.7600
1788378597,355.7700,355.7700,355.7700,355.7700
1788378598,355.7700,355.7700,355.7700,355.7700
1788378599,355.7800,355.8000,355.7800,355.7800
1788378600,355.7800,355.8100,355.4500,355.5050
1788378601,355.5000,355.5000,355.4600,355.4600
1788378602,355.4700,355.4900,355.4700,355.4900
1788378603,355.5500,355.6300,355.5500,355.6100
1788378605,355.5700,355.6100,355.5500,355.6100
1788378607,355.6000,355.6000,355.3900,355.4200
1788378608,355.4600,355.4600,355.4600,355.4600
1788378610,355.5100,355.5100,355.5100,355.5100
1788378614,355.5300,355.5300,355.5300,355.5300
1788378615,355.5500,355.5500,355.5300,355.5400
1788378616,355.5500,355.6000,355.5400,355.6000
1788378617,355.6200,355.6400,355.6100,355.6100
1788378618,355.6200,355.6200,355.6000,355.6000
1788378619,355.5900,355.6200,355.5800,355.5800
1788378620,355.6300,355.6700,355.6100,355.6100
1788378621,355.6200,355.6200,355.6100,355.6100
1788378622,355.6200,355.6300,355.6200,355.6300
1788378623,355.6300,355.6700,355.6300,355.6600
1788378624,355.6700,355.6700,355.6300,355.6300
1788378626,355.6500,355.6500,355.6400,355.6400
1788378627,355.6500,355.6700,355.6400,355.6400
1788378628,355.6300,355.6300,355.6300,355.6300
1788378629,355.6700,355.6900,355.6700,355.6900
1788378630,355.6700,355.6800,355.6700,355.6800
1788378631,355.6900,355.7100,355.6800,355.7100
1788378632,355.7000,355.7200,355.7000,355.7200
1788378633,355.7300,355.7600,355.7000,355.7100
1788378634,355.7000,355.7600,355.2300,355.3550
1788378635,355.3600,355.3600,355.2300,355.2800
1788378637,355.2400,355.3200,355.2400,355.3200
1788378638,355.2300,355.2300,355.2100,355.2100
1788378640,355.2300,355.2300,355.0800,355.1400
1788378642,355.1500,355.1900,355.1100,355.1900
1788378643,355.2200,355.3500,355.2200,355.3300
1788378644,355.3100,355.3200,355.3000,355.3000
1788378645,355.3600,355.3800,355.3600,355.3800
1788378646,355.4100,355.4300,355.4100,355.4300
1788378647,355.4050,355.4050,355.3700,355.4000
1788378648,355.4100,355.4300,355.3700,355.4100
1788378649,355.4200,355.4900,355.4200,355.4400
1788378650,355.4400,355.4700,355.4400,355.4600
1788378651,355.4900,355.5000,355.4900,355.5000
1788378652,355.5000,355.5200,355.5000,355.5200
1788378653,355.4800,355.4800,355.4100,355.4400
1788378654,355.3700,355.4400,355.3700,355.4400
1788378655,355.4700,355.5300,355.4700,355.5300
1788378656,355.5300,355.5300,355.5300,355.5300
1788378657,355.5400,355.5800,355.5400,355.5800
1788378658,355.5800,355.5800,355.5800,355.5800
1788378659,355.5500,355.5500,355.5500,355.5500
1788378660,355.5800,355.5800,355.5800,355.5800
1788378661,355.5500,355.5800,355.5500,355.5700
1788378662,355.6000,355.6000,355.6000,355.6000
1788378663,355.6500,355.6500,355.6200,355.6200
1788378664,355.6450,355.6700,355.6450,355.6700
1788378665,355.6600,355.7300,355.6400,355.7300
1788378666,355.7400,355.8300,355.7400,355.8300
1788378667,355.7900,355.7900,355.7900,355.7900
1788378669,355.7800,355.8100,355.7800,355.8100
1788378670,355.8100,355.8200,355.7900,355.8000
1788378671,355.8000,355.8300,355.7300,355.7300
1788378672,355.7400,355.7400,355.7400,355.7400
1788378673,355.7100,355.7300,355.7100,355.7300
1788378675,355.7000,355.7000,355.6700,355.6800
1788378676,355.6700,355.6700,355.6500,355.6500
1788378677,355.6700,355.6800,355.6700,355.6800
1788378678,355.6400,355.6550,355.6400,355.6550
1788378679,355.6800,355.6800,355.6600,355.6600
1788378680,355.6400,355.6400,355.6200,355.6200
1788378681,355.6200,355.6200,355.6200,355.6200
1788378683,355.6050,355.7000,355.5900,355.6800
1788378684,355.7000,355.7000,355.7000,355.7000
1788378685,355.7000,355.7100,355.7000,355.7000
1788378686,355.7000,355.7100,355.6800,355.6800
1788378687,355.6900,355.7000,355.6900,355.7000
1788378688,355.6900,355.6900,355.6700,355.6700
1788378689,355.7000,355.7200,355.6600,355.6600
1788378690,355.6800,355.6800,355.6800,355.6800
1788378691,355.6600,355.6600,355.6600,355.6600
1788378693,355.6300,355.6300,355.5900,355.5900
1788378694,355.6050,355.6300,355.6050,355.6300
1788378696,355.6400,355.6700,355.6400,355.6600
1788378697,355.6800,355.6800,355.6400,355.6400
1788378699,355.6300,355.6300,355.6200,355.6200
1788378700,355.6300,355.6400,355.6250,355.6400
1788378701,355.6500,355.6500,355.6400,355.6400
1788378702,355.6500,355.6500,355.6500,355.6500
1788378703,355.6500,355.6600,355.6500,355.6600
1788378705,355.6600,355.6600,355.6400,355.6400
1788378706,355.6100,355.6100,355.6000,355.6000
1788378707,355.5900,355.5900,355.5400,355.5400
1788378708,355.5300,355.5300,355.5000,355.5000
1788378709,355.5000,355.5200,355.5000,355.5200
1788378710,355.5800,355.6100,355.5800,355.6100
1788378711,355.6100,355.6500,355.6100,355.6500
1788378712,355.6300,355.7000,355.6300,355.7000
1788378713,355.6900,355.7200,355.6900,355.7200
1788378715,355.7000,355.7000,355.6500,355.6500
1788378716,355.6200,355.6200,355.6100,355.6100
1788378717,355.6200,355.6200,355.6100,355.6100
1788378718,355.5600,355.5750,355.5600,355.5750
1788378719,355.5750,355.5800,355.5500,355.5700
1788378721,355.5500,355.5500,355.5000,355.5200
1788378723,355.5200,355.5200,355.5200,355.5200
1788378725,355.5000,355.5000,355.4900,355.4900
1788378726,355.4800,355.4800,355.3800,355.3800
1788378727,355.3600,355.3600,355.3400,355.3500
1788378729,355.3900,355.4000,355.3900,355.4000
1788378730,355.4300,355.4500,355.4300,355.4500
1788378731,355.4800,355.5000,355.4700,355.4700
1788378732,355.4500,355.4500,355.4300,355.4500
1788378737,355.4400,355.4400,355.4300,355.4300
1788378738,355.4400,355.4500,355.4300,355.4500
1788378740,355.4200,355.4200,355.4100,355.4100
1788378741,355.4600,355.4600,355.4600,355.4600
1788378742,355.4800,355.4800,355.4800,355.4800
1788378743,355.4900,355.4900,355.4900,355.4900
1788378744,355.5000,355.5200,355.5000,355.5200
1788378745,355.5200,355.5400,355.5200,355.5400
1788378747,355.5700,355.5700,355.5700,355.5700
1788378748,355.5400,355.5600,355.5400,355.5600
1788378750,355.5800,355.5900,355.5400,355.5900
1788378751,355.6000,355.6000,355.5500,355.5500
1788378754,355.5500,355.5500,355.5500,355.5500
1788378755,355.5500,355.5500,355.5200,355.5200
1788378756,355.5100,355.5100,355.5000,355.5100
1788378757,355.4900,355.5000,355.4900,355.5000
1788378758,355.4700,355.4700,355.4600,355.4600
1788378759,355.4300,355.4500,355.4300,355.4300
1788378760,355.4200,355.4200,355.3900,355.3900
1788378761,355.3700,355.3700,355.3700,355.3700
1788378763,355.3900,355.3900,355.3900,355.3900
1788378764,355.3500,355.3500,355.3000,355.3100
1788378766,355.3300,355.3300,355.3100,355.3100
1788378767,355.3300,355.3700,355.3200,355.3600
1788378769,355.3000,355.3000,355.2400,355.2400
1788378770,355.2600,355.3500,355.2600,355.3500
1788378771,355.2900,355.2900,355.2700,355.2700
1788378772,355.2700,355.2700,355.2500,355.2500
1788378773,355.2900,355.3000,355.2900,355.3000
1788378774,355.3300,355.3300,355.3300,355.3300
1788378776,355.3150,355.3300,355.3000,355.3300
1788378777,355.3400,355.4100,355.3400,355.4100
1788378778,355.4000,355.4000,355.4000,355.4000
1788378779,355.4000,355.4100,355.4000,355.4100
1788378781,355.4100,355.4400,355.4100,355.4400
1788378782,355.4300,355.4550,355.4300,355.4550
1788378783,355.4800,355.4800,355.4800,355.4800
1788378784,355.4800,355.4900,355.4750,355.4750
1788378785,355.5000,355.5800,355.5000,355.5800
1788378787,355.5700,355.6500,355.5600,355.6500
1788378788,355.6500,355.6500,355.6500,355.6500
1788378789,355.6400,355.6500,355.6400,355.6500
1788378790,355.6700,355.6900,355.6600,355.6700
1788378791,355.7000,355.7400,355.6800,355.7400
1788378792,355.7500,355.8000,355.7500,355.8000
1788378794,355.7800,355.7800,355.7800,355.7800
1788378795,355.7400,355.7700,355.7400,355.7700
1788378796,355.7500,355.7700,355.7000,355.7000
1788378797,355.7000,355.7000,355.7000,355.7000
1788378798,355.7300,355.7400,355.7100,355.7400
1788378799,355.7500,355.7500,355.7400,355.7500
1788378801,355.7600,355.7600,355.7200,355.7200
1788378802,355.7500,355.7600,355.6900,355.6900
1788378803,355.7200,355.7200,355.6800,355.7100
1788378804,355.6900,355.7300,355.6800,355.7300
1788378805,355.7300,355.7300,355.7200,355.7200
1788378806,355.7600,355.7600,355.7600,355.7600
1788378808,355.7250,355.7250,355.7250,355.7250
1788378809,355.7250,355.7250,355.6800,355.6800
1788378810,355.7100,355.7100,355.6900,355.6900
1788378811,355.6900,355.7100,355.6900,355.7100
1788378812,355.6800,355.6800,355.6700,355.6700
1788378813,355.6950,355.7400,355.6900,355.6900
1788378814,355.7000,355.7000,355.7000,355.7000
1788378815,355.7400,355.7400,355.7300,355.7300
1788378816,355.7500,355.7900,355.7400,355.7900
1788378817,355.7900,355.7900,355.7800,355.7800
1788378818,355.7600,355.8000,355.7600,355.8000
1788378819,355.8000,355.8500,355.7800,355.8500
1788378820,355.8400,355.8400,355.8400,355.8400
1788378821,355.8700,355.8800,355.8500,355.8500
1788378822,355.8600,355.8600,355.8500,355.8500
1788378823,355.8700,355.8800,355.8700,355.8800
1788378824,355.8400,355.8800,355.8300,355.8800
1788378825,355.8700,355.8900,355.8600,355.8800
1788378826,355.8800,355.9000,355.8800,355.8900
1788378827,355.8850,355.8850,355.8700,355.8750
1788378828,355.8600,355.8800,355.8600,355.8800
1788378829,355.8700,355.8800,355.8600,355.8600
1788378830,355.8500,355.8500,355.7800,355.7800
1788378831,355.7900,355.8400,355.7900,355.8400
1788378832,355.8400,355.8700,355.8100,355.8100
1788378833,355.8500,355.8500,355.8500,355.8500
1788378834,355.7900,355.8300,355.7900,355.8300
1788378835,355.7800,355.7800,355.7800,355.7800
1788378838,355.8400,355.8500,355.8100,355.8400
1788378839,355.8400,355.8400,355.8400,355.8400
1788378840,355.8600,356.0200,355.7700,355.8700
1788378841,355.8650,355.8750,355.8200,355.8200
1788378842,355.8200,355.8200,355.8000,355.8000
1788378846,355.8200,355.8200,355.8100,355.8200
1788378847,355.8500,355.8500,355.8500,355.8500
1788378849,355.8500,355.8600,355.8500,355.8600
1788378850,355.8100,355.8100,355.8000,355.8000
1788378853,355.8700,355.9000,355.8700,355.9000
1788378854,355.9000,355.9700,355.9000,355.9700
1788378855,355.9200,355.9200,355.9200,355.9200
1788378856,355.9700,355.9700,355.9300,355.9700
1788378857,355.9900,355.9900,355.9300,355.9300
1788378858,355.9600,355.9900,355.9600,355.9700
1788378859,356.0000,356.0000,355.9700,355.9700
1788378860,355.9600,356.0400,355.9450,356.0000
1788378861,356.0000,356.0000,355.9900,355.9900
1788378862,356.0000,356.0000,355.9400,355.9400
1788378863,355.9500,355.9700,355.9500,355.9700
1788378864,356.0000,356.0000,356.0000,356.0000
1788378865,356.0000,356.0000,355.9700,355.9900
1788378866,355.9800,355.9800,355.9500,355.9600
1788378867,355.9700,355.9700,355.9700,355.9700
1788378868,355.9900,356.0300,355.9900,356.0150
1788378870,356.0500,356.0500,356.0500,356.0500
1788378872,356.0500,356.0600,356.0500,356.0600
1788378873,356.0300,356.0300,356.0300,356.0300
1788378874,356.0600,356.0600,356.0600,356.0600
1788378875,356.0600,356.0700,356.0400,356.0400
1788378877,356.0400,356.0400,355.9400,355.9700
1788378879,355.9700,356.0000,355.9700,356.0000
1788378880,356.0200,356.0300,355.8500,355.8500
1788378881,355.8900,355.9000,355.8900,355.9000
1788378885,355.9100,355.9100,355.9100,355.9100
1788378886,355.9100,355.9100,355.8600,355.8600
1788378887,355.8800,355.8900,355.8800,355.8900
1788378890,355.9200,356.4100,355.9200,356.3100
1788378891,356.3000,356.3300,356.2900,356.3300
1788378892,356.3100,356.3100,356.3100,356.3100
1788378893,356.3100,356.3100,356.2600,356.2800
1788378894,356.2400,356.2400,356.1800,356.2000
1788378896,356.2300,356.2400,356.2000,356.2100
1788378897,356.2400,356.2600,356.2300,356.2300
1788378898,356.2100,356.2600,356.2100,356.2100
1788378899,356.2500,356.2700,356.2500,356.2500
1788378900,356.2800,356.7500,356.1900,356.7100
1788378901,356.7400,356.7900,356.6700,356.6700
1788378902,356.7000,356.7100,356.5700,356.5700
1788378903,356.5700,356.6000,356.5100,356.5100
1788378904,356.5000,356.5000,356.4700,356.4700
1788378905,356.4600,356.4600,356.4000,356.4000
1788378906,356.4400,356.4900,356.4400,356.4900
1788378907,356.4600,356.4600,356.4400,356.4500
1788378908,356.4500,356.4700,356.4500,356.4600
1788378909,356.4850,356.4850,356.4700,356.4700
1788378910,356.4500,356.4500,356.4100,356.4400
1788378911,356.3800,356.3900,356.2900,356.3100
1788378912,356.3100,356.3700,356.3100,356.3700
1788378913,356.3600,356.3600,356.3200,356.3400
1788378914,356.3400,356.3700,356.3300,356.3700
1788378915,356.3750,356.3750,356.3000,356.3000
1788378916,356.2800,356.3000,356.2700,356.3000
1788378919,356.3300,356.3500,356.3200,356.3500
1788378920,356.3550,356.3700,356.3550,356.3600
1788378921,356.3500,356.3600,356.2000,356.2000
1788378922,356.2000,356.2850,356.2000,356.2800
1788378923,356.2700,356.2800,356.2700,356.2800
1788378924,356.2900,356.3300,356.2900,356.3300
1788378925,356.3600,356.4100,356.3100,356.3700
1788378926,356.3600,356.3700,356.3400,356.3400
1788378927,356.3200,356.3200,356.2600,356.2600
1788378928,356.2600,356.2600,356.2000,356.2000
1788378929,356.2200,356.2200,356.2200,356.2200
1788378930,356.2050,356.2300,356.2050,356.2150
1788378931,356.2200,356.2300,356.2200,356.2300
1788378932,356.2400,356.2500,356.2100,356.2100
1788378933,356.2050,356.2050,356.1300,356.1500
1788378934,356.1400,356.1400,356.0500,356.0500
1788378935,356.0200,356.0200,355.9600,355.9700
1788378936,356.0100,356.0200,356.0100,356.0200
1788378937,356.0100,356.0150,355.9900,356.0150
1788378938,356.0200,356.0550,356.0200,356.0500
1788378939,356.0700,356.1000,356.0300,356.1000
1788378940,356.1200,356.1200,356.1200,356.1200
1788378942,356.1100,356.1400,356.0900,356.1400
1788378943,356.1250,356.1400,356.1000,356.1400
1788378944,356.1500,356.2300,356.1500,356.2100
1788378945,356.2100,356.2200,356.2000,356.2200
1788378946,356.2200,356.2300,356.2200,356.2300
1788378947,356.2400,356.2400,356.2200,356.2300
1788378948,356.2300,356.3800,356.2100,356.3800
1788378949,356.3900,356.4550,356.3700,356.4300
1788378950,356.4300,356.4300,356.4000,356.4250
1788378951,356.4500,356.5000,356.4500,356.4600
1788378952,356.4300,356.4400,356.4100,356.4100
1788378953,356.4100,356.4100,356.3600,356.3600
1788378954,356.3400,356.3400,356.3200,356.3400
1788378955,356.3400,356.3500,356.3400,356.3500
1788378956,356.3800,356.3850,356.3800,356.3800
1788378958,356.3850,356.3900,356.3400,356.3600
1788378960,356.3650,356.3650,356.3300,356.3300
1788378961,356.3300,356.3300,356.3100,356.3300
1788378962,356.3300,356.3300,356.3000,356.3000
1788378963,356.3000,356.3000,356.2400,356.2800
1788378964,356.3200,356.3200,356.3200,356.3200
1788378965,356.3400,356.3400,356.3400,356.3400
1788378966,356.3200,356.3200,356.3200,356.3200
1788378967,356.3200,356.3200,356.3000,356.3200
1788378969,356.3400,356.3500,356.3400,356.3500
1788378970,356.3650,356.3800,356.3300,356.3800
1788378971,356.3850,356.4000,356.3850,356.4000
1788378972,356.4050,356.4100,356.4050,356.4100
1788378973,356.4100,356.4400,356.3800,356.3800
1788378974,356.3800,356.3950,356.3650,356.3950
1788378975,356.3800,356.4100,356.3800,356.4000
1788378976,356.3800,356.3900,356.3600,356.3800
1788378977,356.3700,356.3800,356.3700,356.3800
1788378978,356.3800,356.5000,356.3800,356.4600
1788378979,356.4500,356.4500,356.4200,356.4200
1788378980,356.4200,356.4200,356.4000,356.4000
1788378981,356.3950,356.4250,356.3900,356.4250
1788378982,356.4100,356.4100,356.4000,356.4000
1788378983,356.3900,356.3900,356.2900,356.2900
1788378984,356.2950,356.3100,356.2950,356.3100
1788378985,356.3150,356.3600,356.3150,356.3600
1788378986,356.3600,356.4000,356.3600,356.3800
1788378987,356.3900,356.4400,356.3700,356.4300
1788378988,356.4250,356.4250,356.4250,356.4250
1788378989,356.4200,356.4350,356.4200,356.4200
1788378990,356.4300,356.4600,356.4300,356.4300
1788378991,356.4200,356.4200,356.3700,356.3700
1788378992,356.3650,356.4300,356.3650,356.4300
1788378993,356.4300,356.4300,356.4200,356.4250
1788378995,356.4500,356.4600,356.4500,356.4550
1788378996,356.4550,356.4550,356.4400,356.4400
1788378997,356.4400,356.5000,356.4400,356.4500
1788378998,356.4500,356.4500,356.3850,356.4200
1788378999,356.4000,356.4000,356.3800,356.3800
1788379000,356.3900,356.4050,356.3700,356.3700
1788379001,356.3700,356.3700,356.2800,356.2900
1788379002,356.2800,356.2800,356.2600,356.2800
1788379003,356.2850,356.3500,356.2850,356.3500
1788379004,356.3300,356.3300,356.3100,356.3100
1788379005,356.3000,356.3000,356.2600,356.2700
1788379007,356.2700,356.2700,356.2700,356.2700
1788379008,356.2700,356.2800,356.2600,356.2600
1788379009,356.2650,356.2700,356.1800,356.1900
1788379010,356.1900,356.2400,356.1900,356.2350
1788379011,356.2200,356.2200,356.2200,356.2200
1788379012,356.2700,356.2700,356.2700,356.2700
1788379013,356.2900,356.3100,356.2800,356.2900
1788379014,356.3000,356.3700,356.3000,356.3700
1788379015,356.3800,356.4200,356.3600,356.4200
1788379016,356.4300,356.4700,356.4200,356.4500
1788379017,356.5000,356.5900,356.5000,356.5800
1788379018,356.5700,356.5800,356.5500,356.5500
1788379019,356.5500,356.5600,356.5500,356.5500
1788379020,356.5400,356.6500,356.5400,356.6100
1788379021,356.6350,356.7100,356.6350,356.7100
1788379022,356.7300,356.7800,356.7300,356.7600
1788379023,356.7400,356.8000,356.7400,356.8000
1788379024,356.8000,356.9000,356.8000,356.8700
1788379025,356.8800,356.9300,356.8700,356.9300
1788379026,356.9500,357.0300,356.9500,357.0300
1788379027,357.0400,357.2100,357.0400,357.1900
1788379028,357.2200,357.2350,357.1400,357.1950
1788379029,357.1950,357.2600,357.1900,357.2600
1788379030,357.2600,357.2800,357.1800,357.1800
1788379031,357.1700,357.1900,357.1500,357.1850
1788379032,357.1850,357.2200,357.1700,357.1900
1788379033,357.1700,357.2000,357.1500,357.1700
1788379034,357.2200,357.2200,357.1700,357.2200
1788379035,357.2200,357.2200,357.1100,357.1500
1788379036,357.1500,357.1750,357.1400,357.1500
1788379037,357.1400,357.1600,357.1400,357.1600
1788379038,357.1600,357.2000,357.1400,357.2000
1788379039,357.1750,357.1750,357.1000,357.1400
1788379040,357.1400,357.2000,357.1400,357.1700
1788379041,357.2000,357.2100,357.1800,357.1800
1788379042,357.2100,357.2200,357.1800,357.1800
1788379043,357.1800,357.1900,357.1600,357.1900
1788379044,357.2000,357.2300,357.1800,357.1850
1788379045,357.1850,357.1900,357.1600,357.1800
1788379046,357.2100,357.2200,357.1800,357.1900
1788379047,357.2300,357.2300,357.2300,357.2300
1788379048,357.2500,357.2800,357.1800,357.1800
1788379049,357.2100,357.2500,357.2100,357.2400
1788379050,357.2300,357.2500,357.2200,357.2450
1788379051,357.2200,357.2200,357.1600,357.1900
1788379052,357.1900,357.2100,357.1700,357.1700
1788379053,357.2000,357.2000,357.2000,357.2000
1788379054,357.2200,357.2300,357.1900,357.1900
1788379055,357.1800,357.1800,357.1200,357.1200
1788379056,357.1400,357.1700,357.1400,357.1400
1788379057,357.1400,357.1400,357.1400,357.1400
1788379058,357.1500,357.1500,357.0400,357.0700
1788379059,357.0400,357.0400,357.0000,357.0300
1788379061,357.0500,357.0700,356.9900,357.0100
1788379062,357.0000,357.0100,356.9400,356.9500
1788379063,356.9800,356.9800,356.9700,356.9700
1788379064,357.0100,357.0300,357.0100,357.0300
1788379065,357.0200,357.0300,357.0200,357.0250
1788379066,357.0000,357.0300,356.9900,357.0000
1788379067,356.9900,356.9900,356.9000,356.9000
1788379068,356.9000,356.9300,356.8900,356.8900
1788379069,356.9000,356.9200,356.9000,356.9200
1788379070,356.9200,356.9500,356.9200,356.9300
1788379071,356.9300,356.9300,356.8800,356.9000
1788379072,356.9000,356.9000,356.8800,356.9000
1788379073,356.8900,356.8900,356.8900,356.8900
1788379074,356.8900,356.8900,356.8100,356.8100
1788379075,356.8300,356.8400,356.8300,356.8400
1788379076,356.8700,356.8800,356.8700,356.8800
1788379077,356.8700,356.8700,356.8300,356.8300
1788379078,356.8300,356.8400,356.8200,356.8400
1788379079,356.8400,356.8400,356.8300,356.8300
1788379080,356.8350,356.9300,356.8200,356.9100
1788379081,356.9000,356.9300,356.8600,356.9300
1788379082,356.9200,356.9400,356.8900,356.9000
1788379083,356.9000,356.9100,356.8300,356.8700
1788379084,356.8800,356.9100,356.8800,356.9100
1788379085,356.9100,356.9200,356.8800,356.9000
1788379086,356.8500,356.9200,356.8500,356.8800
1788379087,356.8700,356.8800,356.8450,356.8700
1788379088,356.8700,356.9000,356.8600,356.8600
1788379089,356.9000,356.9000,356.8700,356.8850
1788379090,356.8700,356.8700,356.8700,356.8700
1788379091,356.8900,356.9300,356.8900,356.9150
1788379092,356.9300,356.9350,356.9000,356.9000
1788379093,356.8900,356.9100,356.8800,356.8900
1788379094,356.9000,356.9000,356.8700,356.8700
1788379095,356.8700,356.9100,356.8700,356.8800
1788379096,356.8800,356.8900,356.8600,356.8900
1788379097,356.9000,356.9300,356.9000,356.9300
1788379098,356.9300,356.9500,356.9200,356.9300
1788379099,356.9400,356.9500,356.9300,356.9500
1788379100,356.9600,356.9900,356.9550,356.9800
1788379101,356.9600,356.9800,356.9600,356.9800
1788379102,356.9600,356.9900,356.9600,356.9600
1788379103,356.9800,356.9800,356.9600,356.9800
1788379104,356.9800,356.9800,356.9500,356.9700
1788379105,356.9900,357.0000,356.9400,356.9500
1788379106,356.9900,357.0100,356.9700,357.0000
1788379107,357.0000,357.0000,356.9600,356.9600
1788379108,356.9500,356.9700,356.8600,356.8900
1788379109,356.9000,356.9300,356.8600,356.9200
1788379110,356.8900,356.8900,356.8700,356.8900
1788379111,356.8800,356.9000,356.8700,356.8700
1788379112,356.8600,356.8800,356.7850,356.8100
1788379113,356.8000,356.8300,356.8000,356.8300
1788379114,356.8250,356.8250,356.8250,356.8250
1788379115,356.8250,356.8400,356.8000,356.8400
1788379116,356.8300,356.8400,356.8200,356.8350
1788379117,356.8600,356.9400,356.8600,356.9400
1788379118,356.9500,356.9500,356.8900,356.8900
1788379119,356.8900,356.9000,356.8900,356.9000
1788379120,356.9000,356.9000,356.8900,356.8900
1788379121,356.8900,356.9200,356.8900,356.9200
1788379122,356.9200,356.9500,356.9200,356.9500
1788379123,356.9300,356.9300,356.8700,356.8700
1788379124,356.8600,356.8600,356.8500,356.8600
1788379125,356.8700,356.9300,356.8650,356.9100
1788379126,356.9000,356.9200,356.8800,356.8800
1788379127,356.8800,356.8800,356.8700,356.8700
1788379128,356.8800,356.8800,356.8700,356.8700
1788379129,356.8900,356.9400,356.8800,356.9400
1788379130,356.9400,356.9850,356.9400,356.9500
1788379131,356.9900,356.9900,356.9600,356.9600
1788379132,356.9800,356.9800,356.9600,356.9700
1788379133,356.9800,357.0000,356.9800,357.0000
1788379134,356.9900,357.0100,356.9900,357.0100
1788379135,357.0100,357.0100,356.9900,356.9900
1788379136,357.0100,357.0300,357.0100,357.0200
1788379137,357.0400,357.0500,357.0300,357.0400
1788379138,357.0300,357.0500,357.0200,357.0200
1788379139,357.0100,357.0100,356.9900,356.9900
1788379140,356.9900,357.0200,356.9100,356.9400
1788379141,356.9400,356.9800,356.9100,356.9200
1788379142,356.9100,356.9100,356.8700,356.9000
1788379143,356.8900,356.9550,356.8700,356.9500
1788379144,356.9400,356.9500,356.9250,356.9400
1788379145,356.9300,357.0400,356.9300,357.0300
1788379146,357.0200,357.0600,357.0100,357.0600
1788379147,357.0600,357.0700,357.0600,357.0700
1788379148,357.0800,357.1700,357.0800,357.1400
1788379149,357.1550,357.1600,357.1100,357.1100
1788379150,357.1200,357.1400,357.1200,357.1300
1788379151,357.1500,357.1500,357.1350,357.1500
1788379152,357.1500,357.1800,357.1300,357.1700
1788379153,357.2000,357.2300,357.2000,357.2300
1788379154,357.2300,357.2400,357.2000,357.2400
1788379155,357.2200,357.2400,357.2100,357.2200
1788379156,357.2100,357.2100,357.2000,357.2100
1788379157,357.2100,357.2200,357.1900,357.2000
1788379158,357.2000,357.2300,357.2000,357.2000
1788379159,357.2000,357.2400,357.2000,357.2300
1788379160,357.2300,357.2400,357.1800,357.2100
1788379161,357.2000,357.2000,357.1600,357.1600
1788379162,357.1600,357.1800,357.1300,357.1400
1788379163,357.1400,357.1600,357.1300,357.1400
1788379164,357.1500,357.1500,357.1000,357.1000
1788379165,357.1000,357.1000,357.0100,357.0850
1788379166,357.0800,357.1000,357.0700,357.0700
1788379167,357.0700,357.0800,357.0600,357.0600
1788379168,357.0600,357.0600,357.0300,357.0300
1788379169,357.0300,357.0400,356.9900,356.9900
1788379170,357.0000,357.0300,356.9600,356.9700
1788379171,356.9700,356.9800,356.9400,356.9800
1788379172,356.9600,356.9700,356.9500,356.9600
1788379173,356.9600,357.0200,356.9400,357.0200
1788379174,357.0200,357.0200,357.0000,357.0200
1788379175,357.0200,357.0300,356.9900,357.0000
1788379176,356.9800,357.0100,356.9800,357.0100
1788379177,357.0100,357.0100,356.9600,356.9800
1788379178,356.9800,357.0100,356.9700,357.0100
1788379179,356.9900,357.0100,356.9700,357.0100
1788379180,357.0100,357.1300,357.0000,357.0100
1788379181,357.0000,357.2500,357.0000,357.0900
1788379182,357.0900,357.0900,357.0300,357.0300
1788379183,357.0500,357.0800,357.0300,357.0700
1788379184,357.0550,357.1100,357.0400,357.1100
1788379185,357.1100,357.1600,357.0000,357.0100
1788379186,357.0150,357.0300,356.9500,357.0000
1788379187,357.0100,357.0400,356.9400,356.9400
1788379188,356.9400,356.9600,356.8800,356.9350
1788379189,356.9350,356.9350,356.8800,356.8900
1788379190,356.8900,357.0900,356.8700,356.8900
1788379191,356.8800,356.9400,356.8700,356.9100
1788379192,356.9300,356.9800,356.8600,356.9000
1788379193,356.9600,357.0000,356.9150,356.9150
1788379194,356.9100,356.9300,356.8600,356.9100
1788379195,356.8600,356.9800,356.8400,356.9400
1788379196,356.9400,356.9800,356.9100,356.9600
1788379197,357.0000,357.0700,356.9700,357.0500
1788379198,357.0500,357.1200,357.0500,357.1000
1788379199,357.1000,357.1200,356.1600,356.9900
