ts,o,h,l,c
1787146200,338.9700,339.0000,338.5000,338.5000
1787146201,338.5300,338.7500,337.8900,338.5500
1787146202,338.5500,338.5500,338.3200,338.3200
1787146203,338.5500,338.5500,338.5500,338.5500
1787146204,338.5500,338.5500,338.5500,338.5500
1787146205,338.3600,338.3600,337.9200,338.0800
1787146206,338.1900,338.3000,338.1900,338.3000
1787146207,338.3700,338.7900,338.3000,338.3000
1787146208,338.2500,338.2500,338.1800,338.1800
1787146209,338.0300,338.0300,337.5900,337.6000
1787146210,337.6000,337.8100,337.6000,337.8100
1787146212,337.9200,337.9400,337.9200,337.9400
1787146213,337.9550,338.1000,337.9550,338.0800
1787146214,337.9600,337.9600,337.9600,337.9600
1787146215,337.8300,338.2700,337.6400,338.2700
1787146217,338.5500,338.8600,338.4100,338.4100
1787146218,338.5200,338.6100,338.4300,338.5300
1787146219,338.5200,338.7800,338.5200,338.7050
1787146220,338.5700,338.5700,338.5700,338.5700
1787146221,338.6900,338.6900,338.5600,338.5600
1787146222,338.5700,338.5700,338.2500,338.4300
1787146223,338.4400,338.4550,338.4400,338.4550
1787146224,338.4700,338.4700,338.4700,338.4700
1787146225,338.4000,338.4000,338.4000,338.4000
1787146227,338.5200,338.5600,338.3200,338.4200
1787146228,338.3500,338.3500,338.2300,338.3000
1787146229,338.2700,338.4200,338.2300,338.2300
1787146230,338.3500,338.3500,338.3500,338.3500
1787146231,338.3000,338.3800,338.2500,338.2500
1787146232,338.3850,338.3900,338.3000,338.3000
1787146233,338.5100,338.5400,338.4000,338.4000
1787146234,338.3800,338.4900,338.3800,338.4900
1787146235,338.4050,338.4050,338.2600,338.2700
1787146236,338.4300,339.4500,338.4300,339.4100
1787146237,339.4350,339.4600,339.2600,339.3700
1787146238,339.3900,339.4100,339.1800,339.1800
1787146239,339.1900,339.1900,339.0100,339.1300
1787146240,339.0100,339.0100,338.7100,338.7800
1787146242,338.9900,339.0600,338.9900,339.0600
1787146243,339.2000,339.3100,339.2000,339.3100
1787146244,339.3700,339.4000,339.3700,339.4000
1787146245,339.5000,339.6100,339.4550,339.4550
1787146246,339.5550,339.7900,339.5550,339.6100
1787146248,339.7550,339.7550,339.7550,339.7550
1787146250,339.7900,339.8000,339.6400,339.6400
1787146251,339.6600,339.8500,339.6300,339.8500
1787146252,339.8800,339.9400,339.8800,339.9000
1787146253,339.9500,339.9500,339.8400,339.8400
1787146254,339.9400,339.9400,339.9400,339.9400
1787146255,339.9600,340.2900,339.9600,340.1700
1787146256,340.2000,340.2900,340.1700,340.1700
1787146257,340.2000,340.2800,340.1950,340.1950
1787146258,340.2400,340.4400,340.2400,340.4100
1787146259,340.3400,340.3400,340.0900,340.3100
1787146260,340.2750,340.4000,339.9700,340.2900
1787146261,340.2000,340.2000,339.8500,339.9800
1787146262,339.9400,339.9400,339.6300,339.7950
1787146263,339.9200,339.9700,339.9200,339.9700
1787146264,340.0300,340.0300,340.0300,340.0300
1787146265,339.8900,339.8900,339.8400,339.8400
1787146266,339.8400,339.8400,339.6400,339.6400
1787146267,339.6500,339.6500,339.1400,339.1400
1787146268,339.2600,339.5100,339.2600,339.5100
1787146275,339.3700,339.6000,339.2500,339.3500
1787146276,339.4000,339.4500,339.3550,339.4500
1787146277,339.4900,339.4900,339.3600,339.4800
1787146278,339.6000,339.7100,339.6000,339.7100
1787146279,339.6000,339.6000,339.1300,339.1400
1787146280,339.1400,339.1400,339.0900,339.0900
1787146282,339.0200,339.0600,338.8900,338.8900
1787146283,339.0600,339.0600,339.0450,339.0450
1787146284,339.0450,339.1800,339.0450,339.1800
1787146285,339.2000,339.3200,339.1100,339.1100
1787146286,339.0300,339.0300,338.8700,339.0000
1787146287,339.0000,339.0000,339.0000,339.0000
1787146289,338.8600,338.8600,338.3500,338.3500
1787146290,338.3750,338.4600,338.3700,338.3900
1787146291,338.4600,338.4600,338.3200,338.3200
1787146292,338.3100,338.3800,338.1500,338.1800
1787146294,338.3500,338.3500,338.3500,338.3500
1787146295,338.4300,338.4300,338.4300,338.4300
1787146296,338.4700,338.4700,338.4600,338.4600
1787146297,338.3400,338.3400,338.3400,338.3400
1787146298,338.3300,338.3300,338.3300,338.3300
1787146299,338.3800,338.3800,338.3700,338.3700
1787146300,338.3400,338.4000,338.3400,338.4000
1787146301,338.4600,338.4600,338.2000,338.3000
1787146302,338.3050,338.3050,338.2000,338.2000
1787146303,338.4100,338.4500,338.4100,338.4500
1787146304,338.3350,338.3350,338.3350,338.3350
1787146305,338.3200,338.3500,338.2700,338.3400
1787146307,338.2000,338.2000,338.0700,338.0700
1787146308,338.0700,338.1200,338.0700,338.1200
1787146310,338.0850,338.1800,338.0850,338.1800
1787146311,338.0850,338.0850,338.0850,338.0850
1787146312,338.0800,338.0800,338.0800,338.0800
1787146313,338.0100,338.1900,337.9700,338.1900
1787146314,338.1000,338.1000,338.0900,338.0900
1787146315,338.1000,338.1000,338.1000,338.1000
1787146316,337.9700,337.9700,337.9200,337.9200
1787146318,338.0800,338.0800,337.9900,337.9900
1787146319,338.0800,338.0800,338.0800,338.0800
1787146320,338.1600,338.6000,338.1600,338.6000
1787146321,338.7700,338.9900,338.7300,338.7500
1787146322,338.8100,338.8100,338.7700,338.7700
1787146323,338.8800,338.8800,338.8800,338.8800
1787146324,338.8550,338.8550,338.8100,338.8100
1787146326,338.9200,339.1500,338.9200,339.1500
1787146328,339.2000,339.3300,339.2000,339.2600
1787146329,339.3200,339.4000,339.3200,339.3700
1787146330,339.4800,339.5500,339.4800,339.5500
1787146331,339.6100,339.6100,339.4800,339.5000
1787146332,339.6400,339.6400,339.6400,339.6400
1787146333,339.5500,339.6200,339.5500,339.6200
1787146334,339.6400,339.8500,339.6400,339.6800
1787146335,339.6850,339.9100,339.6850,339.8500
1787146336,339.7600,339.7600,339.5900,339.5900
1787146337,339.5300,339.5300,339.3100,339.3100
1787146338,339.2100,339.3900,339.2100,339.3900
1787146339,339.2800,339.2800,339.2800,339.2800
1787146340,339.2000,339.2000,339.1600,339.1600
1787146341,339.1700,339.1700,339.1700,339.1700
1787146342,339.2000,339.2700,339.2000,339.2200
1787146343,339.3200,339.3200,339.3200,339.3200
1787146344,339.3500,339.3800,339.3500,339.3600
1787146345,339.4300,339.4300,339.3800,339.3800
1787146346,339.3900,339.6000,339.3900,339.6000
1787146347,339.5750,339.6600,339.5150,339.5700
1787146348,339.6200,339.6900,339.6200,339.6300
1787146350,339.5000,339.5000,339.3200,339.3500
1787146351,339.3200,339.3200,339.3200,339.3200
1787146352,339.4000,339.4900,339.4000,339.4900
1787146353,339.4700,339.4700,339.1300,339.1300
1787146356,339.1300,339.1300,338.9100,338.9100
1787146357,338.9800,339.1100,338.9800,339.1100
1787146359,339.4900,339.5000,339.4900,339.5000
1787146360,339.5000,339.5100,339.5000,339.5100
1787146363,339.4300,339.4300,339.4300,339.4300
1787146364,339.4200,339.4200,339.2900,339.3600
1787146365,339.2850,339.2850,339.2850,339.2850
1787146366,339.4100,339.4100,339.4100,339.4100
1787146370,339.4700,339.4700,339.4700,339.4700
1787146371,339.4350,339.7900,339.4350,339.7900
1787146372,339.8500,339.8700,339.7500,339.7600
1787146373,339.7700,340.0200,339.7700,339.9650
1787146374,339.9900,340.1100,339.9900,340.1000
1787146375,340.1600,340.1600,339.9400,339.9400
1787146377,340.0000,340.1800,340.0000,340.0750
1787146378,340.2000,340.8000,340.1800,340.7200
1787146379,340.7800,340.8800,340.6800,340.8800
1787146380,340.8500,340.9000,340.7500,340.9000
1787146381,340.8200,340.9000,340.8200,340.8900
1787146382,340.9000,341.1000,340.9000,341.0000
1787146383,341.0600,341.2000,341.0100,341.1600
1787146384,341.1600,341.1600,341.0900,341.1600
1787146385,341.0800,341.0800,341.0100,341.0100
1787146386,340.9100,340.9100,340.7400,340.7600
1787146387,340.8200,340.8300,340.8200,340.8300
1787146388,340.8300,341.1500,340.8300,341.1300
1787146389,341.1800,341.2600,341.1500,341.1800
1787146390,341.1850,341.2900,341.1850,341.2450
1787146391,341.2700,341.2700,341.1200,341.1200
1787146392,341.1400,341.1500,341.1400,341.1400
1787146393,341.1250,341.1500,340.9900,340.9900
1787146394,340.8800,340.9150,340.8000,340.8000
1787146395,340.8600,340.8600,340.8600,340.8600
1787146396,340.8900,340.9200,340.8700,340.8700
1787146397,340.9500,340.9700,340.8200,340.8300
1787146398,340.8300,340.8800,340.8300,340.8800
1787146399,340.8900,340.8900,340.8900,340.8900
1787146400,340.9000,340.9200,340.8300,340.8300
1787146401,340.8600,340.8600,340.8600,340.8600
1787146402,340.8100,340.8350,340.8000,340.8350
1787146403,340.8100,340.8200,340.7000,340.7900
1787146404,340.7400,340.7400,340.1000,340.3000
1787146405,340.3400,340.3400,340.2900,340.2900
1787146406,340.2400,340.2400,339.9550,339.9550
1787146407,340.0100,340.0600,340.0100,340.0600
1787146408,340.0550,340.2650,340.0550,340.2500
1787146409,340.2000,340.4100,340.2000,340.3000
1787146411,340.5200,340.5500,340.5200,340.5500
1787146412,340.4600,340.4800,340.4600,340.4800
1787146413,340.5700,340.7000,340.5600,340.7000
1787146415,340.7200,340.8000,340.6300,340.8000
1787146417,340.8500,340.8600,340.6000,340.6000
1787146418,340.7100,340.7100,340.7000,340.7000
1787146419,340.7000,340.7000,340.6000,340.6000
1787146420,340.6500,340.6700,340.6000,340.6700
1787146421,340.6100,340.6100,340.5600,340.5600
1787146422,340.5800,340.5800,340.5100,340.5100
1787146423,340.5700,340.5700,340.4200,340.4200
1787146424,340.4100,340.4100,340.4100,340.4100
1787146427,340.3100,340.3900,340.2700,340.2700
1787146429,340.1700,340.1700,340.0900,340.1050
1787146430,340.1400,340.1600,339.8400,339.8400
1787146431,339.8250,339.8800,339.7200,339.7200
1787146432,339.6600,339.8100,339.6100,339.8100
1787146434,339.8100,339.9500,339.8000,339.9500
1787146436,339.8450,339.8450,339.7800,339.7800
1787146437,339.8200,339.8200,339.7000,339.7000
1787146438,339.7700,339.8400,339.6000,339.6000
1787146439,339.6000,339.6000,339.6000,339.6000
1787146440,339.6000,339.6250,339.3800,339.5100
1787146441,339.5500,339.5900,339.5500,339.5900
1787146443,339.6700,339.6700,339.4500,339.4500
1787146444,339.3600,339.3600,339.2000,339.2500
1787146445,339.3700,339.3700,339.3250,339.3250
1787146447,339.5300,339.5300,339.5300,339.5300
1787146448,339.4300,339.4300,339.4300,339.4300
1787146450,339.5100,339.5700,339.5000,339.5700
1787146451,339.5300,339.6200,339.5300,339.5500
1787146455,339.5900,339.6800,339.5900,339.6800
1787146456,339.6800,339.6800,339.6050,339.6050
1787146457,339.6100,339.6200,339.5800,339.5800
1787146459,339.6700,339.7300,339.5300,339.5400
1787146460,339.5300,339.5900,339.4000,339.4000
1787146461,339.4000,339.4400,339.4000,339.4400
1787146462,339.4400,339.7000,339.4400,339.7000
1787146463,339.5700,339.5700,339.5700,339.5700
1787146464,339.5550,339.5550,339.5550,339.5550
1787146465,339.6300,339.6300,339.6100,339.6100
1787146466,339.6150,339.6300,339.5600,339.6300
1787146467,339.6900,339.8500,339.6900,339.8500
1787146468,339.8300,339.9700,339.8300,339.9700
1787146469,340.0000,340.3100,340.0000,340.3100
1787146470,340.2950,340.3700,340.2300,340.2300
1787146472,340.2700,340.3000,340.2700,340.3000
1787146473,340.3700,340.5000,340.3400,340.4700
1787146475,340.5900,340.5900,340.5900,340.5900
1787146476,340.5700,340.6600,340.5700,340.6600
1787146477,340.6050,340.6050,340.4600,340.4600
1787146479,340.4600,340.4900,340.4600,340.4900
1787146480,340.5100,340.5100,340.5100,340.5100
1787146481,340.4500,340.5100,340.4050,340.5100
1787146482,340.5500,340.5500,340.4500,340.4500
1787146483,340.3500,340.3500,340.3500,340.3500
1787146486,340.2700,340.2700,340.2700,340.2700
1787146488,340.3000,340.3100,340.3000,340.3100
1787146489,340.3500,340.3750,340.3500,340.3750
1787146491,340.4100,340.5600,340.4100,340.5600
1787146492,340.5900,340.8400,340.5900,340.7700
1787146493,340.7850,340.8000,340.6600,340.7700
1787146494,340.7000,340.7100,340.7000,340.7100
1787146495,340.7400,340.7800,340.7400,340.7700
1787146496,340.7700,340.7700,340.7700,340.7700
1787146498,340.7200,340.7200,340.7200,340.7200
1787146499,340.7300,340.7300,340.4000,340.4200
1787146500,340.3600,340.5000,340.3200,340.5000
1787146501,340.5500,340.6000,340.5500,340.6000
1787146502,340.6200,340.6300,340.6200,340.6300
1787146503,340.6200,340.6300,340.5200,340.6200
1787146504,340.6000,340.6000,340.6000,340.6000
1787146505,340.6500,340.7300,340.6500,340.7300
1787146506,340.7700,340.8100,340.7700,340.8100
1787146507,340.8100,341.0800,340.8100,340.9500
1787146508,340.9800,340.9900,340.9800,340.9900
1787146509,340.9900,340.9900,340.7700,340.9350
1787146510,341.0000,341.1400,340.9200,340.9200
1787146511,340.9500,341.0500,340.9500,341.0500
1787146512,341.1000,341.2000,340.9800,340.9800
1787146513,340.9800,341.0600,340.9800,341.0200
1787146515,341.1000,341.1200,340.7900,340.9000
1787146516,340.9100,340.9600,340.9100,340.9600
1787146517,340.8200,340.8200,340.7900,340.8200
1787146518,340.8100,340.8700,340.8100,340.8300
1787146519,340.8500,340.8600,340.7600,340.7600
1787146520,340.8000,341.0300,340.8000,341.0300
1787146521,341.0900,341.1800,341.0900,341.1800
1787146523,341.0900,341.0900,341.0900,341.0900
1787146524,341.0000,341.0000,341.0000,341.0000
1787146525,340.9700,341.0000,340.9300,340.9300
1787146526,340.9000,340.9000,340.7700,340.7900
1787146527,340.7500,340.8100,340.7000,340.8100
1787146528,340.8300,340.8300,340.7900,340.7900
1787146529,340.8200,340.8600,340.8200,340.8600
1787146530,340.7800,340.8300,340.7300,340.7500
1787146531,340.7500,340.8300,340.7400,340.7400
1787146532,340.7700,340.8000,340.7400,340.7400
1787146533,340.7200,340.7200,340.5400,340.5450
1787146534,340.5450,340.5450,340.5000,340.5000
1787146535,340.5800,340.6400,340.5400,340.5400
1787146536,340.5900,340.6400,340.5800,340.5800
1787146537,340.5800,340.6400,340.5800,340.6400
1787146538,340.5300,340.5300,340.3100,340.3400
1787146539,340.3800,340.4100,340.2200,340.2200
1787146540,340.2800,340.3000,340.2800,340.2900
1787146543,340.1100,340.1400,339.8800,339.9500
1787146544,339.8950,340.0300,339.8950,339.9400
1787146545,340.1000,340.1700,340.1000,340.1700
1787146546,340.1200,340.1200,340.0500,340.0500
1787146548,340.1800,340.2000,340.1300,340.1300
1787146549,340.0700,340.1100,340.0200,340.0200
1787146550,339.9700,340.0900,339.9700,340.0700
1787146551,340.1500,340.4000,340.1500,340.4000
1787146552,340.3500,340.3500,340.2700,340.2800
1787146554,340.1900,340.2600,340.1900,340.2200
1787146555,340.1700,340.2100,340.1700,340.2100
1787146556,340.1400,340.1400,340.1300,340.1300
1787146557,340.1900,340.2800,340.1900,340.2800
1787146558,340.1700,340.2500,340.0900,340.0900
1787146559,340.0600,340.0600,339.8600,339.8700
1787146560,339.8100,339.9900,339.7500,339.9500
1787146561,339.7600,339.7600,339.7600,339.7600
1787146562,339.7000,339.7000,339.6900,339.6900
1787146563,339.6800,339.7900,339.6800,339.7000
1787146564,339.6800,339.6800,339.4100,339.5000
1787146565,339.4500,339.6400,339.4100,339.6400
1787146566,339.7100,339.7600,339.7100,339.7600
1787146567,339.7300,339.7500,339.7300,339.7500
1787146568,339.7300,339.7400,339.7000,339.7400
1787146570,339.7200,339.7350,339.7200,339.7350
1787146572,339.6900,339.6900,339.6900,339.6900
1787146573,339.7500,339.7500,339.6400,339.6400
1787146575,339.6300,339.6300,339.4100,339.4700
1787146576,339.5600,339.6200,339.5600,339.6050
1787146577,339.5800,339.5800,339.5800,339.5800
1787146578,339.5500,339.5550,339.5200,339.5200
1787146579,339.5300,339.6200,339.5300,339.6200
1787146580,339.6400,339.6700,339.5500,339.5500
1787146581,339.5100,339.5100,339.5100,339.5100
1787146582,339.4900,339.4900,339.4600,339.4600
1787146583,339.4100,339.4600,339.3700,339.4450
1787146584,339.4300,339.4300,339.4300,339.4300
1787146585,339.4600,339.4800,339.4450,339.4800
1787146586,339.4200,339.5700,339.4200,339.5600
1787146587,339.5200,339.8100,339.5200,339.7100
1787146588,339.5000,339.6100,339.5000,339.6100
1787146589,339.6300,339.6300,339.6300,339.6300
1787146590,339.6300,339.6300,339.6300,339.6300
1787146591,339.6300,339.6500,339.5000,339.5000
1787146592,339.5100,339.5100,339.4700,339.4700
1787146593,339.4700,339.4700,339.4100,339.4100
1787146595,339.3400,339.3400,339.2300,339.3350
1787146596,339.4000,339.4100,339.4000,339.4100
1787146597,339.4000,339.4000,339.4000,339.4000
1787146598,339.4050,339.4050,339.3900,339.3900
1787146599,339.4000,339.4000,339.4000,339.4000
1787146600,339.3500,339.3500,339.3500,339.3500
1787146601,339.3800,339.9000,339.3800,339.9000
1787146603,339.8800,339.9500,339.8500,339.9500
1787146604,339.9400,339.9400,339.9400,339.9400
1787146605,339.9800,340.0300,339.9000,339.9500
1787146607,339.8400,339.8400,339.8000,339.8000
1787146608,339.8400,339.9400,339.8400,339.9400
1787146609,339.8300,339.8300,339.8200,339.8200
1787146610,339.8200,339.8200,339.8100,339.8100
1787146611,339.8100,339.8800,339.6800,339.7000
1787146612,339.6300,339.6300,339.4400,339.4400
1787146613,339.4200,339.4200,339.4200,339.4200
1787146614,339.4000,339.4000,339.2600,339.2600
1787146615,339.3000,339.3000,338.9300,339.0500
1787146616,338.9600,338.9600,338.8800,338.8800
1787146617,338.8100,338.8100,338.7500,338.7500
1787146618,338.7000,338.7000,338.5600,338.5600
1787146619,338.5000,338.6500,338.4500,338.6000
1787146621,338.5400,338.5900,338.5400,338.5700
1787146622,338.6400,338.8900,338.5600,338.8900
1787146623,338.8900,338.9000,338.7700,338.7900
1787146624,338.8100,338.8100,338.8100,338.8100
1787146625,338.8400,338.8400,338.8400,338.8400
1787146627,338.9800,339.1300,338.9800,339.0500
1787146628,339.1050,339.1050,339.0000,339.0000
1787146629,339.0500,339.0500,338.9900,338.9900
1787146630,339.0000,339.0000,338.9900,338.9900
1787146632,338.9400,339.2000,338.9300,339.2000
1787146634,339.1300,339.1300,339.1200,339.1300
1787146635,339.1550,339.1550,339.1300,339.1300
1787146636,339.2200,339.3000,339.2200,339.3000
1787146637,339.3000,339.4900,339.3000,339.4600
1787146638,339.4500,339.4500,339.3700,339.3700
1787146639,339.4100,339.4200,339.4100,339.4200
1787146640,339.3600,339.3600,339.3400,339.3400
1787146641,339.3600,339.3900,339.3600,339.3900
1787146642,339.3500,339.3550,339.3300,339.3550
1787146643,339.4200,339.4200,339.4000,339.4000
1787146644,339.4000,339.4000,339.2700,339.2700
1787146645,339.3500,339.4600,339.2800,339.3100
1787146646,339.3500,339.3500,339.3500,339.3500
1787146647,339.3300,339.3300,339.2200,339.2200
1787146648,339.2600,339.2900,339.2500,339.2500
1787146649,339.2500,339.2500,339.2500,339.2500
1787146650,339.3000,339.3550,339.3000,339.3550
1787146652,339.4100,339.6600,339.4100,339.6600
1787146653,339.6800,339.7300,339.6400,339.6400
1787146654,339.7300,339.7500,339.7300,339.7500
1787146657,339.7500,339.7500,339.5300,339.5700
1787146658,339.6000,339.6100,339.6000,339.6100
1787146660,339.5300,339.5300,339.5300,339.5300
1787146661,339.5200,339.5300,339.4100,339.4100
1787146662,339.3700,339.3700,339.3600,339.3600
1787146665,339.3400,339.4900,339.3400,339.4900
1787146666,339.4800,339.7000,339.4800,339.6700
1787146667,339.6600,339.7500,339.6600,339.7500
1787146668,339.7400,339.7700,339.7300,339.7400
1787146669,339.7900,339.8500,339.7900,339.8000
1787146670,339.7600,339.7600,339.7600,339.7600
1787146671,339.7600,339.7600,339.6600,339.6600
1787146673,339.6000,339.6000,339.5700,339.5700
1787146674,339.5600,339.5600,339.5600,339.5600
1787146675,339.5100,339.5100,339.5100,339.5100
1787146676,339.4500,339.5100,339.4450,339.5100
1787146679,339.4200,339.4200,339.4200,339.4200
1787146680,339.5300,339.6700,339.5300,339.6100
1787146681,339.6400,339.6400,339.6400,339.6400
1787146682,339.5700,339.5700,339.5700,339.5700
1787146683,339.5600,339.5600,339.5600,339.5600
1787146684,339.5400,339.5400,339.4800,339.4800
1787146685,339.5400,339.5700,339.5400,339.5700
1787146686,339.5100,339.5100,339.5100,339.5100
1787146687,339.4200,339.4350,339.3700,339.4350
1787146688,339.3700,339.3700,339.1300,339.2700
1787146689,339.1700,339.1700,339.1700,339.1700
1787146690,339.1900,339.2500,338.8500,338.9200
1787146691,339.0600,339.0600,339.0600,339.0600
1787146692,339.0800,339.0800,339.0800,339.0800
1787146693,339.0300,339.0300,338.9500,339.0100
1787146695,338.9800,339.1000,338.9800,339.1000
1787146696,339.0700,339.0700,339.0700,339.0700
1787146698,339.0600,339.0600,339.0600,339.0600
1787146699,339.1300,339.3900,339.1300,339.3900
1787146700,339.4500,339.4500,339.4100,339.4100
1787146701,339.4050,339.4050,339.4050,339.4050
1787146703,339.4050,339.4050,339.4050,339.4050
1787146704,339.4150,339.4150,339.4150,339.4150
1787146705,339.3700,339.3700,339.3400,339.3400
1787146706,339.3200,339.3200,339.3100,339.3100
1787146707,339.3000,339.3000,339.1800,339.1800
1787146708,339.1800,339.1800,339.1000,339.1000
1787146709,339.1000,339.3100,339.0300,339.3100
1787146710,339.2400,339.2500,339.2100,339.2500
1787146712,339.0400,339.0400,338.9300,338.9400
1787146713,338.9300,338.9300,338.9100,338.9100
1787146715,338.8300,338.8300,338.7700,338.7700
1787146717,338.7300,338.7300,338.5000,338.5400
1787146718,338.5750,338.5750,338.4800,338.4800
1787146719,338.5500,338.6400,338.5400,338.6350
1787146721,338.5950,338.6900,338.5950,338.6900
1787146722,338.7300,338.8000,338.6900,338.8000
1787146723,338.8100,338.8400,338.8100,338.8400
1787146724,338.8150,338.8150,338.7100,338.7100
1787146725,338.7800,338.7900,338.7700,338.7700
1787146726,338.7100,338.7100,338.7100,338.7100
1787146727,338.7100,338.8400,338.7100,338.8100
1787146728,338.8000,338.8700,338.5850,338.5850
1787146729,338.5400,338.5400,338.5400,338.5400
1787146730,338.5400,338.7900,338.5400,338.7800
1787146731,338.6300,338.6700,338.5000,338.5000
1787146734,338.4200,338.4200,338.3000,338.3000
1787146735,338.2600,338.2600,338.2300,338.2300
1787146736,338.2000,338.2000,338.1000,338.1700
1787146737,338.2100,338.2400,338.2100,338.2100
1787146739,338.1650,338.2100,338.1400,338.2100
1787146740,338.2100,338.3300,338.2100,338.3300
1787146741,338.3600,338.3800,338.3500,338.3800
1787146743,338.3700,338.3800,338.3700,338.3700
1787146744,338.4500,338.4500,338.4300,338.4300
1787146745,338.4800,338.5200,338.3800,338.3800
1787146746,338.3500,338.3500,338.3500,338.3500
1787146747,338.4100,338.4750,338.2800,338.2800
1787146748,338.2500,338.2800,338.2100,338.2500
1787146750,338.1900,338.1900,338.1900,338.1900
1787146751,338.1900,338.1900,338.1900,338.1900
1787146752,338.1900,338.1900,338.0500,338.0500
1787146754,338.0100,338.1000,338.0000,338.0700
1787146756,338.1100,338.1400,338.0800,338.0800
1787146757,338.0500,338.0700,338.0500,338.0700
1787146758,338.0700,338.1000,338.0700,338.0800
1787146759,338.0600,338.1100,338.0600,338.1100
1787146760,338.1900,338.2300,338.1600,338.2300
1787146761,338.2750,338.3400,338.2200,338.3400
1787146762,338.3600,338.3900,338.2900,338.2900
1787146765,338.2300,338.2300,337.8700,337.8700
1787146766,337.8200,337.8200,337.7000,337.7200
1787146767,337.7200,337.7700,337.7100,337.7700
1787146768,337.7750,337.7750,337.7500,337.7500
1787146769,337.7500,337.7500,337.7500,337.7500
1787146770,337.7300,337.7300,337.6100,337.6300
1787146772,337.6100,337.6200,337.5800,337.6200
1787146773,337.5700,337.5700,337.5700,337.5700
1787146774,337.6300,337.7000,337.6300,337.7000
1787146775,337.6300,337.7500,337.5900,337.6800
1787146776,337.6800,337.6800,337.6700,337.6700
1787146777,337.6200,337.6400,337.6200,337.6400
1787146778,337.7100,338.1100,337.7100,338.0500
1787146779,338.1100,338.3300,338.1100,338.3050
1787146780,338.3050,338.5000,338.3050,338.5000
1787146781,338.5600,338.5600,338.4500,338.4500
1787146783,338.4500,338.4500,338.3900,338.3900
1787146784,338.4200,338.6000,338.4200,338.6000
1787146787,338.5400,338.5400,338.5400,338.5400
1787146789,338.5900,338.6800,338.5700,338.5700
1787146790,338.5400,338.5400,338.4100,338.4500
1787146791,338.5100,338.5300,338.5100,338.5300
1787146793,338.5800,338.6350,338.5800,338.5900
1787146794,338.5550,338.5700,338.4500,338.5700
1787146795,338.5600,338.5600,338.5300,338.5300
1787146796,338.5100,338.5300,338.5100,338.5300
1787146797,338.5100,338.5100,338.3400,338.4100
1787146798,338.4200,338.4700,338.4200,338.4700
1787146799,338.4000,338.4000,338.4000,338.4000
1787146800,338.3700,338.4700,338.2400,338.4700
1787146801,338.4300,338.7400,338.3900,338.5500
1787146802,338.5300,338.5400,338.4800,338.4800
1787146803,338.4000,338.4000,338.3500,338.3500
1787146804,338.3800,338.3900,338.3800,338.3900
1787146805,338.4300,338.4900,338.4300,338.4850
1787146806,338.4200,338.4200,338.4200,338.4200
1787146808,338.4300,338.4300,338.4300,338.4300
1787146809,338.4100,338.4100,338.4100,338.4100
1787146810,338.4000,338.4000,338.4000,338.4000
1787146811,338.4100,338.4100,338.3200,338.3200
1787146812,338.3500,338.5700,338.3500,338.5700
1787146813,338.5100,338.5100,338.5100,338.5100
1787146814,338.5800,338.6300,338.5800,338.6050
1787146815,338.6200,338.6200,338.6200,338.6200
1787146816,338.5800,338.5800,338.4900,338.4900
1787146817,338.4800,338.4900,338.4800,338.4900
1787146818,338.5650,338.5650,338.5650,338.5650
1787146819,338.6000,338.6300,338.6000,338.6300
1787146820,338.6600,338.6600,338.6600,338.6600
1787146821,338.6000,338.6000,338.5900,338.5900
1787146823,338.5900,338.5900,338.5100,338.5100
1787146824,338.6500,338.7300,338.6500,338.7300
1787146825,338.8000,338.8000,338.7500,338.7500
1787146826,338.7500,338.7500,338.6500,338.6800
1787146827,338.6400,338.6400,338.4600,338.4600
1787146828,338.5000,338.5100,338.4000,338.4000
1787146829,338.3400,338.3400,338.1200,338.1200
1787146830,338.1000,338.1000,337.9600,338.0550
1787146831,338.0200,338.0200,337.8600,337.8800
1787146832,337.7700,337.7700,337.7700,337.7700
1787146833,337.7400,337.7400,337.6400,337.6700
1787146834,337.6600,338.1900,337.6600,338.1900
1787146835,338.2400,338.2500,338.1000,338.2300
1787146836,338.3400,338.4000,338.3400,338.4000
1787146837,338.3400,338.3400,338.2100,338.2800
1787146839,338.2300,338.2400,338.2200,338.2400
1787146840,338.3050,338.3900,338.3050,338.3500
1787146841,338.3900,338.3900,338.3900,338.3900
1787146842,338.4200,338.7000,338.4200,338.7000
1787146843,338.7600,338.9100,338.7600,338.8500
1787146844,338.8400,338.8400,338.8000,338.8000
1787146845,338.8500,339.0000,338.8500,338.9900
1787146846,338.9900,339.0800,338.8800,338.8800
1787146851,338.8600,338.9900,338.8600,338.9900
1787146852,338.9900,339.0800,338.9900,339.0800
1787146854,339.0500,339.0500,339.0300,339.0300
1787146855,339.1000,339.1100,338.9900,339.0000
1787146856,339.0000,339.0000,339.0000,339.0000
1787146858,339.0500,339.1000,339.0500,339.1000
1787146859,338.9600,338.9600,338.9500,338.9500
1787146860,338.9300,338.9300,338.7700,338.7700
1787146861,338.8800,339.0000,338.8800,339.0000
1787146864,338.9800,339.0000,338.9800,339.0000
1787146865,338.9100,338.9100,338.8800,338.8800
1787146866,338.8750,339.0000,338.8750,339.0000
1787146867,339.0200,339.0200,338.9700,338.9700
1787146870,338.8500,338.8500,338.7200,338.7200
1787146871,338.7700,338.8200,338.6600,338.7500
1787146872,338.8100,338.8400,338.8100,338.8400
1787146873,338.8600,338.8600,338.7700,338.7700
1787146876,338.7800,338.7800,338.7800,338.7800
1787146877,338.7400,338.7400,338.6900,338.6900
1787146878,338.6900,338.6950,338.6900,338.6900
1787146879,338.6100,338.6100,338.5500,338.5500
1787146882,338.6500,338.7100,338.6500,338.7100
1787146883,338.6400,338.6400,338.5700,338.6200
1787146884,338.5800,338.5900,338.5800,338.5900
1787146885,338.5800,338.6200,338.5600,338.6200
1787146887,338.7100,338.8500,338.7100,338.8500
1787146888,338.8800,338.8800,338.8800,338.8800
1787146889,338.8800,338.8900,338.8300,338.8300
1787146890,338.8550,338.8550,338.8500,338.8500
1787146891,338.8500,339.0300,338.8500,338.9600
1787146893,339.0100,339.0800,338.9750,338.9750
1787146894,338.9300,338.9300,338.8500,338.8500
1787146895,338.9200,338.9200,338.8800,338.9100
1787146896,338.8400,338.8400,338.6700,338.6700
1787146897,338.7500,338.7600,338.6900,338.6900
1787146898,338.8100,338.8100,338.8100,338.8100
1787146900,338.7600,338.7600,338.7500,338.7500
1787146901,338.6700,338.6700,338.6200,338.6200
1787146902,338.5800,338.5800,338.5800,338.5800
1787146903,338.6100,338.6100,338.4900,338.4900
1787146904,338.4800,338.5200,338.4300,338.5200
1787146905,338.5300,339.2300,338.5300,339.1150
1787146907,339.1800,339.1900,339.1200,339.1200
1787146909,339.1500,339.1700,338.9700,338.9700
1787146910,338.9300,338.9300,338.8800,338.8800
1787146911,338.8800,338.8800,338.8800,338.8800
1787146912,338.8400,338.8400,338.8400,338.8400
1787146913,338.8100,338.8200,338.5800,338.5800
1787146914,338.5900,338.6100,338.5900,338.6100
1787146915,338.6200,338.6900,338.5500,338.6900
1787146917,338.6100,338.6100,338.6100,338.6100
1787146920,338.7700,338.8500,338.7700,338.7950
1787146921,338.7800,338.7800,338.7300,338.7450
1787146924,338.7450,338.7500,338.7400,338.7400
1787146925,338.6200,338.6900,338.6000,338.6900
1787146926,338.6600,338.7100,338.6600,338.7100
1787146927,338.6550,338.7400,338.6550,338.6750
1787146928,338.7200,338.8000,338.7200,338.7700
1787146929,338.6800,338.6800,338.6800,338.6800
1787146930,338.6800,338.6800,338.5500,338.5500
1787146931,338.5900,338.5900,338.3800,338.4700
1787146932,338.4700,338.6900,338.4700,338.5900
1787146933,338.6600,338.6900,338.6600,338.6900
1787146934,338.5900,338.7200,338.5600,338.7200
1787146935,338.8000,338.8100,338.8000,338.8100
1787146936,338.8600,338.9800,338.5000,338.5700
1787146937,338.5550,338.6700,338.5500,338.5500
1787146938,338.5200,338.5800,338.5200,338.5350
1787146939,338.5000,338.5000,338.4600,338.5000
1787146940,338.4500,338.4500,338.4500,338.4500
1787146941,338.4200,338.4200,338.3500,338.3500
1787146942,338.3400,338.3400,338.3400,338.3400
1787146943,338.2300,338.2300,338.1800,338.2200
1787146944,338.2400,338.4000,338.2400,338.2900
1787146945,338.2200,338.2500,338.1100,338.1100
1787146946,338.1750,338.3200,338.1750,338.2800
1787146948,338.1900,338.1900,338.1900,338.1900
1787146949,338.2250,338.2600,338.2250,338.2600
1787146950,338.2600,338.3700,338.2600,338.3700
1787146951,338.3200,338.3200,338.3200,338.3200
1787146954,338.3600,338.3600,338.3500,338.3500
1787146955,338.3300,338.3300,338.3000,338.3000
1787146956,338.3400,338.4200,338.0900,338.1700
1787146957,338.2350,338.2350,338.2350,338.2350
1787146958,338.3000,338.4200,338.3000,338.4200
1787146962,338.4800,338.5000,338.4800,338.5000
1787146963,338.5000,338.5100,338.4900,338.5100
1787146965,338.5100,338.7200,338.5000,338.7200
1787146966,338.7600,338.7900,338.7600,338.7900
1787146967,338.7200,338.7200,338.6500,338.6500
1787146968,338.7600,338.7900,338.7600,338.7900
1787146970,338.6400,338.6400,338.5900,338.5900
1787146971,338.6000,338.6000,338.5000,338.5000
1787146974,338.4800,338.4800,338.4600,338.4600
1787146975,338.4000,338.4000,338.3450,338.3450
1787146976,338.4400,338.4600,338.2400,338.2500
1787146977,338.3500,338.3600,338.3500,338.3600
1787146979,338.3700,338.5000,338.3700,338.4850
1787146980,338.5800,338.7100,338.5800,338.7100
1787146982,338.6300,338.6500,338.5700,338.6500
1787146983,338.7300,338.8500,338.7300,338.8500
1787146985,338.8300,338.8300,338.8300,338.8300
1787146986,338.8500,338.8600,338.8000,338.8500
1787146987,338.9800,339.0600,338.9800,339.0600
1787146988,339.0900,339.0900,339.0900,339.0900
1787146989,339.1000,339.2000,339.1000,339.1600
1787146990,339.0900,339.0900,339.0900,339.0900
1787146991,339.1100,339.1400,339.1100,339.1400
1787146993,339.2000,339.2800,339.2000,339.2200
1787146994,339.2400,339.3100,339.2400,339.2600
1787146995,339.2400,339.2400,339.2200,339.2200
1787146996,339.2700,339.2700,339.2700,339.2700
1787146997,339.3000,339.3400,339.2900,339.3400
1787146998,339.4000,339.4000,339.2800,339.3600
1787146999,339.2800,339.3200,339.2600,339.3200
1787147000,339.3600,339.3600,339.3600,339.3600
1787147001,339.3900,339.4500,339.3900,339.4500
1787147002,339.4100,339.4100,339.3500,339.4000
1787147004,339.4600,339.5300,339.4600,339.5300
1787147005,339.5600,339.5800,339.5000,339.5000
1787147006,339.5000,339.5000,339.4900,339.4900
1787147007,339.4600,339.4600,339.4600,339.4600
1787147008,339.4400,339.4800,339.4400,339.4800
1787147009,339.5200,339.6000,339.5200,339.6000
1787147010,339.6600,339.6900,339.6500,339.6500
1787147011,339.6450,339.6450,339.5400,339.5400
1787147012,339.6400,339.6500,339.6400,339.6500
1787147016,339.6800,339.7200,339.6750,339.6750
1787147017,339.6900,339.6900,339.6900,339.6900
1787147019,339.6900,339.7500,339.6900,339.7500
1787147020,339.8000,339.8200,339.6500,339.6500
1787147021,339.7200,339.7200,339.7200,339.7200
1787147022,339.7900,339.7900,339.7100,339.7100
1787147024,339.7100,339.7700,339.7000,339.7700
1787147026,339.7300,339.8000,339.7200,339.8000
1787147027,339.8000,339.8200,339.8000,339.8100
1787147030,339.7500,339.7500,339.6700,339.6700
1787147031,339.7500,339.8000,339.7500,339.8000
1787147032,339.8100,339.8900,339.8100,339.8600
1787147033,339.7700,339.7800,339.7500,339.7800
1787147034,339.6700,339.6700,339.5900,339.5900
1787147036,339.6100,339.6100,339.5600,339.5600
1787147039,339.6400,339.7100,339.6400,339.7100
1787147040,339.7000,339.7100,339.7000,339.7100
1787147041,339.7100,340.0400,339.7100,339.8300
1787147042,339.9000,339.9300,339.9000,339.9300
1787147043,340.0000,340.0600,340.0000,340.0300
1787147044,340.0600,340.0700,340.0600,340.0700
1787147045,340.1000,340.1400,340.1000,340.1400
1787147046,340.1100,340.1200,340.0900,340.0900
1787147047,340.1400,340.2100,340.1400,340.1700
1787147048,340.1400,340.1400,340.1000,340.1000
1787147051,340.1200,340.2600,340.1200,340.2200
1787147054,340.2500,340.2500,340.2500,340.2500
1787147055,340.2600,340.3000,340.2600,340.3000
1787147056,340.3100,340.3700,340.2700,340.2700
1787147057,340.2500,340.2700,340.2500,340.2700
1787147058,340.2800,340.4000,340.2800,340.4000
1787147059,340.3400,340.3400,340.3400,340.3400
1787147060,340.3400,340.3400,340.3400,340.3400
1787147061,340.3200,340.3200,340.3000,340.3000
1787147062,340.2950,340.2950,340.2400,340.2800
1787147063,340.2250,340.2500,340.1900,340.2500
1787147064,340.1800,340.1800,340.1400,340.1400
1787147065,340.1400,340.1400,340.0400,340.1000
1787147066,340.1000,340.2800,340.0800,340.2800
1787147067,340.2900,340.4000,340.2900,340.3900
1787147068,340.3500,340.3700,340.3200,340.3200
1787147069,340.3700,340.3800,340.3700,340.3750
1787147070,340.3800,340.3800,340.3800,340.3800
1787147071,340.3400,340.3700,340.3400,340.3700
1787147072,340.4000,340.5200,340.4000,340.4300
1787147073,340.4100,340.4100,340.1900,340.2600
1787147074,340.2700,340.4900,340.2700,340.4900
1787147075,340.3700,340.3700,340.3700,340.3700
1787147077,340.4200,340.5100,340.4200,340.5100
1787147078,340.5600,340.6800,340.5600,340.6800
1787147079,340.6800,340.8500,340.6700,340.7100
1787147080,340.6500,340.6500,340.5100,340.5100
1787147081,340.5700,340.5700,340.5500,340.5500
1787147082,340.5300,340.5700,340.5000,340.5250
1787147083,340.4700,340.4700,340.4500,340.4500
1787147084,340.4200,340.4200,340.4100,340.4100
1787147085,340.4100,340.4100,340.3000,340.3600
1787147086,340.3300,340.3700,340.3100,340.3100
1787147087,340.2750,340.2750,340.2500,340.2500
1787147088,340.3200,340.3200,340.2600,340.2600
1787147089,340.1800,340.2300,340.1700,340.2300
1787147090,340.2300,340.2400,340.2100,340.2100
1787147091,340.2500,340.2500,340.2500,340.2500
1787147092,340.2100,340.2100,339.9500,339.9800
1787147093,339.8700,339.8700,339.8500,339.8500
1787147095,339.9000,340.0700,339.8500,340.0200
1787147096,340.0900,340.1800,340.0800,340.1800
1787147097,340.1800,340.1800,340.1800,340.1800
1787147098,340.1800,340.1900,340.0700,340.0700
1787147099,340.0200,340.0200,339.9900,339.9900
1787147100,340.0500,340.0600,339.9000,339.9200
1787147101,339.9700,339.9700,339.8400,339.8850
1787147102,339.8900,339.8900,339.8900,339.8900
1787147103,339.9600,340.0600,339.9600,340.0500
1787147104,340.0300,340.1100,340.0300,340.1100
1787147105,340.0600,340.0600,340.0600,340.0600
1787147106,340.1200,340.1200,340.1200,340.1200
1787147107,340.0600,340.0600,340.0400,340.0400
1787147108,340.0400,340.1200,340.0400,340.1200
1787147109,340.1600,340.2100,340.1500,340.1500
1787147110,340.1900,340.2300,340.1200,340.1200
1787147111,340.1200,340.1200,340.1200,340.1200
1787147112,340.1400,340.1400,339.7700,339.7700
1787147113,339.7700,339.8900,339.7550,339.8900
1787147114,340.0000,340.0000,340.0000,340.0000
1787147117,340.0450,340.0800,339.9700,339.9700
1787147118,340.0000,340.1450,340.0000,340.1450
1787147119,340.2400,340.2400,340.2400,340.2400
1787147120,340.2500,340.4900,340.2000,340.4500
1787147121,340.4100,340.4100,340.2300,340.2300
1787147122,340.2800,340.3800,340.2800,340.3700
1787147123,340.3100,340.3100,340.3100,340.3100
1787147124,340.2300,340.2300,340.1900,340.1900
1787147126,340.2200,340.2200,340.1600,340.1600
1787147128,340.1600,340.1600,340.0100,340.0450
1787147129,340.0900,340.1200,340.0800,340.1200
1787147130,340.1000,340.1500,340.1000,340.1500
1787147131,340.0700,340.0700,340.0200,340.0200
1787147132,340.0700,340.1000,340.0700,340.1000
1787147134,340.1050,340.1050,340.1050,340.1050
1787147135,340.0600,340.0600,340.0000,340.0000
1787147136,339.9000,339.9000,339.8900,339.8900
1787147137,339.8600,339.8600,339.6200,339.6200
1787147138,339.7200,339.7300,339.7200,339.7300
1787147139,339.7100,339.7100,339.7000,339.7000
1787147140,339.6600,339.7400,339.6600,339.7400
1787147142,339.6100,339.6100,339.5800,339.5800
1787147143,339.6200,339.6200,339.6200,339.6200
1787147144,339.6750,339.6750,339.6700,339.6700
1787147145,339.7200,339.7400,339.6800,339.6800
1787147147,339.6650,339.6650,339.4800,339.4800
1787147148,339.4800,339.5100,339.2700,339.4400
1787147149,339.4500,339.4500,339.3200,339.3200
1787147150,339.3700,339.4600,339.3700,339.4600
1787147152,339.3300,339.3300,339.2900,339.2900
1787147153,339.2200,339.2500,339.2000,339.2400
1787147154,339.2800,339.4000,339.2800,339.4000
1787147155,339.4300,339.4400,339.4300,339.4400
1787147156,339.3500,339.3500,339.0600,339.0600
1787147157,339.0600,339.2200,339.0600,339.2200
1787147159,339.2200,339.2200,339.2200,339.2200
1787147161,339.2900,339.3000,339.2900,339.3000
1787147162,339.2200,339.2300,339.1800,339.2300
1787147163,339.2600,339.2600,339.2600,339.2600
1787147165,339.2900,339.3600,339.2900,339.3500
1787147166,339.4300,339.4600,339.4300,339.4600
1787147168,339.4200,339.4200,339.4200,339.4200
1787147169,339.4400,339.4400,339.2400,339.2600
1787147170,339.3100,339.3100,339.2750,339.2750
1787147172,339.3700,339.3800,339.3600,339.3800
1787147174,339.4300,339.5800,339.4300,339.5800
1787147175,339.5900,339.6000,339.5900,339.6000
1787147176,339.6600,339.7200,339.6600,339.7200
1787147177,339.7600,339.8200,339.7100,339.7100
1787147178,339.7400,339.7400,339.7400,339.7400
1787147179,339.6700,339.6700,339.6700,339.6700
1787147180,339.6000,339.6000,339.5300,339.5300
1787147181,339.5700,339.7300,339.5700,339.7300
1787147183,339.8500,339.8600,339.8500,339.8600
1787147184,339.8900,340.0000,339.8800,339.8800
1787147185,339.9500,340.0200,339.9500,340.0200
1787147186,339.9400,339.9400,339.9200,339.9200
1787147187,340.0200,340.0600,339.8600,339.8600
1787147188,339.9000,339.9100,339.9000,339.9100
1787147189,339.8750,339.9500,339.8750,339.9200
1787147191,339.8600,339.9300,339.8400,339.9300
1787147192,339.9700,339.9700,339.9600,339.9600
1787147194,339.8900,339.8900,339.8700,339.8700
1787147195,339.9400,339.9550,339.9400,339.9550
1787147196,339.9300,339.9700,339.9200,339.9200
1787147197,339.8400,339.8400,339.7800,339.8400
1787147198,339.8250,339.8250,339.6600,339.6600
1787147201,339.6600,339.6600,339.5000,339.5000
1787147202,339.5500,339.5600,339.5500,339.5600
1787147203,339.7100,339.7100,339.7100,339.7100
1787147205,339.6100,339.6100,339.5800,339.5800
1787147206,339.5600,339.5650,339.5600,339.5600
1787147207,339.5100,339.5100,339.4900,339.4900
1787147208,339.5000,339.6200,339.5000,339.6200
1787147209,339.5650,339.7200,339.5650,339.6700
1787147210,339.6700,339.7300,339.6700,339.7300
1787147211,339.7300,339.7300,339.7300,339.7300
1787147212,339.7300,339.7300,339.7300,339.7300
1787147213,339.7300,339.7300,339.7300,339.7300
1787147215,339.7800,339.7900,339.7400,339.7400
1787147216,339.8250,339.8250,339.6900,339.6900
1787147217,339.6500,339.6500,339.4100,339.4100
1787147221,339.3400,339.3400,339.2200,339.2200
1787147223,339.2700,339.2700,339.2700,339.2700
1787147225,339.2400,339.4000,339.2400,339.4000
1787147226,339.4800,339.5400,339.4600,339.4600
1787147228,339.5500,339.5500,339.5500,339.5500
1787147229,339.5000,339.5900,339.4800,339.5400
1787147230,339.5000,339.5000,339.4400,339.4400
1787147232,339.4100,339.4100,339.4000,339.4000
1787147233,339.4000,339.4000,339.3600,339.3600
1787147235,339.4400,339.4400,339.4400,339.4400
1787147236,339.5000,339.5000,339.5000,339.5000
1787147237,339.4800,339.4800,339.4800,339.4800
1787147238,339.5800,339.6300,339.5800,339.6100
1787147239,339.5500,339.5500,339.5500,339.5500
1787147241,339.6100,339.6100,339.5600,339.5600
1787147242,339.5000,339.5000,339.4500,339.4500
1787147243,339.5300,339.5600,339.5300,339.5600
1787147244,339.5200,339.5200,339.4900,339.4900
1787147247,339.4300,339.4300,339.3700,339.3700
1787147248,339.4800,339.6000,339.4800,339.5700
1787147249,339.6200,339.6500,339.6200,339.6500
1787147250,339.6400,339.6400,339.6100,339.6100
1787147252,339.6500,339.7900,339.6500,339.7400
1787147253,339.8000,339.8000,339.8000,339.8000
1787147254,339.7850,339.7850,339.7100,339.7100
1787147258,339.5400,339.5400,339.3700,339.4100
1787147259,339.4400,339.4500,339.1500,339.1500
1787147260,339.1300,339.1300,338.9000,338.9000
1787147261,338.8900,338.9000,338.8000,338.9000
1787147262,338.9300,339.0000,338.9300,339.0000
1787147263,338.9200,338.9400,338.9200,338.9200
1787147264,338.8750,338.8750,338.8300,338.8300
1787147265,338.8900,338.9700,338.8900,338.9700
1787147266,338.9800,338.9800,338.9800,338.9800
1787147267,338.9200,338.9200,338.8600,338.8600
1787147268,338.8300,338.8300,338.8200,338.8200
1787147269,338.8700,338.9150,338.8700,338.9150
1787147270,338.8500,338.8500,338.8500,338.8500
1787147271,338.8600,338.8600,338.6200,338.7400
1787147272,338.7800,338.8900,338.7800,338.8900
1787147273,338.8200,338.8800,338.7400,338.7400
1787147275,338.6500,338.7100,338.6200,338.6400
1787147276,338.6600,338.6700,338.6000,338.6000
1787147277,338.6000,338.7400,338.6000,338.7400
1787147278,338.6700,338.6700,338.6600,338.6600
1787147279,338.6100,338.6100,338.5600,338.5700
1787147280,338.6300,338.7000,338.6300,338.6600
1787147281,338.7100,338.8600,338.7100,338.8600
1787147282,338.8700,338.9800,338.8700,338.8950
1787147283,338.9800,339.0100,338.9800,339.0000
1787147284,338.9300,338.9500,338.9300,338.9500
1787147285,338.9400,338.9400,338.9400,338.9400
1787147289,338.9900,339.0100,338.9800,339.0100
1787147290,339.0500,339.0600,339.0500,339.0600
1787147291,339.0000,339.0000,338.9900,338.9900
1787147292,338.9900,338.9900,338.6700,338.8200
1787147293,338.8700,338.8700,338.2100,338.3600
1787147294,338.2100,338.3000,338.2100,338.3000
1787147295,338.2100,338.2700,338.2100,338.2700
1787147296,338.2300,338.2300,338.1400,338.1400
1787147297,338.1300,338.1300,337.8300,337.8300
1787147298,337.8350,337.8700,337.8350,337.8700
1787147299,337.8000,337.8700,337.8000,337.8400
1787147300,337.8500,337.8700,337.7900,337.8000
1787147301,337.7700,337.7700,337.6600,337.6800
1787147302,337.7400,337.8100,337.7400,337.7700
1787147303,337.7700,337.8500,337.7700,337.8500
1787147304,337.8500,337.9400,337.8500,337.9400
1787147306,338.0500,338.0500,337.9500,337.9600
1787147307,338.0400,338.0400,338.0400,338.0400
1787147309,337.9300,337.9300,337.9000,337.9000
1787147310,337.8800,337.8800,337.7400,337.7700
1787147311,337.7700,337.7700,337.5850,337.6800
1787147312,337.5800,337.5800,337.4000,337.4400
1787147313,337.4800,337.5250,337.4800,337.5250
1787147314,337.4900,337.5600,337.4900,337.5500
1787147315,337.5700,337.6000,337.5700,337.6000
1787147316,337.6300,337.6650,337.6300,337.6650
1787147317,337.7300,337.7300,337.6100,337.6100
1787147318,337.6700,337.6750,337.6100,337.6700
1787147319,337.7600,337.8000,337.5600,337.5600
1787147321,337.4900,337.4900,337.1600,337.2200
1787147322,337.3500,337.4000,337.3500,337.4000
1787147323,337.3400,337.3400,337.3100,337.3400
1787147324,337.3700,337.3700,337.3700,337.3700
1787147326,337.2600,337.2600,337.2100,337.2100
1787147327,337.1500,337.1600,337.0500,337.1500
1787147328,337.1300,337.1300,337.1300,337.1300
1787147329,337.0900,337.0900,337.0800,337.0900
1787147330,337.0100,337.0100,336.6600,336.6900
1787147331,336.7500,336.7500,336.6900,336.7100
1787147332,336.6600,336.8000,336.6600,336.8000
1787147333,336.7600,336.7600,336.7500,336.7500
1787147334,336.7800,336.7800,336.7300,336.7300
1787147335,336.7500,336.7500,336.6800,336.6800
1787147336,336.6750,336.6750,336.6750,336.6750
1787147337,336.6600,336.7700,336.6400,336.6600
1787147338,336.6600,336.6600,336.6550,336.6550
1787147339,336.6400,336.6400,336.5500,336.5600
1787147340,336.5500,336.5900,336.4300,336.5900
1787147341,336.4800,336.4800,336.4700,336.4700
1787147342,336.4100,336.4100,336.3100,336.3100
1787147343,336.3200,336.3200,336.1900,336.2100
1787147344,336.2400,336.2750,336.1500,336.1500
1787147345,336.1400,336.1400,336.0000,336.0200
1787147346,336.0200,336.1350,336.0200,336.0500
1787147347,336.0000,336.0000,335.9000,335.9100
1787147348,335.9600,335.9600,335.9000,335.9000
1787147349,335.9700,336.0000,335.9700,336.0000
1787147350,335.9500,335.9500,335.9500,335.9500
1787147351,335.9700,336.0000,335.7000,335.7900
1787147352,335.7700,336.0000,335.7600,336.0000
1787147353,336.0000,336.1800,335.9500,336.1800
1787147354,336.2200,336.4100,336.2200,336.4000
1787147355,336.4400,336.5700,336.4300,336.5700
1787147356,336.5900,336.5900,336.5900,336.5900
1787147357,336.6600,336.6700,336.6400,336.6400
1787147358,336.5800,336.5800,336.5500,336.5500
1787147359,336.5500,336.6200,336.5500,336.6000
1787147360,336.5700,336.6300,336.5700,336.6200
1787147361,336.6600,336.6600,336.6600,336.6600
1787147362,336.6300,337.0000,336.6200,336.9100
1787147363,336.9100,336.9300,336.9100,336.9300
1787147364,336.9300,337.0100,336.9300,337.0100
1787147365,336.9600,336.9600,336.9100,336.9100
1787147367,336.9100,337.0200,336.8800,337.0200
1787147368,337.0300,337.0700,336.9850,337.0700
1787147369,337.1000,337.1600,337.1000,337.1600
1787147370,337.2400,337.2800,337.2100,337.2200
1787147371,337.1600,337.1800,337.1400,337.1400
1787147372,337.1200,337.1700,337.0300,337.0300
1787147373,336.9400,336.9400,336.9400,336.9400
1787147374,336.9600,336.9600,336.9100,336.9100
1787147375,336.9100,336.9100,336.9100,336.9100
1787147376,336.9100,336.9100,336.9100,336.9100
1787147377,336.9100,337.0250,336.9100,337.0250
1787147378,336.9700,336.9700,336.9700,336.9700
1787147379,336.9700,336.9700,336.9700,336.9700
1787147380,337.0000,337.0000,336.8500,336.9300
1787147381,336.8100,336.8100,336.6800,336.6800
1787147383,336.5900,336.5900,336.5000,336.5000
1787147384,336.4600,336.5000,336.4600,336.5000
1787147385,336.5000,336.5000,336.5000,336.5000
1787147386,336.4950,336.4950,336.4950,336.4950
1787147388,336.4900,336.4900,336.4000,336.4150
1787147389,336.3600,336.4300,336.2900,336.4300
1787147390,336.2400,336.2400,336.2300,336.2300
1787147391,336.2000,336.2000,336.1300,336.1300
1787147392,336.1800,336.1900,336.0100,336.1300
1787147393,336.1900,336.2000,335.9300,335.9300
1787147394,335.8000,336.1200,335.7700,336.1200
1787147395,336.0300,336.0300,335.9400,335.9650
1787147396,336.0600,336.5000,336.0500,336.5000
1787147397,336.4600,336.5400,336.4600,336.5400
1787147398,336.5400,336.6500,336.4700,336.6500
1787147399,336.7000,336.8400,336.7000,336.8400
1787147400,336.7700,336.7700,336.7200,336.7200
1787147401,336.7400,336.7700,336.7150,336.7150
1787147402,336.6950,336.7400,336.5300,336.5400
1787147403,336.4300,336.4300,336.3800,336.3800
1787147405,336.3800,336.4900,336.3800,336.4900
1787147406,336.5000,336.5200,336.5000,336.5200
1787147407,336.6500,336.6500,336.6500,336.6500
1787147408,336.6600,336.6600,336.6600,336.6600
1787147409,336.6900,336.9100,336.6900,336.9100
1787147410,336.9050,337.0500,336.9050,337.0100
1787147411,337.0000,337.0000,336.9950,337.0000
1787147412,337.0600,337.0600,336.9800,336.9800
1787147413,336.9800,336.9800,336.9100,336.9100
1787147414,336.8600,336.8600,336.7800,336.7800
1787147415,336.7800,336.9700,336.7800,336.9700
1787147418,336.9600,337.0200,336.9600,337.0200
1787147419,337.0100,337.0100,337.0100,337.0100
1787147420,336.9900,336.9900,336.8100,336.8100
1787147422,336.7900,336.7900,336.6500,336.6500
1787147423,336.6300,336.8500,336.6200,336.8400
1787147424,336.8400,336.8400,336.7800,336.8100
1787147425,336.8100,336.9100,336.8100,336.9100
1787147426,336.9300,336.9300,336.8000,336.8000
1787147427,336.8500,336.9300,336.8200,336.8200
1787147428,336.7900,336.8000,336.7300,336.7300
1787147429,336.7700,336.7800,336.7700,336.7800
1787147430,336.9300,336.9300,336.9300,336.9300
1787147431,336.8900,336.8900,336.8450,336.8450
1787147432,336.8450,336.8450,336.8450,336.8450
1787147433,336.9100,336.9100,336.9100,336.9100
1787147434,336.9100,336.9500,336.8900,336.8900
1787147435,336.9500,336.9500,336.7400,336.7400
1787147436,336.7200,336.8100,336.7000,336.8100
1787147437,336.8100,336.8450,336.8100,336.8400
1787147438,336.8100,336.9200,336.8000,336.8000
1787147439,336.8100,336.8200,336.6900,336.6900
1787147440,336.8200,336.8400,336.7900,336.7900
1787147441,336.8500,336.9400,336.8500,336.9000
1787147442,336.8500,336.9100,336.8500,336.9100
1787147443,336.9800,336.9900,336.8900,336.8900
1787147444,336.9900,337.0300,336.9500,336.9950
1787147445,336.9500,336.9900,336.9400,336.9500
1787147446,336.9000,336.9000,336.9000,336.9000
1787147447,336.8400,336.8400,336.7600,336.7600
1787147448,336.7000,336.7000,336.6600,336.7000
1787147449,336.7200,336.7300,336.6900,336.6900
1787147450,336.7300,336.8800,336.7300,336.8800
1787147451,336.7700,336.7700,336.7100,336.7100
1787147452,336.6800,336.6800,336.6000,336.6000
1787147454,336.6000,336.6100,336.5700,336.6100
1787147455,336.5700,336.5800,336.5500,336.5800
1787147456,336.5900,336.6700,336.5900,336.6000
1787147458,336.6700,336.6700,336.6500,336.6500
1787147460,336.7300,336.8000,336.7300,336.8000
1787147461,336.7900,336.8000,336.7900,336.7900
1787147462,336.7200,336.7200,336.6900,336.6900
1787147463,336.6600,336.7100,336.6400,336.6500
1787147464,336.6900,336.7100,336.6900,336.7100
1787147466,336.7100,336.8200,336.7100,336.8000
1787147467,336.7900,336.7900,336.7200,336.7600
1787147468,336.7100,336.7200,336.6700,336.7200
1787147469,336.7200,336.7200,336.6500,336.6500
1787147470,336.6200,336.6900,336.6000,336.6900
1787147471,336.7000,336.7000,336.6500,336.6600
1787147472,336.7300,336.9300,336.7300,336.9300
1787147473,336.9600,336.9600,336.9100,336.9100
1787147474,336.9000,336.9000,336.6800,336.6800
1787147475,336.7250,336.7400,336.6700,336.6700
1787147476,336.7400,336.7500,336.7400,336.7500
1787147477,336.7000,336.7000,336.5900,336.5900
1787147479,336.5650,336.6200,336.5650,336.5900
1787147480,336.6200,336.6200,336.6200,336.6200
1787147481,336.6000,336.6000,336.4100,336.4700
1787147482,336.4850,336.4850,336.1700,336.2100
1787147483,336.2100,336.2600,336.2000,336.2100
1787147484,336.2800,336.3100,336.2800,336.3000
1787147485,336.2400,336.2400,336.2400,336.2400
1787147487,336.2500,336.2500,336.2500,336.2500
1787147488,336.2700,336.3000,336.2000,336.2000
1787147489,336.2100,336.3900,336.1900,336.3900
1787147490,336.4900,336.6400,336.4900,336.5700
1787147491,336.5900,336.5900,336.5300,336.5300
1787147492,336.4800,336.4800,336.4400,336.4400
1787147493,336.4300,336.4300,336.4300,336.4300
1787147495,336.4900,336.5000,336.4900,336.4900
1787147496,336.4700,336.4700,336.4600,336.4600
1787147497,336.4100,336.4100,336.3900,336.4100
1787147498,336.4800,336.4900,336.4800,336.4900
1787147499,336.5800,336.6000,336.5000,336.5000
1787147500,336.4400,336.5300,336.4400,336.5300
1787147501,336.5000,336.5000,336.4300,336.4300
1787147504,336.4200,336.5000,336.4200,336.5000
1787147505,336.4800,336.6200,336.4800,336.6200
1787147508,336.5200,336.5200,336.5000,336.5000
1787147509,336.5200,336.5400,336.4400,336.4400
1787147510,336.3900,336.4900,336.3900,336.4900
1787147511,336.4100,336.4100,336.3200,336.3200
1787147512,336.3000,336.3000,336.2300,336.2300
1787147513,336.2000,336.2000,336.1400,336.1700
1787147514,336.1550,336.1550,336.1550,336.1550
1787147516,336.1750,336.2600,336.1750,336.2600
1787147517,336.2650,336.2650,336.2650,336.2650
1787147518,336.3000,336.3150,336.3000,336.3150
1787147519,336.3300,336.5000,336.3300,336.5000
1787147520,336.5400,336.6300,336.5400,336.6300
1787147521,336.6300,336.7000,336.5900,336.6800
1787147522,336.6800,336.6800,336.6300,336.6300
1787147523,336.6650,336.7300,336.6650,336.7200
1787147524,336.6300,336.6900,336.6100,336.6900
1787147525,336.7700,336.7800,336.6900,336.7500
1787147527,336.6700,336.6700,336.6000,336.6000
1787147528,336.6300,336.6900,336.6300,336.6900
1787147529,336.7700,336.7800,336.6300,336.6300
1787147530,336.5100,336.5100,336.4500,336.4500
1787147532,336.4200,336.5000,336.4100,336.5000
1787147535,336.5800,336.5800,336.5800,336.5800
1787147536,336.5900,336.8000,336.5900,336.8000
1787147537,336.7650,336.8400,336.7650,336.8400
1787147538,336.8900,337.1200,336.8900,337.1100
1787147539,337.1500,337.2300,337.1500,337.1750
1787147540,337.2000,337.3800,337.2000,337.3300
1787147541,337.2900,337.2900,337.1800,337.2700
1787147543,337.4000,337.5000,337.3700,337.3700
1787147544,337.4100,337.5300,337.4100,337.5300
1787147545,337.5100,337.5100,337.5100,337.5100
1787147546,337.5300,337.6400,337.5100,337.6400
1787147547,337.6400,337.8000,337.6400,337.7700
1787147548,337.7500,337.7900,337.7400,337.7700
1787147549,337.7800,337.7800,337.7000,337.7450
1787147550,337.8200,337.9800,337.8200,337.9800
1787147551,337.9600,338.1100,337.9600,338.1000
1787147552,338.0900,338.0900,338.0900,338.0900
1787147553,338.1400,338.2500,338.0500,338.0500
1787147554,338.1000,338.1000,338.1000,338.1000
1787147555,338.1000,338.1000,338.0400,338.0400
1787147556,338.0100,338.0100,337.9700,337.9700
1787147557,338.0100,338.0500,337.9800,338.0500
1787147558,338.0550,338.0550,337.8200,337.9300
1787147559,337.9100,337.9100,337.8900,337.8900
1787147560,337.9300,337.9600,337.9300,337.9400
1787147562,337.9200,337.9200,337.8200,337.8200
1787147563,337.8200,337.8200,337.7800,337.7800
1787147566,337.8700,337.8800,337.8400,337.8400
1787147567,337.8900,338.0600,337.8900,338.0600
1787147569,338.1400,338.2200,338.1400,338.2200
1787147570,338.1700,338.1700,338.1400,338.1400
1787147571,338.1350,338.1350,338.0000,338.0000
1787147573,337.9850,337.9850,337.9300,337.9400
1787147574,337.9350,337.9350,337.9350,337.9350
1787147575,337.9700,337.9700,337.8200,337.8200
1787147576,337.8100,337.8100,337.8000,337.8000
1787147577,337.8300,337.8300,337.8300,337.8300
1787147579,337.7700,337.7700,337.7700,337.7700
1787147580,337.7800,337.7800,337.7800,337.7800
1787147581,337.7200,337.8300,337.6600,337.8300
1787147582,337.8300,338.0400,337.8200,338.0400
1787147583,338.0600,338.0600,338.0500,338.0500
1787147584,338.0100,338.0100,338.0000,338.0000
1787147585,337.9500,338.0000,337.9200,337.9400
1787147586,337.9900,338.0100,337.9900,337.9950
1787147587,338.0000,338.0000,337.9300,337.9300
1787147588,337.9900,338.1500,337.9900,338.1200
1787147589,338.1200,338.1200,338.0300,338.0300
1787147590,337.9700,337.9700,337.8800,337.8800
1787147591,337.8300,337.8400,337.8000,337.8400
1787147592,337.8800,338.0700,337.8800,338.0700
1787147593,338.0700,338.0800,338.0700,338.0800
1787147594,338.0700,338.2100,338.0600,338.2100
1787147597,338.1500,338.1500,338.1500,338.1500
1787147598,338.1800,338.2200,338.1800,338.2200
1787147599,338.2600,338.2900,338.2600,338.2800
1787147600,338.3200,338.3200,338.2800,338.2800
1787147601,338.2400,338.2400,338.2100,338.2100
1787147602,338.2450,338.2650,338.0000,338.0000
1787147604,338.1150,338.2600,338.1150,338.1900
1787147605,338.1900,338.1900,338.1400,338.1400
1787147607,338.1500,338.2500,338.1500,338.2300
1787147608,338.2500,338.2800,338.2500,338.2700
1787147609,338.3300,338.4200,338.3300,338.4000
1787147610,338.4500,338.5000,338.4500,338.5000
1787147611,338.4900,338.4900,338.4800,338.4800
1787147612,338.4800,338.5800,338.4800,338.5550
1787147613,338.5200,338.5900,338.5000,338.5000
1787147614,338.5050,338.5050,338.3900,338.4200
1787147615,338.3900,338.3900,338.2000,338.2000
1787147616,338.0800,338.1100,338.0700,338.1000
1787147617,338.1200,338.1200,338.0000,338.0000
1787147618,337.9200,337.9200,337.8400,337.8400
1787147619,337.9200,338.0150,337.9200,337.9500
1787147620,337.9400,337.9400,337.9400,337.9400
1787147621,337.9450,337.9450,337.8850,337.8850
1787147622,337.8800,337.8800,337.8800,337.8800
1787147623,337.8800,338.0200,337.8800,338.0200
1787147624,338.0500,338.1000,338.0500,338.1000
1787147625,338.2200,338.2300,338.1300,338.1300
1787147626,338.0900,338.0900,337.8300,337.8300
1787147627,337.8000,337.8000,337.7500,337.7900
1787147628,337.8000,337.9700,337.8000,337.9700
1787147629,337.9500,337.9500,337.9500,337.9500
1787147630,337.8800,338.0600,337.8600,338.0600
1787147631,338.0700,338.0700,338.0700,338.0700
1787147632,338.0750,338.0750,338.0700,338.0700
1787147633,338.0000,338.0100,338.0000,338.0100
1787147634,338.0000,338.0400,337.9500,338.0400
1787147635,337.9500,337.9500,337.9000,337.9000
1787147637,337.9600,337.9900,337.9600,337.9600
1787147638,337.9700,337.9900,337.8000,337.8250
1787147640,337.8300,337.8350,337.8100,337.8100
1787147641,337.7700,337.8000,337.7000,337.7800
1787147642,337.7800,338.0500,337.7650,338.0500
1787147643,337.9700,337.9700,337.9300,337.9300
1787147645,337.8800,337.9900,337.8100,337.9900
1787147646,338.0100,338.0100,338.0000,338.0000
1787147647,338.0200,338.0200,338.0200,338.0200
1787147650,338.0400,338.0900,338.0400,338.0900
1787147651,338.0950,338.0950,337.9600,337.9600
1787147652,337.9000,337.9000,337.8250,337.8350
1787147653,337.8550,337.8550,337.8550,337.8550
1787147654,337.8100,337.8200,337.8100,337.8200
1787147655,337.7700,337.7700,337.7700,337.7700
1787147656,337.6850,337.6850,337.6850,337.6850
1787147657,337.6500,337.6500,337.6500,337.6500
1787147659,337.6800,337.7700,337.6800,337.7300
1787147660,337.7000,337.7000,337.6400,337.6400
1787147661,337.6400,337.6400,337.6000,337.6000
1787147662,337.6300,337.6300,337.6300,337.6300
1787147663,337.5600,337.5600,337.5400,337.5400
1787147664,337.5300,337.6300,337.5300,337.5850
1787147665,337.6000,337.6000,337.5500,337.5500
1787147667,337.5600,337.5900,337.5200,337.5200
1787147668,337.6400,337.7500,337.6400,337.7500
1787147670,337.6050,337.6050,337.6050,337.6050
1787147672,337.5600,337.6800,337.5600,337.6800
1787147673,337.7000,337.7600,337.6900,337.6900
1787147674,337.5900,337.6000,337.5900,337.6000
1787147675,337.6250,337.6300,337.6200,337.6200
1787147678,337.6600,337.6900,337.6600,337.6700
1787147679,337.6300,337.6700,337.6200,337.6500
1787147681,337.5900,337.5900,337.5900,337.5900
1787147682,337.5500,337.5500,337.5500,337.5500
1787147683,337.5500,337.5500,337.4500,337.4500
1787147684,337.4500,337.4800,337.4500,337.4500
1787147685,337.4100,337.4100,337.4000,337.4000
1787147686,337.4300,337.4300,337.2750,337.2900
1787147687,337.2800,337.5400,337.2800,337.4900
1787147688,337.5300,337.5300,337.4200,337.4200
1787147689,337.4500,337.5000,337.4500,337.5000
1787147690,337.4500,337.4500,337.4200,337.4200
1787147692,337.4500,337.5000,337.4400,337.4400
1787147693,337.4200,337.4200,337.3200,337.3200
1787147695,337.3800,337.5000,337.3100,337.5000
1787147696,337.4900,337.4900,337.4100,337.4400
1787147697,337.5000,337.5900,337.5000,337.5600
1787147698,337.5900,337.5900,337.5900,337.5900
1787147699,337.6000,337.6000,337.6000,337.6000
1787147701,337.6200,337.7000,337.6100,337.6100
1787147702,337.5600,337.5600,337.5400,337.5400
1787147703,337.5600,337.6600,337.5600,337.6400
1787147704,337.6300,337.7300,337.6300,337.7100
1787147705,337.7100,337.7200,337.5800,337.5800
1787147706,337.6000,337.6000,337.6000,337.6000
1787147707,337.6000,337.6000,337.6000,337.6000
1787147708,337.6500,337.7100,337.6500,337.7100
1787147709,337.7800,337.7800,337.7800,337.7800
1787147710,337.7800,337.8000,337.6900,337.6900
1787147711,337.6500,337.6500,337.6500,337.6500
1787147712,337.6500,337.6700,337.6250,337.6250
1787147713,337.5600,337.5600,337.5500,337.5500
1787147715,337.5700,337.5700,337.5700,337.5700
1787147716,337.5600,337.5600,337.5100,337.5450
1787147717,337.5700,337.6300,337.5700,337.6300
1787147718,337.6300,337.6600,337.6150,337.6250
1787147719,337.5700,337.6600,337.5700,337.6600
1787147721,337.6700,337.6900,337.6500,337.6600
1787147723,337.6200,337.6200,337.5000,337.5000
1787147724,337.5500,337.5500,337.5500,337.5500
1787147725,337.6100,337.6400,337.6100,337.6300
1787147726,337.6600,337.7500,337.6600,337.7300
1787147727,337.7200,337.7200,337.7200,337.7200
1787147728,337.7200,337.7200,337.7200,337.7200
1787147729,337.7500,337.8000,337.7500,337.8000
1787147730,337.7400,337.7500,337.7300,337.7500
1787147731,337.7000,337.7100,337.7000,337.7100
1787147732,337.7400,337.7900,337.7200,337.7200
1787147733,337.8000,337.8600,337.8000,337.8400
1787147734,337.8300,337.8300,337.8200,337.8200
1787147735,337.7900,337.7900,337.6500,337.7600
1787147737,337.7800,337.8100,337.7800,337.8100
1787147738,337.9000,337.9000,337.8400,337.8400
1787147741,337.8400,337.8400,337.8400,337.8400
1787147742,337.9000,337.9500,337.9000,337.9500
1787147743,337.9700,338.0000,337.9700,337.9800
1787147745,337.9800,338.0000,337.9700,338.0000
1787147747,337.9500,337.9900,337.9500,337.9900
1787147749,338.0000,338.0000,337.8700,337.8700
1787147750,337.8600,337.8600,337.8500,337.8500
1787147751,337.8550,337.8600,337.8550,337.8600
1787147752,337.8550,337.8700,337.8550,337.8700
1787147754,337.8200,337.8200,337.7650,337.8200
1787147756,337.7900,337.7900,337.7900,337.7900
1787147757,337.7800,337.7800,337.7000,337.7000
1787147758,337.6800,337.7300,337.6400,337.6400
1787147759,337.6300,337.6300,337.5900,337.5900
1787147760,337.5650,337.5650,337.5650,337.5650
1787147762,337.5300,337.5800,337.4800,337.5450
1787147763,337.5700,337.5700,337.5500,337.5600
1787147765,337.5200,337.5200,337.4600,337.4800
1787147766,337.3800,337.3800,337.2600,337.2600
1787147767,337.2700,337.2700,337.1800,337.1800
1787147768,337.2300,337.2500,337.2050,337.2050
1787147769,337.1900,337.1900,337.0200,337.0600
1787147770,337.0000,337.0000,336.8500,336.8500
1787147771,336.8500,336.8600,336.7100,336.8600
1787147773,336.8500,336.8500,336.7100,336.8300
1787147774,336.9200,336.9900,336.9200,336.9900
1787147775,337.0500,337.0500,337.0500,337.0500
1787147776,337.0500,337.1400,337.0500,337.0600
1787147777,337.0000,337.0000,336.9700,336.9900
1787147778,336.9600,336.9600,336.9600,336.9600
1787147780,337.0200,337.0300,337.0200,337.0300
1787147781,337.1200,337.1300,337.1200,337.1300
1787147782,337.1100,337.1200,337.1100,337.1200
1787147783,337.1300,337.1700,337.1300,337.1650
1787147784,337.0800,337.0800,337.0800,337.0800
1787147785,337.1400,337.2300,337.1400,337.2300
1787147787,337.1700,337.1700,337.1700,337.1700
1787147788,337.1300,337.1300,337.0450,337.0900
1787147789,337.0000,337.0000,337.0000,337.0000
1787147791,336.9900,337.0300,336.9750,337.0300
1787147792,337.0600,337.0600,337.0600,337.0600
1787147793,337.0900,337.1500,337.0900,337.1500
1787147794,337.0800,337.0800,337.0700,337.0700
1787147795,337.1100,337.3000,337.1100,337.3000
1787147796,337.2000,337.2000,337.1300,337.1300
1787147797,337.1500,337.1500,337.1500,337.1500
1787147799,337.2300,337.2400,337.2300,337.2400
1787147803,337.2500,337.4200,337.2500,337.4200
1787147805,337.4300,337.4300,337.4100,337.4100
1787147806,337.4000,337.4000,337.3000,337.3000
1787147807,337.3000,337.3000,337.3000,337.3000
1787147808,337.3500,337.3500,337.3500,337.3500
1787147809,337.4100,337.4700,337.4100,337.4700
1787147811,337.4200,337.4200,337.3700,337.3700
1787147812,337.3400,337.3550,337.3400,337.3550
1787147813,337.3750,337.3800,337.3400,337.3800
1787147814,337.4100,337.4500,337.4100,337.4500
1787147816,337.4900,337.5200,337.4500,337.4500
1787147818,337.4200,337.4200,337.4200,337.4200
1787147819,337.3500,337.3500,337.3500,337.3500
1787147820,337.4000,337.4000,337.4000,337.4000
1787147821,337.3400,337.3400,337.3200,337.3200
1787147822,337.3600,337.4200,337.3600,337.4200
1787147823,337.3700,337.3700,337.3600,337.3600
1787147824,337.3300,337.3300,337.2700,337.2700
1787147825,337.2700,337.3200,337.2700,337.3200
1787147826,337.2500,337.2500,337.1600,337.1600
1787147828,337.1100,337.1100,337.0000,337.0000
1787147829,337.0200,337.1000,337.0200,337.0500
1787147830,337.1100,337.1100,337.1000,337.1000
1787147831,337.1900,337.1900,337.1900,337.1900
1787147832,337.1200,337.1200,337.1200,337.1200
1787147836,337.0900,337.2100,337.0900,337.2100
1787147837,337.1700,337.1700,337.1700,337.1700
1787147838,337.1700,337.1700,337.1700,337.1700
1787147839,337.2000,337.2000,337.2000,337.2000
1787147840,337.1550,337.1550,337.1400,337.1400
1787147841,337.1700,337.3100,337.1700,337.3100
1787147843,337.3600,337.3800,337.3600,337.3800
1787147844,337.4600,337.6900,337.4600,337.6800
1787147846,337.6800,337.6800,337.5900,337.6800
1787147847,337.6200,337.6200,337.6200,337.6200
1787147848,337.5300,337.5300,337.5200,337.5200
1787147851,337.5000,337.5100,337.5000,337.5100
1787147852,337.4600,337.4600,337.4600,337.4600
1787147853,337.5200,337.5400,337.5200,337.5400
1787147854,337.6450,337.6450,337.6450,337.6450
1787147855,337.7400,337.7500,337.7400,337.7400
1787147856,337.7200,337.7200,337.6900,337.6900
1787147858,337.8000,337.8300,337.7300,337.7300
1787147860,337.8000,337.9000,337.8000,337.9000
1787147861,337.9200,337.9500,337.9200,337.9500
1787147862,337.9500,338.0000,337.9500,338.0000
1787147863,338.0200,338.0700,338.0200,338.0300
1787147864,338.1000,338.1000,338.1000,338.1000
1787147865,338.0600,338.0700,338.0600,338.0600
1787147866,338.1100,338.1300,338.1100,338.1300
1787147867,338.1700,338.1700,338.1700,338.1700
1787147868,338.1800,338.1900,337.9800,337.9800
1787147870,337.9600,337.9600,337.9600,337.9600
1787147871,337.9600,337.9600,337.9600,337.9600
1787147872,337.9300,337.9600,337.9300,337.9600
1787147874,337.9200,337.9200,337.7400,337.7400
1787147875,337.7250,337.7500,337.7000,337.7300
1787147876,337.6500,337.6500,337.6100,337.6400
1787147877,337.6600,337.6700,337.6600,337.6700
1787147878,337.7000,337.7000,337.7000,337.7000
1787147880,337.7750,337.7750,337.5300,337.5300
1787147882,337.5700,337.8050,337.5700,337.8050
1787147883,337.8400,337.8950,337.8400,337.8950
1787147886,337.8900,338.0400,337.8900,338.0400
1787147888,338.1000,338.1000,338.1000,338.1000
1787147891,338.1450,338.1450,338.1000,338.1100
1787147892,338.0500,338.0500,338.0500,338.0500
1787147893,338.1000,338.1400,338.1000,338.1400
1787147894,338.1250,338.1250,338.1250,338.1250
1787147895,338.0600,338.1300,338.0600,338.1300
1787147896,338.1700,338.3800,338.1700,338.3300
1787147897,338.2850,338.2850,338.2850,338.2850
1787147898,338.2700,338.2700,338.2300,338.2300
1787147899,338.2600,338.2600,338.2600,338.2600
1787147900,338.2500,338.2500,338.1900,338.1900
1787147902,338.2500,338.2800,338.2400,338.2400
1787147903,338.2650,338.4100,338.2650,338.3900
1787147904,338.3600,338.3600,338.1200,338.1200
1787147905,338.1200,338.1900,338.1200,338.1500
1787147906,338.1200,338.1200,337.9900,338.0700
1787147907,338.1100,338.1100,338.1100,338.1100
1787147908,338.1350,338.1350,338.1350,338.1350
1787147910,338.1400,338.1400,338.1400,338.1400
1787147911,338.1700,338.2300,338.1700,338.2300
1787147912,338.2400,338.3000,338.2350,338.3000
1787147913,338.2900,338.2900,338.2900,338.2900
1787147914,338.2850,338.3500,338.2500,338.3500
1787147915,338.3800,338.4700,338.3800,338.4700
1787147916,338.4000,338.4100,338.4000,338.4100
1787147917,338.3700,338.3900,338.3600,338.3900
1787147918,338.4600,338.4600,338.4600,338.4600
1787147919,338.4800,338.5100,338.3600,338.3600
1787147922,338.4100,338.4600,338.4100,338.4500
1787147923,338.5100,338.6500,338.5100,338.6500
1787147924,338.6400,338.6400,338.6400,338.6400
1787147925,338.6500,338.6500,338.6500,338.6500
1787147926,338.6300,338.6300,338.6300,338.6300
1787147928,338.6100,338.6100,338.4400,338.4400
1787147929,338.4200,338.4600,338.4200,338.4600
1787147930,338.4300,338.4300,338.4200,338.4200
1787147931,338.3800,338.3900,338.3800,338.3900
1787147932,338.4600,338.4600,338.4600,338.4600
1787147933,338.4600,338.4600,338.4600,338.4600
1787147935,338.4900,338.5200,338.4900,338.4900
1787147936,338.5000,338.5000,338.4700,338.4700
1787147937,338.5200,338.6500,338.5200,338.6400
1787147939,338.5300,338.5300,338.5100,338.5100
1787147940,338.5000,338.5000,338.4200,338.4200
1787147941,338.4400,338.4400,338.4400,338.4400
1787147942,338.4800,338.5300,338.4800,338.5300
1787147943,338.5400,338.5400,338.5400,338.5400
1787147945,338.5600,338.5800,338.5600,338.5800
1787147946,338.5650,338.5650,338.5400,338.5400
1787147947,338.5100,338.6100,338.5100,338.6100
1787147948,338.5700,338.7800,338.5700,338.7800
1787147949,338.7300,338.7800,338.6900,338.7400
1787147950,338.7800,338.7800,338.7800,338.7800
1787147951,338.7700,338.7700,338.6350,338.6350
1787147952,338.5900,338.5900,338.5800,338.5800
1787147953,338.5800,338.5800,338.4200,338.4200
1787147954,338.4400,338.4400,338.4100,338.4100
1787147956,338.4200,338.4200,338.3900,338.3900
1787147957,338.3800,338.3800,338.3700,338.3700
1787147958,338.4100,338.4500,338.4100,338.4200
1787147963,338.3500,338.3500,338.3000,338.3000
1787147964,338.2400,338.2400,338.2400,338.2400
1787147965,338.2400,338.2500,338.2000,338.2500
1787147966,338.2900,338.3400,338.1100,338.1700
1787147968,338.1500,338.1500,338.1500,338.1500
1787147969,338.1300,338.1400,338.1000,338.1400
1787147970,338.0700,338.0700,337.9700,337.9800
1787147971,338.0000,338.0100,337.9800,337.9800
1787147972,337.9950,338.0700,337.9950,338.0700
1787147973,338.1200,338.1200,338.1200,338.1200
1787147974,338.1300,338.1600,338.1300,338.1600
1787147975,338.0900,338.0900,338.0400,338.0500
1787147977,338.0400,338.0600,338.0400,338.0600
1787147979,338.0600,338.0600,338.0600,338.0600
1787147980,338.0250,338.0250,338.0250,338.0250
1787147982,338.0700,338.0800,338.0700,338.0800
1787147983,338.0600,338.2300,338.0200,338.2300
1787147984,338.2800,338.2900,338.2800,338.2900
1787147985,338.1500,338.1500,338.1400,338.1400
1787147986,338.0700,338.0700,337.9800,337.9800
1787147987,338.0200,338.0200,338.0200,338.0200
1787147989,338.0650,338.1200,338.0650,338.0800
1787147991,338.0550,338.0550,338.0100,338.0500
1787147992,338.0700,338.0700,338.0000,338.0300
1787147993,338.0900,338.1100,338.0900,338.1000
1787147994,338.1200,338.1300,338.1200,338.1300
1787147995,338.1150,338.2200,338.1150,338.2200
1787147997,338.1000,338.1000,338.0800,338.0800
1787147998,338.0800,338.1000,337.9600,338.0500
1787147999,337.9950,337.9950,337.9950,337.9950
1787148000,338.0200,338.0300,338.0200,338.0300
1787148001,337.9600,338.0600,337.9400,338.0600
1787148002,338.0700,338.1800,338.0700,338.1600
1787148003,338.2300,338.3100,338.2300,338.2900
1787148004,338.3500,338.5000,338.3500,338.4100
1787148005,338.4400,338.4700,338.3800,338.3800
1787148006,338.4300,338.4300,338.2000,338.3500
1787148007,338.3300,338.4300,338.3300,338.4300
1787148008,338.4100,338.4100,338.3000,338.3000
1787148009,338.2900,338.2900,338.2900,338.2900
1787148012,338.2500,338.2500,338.1100,338.1100
1787148013,338.1850,338.1850,338.1850,338.1850
1787148014,338.1150,338.1150,338.0600,338.0600
1787148015,338.1200,338.1200,338.0800,338.0800
1787148016,338.1100,338.2000,338.1100,338.2000
1787148017,338.0900,338.0900,338.0700,338.0850
1787148018,338.0500,338.0500,337.9800,338.0000
1787148019,338.0100,338.0650,337.9950,338.0650
1787148020,338.0650,338.0650,338.0100,338.0100
1787148021,338.0100,338.1000,337.9400,338.0500
1787148023,338.0000,338.0000,337.9900,337.9900
1787148025,338.0000,338.1100,337.9700,338.1100
1787148026,338.1100,338.1100,337.9300,337.9300
1787148028,337.9200,338.0400,337.9200,338.0400
1787148029,338.0700,338.1300,338.0700,338.1300
1787148030,338.1900,338.2900,338.1900,338.2400
1787148031,338.2100,338.2300,338.2000,338.2300
1787148033,338.2300,338.2300,338.1900,338.2100
1787148034,338.2100,338.2100,338.2100,338.2100
1787148035,338.1600,338.2000,338.1500,338.2000
1787148036,338.2600,338.2600,338.2600,338.2600
1787148038,338.2600,338.2700,338.2600,338.2700
1787148039,338.2100,338.2100,338.2100,338.2100
1787148040,338.1600,338.1600,338.1400,338.1500
1787148041,338.0850,338.0850,338.0000,338.0400
1787148043,338.1000,338.1000,338.0700,338.0700
1787148045,338.1200,338.1200,338.1200,338.1200
1787148046,338.0950,338.0950,337.8400,337.8400
1787148047,337.8800,337.9000,337.8800,337.9000
1787148048,337.9300,337.9300,337.9300,337.9300
1787148049,337.9250,337.9250,337.8600,337.8600
1787148050,337.8700,337.8700,337.8700,337.8700
1787148052,337.9300,337.9500,337.9300,337.9500
1787148055,337.8900,337.8900,337.8900,337.8900
1787148057,337.9000,337.9000,337.9000,337.9000
1787148058,337.8700,337.9250,337.8500,337.8800
1787148059,337.9400,338.0000,337.9300,338.0000
1787148060,337.9400,337.9400,337.8000,337.8000
1787148061,337.8900,337.8900,337.8900,337.8900
1787148062,337.9600,337.9800,337.9600,337.9800
1787148064,338.0400,338.0700,338.0400,338.0700
1787148065,338.0800,338.0800,338.0700,338.0700
1787148066,338.1500,338.1500,338.1500,338.1500
1787148067,338.0600,338.0600,337.9700,337.9700
1787148068,338.0300,338.0500,338.0300,338.0500
1787148069,338.0400,338.0400,338.0400,338.0400
1787148072,338.0900,338.1050,338.0900,338.1050
1787148073,338.0200,338.0200,338.0000,338.0000
1787148074,338.0450,338.0450,338.0000,338.0000
1787148076,338.0500,338.0900,338.0500,338.0900
1787148077,338.1500,338.2200,338.1500,338.2200
1787148078,338.1900,338.1900,338.1100,338.1100
1787148080,338.1100,338.1200,338.0900,338.1200
1787148081,338.1900,338.1900,338.1500,338.1500
1787148082,338.1500,338.1500,338.1500,338.1500
1787148084,338.1100,338.1600,338.1000,338.1600
1787148085,338.1800,338.2600,338.1800,338.2000
1787148086,338.1600,338.2100,338.1600,338.2100
1787148088,338.1250,338.1300,338.1100,338.1300
1787148089,338.1600,338.2800,338.1600,338.2800
1787148090,338.2200,338.2200,338.2200,338.2200
1787148092,338.2500,338.2500,338.2500,338.2500
1787148093,338.3000,338.4500,338.3000,338.4300
1787148094,338.4700,338.4700,338.4700,338.4700
1787148096,338.3900,338.3900,338.3600,338.3600
1787148100,338.3500,338.3700,338.3500,338.3700
1787148101,338.3600,338.4400,338.3600,338.3900
1787148103,338.3400,338.3400,338.2700,338.2700
1787148104,338.3600,338.3600,338.3600,338.3600
1787148105,338.2900,338.4000,338.2900,338.4000
1787148106,338.4300,338.6700,338.4300,338.6100
1787148107,338.6000,338.7100,338.6000,338.6900
1787148108,338.6900,338.6900,338.5700,338.5700
1787148110,338.5000,338.5000,338.4500,338.4500
1787148114,338.3900,338.3900,338.2700,338.2700
1787148115,338.3500,338.5000,338.3500,338.5000
1787148118,338.4900,338.6000,338.4900,338.5400
1787148121,338.6150,338.6150,338.6150,338.6150
1787148124,338.6000,338.6000,338.5600,338.5600
1787148125,338.5600,338.5900,338.5600,338.5900
1787148126,338.6400,338.6900,338.6400,338.6400
1787148127,338.6700,338.6700,338.6700,338.6700
1787148128,338.6550,338.6550,338.6550,338.6550
1787148129,338.6300,338.6300,338.6300,338.6300
1787148130,338.6200,338.6200,338.6000,338.6000
1787148131,338.6200,338.6200,338.6200,338.6200
1787148134,338.5900,338.5900,338.5800,338.5800
1787148135,338.6300,338.6450,338.6000,338.6000
1787148136,338.6700,338.7500,338.6700,338.7500
1787148137,338.7600,338.7600,338.7600,338.7600
1787148138,338.6800,338.6900,338.6500,338.6900
1787148139,338.7600,338.7700,338.7300,338.7300
1787148141,338.7300,338.7300,338.7000,338.7000
1787148142,338.7300,338.7300,338.7300,338.7300
1787148143,338.6500,338.6500,338.6000,338.6000
1787148145,338.6000,338.6000,338.6000,338.6000
1787148146,338.5500,338.5500,338.5100,338.5100
1787148147,338.5100,338.5300,338.4600,338.5300
1787148148,338.5300,338.5600,338.5300,338.5500
1787148150,338.6000,338.6100,338.6000,338.6100
1787148151,338.5700,338.5700,338.5600,338.5600
1787148152,338.6000,338.6100,338.6000,338.6100
1787148153,338.7000,338.7300,338.6850,338.7100
1787148154,338.7500,338.7700,338.7500,338.7700
1787148155,338.7800,338.8100,338.7800,338.8100
1787148157,338.7600,338.7600,338.6100,338.6100
1787148158,338.6300,338.6300,338.5100,338.5100
1787148159,338.4900,338.5100,338.4200,338.4200
1787148160,338.4700,338.5000,338.4650,338.5000
1787148161,338.4900,338.4900,338.3900,338.3900
1787148163,338.3400,338.3400,338.3100,338.3100
1787148164,338.3550,338.3550,338.3550,338.3550
1787148165,338.3000,338.4100,338.2700,338.4100
1787148166,338.4250,338.4600,338.4250,338.4600
1787148167,338.4800,338.4900,338.4600,338.4600
1787148168,338.4300,338.4300,338.3900,338.3900
1787148169,338.3100,338.4600,338.3100,338.4600
1787148170,338.4800,338.5700,338.4800,338.5600
1787148171,338.5800,338.6000,338.5800,338.6000
1787148172,338.6500,338.6700,338.6500,338.6700
1787148174,338.5900,338.5900,338.4700,338.4700
1787148176,338.4300,338.4400,338.4100,338.4100
1787148177,338.3700,338.3700,338.3700,338.3700
1787148178,338.3900,338.3900,338.3900,338.3900
1787148179,338.3200,338.3200,338.3050,338.3050
1787148180,338.3150,338.3800,338.3150,338.3800
1787148181,338.3800,338.4100,338.3500,338.3700
1787148182,338.3700,338.3800,338.3700,338.3700
1787148183,338.3500,338.3500,338.3300,338.3500
1787148184,338.3200,338.3200,338.1900,338.2300
1787148185,338.2300,338.2300,338.2300,338.2300
1787148186,338.2800,338.2800,338.2800,338.2800
1787148187,338.3000,338.3000,338.2800,338.2800
1787148188,338.2850,338.2850,338.2850,338.2850
1787148189,338.2850,338.2850,338.2850,338.2850
1787148190,338.3400,338.3400,338.2700,338.2700
1787148191,338.2900,338.2900,338.2900,338.2900
1787148194,338.2700,338.3600,338.2500,338.3600
1787148195,338.3600,338.4000,338.3600,338.4000
1787148196,338.4300,338.5500,338.4300,338.5500
1787148197,338.5300,338.5300,338.5100,338.5100
1787148201,338.4900,338.4900,338.4900,338.4900
1787148203,338.5150,338.5150,338.5050,338.5050
1787148204,338.5100,338.5500,338.5100,338.5500
1787148205,338.5900,338.6100,338.5300,338.5300
1787148206,338.5000,338.5000,338.4400,338.4400
1787148207,338.4450,338.4450,338.4450,338.4450
1787148212,338.4000,338.4000,338.3900,338.3900
1787148213,338.3800,338.4500,338.3600,338.4500
1787148214,338.5000,338.5500,338.5000,338.5500
1787148215,338.6000,338.6500,338.6000,338.6500
1787148216,338.6300,338.6300,338.6200,338.6200
1787148218,338.6900,338.6900,338.6900,338.6900
1787148219,338.7100,338.7100,338.5000,338.6000
1787148220,338.6100,338.6100,338.6100,338.6100
1787148221,338.6300,338.6300,338.6200,338.6200
1787148222,338.6600,338.6600,338.6600,338.6600
1787148223,338.6200,338.6200,338.5000,338.5000
1787148224,338.4700,338.4700,338.4100,338.4200
1787148228,338.4200,338.4200,338.3700,338.3900
1787148229,338.3500,338.3500,338.3500,338.3500
1787148230,338.3100,338.3100,338.3000,338.3000
1787148231,338.3400,338.3700,338.3400,338.3700
1787148232,338.3900,338.4200,338.3900,338.4200
1787148233,338.4300,338.4300,338.4300,338.4300
1787148236,338.3800,338.3800,338.3300,338.3300
1787148238,338.2700,338.2700,338.2300,338.2400
1787148239,338.3050,338.3300,338.3050,338.3300
1787148240,338.3200,338.3200,338.3200,338.3200
1787148241,338.3200,338.3400,338.2800,338.2950
1787148242,338.2500,338.2500,338.1600,338.2100
1787148244,338.2900,338.3100,338.2900,338.3100
1787148246,338.3200,338.3600,338.3200,338.3600
1787148247,338.3100,338.3100,338.2800,338.2800
1787148248,338.3000,338.3300,338.3000,338.3300
1787148250,338.3700,338.4100,338.3700,338.4000
1787148251,338.3600,338.3600,338.3300,338.3300
1787148253,338.4100,338.4400,338.4100,338.4400
1787148255,338.4600,338.5000,338.4400,338.4800
1787148256,338.4800,338.4800,338.4200,338.4200
1787148257,338.4600,338.5200,338.4600,338.5200
1787148258,338.5400,338.5550,338.5400,338.5550
1787148259,338.6000,338.6000,338.6000,338.6000
1787148260,338.6250,338.6250,338.6250,338.6250
1787148261,338.6700,338.6700,338.6600,338.6600
1787148262,338.7000,338.8100,338.7000,338.8100
1787148263,338.8300,339.1700,338.8300,339.1300
1787148264,339.1500,339.1900,339.1500,339.1900
1787148265,339.1000,339.2550,339.1000,339.2550
1787148266,339.2900,339.3500,339.2800,339.2800
1787148267,339.2650,339.2650,339.1800,339.1800
1787148268,339.2000,339.2200,339.1950,339.1950
1787148270,339.1700,339.2400,339.1700,339.2400
1787148271,339.1800,339.1800,339.0200,339.0200
1787148272,338.9700,338.9700,338.9400,338.9400
1787148273,339.0000,339.0600,339.0000,339.0600
1787148275,339.0700,339.0700,339.0700,339.0700
1787148276,338.9700,338.9700,338.9400,338.9400
1787148277,338.9000,338.9000,338.7800,338.7800
1787148279,338.8700,338.9200,338.8450,338.8450
1787148281,338.8100,338.8100,338.8100,338.8100
1787148282,338.8700,338.8700,338.8700,338.8700
1787148283,338.8500,338.8500,338.8500,338.8500
1787148284,338.9100,338.9400,338.9100,338.9400
1787148286,339.0200,339.0900,339.0200,339.0400
1787148287,339.1000,339.1000,339.1000,339.1000
1787148288,339.1700,339.2000,339.1700,339.2000
1787148289,339.2200,339.2300,339.2200,339.2300
1787148290,339.3000,339.5800,339.3000,339.5500
1787148291,339.5500,339.5600,339.5300,339.5300
1787148292,339.5000,339.5600,339.4700,339.5600
1787148293,339.5600,339.5600,339.4900,339.5250
1787148295,339.5250,339.5250,339.4800,339.4800
1787148296,339.4900,339.4900,339.4400,339.4400
1787148298,339.3900,339.3900,339.3800,339.3900
1787148299,339.3200,339.3200,339.2600,339.2900
1787148300,339.2900,339.2900,339.2600,339.2600
1787148301,339.2700,339.2800,339.2100,339.2100
1787148302,339.2400,339.2900,339.2400,339.2700
1787148303,339.2900,339.2900,339.2500,339.2500
1787148304,339.3100,339.3200,339.3000,339.3000
1787148305,339.2800,339.2800,339.2800,339.2800
1787148306,339.3100,339.5400,339.3100,339.5400
1787148307,339.5000,339.5000,339.4400,339.4400
1787148308,339.4700,339.4900,339.4500,339.4500
1787148310,339.4400,339.4400,339.3900,339.4300
1787148311,339.4300,339.5200,339.3900,339.4800
1787148312,339.5200,339.5200,339.5200,339.5200
1787148313,339.5500,339.6500,339.5500,339.6500
1787148314,339.6600,339.6600,339.5400,339.5400
1787148315,339.5000,339.5000,339.4800,339.4800
1787148316,339.4800,339.4800,339.4800,339.4800
1787148317,339.5100,339.5600,339.5100,339.5600
1787148318,339.5100,339.5100,339.5000,339.5000
1787148319,339.4400,339.4400,339.4400,339.4400
1787148320,339.3900,339.4550,339.3700,339.4550
1787148321,339.4300,339.4300,339.4300,339.4300
1787148322,339.4000,339.4000,339.3700,339.3700
1787148324,339.4400,339.5000,339.4400,339.5000
1787148325,339.5100,339.5100,339.5050,339.5050
1787148326,339.4600,339.4600,339.3100,339.4300
1787148327,339.4000,339.4250,339.3800,339.3800
1787148329,339.4500,339.4500,339.4200,339.4200
1787148330,339.4600,339.4600,339.4200,339.4200
1787148334,339.4750,339.4800,339.4750,339.4800
1787148335,339.4500,339.4500,339.4200,339.4200
1787148337,339.5000,339.5700,339.5000,339.5500
1787148338,339.5500,339.5500,339.5500,339.5500
1787148339,339.5000,339.5000,339.5000,339.5000
1787148340,339.5500,339.5500,339.5500,339.5500
1787148341,339.5300,339.7300,339.5300,339.7300
1787148343,339.6700,339.6700,339.6300,339.6300
1787148346,339.5400,339.6500,339.5300,339.6500
1787148347,339.6000,339.6000,339.5700,339.5700
1787148348,339.5400,339.5700,339.5000,339.5600
1787148349,339.5000,339.5000,339.4200,339.4200
1787148350,339.3800,339.3800,339.2600,339.2800
1787148351,339.2800,339.3600,339.2800,339.3600
1787148354,339.3700,339.3700,339.3200,339.3200
1787148355,339.4200,339.4200,339.4200,339.4200
1787148356,339.4700,339.5300,339.4700,339.5300
1787148357,339.4600,339.4600,339.4500,339.4500
1787148358,339.4100,339.4100,339.3000,339.3000
1787148359,339.2800,339.2800,339.2000,339.2500
1787148362,339.5000,339.5600,339.5000,339.5600
1787148363,339.5900,339.5900,339.5800,339.5800
1787148364,339.6300,339.6300,339.6300,339.6300
1787148366,339.5700,339.5700,339.4900,339.4900
1787148368,339.6000,339.6000,339.6000,339.6000
1787148370,339.6300,339.7000,339.6300,339.7000
1787148371,339.7200,339.8000,339.7200,339.8000
1787148372,339.7600,339.7700,339.6700,339.6700
1787148373,339.6650,339.6650,339.5700,339.5700
1787148374,339.6000,339.6000,339.6000,339.6000
1787148376,339.6700,339.6700,339.6600,339.6600
1787148378,339.6600,339.6600,339.6400,339.6400
1787148379,339.7500,339.8600,339.7500,339.8600
1787148381,339.7950,339.7950,339.7600,339.7600
1787148382,339.7500,339.9000,339.7500,339.8800
1787148383,339.7900,339.7900,339.7500,339.7600
1787148384,339.7700,339.7700,339.7700,339.7700
1787148385,339.7400,339.7650,339.7000,339.7000
1787148386,339.7300,339.7300,339.7300,339.7300
1787148388,339.7900,339.8000,339.6500,339.6500
1787148389,339.6500,339.6500,339.6400,339.6400
1787148390,339.7300,339.7500,339.7300,339.7500
1787148393,339.6500,339.6500,339.6250,339.6250
1787148394,339.6250,339.6400,339.6250,339.6400
1787148395,339.6100,339.6100,339.5900,339.5950
1787148396,339.6300,339.6300,339.6200,339.6200
1787148398,339.6300,339.6300,339.5600,339.5600
1787148399,339.6400,339.6600,339.6400,339.6600
1787148400,339.6600,339.7000,339.6600,339.7000
1787148401,339.7100,339.7700,339.7100,339.7700
1787148402,339.6900,339.7100,339.6900,339.7100
1787148404,339.6800,339.6800,339.6400,339.6400
1787148405,339.7300,339.7500,339.7300,339.7500
1787148406,339.7150,339.7150,339.7150,339.7150
1787148407,339.6300,339.6300,339.5600,339.5600
1787148408,339.6000,339.6000,339.6000,339.6000
1787148409,339.5300,339.5300,339.4200,339.4200
1787148411,339.4400,339.4800,339.4400,339.4800
1787148413,339.4850,339.5200,339.4850,339.5200
1787148414,339.5800,339.5900,339.5800,339.5900
1787148415,339.5900,339.5900,339.5900,339.5900
1787148416,339.6700,339.6700,339.6700,339.6700
1787148418,339.6700,339.7100,339.6700,339.6900
1787148419,339.7400,339.9000,339.7400,339.9000
1787148420,339.9000,340.0200,339.8900,339.9000
1787148421,339.9550,339.9550,339.9500,339.9500
1787148422,339.9500,339.9500,339.7800,339.8000
1787148423,339.9250,339.9250,339.9250,339.9250
1787148424,339.9000,339.9300,339.9000,339.9300
1787148426,339.8900,339.8900,339.8900,339.8900
1787148428,339.8500,339.9600,339.8400,339.9600
1787148429,339.9900,340.0000,339.8700,339.8700
1787148430,339.8600,339.9400,339.8500,339.9000
1787148431,339.8700,339.8700,339.8500,339.8500
1787148433,339.8400,339.9100,339.7500,339.8000
1787148434,339.7600,339.8200,339.7400,339.8200
1787148435,339.7400,339.8100,339.7200,339.8100
1787148436,339.7700,339.7700,339.7300,339.7300
1787148438,339.6900,339.7300,339.6500,339.6500
1787148441,339.5900,339.5900,339.5500,339.5500
1787148442,339.5000,339.5000,339.4300,339.4300
1787148443,339.4000,339.4100,339.4000,339.4100
1787148444,339.4500,339.5800,339.4500,339.5800
1787148445,339.5000,339.5800,339.4700,339.4700
1787148447,339.4200,339.4200,339.4200,339.4200
1787148448,339.4250,339.4250,339.4250,339.4250
1787148449,339.4400,339.4550,339.3300,339.3400
1787148452,339.3500,339.3600,339.3500,339.3600
1787148455,339.4900,339.4900,339.4900,339.4900
1787148458,339.5000,339.5100,339.5000,339.5100
1787148459,339.5600,339.5600,339.5600,339.5600
1787148462,339.5200,339.5200,339.4500,339.4500
1787148463,339.4700,339.4700,339.4700,339.4700
1787148464,339.5750,339.5750,339.5750,339.5750
1787148465,339.6400,339.6400,339.6400,339.6400
1787148468,339.5800,339.5800,339.5800,339.5800
1787148469,339.5100,339.5400,339.4300,339.4300
1787148470,339.4900,339.5400,339.4900,339.5400
1787148472,339.5300,339.5300,339.3500,339.3500
1787148473,339.4100,339.5100,339.4000,339.5100
1787148474,339.5800,339.6600,339.5800,339.6350
1787148477,339.4000,339.4000,339.3700,339.3700
1787148478,339.3200,339.3200,339.2200,339.2900
1787148479,339.3000,339.3000,339.3000,339.3000
1787148480,339.3900,339.4800,339.3900,339.4800
1787148481,339.4400,339.4400,339.4200,339.4400
1787148482,339.4400,339.5100,339.4400,339.5100
1787148484,339.5000,339.5000,339.4900,339.4900
1787148485,339.4700,339.5200,339.4700,339.5200
1787148486,339.4400,339.4400,339.4400,339.4400
1787148487,339.3900,339.4300,339.3600,339.4300
1787148488,339.4000,339.4000,339.4000,339.4000
1787148491,339.4500,339.5500,339.4500,339.5300
1787148495,339.5000,339.5350,339.3600,339.3600
1787148497,339.3950,339.4050,339.3950,339.4050
1787148498,339.3950,339.4500,339.3950,339.4500
1787148500,339.4400,339.4900,339.4400,339.4900
1787148501,339.4300,339.6500,339.4300,339.6500
1787148504,339.5800,339.5800,339.5800,339.5800
1787148506,339.6500,339.6500,339.6400,339.6400
1787148508,339.7200,339.7450,339.7200,339.7400
1787148510,339.7200,339.7200,339.6800,339.6800
1787148511,339.7100,339.8300,339.7100,339.8300
1787148513,339.8300,339.8300,339.8300,339.8300
1787148514,339.7950,339.7950,339.7950,339.7950
1787148515,339.7950,339.7950,339.7500,339.7800
1787148516,339.7350,339.7350,339.7350,339.7350
1787148517,339.7600,339.8100,339.7600,339.7900
1787148518,339.7600,339.7600,339.7600,339.7600
1787148520,339.7500,339.8100,339.7500,339.7800
1787148521,339.7900,339.7900,339.7400,339.7400
1787148522,339.6900,339.7000,339.5750,339.5750
1787148524,339.5900,339.5900,339.5000,339.5000
1787148526,339.5200,339.5400,339.5200,339.5400
1787148527,339.5100,339.5100,339.5100,339.5100
1787148528,339.4600,339.4600,339.3400,339.3400
1787148530,339.3900,339.3900,339.3500,339.3500
1787148531,339.2800,339.2800,339.2700,339.2700
1787148532,339.2700,339.2700,339.2600,339.2600
1787148533,339.3400,339.3800,339.3400,339.3700
1787148534,339.2800,339.2800,339.2800,339.2800
1787148535,339.3100,339.3150,339.3100,339.3150
1787148538,339.2600,339.3200,339.2200,339.2900
1787148540,339.3600,339.3600,339.3600,339.3600
1787148541,339.3350,339.3350,339.2900,339.2900
1787148542,339.3700,339.3800,339.3600,339.3600
1787148544,339.3300,339.3300,339.2200,339.2200
1787148545,339.2500,339.2500,339.2200,339.2200
1787148546,339.2300,339.2300,339.2300,339.2300
1787148548,339.2900,339.3300,339.2900,339.3300
1787148549,339.3450,339.3450,339.3450,339.3450
1787148551,339.3900,339.3900,339.3900,339.3900
1787148553,339.4000,339.4000,339.3100,339.3600
1787148555,339.3800,339.4100,339.3800,339.4000
1787148556,339.4200,339.6000,339.4200,339.6000
1787148557,339.6400,339.6400,339.6400,339.6400
1787148558,339.6450,339.7000,339.6450,339.7000
1787148559,339.7200,339.7500,339.7200,339.7500
1787148560,339.7600,339.7600,339.7600,339.7600
1787148561,339.7200,339.7200,339.7150,339.7150
1787148562,339.7500,339.8000,339.7500,339.8000
1787148563,339.8000,339.8050,339.8000,339.8050
1787148565,339.7800,339.7800,339.7200,339.7200
1787148570,339.6500,339.6500,339.6500,339.6500
1787148571,339.6400,339.6400,339.6200,339.6200
1787148573,339.6500,339.6700,339.6500,339.6700
1787148576,339.6800,339.6800,339.6100,339.6400
1787148577,339.6000,339.6000,339.5600,339.5700
1787148578,339.5500,339.6700,339.5200,339.6400
1787148579,339.6800,339.6800,339.6800,339.6800
1787148581,339.7300,339.7500,339.7300,339.7500
1787148582,339.7500,339.7500,339.6900,339.6900
1787148583,339.6200,339.6400,339.6200,339.6400
1787148584,339.7000,339.7100,339.6800,339.6800
1787148585,339.6600,339.6600,339.5800,339.5800
1787148586,339.5900,339.6100,339.5500,339.5500
1787148587,339.5700,339.6200,339.5700,339.6200
1787148588,339.5900,339.5900,339.5900,339.5900
1787148590,339.5600,339.5600,339.5600,339.5600
1787148591,339.5500,339.5500,339.5500,339.5500
1787148592,339.5200,339.6500,339.4900,339.6500
1787148593,339.6600,339.6600,339.6600,339.6600
1787148594,339.6400,339.6400,339.6000,339.6100
1787148595,339.5800,339.5900,339.5800,339.5800
1787148597,339.5800,339.5800,339.5800,339.5800
1787148598,339.6100,339.6200,339.5400,339.5400
1787148599,339.5800,339.5800,339.5400,339.5400
1787148600,339.5700,339.5700,339.5700,339.5700
1787148601,339.5000,339.5000,339.3700,339.4000
1787148602,339.3700,339.4100,339.3400,339.4100
1787148603,339.4000,339.4000,339.3500,339.3750
1787148604,339.3800,339.3800,339.3800,339.3800
1787148605,339.4500,339.4700,339.4500,339.4700
1787148606,339.4500,339.4500,339.3400,339.3400
1787148607,339.4500,339.5200,339.4500,339.4650
1787148608,339.4100,339.4450,339.3800,339.3800
1787148609,339.3400,339.3400,339.2800,339.2800
1787148611,339.3300,339.3300,339.2900,339.2900
1787148614,339.2600,339.2600,339.2500,339.2500
1787148615,339.2300,339.2300,339.1800,339.1800
1787148616,339.2100,339.2500,339.2100,339.2100
1787148617,339.1800,339.1800,339.0900,339.0900
1787148618,339.0700,339.0700,338.9800,339.0200
1787148619,339.0300,339.0300,338.9800,338.9800
1787148620,339.0100,339.0100,339.0100,339.0100
1787148621,338.9950,339.0300,338.9950,339.0300
1787148622,338.9800,339.0200,338.9700,339.0000
1787148623,338.9800,338.9800,338.9100,338.9100
1787148624,338.9150,339.0000,338.9150,339.0000
1787148625,338.9700,338.9700,338.8700,338.9200
1787148626,338.8800,338.8800,338.8500,338.8500
1787148627,338.8750,338.9100,338.8750,338.9100
1787148628,338.8600,338.8600,338.8300,338.8400
1787148629,338.8200,338.8200,338.7900,338.8200
1787148630,338.7900,339.0000,338.7200,339.0000
1787148631,338.9500,338.9500,338.8800,338.9100
1787148632,338.8600,338.8600,338.8600,338.8600
1787148633,338.8200,338.8200,338.8100,338.8100
1787148634,338.8000,338.8400,338.8000,338.8400
1787148635,338.8100,338.8100,338.6650,338.7500
1787148636,338.7100,338.7100,338.7100,338.7100
1787148638,338.7400,338.7500,338.6400,338.6400
1787148640,338.6300,338.6300,338.5500,338.6300
1787148641,338.5950,338.5950,338.5900,338.5950
1787148642,338.5950,338.6500,338.5950,338.6500
1787148644,338.6600,338.7000,338.6600,338.6900
1787148646,338.6700,338.6700,338.6000,338.6000
1787148647,338.6000,338.6200,338.5600,338.5900
1787148648,338.6000,338.6000,338.5850,338.5850
1787148649,338.5900,338.6600,338.5900,338.6400
1787148650,338.6400,338.6400,338.6400,338.6400
1787148652,338.6200,338.6800,338.6200,338.6800
1787148654,338.6700,338.7300,338.6700,338.7300
1787148656,338.6900,338.6900,338.6900,338.6900
1787148657,338.7000,338.7500,338.7000,338.7200
1787148658,338.7100,338.7100,338.6500,338.6600
1787148659,338.6900,338.6900,338.6300,338.6300
1787148660,338.5400,338.5400,338.5200,338.5400
1787148661,338.6000,338.6300,338.6000,338.6300
1787148663,338.6600,338.7000,338.6600,338.7000
1787148664,338.7200,338.7200,338.6800,338.6800
1787148665,338.7000,338.7000,338.7000,338.7000
1787148666,338.6900,338.6900,338.6800,338.6800
1787148667,338.6850,338.6850,338.6000,338.6000
1787148668,338.6050,338.6050,338.6050,338.6050
1787148670,338.5500,338.5600,338.3500,338.3550
1787148671,338.3400,338.3900,338.3300,338.3300
1787148672,338.3100,338.4100,338.3000,338.4100
1787148673,338.3900,338.4000,338.3550,338.3550
1787148674,338.2800,338.2800,338.2000,338.2000
1787148675,338.2500,338.2600,338.2400,338.2400
1787148676,338.2100,338.2100,338.2100,338.2100
1787148677,338.2600,338.2800,338.2400,338.2800
1787148679,338.3000,338.3000,338.3000,338.3000
1787148680,338.3000,338.3300,338.3000,338.3000
1787148681,338.3300,338.3300,338.3300,338.3300
1787148682,338.2600,338.2600,338.2300,338.2300
1787148683,338.2100,338.2100,338.1600,338.1600
1787148684,338.1500,338.1600,338.1500,338.1600
1787148685,338.1000,338.1000,338.0600,338.0700
1787148686,338.1000,338.1000,338.0600,338.0600
1787148687,338.0800,338.0800,337.9600,337.9900
1787148690,338.0100,338.0800,338.0100,338.0800
1787148691,338.0900,338.2400,338.0900,338.2400
1787148692,338.2100,338.2100,338.1600,338.1600
1787148693,338.1200,338.1200,338.1200,338.1200
1787148694,338.0900,338.1000,337.9200,337.9500
1787148695,337.9200,337.9500,337.9200,337.9500
1787148696,337.9500,338.0000,337.9500,338.0000
1787148697,338.0000,338.0000,337.9900,337.9900
1787148698,337.9400,337.9400,337.9200,337.9200
1787148699,337.9400,337.9400,337.9400,337.9400
1787148700,337.9500,337.9700,337.8000,337.8600
1787148702,337.8800,337.8800,337.8800,337.8800
1787148705,337.9000,337.9000,337.9000,337.9000
1787148706,337.8600,337.8600,337.6100,337.6600
1787148707,337.7000,337.7000,337.7000,337.7000
1787148708,337.6750,337.7600,337.6750,337.7150
1787148709,337.7050,337.7050,337.7000,337.7000
1787148710,337.6500,337.7800,337.6200,337.7800
1787148711,337.8000,337.8000,337.7200,337.7200
1787148712,337.7000,337.7000,337.7000,337.7000
1787148713,337.7000,337.7000,337.5700,337.5700
1787148714,337.5900,337.6300,337.5900,337.6100
1787148715,337.6100,337.6400,337.6100,337.6400
1787148716,337.5400,337.5700,337.5400,337.5700
1787148719,337.5300,337.6000,337.5300,337.5850
1787148720,337.5850,337.6200,337.5550,337.5550
1787148721,337.5800,337.5800,337.5400,337.5450
1787148722,337.5500,337.6400,337.5500,337.6400
1787148723,337.7100,337.7600,337.7100,337.7600
1787148724,337.7400,337.7500,337.6300,337.6300
1787148725,337.6700,337.7050,337.6700,337.7050
1787148726,337.7500,337.7500,337.7100,337.7300
1787148727,337.7900,337.8900,337.7900,337.8900
1787148728,337.8900,337.8900,337.8900,337.8900
1787148729,337.9400,338.0000,337.8700,337.9000
1787148730,337.9000,338.0300,337.9000,338.0100
1787148731,338.0500,338.0500,338.0500,338.0500
1787148732,338.0100,338.0100,337.9700,337.9700
1787148733,338.0000,338.0000,337.9900,337.9900
1787148734,337.9850,337.9850,337.9850,337.9850
1787148735,338.0400,338.1400,338.0400,338.1400
1787148737,338.0800,338.0800,338.0300,338.0400
1787148738,338.0500,338.0500,338.0400,338.0400
1787148739,337.9700,338.0500,337.9500,338.0500
1787148740,338.0550,338.0700,338.0550,338.0700
1787148741,338.0800,338.0800,338.0800,338.0800
1787148742,338.1300,338.1500,338.1100,338.1200
1787148743,338.0000,338.0000,338.0000,338.0000
1787148745,337.9700,337.9700,337.9700,337.9700
1787148747,337.9400,337.9400,337.9200,337.9200
1787148748,337.8800,337.8800,337.8700,337.8700
1787148749,337.8400,337.8600,337.8100,337.8600
1787148750,337.8300,337.9200,337.8300,337.9200
1787148751,337.9050,337.9100,337.9050,337.9100
1787148752,337.9000,337.9000,337.8800,337.8800
1787148753,337.9600,338.0200,337.9600,338.0200
1787148754,338.0100,338.0100,338.0100,338.0100
1787148755,338.0400,338.2000,338.0400,338.1000
1787148756,338.1200,338.1200,338.1200,338.1200
1787148757,338.0900,338.0900,338.0900,338.0900
1787148759,338.0600,338.1300,338.0600,338.1300
1787148760,338.1500,338.3100,338.1500,338.3100
1787148761,338.3400,338.3400,338.3300,338.3300
1787148762,338.4000,338.4000,338.4000,338.4000
1787148763,338.3900,338.3900,338.3900,338.3900
1787148765,338.4000,338.4000,338.3600,338.3850
1787148767,338.4200,338.4400,338.2700,338.2700
1787148768,338.2800,338.2800,338.2800,338.2800
1787148769,338.3100,338.3200,338.2800,338.2800
1787148772,338.2700,338.2800,338.2600,338.2600
1787148775,338.2000,338.2600,338.2000,338.2600
1787148776,338.2600,338.2600,338.2600,338.2600
1787148778,338.3000,338.3000,338.3000,338.3000
1787148780,338.3000,338.4900,338.3000,338.4300
1787148782,338.4600,338.5200,338.4600,338.5200
1787148783,338.5300,338.5300,338.3800,338.3800
1787148784,338.3800,338.3800,338.3400,338.3400
1787148785,338.4000,338.4300,338.3900,338.4300
1787148786,338.4500,338.4500,338.3500,338.3500
1787148789,338.3000,338.3000,338.2400,338.2400
1787148791,338.2900,338.2900,338.1700,338.1700
1787148792,338.1700,338.2400,338.1700,338.2100
1787148793,338.2000,338.2000,338.2000,338.2000
1787148794,338.1800,338.1800,338.1800,338.1800
1787148797,338.2000,338.2400,338.2000,338.2350
1787148800,338.2700,338.3100,338.2100,338.2900
1787148801,338.3100,338.3600,338.3100,338.3600
1787148802,338.3400,338.3400,338.2900,338.2900
1787148803,338.2900,338.2900,338.2900,338.2900
1787148805,338.3000,338.3400,338.3000,338.3400
1787148806,338.2800,338.2800,338.2600,338.2600
1787148807,338.2600,338.3200,338.2400,338.3200
1787148808,338.3200,338.3200,338.3200,338.3200
1787148809,338.3300,338.3300,338.3300,338.3300
1787148810,338.3300,338.4500,338.3300,338.4500
1787148812,338.4500,338.5000,338.4500,338.5000
1787148813,338.5000,338.5000,338.3100,338.3900
1787148814,338.4000,338.4200,338.4000,338.4200
1787148815,338.4000,338.4000,338.4000,338.4000
1787148819,338.3900,338.4000,338.3900,338.4000
1787148820,338.4000,338.4400,338.4000,338.4400
1787148824,338.4500,338.4600,338.4500,338.4600
1787148825,338.4600,338.4700,338.4350,338.4450
1787148826,338.5100,338.6700,338.5100,338.6100
1787148828,338.6300,338.6400,338.6300,338.6400
1787148829,338.6000,338.6000,338.5900,338.5900
1787148830,338.5900,338.6000,338.5900,338.6000
1787148832,338.5800,338.6100,338.5800,338.6100
1787148833,338.6100,338.6100,338.6100,338.6100
1787148834,338.6200,338.6500,338.6200,338.6500
1787148835,338.6900,338.6900,338.6900,338.6900
1787148836,338.6450,338.7500,338.6450,338.7500
1787148837,338.7400,338.7500,338.7400,338.7500
1787148838,338.7800,338.8700,338.7800,338.8700
1787148839,338.8700,338.9400,338.8700,338.9400
1787148842,338.8900,338.9000,338.6000,338.6000
1787148843,338.5600,338.5600,338.4100,338.4100
1787148844,338.4100,338.4450,338.3000,338.3000
1787148846,338.2600,338.2600,338.2600,338.2600
1787148847,338.2600,338.2600,338.2600,338.2600
1787148848,338.3400,338.3600,338.3400,338.3400
1787148851,338.3050,338.3050,338.2950,338.2950
1787148852,338.2500,338.3100,338.2400,338.3100
1787148853,338.3600,338.3600,338.2600,338.2600
1787148854,338.2600,338.2600,338.2000,338.2100
1787148855,338.2100,338.2100,338.2100,338.2100
1787148856,338.1600,338.1600,338.1500,338.1500
1787148857,338.1800,338.2300,338.1600,338.1800
1787148858,338.1900,338.2800,338.1900,338.2800
1787148859,338.3000,338.3200,338.3000,338.3200
1787148862,338.3400,338.4750,338.3400,338.4750
1787148863,338.4400,338.4400,338.3700,338.3800
1787148864,338.3800,338.3800,338.3800,338.3800
1787148865,338.3900,338.4300,338.3900,338.4300
1787148866,338.4000,338.4000,338.4000,338.4000
1787148867,338.5000,338.5000,338.5000,338.5000
1787148868,338.4000,338.4000,338.4000,338.4000
1787148869,338.3600,338.3600,338.0900,338.1000
1787148872,338.1300,338.1500,338.1300,338.1400
1787148873,338.2250,338.2250,338.2250,338.2250
1787148874,338.2700,338.2900,338.2700,338.2900
1787148876,338.2600,338.2600,338.2600,338.2600
1787148877,338.2500,338.2500,338.2500,338.2500
1787148882,338.3300,338.3400,338.3300,338.3400
1787148883,338.4000,338.4000,338.4000,338.4000
1787148886,338.3700,338.3700,338.3700,338.3700
1787148887,338.3600,338.3600,338.3600,338.3600
1787148888,338.2900,338.2900,338.2800,338.2800
1787148889,338.2300,338.2600,338.2300,338.2600
1787148892,338.2100,338.2100,338.2000,338.2000
1787148893,338.2300,338.2600,338.2300,338.2600
1787148894,338.3000,338.3100,338.3000,338.3100
1787148895,338.3100,338.3100,338.3100,338.3100
1787148896,338.2800,338.2800,338.2700,338.2700
1787148897,338.3000,338.3400,338.3000,338.3400
1787148898,338.3000,338.3000,338.2900,338.2900
1787148899,338.2600,338.2600,338.2500,338.2500
1787148900,338.1700,338.1700,338.1300,338.1300
1787148901,338.1200,338.1800,338.1000,338.1000
1787148902,338.0900,338.0900,338.0200,338.0700
1787148903,338.0900,338.0900,338.0800,338.0800
1787148904,338.0800,338.1350,338.0800,338.0950
1787148906,338.1800,338.1800,338.1800,338.1800
1787148907,338.1300,338.1300,338.1300,338.1300
1787148908,338.1300,338.1650,338.1300,338.1650
1787148909,338.1650,338.1650,338.1650,338.1650
1787148910,338.1300,338.3000,338.1000,338.3000
1787148911,338.2700,338.2700,338.2700,338.2700
1787148913,338.2600,338.2600,338.2200,338.2200
1787148914,338.1550,338.2300,338.1550,338.2300
1787148915,338.1900,338.1900,338.1900,338.1900
1787148916,338.2300,338.2750,338.2300,338.2750
1787148917,338.2400,338.2400,338.2400,338.2400
1787148918,338.2200,338.2200,338.2200,338.2200
1787148919,338.2200,338.2200,338.2200,338.2200
1787148920,338.2000,338.2000,338.1600,338.1800
1787148921,338.2000,338.2050,338.2000,338.2050
1787148922,338.1800,338.2100,338.1000,338.1800
1787148923,338.2400,338.2600,338.1700,338.2600
1787148924,338.2600,338.2700,338.2000,338.2600
1787148926,338.2900,338.4000,338.2900,338.4000
1787148927,338.3150,338.3150,338.3150,338.3150
1787148928,338.2500,338.2500,338.2500,338.2500
1787148929,338.2600,338.2600,338.2600,338.2600
1787148930,338.2750,338.2750,338.2750,338.2750
1787148931,338.3200,338.3600,338.3200,338.3600
1787148932,338.3100,338.3100,338.3100,338.3100
1787148933,338.2900,338.3700,338.2900,338.3700
1787148934,338.4300,338.4400,338.4300,338.4400
1787148935,338.3950,338.3950,338.3950,338.3950
1787148938,338.4400,338.4500,338.4400,338.4500
1787148939,338.4500,338.4500,338.4500,338.4500
1787148940,338.4700,338.4700,338.4700,338.4700
1787148941,338.4800,338.4800,338.4000,338.4000
1787148942,338.4050,338.4500,338.4050,338.4500
1787148943,338.4900,338.5500,338.4900,338.5500
1787148944,338.4800,338.5300,338.4700,338.5300
1787148945,338.5500,338.5500,338.5500,338.5500
1787148946,338.5500,338.5500,338.5500,338.5500
1787148947,338.5500,338.5500,338.5400,338.5400
1787148948,338.5500,338.5500,338.5500,338.5500
1787148949,338.5500,338.6100,338.5500,338.6000
1787148951,338.6300,338.6300,338.6300,338.6300
1787148953,338.6500,338.6700,338.6450,338.6450
1787148954,338.6800,338.6900,338.6800,338.6900
1787148958,338.7000,338.7000,338.7000,338.7000
1787148959,338.7900,338.8100,338.7600,338.7700
1787148960,338.7500,338.7500,338.7300,338.7300
1787148961,338.8500,338.8600,338.8500,338.8600
1787148962,338.8200,338.8400,338.8200,338.8400
1787148964,338.8300,338.9200,338.8300,338.8900
1787148966,338.9600,339.1500,338.9600,339.1300
1787148970,339.1200,339.1200,339.1200,339.1200
1787148971,339.1300,339.1400,339.1000,339.1000
1787148972,339.0500,339.0500,338.9900,338.9900
1787148973,339.0300,339.0900,339.0300,339.0500
1787148974,339.0500,339.0500,339.0500,339.0500
1787148975,339.0800,339.1150,339.0800,339.1150
1787148976,339.1000,339.1000,339.0600,339.0600
1787148977,339.0300,339.0300,338.9900,338.9900
1787148978,338.9700,338.9950,338.9700,338.9950
1787148979,339.0100,339.0200,338.8200,338.8200
1787148980,338.7600,338.7600,338.7600,338.7600
1787148981,338.7950,338.8500,338.7950,338.8500
1787148982,338.7600,338.7600,338.7600,338.7600
1787148985,338.8800,338.8900,338.8800,338.8900
1787148987,338.9300,338.9300,338.9300,338.9300
1787148988,338.9600,338.9600,338.9600,338.9600
1787148989,338.9800,339.0100,338.9700,338.9700
1787148990,338.9900,338.9900,338.9900,338.9900
1787148992,339.0300,339.1200,339.0300,339.0800
1787148993,339.0900,339.0900,339.0900,339.0900
1787148994,339.0500,339.1000,339.0500,339.0700
1787148995,339.0500,339.0500,338.8800,338.8800
1787148997,339.0500,339.1100,339.0500,339.1100
1787148998,339.1000,339.2800,339.1000,339.2200
1787148999,339.1800,339.1800,339.1800,339.1800
1787149000,339.2200,339.2200,339.2200,339.2200
1787149001,339.2700,339.2700,339.2700,339.2700
1787149002,339.2500,339.4000,339.2500,339.3800
1787149003,339.3650,339.3650,339.3650,339.3650
1787149004,339.3600,339.3600,339.3300,339.3300
1787149005,339.3400,339.3400,339.3100,339.3100
1787149006,339.4000,339.4000,339.3400,339.3400
1787149007,339.3750,339.4100,339.3750,339.4100
1787149008,339.3700,339.3700,339.3050,339.3050
1787149009,339.2000,339.2000,339.1900,339.1900
1787149010,339.2700,339.2700,339.2700,339.2700
1787149011,339.2700,339.2800,339.2700,339.2800
1787149013,339.2650,339.2650,339.2650,339.2650
1787149014,339.2300,339.2300,339.2300,339.2300
1787149015,339.3000,339.3100,339.3000,339.3100
1787149016,339.3000,339.3300,339.3000,339.3200
1787149017,339.3600,339.3600,339.3500,339.3500
1787149018,339.4000,339.5700,339.4000,339.5700
1787149019,339.6000,339.6500,339.6000,339.6500
1787149020,339.6350,339.6500,339.6300,339.6500
1787149021,339.6800,339.6900,339.6800,339.6900
1787149022,339.6800,339.6800,339.6400,339.6600
1787149023,339.7400,339.8200,339.7400,339.7900
1787149024,339.7700,339.7850,339.7600,339.7850
1787149026,339.7900,339.7900,339.7900,339.7900
1787149027,339.7500,339.8400,339.7500,339.7500
1787149028,339.7550,339.8100,339.7550,339.8100
1787149029,339.8300,339.9400,339.8300,339.9400
1787149030,339.8900,339.8900,339.8650,339.8650
1787149031,339.8600,339.9100,339.8600,339.9100
1787149033,339.9100,340.0200,339.9100,339.9600
1787149034,339.9350,339.9350,339.9350,339.9350
1787149035,339.9400,339.9800,339.9400,339.9400
1787149036,340.0000,340.0500,339.9200,339.9500
1787149037,339.9300,339.9300,339.8400,339.8400
1787149038,339.8950,339.8950,339.8950,339.8950
1787149039,339.9400,339.9400,339.9200,339.9200
1787149042,339.9100,339.9100,339.8700,339.8700
1787149043,339.8700,339.9000,339.8700,339.9000
1787149044,339.9300,340.0000,339.9300,340.0000
1787149045,339.9900,339.9900,339.9900,339.9900
1787149047,340.0050,340.0050,340.0050,340.0050
1787149048,339.9900,339.9900,339.9300,339.9300
1787149049,339.9800,340.0100,339.9800,339.9900
1787149052,339.9300,339.9300,339.8400,339.8700
1787149053,339.9200,339.9500,339.9200,339.9400
1787149055,339.9000,339.9000,339.8900,339.8900
1787149056,339.8500,339.8500,339.8000,339.8000
1787149057,339.8200,339.8300,339.8200,339.8300
1787149058,339.7800,339.7800,339.6000,339.7100
1787149059,339.7200,339.7200,339.7200,339.7200
1787149060,339.7600,339.7600,339.7300,339.7300
1787149061,339.7200,339.7400,339.6600,339.6600
1787149062,339.6900,339.7200,339.6900,339.7200
1787149064,339.7900,339.7900,339.7900,339.7900
1787149065,339.8100,339.9400,339.8100,339.9400
1787149067,339.9100,339.9100,339.9100,339.9100
1787149068,339.9700,340.1000,339.9700,339.9800
1787149070,339.9200,339.9200,339.9200,339.9200
1787149072,339.9000,339.9000,339.8600,339.8600
1787149073,339.8900,339.8900,339.8400,339.8900
1787149075,339.7500,339.7500,339.7500,339.7500
1787149078,339.8900,339.8900,339.8200,339.8200
1787149079,339.9100,340.0200,339.9100,340.0200
1787149080,340.0100,340.0600,340.0100,340.0600
1787149081,340.1000,340.1000,339.8000,339.8000
1787149082,339.7800,339.8400,339.7800,339.8400
1787149084,339.8000,339.8000,339.8000,339.8000
1787149085,339.7800,339.7800,339.7400,339.7400
1787149086,339.7400,339.7400,339.7350,339.7400
1787149087,339.8000,339.8000,339.8000,339.8000
1787149088,339.8100,339.8100,339.8000,339.8000
1787149089,339.7800,339.7800,339.7400,339.7400
1787149090,339.7000,339.7000,339.6600,339.6700
1787149091,339.6500,339.7100,339.6300,339.7100
1787149093,339.7400,339.7400,339.7400,339.7400
1787149094,339.7200,339.7200,339.6200,339.6200
1787149095,339.6250,339.7000,339.6250,339.7000
1787149096,339.7000,339.7000,339.7000,339.7000
1787149098,339.7700,339.8600,339.7700,339.8600
1787149099,339.8900,339.9200,339.8900,339.9100
1787149100,339.9800,340.0000,339.9800,340.0000
1787149101,339.9850,339.9850,339.9850,339.9850
1787149102,340.0500,340.0500,340.0500,340.0500
1787149104,340.0000,340.0050,339.9800,340.0050
1787149107,339.9700,339.9700,339.9400,339.9500
1787149108,339.9200,339.9200,339.9200,339.9200
1787149109,339.9150,340.0000,339.9150,340.0000
1787149113,340.0200,340.0400,340.0000,340.0000
1787149115,340.0650,340.0650,340.0650,340.0650
1787149116,340.0300,340.0300,340.0100,340.0100
1787149117,340.0300,340.1300,340.0300,340.1100
1787149118,340.1200,340.2500,340.1200,340.2300
1787149121,340.2400,340.2400,340.2400,340.2400
1787149123,340.2400,340.3000,340.2400,340.3000
1787149124,340.2800,340.2800,340.0600,340.0600
1787149126,340.0400,340.0400,340.0000,340.0300
1787149128,340.0600,340.1600,340.0600,340.1600
1787149129,340.1400,340.1400,340.1300,340.1300
1787149130,340.2100,340.2400,340.2100,340.2400
1787149131,340.2000,340.2100,340.1700,340.2100
1787149132,340.2200,340.2200,340.2200,340.2200
1787149133,340.2000,340.2000,340.2000,340.2000
1787149134,340.1900,340.1900,340.1100,340.1100
1787149135,340.1000,340.1000,340.1000,340.1000
1787149137,340.1300,340.1400,340.1300,340.1400
1787149138,340.0800,340.0800,340.0600,340.0600
1787149140,340.0400,340.0800,340.0400,340.0800
1787149141,340.1000,340.1000,340.1000,340.1000
1787149142,340.0500,340.0500,339.9900,339.9900
1787149143,340.0000,340.0000,340.0000,340.0000
1787149144,340.0100,340.0300,339.9500,340.0300
1787149145,340.0600,340.0800,340.0500,340.0500
1787149146,340.0400,340.0900,340.0400,340.0900
1787149148,340.0900,340.1000,340.0900,340.1000
1787149149,340.1100,340.1100,340.1000,340.1000
1787149151,340.0600,340.0800,340.0600,340.0800
1787149152,340.0800,340.1100,340.0800,340.1100
1787149154,340.1400,340.2000,340.1400,340.2000
1787149156,340.1900,340.2000,340.1900,340.2000
1787149157,340.2400,340.2500,340.1550,340.1550
1787149158,340.1550,340.1550,340.1200,340.1200
1787149160,340.1700,340.1900,340.1700,340.1900
1787149162,340.1950,340.1950,340.0200,340.0200
1787149163,340.0200,340.0200,339.9800,339.9800
1787149164,339.9000,339.9000,339.8700,339.8800
1787149167,339.8600,339.8600,339.8600,339.8600
1787149168,339.8500,339.8500,339.8500,339.8500
1787149169,339.8900,339.9100,339.8700,339.8700
1787149170,339.9000,339.9500,339.9000,339.9500
1787149171,339.9800,339.9800,339.9800,339.9800
1787149172,339.9400,339.9400,339.9200,339.9200
1787149173,339.9200,339.9300,339.9200,339.9300
1787149175,340.0000,340.0300,340.0000,340.0300
1787149176,339.9700,339.9700,339.9700,339.9700
1787149177,340.0000,340.0000,340.0000,340.0000
1787149178,340.0000,340.1000,340.0000,340.1000
1787149179,340.1000,340.1000,340.0900,340.0900
1787149182,340.0700,340.0900,340.0700,340.0900
1787149183,340.1200,340.1200,340.1200,340.1200
1787149184,340.1500,340.2500,340.1500,340.2500
1787149185,340.2800,340.3300,340.2800,340.2800
1787149186,340.2400,340.2400,340.2400,340.2400
1787149188,340.2000,340.2000,340.2000,340.2000
1787149189,340.1900,340.1900,340.1600,340.1600
1787149190,340.1900,340.2200,340.1800,340.1900
1787149192,340.1600,340.1600,340.1100,340.1500
1787149193,340.1400,340.1400,340.1400,340.1400
1787149194,340.1700,340.2000,340.1700,340.2000
1787149195,340.2700,340.2800,340.2700,340.2800
1787149196,340.2900,340.3300,340.2900,340.3300
1787149198,340.2500,340.2500,340.2000,340.2300
1787149199,340.2000,340.2000,340.1500,340.1500
1787149200,340.1200,340.1200,340.0400,340.0400
1787149201,340.0200,340.0300,340.0000,340.0300
1787149202,340.0900,340.0900,340.0900,340.0900
1787149203,340.1500,340.1500,340.1500,340.1500
1787149204,340.1200,340.1200,340.0000,340.0000
1787149206,340.0850,340.0850,340.0850,340.0850
1787149207,340.0500,340.0500,340.0300,340.0300
1787149208,340.0900,340.0900,340.0900,340.0900
1787149209,340.0900,340.0900,340.0600,340.0600
1787149211,340.1200,340.1200,340.1200,340.1200
1787149212,340.1700,340.1800,340.1700,340.1800
1787149213,340.1700,340.2200,340.1700,340.2200
1787149214,340.2200,340.4700,340.2200,340.4600
1787149215,340.4400,340.4400,340.4100,340.4100
1787149216,340.3500,340.4400,340.3300,340.4400
1787149217,340.4400,340.5000,340.4400,340.4700
1787149218,340.4800,340.4800,340.4500,340.4500
1787149220,340.5000,340.5000,340.4500,340.4500
1787149221,340.4900,340.5300,340.4900,340.5300
1787149222,340.5400,340.5400,340.4400,340.4400
1787149223,340.5500,340.6900,340.5500,340.6900
1787149224,340.6900,340.7000,340.6300,340.6300
1787149225,340.5550,340.5550,340.5550,340.5550
1787149227,340.5300,340.5600,340.5300,340.5600
1787149228,340.5800,340.6300,340.5800,340.6300
1787149229,340.6400,340.6400,340.6300,340.6300
1787149230,340.6300,340.6300,340.6300,340.6300
1787149231,340.6600,340.6700,340.6600,340.6700
1787149232,340.6100,340.6100,340.5500,340.6000
1787149234,340.5700,340.5700,340.4600,340.4700
1787149235,340.4500,340.4500,340.3400,340.3400
1787149236,340.3400,340.3600,340.3400,340.3600
1787149237,340.3200,340.3200,340.2700,340.2700
1787149238,340.2800,340.2800,340.2800,340.2800
1787149239,340.2300,340.2400,340.2100,340.2400
1787149240,340.2400,340.2500,340.2400,340.2500
1787149241,340.2600,340.3600,340.2600,340.3400
1787149242,340.3400,340.3900,340.3400,340.3900
1787149244,340.3900,340.3900,340.3900,340.3900
1787149245,340.3700,340.3700,340.3300,340.3300
1787149246,340.3300,340.3500,340.3100,340.3500
1787149247,340.3100,340.3450,340.3100,340.3450
1787149248,340.3400,340.4000,340.3400,340.3800
1787149249,340.3700,340.3700,340.3500,340.3500
1787149251,340.3200,340.3400,340.3200,340.3400
1787149252,340.3100,340.3100,339.8700,339.9450
1787149253,339.9400,340.0400,339.9300,339.9800
1787149255,339.9800,339.9800,339.9700,339.9700
1787149256,339.9600,339.9600,339.9600,339.9600
1787149257,339.9950,339.9950,339.9950,339.9950
1787149258,339.9950,340.0000,339.9950,340.0000
1787149259,339.9800,339.9800,339.7900,339.7900
1787149260,339.8000,339.9000,339.7800,339.9000
1787149261,339.8500,339.8900,339.8500,339.8500
1787149262,339.8200,339.8200,339.6500,339.6800
1787149263,339.6700,339.7000,339.6300,339.6300
1787149264,339.7000,339.7500,339.6950,339.6950
1787149266,339.6600,339.8000,339.6400,339.8000
1787149268,339.8000,339.8000,339.8000,339.8000
1787149269,339.8100,339.8600,339.8100,339.8600
1787149270,339.8900,339.8900,339.8900,339.8900
1787149272,339.8900,339.8900,339.8100,339.8100
1787149273,339.8000,339.8300,339.8000,339.8300
1787149275,339.8100,339.8100,339.8100,339.8100
1787149278,339.8200,339.8200,339.7500,339.7500
1787149279,339.7300,339.7300,339.7300,339.7300
1787149280,339.7100,339.8500,339.7000,339.8500
1787149281,339.8100,339.8100,339.8000,339.8000
1787149282,339.7500,339.7500,339.7400,339.7400
1787149283,339.7600,339.7600,339.7600,339.7600
1787149284,339.7200,339.7200,339.6100,339.6100
1787149285,339.6000,339.6100,339.6000,339.6100
1787149286,339.5850,339.5850,339.5850,339.5850
1787149288,339.6500,339.6500,339.6500,339.6500
1787149289,339.6400,339.6400,339.4200,339.4200
1787149290,339.3700,339.4700,339.3600,339.4700
1787149291,339.3900,339.4300,339.3700,339.3700
1787149292,339.3500,339.3500,339.3200,339.3200
1787149294,339.2800,339.2800,339.2000,339.2200
1787149295,339.2600,339.3500,339.2600,339.3400
1787149296,339.3700,339.3700,339.3700,339.3700
1787149297,339.3700,339.3800,339.3700,339.3800
1787149299,339.3100,339.3100,339.1400,339.1700
1787149300,339.1800,339.1900,338.9700,339.0300
1787149301,339.1300,339.1350,339.1300,339.1350
1787149302,339.0600,339.0600,339.0600,339.0600
1787149303,339.0500,339.1300,339.0500,339.1300
1787149304,339.1400,339.1400,339.1000,339.1000
1787149305,339.1000,339.1000,339.0600,339.0600
1787149306,339.1200,339.1500,339.1200,339.1500
1787149307,339.1700,339.3000,339.1700,339.3000
1787149308,339.2900,339.2900,339.2900,339.2900
1787149309,339.3050,339.3100,339.3050,339.3100
1787149311,339.2800,339.3700,339.2600,339.3700
1787149312,339.3300,339.3300,339.1700,339.1700
1787149314,339.1500,339.1900,339.1500,339.1750
1787149315,339.2200,339.2200,339.2200,339.2200
1787149316,339.1900,339.1900,339.1600,339.1600
1787149317,339.1300,339.1300,339.1300,339.1300
1787149318,339.1000,339.1000,339.0800,339.0800
1787149319,339.0300,339.0600,338.9700,339.0600
1787149321,339.0200,339.0200,339.0100,339.0100
1787149322,339.0500,339.0800,339.0300,339.0300
1787149323,339.0400,339.0450,339.0000,339.0000
1787149324,338.9600,338.9600,338.9300,338.9300
1787149325,338.9300,338.9400,338.9250,338.9400
1787149326,339.0000,339.0200,338.9300,338.9300
1787149327,338.9100,338.9100,338.8400,338.8400
1787149328,338.8300,338.8300,338.7500,338.7700
1787149329,338.8000,338.8500,338.8000,338.8500
1787149330,338.7600,338.7600,338.6700,338.6700
1787149331,338.6450,338.6450,338.6450,338.6450
1787149332,338.6800,338.6800,338.5900,338.5900
1787149333,338.6200,338.6700,338.6200,338.6700
1787149334,338.6300,338.6300,338.6300,338.6300
1787149335,338.5500,338.5600,338.5500,338.5600
1787149336,338.6200,338.6900,338.6200,338.6900
1787149337,338.6800,338.6800,338.6800,338.6800
1787149338,338.6900,338.7100,338.6900,338.7050
1787149341,338.6500,338.6500,338.6200,338.6200
1787149342,338.5600,338.8500,338.4500,338.4900
1787149343,338.5200,338.5200,338.5200,338.5200
1787149344,338.4700,338.4700,338.4700,338.4700
1787149345,338.4100,338.4100,338.3200,338.3300
1787149346,338.3800,338.4000,338.3800,338.3950
1787149347,338.3500,338.3700,338.3150,338.3150
1787149348,338.3200,338.3300,338.3200,338.3300
1787149349,338.4000,338.4100,338.4000,338.4100
1787149350,338.4200,338.5000,338.4200,338.4950
1787149351,338.5600,338.6800,338.5600,338.6500
1787149352,338.7000,338.7100,338.7000,338.7100
1787149353,338.7000,338.7000,338.7000,338.7000
1787149354,338.6600,338.7400,338.6200,338.7400
1787149355,338.7300,338.7400,338.7300,338.7400
1787149356,338.7400,338.7400,338.7400,338.7400
1787149357,338.7700,338.9800,338.7700,338.8000
1787149359,338.7900,338.8800,338.7900,338.8800
1787149360,338.8900,338.8900,338.8900,338.8900
1787149362,338.9400,338.9400,338.9000,338.9000
1787149363,338.9600,338.9800,338.9500,338.9800
1787149364,338.9100,338.9100,338.8900,338.9000
1787149365,338.9100,338.9200,338.8300,338.8300
1787149366,338.8000,338.8500,338.7900,338.8500
1787149367,338.6900,338.6900,338.6900,338.6900
1787149368,338.6700,338.6700,338.6000,338.6000
1787149369,338.5100,338.5100,338.5000,338.5000
1787149370,338.5100,338.5100,338.4600,338.4600
1787149371,338.4200,338.5200,338.4200,338.4600
1787149372,338.5200,338.5950,338.5200,338.5950
1787149373,338.6050,338.6700,338.6050,338.6700
1787149374,338.6800,338.6800,338.6800,338.6800
1787149375,338.6500,338.6500,338.6200,338.6400
1787149376,338.7100,338.7200,338.6900,338.7200
1787149377,338.7100,338.7100,338.5900,338.5900
1787149378,338.6000,338.6000,338.5500,338.5600
1787149379,338.6000,338.6300,338.6000,338.6300
1787149380,338.6300,338.6300,338.6300,338.6300
1787149381,338.6600,338.6600,338.6600,338.6600
1787149382,338.6900,338.7300,338.6900,338.7300
1787149383,338.7300,338.7300,338.7300,338.7300
1787149384,338.7700,338.7800,338.7700,338.7800
1787149385,338.8400,338.8400,338.8400,338.8400
1787149386,338.8600,338.8900,338.8600,338.8900
1787149387,338.8600,338.8600,338.7000,338.7000
1787149389,338.7800,338.8600,338.7700,338.8600
1787149390,338.8900,338.8900,338.8700,338.8700
1787149391,338.7100,338.7300,338.7100,338.7300
1787149393,338.8000,338.8100,338.7800,338.7800
1787149394,338.7100,338.7100,338.7100,338.7100
1787149395,338.6900,338.6900,338.6700,338.6700
1787149396,338.6400,338.6400,338.6400,338.6400
1787149397,338.6300,338.7900,338.6300,338.7400
1787149398,338.8000,338.8000,338.8000,338.8000
1787149400,338.8600,338.8800,338.8600,338.8800
1787149401,338.8900,338.9000,338.8900,338.9000
1787149402,338.9800,338.9800,338.9000,338.9000
1787149403,338.9000,338.9400,338.9000,338.9400
1787149404,338.9500,338.9500,338.9500,338.9500
1787149405,338.9450,338.9450,338.9450,338.9450
1787149406,338.9700,338.9700,338.9700,338.9700
1787149407,338.9800,339.2100,338.9400,339.2100
1787149410,339.1600,339.1600,339.1500,339.1600
1787149411,339.2100,339.2200,339.1300,339.1300
1787149412,339.1600,339.1600,339.1600,339.1600
1787149413,339.2300,339.2300,339.2300,339.2300
1787149414,339.2200,339.2200,339.1600,339.1600
1787149415,339.1550,339.1550,339.0500,339.0500
1787149418,339.1600,339.1600,339.1200,339.1200
1787149420,339.1000,339.1400,339.1000,339.1400
1787149422,339.1100,339.1100,339.0900,339.0900
1787149423,339.1600,339.1900,339.1600,339.1900
1787149424,339.1600,339.2200,339.1600,339.2200
1787149425,339.2500,339.2500,339.2500,339.2500
1787149426,339.2100,339.2100,339.2000,339.2100
1787149427,339.2800,339.3000,339.2800,339.3000
1787149429,339.3100,339.3500,339.3100,339.3500
1787149431,339.4000,339.4000,339.3400,339.3400
1787149432,339.2800,339.2800,339.2800,339.2800
1787149433,339.3200,339.3800,339.3200,339.3800
1787149435,339.3200,339.3200,339.3200,339.3200
1787149437,339.2900,339.2900,339.2600,339.2650
1787149438,339.2300,339.2500,339.2300,339.2500
1787149439,339.2500,339.2500,339.1900,339.2000
1787149440,339.2100,339.2600,339.2100,339.2600
1787149441,339.2800,339.2800,339.2800,339.2800
1787149442,339.3000,339.3000,339.3000,339.3000
1787149443,339.2800,339.3500,339.2500,339.3500
1787149444,339.4000,339.4100,339.4000,339.4100
1787149446,339.3700,339.3800,339.3250,339.3700
1787149449,339.2800,339.2800,339.2800,339.2800
1787149450,339.2600,339.2600,339.2000,339.2000
1787149453,339.2100,339.2900,339.2100,339.2900
1787149454,339.3400,339.3400,339.3300,339.3300
1787149455,339.3150,339.3150,339.2800,339.2800
1787149458,339.2800,339.2900,339.2400,339.2400
1787149461,339.2800,339.3000,339.2700,339.3000
1787149463,339.2700,339.2700,339.2600,339.2600
1787149465,339.3000,339.3200,339.3000,339.3200
1787149466,339.3800,339.4200,339.3800,339.4200
1787149467,339.3900,339.3900,339.3900,339.3900
1787149470,339.4200,339.5300,339.4200,339.5000
1787149471,339.5300,339.5300,339.5300,339.5300
1787149472,339.5300,339.6000,339.5300,339.6000
1787149474,339.5600,339.5600,339.5500,339.5600
1787149475,339.5700,339.5900,339.5700,339.5900
1787149476,339.6000,339.6300,339.6000,339.6300
1787149478,339.6500,339.7700,339.6500,339.7700
1787149479,339.7300,339.7300,339.7100,339.7100
1787149480,339.7000,339.7500,339.7000,339.7500
1787149481,339.6700,339.6700,339.6600,339.6600
1787149483,339.6500,339.6500,339.6500,339.6500
1787149485,339.5600,339.6000,339.5300,339.5300
1787149486,339.5450,339.5450,339.5450,339.5450
1787149488,339.5600,339.7000,339.5600,339.7000
1787149489,339.7000,339.7000,339.6500,339.6500
1787149490,339.6800,339.6800,339.6800,339.6800
1787149491,339.7000,339.8000,339.7000,339.8000
1787149492,339.8200,339.8200,339.8100,339.8100
1787149494,339.8100,339.9300,339.8100,339.9300
1787149498,339.9100,339.9600,339.8400,339.8400
1787149500,339.7900,339.7900,339.7700,339.7700
1787149501,339.8400,339.8500,339.8400,339.8500
1787149502,339.8000,339.8000,339.8000,339.8000
1787149503,339.8800,339.8800,339.8800,339.8800
1787149504,339.9800,340.0500,339.9800,340.0300
1787149505,340.0600,340.1500,340.0600,340.1500
1787149507,340.1800,340.1800,340.1800,340.1800
1787149508,340.1300,340.1300,340.0700,340.0700
1787149509,340.0700,340.1000,340.0700,340.1000
1787149510,340.1000,340.1000,340.0600,340.0600
1787149511,340.0750,340.0750,340.0750,340.0750
1787149513,340.0700,340.0700,340.0700,340.0700
1787149514,340.0500,340.0500,339.9900,339.9900
1787149515,339.9900,339.9900,339.9300,339.9300
1787149516,339.9500,339.9600,339.9500,339.9600
1787149519,339.9100,339.9100,339.8700,339.8700
1787149521,339.9600,339.9900,339.9600,339.9900
1787149522,339.9600,339.9600,339.8600,339.8600
1787149524,339.8200,339.8200,339.7600,339.7600
1787149525,339.7400,339.7400,339.7100,339.7100
1787149526,339.7300,339.7300,339.7300,339.7300
1787149527,339.7400,339.7400,339.7000,339.7000
1787149528,339.6800,339.7300,339.6000,339.6000
1787149531,339.5950,339.5950,339.5600,339.5600
1787149532,339.5950,339.6300,339.5700,339.5700
1787149535,339.6100,339.6800,339.6100,339.6800
1787149536,339.6800,339.7000,339.6800,339.7000
1787149537,339.7000,339.7500,339.7000,339.7500
1787149538,339.7800,339.8000,339.7800,339.8000
1787149539,339.7800,339.8100,339.7800,339.8100
1787149540,339.8400,339.8400,339.8400,339.8400
1787149541,339.8400,339.8400,339.8400,339.8400
1787149542,339.8500,339.8600,339.8500,339.8600
1787149544,339.8500,339.8500,339.8500,339.8500
1787149546,339.8900,339.9200,339.8900,339.9200
1787149547,339.8900,339.8900,339.8900,339.8900
1787149548,339.8700,339.8700,339.8700,339.8700
1787149549,339.8800,339.8800,339.8400,339.8400
1787149551,339.8700,339.8700,339.8700,339.8700
1787149552,339.9300,339.9400,339.9300,339.9400
1787149555,339.9600,339.9700,339.9600,339.9700
1787149558,339.9200,339.9200,339.9000,339.9000
1787149560,339.9900,340.0700,339.9900,340.0700
1787149562,340.0600,340.1000,340.0600,340.0900
1787149564,340.0800,340.1200,340.0500,340.1200
1787149566,340.1400,340.1400,340.1400,340.1400
1787149567,340.1250,340.2700,340.1250,340.2700
1787149568,340.2400,340.2400,340.2400,340.2400
1787149569,340.2200,340.2200,340.2000,340.2000
1787149571,340.2100,340.2600,340.2100,340.2600
1787149572,340.2000,340.2000,340.0900,340.1050
1787149573,340.1000,340.1000,340.1000,340.1000
1787149574,340.1300,340.1300,340.1300,340.1300
1787149575,340.0800,340.0800,340.0800,340.0800
1787149577,340.1000,340.1000,340.1000,340.1000
1787149578,340.1200,340.1800,340.1200,340.1800
1787149579,340.1900,340.2100,340.1900,340.2100
1787149583,340.2300,340.2500,340.2300,340.2500
1787149584,340.2100,340.2100,340.2100,340.2100
1787149585,340.2000,340.2000,340.1700,340.2000
1787149586,340.2100,340.2100,340.1700,340.1700
1787149587,340.2200,340.2200,340.2200,340.2200
1787149588,340.2200,340.2200,340.2200,340.2200
1787149589,340.2100,340.2100,340.1200,340.1200
1787149590,340.0800,340.0800,340.0300,340.0300
1787149591,340.0500,340.1000,340.0500,340.0950
1787149595,340.0900,340.0900,340.0700,340.0900
1787149596,340.1600,340.1600,340.1500,340.1500
1787149597,340.1400,340.1400,340.1300,340.1300
1787149600,340.1500,340.1500,340.1500,340.1500
1787149601,340.1200,340.1200,340.1100,340.1100
1787149602,340.0400,340.0400,340.0000,340.0000
1787149604,340.0200,340.0200,340.0200,340.0200
1787149605,340.0400,340.0400,340.0400,340.0400
1787149609,340.1600,340.1600,340.1600,340.1600
1787149610,340.2000,340.2400,340.2000,340.2400
1787149613,340.1800,340.1800,340.1700,340.1700
1787149614,340.2400,340.2700,340.2250,340.2250
1787149619,340.2800,340.3500,340.2800,340.3500
1787149620,340.3000,340.3000,340.3000,340.3000
1787149621,340.3500,340.3500,340.3500,340.3500
1787149622,340.3000,340.4600,340.2800,340.4500
1787149623,340.4600,340.4600,340.4000,340.4100
1787149624,340.4200,340.4200,340.4200,340.4200
1787149627,340.4500,340.4600,340.4500,340.4600
1787149628,340.4400,340.5200,340.4300,340.5200
1787149629,340.5300,340.5300,340.5300,340.5300
1787149630,340.6000,340.6150,340.5900,340.5900
1787149631,340.6000,340.6000,340.6000,340.6000
1787149632,340.6100,340.6300,340.6100,340.6300
1787149633,340.6000,340.6200,340.5800,340.5800
1787149634,340.6200,340.7500,340.6200,340.7500
1787149635,340.7700,340.8150,340.7500,340.7500
1787149636,340.6700,340.6700,340.6500,340.6600
1787149637,340.7000,340.7000,340.6500,340.6500
1787149639,340.7000,340.7200,340.7000,340.7200
1787149640,340.7000,340.7000,340.7000,340.7000
1787149641,340.7300,340.7700,340.7000,340.7200
1787149642,340.7500,340.8500,340.7500,340.8500
1787149643,340.8700,340.9000,340.8700,340.8800
1787149644,340.9000,340.9300,340.9000,340.9100
1787149645,340.9500,341.1400,340.9500,341.0700
1787149646,341.0300,341.0500,341.0000,341.0000
1787149647,341.0250,341.0250,341.0250,341.0250
1787149648,341.0700,341.0700,341.0700,341.0700
1787149649,341.1200,341.1250,341.1200,341.1250
1787149650,341.1500,341.2300,341.1500,341.1800
1787149651,341.2100,341.2400,341.1400,341.1400
1787149652,341.1400,341.1400,341.1400,341.1400
1787149653,341.1800,341.1800,341.1800,341.1800
1787149654,341.2200,341.2200,341.2200,341.2200
1787149655,341.2000,341.2000,341.1400,341.1400
1787149656,341.1400,341.1400,341.0700,341.1200
1787149658,341.0900,341.0900,341.0700,341.0700
1787149659,341.1100,341.1800,341.1100,341.1800
1787149660,341.1200,341.1200,341.1200,341.1200
1787149662,341.1400,341.1400,341.1400,341.1400
1787149663,341.1500,341.2000,341.1500,341.2000
1787149664,341.1600,341.1600,341.1600,341.1600
1787149665,341.1500,341.1500,341.1500,341.1500
1787149666,341.1650,341.2000,341.1600,341.2000
1787149667,341.2300,341.3300,341.2000,341.2000
1787149668,341.2300,341.2500,341.2300,341.2500
1787149669,341.2100,341.2100,341.1800,341.2000
1787149671,341.2000,341.2200,341.1700,341.2200
1787149673,341.1800,341.2000,341.1700,341.2000
1787149674,341.2000,341.2400,341.1600,341.1600
1787149675,341.1600,341.1600,341.1300,341.1300
1787149676,341.1000,341.1700,341.1000,341.1700
1787149679,341.1500,341.1500,341.1500,341.1500
1787149680,341.1500,341.1500,341.1500,341.1500
1787149681,341.1500,341.2100,341.1500,341.2100
1787149682,341.1600,341.1600,341.1000,341.1000
1787149683,341.1250,341.1250,341.1250,341.1250
1787149684,341.0900,341.0900,341.0600,341.0600
1787149686,341.1200,341.1200,341.0800,341.0800
1787149687,341.0900,341.0900,341.0900,341.0900
1787149688,341.1500,341.1900,341.1500,341.1800
1787149689,341.2000,341.4300,341.2000,341.3300
1787149690,341.3600,341.4200,341.3600,341.4200
1787149692,341.3700,341.3700,341.2500,341.2500
1787149693,341.2500,341.2500,341.2500,341.2500
1787149694,341.2600,341.3200,341.2600,341.3200
1787149695,341.3250,341.3400,341.3250,341.3300
1787149696,341.3100,341.3200,341.3000,341.3000
1787149697,341.3200,341.3600,341.3200,341.3400
1787149698,341.3100,341.3100,341.3100,341.3100
1787149700,341.3500,341.3600,341.3000,341.3000
1787149702,341.3300,341.3300,341.3300,341.3300
1787149703,341.3500,341.4000,341.3500,341.4000
1787149704,341.4200,341.4200,341.3900,341.4000
1787149705,341.4300,341.4800,341.4200,341.4400
1787149706,341.4300,341.4300,341.4300,341.4300
1787149707,341.4800,341.5300,341.4800,341.5300
1787149708,341.5300,341.5300,341.5300,341.5300
1787149709,341.5100,341.5100,341.5100,341.5100
1787149710,341.5200,341.6200,341.5100,341.6200
1787149711,341.6150,341.6150,341.6150,341.6150
1787149712,341.6000,341.6300,341.6000,341.6200
1787149713,341.6300,341.6400,341.4200,341.4800
1787149714,341.5100,341.5100,341.5100,341.5100
1787149715,341.5700,341.6000,341.5700,341.5800
1787149716,341.5600,341.5800,341.5600,341.5800
1787149717,341.6100,341.6400,341.6100,341.6400
1787149718,341.6100,341.6100,341.6100,341.6100
1787149720,341.6400,341.6500,341.6200,341.6500
1787149721,341.6600,341.6600,341.6600,341.6600
1787149722,341.6400,341.6400,341.5800,341.5800
1787149723,341.5800,341.5800,341.5700,341.5700
1787149724,341.5500,341.5600,341.5300,341.5600
1787149725,341.5600,341.5600,341.4900,341.5200
1787149726,341.5100,341.5300,341.4700,341.4700
1787149727,341.4700,341.4700,341.4100,341.4100
1787149728,341.4000,341.4000,341.4000,341.4000
1787149729,341.3600,341.3600,341.3300,341.3300
1787149730,341.3100,341.3600,341.3000,341.3600
1787149733,341.4200,341.4200,341.4200,341.4200
1787149734,341.4200,341.4600,341.4200,341.4600
1787149736,341.4650,341.5400,341.4650,341.5100
1787149737,341.5250,341.6000,341.5250,341.5700
1787149738,341.5350,341.6600,341.5200,341.6200
1787149739,341.6100,341.6500,341.6000,341.6500
1787149741,341.6600,341.6800,341.6600,341.6800
1787149742,341.6600,341.6900,341.6300,341.6800
1787149743,341.6800,341.6800,341.6700,341.6700
1787149744,341.6550,341.7000,341.6550,341.7000
1787149745,341.7100,341.7100,341.6900,341.7100
1787149746,341.6900,341.7000,341.6800,341.7000
1787149747,341.7400,341.7400,341.7200,341.7200
1787149748,341.7600,341.7800,341.7450,341.7450
1787149750,341.7800,341.9700,341.7800,341.9700
1787149751,341.9800,342.0900,341.9800,342.0600
1787149752,342.0700,342.1100,342.0700,342.1100
1787149753,342.0900,342.0900,342.0250,342.0250
1787149754,342.0350,342.0350,342.0350,342.0350
1787149755,342.0700,342.0800,342.0700,342.0800
1787149756,342.0800,342.1300,342.0800,342.1300
1787149757,342.1350,342.1350,342.1350,342.1350
1787149758,342.1350,342.1700,342.1000,342.1500
1787149759,342.1300,342.1400,342.1300,342.1400
1787149760,342.1450,342.1850,342.1200,342.1850
1787149761,342.1850,342.1850,342.1850,342.1850
1787149762,342.1900,342.2000,342.1300,342.1300
1787149764,342.1700,342.1900,342.1700,342.1900
1787149766,342.2000,342.2100,342.2000,342.2100
1787149767,342.1800,342.1800,342.1200,342.1200
1787149768,342.1100,342.1600,342.0900,342.1600
1787149769,342.1500,342.2300,342.1500,342.2100
1787149770,342.2200,342.2250,342.2200,342.2250
1787149771,342.2250,342.2500,342.2250,342.2500
1787149772,342.2700,342.3700,342.2700,342.3700
1787149774,342.3800,342.3800,342.3800,342.3800
1787149775,342.3900,342.3900,342.3600,342.3600
1787149776,342.3500,342.3500,342.3400,342.3400
1787149777,342.3400,342.5000,342.3400,342.4800
1787149778,342.5000,342.5000,342.4600,342.4600
1787149779,342.4400,342.4400,342.4200,342.4200
1787149780,342.3800,342.4000,342.3800,342.4000
1787149781,342.3900,342.4300,342.3900,342.4300
1787149782,342.4500,342.4900,342.4500,342.4900
1787149783,342.4900,342.5000,342.4700,342.4700
1787149784,342.4500,342.4500,342.3400,342.3950
1787149785,342.3600,342.3600,342.1700,342.1800
1787149786,342.2300,342.2400,342.2200,342.2400
1787149790,342.3000,342.3000,342.3000,342.3000
1787149791,342.2800,342.2800,342.2800,342.2800
1787149792,342.3300,342.3400,342.3300,342.3400
1787149793,342.2800,342.2800,342.2800,342.2800
1787149794,342.2900,342.2900,342.2900,342.2900
1787149795,342.2600,342.2600,342.2200,342.2300
1787149796,342.2800,342.2800,342.2800,342.2800
1787149797,342.2900,342.3400,342.2900,342.3400
1787149799,342.3500,342.3900,342.3300,342.3300
1787149800,342.3800,342.6400,342.3800,342.6400
1787149801,342.5800,342.5800,342.5300,342.5300
1787149802,342.5400,342.5400,342.5400,342.5400
1787149803,342.5100,342.5100,342.4900,342.4900
1787149804,342.4600,342.4600,342.4600,342.4600
1787149805,342.4550,342.4550,342.4100,342.4100
1787149806,342.4400,342.4800,342.4300,342.4300
1787149807,342.4600,342.4600,341.9500,342.0900
1787149808,342.1100,342.1300,342.0900,342.1300
1787149809,342.2000,342.2400,342.2000,342.2400
1787149810,342.2500,342.3100,342.2500,342.2500
1787149811,342.2800,342.3200,342.2800,342.3200
1787149812,342.2700,342.2900,342.2100,342.2900
1787149814,342.3000,342.3800,342.3000,342.3500
1787149815,342.3600,342.3600,342.3300,342.3400
1787149816,342.3400,342.4000,342.3400,342.4000
1787149817,342.3900,342.4200,342.3800,342.4200
1787149818,342.4600,342.4900,342.3700,342.4900
1787149819,342.4500,342.4500,342.4200,342.4450
1787149820,342.4400,342.4500,342.3800,342.3800
1787149821,342.4000,342.4000,342.4000,342.4000
1787149822,342.4900,342.8900,342.4900,342.8000
1787149823,342.8500,342.9200,342.8300,342.8300
1787149824,342.8500,342.9000,342.8500,342.8700
1787149825,342.8800,342.8800,342.8500,342.8500
1787149827,342.8600,342.9000,342.8600,342.8800
1787149828,342.8900,342.9700,342.8800,342.9700
1787149829,342.9500,343.0900,342.9000,343.0300
1787149830,343.0400,343.1700,343.0400,343.1150
1787149831,343.1200,343.2800,343.0700,343.2700
1787149832,343.2700,343.4000,343.2700,343.4000
1787149833,343.4000,343.4000,343.3600,343.3900
1787149834,343.4000,343.4300,343.3700,343.3800
1787149835,343.3400,343.3400,343.2800,343.2800
1787149836,343.2800,343.2800,343.2500,343.2500
1787149837,343.2200,343.2200,343.1400,343.1400
1787149839,343.1250,343.1250,343.0900,343.0900
1787149840,343.0500,343.0500,343.0100,343.0100
1787149841,343.0550,343.0700,343.0550,343.0700
1787149842,343.0200,343.0200,343.0200,343.0200
1787149843,343.0300,343.0400,343.0000,343.0000
1787149844,343.0000,343.0600,343.0000,343.0600
1787149846,343.0900,343.1300,343.0900,343.1300
1787149847,343.0800,343.1400,343.0700,343.1400
1787149848,343.1500,343.1800,343.1500,343.1800
1787149849,343.1700,343.1800,343.1500,343.1800
1787149850,343.1500,343.1600,343.1500,343.1600
1787149851,343.1700,343.1750,343.1000,343.1000
1787149852,343.0900,343.0900,343.0300,343.0300
1787149855,343.0200,343.1500,343.0100,343.1450
1787149856,343.1500,343.2200,343.1500,343.2000
1787149857,343.2000,343.2000,343.1000,343.1100
1787149858,343.1300,343.1450,343.1300,343.1450
1787149860,343.1300,343.3000,343.0800,343.3000
1787149861,343.3400,343.3500,343.3300,343.3500
1787149863,343.3700,343.3700,343.2800,343.2800
1787149864,343.3500,343.3500,343.3200,343.3400
1787149865,343.3700,343.3700,343.3700,343.3700
1787149866,343.4000,343.4300,343.4000,343.4000
1787149867,343.3600,343.3700,343.3300,343.3300
1787149868,343.3100,343.3100,343.2000,343.2600
1787149869,343.2300,343.2600,343.2300,343.2600
1787149870,343.2200,343.3600,343.2200,343.3600
1787149871,343.3600,343.3800,343.3600,343.3800
1787149872,343.3200,343.3200,343.3200,343.3200
1787149873,343.3500,343.3600,343.3500,343.3600
1787149874,343.3700,343.3700,343.3700,343.3700
1787149875,343.3200,343.3200,343.2800,343.2800
1787149876,343.2600,343.2600,343.2400,343.2400
1787149877,343.2200,343.2200,343.1400,343.2000
1787149878,343.1300,343.1300,343.1300,343.1300
1787149879,343.1300,343.1300,343.1300,343.1300
1787149880,343.1900,343.2800,343.1900,343.2800
1787149881,343.2900,343.3800,343.2400,343.3000
1787149882,343.2200,343.2200,343.1800,343.1800
1787149883,343.2000,343.2000,343.2000,343.2000
1787149884,343.1400,343.1500,343.0600,343.0600
1787149885,343.1200,343.2800,343.1200,343.2800
1787149886,343.2500,343.3700,343.2500,343.3100
1787149887,343.3600,343.4100,343.3600,343.4100
1787149888,343.3900,343.3900,343.2000,343.2500
1787149890,343.2300,343.2300,343.2300,343.2300
1787149891,343.1700,343.1700,343.0800,343.1000
1787149892,343.1000,343.1400,343.1000,343.1350
1787149893,343.2100,343.2400,343.1900,343.2300
1787149894,343.2100,343.2100,343.1500,343.1800
1787149895,343.1200,343.1200,343.1000,343.1000
1787149896,343.0800,343.0800,342.9800,342.9800
1787149897,342.9800,343.0500,342.9800,343.0500
1787149898,342.9800,342.9900,342.9600,342.9900
1787149900,342.9400,342.9400,342.8000,342.8000
1787149901,342.8600,342.8600,342.8600,342.8600
1787149902,342.8300,342.8800,342.8100,342.8800
1787149903,342.8700,342.9300,342.8700,342.9200
1787149904,342.9200,342.9400,342.9200,342.9200
1787149905,342.9000,342.9000,342.8800,342.8800
1787149906,342.8800,342.8900,342.8700,342.8900
1787149907,342.8600,342.8600,342.8400,342.8600
1787149908,342.8100,342.8100,342.8000,342.8100
1787149909,342.8400,342.9000,342.8150,342.8200
1787149910,342.8100,342.8100,342.8000,342.8000
1787149911,342.8200,342.9600,342.8200,342.9600
1787149913,342.9900,342.9950,342.5200,342.5200
1787149914,342.5500,342.6000,342.4300,342.6000
1787149915,342.5600,342.6500,342.5600,342.6500
1787149916,342.6000,342.6000,342.5800,342.5800
1787149917,342.5700,342.5750,342.5700,342.5750
1787149918,342.5700,342.5700,342.5500,342.5500
1787149919,342.5100,342.5100,342.4000,342.4000
1787149920,342.4000,342.4200,342.4000,342.4200
1787149921,342.4200,342.4200,342.4200,342.4200
1787149922,342.4100,342.4200,342.4100,342.4200
1787149923,342.4400,342.5300,342.4400,342.4650
1787149924,342.4500,342.4500,342.3000,342.4400
1787149926,342.4150,342.4150,342.4150,342.4150
1787149927,342.4300,342.4400,342.4300,342.4400
1787149928,342.4400,342.4400,342.3300,342.3300
1787149929,342.2700,342.2700,342.2100,342.2100
1787149930,342.3100,342.3100,342.3100,342.3100
1787149931,342.2700,342.2700,342.1900,342.1900
1787149933,342.1800,342.1800,342.1800,342.1800
1787149934,342.2000,342.2000,342.2000,342.2000
1787149935,342.2300,342.3200,342.2300,342.2800
1787149936,342.2700,342.2700,342.0700,342.0700
1787149937,342.1200,342.1200,342.1100,342.1100
1787149938,342.0800,342.0800,342.0800,342.0800
1787149939,342.0500,342.0800,341.9500,342.0800
1787149940,342.0000,342.0600,341.9700,342.0300
1787149941,342.0050,342.0200,341.9600,342.0200
1787149942,342.0400,342.0700,342.0400,342.0700
1787149943,342.0200,342.0400,342.0200,342.0400
1787149944,342.0300,342.0300,342.0300,342.0300
1787149945,342.0200,342.0200,341.9950,341.9950
1787149946,341.9300,341.9400,341.8600,341.9400
1787149947,341.9100,341.9150,341.9000,341.9150
1787149948,341.9400,341.9400,341.9100,341.9100
1787149949,341.8600,341.8600,341.8500,341.8500
1787149950,341.8600,341.8600,341.7800,341.8200
1787149951,341.8200,341.8300,341.8150,341.8150
1787149952,341.8000,341.8000,341.6100,341.6100
1787149953,341.6000,341.6000,341.5200,341.5800
1787149954,341.6500,341.7700,341.6500,341.7700
1787149955,341.7900,341.8400,341.7900,341.8400
1787149956,341.8200,341.8200,341.7200,341.7600
1787149957,341.7000,341.7000,341.6300,341.6700
1787149958,341.6500,341.6500,341.6500,341.6500
1787149959,341.6100,341.6100,341.5800,341.5800
1787149960,341.6000,341.6400,341.5800,341.5800
1787149961,341.5800,341.5800,341.5800,341.5800
1787149962,341.6100,341.6200,341.6100,341.6100
1787149964,341.6200,341.6200,341.6000,341.6000
1787149965,341.6000,341.6000,341.5900,341.6000
1787149966,341.6400,341.6400,341.5100,341.5500
1787149967,341.5600,341.6300,341.5600,341.6000
1787149968,341.5500,341.5850,341.5500,341.5850
1787149969,341.6200,341.6300,341.6200,341.6300
1787149971,341.6700,341.7100,341.6700,341.7100
1787149972,341.7100,341.7100,341.7100,341.7100
1787149973,341.7300,341.7600,341.7300,341.7500
1787149974,341.7800,341.7800,341.7200,341.7200
1787149975,341.7000,341.7200,341.6900,341.7200
1787149978,341.6900,341.6900,341.6500,341.6800
1787149979,341.7100,341.7100,341.7100,341.7100
1787149980,341.6650,341.6800,341.6400,341.6700
1787149981,341.6650,341.6650,341.6650,341.6650
1787149982,341.6300,341.8300,341.6200,341.8200
1787149983,341.8600,342.0300,341.8550,341.9300
1787149984,341.9300,342.0000,341.9200,342.0000
1787149985,342.0600,342.0600,342.0600,342.0600
1787149986,341.9900,341.9900,341.9300,341.9300
1787149988,341.9200,341.9500,341.9100,341.9500
1787149989,341.9500,342.0000,341.9500,341.9500
1787149991,341.9900,341.9900,341.9500,341.9900
1787149992,341.9900,341.9900,341.9650,341.9650
1787149993,341.9400,341.9600,341.9300,341.9600
1787149994,341.9900,342.1000,341.9900,342.1000
1787149995,342.0900,342.0900,342.0700,342.0700
1787149998,342.0750,342.0750,342.0750,342.0750
1787150000,342.1100,342.2050,342.1000,342.2050
1787150002,342.1700,342.1900,342.1300,342.1900
1787150004,342.1400,342.1400,342.0000,342.0750
1787150005,342.0800,342.0800,342.0500,342.0500
1787150006,342.1400,342.1400,342.0700,342.0900
1787150007,342.0700,342.0700,342.0700,342.0700
1787150008,342.0900,342.0900,342.0900,342.0900
1787150009,342.1250,342.1250,342.1250,342.1250
1787150010,342.0700,342.1000,342.0500,342.1000
1787150011,342.1100,342.1150,342.1100,342.1150
1787150012,342.1050,342.1050,341.9500,341.9900
1787150013,341.9200,341.9200,341.8800,341.8800
1787150014,341.9200,341.9200,341.9050,341.9100
1787150016,341.9300,342.2000,341.9300,342.1700
1787150017,342.2000,342.2000,342.1500,342.1500
1787150018,342.1800,342.2000,342.1800,342.2000
1787150019,342.1700,342.1700,342.1700,342.1700
1787150020,342.1850,342.1850,342.1700,342.1700
1787150022,342.2100,342.2700,342.2100,342.2700
1787150023,342.2400,342.2500,342.2000,342.2500
1787150025,342.2300,342.2300,342.2100,342.2100
1787150026,342.2300,342.2300,342.2300,342.2300
1787150028,342.2700,342.2700,342.2700,342.2700
1787150029,342.2700,342.3100,342.2700,342.3100
1787150030,342.2600,342.3200,342.2600,342.3200
1787150031,342.2600,342.3000,342.2600,342.3000
1787150032,342.3100,342.3600,342.2900,342.2900
1787150035,342.3000,342.3000,342.3000,342.3000
1787150036,342.2500,342.2500,341.9700,341.9700
1787150037,341.9500,342.0600,341.9500,341.9700
1787150038,341.9100,341.9100,341.9000,341.9000
1787150039,341.9700,341.9900,341.9700,341.9900
1787150040,341.9500,341.9500,341.9500,341.9500
1787150041,341.9200,341.9200,341.9000,341.9000
1787150042,341.9500,341.9600,341.9400,341.9400
1787150044,341.9000,341.9500,341.9000,341.9500
1787150045,341.9200,341.9400,341.9200,341.9400
1787150046,341.8800,341.8800,341.8000,341.8000
1787150047,341.7500,341.7500,341.7500,341.7500
1787150048,341.7750,341.7900,341.7750,341.7900
1787150049,341.7800,341.7800,341.7800,341.7800
1787150050,341.7800,341.7800,341.7000,341.7000
1787150051,341.5900,341.6100,341.5700,341.5700
1787150052,341.5900,341.6000,341.5800,341.5900
1787150053,341.5700,341.5700,341.5600,341.5600
1787150054,341.5500,341.5700,341.4700,341.5300
1787150055,341.5600,341.6200,341.5600,341.6200
1787150056,341.6200,341.6200,341.6200,341.6200
1787150057,341.6000,341.6000,341.6000,341.6000
1787150058,341.5800,341.6000,341.5600,341.5600
1787150059,341.5900,341.6200,341.5900,341.6200
1787150060,341.6200,341.6200,341.6000,341.6000
1787150062,341.5500,341.5500,341.5500,341.5500
1787150064,341.5200,341.5200,341.5000,341.5000
1787150065,341.4950,341.5400,341.4950,341.5100
1787150066,341.5400,341.6000,341.5400,341.6000
1787150067,341.6200,341.6300,341.5950,341.5950
1787150068,341.6200,341.6300,341.5900,341.5900
1787150069,341.6300,341.6300,341.6300,341.6300
1787150070,341.5600,341.5600,341.3600,341.3600
1787150071,341.4200,341.4200,341.4200,341.4200
1787150072,341.4300,341.4400,341.4300,341.4400
1787150073,341.4100,341.4200,341.3800,341.3900
1787150074,341.4000,341.4000,341.4000,341.4000
1787150076,341.4300,341.4300,341.4300,341.4300
1787150077,341.4000,341.4300,341.4000,341.4300
1787150078,341.4400,341.4500,341.4200,341.4400
1787150080,341.4100,341.4100,341.2800,341.3450
1787150081,341.3500,341.3900,341.3500,341.3900
1787150082,341.3200,341.3200,341.3200,341.3200
1787150083,341.4000,341.4700,341.4000,341.4500
1787150084,341.5000,341.5600,341.5000,341.5600
1787150085,341.5400,341.5900,341.4200,341.4300
1787150086,341.4700,341.5100,341.4700,341.5100
1787150089,341.4200,341.4200,341.3700,341.3700
1787150090,341.3600,341.3600,341.3600,341.3600
1787150091,341.3600,341.4000,341.3600,341.3600
1787150092,341.4000,341.4000,341.4000,341.4000
1787150094,341.4300,341.6400,341.4300,341.6400
1787150095,341.6400,341.6400,341.5600,341.5700
1787150096,341.6200,341.6200,341.6200,341.6200
1787150097,341.6700,341.7400,341.6700,341.7400
1787150098,341.8200,341.8200,341.8200,341.8200
1787150099,341.8200,341.8300,341.8200,341.8300
1787150100,341.8300,341.8500,341.8300,341.8350
1787150101,341.8300,341.8300,341.8300,341.8300
1787150102,341.8400,341.8600,341.8400,341.8600
1787150103,341.8800,342.0000,341.8800,341.9800
1787150104,341.9900,341.9900,341.9900,341.9900
1787150105,342.0000,342.1500,341.9900,342.1500
1787150106,342.1500,342.2600,342.1500,342.2600
1787150107,342.2500,342.2500,342.2500,342.2500
1787150108,342.2700,342.2700,342.2400,342.2400
1787150109,342.2600,342.2600,342.2600,342.2600
1787150110,342.3300,342.3300,342.3300,342.3300
1787150111,342.3500,342.3500,342.3500,342.3500
1787150112,342.3300,342.4200,342.2900,342.2900
1787150113,342.2700,342.3300,342.2100,342.3300
1787150114,342.3300,342.3500,342.3300,342.3500
1787150115,342.3500,342.4300,342.3400,342.3400
1787150117,342.4000,342.4000,342.4000,342.4000
1787150119,342.4600,342.6100,342.4600,342.5700
1787150120,342.5500,342.6000,342.5400,342.6000
1787150121,342.5500,342.5500,342.5300,342.5450
1787150122,342.5800,342.5900,342.5800,342.5900
1787150123,342.5500,342.5500,342.5500,342.5500
1787150125,342.6100,342.6100,342.6100,342.6100
1787150126,342.6000,342.6000,342.5800,342.5800
1787150128,342.6400,342.6750,342.6400,342.6750
1787150129,342.6850,342.7200,342.6700,342.7200
1787150130,342.7700,342.7800,342.7700,342.7800
1787150132,342.7300,342.7300,342.6200,342.6400
1787150133,342.6400,342.6800,342.6300,342.6800
1787150135,342.7100,342.7300,342.7100,342.7300
1787150136,342.7900,342.9000,342.7900,342.9000
1787150137,342.9000,342.9000,342.9000,342.9000
1787150138,342.8500,342.9600,342.8500,342.9100
1787150139,342.9100,342.9200,342.9000,342.9000
1787150140,342.9000,342.9200,342.9000,342.9200
1787150143,342.9900,343.1400,342.9900,343.1300
1787150144,343.1400,343.1800,343.1400,343.1800
1787150145,343.1900,343.2600,343.1900,343.2600
1787150146,343.2800,343.3200,343.2000,343.2000
1787150147,343.2100,343.2100,343.1900,343.1900
1787150148,343.2300,343.2300,343.2300,343.2300
1787150149,343.2600,343.2600,343.2300,343.2300
1787150151,343.2500,343.2600,343.2300,343.2300
1787150152,343.2500,343.2600,343.2500,343.2600
1787150153,343.2400,343.2800,343.2400,343.2800
1787150154,343.3000,343.3100,343.3000,343.3000
1787150155,343.3400,343.3500,343.3400,343.3450
1787150156,343.3100,343.3100,343.2200,343.2450
1787150157,343.2600,343.2600,343.2600,343.2600
1787150158,343.2600,343.3100,343.2600,343.3100
1787150160,343.3800,343.4400,343.3800,343.4400
1787150161,343.4500,343.4500,343.2300,343.2500
1787150163,343.2950,343.2950,343.2900,343.2900
1787150164,343.3400,343.3500,343.3400,343.3500
1787150165,343.3900,343.3900,343.3700,343.3700
1787150166,343.3900,343.4400,343.3900,343.4400
1787150167,343.4000,343.4000,343.4000,343.4000
1787150168,343.4300,343.6000,343.4300,343.6000
1787150169,343.6100,343.6300,343.6100,343.6300
1787150170,343.6500,343.6500,343.4400,343.4400
1787150171,343.5800,343.5850,343.5800,343.5850
1787150173,343.6500,343.6500,343.6500,343.6500
1787150174,343.6100,343.6100,343.4700,343.5000
1787150175,343.5700,343.6000,343.5700,343.6000
1787150176,343.5200,343.5200,343.5200,343.5200
1787150177,343.5200,343.5200,343.4300,343.4800
1787150178,343.4500,343.4500,343.4500,343.4500
1787150179,343.4900,343.5000,343.4900,343.5000
1787150180,343.4600,343.5100,343.4600,343.4700
1787150181,343.4200,343.4200,343.3400,343.3400
1787150182,343.3000,343.3000,343.2300,343.2300
1787150183,343.2600,343.2800,343.2600,343.2600
1787150184,343.2650,343.2650,343.2600,343.2600
1787150185,343.2200,343.2200,343.1800,343.1800
1787150186,343.1750,343.2150,343.1750,343.2150
1787150187,343.1500,343.1500,343.0500,343.0500
1787150188,343.0950,343.1100,343.0950,343.1100
1787150189,343.1500,343.1500,343.1100,343.1100
1787150190,343.1500,343.3000,343.1500,343.2300
1787150192,343.1800,343.1800,343.1800,343.1800
1787150193,343.1800,343.2100,343.1800,343.1800
1787150194,343.1850,343.1850,343.1500,343.1500
1787150197,343.0900,343.1100,343.0900,343.1100
1787150198,343.1000,343.1000,343.0800,343.0800
1787150199,343.0700,343.0700,342.9400,342.9400
1787150200,342.9500,343.0100,342.9500,343.0100
1787150201,342.9950,343.0300,342.9950,343.0300
1787150202,343.0000,343.0000,343.0000,343.0000
1787150203,343.0000,343.0400,342.9900,342.9900
1787150204,343.0400,343.0500,343.0400,343.0500
1787150205,343.0600,343.0700,343.0500,343.0500
1787150206,343.0600,343.1400,343.0600,343.1400
1787150207,343.2000,343.2300,343.1800,343.1800
1787150209,343.1300,343.1400,343.1200,343.1400
1787150210,343.1000,343.1000,343.0900,343.0900
1787150211,343.0900,343.1200,343.0900,343.1200
1787150213,343.1100,343.1700,343.1000,343.1700
1787150214,343.1700,343.2100,343.1700,343.2100
1787150215,343.2100,343.3000,343.2100,343.3000
1787150216,343.3000,343.3000,343.3000,343.3000
1787150217,343.3300,343.3500,343.3300,343.3300
1787150218,343.4000,343.4800,343.4000,343.4800
1787150220,343.4600,343.4700,343.4500,343.4700
1787150221,343.4500,343.5000,343.4500,343.5000
1787150222,343.4900,343.5000,343.4000,343.4000
1787150223,343.4250,343.5200,343.4250,343.5200
1787150224,343.5600,343.5600,343.5600,343.5600
1787150226,343.5800,343.6000,343.5800,343.6000
1787150227,343.5600,343.5600,343.5600,343.5600
1787150228,343.5600,343.5600,343.5400,343.5600
1787150232,343.5800,343.6000,343.5800,343.6000
1787150233,343.5900,343.6800,343.5900,343.6500
1787150234,343.6750,343.6750,343.6400,343.6400
1787150235,343.5900,343.5900,343.5700,343.5900
1787150236,343.5800,343.6000,343.5600,343.6000
1787150238,343.6000,343.6000,343.6000,343.6000
1787150239,343.5800,343.6300,343.5800,343.6300
1787150240,343.5900,343.6300,343.5700,343.6300
1787150241,343.6600,343.7000,343.6600,343.7000
1787150243,343.7300,343.7900,343.7100,343.7100
1787150244,343.7100,343.7100,343.7100,343.7100
1787150245,343.7100,343.7200,343.7100,343.7200
1787150246,343.7400,343.7400,343.7400,343.7400
1787150247,343.7400,343.7400,343.7400,343.7400
1787150248,343.7300,343.7400,343.7300,343.7300
1787150249,343.7200,343.8000,343.6600,343.8000
1787150250,343.8200,343.8200,343.8200,343.8200
1787150251,343.8100,343.8100,343.7500,343.7500
1787150252,343.7600,343.8300,343.7400,343.8150
1787150254,343.7900,343.8000,343.7800,343.7900
1787150255,343.8100,343.8100,343.8100,343.8100
1787150256,343.7600,343.7600,343.7000,343.7500
1787150257,343.7300,343.7300,343.6600,343.6600
1787150258,343.7100,343.7500,343.6300,343.6600
1787150259,343.6800,343.7400,343.6800,343.7300
1787150260,343.7000,343.7000,343.7000,343.7000
1787150263,343.7000,343.7000,343.6900,343.7000
1787150264,343.6700,343.6700,343.6100,343.6200
1787150265,343.6600,343.6800,343.6600,343.6800
1787150266,343.6900,343.6900,343.6600,343.6600
1787150269,343.7400,343.7400,343.7400,343.7400
1787150270,343.6800,343.6800,343.6500,343.6500
1787150271,343.6400,343.7000,343.6300,343.7000
1787150273,343.7000,343.7000,343.7000,343.7000
1787150274,343.7300,343.7300,343.7000,343.7000
1787150275,343.7000,343.7000,343.7000,343.7000
1787150277,343.7000,343.7500,343.7000,343.7500
1787150278,343.7100,343.7900,343.7100,343.7900
1787150279,343.7800,343.7800,343.7800,343.7800
1787150280,343.7800,343.8600,343.7800,343.8400
1787150281,343.8450,343.9000,343.8450,343.8900
1787150282,343.8900,343.9100,343.8900,343.9100
1787150283,343.8900,343.9300,343.8700,343.9300
1787150284,343.9100,343.9700,343.9100,343.9700
1787150285,343.9800,344.0700,343.9700,344.0700
1787150286,344.0500,344.0800,344.0200,344.0700
1787150287,344.0400,344.0400,343.9700,344.0000
1787150288,343.9800,343.9800,343.9700,343.9800
1787150289,343.9500,343.9500,343.9300,343.9400
1787150290,343.9900,343.9900,343.9900,343.9900
1787150291,343.9900,344.0150,343.9900,344.0150
1787150292,344.0600,344.0900,344.0600,344.0600
1787150293,344.0800,344.1500,344.0800,344.1200
1787150294,344.1250,344.1250,344.1250,344.1250
1787150296,344.1200,344.1200,344.0400,344.0400
1787150297,344.0200,344.0300,343.9700,343.9900
1787150298,343.9400,343.9400,343.9300,343.9400
1787150299,343.9500,344.0000,343.9500,344.0000
1787150301,344.0000,344.0100,343.9800,343.9800
1787150302,343.9800,344.0400,343.9800,344.0400
1787150303,344.0500,344.0600,344.0500,344.0500
1787150304,344.0700,344.0700,344.0700,344.0700
1787150305,344.1000,344.1000,344.0700,344.0700
1787150306,344.0000,344.0000,343.9900,344.0000
1787150307,343.9500,343.9500,343.9500,343.9500
1787150308,343.9700,343.9700,343.9400,343.9700
1787150309,343.9900,343.9900,343.9100,343.9350
1787150310,343.9500,343.9500,343.9500,343.9500
1787150313,343.9900,344.1400,343.9900,344.1100
1787150314,344.0600,344.0600,344.0600,344.0600
1787150315,344.0500,344.0500,344.0500,344.0500
1787150316,344.0400,344.0400,344.0400,344.0400
1787150317,344.0900,344.1200,344.0900,344.1200
1787150318,344.1100,344.1400,344.1100,344.1400
1787150319,344.1200,344.1200,344.1200,344.1200
1787150321,344.1400,344.1500,344.1400,344.1400
1787150324,344.1500,344.1600,344.1500,344.1500
1787150325,344.1400,344.1400,344.1000,344.1300
1787150326,344.1300,344.6400,344.1300,344.6400
1787150328,344.6500,344.7600,344.6500,344.7550
1787150329,344.7800,344.7800,344.6900,344.6900
1787150330,344.7200,344.7300,344.7200,344.7300
1787150331,344.7300,344.7600,344.7300,344.7600
1787150332,344.7600,344.8300,344.7600,344.8300
1787150333,344.8200,344.8200,344.6500,344.6800
1787150334,344.6400,344.6400,344.6400,344.6400
1787150335,344.6600,344.6700,344.6600,344.6700
1787150336,344.6900,344.7400,344.6900,344.7400
1787150337,344.7100,344.7100,344.6500,344.6600
1787150338,344.6500,344.7000,344.6500,344.7000
1787150339,344.7000,344.7000,344.7000,344.7000
1787150340,344.6450,344.6900,344.6450,344.6800
1787150341,344.6900,344.7000,344.6900,344.7000
1787150342,344.7000,344.7000,344.6800,344.6800
1787150343,344.6900,344.8600,344.6900,344.8600
1787150344,344.8600,344.8800,344.8300,344.8300
1787150345,344.8550,344.8800,344.8550,344.8800
1787150346,344.8800,344.9100,344.8700,344.9000
1787150347,344.9200,344.9800,344.9200,344.9800
1787150348,344.9800,345.0400,344.9700,345.0000
1787150349,345.0200,345.0200,345.0100,345.0100
1787150350,345.0100,345.0200,345.0100,345.0100
1787150351,345.0100,345.0150,344.9900,344.9900
1787150352,345.0000,345.0000,344.9700,345.0000
1787150353,345.0300,345.0500,344.9600,344.9600
1787150354,345.0000,345.0000,344.9800,345.0000
1787150355,345.0100,345.0200,345.0000,345.0100
1787150356,345.0500,345.0500,345.0500,345.0500
1787150357,345.0800,345.0800,345.0700,345.0700
1787150358,345.1000,345.1300,345.1000,345.1300
1787150359,345.1300,345.1400,345.0000,345.0000
1787150360,344.9700,345.0700,344.9700,345.0700
1787150361,345.0600,345.0800,345.0500,345.0500
1787150362,345.0300,345.0300,344.6600,344.7500
1787150363,344.8000,344.8000,344.7600,344.7600
1787150364,344.7900,344.7900,344.7900,344.7900
1787150366,344.8200,344.8200,344.7500,344.7900
1787150367,344.8500,344.8500,344.7900,344.7900
1787150368,344.7900,344.8150,344.7900,344.8000
1787150370,344.8000,344.8000,344.7600,344.7600
1787150371,344.7500,344.7500,344.6000,344.6000
1787150372,344.6700,344.6700,344.6350,344.6350
1787150373,344.6800,344.6800,344.6800,344.6800
1787150374,344.6700,344.6700,344.6500,344.6600
1787150375,344.6400,344.6400,344.6300,344.6300
1787150376,344.6400,344.8000,344.6400,344.8000
1787150377,344.7800,344.8200,344.7600,344.8200
1787150378,344.8600,344.8600,344.8600,344.8600
1787150379,344.8700,344.9000,344.8700,344.9000
1787150380,344.9600,344.9900,344.9600,344.9900
1787150381,345.0000,345.0000,344.9600,344.9700
1787150382,345.0100,345.0100,345.0000,345.0100
1787150383,345.0400,345.0500,345.0400,345.0500
1787150384,345.0500,345.0650,345.0500,345.0650
1787150386,345.0700,345.0700,345.0500,345.0500
1787150387,345.0300,345.0300,345.0300,345.0300
1787150388,345.0500,345.0500,345.0500,345.0500
1787150389,345.0600,345.1900,345.0600,345.1800
1787150390,345.1700,345.1700,345.1400,345.1450
1787150392,345.1400,345.1400,345.0500,345.0600
1787150394,345.0200,345.0200,345.0000,345.0200
1787150395,344.9900,344.9900,344.9900,344.9900
1787150397,344.9300,344.9300,344.8900,344.9100
1787150398,344.9200,344.9550,344.9200,344.9200
1787150400,344.9900,345.0000,344.9600,344.9700
1787150401,344.9600,344.9600,344.9600,344.9600
1787150402,344.9600,344.9600,344.9600,344.9600
1787150403,344.9650,345.0100,344.9650,345.0100
1787150404,345.0400,345.0400,345.0400,345.0400
1787150405,345.0500,345.0900,345.0300,345.0900
1787150406,345.1000,345.1200,345.1000,345.1200
1787150407,345.1100,345.1200,345.0900,345.1000
1787150409,345.1100,345.2000,345.1000,345.1000
1787150410,345.1500,345.1500,345.1500,345.1500
1787150413,345.1400,345.1500,345.1400,345.1500
1787150414,345.1600,345.1600,345.1100,345.1150
1787150415,345.0900,345.0900,345.0500,345.0500
1787150416,345.0500,345.0500,345.0500,345.0500
1787150417,345.1050,345.1050,345.1050,345.1050
1787150419,345.1200,345.1200,345.1200,345.1200
1787150420,345.1300,345.1300,345.1300,345.1300
1787150421,345.1500,345.4700,345.1500,345.3700
1787150423,345.4700,345.6000,345.4700,345.6000
1787150424,345.6400,345.6500,345.6400,345.6500
1787150425,345.6250,345.6500,345.5900,345.6500
1787150426,345.6500,345.7000,345.6200,345.6700
1787150427,345.7000,345.7400,345.7000,345.7400
1787150428,345.7400,345.7400,345.6600,345.6600
1787150429,345.6600,345.6800,345.6000,345.6800
1787150430,345.6800,345.6800,345.6800,345.6800
1787150431,345.6900,345.6900,345.6800,345.6800
1787150432,345.7100,345.7600,345.6500,345.6500
1787150433,345.6350,345.6500,345.6350,345.6500
1787150435,345.6300,345.6500,345.5300,345.5300
1787150436,345.4900,345.5600,345.4300,345.5600
1787150437,345.5150,345.5150,345.4600,345.4600
1787150438,345.5100,345.5250,345.5100,345.5250
1787150439,345.5300,345.5500,345.5300,345.5500
1787150440,345.5500,345.6000,345.5500,345.5700
1787150442,345.5800,345.5800,345.5700,345.5800
1787150443,345.6100,345.6500,345.6100,345.6200
1787150444,345.6300,345.6300,345.5100,345.6100
1787150445,345.6000,345.6000,345.6000,345.6000
1787150446,345.5700,345.6000,345.5700,345.6000
1787150447,345.6300,345.6550,345.6200,345.6200
1787150448,345.6550,345.8100,345.6200,345.8100
1787150449,345.7900,345.7900,345.7600,345.7800
1787150450,345.7700,345.7700,345.7400,345.7500
1787150451,345.7600,345.7600,345.7200,345.7400
1787150452,345.7300,345.7300,345.6850,345.6850
1787150453,345.6900,345.6900,345.6600,345.6600
1787150454,345.6700,345.6900,345.6700,345.6800
1787150455,345.7000,345.7100,345.7000,345.7100
1787150456,345.7000,345.7000,345.6200,345.6400
1787150457,345.6600,345.7000,345.6600,345.6950
1787150458,345.7100,345.7300,345.7100,345.7100
1787150459,345.7200,345.7300,345.7200,345.7300
1787150460,345.7300,345.7300,345.7300,345.7300
1787150461,345.7600,345.7600,345.7300,345.7300
1787150462,345.7200,345.7200,345.7200,345.7200
1787150464,345.7200,345.7200,345.6400,345.6800
1787150465,345.7000,345.7000,345.7000,345.7000
1787150466,345.7300,345.7300,345.6600,345.6700
1787150467,345.6600,345.6600,345.5400,345.5400
1787150468,345.5500,345.6600,345.5500,345.6600
1787150469,345.6800,345.7900,345.6800,345.7000
1787150470,345.6800,345.6800,345.6400,345.6400
1787150471,345.6350,345.6350,345.6350,345.6350
1787150472,345.6350,345.6350,345.5600,345.5800
1787150473,345.5300,345.5300,345.4900,345.5100
1787150474,345.5000,345.5400,345.4800,345.5400
1787150475,345.5100,345.5100,345.5100,345.5100
1787150476,345.5500,345.5600,345.4800,345.5000
1787150477,345.5200,345.5900,345.5200,345.5900
1787150478,345.5500,345.5500,345.5400,345.5400
1787150479,345.5200,345.5400,345.5200,345.5400
1787150480,345.5400,345.5500,345.5400,345.5400
1787150481,345.5900,345.5900,345.5900,345.5900
1787150482,345.6000,345.9000,345.6000,345.8900
1787150483,345.9000,345.9300,345.8500,345.9000
1787150484,345.8600,345.8600,345.8600,345.8600
1787150486,345.8700,345.8700,345.7900,345.8000
1787150488,345.7900,345.7900,345.7800,345.7800
1787150489,345.7300,345.7300,345.6700,345.7000
1787150490,345.7400,345.7700,345.7400,345.7700
1787150491,345.7500,345.7500,345.7100,345.7100
1787150492,345.7400,345.7500,345.6850,345.6850
1787150496,345.6700,345.6750,345.5500,345.5700
1787150497,345.6500,345.6500,345.6500,345.6500
1787150499,345.6750,345.6750,345.6400,345.6400
1787150500,345.6300,345.6300,345.5550,345.5550
1787150501,345.5700,345.5700,345.5700,345.5700
1787150502,345.6100,345.6650,345.6100,345.6650
1787150503,345.6200,345.6300,345.5800,345.5800
1787150504,345.5500,345.5500,345.5000,345.5200
1787150505,345.5300,345.5300,345.5300,345.5300
1787150506,345.5100,345.5100,345.4700,345.4700
1787150507,345.4800,345.4800,345.4300,345.4400
1787150508,345.4000,345.4000,345.3800,345.3800
1787150509,345.3500,345.3500,345.3500,345.3500
1787150510,345.2700,345.2700,345.1300,345.1600
1787150511,345.1600,345.1600,345.1600,345.1600
1787150512,345.1000,345.1100,345.0400,345.1050
1787150513,345.1100,345.2600,345.1100,345.2600
1787150514,345.2450,345.2600,345.2200,345.2600
1787150515,345.2200,345.2200,345.2150,345.2200
1787150516,345.2500,345.2800,345.2500,345.2800
1787150517,345.2900,345.3050,345.2900,345.3050
1787150518,345.2800,345.3000,345.2500,345.3000
1787150520,345.3200,345.3500,345.2800,345.2800
1787150521,345.2500,345.2500,345.2500,345.2500
1787150522,345.3000,345.3200,345.3000,345.3200
1787150523,345.3400,345.3800,345.3400,345.3800
1787150524,345.3600,345.3600,345.3600,345.3600
1787150525,345.3400,345.3700,345.3200,345.3450
1787150526,345.3700,345.6100,345.3700,345.6100
1787150527,345.6050,345.6300,345.5800,345.6200
1787150528,345.6100,345.6300,345.6100,345.6300
1787150529,345.6400,345.6600,345.6300,345.6500
1787150530,345.6300,345.6300,345.5800,345.5900
1787150531,345.6000,345.6000,345.6000,345.6000
1787150532,345.5850,345.5900,345.4700,345.4700
1787150533,345.4700,345.4800,345.4100,345.4500
1787150535,345.4700,345.5400,345.4700,345.5400
1787150536,345.4800,345.5100,345.4800,345.5100
1787150537,345.4800,345.4800,345.4800,345.4800
1787150538,345.4600,345.4700,345.4600,345.4700
1787150541,345.5100,345.5200,345.5000,345.5100
1787150542,345.5400,345.5500,345.5000,345.5000
1787150543,345.5200,345.5200,345.5100,345.5200
1787150544,345.5500,345.5900,345.5400,345.5400
1787150545,345.5500,345.5500,345.5500,345.5500
1787150546,345.5500,345.6600,345.5500,345.6300
1787150548,345.6900,346.2300,345.6900,346.2300
1787150549,346.2250,346.2800,346.1600,346.1800
1787150550,346.2700,346.3000,346.2200,346.2400
1787150551,346.2500,346.2500,346.2100,346.2200
1787150552,346.2300,346.2500,346.2200,346.2300
1787150554,346.1900,346.2000,346.1800,346.2000
1787150556,346.1700,346.1700,346.1000,346.1500
1787150557,346.1500,346.1500,346.1500,346.1500
1787150558,346.1200,346.1200,346.1200,346.1200
1787150559,346.2050,346.2050,346.2050,346.2050
1787150560,346.2300,346.2700,346.2200,346.2200
1787150561,346.2250,346.2250,346.2100,346.2100
1787150562,346.1700,346.2500,346.1700,346.2500
1787150563,346.2700,346.2700,346.2700,346.2700
1787150564,346.2900,346.3600,346.2900,346.3600
1787150565,346.3600,346.3600,346.2800,346.2900
1787150566,346.3100,346.3300,346.3100,346.3200
1787150567,346.3200,346.3200,346.3200,346.3200
1787150568,346.3300,346.3300,346.3300,346.3300
1787150569,346.3400,346.3400,346.2800,346.3400
1787150570,346.3700,346.4500,346.3700,346.3800
1787150571,346.3800,346.4300,346.3800,346.4300
1787150572,346.4300,346.4300,346.4300,346.4300
1787150573,346.4600,346.4600,346.4550,346.4550
1787150574,346.4200,346.4200,346.2800,346.3100
1787150575,346.3100,346.3100,346.2900,346.3100
1787150576,346.3100,346.3400,346.3100,346.3400
1787150577,346.3400,346.4000,346.3400,346.4000
1787150578,346.4000,346.4100,346.4000,346.4100
1787150579,346.4600,346.4600,346.4500,346.4600
1787150580,346.4400,346.4500,346.3850,346.4400
1787150581,346.4300,346.4450,346.4300,346.4450
1787150582,346.4300,346.4300,346.3700,346.4300
1787150583,346.4000,346.4500,346.4000,346.4500
1787150584,346.4500,346.5800,346.4500,346.5300
1787150585,346.5700,346.7000,346.5700,346.7000
1787150587,346.7300,346.7500,346.7300,346.7500
1787150588,346.7450,346.7450,346.7450,346.7450
1787150589,346.7450,346.7450,346.6900,346.7050
1787150591,346.6500,346.6500,346.6400,346.6500
1787150592,346.6800,346.7300,346.6800,346.7300
1787150593,346.6700,346.7200,346.6700,346.7200
1787150594,346.6900,346.7000,346.6900,346.7000
1787150595,346.7000,346.7000,346.6700,346.6800
1787150596,346.6700,346.6850,346.6500,346.6850
1787150597,346.6900,346.7900,346.6900,346.7900
1787150599,346.8000,346.8400,346.8000,346.8350
1787150600,346.8600,346.9100,346.8600,346.9100
1787150601,346.9200,346.9200,346.8000,346.8200
1787150603,346.8350,346.8350,346.7700,346.7800
1787150604,346.7600,346.7600,346.6600,346.6600
1787150605,346.7500,346.7600,346.7500,346.7600
1787150606,346.6900,346.6900,346.6200,346.6300
1787150607,346.6000,346.6000,346.5500,346.5500
1787150608,346.5400,346.5400,346.4500,346.4600
1787150609,346.4900,346.7250,346.4200,346.5600
1787150610,346.5100,346.5100,346.1800,346.1800
1787150611,346.2200,346.2400,346.2000,346.2000
1787150612,346.2100,346.2300,346.2100,346.2300
1787150613,346.2100,346.2100,346.1700,346.1700
1787150614,346.1600,346.1600,346.1600,346.1600
1787150615,346.2050,346.2200,346.2050,346.2200
1787150616,346.1800,346.1900,346.1600,346.1900
1787150617,346.2300,346.3200,346.2300,346.3200
1787150618,346.3450,346.3450,346.3100,346.3100
1787150619,346.3200,346.3200,346.3200,346.3200
1787150620,346.3300,346.3600,346.3300,346.3600
1787150621,346.3500,346.3650,346.3500,346.3650
1787150622,346.3900,346.4000,346.3900,346.4000
1787150623,346.3900,346.4000,346.3900,346.4000
1787150624,346.4500,346.5200,346.4500,346.5200
1787150625,346.4700,346.4700,346.3100,346.3300
1787150626,346.3800,346.4900,346.3800,346.4000
1787150628,346.4100,346.4300,346.4100,346.4300
1787150630,346.4000,346.4600,346.2800,346.4400
1787150631,346.4200,346.4200,346.4200,346.4200
1787150634,346.3800,346.4000,346.3800,346.4000
1787150636,346.3600,346.3600,346.1300,346.2400
1787150638,346.2500,346.2500,346.2500,346.2500
1787150639,346.2100,346.2100,346.2100,346.2100
1787150640,346.2100,346.2100,346.1100,346.1200
1787150641,346.1200,346.1200,346.1000,346.1000
1787150642,346.1000,346.2100,346.1000,346.2100
1787150643,346.2500,346.2500,346.2500,346.2500
1787150644,346.1900,346.1900,346.1500,346.1750
1787150645,346.1300,346.1300,345.9500,346.0500
1787150646,346.0000,346.0000,345.9800,346.0000
1787150647,346.0700,346.0700,346.0700,346.0700
1787150648,346.1000,346.1400,346.1000,346.1400
1787150649,346.1100,346.1100,346.0700,346.0700
1787150650,346.0800,346.0800,346.0100,346.0100
1787150651,346.0600,346.0700,345.9800,345.9800
1787150652,346.0200,346.1000,346.0200,346.1000
1787150653,346.1300,346.1400,346.0500,346.0500
1787150654,345.9800,346.0300,345.9800,346.0300
1787150655,346.0000,346.0000,345.9900,345.9950
1787150656,346.0100,346.0100,345.9600,345.9600
1787150657,345.9600,346.0000,345.9600,345.9600
1787150658,346.0000,346.0500,346.0000,346.0500
1787150659,346.0700,346.0900,346.0600,346.0800
1787150661,346.0900,346.2500,346.0900,346.2500
1787150662,346.2700,346.2800,346.2700,346.2800
1787150663,346.2900,346.3500,346.2900,346.3500
1787150664,346.3400,346.3600,346.3400,346.3600
1787150665,346.3350,346.3350,346.2750,346.2750
1787150666,346.2200,346.2700,346.2000,346.2700
1787150667,346.3100,346.3100,346.2450,346.2450
1787150669,346.2000,346.2200,346.1900,346.1950
1787150670,346.2200,346.2200,346.1900,346.1900
1787150671,346.2000,346.2000,346.1900,346.1900
1787150672,346.1900,346.2100,346.1900,346.2100
1787150673,346.1900,346.1900,346.1900,346.1900
1787150674,346.1600,346.1600,346.1550,346.1550
1787150675,346.1800,346.1900,346.1800,346.1900
1787150676,346.1600,346.1600,346.1200,346.1200
1787150677,346.1400,346.2100,346.1000,346.1100
1787150678,346.1400,346.3200,346.1400,346.2300
1787150679,346.2500,346.2500,346.2500,346.2500
1787150680,346.2900,346.2900,346.2900,346.2900
1787150681,346.3000,346.3200,346.2900,346.2900
1787150682,346.3050,346.3050,346.3050,346.3050
1787150683,346.2800,346.2800,346.2700,346.2700
1787150684,346.2600,346.3400,346.2600,346.3400
1787150685,346.3000,346.3000,346.2900,346.2900
1787150686,346.3500,346.3900,346.3450,346.3450
1787150687,346.3900,346.4100,346.3900,346.3900
1787150688,346.4100,346.4500,346.4100,346.4500
1787150689,346.4500,346.4500,346.4500,346.4500
1787150690,346.4500,346.6000,346.4500,346.6000
1787150693,346.5300,346.6800,346.5200,346.6800
1787150694,346.7000,346.7500,346.7000,346.7500
1787150695,346.7500,346.7500,346.7500,346.7500
1787150696,346.7000,346.7100,346.6900,346.7100
1787150697,346.7400,346.7400,346.7400,346.7400
1787150698,346.7200,346.7400,346.7100,346.7400
1787150699,346.7000,346.7400,346.7000,346.7400
1787150700,346.7250,346.7250,346.7250,346.7250
1787150701,346.7000,346.7900,346.6200,346.7900
1787150702,346.8000,346.8100,346.7700,346.7900
1787150703,346.8000,346.8100,346.8000,346.8100
1787150704,346.8400,347.4400,346.8400,347.4100
1787150705,347.3800,347.7500,347.3200,347.5200
1787150706,347.6100,347.6400,347.5300,347.6400
1787150707,347.6700,347.6700,347.6600,347.6700
1787150708,347.6950,347.7000,347.6400,347.6600
1787150710,347.6600,347.6600,347.5900,347.5900
1787150711,347.6300,347.6400,347.6050,347.6400
1787150712,347.6500,347.6550,347.5900,347.5900
1787150713,347.5900,347.6600,347.5800,347.5800
1787150714,347.6200,347.6400,347.5700,347.6400
1787150715,347.5800,347.6100,347.5300,347.6100
1787150716,347.6400,347.8000,347.5000,347.5000
1787150717,347.5100,347.5400,347.3800,347.3800
1787150718,347.4000,347.4000,347.4000,347.4000
1787150719,347.3700,347.3700,347.3100,347.3600
1787150720,347.3800,347.3800,347.3800,347.3800
1787150721,347.3600,347.3750,347.1600,347.1600
1787150723,347.1700,347.1700,347.1700,347.1700
1787150724,347.1900,347.1900,346.9300,346.9900
1787150725,346.9600,346.9650,346.9600,346.9650
1787150726,346.9500,346.9800,346.9500,346.9800
1787150727,347.0100,347.0200,347.0100,347.0200
1787150728,347.0400,347.1400,347.0400,347.1400
1787150729,347.2200,347.2200,347.1500,347.1500
1787150730,347.1600,347.1600,347.1100,347.1400
1787150731,347.1500,347.2700,347.1500,347.2200
1787150733,347.2200,347.2700,347.2100,347.2250
1787150734,347.1700,347.1700,347.1500,347.1600
1787150735,347.1900,347.1900,347.1800,347.1800
1787150736,347.2200,347.2200,347.1800,347.1800
1787150737,347.1900,347.2400,347.1900,347.2000
1787150738,347.1800,347.2100,347.1500,347.1900
1787150739,347.2300,347.2500,347.1300,347.1300
1787150741,347.2900,347.3300,347.2800,347.3100
1787150743,347.3600,347.4000,347.3600,347.4000
1787150744,347.4250,347.4250,347.4250,347.4250
1787150745,347.4000,347.4000,347.3800,347.3800
1787150746,347.3900,347.3900,347.3300,347.3700
1787150747,347.4100,347.4200,347.3900,347.3900
1787150748,347.4000,347.4000,347.3850,347.3850
1787150749,347.4100,347.4100,347.3200,347.3200
1787150750,347.3100,347.3100,347.2800,347.2800
1787150751,347.2800,347.2800,347.2200,347.2200
1787150752,347.2300,347.2300,347.2000,347.2100
1787150753,347.2200,347.3000,347.2200,347.2900
1787150754,347.3100,347.3600,347.3100,347.3600
1787150755,347.3200,347.3500,347.3200,347.3500
1787150756,347.3000,347.3100,347.2900,347.3100
1787150757,347.2400,347.2500,347.1700,347.1900
1787150758,347.1800,347.1800,347.1800,347.1800
1787150759,347.2300,347.2500,347.2200,347.2200
1787150761,347.2400,347.3200,347.2400,347.3000
1787150762,347.3200,347.3200,347.2000,347.2000
1787150763,347.2200,347.2200,347.1200,347.1300
1787150764,347.1100,347.1100,346.9200,347.0000
1787150765,347.0600,347.0800,346.9900,346.9900
1787150766,347.0300,347.0300,347.0300,347.0300
1787150767,347.0900,347.1400,347.0900,347.1400
1787150768,347.1200,347.1200,347.0100,347.0100
1787150769,347.0100,347.0550,347.0100,347.0550
1787150771,347.0600,347.0900,347.0000,347.0600
1787150772,347.0900,347.0900,347.0900,347.0900
1787150773,347.1100,347.2000,347.1100,347.2000
1787150774,347.1800,347.1800,347.1600,347.1600
1787150775,347.1500,347.1500,347.0300,347.0300
1787150777,347.0600,347.0900,347.0000,347.0000
1787150778,346.9600,346.9600,346.9100,346.9300
1787150779,346.9400,346.9400,346.9400,346.9400
1787150780,346.9000,346.9300,346.8700,346.8700
1787150781,346.8600,346.9050,346.8300,346.8800
1787150782,346.8600,346.9100,346.8600,346.9100
1787150784,346.8500,346.8500,346.7300,346.7300
1787150785,346.7100,346.8150,346.7100,346.7700
1787150786,346.7900,346.7900,346.7300,346.7550
1787150787,346.7550,346.8100,346.7550,346.8100
1787150788,346.8200,346.8200,346.3900,346.3900
1787150789,346.5100,346.5100,346.4100,346.4500
1787150790,346.3900,346.4800,346.3500,346.4300
1787150791,346.3400,346.4800,346.3300,346.4500
1787150792,346.4600,346.4600,346.3900,346.3950
1787150793,346.3500,346.4300,346.3500,346.4300
1787150794,346.4000,346.4000,346.3300,346.3400
1787150795,346.3700,346.4600,346.3000,346.3700
1787150796,346.4200,346.4200,346.4200,346.4200
1787150797,346.4000,346.4000,346.4000,346.4000
1787150798,346.4050,346.4050,346.3500,346.3500
1787150799,346.4000,346.4200,346.3900,346.3900
1787150800,346.4000,346.5200,346.4000,346.4600
1787150801,346.3800,346.5000,346.3800,346.5000
1787150802,346.4200,346.4200,346.2600,346.3400
1787150805,346.2400,346.2750,346.1600,346.1900
1787150806,346.1800,346.3200,346.1700,346.3100
1787150807,346.1900,346.1900,346.1900,346.1900
1787150808,346.1500,346.2000,346.1400,346.2000
1787150809,346.2100,346.2100,346.1900,346.2100
1787150810,346.1700,346.1950,346.1600,346.1950
1787150811,346.2000,346.2950,346.1700,346.2950
1787150812,346.3100,346.3200,346.2900,346.3000
1787150813,346.3000,346.3000,346.2900,346.2900
1787150814,346.3100,346.3300,346.2800,346.3200
1787150815,346.3200,346.4400,346.3200,346.4400
1787150816,346.4100,346.4700,346.4100,346.4100
1787150817,346.4800,346.5600,346.4800,346.4900
1787150818,346.5000,346.5400,346.4200,346.4900
1787150820,346.4900,346.5500,346.4900,346.5500
1787150821,346.5150,346.5150,346.4400,346.4400
1787150822,346.4500,346.4600,346.4350,346.4600
1787150823,346.3900,346.3900,346.2800,346.2800
1787150824,346.2850,346.3600,346.2850,346.3300
1787150825,346.3500,346.3800,346.3500,346.3700
1787150826,346.3500,346.3500,346.1600,346.1600
1787150828,346.1600,346.1600,346.1400,346.1400
1787150829,346.1400,346.1450,346.0750,346.0750
1787150830,346.0400,346.1100,346.0200,346.1100
1787150831,346.0800,346.1200,346.0800,346.1200
1787150832,346.1300,346.2100,346.0900,346.1900
1787150833,346.1600,346.1600,346.1400,346.1400
1787150834,346.1800,346.2600,346.1800,346.2100
1787150835,346.1900,346.2300,346.1600,346.1600
1787150836,346.1500,346.1700,346.1400,346.1550
1787150837,346.1500,346.1900,346.1500,346.1900
1787150838,346.2000,346.2000,346.1500,346.1750
1787150839,346.1800,346.3100,346.1700,346.2000
1787150840,346.1600,346.1800,346.1600,346.1800
1787150841,346.2000,346.2200,346.1400,346.1900
1787150842,346.1700,346.1800,346.1000,346.1100
1787150843,346.0900,346.1400,345.9700,346.1400
1787150844,346.0800,346.0900,346.0700,346.0900
1787150845,346.0900,346.1200,346.0400,346.0850
1787150846,346.0600,346.0600,346.0600,346.0600
1787150847,346.0600,346.0600,346.0300,346.0300
1787150848,346.0800,346.0800,346.0400,346.0600
1787150849,346.0600,346.2400,346.0600,346.2400
1787150850,346.2300,346.2300,346.2300,346.2300
1787150851,346.2000,346.2300,346.1900,346.2300
1787150852,346.1600,346.1600,346.1500,346.1500
1787150853,346.1600,346.2300,346.1600,346.2100
1787150855,346.2200,346.2200,346.2200,346.2200
1787150856,346.2200,346.4500,346.2200,346.2900
1787150857,346.2900,346.3500,346.2800,346.3100
1787150858,346.3650,346.3650,346.3400,346.3400
1787150859,346.3700,346.4500,346.3600,346.4500
1787150861,346.3800,346.3800,346.3800,346.3800
1787150862,346.3800,346.3800,346.3100,346.3100
1787150864,346.3400,346.4400,346.3400,346.4400
1787150865,346.4500,346.4800,346.4500,346.4750
1787150866,346.5000,346.5100,346.5000,346.5100
1787150867,346.5000,346.5000,346.4500,346.4800
1787150868,346.4500,346.4500,346.4500,346.4500
1787150869,346.4200,346.4200,346.4100,346.4100
1787150870,346.4000,346.4200,346.4000,346.4200
1787150871,346.3500,346.3500,346.3400,346.3400
1787150873,346.3300,346.3300,346.2300,346.2500
1787150875,346.2400,346.2400,346.2400,346.2400
1787150876,346.2400,346.2400,346.1200,346.1200
1787150878,346.0800,346.0800,345.8800,345.9300
1787150879,345.9350,346.0800,345.9350,346.0800
1787150880,346.0100,346.0100,346.0100,346.0100
1787150881,346.0000,346.0100,346.0000,346.0000
1787150882,346.0000,346.0000,346.0000,346.0000
1787150884,346.0800,346.0900,345.7800,345.7800
1787150885,345.8900,345.8900,345.8500,345.8500
1787150886,345.9450,345.9700,345.9000,345.9450
1787150887,345.9800,346.0000,345.9800,346.0000
1787150888,346.1100,346.1200,346.1100,346.1100
1787150889,346.1450,346.1450,346.1450,346.1450
1787150890,346.1800,346.1800,346.1800,346.1800
1787150891,346.2000,346.2400,346.1650,346.1700
1787150892,346.1500,346.1500,346.1400,346.1400
1787150893,346.1500,346.1900,346.1500,346.1900
1787150894,346.2000,346.2000,346.1850,346.2000
1787150895,346.2500,346.2900,346.2500,346.2900
1787150896,346.3150,346.3400,346.3150,346.3400
1787150898,346.2900,346.2900,346.2500,346.2500
1787150900,346.2500,346.2500,346.2500,346.2500
1787150904,346.3100,346.4000,346.3100,346.3700
1787150905,346.3600,346.3600,346.3600,346.3600
1787150907,346.3500,346.4050,346.3500,346.4050
1787150908,346.4050,346.4050,346.4050,346.4050
1787150909,346.4800,346.5000,346.4800,346.5000
1787150911,346.4600,346.5600,346.4500,346.5300
1787150912,346.5700,346.6100,346.4850,346.4850
1787150913,346.5200,346.5300,346.5200,346.5300
1787150915,346.6000,346.6000,346.6000,346.6000
1787150916,346.6400,346.6400,346.6400,346.6400
1787150917,346.6800,346.7000,346.6800,346.7000
1787150918,346.6700,346.6700,346.6200,346.6400
1787150919,346.6100,346.6100,346.6000,346.6000
1787150920,346.6200,346.6200,346.6200,346.6200
1787150921,346.6200,346.6200,346.5500,346.5500
1787150922,346.5500,346.5500,346.5500,346.5500
1787150923,346.5500,346.5500,346.4100,346.4100
1787150924,346.3800,346.3800,346.3500,346.3500
1787150925,346.3300,346.3600,346.3300,346.3600
1787150926,346.3400,346.3400,346.3200,346.3200
1787150928,346.3700,346.3800,346.3400,346.3400
1787150929,346.3100,346.3100,346.2500,346.2600
1787150931,346.2450,346.2450,346.2450,346.2450
1787150932,346.2200,346.2200,346.1800,346.1800
1787150933,346.1800,346.1800,346.1800,346.1800
1787150934,346.2300,346.2400,346.2100,346.2300
1787150935,346.2600,346.2700,346.2600,346.2700
1787150936,346.2300,346.2300,346.2100,346.2100
1787150938,346.2100,346.2100,346.1800,346.1800
1787150939,346.2500,346.2500,346.2500,346.2500
1787150940,346.2700,346.3900,346.2700,346.3900
1787150941,346.4300,346.4300,346.4300,346.4300
1787150942,346.4300,346.4400,346.4300,346.4300
1787150943,346.4200,346.4200,346.4200,346.4200
1787150945,346.5100,346.6100,346.5100,346.6100
1787150946,346.6300,346.6400,346.5700,346.6000
1787150947,346.6000,346.6300,346.6000,346.6300
1787150949,346.5900,346.5900,346.5300,346.5300
1787150950,346.4900,346.4900,346.4400,346.4600
1787150952,346.4100,346.4100,346.3200,346.3600
1787150953,346.3900,346.4300,346.3900,346.4200
1787150956,346.4400,346.4500,346.4400,346.4500
1787150957,346.4000,346.4000,346.3600,346.3600
1787150958,346.3950,346.3950,346.3950,346.3950
1787150959,346.4000,346.8200,346.4000,346.7200
1787150960,346.6700,346.6700,346.6600,346.6600
1787150961,346.6600,346.6600,346.6500,346.6600
1787150962,346.6050,346.6050,346.5700,346.5700
1787150963,346.6100,346.6100,346.6100,346.6100
1787150964,346.6300,346.6300,346.6300,346.6300
1787150965,346.6300,346.6300,346.6200,346.6200
1787150966,346.6200,346.6200,346.4300,346.5850
1787150968,346.6600,346.6600,346.6600,346.6600
1787150969,346.7150,346.7800,346.7150,346.7350
1787150971,346.7500,346.7500,346.7500,346.7500
1787150975,346.8000,346.8400,346.6700,346.7000
1787150976,346.7100,346.7600,346.7100,346.7600
1787150977,346.7000,346.7000,346.7000,346.7000
1787150978,346.6800,346.6800,346.5500,346.5500
1787150980,346.5800,346.6050,346.5800,346.6050
1787150981,346.6050,346.6050,346.6050,346.6050
1787150982,346.6000,346.6050,346.6000,346.6050
1787150984,346.5300,346.5300,346.3900,346.3900
1787150985,346.4000,346.4000,346.4000,346.4000
1787150986,346.4500,346.5050,346.4500,346.5050
1787150987,346.4500,346.4500,346.4200,346.4200
1787150988,346.4200,346.4200,346.1400,346.1400
1787150989,346.1500,346.1500,346.0800,346.0900
1787150990,346.0950,346.0950,346.0950,346.0950
1787150991,346.0950,346.1300,346.0900,346.1300
1787150992,346.1700,346.2000,346.1700,346.1800
1787150993,346.2300,346.2300,346.2300,346.2300
1787150994,346.2300,346.2300,346.2300,346.2300
1787150995,346.2400,346.3000,346.2400,346.3000
1787150996,346.2700,346.2700,346.2700,346.2700
1787150997,346.2700,346.2700,346.2700,346.2700
1787150998,346.3200,346.3700,346.3200,346.3600
1787150999,346.3800,346.4400,346.3800,346.4400
1787151000,346.4200,346.4500,346.4100,346.4150
1787151001,346.4200,346.4200,346.4200,346.4200
1787151003,346.4000,346.4000,346.2900,346.3300
1787151004,346.3300,346.3300,346.3300,346.3300
1787151005,346.3800,346.3800,346.3800,346.3800
1787151006,346.3700,346.4000,346.3700,346.4000
1787151007,346.4300,346.4300,346.4000,346.4300
1787151009,346.3600,346.3600,346.2900,346.3000
1787151010,346.2800,346.2800,346.1900,346.1900
1787151011,346.1900,346.1900,346.1600,346.1600
1787151013,346.2000,346.2000,346.1900,346.1900
1787151015,346.2700,346.2700,346.2700,346.2700
1787151016,346.2850,346.2900,346.2850,346.2900
1787151017,346.3000,346.3350,346.2800,346.2800
1787151018,346.2450,346.3800,346.2450,346.3800
1787151019,346.3400,346.4700,346.3400,346.4700
1787151020,346.4300,346.4300,346.4300,346.4300
1787151021,346.4600,346.4600,346.4000,346.4000
1787151023,346.3600,346.3600,346.3600,346.3600
1787151024,346.3550,346.3550,346.3550,346.3550
1787151025,346.4000,346.4300,346.4000,346.4300
1787151026,346.4800,346.5000,346.4400,346.4700
1787151027,346.4700,346.5000,346.3800,346.3800
1787151028,346.3500,346.3500,346.3500,346.3500
1787151029,346.4200,346.5100,346.4200,346.4900
1787151031,346.3850,346.4100,346.3500,346.3500
1787151035,346.3400,346.3400,346.3400,346.3400
1787151036,346.3550,346.3550,346.3550,346.3550
1787151037,346.3700,346.4100,346.3700,346.4000
1787151038,346.4200,346.4550,346.4200,346.4550
1787151039,346.5000,346.5300,346.4800,346.4800
1787151040,346.4650,346.4900,346.4650,346.4900
1787151042,346.5000,346.5400,346.5000,346.5200
1787151043,346.5400,346.5400,346.5000,346.5000
1787151044,346.5000,346.5000,346.5000,346.5000
1787151045,346.4700,346.4800,346.4600,346.4800
1787151047,346.4200,346.4300,346.0900,346.2150
1787151048,346.1300,346.1300,346.1200,346.1200
1787151049,346.1250,346.1500,346.0900,346.0950
1787151050,346.0950,346.1600,346.0950,346.1200
1787151051,346.1200,346.1200,346.0700,346.0700
1787151054,346.0900,346.1750,346.0900,346.1750
1787151056,346.1600,346.1800,346.1400,346.1400
1787151058,346.2700,346.3000,346.2700,346.3000
1787151060,346.3200,346.3200,346.3100,346.3100
1787151061,346.3400,346.3400,346.3400,346.3400
1787151063,346.2900,346.2900,346.2400,346.2400
1787151065,346.2300,346.2300,346.1400,346.1400
1787151067,346.1500,346.2600,346.1500,346.2500
1787151068,346.2600,346.3000,346.2600,346.3000
1787151069,346.3400,346.3400,346.3400,346.3400
1787151070,346.3200,346.6200,346.3200,346.6200
1787151071,346.6200,346.7100,346.5800,346.5800
1787151076,346.6100,346.6100,346.5800,346.5800
1787151077,346.6500,346.7200,346.6500,346.7200
1787151079,346.7000,346.7000,346.6100,346.6200
1787151080,346.6350,346.6350,346.6350,346.6350
1787151081,346.7000,346.7300,346.6000,346.6600
1787151082,346.6550,346.6550,346.6550,346.6550
1787151083,346.7000,346.7600,346.6900,346.6900
1787151084,346.6800,346.6800,346.6700,346.6700
1787151085,346.7000,346.7100,346.5000,346.5700
1787151087,346.5350,346.6700,346.5350,346.6700
1787151088,346.7000,346.7300,346.6900,346.6900
1787151089,346.6600,346.6600,346.6500,346.6500
1787151091,346.6400,346.6400,346.6200,346.6350
1787151092,346.6700,346.7150,346.6700,346.7150
1787151096,346.7700,346.7700,346.7300,346.7400
1787151097,346.7000,346.7000,346.6800,346.6800
1787151098,346.6800,346.7000,346.6600,346.7000
1787151099,346.6500,346.6600,346.6500,346.6600
1787151100,346.6600,346.6600,346.6500,346.6500
1787151101,346.6250,346.6250,346.6250,346.6250
1787151103,346.6600,346.7200,346.6600,346.7200
1787151104,346.6850,347.2000,346.6850,347.1500
1787151105,347.1600,347.1700,347.1200,347.1700
1787151106,347.1500,347.1800,347.1500,347.1600
1787151107,347.1200,347.1200,347.0000,347.0450
1787151108,347.0900,347.1100,347.0800,347.1100
1787151110,347.1400,347.1650,347.1400,347.1650
1787151111,347.1300,347.1300,347.1300,347.1300
1787151112,347.1550,347.1550,347.0700,347.0800
1787151115,347.0300,347.0900,346.9900,346.9900
1787151116,346.9500,346.9500,346.9100,346.9100
1787151118,346.9200,346.9200,346.9200,346.9200
1787151120,346.9700,346.9700,346.9700,346.9700
1787151122,346.9500,346.9500,346.9000,346.9000
1787151123,346.8600,346.8600,346.8500,346.8500
1787151124,346.8700,346.8800,346.8700,346.8800
1787151126,346.8500,346.8500,346.8100,346.8100
1787151128,346.8200,346.9900,346.8200,346.9300
1787151129,346.9100,346.9500,346.9100,346.9500
1787151130,346.9700,346.9700,346.9700,346.9700
1787151131,346.9650,346.9650,346.9650,346.9650
1787151132,346.9800,346.9800,346.9800,346.9800
1787151133,346.9900,347.0600,346.9000,347.0600
1787151134,347.0400,347.0400,346.9500,346.9500
1787151135,346.9000,347.0050,346.9000,347.0050
1787151136,347.0050,347.0050,346.4700,346.6300
1787151137,346.6100,346.6100,346.4000,346.5050
1787151138,346.5000,346.5400,346.4500,346.4500
1787151139,346.4650,346.4650,346.4650,346.4650
1787151140,346.4200,346.4200,346.2700,346.2700
1787151142,346.3900,346.4000,346.3900,346.3900
1787151143,346.3500,346.3700,346.3500,346.3700
1787151145,346.3900,346.3900,346.3400,346.3500
1787151146,346.3600,346.3600,346.3600,346.3600
1787151147,346.3300,346.3300,346.3000,346.3200
1787151149,346.3400,346.3400,346.3400,346.3400
1787151150,346.3500,346.3600,346.3500,346.3600
1787151151,346.3500,346.3500,346.3500,346.3500
1787151152,346.2900,346.3200,346.2900,346.3200
1787151154,346.2900,346.3000,346.2400,346.3000
1787151156,346.3400,346.5000,346.3400,346.5000
1787151157,346.4400,346.4400,346.4400,346.4400
1787151158,346.5000,346.5400,346.5000,346.5400
1787151159,346.5650,346.5650,346.5650,346.5650
1787151160,346.5650,346.6000,346.5650,346.5900
1787151161,346.5400,346.5400,346.4950,346.4950
1787151162,346.5100,346.5100,346.5100,346.5100
1787151163,346.5100,346.5500,346.5100,346.5350
1787151164,346.6200,346.6500,346.6200,346.6500
1787151165,346.5300,346.5400,346.5300,346.5400
1787151166,346.4900,346.4900,346.4100,346.4100
1787151167,346.4050,346.4050,346.4050,346.4050
1787151168,346.4050,346.4050,346.4050,346.4050
1787151169,346.4600,346.4600,346.4600,346.4600
1787151170,346.4900,346.4900,346.4900,346.4900
1787151171,346.5300,346.5400,346.5300,346.5400
1787151172,346.5600,346.5600,346.5600,346.5600
1787151173,346.6000,346.6200,346.6000,346.6200
1787151174,346.6400,346.6400,346.6250,346.6250
1787151175,346.6000,346.6000,346.5900,346.5900
1787151177,346.6100,346.6100,346.6100,346.6100
1787151181,346.6800,346.8200,346.6800,346.8200
1787151184,346.8000,346.8000,346.8000,346.8000
1787151185,346.8200,346.9300,346.8200,346.9300
1787151187,346.9300,346.9600,346.9300,346.9600
1787151188,346.9500,346.9650,346.7950,346.7950
1787151189,346.7650,346.8000,346.7650,346.8000
1787151191,346.7800,346.8300,346.7600,346.8300
1787151192,346.9000,346.9000,346.9000,346.9000
1787151193,346.8400,346.8600,346.8400,346.8600
1787151195,346.8500,346.8800,346.8500,346.8800
1787151196,346.8600,346.8600,346.8600,346.8600
1787151197,346.8600,346.9200,346.8600,346.9200
1787151198,346.9300,346.9450,346.7700,346.8100
1787151200,346.7100,346.7100,346.6600,346.6700
1787151201,346.6700,346.6700,346.5900,346.6500
1787151202,346.6500,346.7000,346.6500,346.7000
1787151203,346.6600,346.6600,346.6600,346.6600
1787151204,346.6600,346.7100,346.6600,346.7100
1787151206,346.7000,346.7500,346.7000,346.7500
1787151207,346.7400,346.7400,346.7400,346.7400
1787151209,346.7600,346.7600,346.7600,346.7600
1787151211,346.7800,346.7800,346.7650,346.7650
1787151212,346.8000,346.8000,346.7300,346.7300
1787151213,346.7000,346.7000,346.6500,346.6700
1787151214,346.7000,346.7500,346.7000,346.7500
1787151215,346.7200,346.7200,346.7200,346.7200
1787151216,346.6700,346.6800,346.5900,346.5900
1787151220,346.6000,346.6000,346.6000,346.6000
1787151221,346.5800,346.6500,346.5800,346.6400
1787151222,346.7000,346.7200,346.7000,346.7200
1787151223,346.7100,346.7400,346.7000,346.7000
1787151225,346.6900,346.6900,346.6900,346.6900
1787151226,346.6700,346.7000,346.6700,346.7000
1787151227,346.7400,346.7600,346.7400,346.7600
1787151228,346.7400,346.7400,346.7400,346.7400
1787151230,346.7300,346.7400,346.7300,346.7400
1787151233,346.7500,346.7500,346.7500,346.7500
1787151234,346.7900,346.8900,346.7900,346.8800
1787151236,346.8300,346.8600,346.8300,346.8600
1787151237,346.8200,346.8500,346.8200,346.8300
1787151238,346.8100,346.8100,346.8100,346.8100
1787151240,346.7500,346.7500,346.7000,346.7050
1787151241,346.7300,346.7500,346.7300,346.7500
1787151242,346.7500,346.7500,346.6700,346.6700
1787151243,346.6600,346.6600,346.6300,346.6300
1787151244,346.6300,346.6500,346.6300,346.6500
1787151248,346.6300,346.6300,346.6000,346.6000
1787151249,346.6000,346.6100,346.5900,346.6100
1787151251,346.5700,346.5800,346.5000,346.5600
1787151253,346.5200,346.5500,346.5200,346.5500
1787151254,346.5050,346.5050,346.5050,346.5050
1787151257,346.4900,346.4900,346.4800,346.4800
1787151260,346.5200,346.5700,346.5200,346.5600
1787151261,346.5600,346.5600,346.5600,346.5600
1787151263,346.5500,346.5700,346.5500,346.5700
1787151264,346.5700,346.6000,346.5700,346.6000
1787151266,346.5600,346.6000,346.5600,346.6000
1787151267,346.6100,346.6600,346.6100,346.6200
1787151269,346.6500,346.6500,346.6400,346.6400
1787151270,346.5600,346.5600,346.5300,346.5300
1787151274,346.5700,346.5850,346.5700,346.5850
1787151275,346.6100,346.6100,346.6100,346.6100
1787151276,346.6400,346.6500,346.6200,346.6200
1787151277,346.5900,346.5900,346.5900,346.5900
1787151279,346.6000,346.6000,346.6000,346.6000
1787151280,346.6900,346.7100,346.6900,346.7000
1787151282,346.6700,346.6700,346.5900,346.5900
1787151284,346.5800,346.5800,346.5700,346.5700
1787151285,346.6050,346.6050,346.6050,346.6050
1787151287,346.5800,346.5800,346.5700,346.5700
1787151288,346.6000,346.6050,346.6000,346.6050
1787151289,346.5800,346.5800,346.5400,346.5400
1787151291,346.5200,346.5200,346.5000,346.5000
1787151292,346.4700,346.4900,346.4600,346.4900
1787151294,346.4400,346.4400,346.4200,346.4200
1787151295,346.4000,346.4000,346.3900,346.3900
1787151298,346.3800,346.3800,346.3800,346.3800
1787151299,346.4000,346.4000,346.4000,346.4000
1787151300,346.4000,346.4200,346.4000,346.4200
1787151301,346.4200,346.7000,346.4200,346.7000
1787151302,346.6950,346.7800,346.6600,346.7600
1787151303,346.7100,346.7100,346.7100,346.7100
1787151304,346.6300,346.6300,346.6200,346.6200
1787151305,346.6200,346.6200,346.5700,346.5700
1787151306,346.6500,346.6500,346.6500,346.6500
1787151308,346.5700,346.5700,346.5700,346.5700
1787151309,346.5700,346.5700,346.4800,346.5400
1787151310,346.5550,346.5550,346.5100,346.5100
1787151311,346.5250,346.6000,346.5250,346.6000
1787151314,346.5700,346.6200,346.5700,346.5900
1787151315,346.5850,346.6400,346.5850,346.6400
1787151316,346.6700,346.6700,346.6700,346.6700
1787151317,346.6200,346.6200,346.6000,346.6100
1787151320,346.6100,346.6200,346.6100,346.6200
1787151321,346.6100,346.6100,346.6100,346.6100
1787151322,346.6200,346.7000,346.6200,346.7000
1787151323,346.6600,346.6600,346.6600,346.6600
1787151324,346.6000,346.6000,346.6000,346.6000
1787151325,346.6300,346.7200,346.6300,346.7100
1787151326,346.6400,346.6400,346.5000,346.5000
1787151327,346.5500,346.5500,346.5500,346.5500
1787151329,346.6000,346.6200,346.6000,346.6200
1787151330,346.6100,346.6600,346.6100,346.6600
1787151331,346.6900,346.7100,346.6700,346.6700
1787151332,346.6700,346.6700,346.6000,346.6000
1787151336,346.6100,346.6500,346.6100,346.6500
1787151337,346.6000,346.6000,346.6000,346.6000
1787151338,346.5900,346.6000,346.5900,346.6000
1787151339,346.6000,346.6000,346.5800,346.5800
1787151340,346.5700,346.5700,346.5700,346.5700
1787151341,346.5400,346.5900,346.5400,346.5900
1787151342,346.5900,346.5900,346.5900,346.5900
1787151343,346.6050,346.6050,346.6000,346.6000
1787151344,346.6150,346.6600,346.3600,346.3900
1787151347,346.3800,346.3800,346.2200,346.2200
1787151351,346.2700,346.3100,346.2100,346.2300
1787151352,346.2600,346.3300,346.2600,346.3300
1787151353,346.3100,346.3100,346.3100,346.3100
1787151354,346.3200,346.3700,346.3100,346.3700
1787151355,346.3800,346.3800,346.2900,346.3100
1787151357,346.3000,346.5000,346.2800,346.5000
1787151358,346.5400,346.6900,346.5400,346.6900
1787151360,346.6900,346.8900,346.6900,346.7900
1787151361,346.7750,346.8600,346.7750,346.8200
1787151362,346.8100,346.8100,346.8100,346.8100
1787151364,346.8200,346.8200,346.8200,346.8200
1787151366,346.8400,346.8400,346.8400,346.8400
1787151367,346.8800,346.9100,346.8600,346.8600
1787151368,346.8900,346.8900,346.8900,346.8900
1787151369,346.9500,347.2800,346.9500,347.2500
1787151370,347.2200,347.2500,347.2200,347.2500
1787151372,347.2800,347.3100,347.2700,347.2700
1787151373,347.3100,347.3100,347.3100,347.3100
1787151374,347.3100,347.3900,347.3100,347.3800
1787151376,347.3300,347.3300,347.3200,347.3200
1787151377,347.4000,347.4000,347.4000,347.4000
1787151379,347.3700,347.4000,347.3500,347.4000
1787151380,347.3850,347.3850,347.2400,347.2400
1787151382,347.2900,347.2900,347.2900,347.2900
1787151383,347.3200,347.3600,347.3200,347.3600
1787151386,347.3300,347.3300,347.2150,347.2150
1787151387,347.2300,347.2300,347.1900,347.1900
1787151389,347.2000,347.2000,347.2000,347.2000
1787151390,347.2400,347.2400,347.2400,347.2400
1787151391,347.2000,347.2000,347.1500,347.1900
1787151393,347.3000,347.3200,347.2500,347.2500
1787151394,347.1800,347.1800,347.1700,347.1700
1787151395,347.1700,347.1700,347.1500,347.1500
1787151396,347.1300,347.1300,347.1300,347.1300
1787151397,347.0000,347.0000,346.9200,346.9200
1787151399,346.9000,346.9000,346.8100,346.8100
1787151401,346.8500,346.8500,346.8500,346.8500
1787151402,346.9200,346.9200,346.9200,346.9200
1787151403,346.8900,346.9300,346.8900,346.9300
1787151404,346.9400,346.9500,346.9400,346.9500
1787151406,346.9800,346.9800,346.9600,346.9600
1787151407,346.9600,346.9800,346.9600,346.9800
1787151408,346.9700,346.9700,346.9300,346.9300
1787151411,346.9500,346.9500,346.9500,346.9500
1787151413,346.9800,346.9900,346.9400,346.9400
1787151415,346.9500,346.9500,346.9100,346.9100
1787151416,346.9050,346.9400,346.9050,346.9400
1787151418,346.9500,346.9900,346.9500,346.9900
1787151419,347.0000,347.0400,347.0000,347.0400
1787151420,347.0700,347.0800,347.0500,347.0500
1787151421,347.0500,347.0800,347.0000,347.0400
1787151422,347.0500,347.0500,346.9400,346.9500
1787151423,346.9600,346.9700,346.9400,346.9700
1787151425,347.0100,347.0100,347.0000,347.0000
1787151426,346.9700,347.0500,346.9650,347.0500
1787151427,347.1000,347.1200,347.1000,347.1200
1787151431,347.1700,347.1900,347.1700,347.1900
1787151432,347.1500,347.1600,347.1350,347.1600
1787151434,347.1500,347.1900,347.1500,347.1800
1787151435,347.2000,347.2000,347.1100,347.1400
1787151436,347.1100,347.1100,347.1000,347.1000
1787151438,347.1400,347.1400,347.1400,347.1400
1787151439,347.1600,347.1600,347.1300,347.1300
1787151441,347.1100,347.1100,347.1100,347.1100
1787151442,347.1100,347.1100,347.1100,347.1100
1787151443,347.1300,347.1600,347.1300,347.1600
1787151444,347.1600,347.1600,347.1400,347.1400
1787151445,347.1700,347.1900,347.1700,347.1700
1787151446,347.1500,347.1500,347.1400,347.1400
1787151447,347.1200,347.1200,347.1100,347.1100
1787151449,347.1200,347.1200,347.1200,347.1200
1787151450,347.1300,347.1300,347.0600,347.0900
1787151452,347.1100,347.1100,347.0700,347.0700
1787151454,347.1000,347.1300,347.1000,347.1300
1787151458,347.0700,347.0700,346.9700,346.9700
1787151459,347.0200,347.0200,347.0200,347.0200
1787151460,347.0100,347.0100,347.0000,347.0000
1787151462,347.0100,347.0100,347.0100,347.0100
1787151463,347.0200,347.0300,347.0200,347.0300
1787151464,347.0200,347.0200,346.9600,346.9600
1787151465,346.9300,346.9300,346.9200,346.9200
1787151466,346.9200,346.9200,346.9100,346.9100
1787151467,346.9000,346.9000,346.8500,346.8500
1787151468,346.8300,346.8300,346.7900,346.7900
1787151469,346.7700,346.7950,346.7600,346.7950
1787151471,346.7700,346.7700,346.7000,346.7000
1787151473,346.7000,346.7000,346.7000,346.7000
1787151477,346.7000,346.7000,346.5600,346.5600
1787151480,346.5500,346.6700,346.5400,346.6700
1787151481,346.6500,346.7200,346.6500,346.7200
1787151482,346.6800,346.6800,346.6800,346.6800
1787151483,346.7000,346.7000,346.7000,346.7000
1787151484,346.7150,346.8300,346.7150,346.8300
1787151486,346.7500,346.7500,346.7500,346.7500
1787151487,346.7000,346.7000,346.6100,346.6100
1787151488,346.6300,346.6300,346.6300,346.6300
1787151491,346.6000,346.6100,346.5800,346.5900
1787151492,346.6000,346.6500,346.6000,346.6500
1787151496,346.6000,346.6000,346.5900,346.5900
1787151497,346.6250,346.8000,346.6250,346.8000
1787151499,346.8100,346.8100,346.8100,346.8100
1787151500,346.7800,346.7800,346.7500,346.7500
1787151502,346.7400,346.7400,346.5900,346.5900
1787151503,346.6300,346.6300,346.5600,346.5600
1787151504,346.5600,346.5600,346.5100,346.5300
1787151505,346.5200,346.5200,346.5000,346.5000
1787151506,346.5050,346.5050,346.5050,346.5050
1787151507,346.5200,346.5500,346.4900,346.4900
1787151508,346.4800,346.4800,346.4800,346.4800
1787151510,346.4900,346.4900,346.4900,346.4900
1787151511,346.5500,346.6100,346.5500,346.6100
1787151512,346.6300,346.6400,346.6300,346.6400
1787151513,346.6300,346.6300,346.6200,346.6200
1787151514,346.6300,346.7200,346.6300,346.7200
1787151515,346.7600,346.7700,346.7600,346.7700
1787151516,346.7700,346.7700,346.7300,346.7300
1787151522,346.6800,346.7200,346.6600,346.7200
1787151523,346.7500,346.8000,346.7500,346.7700
1787151524,346.8000,346.9700,346.8000,346.9500
1787151525,346.9500,346.9900,346.8900,346.9400
1787151526,346.9500,347.0500,346.9500,347.0500
1787151528,347.0000,347.0300,347.0000,347.0300
1787151529,347.0500,347.0900,347.0300,347.0300
1787151530,346.9800,346.9800,346.8900,346.8900
1787151531,346.9300,346.9500,346.9300,346.9400
1787151533,346.9300,346.9300,346.8500,346.8500
1787151536,346.9300,346.9300,346.9300,346.9300
1787151537,346.9300,346.9300,346.9300,346.9300
1787151538,346.9300,346.9300,346.9300,346.9300
1787151540,346.9000,346.9000,346.8800,346.8800
1787151541,346.8700,346.8700,346.8500,346.8500
1787151544,346.8600,346.8600,346.7900,346.7900
1787151546,346.8150,346.8150,346.8150,346.8150
1787151547,346.8500,346.8700,346.8500,346.8700
1787151548,346.9300,346.9600,346.9300,346.9600
1787151549,346.9600,346.9600,346.8700,346.8700
1787151553,346.8800,346.8800,346.8800,346.8800
1787151554,346.9200,346.9200,346.9200,346.9200
1787151555,346.9500,346.9500,346.9500,346.9500
1787151556,346.9600,346.9800,346.9600,346.9700
1787151557,346.9900,347.0500,346.9900,347.0500
1787151558,347.0400,347.0400,347.0400,347.0400
1787151560,347.0800,347.0800,347.0200,347.0200
1787151561,347.0000,347.0000,346.9700,346.9700
1787151562,346.9700,346.9700,346.9500,346.9500
1787151563,346.9400,346.9500,346.9150,346.9500
1787151564,347.0000,347.1100,347.0000,347.1100
1787151565,347.0950,347.3200,347.0950,347.2700
1787151566,347.3000,347.3000,347.2400,347.2800
1787151567,347.2600,347.2600,347.2600,347.2600
1787151568,347.2100,347.2100,347.2000,347.2000
1787151569,347.2500,347.2500,347.2500,347.2500
1787151570,347.1900,347.2250,347.1900,347.2250
1787151571,347.2800,347.3100,347.2800,347.3100
1787151573,347.3300,347.3900,347.3100,347.3100
1787151574,347.2800,347.2800,347.2700,347.2700
1787151577,347.2600,347.2600,347.2600,347.2600
1787151579,347.2900,347.3100,347.2900,347.3000
1787151580,347.2900,347.2900,347.1900,347.2600
1787151581,347.3000,347.3000,347.3000,347.3000
1787151582,347.3000,347.4200,347.3000,347.3500
1787151583,347.3300,347.3300,347.3300,347.3300
1787151584,347.3000,347.3000,347.2850,347.2850
1787151585,347.2800,347.2800,347.2700,347.2800
1787151586,347.2800,347.4300,347.2800,347.3400
1787151587,347.3600,347.4500,347.3500,347.4500
1787151588,347.3700,347.3700,347.2700,347.2700
1787151589,347.3000,347.3100,347.3000,347.3100
1787151590,347.3600,347.3600,347.3600,347.3600
1787151593,347.4200,347.5800,347.4200,347.5600
1787151594,347.5800,347.5900,347.5600,347.5900
1787151595,347.5600,347.5600,347.5300,347.5300
1787151598,347.5150,347.5150,347.4800,347.4900
1787151599,347.4750,347.4750,347.4100,347.4300
1787151600,347.4500,347.5100,347.4500,347.5100
1787151601,347.4900,347.4900,347.4900,347.4900
1787151602,347.5100,347.5200,347.4900,347.5200
1787151603,347.5200,347.6000,347.5200,347.6000
1787151604,347.5800,347.6700,347.5800,347.6500
1787151605,347.6600,347.6700,347.6600,347.6700
1787151606,347.6200,347.7100,347.6200,347.7000
1787151607,347.7200,347.7300,347.7200,347.7300
1787151608,347.7000,347.7100,347.6800,347.7100
1787151609,347.7050,347.7050,347.7050,347.7050
1787151611,347.7300,347.7300,347.7000,347.7000
1787151612,347.7400,347.8100,347.7400,347.8100
1787151613,347.8100,347.8300,347.8000,347.8300
1787151614,347.8400,347.8700,347.8400,347.8700
1787151615,347.8900,347.9000,347.7900,347.8000
1787151616,347.7600,347.8000,347.7600,347.8000
1787151617,347.8500,347.8500,347.8400,347.8500
1787151618,347.8600,347.8800,347.8600,347.8800
1787151619,347.8550,347.8550,347.8550,347.8550
1787151620,347.8550,347.8600,347.8000,347.8600
1787151621,347.8600,347.8600,347.8600,347.8600
1787151622,347.8400,347.8500,347.8400,347.8500
1787151623,347.8800,347.8800,347.8400,347.8400
1787151624,347.8600,347.8600,347.8600,347.8600
1787151625,347.8800,348.0800,347.8700,348.0300
1787151626,348.0300,348.0300,348.0100,348.0150
1787151627,348.0000,348.0000,347.9500,347.9500
1787151629,347.9100,347.9100,347.8400,347.8400
1787151630,347.8700,347.8700,347.8300,347.8300
1787151631,347.8700,347.9100,347.8700,347.9100
1787151632,347.9300,347.9600,347.9300,347.9600
1787151633,347.9600,348.0000,347.9600,348.0000
1787151634,347.9700,348.0100,347.9700,347.9800
1787151635,348.0100,348.0500,348.0000,348.0500
1787151636,348.0500,348.2000,348.0400,348.1900
1787151637,348.1700,348.1800,348.1500,348.1500
1787151638,348.1200,348.1350,348.1100,348.1350
1787151639,348.1450,348.1450,348.1450,348.1450
1787151641,348.1500,348.1950,348.1500,348.1600
1787151642,348.1700,348.1750,348.1700,348.1750
1787151643,348.2000,348.2000,348.1850,348.1850
1787151644,348.1800,348.1800,348.1400,348.1400
1787151645,348.1600,348.1800,348.1600,348.1800
1787151646,348.1800,348.2000,348.1800,348.2000
1787151647,348.1900,348.2400,348.1700,348.2400
1787151648,348.2500,348.2500,348.2500,348.2500
1787151649,348.2600,348.3400,348.2600,348.3200
1787151650,348.3000,348.3200,348.3000,348.3200
1787151651,348.3300,348.3400,348.3100,348.3100
1787151653,348.3600,348.3600,348.3200,348.3600
1787151654,348.3300,348.3800,348.3300,348.3750
1787151655,348.3900,348.3900,348.3500,348.3500
1787151656,348.3700,348.3700,348.2900,348.2900
1787151657,348.3400,348.5000,348.3400,348.5000
1787151658,348.5000,348.5600,348.4700,348.4700
1787151659,348.5000,348.5400,348.4900,348.4900
1787151660,348.5200,348.5200,348.3000,348.3000
1787151661,348.3000,348.3000,348.1700,348.1700
1787151662,348.1400,348.1900,348.1200,348.1800
1787151663,348.2100,348.2100,348.2100,348.2100
1787151665,348.2350,348.2400,348.2100,348.2400
1787151666,348.2200,348.4100,348.2100,348.4100
1787151667,348.3600,348.4200,348.3600,348.4150
1787151668,348.4150,348.4150,348.4000,348.4000
1787151669,348.4100,348.4150,348.4100,348.4150
1787151670,348.4300,348.4400,348.4300,348.4400
1787151671,348.3900,348.3900,348.2400,348.2400
1787151672,348.2400,348.2400,348.1600,348.1600
1787151673,348.1000,348.1000,348.0300,348.0300
1787151674,348.0000,348.0000,347.9100,348.0000
1787151675,348.0450,348.0450,348.0450,348.0450
1787151676,348.0250,348.0250,347.9600,348.0100
1787151677,347.9600,348.0000,347.9600,348.0000
1787151678,347.9600,347.9600,347.9400,347.9400
1787151679,347.9200,347.9200,347.9000,347.9000
1787151680,347.9400,347.9500,347.9400,347.9400
1787151681,347.9550,347.9550,347.9200,347.9200
1787151682,347.9200,347.9200,347.8000,347.8500
1787151684,347.8400,347.8400,347.7000,347.7300
1787151685,347.7300,347.7300,347.6800,347.7100
1787151686,347.7300,347.7400,347.7300,347.7400
1787151687,347.7700,347.7850,347.7300,347.7300
1787151688,347.6900,347.6900,347.6900,347.6900
1787151689,347.6600,347.6600,347.6000,347.6000
1787151690,347.5850,347.5850,347.5850,347.5850
1787151691,347.5900,347.6800,347.5900,347.6500
1787151693,347.5850,347.8100,347.5850,347.8100
1787151694,347.8300,347.8500,347.8300,347.8500
1787151696,347.8600,347.8800,347.7900,347.8300
1787151699,347.7700,347.8350,347.7700,347.8350
1787151700,347.8300,347.8400,347.8200,347.8200
1787151701,347.8200,347.8200,347.8200,347.8200
1787151702,347.8300,347.8700,347.8300,347.8500
1787151703,347.8300,347.8500,347.8200,347.8400
1787151704,347.8200,347.8200,347.8100,347.8200
1787151705,347.8300,347.9700,347.8300,347.9700
1787151707,347.9600,347.9700,347.9600,347.9600
1787151708,347.9100,347.9700,347.9100,347.9700
1787151709,347.9600,348.0400,347.9600,348.0400
1787151710,348.0600,348.0700,348.0200,348.0200
1787151711,348.0800,348.1050,348.0800,348.1050
1787151712,348.1200,348.1200,348.0800,348.0800
1787151713,348.0600,348.0600,348.0000,348.0000
1787151714,347.9700,347.9900,347.9300,347.9400
1787151715,347.9400,347.9700,347.9350,347.9700
1787151716,347.9200,347.9200,347.8900,347.8900
1787151717,347.8900,347.8900,347.8700,347.8800
1787151720,347.8800,347.8800,347.8700,347.8700
1787151721,347.8900,348.0500,347.8900,348.0500
1787151722,348.0100,348.0100,347.9600,347.9700
1787151723,347.9700,348.0100,347.9200,348.0100
1787151724,348.0000,348.0000,347.9700,347.9800
1787151725,348.0000,348.0000,348.0000,348.0000
1787151726,348.0100,348.0100,347.6100,347.6600
1787151728,347.7700,347.7800,347.7700,347.7800
1787151729,347.7150,347.7150,347.7150,347.7150
1787151731,347.7400,347.7600,347.6500,347.6500
1787151732,347.7100,347.7200,347.7100,347.7200
1787151734,347.6500,347.6500,347.5700,347.6400
1787151735,347.6400,347.6700,347.6400,347.6500
1787151736,347.6200,347.6200,347.4900,347.4900
1787151739,347.4800,347.4800,347.3700,347.4500
1787151740,347.5100,347.5100,347.5100,347.5100
1787151741,347.4800,347.4800,347.4450,347.4450
1787151742,347.4100,347.4100,347.3900,347.3900
1787151743,347.4300,347.4300,347.4000,347.4000
1787151744,347.4400,347.4400,347.4400,347.4400
1787151745,347.4000,347.4050,347.4000,347.4050
1787151746,347.4500,347.4600,347.4500,347.4600
1787151747,347.4400,347.4600,347.4400,347.4600
1787151748,347.4300,347.4300,347.3000,347.3300
1787151749,347.3400,347.3400,347.3400,347.3400
1787151750,347.2800,347.2800,347.2800,347.2800
1787151751,347.2300,347.2300,347.1800,347.1800
1787151753,347.1700,347.1700,347.1600,347.1600
1787151754,347.1600,347.1600,347.1500,347.1500
1787151755,347.1200,347.1300,347.1200,347.1300
1787151756,347.1600,347.1700,347.1600,347.1700
1787151757,347.2100,347.2200,347.1700,347.1700
1787151758,347.2400,347.2400,347.2100,347.2100
1787151759,347.1800,347.1800,347.1600,347.1600
1787151760,347.2050,347.2050,347.1600,347.1600
1787151761,347.2400,347.2400,347.2400,347.2400
1787151762,347.2100,347.2500,347.1850,347.2300
1787151763,347.1800,347.1800,347.1700,347.1700
1787151764,347.2100,347.2400,347.1600,347.1700
1787151766,347.1600,347.1600,347.1200,347.1200
1787151767,347.1500,347.1500,347.1500,347.1500
1787151768,347.1200,347.1500,347.1000,347.1500
1787151769,347.1150,347.1150,347.0700,347.0700
1787151770,347.0700,347.1100,347.0600,347.1100
1787151771,347.0300,347.0300,347.0300,347.0300
1787151772,347.0600,347.0700,346.9100,346.9300
1787151773,346.9200,346.9800,346.9200,346.9800
1787151775,346.9700,346.9800,346.9700,346.9700
1787151776,346.9500,347.0000,346.9400,346.9600
1787151777,346.9500,346.9600,346.8100,346.8100
1787151778,346.8700,346.8700,346.8700,346.8700
1787151779,346.8200,346.8600,346.8100,346.8600
1787151780,346.8200,346.8200,346.8200,346.8200
1787151782,346.8200,346.8200,346.8100,346.8100
1787151783,346.8600,346.9200,346.8600,346.9200
1787151785,346.8700,346.8700,346.8100,346.8100
1787151786,346.8000,346.8000,346.7500,346.7500
1787151787,346.7900,346.7900,346.7900,346.7900
1787151788,346.7850,346.8800,346.7850,346.8500
1787151789,346.8800,347.0700,346.8800,347.0350
1787151791,347.0700,347.0800,347.0700,347.0800
1787151792,347.0400,347.0400,346.9800,346.9800
1787151795,346.9800,347.0400,346.9800,347.0400
1787151796,347.0000,347.0000,347.0000,347.0000
1787151797,347.0200,347.0300,346.9950,346.9950
1787151798,346.9700,346.9700,346.8200,346.8200
1787151799,346.8700,346.8700,346.8700,346.8700
1787151801,346.8900,346.8900,346.8900,346.8900
1787151803,346.8700,346.8700,346.8700,346.8700
1787151804,346.8500,346.8500,346.8400,346.8400
1787151806,346.8500,346.8500,346.8200,346.8200
1787151809,346.8200,346.8300,346.7700,346.7700
1787151810,346.7400,346.7750,346.7200,346.7750
1787151811,346.8600,346.8900,346.8600,346.8900
1787151814,346.9000,346.9300,346.8700,346.9300
1787151815,346.9100,346.9100,346.9100,346.9100
1787151816,346.9400,346.9400,346.9400,346.9400
1787151817,346.9300,346.9400,346.9200,346.9400
1787151818,346.9800,346.9800,346.9800,346.9800
1787151819,346.9500,346.9500,346.9500,346.9500
1787151820,346.9500,346.9550,346.9500,346.9550
1787151823,346.9700,346.9800,346.9700,346.9800
1787151824,346.9650,346.9650,346.9100,346.9100
1787151825,346.9100,346.9100,346.9100,346.9100
1787151826,346.9400,346.9400,346.9400,346.9400
1787151827,346.9000,346.9000,346.8300,346.8300
1787151828,346.8900,346.9300,346.8900,346.9300
1787151829,346.9400,347.0900,346.9400,347.0900
1787151830,347.1150,347.1150,347.1150,347.1150
1787151831,347.0900,347.3400,347.0900,347.3200
1787151832,347.3400,347.3400,347.3400,347.3400
1787151833,347.3700,347.4900,347.3700,347.4800
1787151834,347.4550,347.4700,347.4250,347.4300
1787151835,347.4100,347.4100,347.3600,347.3600
1787151836,347.3900,347.3900,347.3900,347.3900
1787151837,347.3900,347.3900,347.3900,347.3900
1787151838,347.4900,347.6000,347.4900,347.5500
1787151839,347.5400,347.5400,347.5400,347.5400
1787151843,347.5100,347.5600,347.4900,347.5300
1787151844,347.5400,347.5600,347.5400,347.5600
1787151845,347.5600,347.5600,347.5600,347.5600
1787151846,347.5600,347.5600,347.5600,347.5600
1787151847,347.5400,347.5650,347.5300,347.5400
1787151848,347.5500,347.6300,347.5500,347.6000
1787151849,347.5500,347.5500,347.4100,347.4100
1787151852,347.4500,347.4600,347.4500,347.4600
1787151853,347.4000,347.4200,347.4000,347.4200
1787151855,347.4100,347.4100,347.4100,347.4100
1787151858,347.4000,347.4000,347.2500,347.2500
1787151859,347.2300,347.2300,347.2300,347.2300
1787151860,347.2000,347.2450,347.2000,347.2450
1787151861,347.2800,347.2900,347.2800,347.2900
1787151864,347.3150,347.3150,347.2100,347.2100
1787151867,347.2100,347.2100,347.2100,347.2100
1787151868,347.2000,347.2000,347.1700,347.1700
1787151869,347.1200,347.1200,347.1200,347.1200
1787151870,347.1000,347.1000,347.1000,347.1000
1787151871,347.1400,347.1800,347.1400,347.1800
1787151872,347.1800,347.2000,347.1800,347.2000
1787151874,347.1850,347.2400,347.1850,347.2100
1787151875,347.1700,347.1700,347.1100,347.1300
1787151878,347.1700,347.1700,347.1450,347.1450
1787151879,347.1200,347.1200,347.1200,347.1200
1787151880,347.1100,347.1100,347.1100,347.1100
1787151881,347.0900,347.0900,347.0900,347.0900
1787151882,347.0800,347.0800,347.0400,347.0400
1787151883,347.0300,347.0300,346.9600,346.9600
1787151884,346.9500,346.9500,346.9500,346.9500
1787151885,346.9300,346.9300,346.9200,346.9200
1787151886,346.9100,346.9100,346.9000,346.9000
1787151887,346.9100,346.9100,346.8900,346.8900
1787151888,346.9100,346.9300,346.9100,346.9300
1787151889,346.9150,346.9150,346.8500,346.8600
1787151890,346.8000,346.8000,346.8000,346.8000
1787151891,346.8400,346.8600,346.8400,346.8600
1787151892,346.8100,346.8100,346.6900,346.7400
1787151893,346.7400,346.7450,346.7400,346.7450
1787151894,346.7300,346.7300,346.7300,346.7300
1787151895,346.7300,346.7300,346.7300,346.7300
1787151896,346.7200,346.7300,346.7200,346.7300
1787151897,346.7300,346.7300,346.7000,346.7300
1787151898,346.7600,346.7800,346.7600,346.7800
1787151900,346.7750,346.7750,346.7750,346.7750
1787151901,346.7500,346.7500,346.7200,346.7200
1787151902,346.7100,346.7100,346.7100,346.7100
1787151903,346.7500,346.7500,346.7300,346.7450
1787151904,346.7000,346.7200,346.7000,346.7200
1787151905,346.7000,346.7200,346.5900,346.6700
1787151906,346.7300,346.7900,346.7300,346.7300
1787151908,346.8000,346.8700,346.8000,346.8500
1787151910,346.8200,346.8200,346.8100,346.8100
1787151912,346.7800,346.7800,346.7200,346.7300
1787151913,346.7000,346.7000,346.6700,346.7000
1787151914,346.6700,346.6700,346.6700,346.6700
1787151915,346.6650,346.6650,346.6650,346.6650
1787151916,346.6900,346.6900,346.6900,346.6900
1787151917,346.7300,346.8100,346.7300,346.8100
1787151919,346.8700,346.9500,346.8700,346.9500
1787151920,346.8800,346.8800,346.8700,346.8700
1787151922,346.8100,346.8100,346.8100,346.8100
1787151923,346.7700,346.7700,346.7600,346.7600
1787151924,346.7100,346.7100,346.6600,346.6600
1787151925,346.6000,346.6000,346.3400,346.4000
1787151926,346.3800,346.3800,346.3800,346.3800
1787151927,346.4200,346.4300,346.3950,346.4300
1787151928,346.4100,346.4100,346.3400,346.3400
1787151929,346.3500,346.3500,346.2500,346.2500
1787151930,346.2750,346.2750,346.2750,346.2750
1787151931,346.2800,346.4000,346.2800,346.3400
1787151932,346.3300,346.3300,346.3100,346.3100
1787151933,346.4000,346.4100,346.4000,346.4100
1787151934,346.4600,346.4700,346.4600,346.4700
1787151935,346.4850,346.4850,346.4850,346.4850
1787151937,346.4650,346.4700,346.4650,346.4700
1787151938,346.4700,346.4700,346.4500,346.4500
1787151939,346.4400,346.4400,346.4300,346.4300
1787151940,346.4200,346.5000,346.4200,346.5000
1787151941,346.5200,346.5200,346.4800,346.4800
1787151942,346.4400,346.4700,346.4400,346.4700
1787151943,346.4700,346.5400,346.4700,346.5400
1787151944,346.5400,346.8200,346.5400,346.7600
1787151945,346.7700,346.7700,346.7700,346.7700
1787151946,346.8000,346.8500,346.8000,346.8500
1787151947,346.8550,346.8550,346.8550,346.8550
1787151948,346.8300,346.8600,346.8200,346.8600
1787151949,346.8400,346.8500,346.8400,346.8500
1787151950,346.8550,346.8550,346.8550,346.8550
1787151952,346.8600,347.0000,346.8600,346.9600
1787151953,346.9500,346.9550,346.9500,346.9550
1787151954,346.9200,346.9200,346.9200,346.9200
1787151956,346.9200,346.9200,346.8800,346.9200
1787151957,347.0000,347.0000,346.9800,346.9800
1787151960,347.0050,347.0050,346.9700,346.9800
1787151963,346.9400,346.9400,346.9100,346.9100
1787151965,346.9450,346.9450,346.8850,346.8850
1787151966,346.8200,346.8350,346.8000,346.8350
1787151967,346.8700,347.0500,346.8700,347.0250
1787151968,347.0250,347.0250,347.0250,347.0250
1787151969,347.0300,347.0300,347.0300,347.0300
1787151970,347.0700,347.1350,347.0700,347.1300
1787151972,347.1300,347.2300,347.1300,347.2300
1787151973,347.2000,347.2000,347.1500,347.1500
1787151976,347.1500,347.1500,347.1500,347.1500
1787151978,347.1300,347.1600,347.1300,347.1600
1787151979,347.1400,347.1400,347.1400,347.1400
1787151980,347.1750,347.1750,346.9700,347.0600
1787151982,347.1100,347.1100,347.1100,347.1100
1787151983,347.1250,347.1250,347.0400,347.0400
1787151984,347.0350,347.0350,347.0350,347.0350
1787151985,347.0200,347.0600,347.0100,347.0600
1787151986,347.0700,347.1600,347.0700,347.1600
1787151987,347.1900,347.2000,347.1900,347.2000
1787151989,347.2100,347.2300,347.2100,347.2300
1787151990,347.2400,347.3000,347.2400,347.2700
1787151991,347.2700,347.2700,347.2700,347.2700
1787151992,347.2900,347.3000,347.2900,347.3000
1787151993,347.3900,347.3900,347.3900,347.3900
1787151994,347.3900,347.3900,347.3700,347.3700
1787151995,347.4000,347.4100,347.4000,347.4100
1787151996,347.4300,347.4500,347.4300,347.4300
1787151999,347.4600,347.5100,347.2100,347.2300
1787152001,347.2800,347.3000,347.2800,347.3000
1787152006,347.3200,347.3200,347.3200,347.3200
1787152008,347.3300,347.3500,347.3200,347.3500
1787152009,347.3000,347.3000,347.3000,347.3000
1787152010,347.3000,347.3300,347.3000,347.3000
1787152012,347.3100,347.3100,347.3100,347.3100
1787152013,347.3000,347.3000,347.3000,347.3000
1787152015,347.2700,347.2700,347.1950,347.1950
1787152017,347.1600,347.1600,347.0000,347.0000
1787152018,347.0100,347.3200,346.9600,347.2300
1787152019,347.2800,347.3000,347.2800,347.2850
1787152020,347.2400,347.2400,347.1800,347.2400
1787152021,347.2500,347.2500,347.2500,347.2500
1787152022,347.2100,347.2100,347.1900,347.1900
1787152024,347.2000,347.2600,347.2000,347.2350
1787152025,347.2450,347.2450,347.2450,347.2450
1787152026,347.2100,347.2100,347.2100,347.2100
1787152027,347.2100,347.2100,347.2100,347.2100
1787152028,347.2100,347.2100,347.1800,347.1800
1787152029,347.2200,347.2500,347.2100,347.2100
1787152030,347.2200,347.2200,347.2000,347.2000
1787152031,347.2000,347.2000,347.1200,347.1200
1787152032,347.0100,347.0100,346.9600,346.9600
1787152033,346.9500,346.9500,346.7000,346.7000
1787152034,346.7000,346.7300,346.6800,346.6800
1787152036,346.7300,346.7300,346.7300,346.7300
1787152037,346.7350,346.7500,346.7350,346.7500
1787152038,346.7350,346.7350,346.7350,346.7350
1787152039,346.7300,346.7300,346.7300,346.7300
1787152040,346.6800,346.6800,346.5900,346.5900
1787152041,346.6300,346.6800,346.6300,346.6800
1787152042,346.7400,346.8000,346.7400,346.8000
1787152043,346.6900,346.6900,346.6600,346.6600
1787152046,346.6900,346.6900,346.6900,346.6900
1787152047,346.6500,346.6500,346.6500,346.6500
1787152048,346.6700,346.6700,346.6700,346.6700
1787152050,346.6700,346.6700,346.6700,346.6700
1787152051,346.6800,346.8200,346.6800,346.7800
1787152052,346.7200,346.7450,346.7200,346.7300
1787152055,346.7250,346.7900,346.7250,346.7900
1787152056,346.8100,346.8100,346.8100,346.8100
1787152057,346.7900,346.7900,346.7800,346.7900
1787152058,346.7700,346.7700,346.7600,346.7600
1787152059,346.7600,346.7600,346.7100,346.7400
1787152060,346.7450,346.7450,346.7450,346.7450
1787152061,346.7800,346.9600,346.7800,346.9600
1787152063,346.9500,346.9500,346.9500,346.9500
1787152065,347.0000,347.0000,347.0000,347.0000
1787152067,347.0700,347.1000,347.0700,347.1000
1787152069,347.1700,347.2000,347.1600,347.1600
1787152070,347.1300,347.1300,347.1100,347.1200
1787152071,347.1000,347.1000,347.0600,347.0900
1787152072,347.0200,347.0200,347.0000,347.0000
1787152073,347.0400,347.0400,347.0400,347.0400
1787152076,347.0700,347.0800,347.0600,347.0600
1787152078,347.0600,347.0600,347.0600,347.0600
1787152079,347.0200,347.0500,347.0000,347.0500
1787152080,346.9900,346.9900,346.9900,346.9900
1787152081,347.0100,347.0100,347.0100,347.0100
1787152082,346.9700,346.9700,346.9200,346.9600
1787152083,346.9300,346.9300,346.9100,346.9300
1787152084,346.8400,346.9100,346.8300,346.8300
1787152085,346.8000,346.8000,346.7550,346.7600
1787152087,346.7900,346.8200,346.7900,346.8200
1787152089,346.8700,346.8700,346.8700,346.8700
1787152090,346.8300,346.8900,346.8000,346.8900
1787152092,346.9200,346.9200,346.9200,346.9200
1787152094,346.8800,346.8800,346.8500,346.8500
1787152096,346.8900,346.8900,346.8200,346.8200
1787152097,346.7900,346.7900,346.7500,346.7500
1787152100,346.7800,346.7800,346.7800,346.7800
1787152101,346.7700,346.7900,346.7500,346.7500
1787152102,346.7000,346.7000,346.6700,346.6900
1787152103,346.6850,346.6850,346.6200,346.6300
1787152104,346.6000,346.6000,346.5600,346.5600
1787152105,346.5700,346.5700,346.5700,346.5700
1787152106,346.5300,346.5300,346.5300,346.5300
1787152107,346.5200,346.5300,346.4400,346.5300
1787152108,346.5100,346.5100,346.5100,346.5100
1787152109,346.4500,346.4500,346.4500,346.4500
1787152111,346.4650,346.4700,346.4650,346.4700
1787152112,346.4500,346.4500,346.3900,346.3900
1787152113,346.3700,346.3700,346.3000,346.3600
1787152115,346.3700,346.3800,346.3700,346.3800
1787152117,346.3100,346.3100,346.3100,346.3100
1787152118,346.2900,346.3200,346.2900,346.3200
1787152119,346.3700,346.3700,346.3700,346.3700
1787152120,346.3350,346.3400,346.2900,346.2900
1787152121,346.3300,346.3300,346.3200,346.3200
1787152122,346.3500,346.4300,346.3500,346.4000
1787152124,346.4600,346.6050,346.4600,346.6050
1787152126,346.6200,346.6200,346.6200,346.6200
1787152127,346.6450,346.6450,346.6450,346.6450
1787152128,346.6300,346.7000,346.6300,346.7000
1787152129,346.6700,346.6700,346.6600,346.6600
1787152130,346.6100,346.6100,346.5900,346.5900
1787152132,346.6200,346.6200,346.6200,346.6200
1787152133,346.5800,346.6100,346.5700,346.5700
1787152134,346.5900,346.5900,346.5900,346.5900
1787152135,346.5600,346.5600,346.5500,346.5500
1787152137,346.5000,346.5000,346.4700,346.5000
1787152138,346.4700,346.4700,346.4500,346.4500
1787152139,346.4550,346.6000,346.4550,346.6000
1787152140,346.5900,346.5900,346.5400,346.5400
1787152142,346.6000,346.6000,346.6000,346.6000
1787152144,346.6000,346.6000,346.5700,346.6000
1787152145,346.5600,346.5600,346.5500,346.5500
1787152146,346.5400,346.5600,346.5100,346.5200
1787152147,346.5550,346.5550,346.5550,346.5550
1787152148,346.5700,346.6000,346.5700,346.5900
1787152149,346.6000,346.6000,346.6000,346.6000
1787152152,346.6200,346.6200,346.5900,346.5900
1787152153,346.5500,346.5600,346.3600,346.3600
1787152154,346.3900,346.4050,346.3900,346.4050
1787152156,346.4200,346.4200,346.3500,346.3500
1787152157,346.3300,346.3300,346.1400,346.1800
1787152158,346.3100,346.3150,346.3100,346.3150
1787152159,346.3300,346.3400,346.2600,346.3000
1787152160,346.2550,346.2550,346.2550,346.2550
1787152161,346.2500,346.2700,346.2500,346.2700
1787152163,346.2300,346.2300,346.2300,346.2300
1787152165,346.3200,346.3400,346.3200,346.3400
1787152166,346.3500,346.4200,346.3500,346.4200
1787152168,346.4700,346.5300,346.4600,346.4600
1787152169,346.4200,346.4200,346.4100,346.4100
1787152170,346.4100,346.4100,346.4100,346.4100
1787152172,346.4900,346.5200,346.4900,346.5100
1787152173,346.4750,346.4750,346.4750,346.4750
1787152174,346.5500,346.6000,346.5500,346.6000
1787152175,346.6300,346.6600,346.5700,346.5700
1787152176,346.5900,346.6300,346.5600,346.5600
1787152177,346.5100,346.5400,346.4900,346.5400
1787152178,346.5200,346.5200,346.5200,346.5200
1787152179,346.5100,346.5100,346.4700,346.5000
1787152180,346.5150,346.5150,346.5150,346.5150
1787152183,346.4700,346.4700,346.4200,346.4200
1787152186,346.3100,346.3100,346.2900,346.2900
1787152187,346.3200,346.3200,346.3200,346.3200
1787152188,346.3500,346.4100,346.3500,346.4100
1787152189,346.4400,346.4500,346.4400,346.4500
1787152190,346.4600,346.4600,346.4600,346.4600
1787152191,346.4700,346.5000,346.4700,346.5000
1787152192,346.5000,346.5000,346.4500,346.4500
1787152193,346.5200,346.5300,346.5200,346.5300
1787152194,346.5600,346.5800,346.5600,346.5800
1787152197,346.6000,346.7150,346.6000,346.6300
1787152199,346.6150,346.6150,346.6150,346.6150
1787152203,346.6600,346.7500,346.6600,346.6900
1787152205,346.6400,346.6400,346.6100,346.6100
1787152207,346.6200,346.6400,346.6200,346.6400
1787152210,346.6300,346.6400,346.5800,346.5800
1787152212,346.6100,346.6100,346.6100,346.6100
1787152216,346.6200,346.6200,346.6200,346.6200
1787152220,346.6200,346.6200,346.6200,346.6200
1787152222,346.6400,346.7900,346.6400,346.7800
1787152223,346.7800,346.7800,346.7800,346.7800
1787152224,346.7600,346.7600,346.7600,346.7600
1787152225,346.7000,346.7000,346.7000,346.7000
1787152227,346.6800,346.7000,346.6800,346.7000
1787152228,346.6800,346.6800,346.6000,346.6300
1787152231,346.5900,346.5900,346.5900,346.5900
1787152232,346.6200,346.6300,346.6000,346.6000
1787152233,346.6400,346.6700,346.6400,346.6700
1787152237,346.6600,346.6700,346.6200,346.6400
1787152238,346.6400,346.6400,346.6000,346.6000
1787152239,346.6000,346.6000,346.5300,346.5300
1787152240,346.5400,346.5400,346.5400,346.5400
1787152242,346.5900,346.6100,346.5900,346.6100
1787152243,346.6000,346.6000,346.6000,346.6000
1787152245,346.6300,346.6400,346.6300,346.6400
1787152246,346.6000,346.6000,346.5700,346.5800
1787152249,346.6000,346.6000,346.6000,346.6000
1787152250,346.5100,346.5100,346.4700,346.4700
1787152252,346.4450,346.4450,346.4450,346.4450
1787152255,346.4900,346.5000,346.4900,346.4900
1787152256,346.4900,346.4900,346.4900,346.4900
1787152258,346.5100,346.5100,346.5100,346.5100
1787152259,346.5100,346.5150,346.5100,346.5150
1787152260,346.4800,346.4800,346.4800,346.4800
1787152261,346.4200,346.4200,346.4100,346.4100
1787152262,346.4100,346.5750,346.4100,346.5550
1787152265,346.5500,346.6500,346.5500,346.6300
1787152267,346.6000,346.6000,346.5900,346.5900
1787152268,346.6300,346.6300,346.6000,346.6000
1787152270,346.5800,346.5800,346.5600,346.5700
1787152271,346.5900,346.5900,346.5700,346.5700
1787152272,346.5500,346.5500,346.5200,346.5500
1787152273,346.5500,346.5800,346.5500,346.5800
1787152277,346.5900,346.5900,346.5900,346.5900
1787152279,346.5600,346.5600,346.5300,346.5300
1787152280,346.5600,346.6500,346.5600,346.6500
1787152282,346.5750,346.5750,346.5750,346.5750
1787152283,346.5500,346.5500,346.5500,346.5500
1787152284,346.5800,346.6000,346.5800,346.5900
1787152285,346.5850,346.5850,346.4950,346.5000
1787152287,346.5100,346.5100,346.4900,346.4900
1787152289,346.4850,346.4850,346.4850,346.4850
1787152290,346.4650,346.4900,346.4400,346.4900
1787152291,346.4800,346.4800,346.4700,346.4800
1787152292,346.5200,346.5200,346.5200,346.5200
1787152293,346.4600,346.4700,346.4000,346.4300
1787152295,346.4200,346.4300,346.4200,346.4300
1787152296,346.4350,346.4350,346.4350,346.4350
1787152297,346.4800,346.5100,346.4800,346.4950
1787152299,346.4800,346.5200,346.4800,346.5200
1787152302,346.4800,346.4800,346.4800,346.4800
1787152306,346.4700,346.4700,346.4400,346.4400
1787152307,346.4900,346.5100,346.4900,346.5000
1787152312,346.5400,346.8200,346.5400,346.7800
1787152313,346.8100,346.8100,346.8100,346.8100
1787152316,346.8600,346.9000,346.8400,346.8400
1787152317,346.8200,346.8200,346.7900,346.8200
1787152321,346.8600,346.8700,346.8200,346.8200
1787152322,346.9100,346.9300,346.9100,346.9250
1787152324,346.9100,346.9100,346.8200,346.8700
1787152326,346.9100,346.9400,346.9100,346.9400
1787152330,346.9200,346.9200,346.8400,346.8400
1787152331,346.8500,346.8900,346.8400,346.8900
1787152332,346.9200,346.9200,346.9200,346.9200
1787152334,346.9100,346.9100,346.9100,346.9100
1787152335,346.9300,346.9300,346.8700,346.8700
1787152338,346.8800,346.8950,346.8800,346.8950
1787152341,346.9300,347.0300,346.7900,346.8300
1787152342,346.8600,346.9250,346.8600,346.9250
1787152343,346.9300,346.9300,346.9050,346.9050
1787152344,346.8300,346.8300,346.8300,346.8300
1787152346,346.9100,346.9500,346.9100,346.9200
1787152347,346.9600,347.0000,346.9600,347.0000
1787152348,347.0000,347.0000,347.0000,347.0000
1787152350,347.0500,347.0800,347.0300,347.0300
1787152351,347.0300,347.0300,347.0300,347.0300
1787152353,347.0600,347.0600,347.0600,347.0600
1787152354,347.0200,347.0200,346.8900,346.9200
1787152356,346.9400,346.9700,346.9400,346.9700
1787152357,346.9650,346.9650,346.9200,346.9200
1787152359,346.9400,346.9450,346.9100,346.9100
1787152360,346.9200,346.9200,346.9200,346.9200
1787152361,346.9200,346.9400,346.9000,346.9300
1787152365,346.9000,346.9000,346.8900,346.9000
1787152366,346.9100,346.9100,346.9100,346.9100
1787152367,346.8900,346.8900,346.8400,346.8400
1787152368,346.8900,346.8900,346.8900,346.8900
1787152370,346.9300,346.9300,346.9300,346.9300
1787152374,346.8900,346.9000,346.8900,346.9000
1787152377,346.8600,346.9200,346.8500,346.9100
1787152378,346.9100,346.9100,346.9100,346.9100
1787152379,346.9000,346.9000,346.9000,346.9000
1787152380,346.8900,346.8900,346.8900,346.8900
1787152383,346.9100,346.9400,346.8850,346.9300
1787152386,346.9300,346.9400,346.9300,346.9400
1787152387,346.9100,346.9100,346.8600,346.8600
1787152388,346.8650,347.0000,346.8650,346.9800
1787152389,346.9900,346.9900,346.9900,346.9900
1787152391,347.0100,347.0100,346.9600,346.9600
1787152392,347.0100,347.0600,347.0100,347.0400
1787152393,347.0400,347.0400,347.0400,347.0400
1787152395,347.0400,347.0650,347.0400,347.0650
1787152396,347.0400,347.0400,347.0400,347.0400
1787152397,347.0900,347.1100,347.0900,347.1100
1787152399,347.1300,347.1500,347.1300,347.1500
1787152400,347.1700,347.1700,347.1100,347.1100
1787152403,347.1200,347.1200,346.9900,346.9900
1787152406,346.9800,346.9900,346.9700,346.9900
1787152407,346.9650,346.9800,346.9400,346.9800
1787152408,346.9650,346.9650,346.9650,346.9650
1787152409,346.9900,346.9900,346.9700,346.9700
1787152410,346.9900,347.0100,346.9800,347.0100
1787152411,346.9900,347.0300,346.9900,347.0300
1787152412,347.0300,347.0750,347.0300,347.0300
1787152414,347.0500,347.0500,346.8500,346.9500
1787152415,346.8950,346.9400,346.8950,346.9400
1787152417,346.9450,346.9450,346.9450,346.9450
1787152419,346.9800,346.9800,346.9800,346.9800
1787152420,346.9800,346.9800,346.8700,346.8700
1787152423,346.9300,346.9700,346.9300,346.9700
1787152427,346.9600,346.9900,346.9600,346.9900
1787152431,346.9900,347.0000,346.9900,347.0000
1787152433,346.9500,346.9500,346.8900,346.8900
1787152435,346.8600,346.8600,346.8550,346.8600
1787152437,346.8800,346.9200,346.8600,346.9200
1787152438,346.8900,346.8900,346.8900,346.8900
1787152439,346.8700,346.8700,346.8500,346.8500
1787152440,346.9100,346.9200,346.9100,346.9200
1787152443,346.9300,346.9800,346.9100,346.9300
1787152444,346.9600,346.9700,346.9400,346.9400
1787152447,346.9100,346.9100,346.9000,346.9000
1787152450,346.8800,346.8800,346.8000,346.8000
1787152452,346.8000,346.8000,346.7300,346.7900
1787152454,346.8450,346.8450,346.8450,346.8450
1787152455,346.8400,346.8400,346.8400,346.8400
1787152456,346.8300,346.8300,346.8200,346.8300
1787152457,346.8300,346.8300,346.8300,346.8300
1787152459,346.8700,346.9700,346.8700,346.9200
1787152461,346.9100,346.9100,346.9100,346.9100
1787152464,346.8600,346.8600,346.8600,346.8600
1787152465,346.8900,346.8900,346.7400,346.7400
1787152466,346.7100,346.7100,346.6900,346.6900
1787152468,346.6600,346.6900,346.5600,346.5950
1787152469,346.6500,346.6800,346.6400,346.6600
1787152470,346.6100,346.6100,346.5900,346.5900
1787152472,346.5800,346.5800,346.5500,346.5500
1787152473,346.5900,346.6300,346.5900,346.6000
1787152476,346.6500,346.6500,346.6500,346.6500
1787152478,346.6350,346.6350,346.6350,346.6350
1787152479,346.6200,346.6200,346.6200,346.6200
1787152482,346.6100,346.6100,346.6000,346.6000
1787152483,346.6200,346.6200,346.6200,346.6200
1787152484,346.6400,346.6400,346.6400,346.6400
1787152485,346.6100,346.6100,346.6100,346.6100
1787152487,346.6100,346.6100,346.6100,346.6100
1787152488,346.6200,346.6200,346.6000,346.6100
1787152491,346.6000,346.6000,346.5700,346.5700
1787152493,346.5500,346.5650,346.5500,346.5650
1787152496,346.5400,346.5400,346.5000,346.5100
1787152499,346.4700,346.4700,346.4700,346.4700
1787152500,346.4700,346.5000,346.4700,346.5000
1787152501,346.5100,346.6700,346.5100,346.5800
1787152502,346.5000,346.5000,346.4900,346.4900
1787152504,346.4500,346.4500,346.4400,346.4400
1787152505,346.4200,346.4200,346.4000,346.4000
1787152506,346.3900,346.3900,346.3600,346.3800
1787152507,346.3900,346.4400,346.3500,346.4400
1787152510,346.4200,346.4200,346.4000,346.4000
1787152511,346.4200,346.4400,346.4200,346.4400
1787152512,346.4500,346.4900,346.4300,346.4400
1787152513,346.5000,346.6600,346.5000,346.6600
1787152514,346.6200,346.6600,346.6200,346.6600
1787152517,346.6400,346.6400,346.6400,346.6400
1787152519,346.6400,346.6400,346.6400,346.6400
1787152521,346.6400,346.6400,346.6400,346.6400
1787152523,346.6000,346.6000,346.5800,346.5800
1787152524,346.5400,346.5400,346.5400,346.5400
1787152525,346.5200,346.5200,346.5200,346.5200
1787152526,346.5000,346.5000,346.5000,346.5000
1787152527,346.5200,346.5200,346.5200,346.5200
1787152528,346.4950,346.4950,346.4950,346.4950
1787152529,346.4500,346.4500,346.4500,346.4500
1787152531,346.4700,346.4700,346.4400,346.4400
1787152532,346.4200,346.4200,346.3400,346.3700
1787152533,346.3300,346.3300,346.1600,346.1600
1787152534,346.1600,346.1600,346.1600,346.1600
1787152535,346.1700,346.2500,346.1700,346.2500
1787152536,346.2300,346.2700,346.2300,346.2700
1787152537,346.2700,346.2700,346.2700,346.2700
1787152538,346.2700,346.2700,346.2700,346.2700
1787152539,346.3000,346.3000,346.2800,346.2800
1787152541,346.2400,346.2400,346.2400,346.2400
1787152542,346.2700,346.3500,346.2700,346.3200
1787152545,346.3500,346.4200,346.3500,346.4200
1787152546,346.4500,346.4500,346.4500,346.4500
1787152547,346.4550,346.4700,346.4550,346.4700
1787152548,346.4700,346.4800,346.4400,346.4400
1787152549,346.4600,346.4600,346.4600,346.4600
1787152551,346.4600,346.4600,346.4600,346.4600
1787152552,346.4800,346.6000,346.4800,346.5800
1787152554,346.5600,346.5600,346.5300,346.5500
1787152556,346.4800,346.4800,346.4800,346.4800
1787152557,346.5000,346.5400,346.5000,346.5400
1787152559,346.5400,346.5400,346.5000,346.5000
1787152560,346.4800,346.4800,346.4700,346.4750
1787152561,346.5200,346.5700,346.5200,346.5700
1787152563,346.5600,346.5800,346.5600,346.5800
1787152564,346.5700,346.7000,346.5700,346.6500
1787152565,346.6800,346.7500,346.6800,346.7500
1787152566,346.7500,346.7500,346.7500,346.7500
1787152567,346.7800,346.8100,346.7800,346.8100
1787152568,346.8100,346.8100,346.8000,346.8000
1787152569,346.8500,346.8500,346.8500,346.8500
1787152570,346.9000,346.9050,346.9000,346.9050
1787152571,346.8700,346.8700,346.8500,346.8500
1787152574,346.8850,346.9800,346.8850,346.9600
1787152576,346.9400,346.9650,346.9300,346.9300
1787152578,346.9100,346.9100,346.9100,346.9100
1787152579,346.9000,346.9000,346.8800,346.8800
1787152580,346.9000,346.9000,346.8800,346.8800
1787152583,346.9000,346.9300,346.9000,346.9300
1787152585,346.9200,347.0300,346.8500,347.0300
1787152586,347.0300,347.0500,346.9800,347.0000
1787152588,347.0000,347.0150,347.0000,347.0150
1787152589,347.0400,347.1000,347.0400,347.0400
1787152590,347.0100,347.0100,346.9900,346.9900
1787152591,346.9800,346.9900,346.9800,346.9800
1787152593,346.9800,346.9900,346.9800,346.9900
1787152594,346.9800,346.9800,346.9200,346.9400
1787152595,346.9200,346.9400,346.9000,346.9400
1787152596,346.9500,346.9500,346.9500,346.9500
1787152597,346.9500,346.9600,346.9500,346.9600
1787152599,346.9700,346.9900,346.9700,346.9900
1787152600,346.9800,346.9800,346.9700,346.9700
1787152602,346.9500,346.9500,346.9500,346.9500
1787152603,346.9900,346.9900,346.9900,346.9900
1787152605,346.9700,346.9700,346.9700,346.9700
1787152606,346.9600,346.9600,346.9000,346.9000
1787152607,346.8200,346.8400,346.8200,346.8400
1787152608,346.8500,346.8500,346.8400,346.8400
1787152609,346.8900,346.9000,346.8900,346.8900
1787152611,346.9200,346.9350,346.9200,346.9350
1787152612,346.9300,346.9300,346.9200,346.9200
1787152614,346.9350,346.9700,346.9350,346.9700
1787152615,346.9500,346.9500,346.9500,346.9500
1787152618,346.9300,346.9400,346.9300,346.9400
1787152619,346.9100,346.9100,346.7200,346.7300
1787152620,346.7800,346.8100,346.7800,346.7800
1787152622,346.7800,346.7800,346.7800,346.7800
1787152625,346.7900,346.8200,346.7900,346.8200
1787152626,346.8100,346.8100,346.8000,346.8000
1787152631,346.8400,346.8400,346.8150,346.8400
1787152632,346.8000,346.8300,346.7600,346.8300
1787152634,346.8700,346.8800,346.8700,346.8800
1787152638,346.8100,346.8100,346.8000,346.8000
1787152639,346.7500,346.7500,346.7100,346.7400
1787152643,346.7700,346.7700,346.7700,346.7700
1787152644,346.7300,346.7300,346.6700,346.6700
1787152645,346.6750,346.7000,346.6700,346.7000
1787152646,346.7700,346.7700,346.7700,346.7700
1787152647,346.8100,346.8500,346.8100,346.8500
1787152650,346.8500,346.8500,346.8500,346.8500
1787152651,346.8600,346.8600,346.8600,346.8600
1787152652,346.8300,346.8300,346.8300,346.8300
1787152653,346.8000,346.8100,346.7700,346.8100
1787152658,346.8400,346.9000,346.8400,346.9000
1787152659,346.9500,346.9600,346.9500,346.9600
1787152660,346.9200,346.9200,346.9200,346.9200
1787152662,346.8600,346.8600,346.8200,346.8200
1787152663,346.8400,346.8400,346.8000,346.8000
1787152664,346.7700,346.7700,346.7300,346.7300
1787152665,346.7000,346.7000,346.6900,346.6900
1787152666,346.6600,346.6600,346.6600,346.6600
1787152668,346.6500,346.6500,346.6400,346.6400
1787152669,346.6300,346.6300,346.6300,346.6300
1787152671,346.6000,346.6000,346.6000,346.6000
1787152672,346.5700,346.5900,346.5700,346.5900
1787152673,346.6100,346.6200,346.5600,346.6200
1787152674,346.5700,346.5700,346.5700,346.5700
1787152675,346.5500,346.5600,346.5100,346.5500
1787152676,346.5500,346.5500,346.5500,346.5500
1787152679,346.6200,346.6200,346.6200,346.6200
1787152682,346.5600,346.5600,346.5300,346.5300
1787152683,346.5300,346.5300,346.5300,346.5300
1787152684,346.5400,346.5500,346.5400,346.5500
1787152685,346.5700,346.5700,346.5700,346.5700
1787152687,346.5700,346.5700,346.5400,346.5500
1787152690,346.5800,346.5800,346.5800,346.5800
1787152694,346.5700,346.5800,346.5700,346.5800
1787152695,346.5500,346.5500,346.5000,346.5000
1787152696,346.5200,346.5200,346.5000,346.5000
1787152697,346.5200,346.5300,346.5200,346.5200
1787152699,346.5100,346.5300,346.5000,346.5300
1787152700,346.4900,346.5000,346.4900,346.5000
1787152701,346.4900,346.4900,346.4900,346.4900
1787152702,346.5300,346.6000,346.5300,346.6000
1787152703,346.5700,346.6300,346.5700,346.6100
1787152707,346.6200,346.6200,346.6200,346.6200
1787152709,346.5900,346.5900,346.5700,346.5700
1787152710,346.5800,346.5800,346.5800,346.5800
1787152712,346.5700,346.5700,346.5700,346.5700
1787152713,346.5900,346.6100,346.5900,346.6100
1787152714,346.6100,346.6100,346.5900,346.5900
1787152716,346.5900,346.5900,346.5900,346.5900
1787152717,346.5800,346.5800,346.5800,346.5800
1787152718,346.5800,346.5800,346.5600,346.5600
1787152719,346.5600,346.5700,346.5500,346.5700
1787152720,346.5800,346.5800,346.5800,346.5800
1787152721,346.5500,346.5550,346.5500,346.5550
1787152722,346.5500,346.5500,346.5200,346.5500
1787152723,346.5700,346.7800,346.5700,346.7800
1787152724,346.7100,346.7100,346.7100,346.7100
1787152731,346.6800,346.6800,346.6000,346.6300
1787152732,346.5900,346.5900,346.5900,346.5900
1787152734,346.5900,346.5900,346.5900,346.5900
1787152736,346.5600,346.5600,346.5600,346.5600
1787152737,346.5900,346.6000,346.5800,346.5800
1787152739,346.5900,346.6400,346.5900,346.6100
1787152740,346.5800,346.5800,346.5800,346.5800
1787152741,346.5700,346.5900,346.5700,346.5900
1787152744,346.5600,346.5600,346.5600,346.5600
1787152745,346.6000,346.6000,346.6000,346.6000
1787152746,346.6300,346.6400,346.6300,346.6400
1787152747,346.6500,346.7000,346.6500,346.7000
1787152750,346.6700,346.6700,346.5800,346.5900
1787152752,346.6500,346.6500,346.6500,346.6500
1787152753,346.7000,346.7100,346.7000,346.7100
1787152755,346.6950,346.6950,346.6950,346.6950
1787152757,346.6950,346.6950,346.6950,346.6950
1787152759,346.6950,346.6950,346.6950,346.6950
1787152761,346.6700,346.6700,346.6700,346.6700
1787152762,346.6600,346.8400,346.6600,346.8000
1787152765,346.7900,346.7900,346.7900,346.7900
1787152767,346.7700,346.7700,346.7600,346.7600
1787152768,346.7300,346.8000,346.7100,346.8000
1787152769,346.8200,346.8200,346.8200,346.8200
1787152770,346.8250,346.8250,346.8250,346.8250
1787152771,346.8400,346.8500,346.8400,346.8500
1787152773,346.8700,346.8900,346.8700,346.8900
1787152774,346.8900,346.9800,346.8900,346.9800
1787152775,346.9800,347.0500,346.9700,347.0000
1787152776,346.9900,346.9900,346.9900,346.9900
1787152778,346.9600,346.9600,346.9500,346.9500
1787152780,346.9700,346.9700,346.9700,346.9700
1787152782,346.9700,346.9700,346.9300,346.9300
1787152783,346.8500,346.8750,346.8500,346.8500
1787152784,346.8800,346.8800,346.8800,346.8800
1787152785,346.8500,346.8500,346.8100,346.8100
1787152787,346.8200,346.8200,346.8100,346.8100
1787152789,346.8800,346.8900,346.8800,346.8900
1787152791,346.9200,346.9200,346.9200,346.9200
1787152793,346.9100,346.9100,346.9100,346.9100
1787152797,346.9000,346.9000,346.8900,346.9000
1787152800,346.8900,346.8900,346.8300,346.8500
1787152802,346.8300,346.8300,346.8200,346.8200
1787152803,346.8500,346.8900,346.8500,346.8900
1787152804,346.9000,346.9000,346.9000,346.9000
1787152805,346.9600,347.0700,346.9600,347.0400
1787152806,347.0400,347.0400,347.0000,347.0000
1787152807,347.0350,347.0350,347.0000,347.0000
1787152808,347.0600,347.0600,347.0600,347.0600
1787152809,347.0700,347.0800,347.0700,347.0800
1787152812,347.0800,347.1000,347.0800,347.0950
1787152813,347.0900,347.1000,347.0700,347.1000
1787152815,347.0800,347.0800,347.0700,347.0700
1787152817,347.0300,347.0300,347.0300,347.0300
1787152818,347.0100,347.0100,347.0000,347.0000
1787152820,346.9600,346.9600,346.9200,346.9300
1787152821,346.9400,346.9400,346.9400,346.9400
1787152822,347.0000,347.0000,347.0000,347.0000
1787152823,347.0250,347.0400,347.0250,347.0400
1787152824,347.0300,347.0300,347.0300,347.0300
1787152825,347.1000,347.1200,347.0800,347.1100
1787152828,347.0400,347.0550,347.0400,347.0500
1787152829,347.0400,347.0400,347.0400,347.0400
1787152830,347.0400,347.0400,347.0200,347.0400
1787152831,347.0500,347.0800,347.0500,347.0800
1787152832,347.1000,347.1000,347.0800,347.0800
1787152833,347.0500,347.0500,347.0400,347.0400
1787152834,347.0400,347.0500,347.0400,347.0500
1787152835,347.0500,347.0500,347.0000,347.0000
1787152840,347.0000,347.0200,347.0000,347.0200
1787152843,347.0000,347.0000,346.9800,346.9800
1787152844,347.0000,347.0200,346.9900,346.9900
1787152845,346.9900,346.9900,346.9900,346.9900
1787152847,347.0000,347.0000,347.0000,347.0000
1787152848,347.0100,347.0100,347.0100,347.0100
1787152849,347.0000,347.0000,346.9500,346.9500
1787152850,346.9700,347.0800,346.9700,347.0800
1787152851,347.0900,347.2300,347.0900,347.2100
1787152852,347.2400,347.2600,347.1400,347.2000
1787152853,347.1800,347.1800,347.1800,347.1800
1787152855,347.1500,347.1800,347.1400,347.1800
1787152856,347.1500,347.1500,347.1300,347.1300
1787152858,347.1000,347.1000,347.1000,347.1000
1787152859,347.1100,347.1100,347.1100,347.1100
1787152860,347.0800,347.0800,347.0800,347.0800
1787152861,347.0700,347.0700,347.0700,347.0700
1787152862,347.0600,347.1800,347.0600,347.1600
1787152864,347.1900,347.1900,347.1900,347.1900
1787152865,347.1650,347.1650,347.1400,347.1400
1787152867,347.1400,347.1400,347.1400,347.1400
1787152868,347.1300,347.1300,347.1300,347.1300
1787152869,347.1300,347.1500,347.1300,347.1500
1787152870,347.1900,347.1900,347.1900,347.1900
1787152874,347.1600,347.1600,347.1600,347.1600
1787152876,347.1300,347.1300,347.1200,347.1200
1787152877,347.1300,347.1300,347.1000,347.1000
1787152878,347.1100,347.1100,347.1100,347.1100
1787152879,347.1200,347.1300,347.1200,347.1300
1787152880,347.1400,347.1800,347.1400,347.1800
1787152881,347.1500,347.1500,347.1500,347.1500
1787152884,347.1900,347.2000,347.1900,347.2000
1787152885,347.2100,347.2800,347.2100,347.2600
1787152886,347.2700,347.2700,347.2700,347.2700
1787152887,347.2400,347.2400,347.2000,347.2100
1787152889,347.2100,347.2100,347.2100,347.2100
1787152890,347.2900,347.3900,347.2900,347.3600
1787152891,347.3750,347.3750,347.3500,347.3750
1787152892,347.3900,347.3900,347.3600,347.3600
1787152893,347.3850,347.4000,347.3500,347.3500
1787152894,347.3500,347.3500,347.3500,347.3500
1787152895,347.3900,347.3900,347.3800,347.3850
1787152897,347.4300,347.4300,347.4100,347.4100
1787152898,347.4000,347.4000,347.4000,347.4000
1787152900,347.4100,347.4300,347.4100,347.4300
1787152901,347.4000,347.4000,347.3700,347.3700
1787152902,347.3600,347.3600,347.2900,347.2900
1787152903,347.3350,347.3600,347.3350,347.3600
1787152906,347.3500,347.3500,347.2600,347.2600
1787152907,347.2700,347.2950,347.2700,347.2950
1787152909,347.2600,347.2600,347.2600,347.2600
1787152910,347.3000,347.3000,347.2600,347.2600
1787152911,347.2750,347.3000,347.2750,347.3000
1787152912,347.3400,347.3400,347.3400,347.3400
1787152913,347.3500,347.3500,347.3400,347.3400
1787152914,347.3300,347.3300,347.3300,347.3300
1787152915,347.3100,347.3100,347.2400,347.2400
1787152916,347.1800,347.1900,347.1800,347.1900
1787152917,347.1900,347.1900,347.1900,347.1900
1787152919,347.1500,347.1700,347.1400,347.1700
1787152920,347.1200,347.1200,347.1200,347.1200
1787152925,347.1600,347.1600,347.1600,347.1600
1787152926,347.1600,347.2400,347.1600,347.2400
1787152929,347.2200,347.2200,347.2000,347.2000
1787152930,347.2050,347.2050,347.2050,347.2050
1787152932,347.2000,347.2000,347.1000,347.1100
1787152933,347.1000,347.1000,347.1000,347.1000
1787152934,347.1200,347.1200,347.1200,347.1200
1787152935,347.1000,347.1000,347.0500,347.0800
1787152936,347.0800,347.1700,347.0800,347.1700
1787152937,347.1200,347.1200,347.0800,347.0800
1787152938,347.1100,347.1200,347.1100,347.1150
1787152939,347.1100,347.1100,347.1100,347.1100
1787152942,347.1400,347.1800,347.1400,347.1800
1787152943,347.2000,347.2000,347.2000,347.2000
1787152944,347.1800,347.1800,347.1800,347.1800
1787152948,347.1800,347.1800,347.1800,347.1800
1787152949,347.1600,347.2200,347.1600,347.2200
1787152950,347.1700,347.1700,347.1700,347.1700
1787152952,347.2000,347.2000,347.2000,347.2000
1787152953,347.1950,347.1950,347.1950,347.1950
1787152955,347.2100,347.2100,347.2100,347.2100
1787152956,347.2600,347.2800,347.2600,347.2800
1787152957,347.2800,347.3000,347.2800,347.2900
1787152959,347.2300,347.2300,347.1500,347.1550
1787152962,347.1400,347.1400,347.1000,347.1000
1787152964,347.1400,347.1700,347.1400,347.1500
1787152965,347.1800,347.1800,347.1800,347.1800
1787152966,347.1900,347.2000,347.1900,347.2000
1787152969,347.2100,347.2100,347.1900,347.1900
1787152971,347.2100,347.2100,347.2100,347.2100
1787152972,347.1700,347.1700,347.1500,347.1650
1787152974,347.1900,347.2100,347.1900,347.2100
1787152976,347.2300,347.3700,347.2300,347.3100
1787152977,347.3200,347.4900,347.3200,347.4400
1787152978,347.4400,347.4800,347.4300,347.4300
1787152981,347.4800,347.4900,347.4800,347.4900
1787152983,347.4800,347.4800,347.4400,347.4500
1787152984,347.4200,347.4200,347.3400,347.3400
1787152985,347.3800,347.3800,347.3700,347.3700
1787152987,347.4200,347.4200,347.4200,347.4200
1787152988,347.4200,347.4200,347.4100,347.4100
1787152989,347.4400,347.4400,347.4400,347.4400
1787152990,347.4600,347.4600,347.4600,347.4600
1787152991,347.4550,347.4550,347.4550,347.4550
1787152992,347.4300,347.4600,347.4300,347.4600
1787152993,347.4200,347.4400,347.4100,347.4400
1787152994,347.4500,347.4500,347.4500,347.4500
1787152995,347.4500,347.4500,347.4500,347.4500
1787152996,347.4600,347.4800,347.4600,347.4800
1787152997,347.4000,347.4000,347.3200,347.3200
1787153000,347.3800,347.4100,347.3800,347.4000
1787153002,347.4100,347.4100,347.3100,347.3100
1787153004,347.2900,347.2900,347.2800,347.2900
1787153005,347.3400,347.3600,347.3400,347.3600
1787153006,347.3600,347.4050,347.3600,347.3800
1787153007,347.4500,347.4800,347.4500,347.4800
1787153009,347.4800,347.5000,347.4500,347.4900
1787153010,347.4800,347.4800,347.4800,347.4800
1787153011,347.5100,347.5500,347.5100,347.5500
1787153012,347.5600,347.5700,347.5200,347.5200
1787153013,347.5000,347.5000,347.5000,347.5000
1787153014,347.4800,347.4800,347.4800,347.4800
1787153015,347.4600,347.4600,347.3800,347.3800
1787153016,347.3600,347.5600,347.3500,347.5600
1787153017,347.5550,347.7000,347.5300,347.6800
1787153020,347.5900,347.5900,347.5000,347.5000
1787153021,347.3900,347.3900,347.3900,347.3900
1787153023,347.3900,347.3900,347.3800,347.3800
1787153027,347.3600,347.3600,347.3600,347.3600
1787153028,347.3600,347.3600,347.3600,347.3600
1787153031,347.4500,347.4500,347.4200,347.4400
1787153032,347.3800,347.3800,347.2800,347.2800
1787153033,347.3500,347.3500,347.3500,347.3500
1787153036,347.3200,347.3200,347.2200,347.2200
1787153039,347.2200,347.2200,347.2200,347.2200
1787153040,347.2700,347.2800,347.2700,347.2800
1787153042,347.2500,347.2900,347.2500,347.2800
1787153043,347.2800,347.2800,347.1400,347.1400
1787153044,347.1600,347.1600,347.1600,347.1600
1787153048,347.2400,347.2700,347.2400,347.2700
1787153051,347.2900,347.3000,347.2800,347.2800
1787153054,347.2700,347.2700,347.2600,347.2600
1787153056,347.2400,347.2400,347.2400,347.2400
1787153057,347.2000,347.2000,347.1800,347.1800
1787153059,347.2400,347.2700,347.2400,347.2700
1787153060,347.2400,347.3300,347.2400,347.3250
1787153061,347.3250,347.3250,347.3100,347.3100
1787153062,347.2200,347.2200,347.1700,347.1700
1787153064,347.1650,347.1650,347.1650,347.1650
1787153065,347.1650,347.1650,347.1650,347.1650
1787153066,347.2100,347.2200,347.2100,347.2100
1787153068,347.2200,347.2700,347.2000,347.2000
1787153069,347.1800,347.1800,347.1400,347.1400
1787153070,347.1400,347.1400,347.1000,347.1100
1787153071,347.0950,347.1200,347.0950,347.1200
1787153072,347.1350,347.1700,347.1350,347.1700
1787153073,347.1500,347.1500,347.1500,347.1500
1787153074,347.1900,347.1900,347.1900,347.1900
1787153075,347.1600,347.1600,347.1600,347.1600
1787153076,347.1300,347.1300,347.1300,347.1300
1787153077,347.1200,347.1250,347.1100,347.1250
1787153079,347.1200,347.1200,347.1200,347.1200
1787153080,347.1100,347.1100,346.9450,347.0800
1787153082,347.0400,347.0400,347.0300,347.0300
1787153084,347.0300,347.0300,347.0100,347.0100
1787153085,346.9700,347.0700,346.9700,347.0700
1787153089,347.0500,347.0500,347.0500,347.0500
1787153090,347.0400,347.0400,347.0400,347.0400
1787153091,347.0500,347.0500,347.0500,347.0500
1787153092,347.0300,347.0300,347.0300,347.0300
1787153093,347.0100,347.0700,347.0100,347.0700
1787153095,347.0450,347.0450,347.0450,347.0450
1787153100,347.0400,347.2000,347.0250,347.1700
1787153103,347.1500,347.1500,347.1500,347.1500
1787153104,347.1300,347.1300,347.1200,347.1200
1787153105,347.1050,347.1050,347.1050,347.1050
1787153108,347.0800,347.0800,347.0100,347.0100
1787153110,347.0200,347.0200,347.0200,347.0200
1787153111,347.0300,347.0300,347.0300,347.0300
1787153113,346.9900,346.9900,346.9900,346.9900
1787153118,347.0000,347.0000,346.9600,346.9600
1787153123,346.9200,346.9700,346.9200,346.9700
1787153125,346.9300,347.0300,346.9300,347.0300
1787153128,347.0000,347.0000,347.0000,347.0000
1787153129,346.9700,347.0000,346.8600,346.8900
1787153130,346.8950,346.8950,346.8950,346.8950
1787153131,346.9800,346.9800,346.9550,346.9550
1787153133,346.9200,347.0200,346.9200,347.0000
1787153136,346.9500,346.9500,346.9500,346.9500
1787153137,346.9200,346.9200,346.9200,346.9200
1787153138,346.9500,346.9500,346.9500,346.9500
1787153139,346.9500,346.9500,346.9500,346.9500
1787153140,346.9900,347.0000,346.9700,346.9700
1787153143,346.9650,346.9650,346.9650,346.9650
1787153144,346.9300,346.9300,346.9300,346.9300
1787153147,346.9300,346.9300,346.9300,346.9300
1787153148,346.9300,346.9300,346.9300,346.9300
1787153151,346.9900,347.0200,346.9900,347.0100
1787153152,346.9700,347.0100,346.9600,346.9600
1787153153,347.0200,347.1100,347.0200,347.1100
1787153160,347.0800,347.0800,347.0600,347.0600
1787153161,347.0200,347.0200,347.0200,347.0200
1787153162,347.0000,347.0800,347.0000,347.0800
1787153166,347.0550,347.0550,347.0550,347.0550
1787153168,347.0400,347.0400,346.9400,346.9400
1787153169,346.9550,346.9550,346.9550,346.9550
1787153170,346.9050,346.9300,346.9000,346.9300
1787153171,346.9800,347.0700,346.9800,347.0700
1787153174,347.0300,347.0300,347.0300,347.0300
1787153175,347.0600,347.0900,347.0600,347.0600
1787153177,347.0550,347.0550,347.0550,347.0550
1787153178,347.0700,347.0700,347.0700,347.0700
1787153182,347.0900,347.2000,347.0900,347.1800
1787153184,347.1700,347.1900,347.1700,347.1900
1787153187,347.1550,347.1700,347.1550,347.1700
1787153188,347.2400,347.2400,347.2400,347.2400
1787153189,347.2300,347.2300,347.2300,347.2300
1787153190,347.2400,347.4500,347.2400,347.4100
1787153191,347.4200,347.5600,347.4200,347.5600
1787153192,347.5800,347.5800,347.5300,347.5300
1787153193,347.5500,347.5500,347.5500,347.5500
1787153194,347.5100,347.5100,347.5100,347.5100
1787153195,347.5100,347.5100,347.5000,347.5000
1787153196,347.4000,347.4000,347.3500,347.3500
1787153197,347.3500,347.3550,347.3400,347.3550
1787153199,347.3000,347.3000,347.2900,347.2900
1787153201,347.2600,347.2600,347.2600,347.2600
1787153202,347.2500,347.3000,347.2500,347.3000
1787153205,347.3300,347.3300,347.2700,347.2700
1787153208,347.3400,347.3400,347.3400,347.3400
1787153210,347.3600,347.3600,347.3600,347.3600
1787153212,347.3900,347.3900,347.3800,347.3800
1787153214,347.3800,347.3800,347.3700,347.3700
1787153216,347.3800,347.3800,347.3800,347.3800
1787153219,347.4600,347.5000,347.4400,347.4500
1787153220,347.4500,347.4500,347.4400,347.4400
1787153221,347.4500,347.4500,347.4500,347.4500
1787153222,347.4400,347.4400,347.3900,347.3900
1787153223,347.4000,347.4000,347.3800,347.3800
1787153224,347.4100,347.4200,347.3800,347.3800
1787153227,347.4000,347.4100,347.3900,347.4100
1787153231,347.4500,347.4500,347.4500,347.4500
1787153232,347.4100,347.4100,347.4000,347.4000
1787153234,347.3800,347.3800,347.3000,347.3000
1787153235,347.3000,347.3200,347.2000,347.2100
1787153239,347.1900,347.1900,347.1900,347.1900
1787153241,347.2350,347.2800,347.2350,347.2800
1787153249,347.3000,347.3400,347.3000,347.3200
1787153250,347.3100,347.3800,347.3100,347.3800
1787153251,347.4100,347.4300,347.4100,347.4300
1787153252,347.4300,347.4500,347.4300,347.4500
1787153254,347.4700,347.5300,347.4600,347.4800
1787153255,347.4300,347.4300,347.4300,347.4300
1787153256,347.4300,347.5000,347.4300,347.4800
1787153257,347.5050,347.5050,347.5050,347.5050
1787153258,347.5050,347.5050,347.5050,347.5050
1787153259,347.5300,347.5500,347.4600,347.5000
1787153260,347.5300,347.5600,347.5100,347.5100
1787153261,347.5600,347.5700,347.5600,347.5700
1787153262,347.5250,347.5800,347.5250,347.5800
1787153263,347.5400,347.5700,347.5400,347.5700
1787153264,347.5300,347.5300,347.4700,347.4700
1787153265,347.4700,347.5400,347.4700,347.5400
1787153268,347.4600,347.4600,347.3600,347.3600
1787153269,347.3900,347.3900,347.3900,347.3900
1787153271,347.3900,347.3900,347.3900,347.3900
1787153272,347.4100,347.4700,347.4100,347.4700
1787153273,347.4700,347.5100,347.4500,347.5100
1787153274,347.5200,347.5300,347.4900,347.4900
1787153275,347.4900,347.4900,347.4900,347.4900
1787153276,347.4400,347.4400,347.4000,347.4000
1787153279,347.4200,347.4200,347.4200,347.4200
1787153280,347.4500,347.5000,347.4500,347.5000
1787153281,347.5000,347.5000,347.5000,347.5000
1787153284,347.4100,347.4100,347.4100,347.4100
1787153286,347.3900,347.3900,347.3900,347.3900
1787153287,347.4400,347.5500,347.4400,347.5500
1787153288,347.5500,347.6000,347.5500,347.6000
1787153290,347.5500,347.5500,347.5400,347.5400
1787153292,347.5000,347.5000,347.4900,347.4900
1787153295,347.5000,347.5000,347.5000,347.5000
1787153296,347.4700,347.4700,347.4000,347.4000
1787153299,347.4050,347.4100,347.4050,347.4100
1787153302,347.4400,347.4700,347.4400,347.4500
1787153303,347.4000,347.4000,347.4000,347.4000
1787153306,347.4900,347.4900,347.4200,347.4400
1787153309,347.5000,347.5000,347.4500,347.4500
1787153310,347.4400,347.4400,347.4400,347.4400
1787153311,347.4000,347.4200,347.3700,347.4200
1787153314,347.4600,347.4700,347.4600,347.4700
1787153315,347.4000,347.4000,347.3800,347.3900
1787153316,347.4500,347.4500,347.4500,347.4500
1787153317,347.4250,347.4250,347.4250,347.4250
1787153319,347.4500,347.4800,347.4100,347.4150
1787153320,347.4400,347.4500,347.4400,347.4500
1787153321,347.5000,347.5200,347.5000,347.5200
1787153322,347.5500,347.5600,347.5500,347.5600
1787153323,347.5000,347.5000,347.5000,347.5000
1787153326,347.5000,347.5000,347.5000,347.5000
1787153327,347.4900,347.4900,347.4900,347.4900
1787153328,347.5000,347.5000,347.5000,347.5000
1787153331,347.4600,347.4600,347.4300,347.4300
1787153332,347.4100,347.4250,347.4100,347.4250
1787153334,347.5000,347.5000,347.4800,347.4800
1787153335,347.5200,347.5200,347.5200,347.5200
1787153336,347.5150,347.5150,347.5150,347.5150
1787153337,347.5500,347.5500,347.5500,347.5500
1787153338,347.5000,347.5000,347.5000,347.5000
1787153339,347.5600,347.5700,347.5600,347.5700
1787153342,347.5000,347.5100,347.4900,347.4900
1787153346,347.5100,347.5400,347.5100,347.5300
1787153347,347.4600,347.4600,347.4400,347.4400
1787153348,347.4350,347.4350,347.4350,347.4350
1787153351,347.4400,347.4400,347.4400,347.4400
1787153352,347.4300,347.4400,347.4100,347.4400
1787153353,347.4300,347.4300,347.4300,347.4300
1787153354,347.4500,347.4800,347.4500,347.4800
1787153355,347.4700,347.4700,347.4700,347.4700
1787153357,347.5100,347.5100,347.5100,347.5100
1787153358,347.4900,347.4900,347.4900,347.4900
1787153359,347.5400,347.5500,347.5400,347.5500
1787153360,347.5600,347.5600,347.5600,347.5600
1787153361,347.5800,347.5800,347.5600,347.5600
1787153362,347.5550,347.5550,347.5550,347.5550
1787153363,347.5500,347.5500,347.5500,347.5500
1787153364,347.5550,347.5550,347.5550,347.5550
1787153365,347.5500,347.6000,347.5500,347.6000
1787153366,347.6000,347.6500,347.6000,347.6500
1787153367,347.6600,347.6800,347.6600,347.6700
1787153368,347.6400,347.6400,347.6200,347.6200
1787153370,347.6200,347.6500,347.6200,347.6500
1787153371,347.6000,347.6500,347.5900,347.6400
1787153372,347.5800,347.5800,347.5600,347.5600
1787153373,347.5500,347.5900,347.5500,347.5900
1787153375,347.5700,347.5700,347.5500,347.5500
1787153376,347.5300,347.5400,347.5100,347.5400
1787153377,347.5100,347.5200,347.4900,347.5200
1787153378,347.4700,347.4700,347.4400,347.4600
1787153379,347.4600,347.4600,347.4600,347.4600
1787153381,347.4650,347.5100,347.4650,347.5100
1787153382,347.4600,347.4600,347.4600,347.4600
1787153383,347.4400,347.4450,347.4400,347.4450
1787153385,347.4200,347.4200,347.4100,347.4100
1787153387,347.4100,347.4200,347.4100,347.4200
1787153388,347.4150,347.4300,347.4150,347.4300
1787153390,347.4500,347.5000,347.4500,347.5000
1787153392,347.4950,347.4950,347.4000,347.4000
1787153393,347.3600,347.3600,347.3600,347.3600
1787153396,347.3700,347.3700,347.3500,347.3700
1787153397,347.3450,347.3800,347.3450,347.3800
1787153398,347.3800,347.3900,347.3800,347.3900
1787153399,347.4300,347.4400,347.4100,347.4100
1787153402,347.4500,347.5000,347.4500,347.5000
1787153403,347.4500,347.4900,347.4100,347.4650
1787153404,347.4500,347.4600,347.4500,347.4600
1787153405,347.4550,347.5100,347.4550,347.5100
1787153406,347.5300,347.5300,347.5000,347.5000
1787153407,347.5100,347.5200,347.5100,347.5200
1787153408,347.5300,347.5300,347.5200,347.5300
1787153409,347.5600,347.6000,347.5600,347.5900
1787153410,347.6100,347.6400,347.6100,347.6400
1787153411,347.6500,347.6600,347.6500,347.6600
1787153412,347.7000,347.8100,347.7000,347.7700
1787153413,347.7550,347.7700,347.6400,347.7100
1787153414,347.6900,347.7000,347.6500,347.6900
1787153415,347.7100,347.7300,347.7100,347.7300
1787153416,347.7100,347.7100,347.7100,347.7100
1787153421,347.7500,347.7500,347.7500,347.7500
1787153422,347.7600,347.7600,347.7600,347.7600
1787153423,347.7300,347.7300,347.6300,347.6300
1787153424,347.6900,347.6900,347.6900,347.6900
1787153425,347.7100,347.7100,347.7100,347.7100
1787153428,347.7500,347.7700,347.7400,347.7400
1787153429,347.7600,347.7600,347.7600,347.7600
1787153430,347.7700,347.7700,347.7300,347.7300
1787153431,347.7400,347.7900,347.7400,347.7900
1787153432,347.7700,347.7700,347.7700,347.7700
1787153433,347.7200,347.7200,347.7100,347.7100
1787153437,347.7300,347.7300,347.7300,347.7300
1787153438,347.7300,347.7300,347.7100,347.7250
1787153439,347.7700,347.8000,347.7700,347.7950
1787153440,347.8000,347.8100,347.8000,347.8100
1787153441,347.8200,347.8400,347.8200,347.8400
1787153443,347.8300,347.8300,347.8300,347.8300
1787153444,347.8300,347.8300,347.8200,347.8200
1787153445,347.8500,347.8500,347.8500,347.8500
1787153446,347.8200,347.8200,347.7800,347.7800
1787153447,347.7600,347.7900,347.7600,347.7900
1787153448,347.7900,347.7900,347.7900,347.7900
1787153449,347.8100,347.9300,347.8100,347.8700
1787153451,347.8600,347.9000,347.8600,347.8750
1787153452,347.9000,347.9000,347.9000,347.9000
1787153453,347.9250,347.9250,347.9250,347.9250
1787153454,347.9100,347.9100,347.8900,347.8900
1787153457,347.8800,347.8800,347.8700,347.8800
1787153459,347.8800,348.0800,347.8800,348.0600
1787153460,348.1000,348.1000,347.9900,347.9900
1787153461,347.9600,347.9600,347.9500,347.9600
1787153463,347.9500,347.9500,347.9400,347.9400
1787153465,347.9500,347.9700,347.9500,347.9700
1787153466,347.9400,347.9400,347.7900,347.8000
1787153468,347.7900,347.8700,347.7900,347.8700
1787153473,347.8700,347.8700,347.8700,347.8700
1787153475,347.8700,347.8700,347.8500,347.8500
1787153477,347.8300,347.8300,347.8100,347.8300
1787153478,347.8350,347.8600,347.8350,347.8600
1787153483,347.9000,347.9000,347.9000,347.9000
1787153484,347.9000,347.9700,347.9000,347.9700
1787153485,347.9800,347.9900,347.8950,347.8950
1787153486,347.9300,347.9300,347.9300,347.9300
1787153487,347.9500,347.9500,347.9500,347.9500
1787153488,347.9900,348.0100,347.9900,348.0000
1787153490,348.0500,348.0500,348.0500,348.0500
1787153497,348.0500,348.0500,348.0500,348.0500
1787153498,348.0700,348.1000,348.0700,348.1000
1787153499,348.0950,348.1200,348.0950,348.1200
1787153500,348.1300,348.1500,348.1300,348.1500
1787153501,348.1300,348.1300,348.1300,348.1300
1787153502,348.1200,348.1200,348.1200,348.1200
1787153503,348.1400,348.1400,348.1400,348.1400
1787153504,348.1100,348.1100,348.0900,348.0900
1787153505,348.0700,348.0700,347.9800,347.9800
1787153506,347.9850,348.0000,347.9850,347.9900
1787153507,347.9800,347.9800,347.9400,347.9400
1787153509,347.9450,347.9450,347.9300,347.9300
1787153510,347.9300,347.9500,347.9200,347.9300
1787153512,347.9300,347.9400,347.9300,347.9400
1787153515,347.9600,348.0000,347.9600,348.0000
1787153516,347.9700,347.9800,347.9200,347.9200
1787153517,347.9100,347.9100,347.8600,347.8600
1787153518,347.8300,347.8300,347.8300,347.8300
1787153520,347.8700,347.8700,347.7800,347.7800
1787153521,347.7700,347.7700,347.7600,347.7600
1787153522,347.7700,347.7700,347.7700,347.7700
1787153523,347.7400,347.7400,347.6500,347.6500
1787153524,347.7500,347.7500,347.7500,347.7500
1787153526,347.7550,347.7600,347.7550,347.7600
1787153529,347.7700,347.8000,347.7700,347.7900
1787153532,347.7850,347.7850,347.7850,347.7850
1787153533,347.8200,347.8500,347.8200,347.8500
1787153536,347.8500,347.8500,347.8250,347.8250
1787153537,347.9000,347.9700,347.9000,347.9700
1787153542,347.9700,348.0000,347.9700,347.9800
1787153544,347.9700,348.0000,347.9700,348.0000
1787153546,347.9400,347.9400,347.9300,347.9300
1787153548,347.9300,347.9400,347.9300,347.9400
1787153550,347.9100,347.9100,347.7700,347.7700
1787153552,347.7800,347.7800,347.7700,347.7700
1787153553,347.8300,347.8300,347.8300,347.8300
1787153558,347.8400,347.8550,347.8300,347.8550
1787153559,347.8300,347.8300,347.8200,347.8200
1787153560,347.7800,347.7800,347.7600,347.7600
1787153561,347.7400,347.7400,347.7000,347.7000
1787153564,347.7100,347.7500,347.7100,347.7500
1787153565,347.7550,347.7550,347.7550,347.7550
1787153570,347.8000,347.8100,347.8000,347.8100
1787153571,347.7800,347.7800,347.7400,347.7600
1787153575,347.7200,347.7200,347.6700,347.7000
1787153576,347.6600,347.6600,347.6600,347.6600
1787153577,347.6500,347.6500,347.6100,347.6150
1787153578,347.6400,347.6500,347.6400,347.6500
1787153580,347.6800,347.6800,347.6800,347.6800
1787153581,347.6900,347.6900,347.6900,347.6900
1787153582,347.7100,347.7100,347.6800,347.6800
1787153583,347.6700,347.6700,347.6500,347.6500
1787153584,347.6500,347.7100,347.6500,347.7100
1787153585,347.6800,347.6800,347.6800,347.6800
1787153586,347.6800,347.6800,347.6800,347.6800
1787153588,347.6700,347.6700,347.6200,347.6200
1787153589,347.6300,347.6900,347.6300,347.6600
1787153590,347.7100,347.7900,347.7100,347.7900
1787153593,347.8100,347.8400,347.8100,347.8400
1787153596,347.8800,347.8800,347.8500,347.8700
1787153597,347.9000,347.9000,347.9000,347.9000
1787153599,347.8900,347.8900,347.8700,347.8700
1787153600,347.8500,347.8500,347.8500,347.8500
1787153601,347.8700,347.8700,347.8500,347.8600
1787153602,347.8600,347.8900,347.8600,347.8900
1787153604,347.8500,347.8700,347.8500,347.8700
1787153605,347.8700,347.8800,347.8200,347.8200
1787153606,347.8800,347.8800,347.8800,347.8800
1787153607,347.9000,347.9200,347.9000,347.9200
1787153608,347.8850,347.8850,347.8800,347.8800
1787153609,347.8800,347.8800,347.8700,347.8700
1787153612,347.8100,347.8100,347.8000,347.8000
1787153614,347.8000,347.8000,347.8000,347.8000
1787153616,347.8100,347.8100,347.8000,347.8000
1787153618,347.8300,347.8300,347.8300,347.8300
1787153619,347.8300,347.8300,347.8300,347.8300
1787153620,347.8500,347.8500,347.8300,347.8300
1787153621,347.8700,347.8800,347.8700,347.8800
1787153622,347.8850,347.8850,347.8850,347.8850
1787153623,347.8700,347.8700,347.8000,347.8000
1787153624,347.8150,347.8150,347.8150,347.8150
1787153625,347.8400,347.8400,347.8400,347.8400
1787153626,347.8700,347.9000,347.8700,347.9000
1787153628,347.9200,347.9200,347.9200,347.9200
1787153629,347.8800,347.8800,347.8700,347.8750
1787153633,347.8400,347.8400,347.8200,347.8200
1787153634,347.8100,347.8100,347.7200,347.7200
1787153635,347.7100,347.7100,347.6600,347.6600
1787153637,347.6400,347.6400,347.5700,347.5700
1787153638,347.5400,347.5400,347.5200,347.5200
1787153639,347.5200,347.5200,347.4900,347.5100
1787153640,347.5500,347.5500,347.5100,347.5100
1787153641,347.5000,347.5100,347.5000,347.5000
1787153642,347.4900,347.4900,347.4900,347.4900
1787153643,347.5400,347.5500,347.5400,347.5500
1787153644,347.4900,347.4900,347.4400,347.4600
1787153645,347.4400,347.4600,347.4400,347.4600
1787153646,347.5500,347.6300,347.5500,347.6300
1787153647,347.6450,347.6800,347.6450,347.6800
1787153648,347.6900,347.6900,347.6900,347.6900
1787153649,347.6400,347.6400,347.6400,347.6400
1787153650,347.6400,347.6700,347.6400,347.6700
1787153651,347.6000,347.6000,347.5900,347.5950
1787153652,347.6200,347.6600,347.6200,347.6500
1787153654,347.5800,347.5850,347.5700,347.5850
1787153655,347.6200,347.6300,347.6000,347.6000
1787153656,347.5800,347.8800,347.5800,347.8800
1787153657,347.8200,347.8300,347.7900,347.7900
1787153659,347.7900,347.7900,347.7900,347.7900
1787153660,347.7900,347.7900,347.7900,347.7900
1787153662,347.8300,347.8300,347.7700,347.7700
1787153665,347.7150,347.7150,347.7150,347.7150
1787153666,347.6500,347.6500,347.6300,347.6300
1787153669,347.6200,347.6200,347.6200,347.6200
1787153670,347.6500,347.7000,347.6500,347.6750
1787153677,347.6000,347.6700,347.5900,347.6700
1787153680,347.6400,347.6500,347.6100,347.6500
1787153681,347.6050,347.6150,347.6050,347.6150
1787153682,347.6100,347.6100,347.6100,347.6100
1787153683,347.6100,347.6100,347.6100,347.6100
1787153684,347.6200,347.6700,347.6200,347.6700
1787153685,347.7000,347.7000,347.7000,347.7000
1787153686,347.6600,347.6600,347.6600,347.6600
1787153687,347.6600,347.6700,347.6600,347.6700
1787153690,347.6700,347.6700,347.6700,347.6700
1787153691,347.6700,347.7100,347.6700,347.7100
1787153692,347.7300,347.7300,347.7300,347.7300
1787153693,347.7500,347.7550,347.7500,347.7500
1787153694,347.7600,347.8000,347.7600,347.8000
1787153695,347.8200,347.8750,347.8200,347.8750
1787153696,347.8500,347.8900,347.8500,347.8500
1787153698,347.8800,347.8800,347.8800,347.8800
1787153700,347.8500,347.8500,347.7950,347.7950
1787153702,347.8150,347.8300,347.8150,347.8300
1787153704,347.8000,347.8000,347.8000,347.8000
1787153705,347.7800,347.8200,347.7800,347.8200
1787153706,347.8100,347.8100,347.7500,347.7500
1787153707,347.7800,347.7900,347.7800,347.7900
1787153708,347.7600,347.7600,347.7600,347.7600
1787153709,347.7600,347.7600,347.7600,347.7600
1787153711,347.7600,347.8000,347.7600,347.7800
1787153712,347.7700,347.7700,347.7700,347.7700
1787153713,347.7100,347.7100,347.7100,347.7100
1787153714,347.7000,347.7300,347.6500,347.6500
1787153717,347.6500,347.6500,347.6000,347.6000
1787153718,347.6000,347.6000,347.6000,347.6000
1787153720,347.5800,347.5800,347.5400,347.5400
1787153721,347.5000,347.5000,347.5000,347.5000
1787153722,347.4500,347.4500,347.4500,347.4500
1787153723,347.4800,347.5200,347.4800,347.5200
1787153724,347.5400,347.5400,347.5400,347.5400
1787153725,347.5200,347.5200,347.5100,347.5100
1787153726,347.4900,347.4900,347.4100,347.4100
1787153728,347.4000,347.4000,347.3800,347.3800
1787153730,347.4000,347.4000,347.4000,347.4000
1787153731,347.3900,347.4200,347.3900,347.4200
1787153732,347.4500,347.4700,347.4500,347.4700
1787153733,347.4900,347.6000,347.4900,347.6000
1787153734,347.5950,347.5950,347.5950,347.5950
1787153735,347.6400,347.6500,347.6400,347.6500
1787153736,347.6500,347.6500,347.6000,347.6000
1787153739,347.5700,347.5700,347.5700,347.5700
1787153746,347.5800,347.6800,347.5500,347.6800
1787153747,347.6900,347.7000,347.6900,347.7000
1787153748,347.7250,347.7250,347.6800,347.6800
1787153750,347.7250,347.7300,347.7250,347.7300
1787153751,347.7000,347.7000,347.6800,347.6800
1787153752,347.6800,347.6900,347.6000,347.6000
1787153753,347.6100,347.6100,347.5700,347.5900
1787153754,347.5700,347.5700,347.5600,347.5600
1787153763,347.5450,347.5450,347.5200,347.5300
1787153764,347.5400,347.5400,347.5400,347.5400
1787153766,347.5450,347.5500,347.5450,347.5450
1787153767,347.5500,347.5900,347.5500,347.5700
1787153768,347.5400,347.5400,347.5400,347.5400
1787153770,347.5600,347.5600,347.5600,347.5600
1787153772,347.5700,347.6000,347.5200,347.5200
1787153775,347.5600,347.6000,347.5600,347.6000
1787153776,347.7000,347.7000,347.7000,347.7000
1787153778,347.7200,347.7700,347.7200,347.7700
1787153780,347.7600,347.8000,347.7600,347.8000
1787153781,347.8000,347.8200,347.8000,347.8200
1787153782,347.7600,347.7600,347.7600,347.7600
1787153785,347.6900,347.6900,347.6300,347.6300
1787153786,347.5800,347.5800,347.5500,347.5500
1787153787,347.5000,347.5000,347.2400,347.2400
1787153788,347.2300,347.2600,347.2000,347.2600
1787153789,347.2800,347.2800,347.2800,347.2800
1787153790,347.2800,347.2800,347.2800,347.2800
1787153793,347.2650,347.2650,347.2600,347.2600
1787153795,347.2800,347.2800,347.2700,347.2800
1787153796,347.2700,347.2700,347.2000,347.2200
1787153797,347.1900,347.2000,347.1900,347.2000
1787153799,347.2400,347.2400,347.2350,347.2350
1787153802,347.2100,347.2100,347.2100,347.2100
1787153806,347.2600,347.2600,347.2600,347.2600
1787153808,347.2100,347.2100,347.1900,347.1900
1787153809,347.1500,347.1500,347.1000,347.1000
1787153810,347.1000,347.1100,347.0600,347.0600
1787153812,347.0900,347.1400,347.0400,347.1400
1787153814,347.1100,347.1100,346.9800,347.0000
1787153815,346.9200,346.9200,346.9200,346.9200
1787153817,346.9500,347.0800,346.9500,347.0800
1787153819,347.0200,347.0200,347.0200,347.0200
1787153820,347.0200,347.0200,347.0000,347.0000
1787153821,347.0000,347.0000,346.9800,346.9800
1787153823,347.0000,347.0000,346.9800,346.9800
1787153826,347.0600,347.0600,347.0600,347.0600
1787153827,347.0600,347.0900,347.0300,347.0300
1787153828,347.0450,347.0450,347.0450,347.0450
1787153829,347.0400,347.0400,346.9800,346.9800
1787153830,346.9900,346.9900,346.9900,346.9900
1787153831,346.9900,347.1000,346.9900,347.1000
1787153835,347.1100,347.1800,347.1100,347.1800
1787153840,347.1300,347.1900,347.1200,347.1200
1787153841,347.1400,347.1400,347.1400,347.1400
1787153843,347.1400,347.1400,347.1300,347.1300
1787153844,347.1200,347.1200,347.1100,347.1100
1787153845,347.0700,347.0950,347.0500,347.0500
1787153846,347.0800,347.1150,347.0800,347.0900
1787153848,347.0600,347.0600,347.0600,347.0600
1787153853,346.9700,346.9700,346.9100,346.9100
1787153856,346.9400,346.9400,346.9400,346.9400
1787153857,346.9800,347.0000,346.9800,347.0000
1787153859,346.9800,346.9800,346.9800,346.9800
1787153860,347.0300,347.1000,347.0300,347.1000
1787153861,347.1500,347.2400,347.1500,347.2400
1787153862,347.2600,347.4150,347.2600,347.4150
1787153863,347.3700,347.3900,347.3700,347.3900
1787153864,347.3600,347.3600,347.3500,347.3500
1787153866,347.3800,347.3800,347.3800,347.3800
1787153868,347.3400,347.3700,347.3400,347.3600
1787153869,347.3700,347.3700,347.3700,347.3700
1787153870,347.3400,347.3400,347.3400,347.3400
1787153872,347.3300,347.3900,347.3200,347.3900
1787153873,347.4000,347.4000,347.4000,347.4000
1787153875,347.4500,347.4700,347.4400,347.4700
1787153879,347.4500,347.4700,347.4100,347.4100
1787153880,347.4500,347.4500,347.4500,347.4500
1787153881,347.4500,347.4500,347.4500,347.4500
1787153882,347.3800,347.3800,347.3800,347.3800
1787153884,347.3500,347.3500,347.3500,347.3500
1787153885,347.3400,347.3400,347.2800,347.2800
1787153886,347.1900,347.1900,347.1900,347.1900
1787153888,347.2400,347.2600,347.2400,347.2600
1787153889,347.2800,347.2800,347.2600,347.2600
1787153890,347.2300,347.2300,347.2300,347.2300
1787153895,347.1900,347.1900,347.1300,347.1300
1787153896,347.1550,347.2300,347.1550,347.2300
1787153898,347.2350,347.2350,347.2350,347.2350
1787153899,347.2700,347.2700,347.2700,347.2700
1787153900,347.2800,347.3000,347.2800,347.3000
1787153904,347.2800,347.3000,347.2700,347.3000
1787153906,347.2600,347.2600,347.2100,347.2100
1787153908,347.2300,347.2300,347.2300,347.2300
1787153909,347.1900,347.1900,347.1850,347.1850
1787153911,347.1500,347.1500,347.1500,347.1500
1787153912,347.1800,347.1800,347.1800,347.1800
1787153914,347.1400,347.1400,347.1400,347.1400
1787153915,347.1800,347.1800,347.1800,347.1800
1787153919,347.1600,347.1600,347.1600,347.1600
1787153920,347.1600,347.1600,347.1600,347.1600
1787153923,347.2000,347.2300,347.2000,347.2200
1787153924,347.2100,347.2100,347.2000,347.2100
1787153925,347.2000,347.2000,347.2000,347.2000
1787153932,347.1500,347.2000,347.1500,347.1900
1787153935,347.2150,347.2150,347.2150,347.2150
1787153936,347.2400,347.2800,347.2400,347.2800
1787153937,347.3100,347.3500,347.3100,347.3500
1787153938,347.3800,347.3800,347.3800,347.3800
1787153939,347.3500,347.3500,347.3400,347.3400
1787153942,347.3500,347.3900,347.3500,347.3900
1787153944,347.4000,347.4100,347.3500,347.3500
1787153946,347.2900,347.2900,347.2900,347.2900
1787153949,347.2500,347.2500,347.2500,347.2500
1787153950,347.2250,347.2250,347.2250,347.2250
1787153954,347.2300,347.2300,347.2300,347.2300
1787153956,347.2100,347.2300,347.2100,347.2300
1787153957,347.2400,347.2400,347.2400,347.2400
1787153959,347.2100,347.2300,347.2100,347.2300
1787153960,347.2100,347.2100,347.2000,347.2000
1787153961,347.1900,347.1900,347.1700,347.1700
1787153962,347.1500,347.1600,347.1500,347.1600
1787153963,347.1400,347.1400,347.1300,347.1300
1787153964,347.1100,347.1300,347.1100,347.1300
1787153966,347.1300,347.1300,347.1300,347.1300
1787153967,347.1400,347.1400,347.1400,347.1400
1787153971,347.1600,347.1800,347.1600,347.1800
1787153972,347.2000,347.2000,347.2000,347.2000
1787153973,347.1700,347.1700,347.1700,347.1700
1787153974,347.1400,347.1400,347.1400,347.1400
1787153977,347.1550,347.1550,347.1200,347.1400
1787153980,347.1400,347.1500,347.1400,347.1400
1787153982,347.1500,347.1500,347.1500,347.1500
1787153984,347.1200,347.1200,347.1200,347.1200
1787153985,347.1000,347.1000,347.0200,347.0500
1787153986,347.0450,347.0450,347.0450,347.0450
1787153987,347.0100,347.0100,347.0000,347.0000
1787153988,347.0200,347.0400,347.0200,347.0400
1787153990,347.0800,347.0800,347.0800,347.0800
1787153993,347.0800,347.0800,347.0600,347.0600
1787153994,347.0100,347.0100,346.8700,346.8700
1787153995,346.8800,346.9000,346.8800,346.9000
1787153997,346.9000,346.9000,346.9000,346.9000
1787153999,346.8700,346.8800,346.8700,346.8800
1787154000,346.8300,346.8300,346.8300,346.8300
1787154002,346.8800,346.9000,346.8800,346.9000
1787154003,346.9000,346.9400,346.9000,346.9400
1787154004,346.8600,346.9000,346.8600,346.9000
1787154007,346.8500,346.8700,346.8500,346.8500
1787154008,346.8500,346.8700,346.8500,346.8700
1787154009,346.8300,346.8300,346.6000,346.6400
1787154010,346.6400,346.6700,346.6300,346.6700
1787154011,346.6400,346.6700,346.6400,346.6700
1787154012,346.6900,346.6900,346.6900,346.6900
1787154013,346.6100,346.6250,346.6100,346.6250
1787154014,346.6250,346.6250,346.6250,346.6250
1787154015,346.6500,346.6700,346.6500,346.6700
1787154017,346.6900,346.7000,346.6900,346.7000
1787154018,346.6700,346.6700,346.6100,346.6100
1787154019,346.6250,346.6300,346.6250,346.6300
1787154020,346.6700,346.6900,346.6700,346.6900
1787154023,346.6300,346.6300,346.5300,346.5300
1787154024,346.6000,346.6600,346.6000,346.6100
1787154025,346.6300,346.6700,346.6300,346.6600
1787154026,346.6800,346.6800,346.6800,346.6800
1787154028,346.6000,346.6000,346.5400,346.5500
1787154032,346.5700,346.5900,346.5700,346.5900
1787154033,346.6000,346.6000,346.5750,346.5800
1787154036,346.6300,346.6300,346.6100,346.6100
1787154037,346.6000,346.6500,346.6000,346.6500
1787154042,346.6600,346.6700,346.6400,346.6400
1787154043,346.6300,346.6300,346.6300,346.6300
1787154045,346.6700,346.7100,346.6700,346.7100
1787154047,346.7000,346.7400,346.7000,346.7400
1787154048,346.7700,346.8800,346.7700,346.8800
1787154050,346.9050,346.9050,346.8900,346.8900
1787154051,346.8600,346.8600,346.8600,346.8600
1787154055,346.8600,346.8700,346.8600,346.8700
1787154057,346.9000,346.9100,346.9000,346.9100
1787154059,346.8700,346.8700,346.8300,346.8300
1787154062,346.8200,346.8200,346.8100,346.8100
1787154063,346.8150,346.8800,346.8150,346.8800
1787154065,346.8400,346.8400,346.8400,346.8400
1787154066,346.8400,346.8400,346.7600,346.7600
1787154067,346.7750,346.7750,346.7750,346.7750
1787154070,346.7800,346.7800,346.7600,346.7600
1787154072,346.7400,346.7400,346.7000,346.7000
1787154075,346.7600,346.8200,346.7600,346.8000
1787154076,346.7800,346.7800,346.7700,346.7700
1787154079,346.7600,346.7600,346.7300,346.7600
1787154080,346.7000,346.7000,346.7000,346.7000
1787154081,346.6800,346.6800,346.5500,346.5900
1787154082,346.5400,346.5400,346.4400,346.4400
1787154084,346.5400,346.5400,346.5400,346.5400
1787154086,346.5700,346.5700,346.5700,346.5700
1787154091,346.6000,346.6400,346.6000,346.6200
1787154092,346.6800,346.6800,346.6000,346.6000
1787154094,346.6100,346.6100,346.6100,346.6100
1787154097,346.6300,346.6300,346.6300,346.6300
1787154099,346.6100,346.6100,346.6100,346.6100
1787154101,346.6600,346.6600,346.6600,346.6600
1787154102,346.6200,346.6400,346.6200,346.6400
1787154103,346.6400,346.6400,346.6300,346.6300
1787154107,346.6400,346.6400,346.6400,346.6400
1787154111,346.6300,346.6300,346.6000,346.6100
1787154113,346.6300,346.6500,346.6300,346.6300
1787154115,346.6500,346.7000,346.6500,346.6800
1787154116,346.6700,346.6700,346.6500,346.6500
1787154117,346.6200,346.6200,346.6100,346.6100
1787154120,346.6300,346.6300,346.6300,346.6300
1787154122,346.6800,346.7000,346.6800,346.7000
1787154123,346.6500,346.6500,346.5800,346.5800
1787154125,346.5500,346.5900,346.5400,346.5900
1787154126,346.5000,346.5000,346.4800,346.4800
1787154128,346.4600,346.4600,346.4100,346.4300
1787154129,346.5100,346.5100,346.5000,346.5000
1787154131,346.5600,346.5800,346.5600,346.5800
1787154132,346.6100,346.6500,346.6100,346.6500
1787154139,346.6300,346.6300,346.6200,346.6200
1787154141,346.6400,346.6400,346.5800,346.5800
1787154142,346.5800,346.5800,346.5300,346.5300
1787154146,346.5800,346.5800,346.5800,346.5800
1787154147,346.6100,346.6500,346.6100,346.6300
1787154148,346.6200,346.7300,346.6200,346.7100
1787154150,346.7400,346.8800,346.7400,346.8800
1787154152,346.8700,346.8700,346.8400,346.8400
1787154153,346.8400,346.8400,346.8400,346.8400
1787154155,346.7900,346.8000,346.7800,346.8000
1787154157,346.8500,346.9200,346.8500,346.9200
1787154158,346.9500,346.9900,346.9500,346.9700
1787154160,346.9500,346.9500,346.9500,346.9500
1787154161,346.9700,346.9700,346.9700,346.9700
1787154167,347.0000,347.0100,346.9300,346.9800
1787154169,346.9700,346.9700,346.9200,346.9200
1787154170,346.9000,346.9000,346.8600,346.8700
1787154175,346.9200,346.9300,346.9200,346.9300
1787154179,346.8700,346.8700,346.8700,346.8700
1787154180,346.8000,346.8000,346.7800,346.7800
1787154181,346.8200,346.8500,346.8200,346.8500
1787154183,346.7800,346.7800,346.7800,346.7800
1787154184,346.7800,346.7800,346.7700,346.7700
1787154186,346.8000,346.8100,346.8000,346.8100
1787154190,346.8500,346.8500,346.8400,346.8400
1787154191,346.8300,346.8500,346.8300,346.8500
1787154194,346.8400,346.8400,346.8400,346.8400
1787154195,346.8600,346.8600,346.8000,346.8000
1787154199,346.7600,346.7600,346.7200,346.7200
1787154200,346.7600,346.7800,346.7600,346.7800
1787154204,346.7500,346.7700,346.7500,346.7700
1787154205,346.7600,346.7600,346.7600,346.7600
1787154210,346.7300,346.7300,346.7000,346.7000
1787154211,346.7600,346.7600,346.7600,346.7600
1787154214,346.7900,346.8000,346.7800,346.7800
1787154217,346.7900,346.7900,346.7900,346.7900
1787154218,346.7700,346.7700,346.7700,346.7700
1787154220,346.7600,346.7600,346.7600,346.7600
1787154224,346.8100,346.8200,346.7600,346.7600
1787154225,346.7400,346.7400,346.7300,346.7300
1787154229,346.7200,346.7200,346.7200,346.7200
1787154230,346.7200,346.7200,346.7200,346.7200
1787154233,346.7000,346.7000,346.7000,346.7000
1787154234,346.7100,346.7200,346.7100,346.7200
1787154235,346.7000,346.7250,346.7000,346.7250
1787154236,346.6800,346.6800,346.6300,346.6300
1787154237,346.6200,346.6200,346.6200,346.6200
1787154238,346.6100,346.6100,346.6000,346.6000
1787154241,346.5800,346.5800,346.5800,346.5800
1787154242,346.6000,346.6100,346.6000,346.6000
1787154244,346.6100,346.6100,346.5900,346.5900
1787154245,346.5700,346.5800,346.5600,346.5800
1787154246,346.5300,346.7000,346.5300,346.6900
1787154248,346.6700,346.7100,346.6500,346.6500
1787154255,346.6700,346.7500,346.6700,346.7500
1787154256,346.7500,346.7800,346.7500,346.7800
1787154257,346.8000,346.8100,346.8000,346.8100
1787154258,346.8150,346.8150,346.7800,346.7900
1787154260,346.8300,346.8300,346.8300,346.8300
1787154263,346.8500,346.8600,346.7900,346.8100
1787154266,346.7900,346.8100,346.7700,346.8100
1787154268,346.8100,346.8100,346.8100,346.8100
1787154269,346.8400,346.8400,346.8400,346.8400
1787154270,346.8400,346.8500,346.8200,346.8200
1787154271,346.7800,346.7800,346.7800,346.7800
1787154273,346.8100,346.8100,346.8100,346.8100
1787154276,346.7900,346.8200,346.7900,346.8200
1787154278,346.8200,346.8300,346.8200,346.8300
1787154279,346.8000,346.8000,346.7500,346.7500
1787154280,346.7100,346.7100,346.6800,346.6800
1787154284,346.7500,346.8000,346.7500,346.8000
1787154289,346.8050,346.8050,346.7800,346.7800
1787154291,346.7900,346.7900,346.7900,346.7900
1787154294,346.8000,346.8000,346.8000,346.8000
1787154295,346.8200,346.9200,346.8200,346.9200
1787154298,346.9100,346.9100,346.9100,346.9100
1787154301,346.8700,346.8900,346.8600,346.8900
1787154303,346.8500,346.8500,346.8400,346.8400
1787154305,346.8300,346.8300,346.8300,346.8300
1787154306,346.8450,346.8450,346.8300,346.8400
1787154309,346.8500,346.8800,346.8500,346.8800
1787154310,346.9000,346.9700,346.9000,346.9700
1787154311,346.9700,346.9700,346.9600,346.9600
1787154312,346.9300,346.9300,346.9300,346.9300
1787154313,346.9500,346.9500,346.9500,346.9500
1787154314,346.9200,346.9200,346.9100,346.9100
1787154318,346.8600,346.8600,346.8200,346.8500
1787154320,346.8100,346.8100,346.8000,346.8000
1787154321,346.8150,346.8150,346.8150,346.8150
1787154322,346.8400,346.8400,346.8400,346.8400
1787154323,346.8800,346.9000,346.8800,346.9000
1787154325,346.8900,346.8900,346.8700,346.8700
1787154326,346.9100,346.9100,346.9100,346.9100
1787154327,346.9200,346.9200,346.9200,346.9200
1787154328,346.9400,346.9500,346.9400,346.9500
1787154330,346.9400,346.9400,346.9400,346.9400
1787154331,346.9600,346.9700,346.9600,346.9700
1787154333,346.9650,346.9650,346.9500,346.9500
1787154334,346.9400,346.9400,346.9300,346.9300
1787154340,346.9400,346.9700,346.9400,346.9700
1787154345,346.9800,346.9800,346.9400,346.9400
1787154347,346.9400,346.9400,346.8900,346.8900
1787154348,346.8800,346.8800,346.8500,346.8500
1787154351,346.8800,346.8800,346.8800,346.8800
1787154353,346.8600,346.8600,346.8400,346.8400
1787154355,346.8700,346.8900,346.8700,346.8900
1787154357,346.8950,346.9800,346.8950,346.9400
1787154360,346.9200,346.9200,346.8900,346.8900
1787154363,346.8700,346.8700,346.8700,346.8700
1787154364,346.8900,346.9300,346.8900,346.9300
1787154365,346.9200,346.9300,346.9200,346.9300
1787154367,346.9100,346.9100,346.9100,346.9100
1787154369,346.9300,346.9300,346.9300,346.9300
1787154370,346.9100,346.9100,346.9100,346.9100
1787154372,346.8800,346.8800,346.7700,346.7900
1787154373,346.7700,346.7700,346.7100,346.7100
1787154374,346.7600,346.8000,346.7600,346.8000
1787154376,346.7100,346.7100,346.7000,346.7100
1787154378,346.8000,346.8100,346.8000,346.8100
1787154380,346.9000,346.9000,346.9000,346.9000
1787154381,346.8800,346.8800,346.8700,346.8700
1787154382,346.9000,346.9000,346.9000,346.9000
1787154384,346.9100,346.9800,346.9100,346.9800
1787154386,346.9800,347.0000,346.9200,346.9200
1787154389,346.9250,346.9250,346.8900,346.8900
1787154390,346.9000,346.9000,346.9000,346.9000
1787154392,346.8600,346.8600,346.8600,346.8600
1787154394,346.8700,346.8700,346.8700,346.8700
1787154396,346.8650,346.9000,346.8650,346.9000
1787154397,346.8500,346.8500,346.8500,346.8500
1787154398,346.8600,346.8600,346.8600,346.8600
1787154402,346.8300,346.8300,346.8300,346.8300
1787154405,346.7900,346.7900,346.7400,346.7400
1787154407,346.7400,346.7700,346.7400,346.7700
1787154413,346.8000,346.8000,346.8000,346.8000
1787154416,346.8300,346.8300,346.8300,346.8300
1787154420,346.8150,346.8300,346.8150,346.8300
1787154421,346.8000,346.8050,346.8000,346.8050
1787154422,346.7900,346.7900,346.7600,346.7600
1787154424,346.7650,346.7650,346.7650,346.7650
1787154425,346.7200,346.7200,346.7000,346.7000
1787154426,346.7500,346.7800,346.7450,346.7700
1787154430,346.7100,346.7100,346.6900,346.6900
1787154431,346.6500,346.6500,346.6400,346.6400
1787154433,346.6100,346.6100,346.5900,346.5900
1787154434,346.5800,346.5800,346.5700,346.5700
1787154435,346.5100,346.5200,346.4300,346.4400
1787154436,346.4550,346.4700,346.4450,346.4500
1787154437,346.4800,346.4800,346.4800,346.4800
1787154438,346.4400,346.4400,346.3100,346.3100
1787154439,346.3700,346.3700,346.3700,346.3700
1787154442,346.3800,346.3800,346.3800,346.3800
1787154444,346.4000,346.4000,346.3900,346.3900
1787154445,346.4200,346.4300,346.4200,346.4300
1787154447,346.4100,346.4100,346.4100,346.4100
1787154449,346.3900,346.4000,346.3800,346.4000
1787154450,346.4000,346.4400,346.4000,346.4400
1787154451,346.4300,346.4300,346.4300,346.4300
1787154452,346.4300,346.4400,346.4300,346.4400
1787154453,346.4600,346.4600,346.4600,346.4600
1787154454,346.4900,346.5000,346.4900,346.5000
1787154455,346.4900,346.4900,346.4900,346.4900
1787154456,346.4850,346.5300,346.4400,346.4400
1787154459,346.5100,346.5350,346.5100,346.5300
1787154460,346.5600,346.6100,346.5600,346.6100
1787154462,346.5900,346.5900,346.5900,346.5900
1787154463,346.6000,346.6000,346.6000,346.6000
1787154465,346.6300,346.6300,346.6300,346.6300
1787154466,346.6300,346.6500,346.6300,346.6500
1787154467,346.6600,346.6600,346.6500,346.6500
1787154468,346.6300,346.6300,346.6100,346.6100
1787154469,346.5700,346.5700,346.5400,346.5400
1787154474,346.5700,346.5700,346.5700,346.5700
1787154477,346.5650,346.5700,346.5650,346.5700
1787154478,346.5750,346.5750,346.5750,346.5750
1787154480,346.5750,346.6400,346.5750,346.6400
1787154482,346.5600,346.5800,346.5500,346.5800
1787154487,346.6200,346.6200,346.6200,346.6200
1787154488,346.6200,346.6200,346.6200,346.6200
1787154490,346.6000,346.6000,346.5700,346.5900
1787154492,346.5800,346.5800,346.5800,346.5800
1787154496,346.5600,346.5600,346.5100,346.5100
1787154497,346.5100,346.5200,346.4900,346.5200
1787154498,346.5000,346.5000,346.5000,346.5000
1787154500,346.5000,346.5100,346.5000,346.5100
1787154501,346.5100,346.5100,346.4900,346.4900
1787154502,346.5200,346.5700,346.5200,346.5600
1787154505,346.6100,346.6400,346.6100,346.6400
1787154507,346.6400,346.6400,346.5700,346.5700
1787154509,346.5000,346.5000,346.5000,346.5000
1787154511,346.4700,346.4700,346.4700,346.4700
1787154512,346.4700,346.4700,346.4700,346.4700
1787154513,346.5000,346.5000,346.4600,346.5000
1787154514,346.5000,346.5000,346.4900,346.4900
1787154515,346.4850,346.4900,346.4850,346.4900
1787154517,346.5200,346.5200,346.5200,346.5200
1787154518,346.5200,346.5200,346.5200,346.5200
1787154520,346.5500,346.5500,346.5500,346.5500
1787154521,346.5200,346.5200,346.5200,346.5200
1787154522,346.5300,346.5300,346.5100,346.5250
1787154523,346.5250,346.5250,346.5000,346.5000
1787154527,346.5500,346.5500,346.5400,346.5400
1787154528,346.5700,346.5800,346.5700,346.5800
1787154529,346.5800,346.5800,346.5700,346.5700
1787154531,346.5600,346.5600,346.5500,346.5500
1787154533,346.5400,346.5400,346.5400,346.5400
1787154534,346.5350,346.5350,346.5350,346.5350
1787154535,346.5200,346.5200,346.5200,346.5200
1787154536,346.5350,346.5600,346.5350,346.5500
1787154537,346.5200,346.5200,346.5200,346.5200
1787154538,346.5000,346.5000,346.4900,346.4900
1787154539,346.4600,346.4600,346.4200,346.4250
1787154540,346.4500,346.4500,346.4500,346.4500
1787154543,346.4300,346.4300,346.4200,346.4200
1787154544,346.4500,346.4500,346.4500,346.4500
1787154545,346.4500,346.4500,346.4500,346.4500
1787154546,346.4450,346.4700,346.4400,346.4700
1787154550,346.4700,346.4700,346.4700,346.4700
1787154551,346.4700,346.4700,346.4500,346.4500
1787154553,346.4600,346.4600,346.4600,346.4600
1787154554,346.4800,346.5300,346.4800,346.5300
1787154555,346.5400,346.5400,346.5400,346.5400
1787154556,346.5400,346.6000,346.5400,346.6000
1787154557,346.5800,346.5800,346.5800,346.5800
1787154560,346.5900,346.5900,346.5900,346.5900
1787154564,346.5400,346.5400,346.5300,346.5300
1787154565,346.5100,346.5100,346.4500,346.4500
1787154566,346.4300,346.4400,346.4300,346.4400
1787154567,346.4300,346.4400,346.4300,346.4400
1787154571,346.4250,346.4250,346.3700,346.3700
1787154572,346.3800,346.3900,346.3800,346.3900
1787154574,346.3900,346.3900,346.3500,346.3650
1787154579,346.3800,346.3800,346.3600,346.3600
1787154583,346.3400,346.3700,346.2500,346.2600
1787154584,346.2400,346.2400,346.2400,346.2400
1787154585,346.2400,346.2400,346.2400,346.2400
1787154586,346.2500,346.2500,346.1700,346.1700
1787154588,346.1700,346.1700,346.1500,346.1500
1787154589,346.1800,346.1800,345.9000,345.9000
1787154590,345.9000,346.0600,345.9000,346.0500
1787154591,346.0700,346.0700,346.0200,346.0500
1787154592,346.0600,346.0800,346.0600,346.0800
1787154593,346.0800,346.0800,346.0800,346.0800
1787154594,346.1100,346.1700,346.1100,346.1700
1787154597,346.1300,346.1300,346.0900,346.0900
1787154599,346.0600,346.0600,346.0100,346.0100
1787154600,346.0000,346.0700,346.0000,346.0700
1787154601,346.0800,346.0800,346.0800,346.0800
1787154603,346.0500,346.0500,346.0500,346.0500
1787154605,346.0000,346.0000,345.9500,345.9500
1787154606,345.9600,346.0000,345.9600,345.9900
1787154609,345.9700,345.9700,345.9400,345.9400
1787154610,345.9600,345.9700,345.9600,345.9600
1787154611,345.9800,345.9800,345.9800,345.9800
1787154615,345.9500,345.9500,345.9400,345.9400
1787154616,345.8900,345.8900,345.8900,345.8900
1787154618,345.9300,345.9500,345.9300,345.9500
1787154620,345.9300,345.9300,345.9100,345.9100
1787154621,345.9300,345.9300,345.9300,345.9300
1787154622,345.9400,345.9700,345.9400,345.9700
1787154627,345.9600,345.9600,345.9000,345.9600
1787154628,345.9450,345.9450,345.9450,345.9450
1787154629,345.9600,345.9600,345.9300,345.9300
1787154630,345.9100,345.9300,345.9000,345.9000
1787154631,345.8900,345.8900,345.8800,345.8900
1787154632,345.9000,345.9200,345.9000,345.9200
1787154633,345.9300,345.9300,345.9300,345.9300
1787154634,345.9400,345.9600,345.9300,345.9600
1787154635,345.9500,345.9500,345.9500,345.9500
1787154636,345.9600,345.9800,345.9600,345.9800
1787154638,345.9600,345.9600,345.9500,345.9500
1787154639,345.9300,345.9300,345.9200,345.9200
1787154640,345.9200,345.9300,345.9200,345.9300
1787154641,345.9500,345.9600,345.9500,345.9600
1787154642,345.9600,345.9600,345.9500,345.9500
1787154643,345.9300,345.9300,345.9300,345.9300
1787154644,345.9500,345.9600,345.9500,345.9600
1787154646,345.9300,345.9500,345.9000,345.9500
1787154648,345.9600,346.0400,345.9600,346.0400
1787154649,346.0100,346.0100,346.0100,346.0100
1787154650,346.0400,346.0400,346.0400,346.0400
1787154652,346.0300,346.0300,346.0300,346.0300
1787154654,346.0100,346.0100,346.0100,346.0100
1787154655,346.0400,346.0400,346.0400,346.0400
1787154656,346.0200,346.0200,346.0200,346.0200
1787154657,346.0500,346.0600,346.0500,346.0600
1787154659,346.1000,346.1000,346.0700,346.0700
1787154660,346.0200,346.0200,346.0000,346.0000
1787154665,346.0200,346.0600,346.0200,346.0600
1787154666,346.0400,346.0600,346.0400,346.0600
1787154667,346.0500,346.0800,346.0500,346.0800
1787154668,346.0500,346.0500,346.0500,346.0500
1787154672,346.0300,346.0600,346.0300,346.0600
1787154674,346.0300,346.0350,346.0300,346.0350
1787154675,346.0450,346.0450,346.0350,346.0350
1787154676,346.0200,346.0200,346.0200,346.0200
1787154678,346.0100,346.0150,346.0000,346.0150
1787154681,346.0300,346.0400,346.0300,346.0400
1787154683,346.0400,346.0400,346.0400,346.0400
1787154684,346.0700,346.0800,346.0700,346.0800
1787154686,346.0600,346.0600,346.0600,346.0600
1787154688,346.0900,346.1200,346.0900,346.1000
1787154690,346.1300,346.1500,346.1300,346.1500
1787154691,346.1700,346.2600,346.1700,346.2600
1787154692,346.2300,346.2300,346.2200,346.2200
1787154693,346.2400,346.2400,346.2400,346.2400
1787154695,346.2900,346.2900,346.2900,346.2900
1787154696,346.3000,346.3300,346.3000,346.3300
1787154697,346.3100,346.3800,346.3000,346.3800
1787154699,346.4000,346.4300,346.4000,346.4300
1787154700,346.4350,346.4400,346.4350,346.4400
1787154701,346.4400,346.4400,346.4100,346.4200
1787154704,346.4400,346.4900,346.4000,346.4000
1787154705,346.3900,346.3900,346.3300,346.3300
1787154706,346.3200,346.3400,346.3100,346.3100
1787154708,346.3400,346.3400,346.3400,346.3400
1787154709,346.3600,346.3600,346.3100,346.3100
1787154712,346.3000,346.3000,346.2800,346.2800
1787154715,346.2700,346.3400,346.2700,346.3400
1787154719,346.3600,346.3600,346.3600,346.3600
1787154721,346.3400,346.3400,346.3200,346.3200
1787154724,346.2900,346.2900,346.2700,346.2700
1787154725,346.2800,346.3200,346.2800,346.3200
1787154726,346.3400,346.3500,346.3400,346.3500
1787154728,346.3900,346.3900,346.3900,346.3900
1787154729,346.4000,346.4000,346.4000,346.4000
1787154730,346.4000,346.4000,346.4000,346.4000
1787154732,346.4000,346.4000,346.4000,346.4000
1787154733,346.4000,346.4000,346.3600,346.3700
1787154734,346.3600,346.3600,346.3500,346.3500
1787154736,346.3800,346.4000,346.3700,346.4000
1787154738,346.4100,346.4100,346.4100,346.4100
1787154740,346.4200,346.5000,346.4200,346.4900
1787154741,346.4950,346.4950,346.4950,346.4950
1787154743,346.4800,346.4800,346.4700,346.4700
1787154744,346.4850,346.5400,346.4850,346.5400
1787154745,346.5500,346.5500,346.5400,346.5400
1787154746,346.5200,346.5200,346.5200,346.5200
1787154749,346.5800,346.9100,346.5800,346.8750
1787154752,346.8900,346.8900,346.8400,346.8600
1787154753,346.8400,346.8400,346.8400,346.8400
1787154754,346.8500,346.8500,346.7700,346.8000
1787154755,346.7800,346.7900,346.7700,346.7700
1787154757,346.7900,346.7900,346.7900,346.7900
1787154763,346.7850,346.7850,346.7700,346.7700
1787154764,346.7600,346.7600,346.7300,346.7600
1787154765,346.7400,346.7800,346.7400,346.7800
1787154767,346.7700,346.8000,346.7700,346.8000
1787154768,346.7700,346.8000,346.7600,346.8000
1787154770,346.8000,346.9000,346.8000,346.8800
1787154771,346.8900,346.8900,346.8500,346.8500
1787154773,346.9000,346.9000,346.9000,346.9000
1787154776,346.9300,346.9500,346.9100,346.9100
1787154777,346.8700,346.8800,346.8600,346.8800
1787154780,346.8900,346.9300,346.8900,346.9300
1787154783,346.9050,346.9500,346.9000,346.9300
1787154785,346.9000,346.9000,346.8600,346.8600
1787154786,346.9000,346.9100,346.9000,346.9100
1787154787,346.9000,346.9000,346.8600,346.8600
1787154788,346.7900,346.8300,346.7700,346.8300
1787154790,346.8500,346.8500,346.8500,346.8500
1787154791,346.8500,346.8650,346.8500,346.8650
1787154792,346.8700,346.8700,346.8600,346.8600
1787154795,346.8700,346.9000,346.8700,346.9000
1787154799,346.9000,346.9000,346.9000,346.9000
1787154800,346.8600,346.8600,346.8600,346.8600
1787154801,346.9000,347.0000,346.9000,346.9250
1787154803,346.9200,346.9300,346.9100,346.9100
1787154804,346.9100,346.9100,346.9000,346.9100
1787154805,346.8900,346.8900,346.8900,346.8900
1787154806,346.8900,346.9200,346.8900,346.9200
1787154808,346.8950,346.8950,346.8950,346.8950
1787154812,346.8950,346.8950,346.8800,346.8800
1787154813,346.8700,346.8700,346.7800,346.8100
1787154814,346.8000,346.8000,346.8000,346.8000
1787154820,346.8200,346.8200,346.8100,346.8100
1787154823,346.8400,346.8400,346.8400,346.8400
1787154824,346.8300,346.8300,346.8100,346.8100
1787154825,346.8500,346.8800,346.8500,346.8600
1787154826,346.8300,346.8300,346.8100,346.8100
1787154828,346.8100,346.8200,346.8100,346.8200
1787154829,346.7700,346.7700,346.7400,346.7400
1787154831,346.7600,346.7600,346.7600,346.7600
1787154832,346.7600,346.7600,346.7600,346.7600
1787154833,346.7200,346.7200,346.7100,346.7100
1787154834,346.7100,346.7100,346.7000,346.7000
1787154836,346.6900,346.6900,346.6100,346.6200
1787154839,346.5900,346.5900,346.5000,346.5200
1787154840,346.5250,346.5600,346.5250,346.5600
1787154841,346.5900,346.5900,346.5900,346.5900
1787154842,346.5700,346.5700,346.5300,346.5300
1787154843,346.5300,346.5300,346.5300,346.5300
1787154844,346.4900,346.4900,346.4800,346.4800
1787154846,346.4500,346.4500,346.4400,346.4400
1787154847,346.4550,346.4550,346.4550,346.4550
1787154848,346.4900,346.4900,346.4900,346.4900
1787154851,346.5200,346.5200,346.5200,346.5200
1787154854,346.5600,346.5800,346.5600,346.5800
1787154855,346.6000,346.6000,346.6000,346.6000
1787154857,346.5700,346.5700,346.5700,346.5700
1787154858,346.5300,346.5300,346.5200,346.5200
1787154859,346.4700,346.4800,346.4100,346.4100
1787154869,346.4000,346.4100,346.4000,346.4100
1787154870,346.4000,346.4100,346.4000,346.4100
1787154872,346.3900,346.3900,346.3800,346.3800
1787154873,346.4000,346.4000,346.4000,346.4000
1787154874,346.3500,346.3500,346.3500,346.3500
1787154879,346.3200,346.3300,346.2600,346.2600
1787154883,346.2450,346.2450,346.2450,346.2450
1787154884,346.2900,346.2900,346.2900,346.2900
1787154886,346.3100,346.3100,346.3000,346.3000
1787154887,346.2800,346.2800,346.2800,346.2800
1787154888,346.2400,346.2400,346.1900,346.1900
1787154890,346.1800,346.1950,346.1800,346.1950
1787154895,346.2000,346.2200,346.2000,346.2200
1787154898,346.2100,346.2100,346.2100,346.2100
1787154899,346.2500,346.2500,346.2500,346.2500
1787154901,346.2500,346.2500,346.2400,346.2400
1787154903,346.2650,346.2650,346.2650,346.2650
1787154904,346.2700,346.3400,346.2700,346.3400
1787154905,346.3600,346.3600,346.3600,346.3600
1787154906,346.3800,346.3800,346.3800,346.3800
1787154907,346.3800,346.3800,346.3800,346.3800
1787154908,346.3600,346.3600,346.3500,346.3500
1787154909,346.3500,346.3500,346.2900,346.2900
1787154915,346.3100,346.3550,346.3100,346.3550
1787154918,346.3900,346.4500,346.3900,346.4500
1787154919,346.4800,346.5200,346.4800,346.4800
1787154920,346.4400,346.4400,346.4400,346.4400
1787154921,346.4800,346.4800,346.4800,346.4800
1787154923,346.4900,346.4900,346.4900,346.4900
1787154925,346.5000,346.5000,346.5000,346.5000
1787154930,346.5250,346.5500,346.5250,346.5500
1787154931,346.5100,346.5100,346.5000,346.5000
1787154932,346.5500,346.5700,346.5500,346.5700
1787154933,346.6300,346.6800,346.6300,346.6800
1787154934,346.7200,346.7200,346.7200,346.7200
1787154935,346.6950,346.6950,346.6950,346.6950
1787154936,346.7200,346.7400,346.7100,346.7100
1787154939,346.6700,346.6700,346.6700,346.6700
1787154943,346.6200,346.6200,346.5800,346.5800
1787154944,346.6100,346.6100,346.6100,346.6100
1787154946,346.6350,346.6900,346.6350,346.6900
1787154947,346.6850,346.6850,346.6850,346.6850
1787154949,346.6850,346.6850,346.6850,346.6850
1787154954,346.7100,346.7200,346.7100,346.7100
1787154955,346.7500,346.7500,346.7500,346.7500
1787154956,346.7300,346.7300,346.7300,346.7300
1787154957,346.7500,346.7500,346.7500,346.7500
1787154959,346.7700,346.7700,346.7400,346.7400
1787154960,346.7200,346.7200,346.7100,346.7100
1787154963,346.7700,346.7700,346.7700,346.7700
1787154964,346.7500,346.7500,346.7500,346.7500
1787154965,346.7600,346.7600,346.7600,346.7600
1787154966,346.7500,346.7500,346.7500,346.7500
1787154967,346.7700,346.7700,346.7600,346.7600
1787154968,346.7300,346.7300,346.6900,346.6900
1787154971,346.7200,346.7200,346.7200,346.7200
1787154972,346.7150,346.7150,346.7150,346.7150
1787154975,346.6800,346.6800,346.6800,346.6800
1787154977,346.6800,346.6900,346.6800,346.6900
1787154979,346.6650,346.6650,346.6500,346.6500
1787154980,346.6700,346.7000,346.6700,346.7000
1787154981,346.7200,346.7600,346.7200,346.7500
1787154982,346.7300,346.7300,346.7100,346.7100
1787154986,346.7600,346.7600,346.7600,346.7600
1787154989,346.8000,346.8100,346.8000,346.8100
1787154991,346.8300,346.8300,346.8300,346.8300
1787154992,346.8500,346.9000,346.8500,346.9000
1787154993,346.9100,346.9200,346.9100,346.9200
1787154994,346.9300,346.9300,346.9300,346.9300
1787154998,346.9300,346.9900,346.9300,346.9800
1787154999,346.9700,346.9700,346.9700,346.9700
1787155001,346.9500,346.9500,346.9400,346.9400
1787155002,346.8900,346.8900,346.8900,346.8900
1787155004,346.9050,346.9050,346.9050,346.9050
1787155006,346.9200,346.9200,346.9200,346.9200
1787155007,346.8900,346.8900,346.8900,346.8900
1787155008,346.9000,346.9000,346.8300,346.8300
1787155009,346.7900,346.7900,346.7800,346.7800
1787155016,346.7800,346.7800,346.7800,346.7800
1787155017,346.7500,346.7500,346.7400,346.7500
1787155020,346.7100,346.7100,346.6900,346.6900
1787155021,346.6800,346.6800,346.6800,346.6800
1787155023,346.6600,346.7200,346.6600,346.7000
1787155026,346.7200,346.7200,346.7100,346.7100
1787155027,346.7400,346.7400,346.7400,346.7400
1787155031,346.7800,346.7850,346.7800,346.7850
1787155032,346.7900,346.7900,346.7900,346.7900
1787155033,346.7800,346.7800,346.7700,346.7700
1787155034,346.7700,346.7700,346.7600,346.7600
1787155035,346.7950,346.7950,346.7950,346.7950
1787155039,346.7500,346.7500,346.7500,346.7500
1787155041,346.7200,346.7200,346.7000,346.7000
1787155043,346.7400,346.7500,346.7400,346.7500
1787155046,346.7300,346.7300,346.7300,346.7300
1787155047,346.7300,346.7300,346.7300,346.7300
1787155049,346.7500,346.7800,346.7500,346.7800
1787155050,346.7800,346.7800,346.7800,346.7800
1787155051,346.8100,346.8100,346.8100,346.8100
1787155053,346.7900,346.7900,346.7800,346.7800
1787155057,346.8000,346.8000,346.7900,346.7900
1787155060,346.8400,346.8800,346.8400,346.8800
1787155061,346.8500,346.8500,346.8500,346.8500
1787155062,346.8300,346.8300,346.7800,346.7800
1787155066,346.8000,346.8050,346.8000,346.8050
1787155070,346.8000,346.8000,346.8000,346.8000
1787155075,346.7800,346.7900,346.7300,346.7300
1787155076,346.7200,346.7200,346.7200,346.7200
1787155077,346.7100,346.7100,346.7100,346.7100
1787155078,346.6900,346.6900,346.6100,346.6100
1787155079,346.6200,346.6400,346.6200,346.6400
1787155080,346.6650,346.7200,346.6300,346.6900
1787155084,346.7250,346.7250,346.7250,346.7250
1787155086,346.7600,346.7700,346.7600,346.7700
1787155088,346.7900,346.8000,346.7900,346.8000
1787155089,346.7400,346.7400,346.7400,346.7400
1787155092,346.7700,346.7700,346.7700,346.7700
1787155094,346.7550,346.7550,346.7550,346.7550
1787155097,346.7900,346.7900,346.7900,346.7900
1787155098,346.8000,346.8100,346.8000,346.8100
1787155100,346.8100,346.8600,346.8100,346.8600
1787155105,346.8700,346.8800,346.8700,346.8800
1787155106,346.8900,346.9000,346.8900,346.9000
1787155108,346.9300,346.9600,346.9300,346.9550
1787155111,346.9200,346.9200,346.9100,346.9100
1787155115,346.8700,346.8700,346.8100,346.8100
1787155117,346.7900,346.8300,346.7900,346.8300
1787155118,346.7800,346.7800,346.7800,346.7800
1787155122,346.7950,346.7950,346.7950,346.7950
1787155127,346.8700,346.8700,346.8700,346.8700
1787155133,346.8700,346.8700,346.8700,346.8700
1787155134,346.9100,347.0000,346.9100,346.9250
1787155135,346.9350,346.9350,346.9350,346.9350
1787155138,346.9500,346.9600,346.9400,346.9400
1787155139,346.9600,346.9600,346.9600,346.9600
1787155142,347.0000,347.0000,347.0000,347.0000
1787155143,347.0000,347.0000,347.0000,347.0000
1787155144,347.0000,347.0700,347.0000,347.0700
1787155147,347.1000,347.1300,347.1000,347.1300
1787155148,347.1300,347.1500,347.1300,347.1500
1787155149,347.1600,347.1800,347.1600,347.1800
1787155151,347.1650,347.1650,347.1650,347.1650
1787155152,347.1600,347.1600,347.1000,347.1200
1787155153,347.1200,347.1200,347.1200,347.1200
1787155154,347.0950,347.0950,347.0600,347.0600
1787155155,347.0400,347.0400,347.0400,347.0400
1787155156,347.0000,347.0000,346.9600,346.9600
1787155157,346.9900,347.0100,346.9900,347.0100
1787155159,347.0200,347.0200,347.0100,347.0100
1787155162,347.0500,347.0500,347.0500,347.0500
1787155166,347.0400,347.0400,347.0200,347.0200
1787155168,347.0400,347.0400,347.0400,347.0400
1787155169,347.0300,347.0300,347.0100,347.0100
1787155170,347.0100,347.0100,346.9900,346.9900
1787155172,346.9950,347.0000,346.9950,347.0000
1787155173,346.9800,346.9800,346.9700,346.9700
1787155175,346.9600,346.9600,346.9600,346.9600
1787155182,346.9600,346.9600,346.9600,346.9600
1787155184,346.9400,346.9400,346.9100,346.9100
1787155186,346.9000,346.9000,346.8800,346.8800
1787155189,346.8600,346.8600,346.8200,346.8200
1787155190,346.8650,346.8650,346.8650,346.8650
1787155191,346.9300,346.9300,346.9300,346.9300
1787155192,346.9300,346.9400,346.9300,346.9400
1787155193,346.9400,346.9400,346.9250,346.9250
1787155194,346.9350,346.9400,346.9200,346.9200
1787155195,346.9600,346.9600,346.9600,346.9600
1787155200,346.9000,346.9200,346.9000,346.9200
1787155203,346.9000,346.9000,346.9000,346.9000
1787155204,346.9150,346.9150,346.9150,346.9150
1787155206,346.9400,346.9400,346.9400,346.9400
1787155207,346.9200,346.9200,346.9100,346.9100
1787155209,346.9500,346.9500,346.9500,346.9500
1787155210,346.9100,346.9100,346.8700,346.8700
1787155215,346.8200,346.8200,346.8100,346.8100
1787155217,346.8100,346.8100,346.7400,346.7700
1787155218,346.7850,346.7850,346.7850,346.7850
1787155219,346.7850,346.8200,346.7850,346.8200
1787155221,346.8100,346.8100,346.8100,346.8100
1787155224,346.8300,346.8300,346.8300,346.8300
1787155225,346.8200,346.8300,346.8200,346.8300
1787155227,346.8800,346.9200,346.8800,346.9200
1787155228,346.9400,346.9700,346.9400,346.9700
1787155230,347.0000,347.0000,347.0000,347.0000
1787155232,346.9900,347.0000,346.9900,347.0000
1787155234,346.9950,346.9950,346.9950,346.9950
1787155235,347.0000,347.0000,347.0000,347.0000
1787155236,347.0300,347.0300,347.0250,347.0250
1787155238,347.0500,347.0500,347.0000,347.0000
1787155241,347.0050,347.0200,347.0050,347.0150
1787155242,347.0500,347.0500,347.0500,347.0500
1787155244,347.0650,347.0800,347.0600,347.0600
1787155247,347.0500,347.0500,347.0500,347.0500
1787155249,347.0900,347.1000,347.0900,347.1000
1787155251,347.0900,347.1000,347.0900,347.1000
1787155256,347.1000,347.1000,347.1000,347.1000
1787155259,347.0950,347.1100,347.0950,347.0950
1787155261,347.1000,347.1000,347.1000,347.1000
1787155262,347.0800,347.0800,347.0500,347.0500
1787155264,347.0600,347.0600,347.0400,347.0400
1787155266,347.0600,347.0600,347.0300,347.0300
1787155268,347.0300,347.0300,346.9800,346.9800
1787155276,347.0300,347.0400,347.0300,347.0400
1787155283,347.0150,347.0150,347.0150,347.0150
1787155284,347.0300,347.0400,347.0300,347.0400
1787155285,347.0300,347.0300,347.0300,347.0300
1787155286,347.0500,347.0500,347.0500,347.0500
1787155287,347.0500,347.1200,347.0500,347.1200
1787155288,347.1100,347.1100,347.1100,347.1100
1787155289,347.1000,347.1000,347.1000,347.1000
1787155291,347.0900,347.1000,347.0900,347.1000
1787155295,347.0700,347.0700,347.0700,347.0700
1787155299,347.0700,347.0700,347.0600,347.0600
1787155300,347.0400,347.0400,347.0100,347.0100
1787155304,347.0400,347.0500,347.0400,347.0500
1787155306,347.0500,347.1000,347.0500,347.1000
1787155307,347.1000,347.1200,347.1000,347.1100
1787155311,347.1100,347.1100,347.1100,347.1100
1787155313,347.1200,347.1200,347.1200,347.1200
1787155314,347.1100,347.1200,347.1000,347.1200
1787155316,347.1200,347.1500,347.1200,347.1500
1787155317,347.1700,347.1800,347.1200,347.1200
1787155318,347.1400,347.1700,347.1400,347.1700
1787155321,347.1200,347.1200,347.1200,347.1200
1787155322,347.1200,347.1200,347.0500,347.0700
1787155323,347.0800,347.1200,347.0800,347.0800
1787155324,347.0800,347.0800,347.0800,347.0800
1787155325,347.0800,347.0800,347.0800,347.0800
1787155326,347.0700,347.1000,347.0700,347.0900
1787155327,347.0700,347.0700,347.0600,347.0700
1787155328,347.0600,347.0600,347.0600,347.0600
1787155334,347.0500,347.0500,347.0500,347.0500
1787155335,347.0500,347.0600,347.0300,347.0400
1787155337,347.0700,347.0700,347.0700,347.0700
1787155342,347.0800,347.0900,347.0800,347.0900
1787155344,347.0600,347.0600,347.0000,347.0000
1787155345,346.9800,347.0000,346.9800,347.0000
1787155348,347.0400,347.0700,347.0400,347.0700
1787155354,347.0600,347.0600,347.0600,347.0600
1787155357,347.0500,347.0500,346.9200,346.9500
1787155358,346.9700,346.9800,346.9700,346.9800
1787155359,347.0900,347.1100,347.0900,347.1100
1787155360,347.1500,347.1600,347.1500,347.1600
1787155361,347.1900,347.2100,347.1900,347.2100
1787155362,347.2200,347.2350,347.2200,347.2350
1787155363,347.2500,347.2500,347.2500,347.2500
1787155364,347.2350,347.2500,347.2200,347.2500
1787155365,347.2400,347.2400,347.2400,347.2400
1787155366,347.2100,347.2100,347.1600,347.1600
1787155367,347.1600,347.1600,347.1600,347.1600
1787155369,347.1300,347.1800,347.1300,347.1800
1787155372,347.1600,347.1900,347.1600,347.1900
1787155374,347.1600,347.2000,347.1600,347.2000
1787155376,347.2200,347.2200,347.1900,347.1900
1787155377,347.1600,347.1600,347.1600,347.1600
1787155381,347.1600,347.1600,347.1600,347.1600
1787155383,347.1600,347.1600,347.1600,347.1600
1787155384,347.1900,347.1900,347.1900,347.1900
1787155385,347.2000,347.2100,347.2000,347.2100
1787155388,347.2300,347.2300,347.2150,347.2150
1787155391,347.2300,347.2300,347.2300,347.2300
1787155393,347.2200,347.2200,347.1400,347.1800
1787155395,347.1900,347.1900,347.1800,347.1800
1787155396,347.1400,347.1600,347.0600,347.0900
1787155397,347.1000,347.1000,347.1000,347.1000
1787155398,347.1300,347.1300,347.1300,347.1300
1787155401,347.1100,347.1300,347.1100,347.1300
1787155402,347.1500,347.1700,347.1500,347.1700
1787155403,347.1800,347.2000,347.1800,347.2000
1787155407,347.1900,347.1900,347.1900,347.1900
1787155410,347.1700,347.1700,347.1700,347.1700
1787155411,347.1700,347.1700,347.1700,347.1700
1787155412,347.1900,347.1900,347.1600,347.1600
1787155414,347.1700,347.1700,347.1700,347.1700
1787155416,347.1700,347.1700,347.1700,347.1700
1787155419,347.1500,347.1500,347.1500,347.1500
1787155423,347.1400,347.1400,347.1400,347.1400
1787155424,347.1400,347.1550,347.1400,347.1550
1787155425,347.1400,347.1400,347.0350,347.0350
1787155430,347.0350,347.0500,346.9900,346.9900
1787155432,347.0200,347.0200,347.0200,347.0200
1787155433,347.0700,347.0700,347.0700,347.0700
1787155441,347.1100,347.1100,347.1100,347.1100
1787155443,347.1200,347.1400,347.1200,347.1400
1787155444,347.1400,347.1600,347.1400,347.1600
1787155445,347.2000,347.2200,347.2000,347.2200
1787155448,347.2100,347.2250,347.2100,347.2250
1787155449,347.2100,347.2100,347.1750,347.1750
1787155451,347.2000,347.2000,347.2000,347.2000
1787155456,347.2000,347.2000,347.1800,347.1800
1787155458,347.1700,347.1700,347.1700,347.1700
1787155459,347.1600,347.1600,347.1600,347.1600
1787155460,347.1600,347.1600,347.1600,347.1600
1787155462,347.1800,347.2200,347.1800,347.2200
1787155464,347.2100,347.2100,347.2100,347.2100
1787155465,347.2100,347.2100,347.2100,347.2100
1787155466,347.2100,347.2100,347.2000,347.2100
1787155467,347.1950,347.1950,347.1700,347.1700
1787155468,347.1500,347.1500,347.1500,347.1500
1787155469,347.1200,347.1200,347.0900,347.0900
1787155474,347.1400,347.1400,347.1200,347.1200
1787155476,347.1150,347.1300,347.0900,347.1300
1787155479,347.1700,347.1700,347.1700,347.1700
1787155480,347.1750,347.1750,347.1750,347.1750
1787155481,347.1500,347.1500,347.1500,347.1500
1787155482,347.1750,347.2100,347.1750,347.2100
1787155483,347.2100,347.2200,347.2100,347.2200
1787155484,347.2200,347.2200,347.1500,347.1500
1787155485,347.1500,347.1500,347.1450,347.1450
1787155486,347.1900,347.1900,347.1900,347.1900
1787155487,347.1700,347.1700,347.1700,347.1700
1787155489,347.1550,347.1550,347.1550,347.1550
1787155494,347.1400,347.1400,347.1400,347.1400
1787155495,347.1500,347.2000,347.1500,347.2000
1787155496,347.2000,347.2100,347.2000,347.2100
1787155499,347.1900,347.2100,347.1900,347.2100
1787155502,347.2200,347.2300,347.2200,347.2300
1787155503,347.2150,347.2500,347.2150,347.2500
1787155504,347.2300,347.2300,347.2300,347.2300
1787155510,347.2400,347.2400,347.2300,347.2350
1787155511,347.2500,347.2500,347.2500,347.2500
1787155513,347.2400,347.2400,347.2300,347.2300
1787155514,347.2500,347.2500,347.2500,347.2500
1787155517,347.2400,347.2400,347.2300,347.2300
1787155519,347.2200,347.2300,347.2100,347.2300
1787155520,347.2500,347.2500,347.2500,347.2500
1787155522,347.2350,347.2500,347.2350,347.2500
1787155525,347.2600,347.2700,347.2600,347.2700
1787155526,347.2500,347.2500,347.2350,347.2350
1787155527,347.2500,347.2600,347.2500,347.2600
1787155529,347.2700,347.2900,347.2700,347.2900
1787155530,347.2900,347.2900,347.2800,347.2800
1787155531,347.3000,347.3000,347.3000,347.3000
1787155532,347.3200,347.4200,347.3200,347.4200
1787155534,347.4200,347.4300,347.4000,347.4000
1787155535,347.4150,347.4200,347.3800,347.4200
1787155540,347.3500,347.3500,347.3100,347.3200
1787155544,347.3600,347.4500,347.3600,347.4300
1787155545,347.4600,347.4600,347.4500,347.4500
1787155546,347.4700,347.6400,347.4700,347.6400
1787155547,347.6000,347.6000,347.6000,347.6000
1787155548,347.6000,347.6000,347.6000,347.6000
1787155551,347.5500,347.5700,347.5500,347.5700
1787155552,347.5300,347.5300,347.5000,347.5000
1787155556,347.4700,347.4700,347.4700,347.4700
1787155557,347.5100,347.5100,347.5100,347.5100
1787155561,347.5400,347.5400,347.5300,347.5300
1787155563,347.5300,347.5300,347.5200,347.5200
1787155564,347.5300,347.5300,347.5100,347.5100
1787155565,347.5200,347.5500,347.5200,347.5500
1787155566,347.5400,347.5400,347.5100,347.5100
1787155570,347.5500,347.5500,347.5500,347.5500
1787155572,347.5400,347.5400,347.5400,347.5400
1787155574,347.5500,347.5500,347.5100,347.5100
1787155575,347.5350,347.5600,347.5350,347.5600
1787155576,347.5400,347.5400,347.5400,347.5400
1787155578,347.5300,347.5300,347.4800,347.4900
1787155579,347.4600,347.4600,347.4400,347.4400
1787155583,347.4700,347.4700,347.4700,347.4700
1787155587,347.4900,347.5100,347.4900,347.5100
1787155589,347.5200,347.5200,347.5200,347.5200
1787155592,347.5300,347.5300,347.5300,347.5300
1787155593,347.5300,347.5400,347.5300,347.5400
1787155594,347.5500,347.7700,347.5500,347.7600
1787155597,347.7200,347.7300,347.6600,347.6600
1787155602,347.6800,347.6900,347.6800,347.6900
1787155605,347.7500,347.7500,347.7400,347.7400
1787155606,347.7700,347.7700,347.7700,347.7700
1787155607,347.7700,347.8100,347.7700,347.8100
1787155608,347.7900,347.7900,347.7900,347.7900
1787155609,347.8300,347.8300,347.8300,347.8300
1787155610,347.7900,347.8000,347.7800,347.8000
1787155611,347.8200,347.8300,347.8200,347.8300
1787155614,347.7900,347.9000,347.7800,347.8400
1787155615,347.8900,347.8900,347.8900,347.8900
1787155617,347.8700,347.8700,347.8700,347.8700
1787155620,347.8300,347.8300,347.7800,347.7800
1787155624,347.8000,347.8000,347.8000,347.8000
1787155627,347.7800,347.7800,347.7800,347.7800
1787155628,347.7500,347.7500,347.7400,347.7400
1787155629,347.7200,347.7300,347.7100,347.7300
1787155632,347.7400,347.7800,347.7400,347.7800
1787155635,347.7800,347.8000,347.7800,347.8000
1787155638,347.8500,347.8600,347.8400,347.8400
1787155639,347.9000,347.9500,347.9000,347.9400
1787155641,347.9200,347.9200,347.8900,347.8900
1787155642,347.9000,347.9000,347.9000,347.9000
1787155645,347.9500,348.2000,347.9500,348.1600
1787155647,348.0900,348.0900,348.0900,348.0900
1787155648,348.0900,348.1200,348.0700,348.1200
1787155649,348.1150,348.1150,348.1150,348.1150
1787155650,348.1000,348.1000,348.0900,348.0900
1787155651,348.0800,348.0800,347.9300,347.9800
1787155652,347.9550,347.9600,347.9350,347.9600
1787155653,347.9450,348.0250,347.9450,348.0250
1787155654,348.0200,348.0200,348.0200,348.0200
1787155655,348.0250,348.0250,348.0250,348.0250
1787155656,348.0600,348.0600,348.0600,348.0600
1787155658,348.0400,348.0400,348.0200,348.0200
1787155660,348.0200,348.0300,348.0200,348.0300
1787155663,348.0300,348.0500,348.0300,348.0500
1787155664,348.0300,348.0300,348.0300,348.0300
1787155665,348.0400,348.0600,348.0400,348.0500
1787155666,348.0600,348.0700,348.0600,348.0700
1787155667,348.0600,348.0600,348.0500,348.0500
1787155670,348.0800,348.0900,348.0800,348.0900
1787155672,348.1000,348.1100,348.0900,348.0900
1787155674,348.0800,348.0800,348.0000,348.0200
1787155675,348.0250,348.0900,348.0250,348.0900
1787155676,348.1100,348.1100,348.1100,348.1100
1787155677,348.1000,348.1000,348.1000,348.1000
1787155679,348.1200,348.1200,348.1200,348.1200
1787155680,348.1200,348.1700,348.1200,348.1700
1787155681,348.2000,348.2000,348.2000,348.2000
1787155682,348.2200,348.2300,348.2000,348.2000
1787155683,348.1800,348.1800,348.1700,348.1700
1787155684,348.1300,348.1300,348.1300,348.1300
1787155686,348.1600,348.1600,348.1600,348.1600
1787155687,348.2100,348.2100,348.2100,348.2100
1787155688,348.2100,348.2100,348.2100,348.2100
1787155690,348.1800,348.1800,348.1800,348.1800
1787155691,348.1700,348.1700,348.1600,348.1600
1787155694,348.1600,348.1650,348.1600,348.1600
1787155696,348.1600,348.1600,348.1500,348.1500
1787155697,348.1800,348.1800,348.1800,348.1800
1787155698,348.1800,348.1800,348.1800,348.1800
1787155699,348.1750,348.1750,348.1750,348.1750
1787155700,348.1700,348.1700,348.1600,348.1600
1787155701,348.1800,348.2000,348.1800,348.2000
1787155703,348.2000,348.2500,348.2000,348.2500
1787155704,348.2000,348.2000,348.1900,348.1900
1787155706,348.2200,348.2300,348.2200,348.2300
1787155708,348.2100,348.2300,348.1700,348.1800
1787155710,348.2000,348.2000,348.2000,348.2000
1787155711,348.2300,348.2300,348.2300,348.2300
1787155712,348.2100,348.2100,348.1300,348.1300
1787155713,348.1100,348.1200,348.0900,348.0900
1787155714,348.0600,348.0600,348.0100,348.0100
1787155716,348.0300,348.0300,348.0200,348.0200
1787155717,348.0600,348.0600,348.0600,348.0600
1787155719,348.0500,348.0700,348.0500,348.0700
1787155720,348.0500,348.0500,348.0400,348.0400
1787155722,348.0400,348.0400,348.0300,348.0300
1787155723,348.0500,348.1000,348.0500,348.1000
1787155725,348.1100,348.1400,348.1100,348.1400
1787155727,348.1100,348.1100,348.0800,348.0800
1787155729,348.0900,348.0900,348.0900,348.0900
1787155730,348.0700,348.0700,348.0700,348.0700
1787155731,348.0400,348.0400,347.9700,348.0000
1787155734,347.9800,347.9800,347.9300,347.9450
1787155735,347.9500,347.9500,347.9500,347.9500
1787155736,347.9500,347.9500,347.9500,347.9500
1787155737,347.9400,347.9500,347.9400,347.9500
1787155739,347.9500,347.9500,347.9500,347.9500
1787155740,347.9800,347.9800,347.9700,347.9800
1787155744,347.9700,347.9800,347.9700,347.9800
1787155745,347.9500,347.9500,347.9500,347.9500
1787155746,347.9400,347.9400,347.9400,347.9400
1787155747,347.9500,347.9600,347.9500,347.9600
1787155749,347.9700,347.9700,347.9700,347.9700
1787155750,347.9800,348.0300,347.9800,348.0300
1787155752,347.9800,347.9800,347.9800,347.9800
1787155753,347.9700,347.9700,347.9500,347.9500
1787155756,347.9700,347.9800,347.9700,347.9800
1787155759,347.9600,347.9600,347.9400,347.9500
1787155760,347.9700,348.2000,347.9700,348.1900
1787155763,348.1900,348.1900,348.1900,348.1900
1787155765,348.2150,348.2200,348.1900,348.2200
1787155769,348.2150,348.2200,348.2000,348.2000
1787155770,348.1700,348.1700,348.0900,348.1500
1787155773,348.1400,348.1400,348.1300,348.1300
1787155774,348.1200,348.1200,348.1200,348.1200
1787155775,348.1250,348.1250,348.1250,348.1250
1787155777,348.1300,348.1600,348.1300,348.1600
1787155779,348.1700,348.1700,348.1400,348.1400
1787155780,348.1900,348.2000,348.1600,348.1700
1787155781,348.1600,348.1700,348.1500,348.1700
1787155783,348.1900,348.2000,348.1900,348.2000
1787155784,348.1500,348.1700,348.1400,348.1700
1787155787,348.2100,348.2200,348.2100,348.2200
1787155788,348.2300,348.2400,348.2300,348.2400
1787155793,348.2400,348.3000,348.2400,348.2700
1787155794,348.2400,348.2400,348.2400,348.2400
1787155795,348.2900,348.2900,348.2900,348.2900
1787155797,348.3000,348.4000,348.3000,348.4000
1787155801,348.3800,348.4000,348.3800,348.4000
1787155802,348.3950,348.4200,348.3750,348.4200
1787155803,348.3950,348.3950,348.3950,348.3950
1787155804,348.3800,348.3800,348.3600,348.3600
1787155806,348.3800,348.3850,348.3800,348.3850
1787155807,348.3600,348.3700,348.3500,348.3700
1787155808,348.3500,348.3600,348.3500,348.3600
1787155809,348.3400,348.3500,348.3400,348.3500
1787155812,348.3700,348.3700,348.3700,348.3700
1787155813,348.3650,348.3700,348.3650,348.3700
1787155814,348.3700,348.3700,348.3600,348.3600
1787155815,348.3600,348.3600,348.3300,348.3300
1787155817,348.3600,348.3600,348.3600,348.3600
1787155818,348.3700,348.3950,348.3700,348.3900
1787155819,348.3850,348.4000,348.3850,348.3900
1787155822,348.4100,348.4500,348.4100,348.4500
1787155823,348.4700,348.5700,348.4700,348.5600
1787155824,348.5800,348.6000,348.5300,348.5300
1787155825,348.5700,348.5800,348.5700,348.5800
1787155827,348.6000,348.6000,348.6000,348.6000
1787155828,348.6000,348.6100,348.6000,348.6100
1787155829,348.6000,348.6000,348.5900,348.5900
1787155830,348.5700,348.5700,348.5700,348.5700
1787155831,348.5450,348.5450,348.5400,348.5400
1787155832,348.5100,348.5100,348.5100,348.5100
1787155833,348.5200,348.5800,348.5200,348.5800
1787155834,348.5800,348.5800,348.5800,348.5800
1787155836,348.6000,348.6400,348.6000,348.6400
1787155838,348.6500,348.6500,348.6500,348.6500
1787155839,348.6500,348.6500,348.6400,348.6400
1787155840,348.6400,348.6400,348.6300,348.6300
1787155841,348.6400,348.6400,348.6400,348.6400
1787155843,348.6200,348.6200,348.6000,348.6000
1787155844,348.5900,348.6050,348.5900,348.6050
1787155845,348.5900,348.5900,348.5800,348.5850
1787155846,348.5700,348.5700,348.5700,348.5700
1787155847,348.5850,348.5850,348.5850,348.5850
1787155850,348.6000,348.6100,348.6000,348.6100
1787155851,348.6200,348.6500,348.6200,348.6500
1787155852,348.6400,348.6800,348.6400,348.6500
1787155853,348.6800,348.6900,348.6800,348.6800
1787155854,348.6400,348.6400,348.6300,348.6300
1787155855,348.6300,348.6300,348.5800,348.5900
1787155858,348.6200,348.6200,348.6200,348.6200
1787155859,348.6300,348.6300,348.6300,348.6300
1787155860,348.6300,348.6400,348.6200,348.6200
1787155862,348.6400,348.6400,348.6400,348.6400
1787155866,348.6700,348.7100,348.6700,348.7000
1787155867,348.6700,348.6800,348.6700,348.6800
1787155868,348.6900,348.7000,348.6800,348.6800
1787155869,348.6800,348.6800,348.6600,348.6800
1787155870,348.6800,348.7300,348.6800,348.7300
1787155871,348.7100,348.7100,348.7100,348.7100
1787155872,348.7400,348.7500,348.7400,348.7500
1787155873,348.7400,348.7400,348.7400,348.7400
1787155874,348.7400,348.7400,348.7300,348.7300
1787155875,348.7300,348.7300,348.7000,348.7200
1787155876,348.7400,348.8600,348.7400,348.8600
1787155877,348.8600,348.8700,348.8200,348.8200
1787155879,348.8400,348.8400,348.8100,348.8400
1787155881,348.8600,348.8700,348.8400,348.8400
1787155882,348.8700,348.8700,348.8300,348.8300
1787155883,348.8600,349.1200,348.8600,349.0900
1787155884,349.0900,349.1600,349.0900,349.1500
1787155885,349.1500,349.1500,349.1100,349.1100
1787155886,349.1400,349.1400,349.1200,349.1200
1787155887,349.1250,349.1400,349.0400,349.0400
1787155888,349.0900,349.0900,349.0900,349.0900
1787155889,349.0600,349.1000,349.0600,349.1000
1787155890,349.0800,349.1300,349.0800,349.1300
1787155892,349.1250,349.1500,349.0600,349.0600
1787155894,349.1000,349.1400,349.1000,349.1400
1787155896,349.1150,349.1200,349.1150,349.1150
1787155897,349.1150,349.1300,349.1150,349.1200
1787155898,349.1200,349.1200,349.1200,349.1200
1787155899,349.1100,349.1200,349.1000,349.1200
1787155900,349.1300,349.1300,349.1200,349.1200
1787155902,349.1100,349.1100,349.0600,349.0900
1787155903,349.0850,349.0850,349.0700,349.0700
1787155905,349.1000,349.1100,349.0500,349.0500
1787155906,349.0600,349.1000,349.0600,349.0700
1787155909,349.0500,349.0500,349.0400,349.0400
1787155911,349.0500,349.0500,349.0500,349.0500
1787155913,349.0300,349.0600,348.9600,348.9600
1787155915,348.9300,348.9300,348.8900,348.9000
1787155916,348.9400,348.9800,348.9400,348.9700
1787155917,348.9900,348.9900,348.9500,348.9500
1787155918,348.9400,349.0000,348.9300,348.9300
1787155919,348.9500,348.9500,348.9200,348.9300
1787155920,348.9700,348.9700,348.9600,348.9600
1787155921,348.9800,348.9800,348.9800,348.9800
1787155922,348.9700,348.9700,348.9700,348.9700
1787155924,348.9300,348.9300,348.9200,348.9200
1787155925,348.9100,348.9100,348.8500,348.8500
1787155928,348.8500,348.8500,348.8500,348.8500
1787155929,348.8300,348.8700,348.8100,348.8700
1787155930,348.8500,348.8500,348.8500,348.8500
1787155931,348.8600,348.8600,348.8500,348.8500
1787155933,348.9000,348.9100,348.9000,348.9050
1787155934,348.9050,348.9050,348.9050,348.9050
1787155935,348.9200,348.9350,348.9200,348.9350
1787155936,348.9200,348.9200,348.8700,348.8700
1787155937,348.8700,348.8800,348.8700,348.8800
1787155939,348.8900,348.9200,348.8900,348.9200
1787155940,348.9300,348.9300,348.9300,348.9300
1787155941,348.9500,348.9600,348.9500,348.9550
1787155942,348.9300,348.9300,348.8800,348.8900
1787155944,348.8800,348.8900,348.7800,348.8600
1787155945,348.8400,348.8500,348.8300,348.8500
1787155948,348.8700,348.9300,348.8700,348.9300
1787155949,348.9050,348.9050,348.9050,348.9050
1787155950,348.9400,348.9550,348.9400,348.9550
1787155955,348.9400,348.9400,348.9400,348.9400
1787155957,348.9250,348.9250,348.9250,348.9250
1787155958,348.9300,348.9300,348.9300,348.9300
1787155959,348.9100,348.9100,348.8500,348.8500
1787155964,348.8700,348.9200,348.8700,348.9200
1787155965,348.9200,348.9200,348.9200,348.9200
1787155966,348.8600,348.8600,348.8600,348.8600
1787155968,348.9100,348.9100,348.9100,348.9100
1787155972,348.9000,348.9000,348.9000,348.9000
1787155973,348.8950,348.9000,348.8600,348.9000
1787155976,348.8600,348.8600,348.8600,348.8600
1787155977,348.8600,348.8600,348.8000,348.8500
1787155978,348.8900,348.9100,348.8900,348.9100
1787155980,348.8500,348.8500,348.8300,348.8300
1787155982,348.8100,348.8200,348.7900,348.8200
1787155983,348.8000,348.8000,348.7900,348.7900
1787155984,348.7700,348.7700,348.7500,348.7600
1787155985,348.7750,348.7750,348.7750,348.7750
1787155987,348.7700,348.7700,348.7700,348.7700
1787155988,348.7900,348.7900,348.7900,348.7900
1787155989,348.7600,348.7600,348.7600,348.7600
1787155990,348.7600,348.7600,348.6800,348.6950
1787155995,348.7000,348.7000,348.7000,348.7000
1787155996,348.6700,348.6700,348.5800,348.6350
1787155997,348.6000,348.6300,348.5900,348.6200
1787155998,348.6600,348.6700,348.6600,348.6700
1787156003,348.6450,348.6450,348.5900,348.6300
1787156004,348.6300,348.6300,348.5900,348.5900
1787156007,348.6300,348.6600,348.6300,348.6600
1787156008,348.6300,348.6300,348.6300,348.6300
1787156011,348.6600,348.6600,348.6600,348.6600
1787156012,348.6100,348.6100,348.6000,348.6000
1787156015,348.5800,348.6000,348.5700,348.5900
1787156018,348.5700,348.5700,348.5700,348.5700
1787156019,348.5800,348.5800,348.5700,348.5700
1787156020,348.5600,348.5600,348.4300,348.4500
1787156021,348.4500,348.4800,348.4500,348.4800
1787156024,348.5000,348.5000,348.4600,348.4600
1787156025,348.4500,348.4600,348.4500,348.4600
1787156029,348.4400,348.4400,348.4400,348.4400
1787156032,348.4200,348.4200,348.4100,348.4200
1787156034,348.4100,348.4100,348.3700,348.4000
1787156035,348.4300,348.4300,348.4000,348.4000
1787156036,348.4300,348.4300,348.4300,348.4300
1787156037,348.3800,348.3800,348.3300,348.3300
1787156038,348.3500,348.3500,348.3500,348.3500
1787156039,348.3800,348.3800,348.3800,348.3800
1787156041,348.4000,348.4100,348.4000,348.4100
1787156042,348.3900,348.3900,348.3600,348.3600
1787156043,348.3600,348.3600,348.3200,348.3200
1787156045,348.3000,348.3500,348.2850,348.3450
1787156049,348.3500,348.3500,348.3250,348.3250
1787156050,348.3400,348.3400,348.3400,348.3400
1787156052,348.3500,348.3500,348.3500,348.3500
1787156054,348.3400,348.3400,348.3200,348.3400
1787156055,348.3400,348.3500,348.3400,348.3500
1787156056,348.3100,348.3100,348.2800,348.2800
1787156060,348.2500,348.2500,348.1500,348.2100
1787156061,348.2150,348.2600,348.2150,348.2600
1787156062,348.2400,348.2700,348.2400,348.2400
1787156063,348.2300,348.2300,348.2000,348.2000
1787156064,348.2100,348.2100,348.2000,348.2000
1787156065,348.2200,348.2400,348.2000,348.2050
1787156066,348.2300,348.2300,348.2300,348.2300
1787156068,348.2350,348.2350,348.2350,348.2350
1787156070,348.2350,348.2350,348.2100,348.2100
1787156073,348.2400,348.2600,348.2350,348.2600
1787156074,348.2350,348.2350,348.2350,348.2350
1787156075,348.2100,348.2100,348.2000,348.2000
1787156076,348.1800,348.1800,348.0500,348.0800
1787156077,348.0800,348.1100,348.0800,348.1100
1787156078,348.1150,348.1150,348.1150,348.1150
1787156081,348.1100,348.1500,348.1100,348.1500
1787156083,348.1900,348.2000,348.1900,348.1950
1787156084,348.2400,348.2400,348.2400,348.2400
1787156089,348.2600,348.2800,348.2600,348.2800
1787156090,348.2700,348.3100,348.2650,348.2650
1787156092,348.2500,348.2500,348.1700,348.1700
1787156093,348.2050,348.2400,348.2050,348.2200
1787156094,348.2200,348.2200,348.1900,348.1900
1787156095,348.1700,348.1700,348.1500,348.1500
1787156097,348.1400,348.1400,348.1200,348.1200
1787156099,348.1100,348.1100,348.0800,348.0800
1787156100,348.0400,348.0400,347.9500,347.9500
1787156101,347.9700,347.9700,347.9700,347.9700
1787156102,347.9500,347.9500,347.9500,347.9500
1787156104,347.9500,347.9500,347.9500,347.9500
1787156105,347.9400,347.9400,347.9000,347.9300
1787156106,347.9550,347.9550,347.9400,347.9400
1787156107,347.9400,347.9800,347.8400,347.9800
1787156108,347.9700,347.9700,347.9300,347.9300
1787156109,347.9100,347.9100,347.8700,347.8700
1787156110,347.8750,347.8750,347.8750,347.8750
1787156111,347.8400,347.8500,347.7800,347.8300
1787156112,347.8300,347.8900,347.8300,347.8900
1787156113,347.8750,347.8850,347.8750,347.8850
1787156115,347.9000,348.0400,347.8950,348.0400
1787156116,348.0150,348.0150,348.0150,348.0150
1787156117,348.0200,348.0200,348.0200,348.0200
1787156118,348.0100,348.0100,347.9900,347.9900
1787156119,347.9900,347.9900,347.9900,347.9900
1787156120,347.9600,347.9600,347.9600,347.9600
1787156123,347.9300,347.9300,347.9300,347.9300
1787156124,347.9500,347.9500,347.9500,347.9500
1787156126,347.9500,347.9500,347.9050,347.9200
1787156127,347.9300,348.0000,347.9300,348.0000
1787156128,348.0600,348.0800,348.0600,348.0800
1787156129,348.1200,348.1600,348.1200,348.1600
1787156131,348.1800,348.2000,348.1700,348.1700
1787156132,348.1750,348.1750,348.1750,348.1750
1787156134,348.1500,348.1500,348.0900,348.1000
1787156137,348.1500,348.1500,348.1500,348.1500
1787156139,348.1400,348.1800,348.1300,348.1800
1787156140,348.2000,348.2100,348.2000,348.2000
1787156141,348.2000,348.2000,348.1800,348.1800
1787156144,348.2300,348.2500,348.2300,348.2500
1787156145,348.2100,348.2100,348.2100,348.2100
1787156146,348.2200,348.2200,348.2200,348.2200
1787156147,348.2400,348.2400,348.2400,348.2400
1787156148,348.2500,348.2600,348.2500,348.2600
1787156150,348.2800,348.2800,348.2800,348.2800
1787156151,348.2400,348.2400,348.2400,348.2400
1787156152,348.2400,348.2400,348.2400,348.2400
1787156153,348.2800,348.3700,348.2800,348.3700
1787156155,348.3800,348.4000,348.3800,348.4000
1787156156,348.3900,348.3900,348.3900,348.3900
1787156158,348.3850,348.3850,348.3850,348.3850
1787156159,348.3850,348.3850,348.3600,348.3600
1787156161,348.3200,348.3200,348.2400,348.2400
1787156162,348.2800,348.3000,348.2800,348.3000
1787156163,348.2800,348.3100,348.2800,348.3100
1787156164,348.3400,348.3400,348.3400,348.3400
1787156166,348.3500,348.3500,348.3500,348.3500
1787156171,348.3500,348.3500,348.3000,348.3000
1787156172,348.2800,348.2800,348.2200,348.2500
1787156174,348.2600,348.2700,348.2600,348.2700
1787156175,348.2300,348.2300,348.1000,348.1000
1787156177,348.1100,348.1600,348.1000,348.1600
1787156178,348.1300,348.1500,348.1300,348.1500
1787156179,348.1600,348.1600,348.1600,348.1600
1787156180,348.2100,348.2100,348.2100,348.2100
1787156182,348.2200,348.2200,348.2200,348.2200
1787156185,348.2600,348.2900,348.2600,348.2600
1787156192,348.2600,348.2600,348.2300,348.2300
1787156193,348.2800,348.3000,348.2800,348.3000
1787156195,348.2600,348.2600,348.2100,348.2400
1787156200,348.2700,348.2700,348.2700,348.2700
1787156201,348.2900,348.3000,348.2900,348.3000
1787156203,348.3000,348.3000,348.3000,348.3000
1787156204,348.2700,348.2700,348.2000,348.2000
1787156205,348.2000,348.2000,348.2000,348.2000
1787156209,348.2800,348.2800,348.2800,348.2800
1787156211,348.2500,348.2500,348.2500,348.2500
1787156212,348.3100,348.3100,348.3100,348.3100
1787156213,348.3300,348.3800,348.3300,348.3800
1787156215,348.4500,348.4800,348.4500,348.4800
1787156216,348.4500,348.4500,348.4000,348.4200
1787156220,348.4600,348.5000,348.4600,348.5000
1787156221,348.4300,348.4500,348.4100,348.4400
1787156222,348.4200,348.4200,348.3900,348.3900
1787156223,348.4000,348.4000,348.4000,348.4000
1787156224,348.4100,348.4300,348.4100,348.4300
1787156226,348.4400,348.4400,348.4400,348.4400
1787156228,348.4700,348.4800,348.4700,348.4700
1787156230,348.4900,348.4900,348.4900,348.4900
1787156232,348.4600,348.4700,348.4500,348.4700
1787156234,348.4200,348.4200,348.4200,348.4200
1787156235,348.4350,348.4350,348.4350,348.4350
1787156242,348.4300,348.4300,348.4300,348.4300
1787156246,348.4400,348.4400,348.4000,348.4000
1787156249,348.3900,348.3900,348.3800,348.3800
1787156250,348.3900,348.3900,348.3800,348.3800
1787156251,348.4000,348.4100,348.4000,348.4100
1787156255,348.4000,348.4300,348.3900,348.3900
1787156257,348.3900,348.3900,348.3900,348.3900
1787156259,348.3700,348.3700,348.3500,348.3500
1787156260,348.3700,348.3700,348.3700,348.3700
1787156262,348.3550,348.3800,348.3400,348.3800
1787156263,348.4000,348.4200,348.3950,348.4100
1787156265,348.3900,348.3900,348.0500,348.1400
1787156267,348.1650,348.1650,348.1650,348.1650
1787156268,348.1700,348.1700,348.1200,348.1200
1787156270,348.1300,348.1300,348.1300,348.1300
1787156271,348.1050,348.1050,348.1050,348.1050
1787156277,348.0800,348.0800,348.0600,348.0700
1787156278,348.0700,348.0700,348.0700,348.0700
1787156279,348.0600,348.0800,348.0400,348.0600
1787156280,348.0600,348.0600,348.0600,348.0600
1787156281,348.0700,348.0700,348.0700,348.0700
1787156282,348.0600,348.0600,348.0300,348.0400
1787156283,348.0300,348.0300,348.0300,348.0300
1787156285,348.0350,348.0350,348.0350,348.0350
1787156286,348.0500,348.0500,348.0400,348.0400
1787156287,348.0300,348.0450,348.0300,348.0450
1787156288,348.0300,348.0300,347.9800,347.9900
1787156290,347.9800,347.9800,347.9800,347.9800
1787156291,347.9800,348.0200,347.9800,348.0050
1787156293,348.0000,348.0100,348.0000,348.0100
1787156294,347.9800,347.9800,347.9700,347.9700
1787156295,347.9800,347.9800,347.9800,347.9800
1787156296,347.9800,347.9800,347.9700,347.9700
1787156297,347.9750,348.3600,347.9750,348.3600
1787156298,348.3900,348.5100,348.3500,348.3500
1787156299,348.3700,348.4400,348.3700,348.4400
1787156303,348.3800,348.3800,348.3700,348.3700
1787156304,348.3600,348.3600,348.3600,348.3600
1787156309,348.3800,348.4400,348.3800,348.4400
1787156310,348.4900,348.5000,348.4900,348.5000
1787156311,348.4700,348.4700,348.4600,348.4600
1787156312,348.4800,348.5800,348.4800,348.5600
1787156313,348.5900,348.5900,348.5900,348.5900
1787156314,348.5600,348.5600,348.5600,348.5600
1787156319,348.6000,348.6000,348.5400,348.5500
1787156320,348.5300,348.5300,348.5000,348.5000
1787156327,348.5700,348.5700,348.5700,348.5700
1787156330,348.5700,348.5700,348.5700,348.5700
1787156332,348.5600,348.5800,348.5600,348.5800
1787156333,348.5700,348.6200,348.5700,348.6100
1787156334,348.6400,348.6800,348.6400,348.6700
1787156337,348.7100,348.7100,348.6500,348.6500
1787156346,348.6650,348.6800,348.6600,348.6800
1787156347,348.6400,348.6400,348.6300,348.6300
1787156348,348.6600,348.6600,348.6600,348.6600
1787156350,348.6400,348.6400,348.6000,348.6000
1787156351,348.6000,348.6000,348.6000,348.6000
1787156352,348.6150,348.6150,348.6150,348.6150
1787156353,348.5800,348.5800,348.5800,348.5800
1787156354,348.5900,348.5900,348.5700,348.5700
1787156356,348.5600,348.5600,348.5500,348.5500
1787156357,348.5700,348.5700,348.5700,348.5700
1787156358,348.6000,348.6100,348.6000,348.6100
1787156359,348.6600,348.7000,348.6600,348.6900
1787156360,348.7100,348.7500,348.7100,348.7500
1787156361,348.7500,348.7500,348.7500,348.7500
1787156364,348.7700,348.7700,348.7700,348.7700
1787156366,348.7850,348.7850,348.7600,348.7600
1787156368,348.7600,348.7600,348.7500,348.7500
1787156369,348.7500,348.7700,348.7500,348.7700
1787156374,348.7400,348.7400,348.7200,348.7400
1787156376,348.7600,348.7600,348.7500,348.7500
1787156380,348.7500,348.7500,348.7500,348.7500
1787156382,348.7700,348.8000,348.7700,348.7900
1787156383,348.7750,348.7750,348.7750,348.7750
1787156386,348.7800,348.7800,348.7600,348.7600
1787156390,348.7800,348.7800,348.7600,348.7600
1787156391,348.7700,348.7700,348.7700,348.7700
1787156393,348.7600,348.7600,348.7500,348.7500
1787156394,348.7700,348.7700,348.7700,348.7700
1787156395,348.7700,348.7700,348.7100,348.7700
1787156396,348.7800,348.7800,348.7700,348.7800
1787156398,348.7900,348.7900,348.7700,348.7700
1787156399,348.7700,348.7700,348.7700,348.7700
1787156400,348.7700,348.7700,348.7700,348.7700
1787156402,348.7900,348.8000,348.7900,348.8000
1787156403,348.7850,348.8000,348.7800,348.8000
1787156406,348.8000,348.8900,348.8000,348.8700
1787156408,348.8500,348.8900,348.8500,348.8600
1787156409,348.8400,348.8400,348.8400,348.8400
1787156412,348.8700,348.8800,348.8700,348.8800
1787156413,348.8600,348.8700,348.8500,348.8700
1787156415,348.8600,348.8600,348.8600,348.8600
1787156417,348.8700,348.9100,348.8700,348.9100
1787156422,348.8700,348.8900,348.8500,348.8900
1787156423,348.8900,348.9300,348.8900,348.9300
1787156424,348.9100,348.9100,348.9100,348.9100
1787156425,348.9300,348.9600,348.9300,348.9600
1787156429,348.9500,349.1000,348.9400,349.0600
1787156431,349.0600,349.0600,349.0600,349.0600
1787156432,349.0400,349.0400,349.0300,349.0400
1787156434,349.0300,349.0300,349.0200,349.0200
1787156437,348.9900,348.9900,348.9900,348.9900
1787156438,349.0000,349.0000,348.9800,348.9950
1787156439,348.9800,348.9800,348.9500,348.9500
1787156444,348.9600,348.9950,348.9600,348.9950
1787156447,349.0000,349.0000,349.0000,349.0000
1787156449,349.0000,349.0000,349.0000,349.0000
1787156450,349.0000,349.0100,349.0000,349.0100
1787156451,348.9950,349.0200,348.9950,349.0200
1787156452,349.0000,349.0000,348.9800,349.0000
1787156455,348.9900,349.0000,348.9900,349.0000
1787156456,349.0000,349.0000,349.0000,349.0000
1787156457,349.0200,349.0200,349.0200,349.0200
1787156458,349.0200,349.0200,349.0200,349.0200
1787156461,349.0100,349.0100,349.0000,349.0000
1787156462,349.0050,349.0350,349.0050,349.0350
1787156463,349.0500,349.0600,349.0500,349.0600
1787156465,349.0650,349.0650,349.0650,349.0650
1787156466,349.0500,349.0500,349.0200,349.0200
1787156467,349.0400,349.1000,349.0400,349.1000
1787156468,349.1000,349.1200,349.1000,349.1200
1787156469,349.1200,349.1200,349.1200,349.1200
1787156470,349.1300,349.1500,349.1300,349.1500
1787156471,349.1600,349.1600,349.1600,349.1600
1787156472,349.1800,349.1800,349.1800,349.1800
1787156474,349.1700,349.1700,349.1500,349.1600
1787156475,349.1800,349.1900,349.1800,349.1900
1787156476,349.1600,349.1700,349.1600,349.1700
1787156477,349.1800,349.1900,349.1800,349.1900
1787156478,349.1800,349.1800,349.1400,349.1500
1787156481,349.1600,349.1600,349.1250,349.1400
1787156483,349.1600,349.1600,349.1600,349.1600
1787156484,349.1300,349.1300,348.9400,348.9700
1787156485,348.9700,348.9900,348.9700,348.9900
1787156486,348.9600,348.9600,348.9000,348.9000
1787156487,348.9000,348.9100,348.8900,348.9100
1787156488,348.9150,348.9300,348.9150,348.9300
1787156489,348.9000,348.9100,348.8100,348.8100
1787156491,348.8100,348.8100,348.8100,348.8100
1787156493,348.8000,348.8000,348.7300,348.7600
1787156494,348.7500,348.7500,348.7200,348.7200
1787156495,348.7000,348.7000,348.6800,348.6800
1787156496,348.6600,348.6600,348.6600,348.6600
1787156499,348.6400,348.7000,348.6400,348.7000
1787156500,348.7200,348.7200,348.7050,348.7050
1787156501,348.7000,348.7000,348.6600,348.6700
1787156502,348.6600,348.6600,348.6600,348.6600
1787156503,348.6400,348.6400,348.6100,348.6100
1787156504,348.6200,348.6200,348.6200,348.6200
1787156508,348.5700,348.5700,348.5500,348.5500
1787156509,348.5200,348.5200,348.5100,348.5100
1787156510,348.5000,348.5000,348.5000,348.5000
1787156511,348.4900,348.4900,348.4900,348.4900
1787156512,348.4800,348.5000,348.4800,348.5000
1787156513,348.5000,348.5000,348.4900,348.4900
1787156514,348.4800,348.5300,348.4800,348.5300
1787156515,348.4900,348.4900,348.4900,348.4900
1787156516,348.4900,348.4900,348.4100,348.4100
1787156517,348.4100,348.4100,348.4100,348.4100
1787156519,348.4200,348.4400,348.4150,348.4150
1787156520,348.3900,348.4300,348.3700,348.4300
1787156521,348.4600,348.4600,348.4600,348.4600
1787156523,348.5100,348.5200,348.5100,348.5200
1787156525,348.4500,348.4800,348.4500,348.4800
1787156527,348.4800,348.5000,348.4800,348.5000
1787156528,348.5200,348.5700,348.5200,348.5700
1787156531,348.5600,348.5700,348.5400,348.5400
1787156533,348.5800,348.5800,348.5800,348.5800
1787156534,348.5600,348.5600,348.5600,348.5600
1787156536,348.5750,348.6600,348.5400,348.6600
1787156537,348.6200,348.6400,348.5200,348.5300
1787156546,348.5400,348.5400,348.4500,348.4500
1787156549,348.4200,348.4200,348.4100,348.4100
1787156550,348.4400,348.4500,348.4400,348.4400
1787156552,348.4450,348.4450,348.4450,348.4450
1787156553,348.4700,348.5000,348.4700,348.5000
1787156557,348.5100,348.5100,348.4800,348.4800
1787156559,348.5000,348.5000,348.5000,348.5000
1787156561,348.5000,348.5000,348.5000,348.5000
1787156562,348.5000,348.5000,348.5000,348.5000
1787156563,348.5100,348.6000,348.5100,348.5500
1787156564,348.6000,348.6100,348.6000,348.6100
1787156565,348.6500,348.7100,348.6500,348.7100
1787156569,348.7100,348.7200,348.7100,348.7200
1787156573,348.7300,348.8100,348.7300,348.8100
1787156574,348.7700,348.7700,348.7700,348.7700
1787156575,348.8200,348.8600,348.8100,348.8100
1787156576,348.8350,348.8350,348.8350,348.8350
1787156577,348.8500,348.8800,348.8500,348.8800
1787156578,348.8800,348.8800,348.8800,348.8800
1787156580,348.8900,348.8900,348.8900,348.8900
1787156583,348.8500,348.8500,348.8200,348.8200
1787156584,348.8000,348.8000,348.7900,348.7900
1787156585,348.7600,348.7600,348.7500,348.7500
1787156588,348.7600,348.7600,348.7600,348.7600
1787156591,348.7300,348.7300,348.7000,348.7000
1787156594,348.6700,348.6700,348.6700,348.6700
1787156595,348.6700,348.6700,348.6700,348.6700
1787156598,348.7100,348.7400,348.7100,348.7400
1787156601,348.7000,348.7000,348.6400,348.6400
1787156602,348.6100,348.6100,348.5800,348.5800
1787156604,348.5800,348.5800,348.5800,348.5800
1787156605,348.5700,348.5700,348.5500,348.5500
1787156608,348.6000,348.6000,348.6000,348.6000
1787156610,348.6000,348.6200,348.6000,348.6200
1787156611,348.6300,348.6500,348.6300,348.6500
1787156612,348.6250,348.6500,348.6250,348.6500
1787156613,348.6200,348.6200,348.6200,348.6200
1787156615,348.6500,348.6700,348.6500,348.6700
1787156618,348.7000,348.7000,348.7000,348.7000
1787156620,348.7000,348.7300,348.7000,348.7300
1787156621,348.7250,348.7250,348.7250,348.7250
1787156623,348.7250,348.7250,348.7250,348.7250
1787156625,348.7100,348.7150,348.7100,348.7150
1787156626,348.7200,348.7400,348.7150,348.7200
1787156627,348.7200,348.7200,348.7200,348.7200
1787156628,348.7000,348.7000,348.6600,348.6600
1787156631,348.6900,348.7700,348.6900,348.7600
1787156635,348.7600,348.7600,348.7600,348.7600
1787156636,348.7600,348.7750,348.7600,348.7750
1787156643,348.7600,348.7700,348.7600,348.7700
1787156649,348.7700,348.7700,348.7700,348.7700
1787156653,348.7800,348.7850,348.7800,348.7850
1787156654,348.7900,348.8000,348.7600,348.7600
1787156655,348.7500,348.7500,348.7400,348.7400
1787156657,348.7400,348.7400,348.7400,348.7400
1787156660,348.7100,348.7100,348.6800,348.7000
1787156664,348.7100,348.7100,348.7100,348.7100
1787156665,348.6900,348.6900,348.6600,348.6600
1787156666,348.6300,348.6300,348.6300,348.6300
1787156671,348.6500,348.6500,348.6500,348.6500
1787156672,348.6800,348.7200,348.6800,348.6900
1787156675,348.6700,348.6700,348.6600,348.6600
1787156676,348.6600,348.6600,348.6600,348.6600
1787156677,348.6500,348.6600,348.6400,348.6600
1787156679,348.6400,348.6400,348.6400,348.6400
1787156680,348.6400,348.6400,348.6400,348.6400
1787156682,348.6400,348.6800,348.6400,348.6800
1787156683,348.6400,348.6400,348.6400,348.6400
1787156684,348.6200,348.6200,348.6200,348.6200
1787156685,348.6000,348.6000,348.5300,348.5300
1787156687,348.5450,348.5450,348.5450,348.5450
1787156689,348.5450,348.5450,348.5450,348.5450
1787156691,348.5200,348.5200,348.5200,348.5200
1787156692,348.5000,348.5000,348.4900,348.4900
1787156693,348.4900,348.4900,348.4900,348.4900
1787156696,348.4850,348.5100,348.4850,348.4950
1787156697,348.5000,348.5100,348.5000,348.5100
1787156698,348.5000,348.5000,348.5000,348.5000
1787156700,348.4800,348.4800,348.4400,348.4600
1787156702,348.4400,348.4400,348.4400,348.4400
1787156703,348.4300,348.4300,348.4300,348.4300
1787156706,348.4500,348.4900,348.4500,348.4700
1787156707,348.4600,348.4600,348.4600,348.4600
1787156709,348.4600,348.4600,348.4000,348.4000
1787156710,348.4500,348.4600,348.4500,348.4600
1787156711,348.4000,348.4000,348.4000,348.4000
1787156716,348.3800,348.3800,348.3500,348.3500
1787156718,348.3700,348.3750,348.3700,348.3750
1787156719,348.3700,348.3700,348.3700,348.3700
1787156720,348.3400,348.3400,348.3300,348.3300
1787156725,348.3600,348.3600,348.3500,348.3500
1787156726,348.3300,348.3300,348.3000,348.3000
1787156729,348.3050,348.3050,348.2900,348.2900
1787156730,348.3300,348.3300,348.3300,348.3300
1787156732,348.3500,348.3500,348.3500,348.3500
1787156735,348.3200,348.3200,348.3100,348.3100
1787156738,348.3000,348.3000,348.3000,348.3000
1787156740,348.2800,348.2800,348.1700,348.1700
1787156741,348.1900,348.2000,348.1900,348.1900
1787156743,348.1900,348.2400,348.1900,348.2400
1787156744,348.2300,348.2500,348.2300,348.2500
1787156745,348.2700,348.3800,348.2700,348.3800
1787156746,348.3700,348.3700,348.3700,348.3700
1787156747,348.3800,348.3900,348.3800,348.3900
1787156751,348.3400,348.3400,348.3400,348.3400
1787156752,348.2800,348.2800,348.2800,348.2800
1787156753,348.2750,348.2750,348.2750,348.2750
1787156756,348.3100,348.3100,348.3100,348.3100
1787156758,348.2500,348.2500,348.2500,348.2500
1787156759,348.2100,348.2100,348.2100,348.2100
1787156762,348.2400,348.2900,348.2350,348.2900
1787156764,348.2900,348.2900,348.2900,348.2900
1787156766,348.2700,348.2700,348.2600,348.2600
1787156768,348.2900,348.3000,348.2900,348.3000
1787156769,348.3600,348.3800,348.3600,348.3800
1787156770,348.3800,348.4100,348.3800,348.4100
1787156771,348.3400,348.3400,348.3400,348.3400
1787156773,348.3100,348.3100,348.2700,348.2700
1787156774,348.2300,348.2300,348.2300,348.2300
1787156784,348.2300,348.2300,348.2300,348.2300
1787156785,348.2200,348.2200,348.1500,348.1500
1787156786,348.1600,348.1600,348.1400,348.1400
1787156787,348.1400,348.1400,348.1400,348.1400
1787156789,348.1700,348.1800,348.1500,348.1500
1787156793,348.1600,348.1600,348.1600,348.1600
1787156794,348.1500,348.1500,348.0900,348.0900
1787156796,348.1000,348.1200,348.1000,348.1200
1787156797,348.1000,348.1000,348.1000,348.1000
1787156800,348.1300,348.1300,348.1300,348.1300
1787156801,348.1700,348.2100,348.1700,348.2100
1787156804,348.2000,348.2000,348.2000,348.2000
1787156805,348.2000,348.2300,348.2000,348.2300
1787156806,348.2400,348.2400,348.2400,348.2400
1787156807,348.2200,348.2200,348.2000,348.2000
1787156808,348.2300,348.2300,348.2300,348.2300
1787156810,348.2250,348.2500,348.2250,348.2500
1787156811,348.2700,348.3200,348.2700,348.3200
1787156814,348.3200,348.3200,348.3100,348.3100
1787156816,348.3200,348.3300,348.3100,348.3300
1787156818,348.3100,348.3100,348.3100,348.3100
1787156819,348.3100,348.3100,348.3100,348.3100
1787156825,348.3100,348.3100,348.2800,348.2800
1787156828,348.2900,348.3500,348.2900,348.3500
1787156829,348.3100,348.3100,348.3100,348.3100
1787156830,348.3100,348.3100,348.3000,348.3000
1787156831,348.3050,348.3300,348.3050,348.3300
1787156832,348.3100,348.3100,348.3100,348.3100
1787156834,348.3200,348.3500,348.3200,348.3500
1787156836,348.3200,348.3200,348.3200,348.3200
1787156837,348.3300,348.3300,348.3300,348.3300
1787156838,348.3300,348.3300,348.3300,348.3300
1787156840,348.3000,348.3100,348.2900,348.3100
1787156842,348.3300,348.3300,348.3300,348.3300
1787156843,348.2800,348.2800,348.2800,348.2800
1787156844,348.2600,348.2600,348.2600,348.2600
1787156845,348.2500,348.2500,348.2000,348.2000
1787156848,348.2100,348.2100,348.1600,348.1600
1787156850,348.1600,348.1600,348.1600,348.1600
1787156853,348.1900,348.1900,348.1900,348.1900
1787156854,348.1900,348.1900,348.1900,348.1900
1787156855,348.1700,348.1900,348.1700,348.1900
1787156857,348.1600,348.1600,348.1100,348.1100
1787156861,348.1100,348.1100,348.1100,348.1100
1787156864,348.1000,348.1700,348.1000,348.1400
1787156871,348.1400,348.1700,348.1200,348.1600
1787156872,348.1800,348.1900,348.1800,348.1900
1787156873,348.1700,348.2000,348.1700,348.2000
1787156878,348.1600,348.1600,348.1600,348.1600
1787156881,348.1700,348.1700,348.1700,348.1700
1787156883,348.1700,348.1700,348.1700,348.1700
1787156884,348.1800,348.1900,348.1800,348.1900
1787156885,348.1700,348.1700,348.1700,348.1700
1787156888,348.1900,348.1900,348.1900,348.1900
1787156891,348.1600,348.1800,348.1600,348.1800
1787156894,348.1500,348.1500,348.1400,348.1500
1787156898,348.1500,348.1500,348.1500,348.1500
1787156900,348.1600,348.1800,348.1600,348.1800
1787156901,348.1700,348.2000,348.1700,348.2000
1787156904,348.1850,348.1850,348.1850,348.1850
1787156905,348.1600,348.1600,348.1300,348.1300
1787156906,348.1100,348.1100,348.1000,348.1000
1787156907,348.1000,348.1000,348.1000,348.1000
1787156908,348.1200,348.3700,348.1200,348.3700
1787156910,348.4000,348.4400,348.4000,348.4400
1787156912,348.4500,348.4700,348.4500,348.4600
1787156913,348.4300,348.4300,348.4100,348.4100
1787156917,348.4000,348.4000,348.3900,348.3950
1787156918,348.3900,348.3900,348.3800,348.3900
1787156920,348.3700,348.3700,348.3700,348.3700
1787156922,348.3100,348.3100,348.3100,348.3100
1787156923,348.3050,348.3050,348.3050,348.3050
1787156925,348.3100,348.3100,348.3100,348.3100
1787156926,348.3100,348.3100,348.3100,348.3100
1787156927,348.2800,348.2800,348.2700,348.2700
1787156930,348.2400,348.2400,348.2400,348.2400
1787156932,348.2550,348.2700,348.2300,348.2300
1787156933,348.2400,348.2600,348.2400,348.2500
1787156934,348.2300,348.2300,348.2100,348.2100
1787156935,348.2100,348.2100,348.2100,348.2100
1787156937,348.2100,348.2100,348.2000,348.2000
1787156940,348.1800,348.2100,348.1800,348.2100
1787156941,348.2300,348.2600,348.2300,348.2600
1787156942,348.2200,348.2200,348.2200,348.2200
1787156946,348.2600,348.3100,348.2600,348.2600
1787156947,348.2400,348.2400,348.2400,348.2400
1787156950,348.2600,348.3000,348.2600,348.3000
1787156952,348.2800,348.3200,348.2800,348.3200
1787156956,348.3300,348.3300,348.3300,348.3300
1787156957,348.3000,348.3100,348.2900,348.3100
1787156964,348.3000,348.3200,348.3000,348.3200
1787156967,348.2700,348.2800,348.2400,348.2400
1787156970,348.2100,348.2100,348.2000,348.2000
1787156973,348.2100,348.2100,348.2100,348.2100
1787156975,348.1800,348.1800,348.1500,348.1800
1787156976,348.1500,348.1500,348.0700,348.1200
1787156978,348.1100,348.1100,348.1100,348.1100
1787156980,348.1000,348.1000,348.1000,348.1000
1787156986,348.0800,348.0800,348.0800,348.0800
1787156991,348.1000,348.1000,348.1000,348.1000
1787156992,348.0900,348.2300,348.0400,348.2000
1787156993,348.2100,348.2300,348.1800,348.1800
1787156995,348.2100,348.2100,348.2100,348.2100
1787156996,348.2000,348.2000,348.1800,348.1800
1787156998,348.2300,348.2400,348.2300,348.2400
1787156999,348.1900,348.2000,348.1800,348.2000
1787157000,348.1500,348.1500,348.1400,348.1400
1787157001,348.1200,348.1200,348.1200,348.1200
1787157002,348.0500,348.0700,348.0500,348.0700
1787157003,348.0500,348.0500,347.8300,347.8300
1787157004,347.8600,347.8900,347.8600,347.8900
1787157005,347.9000,347.9300,347.9000,347.9300
1787157006,347.8600,347.8900,347.8500,347.8900
1787157007,347.8900,347.8900,347.8900,347.8900
1787157008,347.9000,347.9300,347.9000,347.9000
1787157009,347.9500,347.9500,347.9500,347.9500
1787157010,347.9500,347.9500,347.9300,347.9300
1787157013,347.9300,347.9300,347.9100,347.9100
1787157016,347.9200,347.9400,347.9200,347.9400
1787157018,347.9300,347.9300,347.9300,347.9300
1787157019,347.9300,347.9300,347.8000,347.8000
1787157022,347.8500,347.8500,347.6800,347.7400
1787157023,347.7700,347.7700,347.7500,347.7500
1787157027,347.7400,347.7400,347.7400,347.7400
1787157028,347.7500,347.7500,347.7200,347.7200
1787157029,347.7200,347.7200,347.7100,347.7200
1787157030,347.6900,347.6900,347.6500,347.6500
1787157031,347.6200,347.6200,347.5600,347.5600
1787157034,347.5750,347.7100,347.5750,347.7100
1787157035,347.7050,347.7050,347.7050,347.7050
1787157039,347.6600,347.6600,347.6200,347.6200
1787157040,347.6550,347.6550,347.6500,347.6500
1787157042,347.6450,347.6800,347.6450,347.6800
1787157043,347.6500,347.6750,347.6500,347.6750
1787157046,347.6750,347.7000,347.6750,347.6900
1787157049,347.6400,347.6400,347.6400,347.6400
1787157050,347.6500,347.7000,347.6500,347.7000
1787157051,347.6950,347.7000,347.6950,347.6950
1787157052,347.7800,347.7900,347.7800,347.7900
1787157053,347.8800,347.9100,347.8800,347.9100
1787157054,347.8850,347.8850,347.8850,347.8850
1787157057,347.8800,347.8950,347.8800,347.8950
1787157058,347.9000,347.9600,347.9000,347.9600
1787157060,347.9800,348.0000,347.9800,348.0000
1787157062,347.9900,347.9900,347.9400,347.9400
1787157064,347.9300,347.9300,347.9000,347.9000
1787157066,347.9000,347.9000,347.9000,347.9000
1787157069,347.8700,347.8700,347.8600,347.8600
1787157070,347.8700,347.8800,347.8700,347.8800
1787157071,347.8750,347.8750,347.8750,347.8750
1787157073,347.8750,347.9000,347.8750,347.9000
1787157074,347.9100,347.9100,347.9100,347.9100
1787157075,347.8950,347.8950,347.8950,347.8950
1787157076,347.8900,347.8900,347.8900,347.8900
1787157077,347.8700,347.8700,347.8700,347.8700
1787157080,347.8800,347.8800,347.8800,347.8800
1787157081,347.8600,347.8600,347.7750,347.7750
1787157085,347.7750,347.8300,347.7750,347.8100
1787157087,347.7750,347.7750,347.7750,347.7750
1787157088,347.7900,347.8000,347.7900,347.7900
1787157090,347.8100,347.8300,347.8100,347.8300
1787157092,347.7900,347.7900,347.7900,347.7900
1787157097,347.7700,347.7700,347.6600,347.6600
1787157100,347.7200,347.7300,347.7200,347.7300
1787157102,347.7500,347.7500,347.7200,347.7200
1787157104,347.7000,347.7000,347.6900,347.6900
1787157108,347.6900,347.6900,347.6900,347.6900
1787157109,347.6500,347.6500,347.6500,347.6500
1787157111,347.6800,347.6800,347.6800,347.6800
1787157112,347.6600,347.6600,347.6600,347.6600
1787157113,347.6500,347.6500,347.6500,347.6500
1787157114,347.6400,347.6400,347.6400,347.6400
1787157115,347.6300,347.6300,347.6300,347.6300
1787157116,347.6100,347.6100,347.5800,347.5800
1787157120,347.5950,347.6400,347.5950,347.6400
1787157121,347.6300,347.6500,347.6300,347.6500
1787157122,347.6100,347.6100,347.5200,347.5200
1787157124,347.5700,347.5700,347.5700,347.5700
1787157127,347.5450,347.5600,347.5350,347.5500
1787157128,347.5200,347.5200,347.5100,347.5150
1787157129,347.5300,347.5300,347.4850,347.4850
1787157130,347.4600,347.4600,347.4600,347.4600
1787157131,347.4700,347.4700,347.4700,347.4700
1787157132,347.4650,347.4650,347.4650,347.4650
1787157134,347.4400,347.4400,347.4200,347.4300
1787157135,347.4500,347.4500,347.4500,347.4500
1787157137,347.4400,347.4400,347.4400,347.4400
1787157139,347.4400,347.4700,347.4400,347.4700
1787157140,347.4400,347.4400,347.4400,347.4400
1787157142,347.4400,347.4700,347.4400,347.4700
1787157143,347.4300,347.4300,347.4300,347.4300
1787157145,347.4300,347.4300,347.4250,347.4250
1787157146,347.4200,347.4200,347.4000,347.4000
1787157147,347.4200,347.4200,347.4200,347.4200
1787157149,347.4300,347.4700,347.4300,347.4600
1787157150,347.4600,347.4600,347.4600,347.4600
1787157152,347.4500,347.4500,347.4500,347.4500
1787157156,347.4050,347.4050,347.4000,347.4000
1787157157,347.4150,347.4200,347.4150,347.4200
1787157158,347.4300,347.4300,347.4200,347.4200
1787157161,347.4000,347.4000,347.3600,347.3800
1787157162,347.3700,347.4000,347.3700,347.4000
1787157166,347.4000,347.4000,347.4000,347.4000
1787157169,347.3850,347.3850,347.3850,347.3850
1787157170,347.3900,347.4000,347.3900,347.3900
1787157171,347.3850,347.3850,347.3850,347.3850
1787157174,347.3800,347.3900,347.3800,347.3900
1787157175,347.3700,347.3700,347.3700,347.3700
1787157177,347.3900,347.3900,347.3700,347.3700
1787157178,347.3600,347.3600,347.3400,347.3500
1787157180,347.3600,347.3600,347.3600,347.3600
1787157181,347.3650,347.3700,347.3650,347.3650
1787157182,347.3900,347.4000,347.3900,347.3900
1787157183,347.3900,347.3900,347.3750,347.3750
1787157184,347.3500,347.3500,347.3500,347.3500
1787157186,347.3600,347.3600,347.3500,347.3500
1787157187,347.3300,347.3300,347.3300,347.3300
1787157190,347.3300,347.3300,347.3300,347.3300
1787157191,347.3400,347.3400,347.3400,347.3400
1787157192,347.3350,347.3350,347.3350,347.3350
1787157193,347.3250,347.3400,347.3250,347.3400
1787157194,347.3600,347.3800,347.2600,347.2950
1787157195,347.2700,347.3000,347.2700,347.3000
1787157196,347.3250,347.3300,347.3250,347.3300
1787157197,347.3500,347.3500,347.3500,347.3500
1787157198,347.3500,347.3500,347.3500,347.3500
1787157200,347.3300,347.3300,347.3000,347.3000
1787157201,347.2800,347.2800,347.2800,347.2800
1787157202,347.2600,347.2600,347.1500,347.1500
1787157204,347.1850,347.2200,347.1850,347.2200
1787157206,347.2100,347.2400,347.2000,347.2400
1787157207,347.2500,347.2500,347.2500,347.2500
1787157208,347.2700,347.3000,347.2700,347.3000
1787157210,347.3000,347.3000,347.3000,347.3000
1787157211,347.2800,347.2800,347.2300,347.2300
1787157212,347.2250,347.2250,347.2000,347.2000
1787157214,347.2300,347.2650,347.2300,347.2650
1787157216,347.2700,347.2700,347.2700,347.2700
1787157219,347.2800,347.3000,347.2800,347.3000
1787157220,347.2900,347.2900,347.1600,347.2150
1787157222,347.2500,347.2500,347.2500,347.2500
1787157223,347.2900,347.2900,347.2900,347.2900
1787157226,347.2700,347.2800,347.2700,347.2800
1787157227,347.3000,347.3000,347.3000,347.3000
1787157228,347.3200,347.3500,347.3200,347.3450
1787157229,347.3450,347.3450,347.3450,347.3450
1787157230,347.3300,347.3300,347.3300,347.3300
1787157232,347.3300,347.3300,347.3050,347.3050
1787157233,347.3600,347.3600,347.3600,347.3600
1787157235,347.3400,347.3400,347.3300,347.3300
1787157237,347.3000,347.3000,347.2100,347.2100
1787157239,347.2200,347.2200,347.2200,347.2200
1787157240,347.2100,347.2100,347.2000,347.2000
1787157241,347.1800,347.1800,347.1800,347.1800
1787157242,347.1700,347.1700,347.1700,347.1700
1787157243,347.1750,347.1900,347.1700,347.1800
1787157244,347.1800,347.1900,347.1800,347.1900
1787157245,347.2000,347.2000,347.2000,347.2000
1787157247,347.1700,347.1700,347.1700,347.1700
1787157252,347.1400,347.1400,347.0700,347.0700
1787157253,347.0900,347.1400,347.0900,347.1400
1787157256,347.1700,347.2000,347.1700,347.2000
1787157257,347.2000,347.2300,347.2000,347.2300
1787157259,347.2400,347.3000,347.2400,347.2400
1787157260,347.2700,347.2900,347.2700,347.2900
1787157262,347.2500,347.2500,347.2500,347.2500
1787157263,347.2700,347.2700,347.1700,347.1700
1787157265,347.1600,347.1600,347.1600,347.1600
1787157268,347.1300,347.1300,347.1300,347.1300
1787157270,347.1500,347.1500,347.1500,347.1500
1787157271,347.1600,347.1600,347.1300,347.1300
1787157273,347.1100,347.1100,347.1000,347.1000
1787157277,347.0700,347.0800,347.0600,347.0800
1787157278,347.0600,347.0600,347.0600,347.0600
1787157279,347.0700,347.0800,347.0700,347.0800
1787157280,347.0900,347.1200,347.0900,347.1200
1787157281,347.1200,347.1200,347.1200,347.1200
1787157282,347.1000,347.1000,347.0800,347.0800
1787157288,347.1000,347.1400,347.1000,347.1200
1787157291,347.1800,347.1900,347.1800,347.1900
1787157294,347.2000,347.2500,347.2000,347.2500
1787157295,347.2000,347.2200,347.2000,347.2200
1787157298,347.2300,347.2650,347.2300,347.2650
1787157300,347.2300,347.2300,347.2300,347.2300
1787157301,347.2200,347.2500,347.2200,347.2500
1787157304,347.2100,347.2100,347.2100,347.2100
1787157305,347.2100,347.2100,347.1900,347.1900
1787157307,347.1900,347.1900,347.1900,347.1900
1787157308,347.2200,347.2300,347.2200,347.2300
1787157309,347.2300,347.2300,347.2200,347.2200
1787157316,347.2500,347.2500,347.2450,347.2450
1787157317,347.2200,347.2300,347.1600,347.2300
1787157318,347.1800,347.2400,347.1800,347.2400
1787157319,347.2400,347.2400,347.2400,347.2400
1787157320,347.2400,347.2400,347.2400,347.2400
1787157321,347.2700,347.2700,347.2200,347.2200
1787157322,347.2800,347.3000,347.2800,347.2800
1787157324,347.2600,347.2600,347.2600,347.2600
1787157330,347.2500,347.2500,347.2450,347.2450
1787157332,347.2400,347.2400,347.2200,347.2200
1787157335,347.1800,347.1800,347.1700,347.1700
1787157337,347.1500,347.1500,347.1300,347.1400
1787157342,347.1350,347.1800,347.1350,347.1800
1787157345,347.1400,347.1400,347.1400,347.1400
1787157349,347.2000,347.2300,347.2000,347.2300
1787157355,347.2800,347.3300,347.2800,347.3300
1787157357,347.3200,347.3200,347.3100,347.3100
1787157358,347.3000,347.3000,347.3000,347.3000
1787157360,347.3400,347.3400,347.3400,347.3400
1787157362,347.3500,347.4000,347.3500,347.4000
1787157363,347.3850,347.3900,347.3700,347.3900
1787157365,347.3800,347.3800,347.3600,347.3600
1787157366,347.3800,347.3800,347.3800,347.3800
1787157367,347.3300,347.3300,347.3300,347.3300
1787157368,347.3100,347.3300,347.3100,347.3300
1787157370,347.2800,347.3200,347.2700,347.3200
1787157372,347.3500,347.3600,347.3500,347.3500
1787157373,347.3800,347.3900,347.3500,347.3500
1787157374,347.3300,347.3300,347.3100,347.3100
1787157375,347.3100,347.3100,347.3000,347.3000
1787157377,347.3600,347.3900,347.3600,347.3900
1787157379,347.3600,347.3600,347.3600,347.3600
1787157381,347.3300,347.3300,347.3200,347.3200
1787157382,347.3300,347.3300,347.3200,347.3300
1787157383,347.3200,347.3200,347.3200,347.3200
1787157389,347.3600,347.3700,347.3600,347.3700
1787157392,347.3900,347.3900,347.3800,347.3800
1787157394,347.3500,347.3500,347.3400,347.3400
1787157395,347.3600,347.3600,347.3600,347.3600
1787157396,347.3700,347.3700,347.3500,347.3500
1787157398,347.3700,347.3700,347.3700,347.3700
1787157399,347.3650,347.4000,347.3650,347.4000
1787157402,347.3400,347.3400,347.3400,347.3400
1787157404,347.3700,347.3800,347.3600,347.3600
1787157406,347.3900,347.4200,347.3900,347.4200
1787157407,347.4200,347.4800,347.4200,347.4600
1787157408,347.4900,347.5400,347.4900,347.4900
1787157409,347.5300,347.5300,347.5300,347.5300
1787157412,347.5200,347.5200,347.5200,347.5200
1787157413,347.5300,347.5300,347.5200,347.5300
1787157414,347.5200,347.5200,347.4700,347.4700
1787157415,347.4800,347.4800,347.4800,347.4800
1787157416,347.4800,347.4900,347.4800,347.4900
1787157417,347.4700,347.4700,347.4400,347.4400
1787157418,347.3900,347.3900,347.3700,347.3700
1787157419,347.3700,347.3700,347.3400,347.3400
1787157422,347.4200,347.4200,347.4200,347.4200
1787157426,347.4400,347.4500,347.4400,347.4500
1787157429,347.5200,347.5200,347.5200,347.5200
1787157430,347.5100,347.5100,347.5100,347.5100
1787157433,347.4800,347.4800,347.4800,347.4800
1787157434,347.4600,347.4600,347.4300,347.4300
1787157435,347.4200,347.4200,347.4100,347.4200
1787157440,347.4400,347.4400,347.4400,347.4400
1787157442,347.4300,347.5600,347.4300,347.5300
1787157445,347.5800,347.6700,347.5800,347.6700
1787157446,347.6600,347.6700,347.6200,347.6200
1787157447,347.6500,347.6500,347.6500,347.6500
1787157448,347.6500,347.6500,347.6500,347.6500
1787157451,347.6400,347.6400,347.6400,347.6400
1787157452,347.6300,347.6300,347.6300,347.6300
1787157457,347.6500,347.6500,347.6100,347.6100
1787157461,347.5900,347.5900,347.5900,347.5900
1787157462,347.5800,347.5800,347.5800,347.5800
1787157463,347.5900,347.5900,347.5900,347.5900
1787157464,347.5800,347.5900,347.5650,347.5900
1787157465,347.5800,347.6000,347.5700,347.6000
1787157469,347.5600,347.5600,347.5600,347.5600
1787157471,347.5400,347.5400,347.4800,347.4800
1787157472,347.5300,347.5300,347.5300,347.5300
1787157473,347.5150,347.5150,347.5150,347.5150
1787157475,347.5000,347.5000,347.4900,347.4900
1787157477,347.4900,347.4900,347.4600,347.4600
1787157481,347.4400,347.4500,347.4200,347.4200
1787157484,347.4400,347.4500,347.4400,347.4500
1787157488,347.4300,347.4300,347.4000,347.4000
1787157489,347.3800,347.3800,347.3800,347.3800
1787157491,347.4000,347.4000,347.3700,347.3700
1787157497,347.3700,347.3700,347.3700,347.3700
1787157498,347.3300,347.3300,347.3100,347.3200
1787157499,347.3100,347.3300,347.3000,347.3300
1787157501,347.3700,347.3700,347.3700,347.3700
1787157502,347.3300,347.3300,347.3300,347.3300
1787157505,347.3700,347.3700,347.3700,347.3700
1787157506,347.3500,347.3500,347.3500,347.3500
1787157508,347.3650,347.3650,347.3650,347.3650
1787157512,347.3600,347.3600,347.3600,347.3600
1787157513,347.3500,347.3500,347.3400,347.3400
1787157514,347.3000,347.3000,347.2800,347.2800
1787157515,347.2850,347.2850,347.2850,347.2850
1787157517,347.2850,347.2850,347.2000,347.2000
1787157519,347.1900,347.1900,347.1800,347.1900
1787157522,347.1900,347.1950,347.1900,347.1950
1787157525,347.1700,347.1700,347.1500,347.1500
1787157527,347.1000,347.1000,347.0500,347.0500
1787157528,347.0400,347.0400,346.9400,346.9400
1787157530,346.9400,346.9400,346.9400,346.9400
1787157531,346.9200,346.9400,346.9200,346.9400
1787157533,346.9200,346.9200,346.9200,346.9200
1787157535,346.9500,346.9500,346.9400,346.9400
1787157536,346.9100,346.9100,346.9000,346.9000
1787157537,346.9200,346.9500,346.9200,346.9500
1787157538,346.9300,346.9300,346.9300,346.9300
1787157540,346.9400,346.9600,346.9400,346.9600
1787157543,346.9800,346.9900,346.9800,346.9900
1787157546,346.9800,346.9800,346.9800,346.9800
1787157548,346.9500,346.9500,346.9500,346.9500
1787157551,346.9400,346.9400,346.9400,346.9400
1787157555,346.9300,346.9600,346.9300,346.9500
1787157556,346.9600,346.9700,346.9600,346.9700
1787157557,346.9500,346.9500,346.9400,346.9400
1787157558,346.9100,346.9100,346.8900,346.8900
1787157559,346.8950,346.9000,346.8900,346.8900
1787157560,346.9000,346.9400,346.9000,346.9400
1787157561,346.9200,346.9200,346.9000,346.9000
1787157563,346.9400,346.9500,346.9400,346.9500
1787157564,346.9300,346.9300,346.9000,346.9000
1787157566,346.9100,346.9100,346.9100,346.9100
1787157567,346.8900,346.8900,346.8800,346.8800
1787157569,346.8600,346.8600,346.8600,346.8600
1787157570,346.8600,346.8600,346.8600,346.8600
1787157571,346.8600,346.8600,346.8500,346.8500
1787157572,346.8650,346.8800,346.8650,346.8800
1787157574,346.8750,346.9200,346.8750,346.9200
1787157577,346.9100,346.9100,346.9100,346.9100
1787157581,346.9150,346.9150,346.9150,346.9150
1787157582,346.9200,346.9200,346.9200,346.9200
1787157583,346.9150,346.9150,346.9150,346.9150
1787157588,346.8900,346.9500,346.8900,346.9300
1787157589,346.9300,346.9300,346.9200,346.9200
1787157590,346.9000,346.9100,346.8000,346.8000
1787157592,346.8100,346.8100,346.7800,346.7900
1787157593,346.7750,346.7750,346.7600,346.7600
1787157594,346.7200,346.7200,346.7200,346.7200
1787157597,346.7000,346.7000,346.7000,346.7000
1787157598,346.7200,346.7300,346.7200,346.7300
1787157601,346.7600,346.7600,346.7600,346.7600
1787157602,346.7550,346.7800,346.7550,346.7800
1787157603,346.7650,346.7650,346.7400,346.7600
1787157604,346.7500,346.7500,346.7500,346.7500
1787157606,346.7600,346.7700,346.7500,346.7700
1787157607,346.7700,346.7900,346.7700,346.7900
1787157608,346.7800,346.7900,346.7800,346.7900
1787157609,346.8200,346.8200,346.8200,346.8200
1787157611,346.8200,346.8300,346.7900,346.7900
1787157612,346.7800,346.7800,346.7800,346.7800
1787157613,346.7800,346.7850,346.7800,346.7850
1787157616,346.7700,346.7700,346.7650,346.7650
1787157618,346.7800,346.8500,346.7800,346.8500
1787157619,346.8500,346.8500,346.8500,346.8500
1787157621,346.8500,346.8500,346.8500,346.8500
1787157622,346.8500,346.9000,346.8500,346.9000
1787157623,346.8950,346.8950,346.8950,346.8950
1787157624,346.8600,346.9200,346.8600,346.9200
1787157626,346.9100,346.9100,346.9100,346.9100
1787157627,346.8900,346.8900,346.8500,346.8500
1787157628,346.8500,346.8500,346.8500,346.8500
1787157641,346.8400,346.8800,346.8400,346.8500
1787157642,346.8100,346.8400,346.8100,346.8400
1787157645,346.8450,346.8450,346.8450,346.8450
1787157646,346.8900,346.9200,346.8900,346.9100
1787157647,346.9200,346.9200,346.9200,346.9200
1787157649,346.9200,346.9200,346.9100,346.9100
1787157650,346.9000,346.9000,346.8500,346.8500
1787157651,346.8600,346.8600,346.8500,346.8500
1787157652,346.8600,346.8600,346.8600,346.8600
1787157653,346.8400,346.8400,346.8400,346.8400
1787157655,346.8500,346.8500,346.8500,346.8500
1787157657,346.8400,346.8400,346.8400,346.8400
1787157662,346.8700,346.8700,346.8400,346.8400
1787157663,346.8500,346.9000,346.8500,346.8900
1787157668,346.9000,346.9000,346.9000,346.9000
1787157669,346.9000,346.9000,346.8300,346.8300
1787157670,346.8600,346.9100,346.8600,346.9100
1787157675,346.9000,346.9300,346.8900,346.8900
1787157679,346.8700,346.8700,346.8000,346.8050
1787157681,346.7800,346.8100,346.7000,346.8100
1787157682,346.8400,346.8700,346.8400,346.8700
1787157683,346.8900,346.9200,346.8900,346.9200
1787157686,346.9400,346.9500,346.9400,346.9500
1787157687,346.9450,346.9600,346.9450,346.9500
1787157689,346.9400,346.9400,346.9400,346.9400
1787157690,346.9300,346.9300,346.9300,346.9300
1787157694,346.9500,346.9500,346.9300,346.9300
1787157695,346.9200,346.9200,346.9200,346.9200
1787157699,346.9200,346.9200,346.8800,346.8800
1787157700,346.8400,346.8400,346.8300,346.8300
1787157701,346.8300,346.8300,346.8300,346.8300
1787157702,346.8600,346.8600,346.8600,346.8600
1787157705,346.8800,346.8900,346.8800,346.8900
1787157707,346.9000,346.9000,346.9000,346.9000
1787157710,346.9100,346.9500,346.9100,346.9500
1787157712,347.0000,347.0050,346.9500,346.9500
1787157713,346.9500,346.9500,346.9400,346.9400
1787157714,346.9200,346.9200,346.9200,346.9200
1787157716,346.9200,346.9400,346.9100,346.9400
1787157717,346.9200,346.9200,346.9200,346.9200
1787157718,346.9400,346.9400,346.9400,346.9400
1787157720,346.9100,346.9100,346.9000,346.9100
1787157721,346.9200,346.9500,346.9200,346.9500
1787157732,346.9400,346.9400,346.9400,346.9400
1787157734,346.9100,346.9100,346.9100,346.9100
1787157735,346.9100,346.9100,346.9100,346.9100
1787157736,346.9400,346.9500,346.9400,346.9500
1787157741,346.9500,346.9500,346.9300,346.9300
1787157743,346.9100,346.9100,346.8500,346.8500
1787157744,346.8800,346.9100,346.8800,346.9100
1787157750,346.9100,346.9100,346.9100,346.9100
1787157753,346.8900,346.8900,346.8700,346.8700
1787157754,346.8500,346.8500,346.8500,346.8500
1787157755,346.8000,346.8000,346.7800,346.7800
1787157756,346.8200,346.8200,346.8200,346.8200
1787157762,346.7900,346.7900,346.7700,346.7700
1787157765,346.7600,346.7650,346.7600,346.7650
1787157767,346.7500,346.7500,346.7400,346.7400
1787157770,346.7100,346.7100,346.6300,346.6300
1787157773,346.6000,346.6000,346.5400,346.5900
1787157776,346.6300,346.6500,346.6300,346.6500
1787157778,346.6300,346.6300,346.6300,346.6300
1787157780,346.6500,346.6500,346.6500,346.6500
1787157781,346.6700,346.6850,346.6700,346.6850
1787157782,346.6700,346.6700,346.6700,346.6700
1787157783,346.6500,346.6500,346.6500,346.6500
1787157785,346.6900,346.7000,346.6900,346.7000
1787157786,346.7500,346.7600,346.7500,346.7600
1787157788,346.7600,346.7600,346.7600,346.7600
1787157790,346.7400,346.7400,346.7300,346.7300
1787157794,346.7300,346.7300,346.7300,346.7300
1787157795,346.7200,346.7200,346.7200,346.7200
1787157801,346.7500,346.7500,346.7500,346.7500
1787157802,346.7300,346.7300,346.7300,346.7300
1787157803,346.7400,346.7500,346.7400,346.7500
1787157804,346.7500,346.7500,346.7200,346.7200
1787157805,346.6900,346.6900,346.6900,346.6900
1787157811,346.6650,346.6650,346.6600,346.6600
1787157814,346.6400,346.6400,346.6200,346.6300
1787157819,346.6200,346.6200,346.6200,346.6200
1787157820,346.6100,346.6100,346.5700,346.5700
1787157824,346.5600,346.5600,346.5600,346.5600
1787157825,346.5600,346.5800,346.5600,346.5750
1787157829,346.5900,346.6600,346.5900,346.6600
1787157836,346.6200,346.6300,346.6000,346.6000
1787157837,346.6000,346.6000,346.5600,346.5600
1787157840,346.5400,346.5400,346.4600,346.4900
1787157842,346.5500,346.5500,346.5500,346.5500
1787157845,346.5400,346.5400,346.5100,346.5100
1787157848,346.5000,346.5000,346.5000,346.5000
1787157849,346.5100,346.5600,346.5100,346.5400
1787157850,346.5600,346.5600,346.5600,346.5600
1787157851,346.5300,346.5300,346.5300,346.5300
1787157853,346.5200,346.5200,346.5200,346.5200
1787157854,346.5250,346.5250,346.5250,346.5250
1787157855,346.5100,346.5100,346.5000,346.5000
1787157859,346.5300,346.5600,346.5300,346.5600
1787157860,346.5600,346.5600,346.5600,346.5600
1787157863,346.5600,346.5600,346.5600,346.5600
1787157864,346.5700,346.5700,346.5700,346.5700
1787157865,346.5800,346.6300,346.5800,346.6300
1787157867,346.6500,346.6500,346.6200,346.6200
1787157868,346.6300,346.6300,346.6200,346.6200
1787157873,346.6700,346.6700,346.6700,346.6700
1787157874,346.6600,346.6600,346.6400,346.6400
1787157875,346.6500,346.6500,346.6500,346.6500
1787157879,346.6100,346.6100,346.6100,346.6100
1787157881,346.5600,346.5600,346.5600,346.5600
1787157886,346.5900,346.5900,346.5900,346.5900
1787157887,346.5700,346.5700,346.5200,346.5400
1787157890,346.5200,346.5200,346.4900,346.4900
1787157893,346.5000,346.5000,346.5000,346.5000
1787157897,346.5150,346.5600,346.5150,346.5600
1787157898,346.5700,346.5800,346.5700,346.5800
1787157899,346.5600,346.5600,346.5600,346.5600
1787157903,346.5500,346.5500,346.5500,346.5500
1787157904,346.5400,346.5900,346.5400,346.5900
1787157905,346.6200,346.6200,346.6200,346.6200
1787157909,346.5900,346.5900,346.5900,346.5900
1787157911,346.6000,346.6000,346.6000,346.6000
1787157912,346.5800,346.5800,346.5700,346.5700
1787157914,346.5900,346.5900,346.5400,346.5400
1787157917,346.5200,346.5200,346.5000,346.5000
1787157919,346.4900,346.4900,346.4800,346.4800
1787157921,346.5400,346.6000,346.5300,346.6000
1787157922,346.6050,346.6050,346.6050,346.6050
1787157923,346.6300,346.6500,346.6300,346.6500
1787157924,346.6700,346.7500,346.6700,346.7500
1787157925,346.7800,346.8100,346.7800,346.8000
1787157926,346.8200,346.8200,346.8200,346.8200
1787157929,346.8550,346.8550,346.8550,346.8550
1787157930,346.8300,346.8300,346.8200,346.8200
1787157931,346.8500,346.8500,346.8200,346.8400
1787157932,346.8500,346.8500,346.8500,346.8500
1787157934,346.8200,346.8200,346.8000,346.8000
1787157936,346.8000,346.8100,346.8000,346.8100
1787157943,346.7800,346.7800,346.7600,346.7600
1787157944,346.7600,346.7600,346.7300,346.7300
1787157949,346.7100,346.7100,346.7100,346.7100
1787157952,346.6800,346.7100,346.6800,346.7100
1787157959,346.6700,346.6700,346.6500,346.6500
1787157965,346.5500,346.5500,346.5500,346.5500
1787157966,346.5500,346.5500,346.5300,346.5300
1787157970,346.5000,346.5000,346.5000,346.5000
1787157971,346.5100,346.5200,346.5100,346.5100
1787157972,346.5200,346.5400,346.5200,346.5400
1787157973,346.5400,346.5400,346.5400,346.5400
1787157976,346.5800,346.6200,346.5800,346.6200
1787157978,346.5800,346.5800,346.5800,346.5800
1787157979,346.5600,346.5600,346.5500,346.5500
1787157983,346.5500,346.5500,346.5500,346.5500
1787157988,346.5700,346.5700,346.5700,346.5700
1787157989,346.6000,346.6000,346.6000,346.6000
1787157992,346.5600,346.5600,346.5500,346.5500
1787157995,346.5300,346.5300,346.5000,346.5000
1787157996,346.5150,346.5150,346.5150,346.5150
1787157997,346.5000,346.5000,346.5000,346.5000
1787157999,346.4900,346.4900,346.4900,346.4900
1787158003,346.4900,346.5000,346.4900,346.4900
1787158004,346.4800,346.4800,346.4600,346.4600
1787158005,346.5000,346.5200,346.5000,346.5200
1787158006,346.5300,346.5300,346.5300,346.5300
1787158010,346.5100,346.5100,346.5000,346.5000
1787158011,346.5000,346.5000,346.5000,346.5000
1787158012,346.5200,346.5300,346.5200,346.5300
1787158013,346.5400,346.5400,346.5400,346.5400
1787158018,346.5200,346.5200,346.4900,346.4900
1787158019,346.4800,346.4800,346.4800,346.4800
1787158020,346.5100,346.5100,346.5100,346.5100
1787158025,346.5300,346.5600,346.5300,346.5600
1787158026,346.5300,346.5300,346.5300,346.5300
1787158029,346.5400,346.5400,346.5400,346.5400
1787158034,346.5600,346.5600,346.5600,346.5600
1787158037,346.5600,347.0000,346.5600,346.8700
1787158038,346.8500,346.8500,346.8200,346.8200
1787158039,346.8400,346.8700,346.8000,346.8000
1787158040,346.8000,346.8000,346.7800,346.7800
1787158041,346.7800,346.7800,346.7800,346.7800
1787158043,346.8000,346.8200,346.8000,346.8200
1787158044,346.8300,346.8300,346.8300,346.8300
1787158045,346.8100,346.8100,346.8100,346.8100
1787158048,346.7900,346.8000,346.7700,346.7700
1787158049,346.7800,346.7850,346.7800,346.7850
1787158050,346.8000,346.8300,346.8000,346.8300
1787158051,346.8300,346.8300,346.8200,346.8200
1787158052,346.8200,346.8200,346.8200,346.8200
1787158053,346.8400,346.8400,346.8300,346.8300
1787158055,346.8200,346.8200,346.8200,346.8200
1787158057,346.8300,346.8300,346.8300,346.8300
1787158059,346.8400,346.8500,346.8400,346.8500
1787158060,346.8300,346.8300,346.8100,346.8100
1787158062,346.8600,346.8600,346.8600,346.8600
1787158065,346.8400,346.8400,346.8400,346.8400
1787158067,346.8200,346.8200,346.7800,346.7800
1787158068,346.7600,346.7600,346.7500,346.7500
1787158069,346.7600,346.7600,346.7600,346.7600
1787158072,346.7400,346.7600,346.7400,346.7600
1787158074,346.7400,346.7400,346.7400,346.7400
1787158076,346.7300,346.7300,346.7300,346.7300
1787158077,346.7100,346.7100,346.6800,346.6800
1787158079,346.7100,346.7300,346.7100,346.7300
1787158081,346.6700,346.6750,346.6700,346.6750
1787158089,346.6500,346.6500,346.6500,346.6500
1787158091,346.6200,346.6200,346.5800,346.5850
1787158093,346.5800,346.5800,346.5800,346.5800
1787158096,346.5900,346.6200,346.5800,346.6200
1787158098,346.6200,346.6200,346.6200,346.6200
1787158102,346.6200,346.6200,346.6200,346.6200
1787158103,346.5900,346.6200,346.5900,346.6200
1787158104,346.6300,346.6300,346.6150,346.6300
1787158106,346.6300,346.6300,346.6300,346.6300
1787158107,346.6300,346.6500,346.6300,346.6400
1787158111,346.6300,346.6600,346.6300,346.6600
1787158112,346.6500,346.6500,346.6500,346.6500
1787158114,346.6500,346.6500,346.6500,346.6500
1787158116,346.6400,346.6400,346.6400,346.6400
1787158117,346.6500,346.6500,346.6500,346.6500
1787158118,346.6600,346.6600,346.6600,346.6600
1787158119,346.6500,346.6500,346.6200,346.6200
1787158120,346.6100,346.6100,346.6000,346.6000
1787158123,346.5900,346.5900,346.5900,346.5900
1787158124,346.6000,346.6000,346.5900,346.5900
1787158126,346.6100,346.6100,346.5950,346.5950
1787158129,346.6200,346.6200,346.6200,346.6200
1787158130,346.6400,346.6400,346.6400,346.6400
1787158131,346.6000,346.6000,346.5800,346.5800
1787158132,346.5900,346.5900,346.5900,346.5900
1787158133,346.5900,346.5900,346.5900,346.5900
1787158135,346.6100,346.6250,346.6100,346.6250
1787158137,346.6200,346.6300,346.6200,346.6300
1787158140,346.5800,346.5800,346.5700,346.5700
1787158145,346.5950,346.5950,346.5950,346.5950
1787158146,346.6050,346.6050,346.6050,346.6050
1787158148,346.6000,346.6000,346.6000,346.6000
1787158149,346.5900,346.5900,346.5900,346.5900
1787158151,346.5900,346.5900,346.5900,346.5900
1787158153,346.6100,346.6100,346.6100,346.6100
1787158154,346.6100,346.6100,346.6100,346.6100
1787158155,346.6100,346.6100,346.6100,346.6100
1787158156,346.6150,346.6150,346.6150,346.6150
1787158157,346.6100,346.6150,346.6100,346.6150
1787158159,346.5900,346.5950,346.5800,346.5850
1787158160,346.5600,346.5600,346.5400,346.5400
1787158164,346.5400,346.5400,346.5400,346.5400
1787158165,346.5200,346.5400,346.5100,346.5300
1787158167,346.5300,346.5300,346.5100,346.5200
1787158168,346.5300,346.5400,346.5300,346.5400
1787158170,346.5500,346.5500,346.5500,346.5500
1787158174,346.5600,346.5650,346.5600,346.5650
1787158175,346.5900,346.6200,346.5800,346.6200
1787158176,346.5900,346.5900,346.5900,346.5900
1787158188,346.6050,346.6050,346.6050,346.6050
1787158189,346.6100,346.6100,346.6100,346.6100
1787158191,346.6000,346.6000,346.5900,346.5900
1787158192,346.5700,346.5700,346.5700,346.5700
1787158194,346.5600,346.5650,346.5450,346.5650
1787158199,346.5400,346.5400,346.5400,346.5400
1787158200,346.5200,346.5400,346.5100,346.5100
1787158202,346.5000,346.5700,346.5000,346.5700
1787158203,346.5500,346.5500,346.5500,346.5500
1787158205,346.5200,346.5200,346.5100,346.5100
1787158212,346.5350,346.5350,346.5350,346.5350
1787158213,346.5400,346.5500,346.5400,346.5500
1787158216,346.5500,346.6000,346.5500,346.5900
1787158217,346.5600,346.5600,346.5600,346.5600
1787158219,346.5700,346.5700,346.5500,346.5500
1787158220,346.5900,346.5900,346.5900,346.5900
1787158225,346.6200,346.7800,346.6200,346.7400
1787158230,346.7600,346.8000,346.7600,346.7900
1787158232,346.7500,346.7500,346.7500,346.7500
1787158233,346.7200,346.7200,346.7100,346.7100
1787158235,346.6800,346.6800,346.6800,346.6800
1787158241,346.7000,346.7000,346.7000,346.7000
1787158244,346.7100,346.7300,346.7100,346.7300
1787158245,346.7100,346.7150,346.7100,346.7150
1787158261,346.7000,346.7100,346.7000,346.7000
1787158263,346.7200,346.7300,346.6900,346.6900
1787158266,346.7100,346.7100,346.7100,346.7100
1787158270,346.7000,346.7000,346.6800,346.6800
1787158271,346.5900,346.5900,346.5650,346.5800
1787158272,346.5700,346.6000,346.5600,346.6000
1787158282,346.6200,346.6200,346.6200,346.6200
1787158283,346.6100,346.6100,346.5900,346.6000
1787158288,346.5900,346.6000,346.5800,346.6000
1787158293,346.5800,346.6000,346.5700,346.5700
1787158294,346.5800,346.5800,346.5800,346.5800
1787158295,346.5700,346.5700,346.5600,346.5600
1787158297,346.5500,346.5600,346.5500,346.5500
1787158301,346.5600,346.5600,346.5600,346.5600
1787158303,346.5700,346.6200,346.5700,346.6200
1787158305,346.6500,346.7100,346.6400,346.7100
1787158306,346.7100,346.7100,346.6900,346.6900
1787158308,346.7100,346.7100,346.7100,346.7100
1787158309,346.7000,346.7000,346.6900,346.6900
1787158312,346.6800,346.6800,346.6800,346.6800
1787158314,346.6900,346.7100,346.6900,346.7100
1787158316,346.6900,346.7100,346.6900,346.7100
1787158318,346.7100,346.7200,346.7100,346.7200
1787158319,346.7300,346.7400,346.6900,346.6900
1787158320,346.7000,346.7000,346.7000,346.7000
1787158325,346.7200,346.7300,346.7100,346.7300
1787158326,346.7100,346.7400,346.7100,346.7400
1787158327,346.7500,346.7500,346.7500,346.7500
1787158328,346.7300,346.7300,346.7300,346.7300
1787158330,346.7250,346.7250,346.7250,346.7250
1787158333,346.7000,346.7300,346.7000,346.7300
1787158335,346.7200,346.7400,346.7200,346.7400
1787158337,346.7200,346.7200,346.6700,346.6700
1787158344,346.7150,346.7150,346.7150,346.7150
1787158347,346.7500,346.7500,346.7500,346.7500
1787158350,346.7500,346.7500,346.7500,346.7500
1787158353,346.7400,346.7400,346.7200,346.7400
1787158354,346.7150,346.7150,346.7150,346.7150
1787158355,346.7150,346.7150,346.7150,346.7150
1787158362,346.7350,346.7350,346.7350,346.7350
1787158364,346.7150,346.7150,346.7150,346.7150
1787158365,346.7200,346.7200,346.7200,346.7200
1787158369,346.7200,346.7300,346.7000,346.7000
1787158370,346.6850,346.6850,346.6850,346.6850
1787158374,346.7200,346.7200,346.7200,346.7200
1787158376,346.7300,346.7300,346.7300,346.7300
1787158377,346.7300,346.8000,346.7300,346.8000
1787158380,346.8000,346.8300,346.8000,346.8300
1787158382,346.8500,346.8600,346.8500,346.8500
1787158386,346.8700,346.8750,346.8550,346.8550
1787158388,346.8200,346.8200,346.8200,346.8200
1787158389,346.8200,346.8400,346.8200,346.8400
1787158390,346.8100,346.8100,346.8000,346.8000
1787158392,346.8200,346.8900,346.8200,346.8900
1787158393,346.8800,346.9200,346.8800,346.9200
1787158394,346.9600,346.9600,346.9600,346.9600
1787158398,346.9400,346.9400,346.9300,346.9300
1787158399,346.9600,346.9600,346.9600,346.9600
1787158400,346.9900,347.0000,346.9900,347.0000
1787158402,347.0250,347.0600,347.0250,347.0600
1787158403,347.0500,347.0600,347.0500,347.0600
1787158404,347.0900,347.1400,347.0900,347.1300
1787158407,347.1300,347.1300,347.1300,347.1300
1787158408,347.1300,347.1350,347.1000,347.1100
1787158409,347.1200,347.1200,347.1200,347.1200
1787158414,347.1100,347.1100,347.0700,347.0900
1787158417,347.0800,347.0900,347.0700,347.0900
1787158418,347.1100,347.1100,347.1100,347.1100
1787158419,347.1200,347.1400,347.1200,347.1400
1787158420,347.1100,347.1100,347.1000,347.1000
1787158424,347.0700,347.0700,346.9800,347.0100
1787158425,347.0200,347.0200,347.0200,347.0200
1787158426,347.0200,347.0200,347.0200,347.0200
1787158428,347.0300,347.0300,347.0300,347.0300
1787158436,347.0100,347.0100,347.0100,347.0100
1787158437,347.0000,347.0000,347.0000,347.0000
1787158439,346.9600,346.9600,346.9600,346.9600
1787158442,346.9000,346.9000,346.8900,346.8900
1787158445,346.8800,346.8800,346.8800,346.8800
1787158446,346.8950,346.9800,346.8950,346.9800
1787158448,347.0000,347.0000,347.0000,347.0000
1787158449,346.9600,346.9600,346.9600,346.9600
1787158450,346.9600,346.9600,346.9400,346.9400
1787158453,346.9100,346.9100,346.9000,346.9000
1787158456,346.9450,346.9450,346.9450,346.9450
1787158457,346.9350,346.9350,346.9350,346.9350
1787158460,346.9600,346.9800,346.9600,346.9800
1787158467,346.9400,346.9400,346.9000,346.9000
1787158468,346.9500,346.9500,346.9500,346.9500
1787158469,346.9250,346.9250,346.9250,346.9250
1787158471,346.9600,346.9600,346.9600,346.9600
1787158472,346.9600,346.9600,346.9600,346.9600
1787158473,346.9650,346.9650,346.9400,346.9400
1787158476,346.9800,346.9900,346.9700,346.9700
1787158477,346.9800,346.9800,346.9500,346.9500
1787158478,346.9700,346.9700,346.9700,346.9700
1787158481,346.9600,346.9600,346.9600,346.9600
1787158482,346.9200,346.9200,346.9200,346.9200
1787158483,346.9400,346.9400,346.9400,346.9400
1787158485,346.9500,346.9500,346.9500,346.9500
1787158486,346.9600,347.0300,346.9600,347.0300
1787158488,347.0500,347.0500,347.0500,347.0500
1787158491,347.0350,347.0350,347.0350,347.0350
1787158493,347.0200,347.0200,347.0200,347.0200
1787158495,347.0700,347.1150,347.0700,347.1150
1787158496,347.0700,347.0700,347.0700,347.0700
1787158497,347.0800,347.0800,347.0800,347.0800
1787158498,347.1100,347.1100,347.1100,347.1100
1787158501,347.1400,347.1400,347.1400,347.1400
1787158504,347.1500,347.1500,347.1400,347.1400
1787158506,347.1000,347.1000,347.1000,347.1000
1787158507,347.1000,347.1200,347.1000,347.1200
1787158509,347.1100,347.1400,347.1100,347.1400
1787158511,347.1100,347.1100,347.0850,347.0850
1787158513,347.0600,347.0600,347.0600,347.0600
1787158515,347.1000,347.1000,347.1000,347.1000
1787158517,347.0700,347.0700,347.0700,347.0700
1787158518,347.0600,347.0600,347.0600,347.0600
1787158520,347.0800,347.1050,347.0800,347.1050
1787158521,347.1400,347.1400,347.1400,347.1400
1787158524,347.1600,347.1600,347.1600,347.1600
1787158527,347.1400,347.1400,347.1400,347.1400
1787158529,347.1700,347.2000,347.1700,347.2000
1787158530,347.2200,347.3100,347.2200,347.3100
1787158533,347.3000,347.3000,347.3000,347.3000
1787158536,347.2800,347.2800,347.2800,347.2800
1787158537,347.2600,347.2600,347.2600,347.2600
1787158538,347.2700,347.2700,347.2600,347.2600
1787158540,347.2300,347.2300,347.2300,347.2300
1787158543,347.2100,347.2100,347.2000,347.2000
1787158544,347.2000,347.2000,347.2000,347.2000
1787158546,347.1900,347.1900,347.1800,347.1800
1787158547,347.2100,347.2150,347.2100,347.2150
1787158548,347.2000,347.2000,347.2000,347.2000
1787158549,347.2100,347.2300,347.2100,347.2300
1787158550,347.2300,347.2300,347.2300,347.2300
1787158553,347.2500,347.2600,347.2500,347.2600
1787158556,347.2900,347.2900,347.2900,347.2900
1787158561,347.3000,347.3100,347.3000,347.3100
1787158562,347.3300,347.3400,347.3300,347.3400
1787158563,347.3200,347.3200,347.2900,347.2900
1787158565,347.2900,347.2900,347.2900,347.2900
1787158567,347.2900,347.2900,347.2600,347.2600
1787158568,347.2800,347.2950,347.2800,347.2950
1787158570,347.2700,347.2700,347.2700,347.2700
1787158571,347.2950,347.3600,347.2950,347.3600
1787158573,347.3500,347.3500,347.3200,347.3200
1787158574,347.3300,347.3300,347.3300,347.3300
1787158575,347.3300,347.3300,347.3100,347.3300
1787158576,347.3600,347.3700,347.3500,347.3600
1787158579,347.3600,347.3600,347.3500,347.3500
1787158581,347.3800,347.4200,347.3800,347.3950
1787158583,347.3800,347.3800,347.3600,347.3650
1787158585,347.3200,347.3200,347.3000,347.3000
1787158586,347.3100,347.3100,347.3000,347.3000
1787158588,347.2700,347.2700,347.1700,347.1900
1787158590,347.2250,347.2250,347.2250,347.2250
1787158591,347.2250,347.2250,347.2250,347.2250
1787158593,347.2300,347.2300,347.2300,347.2300
1787158594,347.2300,347.2300,347.2300,347.2300
1787158596,347.2600,347.2600,347.2600,347.2600
1787158598,347.2800,347.3000,347.2800,347.3000
1787158599,347.3000,347.3000,347.3000,347.3000
1787158601,347.2900,347.2900,347.2900,347.2900
1787158604,347.2600,347.2600,347.2500,347.2500
1787158605,347.2500,347.2500,347.2300,347.2300
1787158606,347.2300,347.2300,347.2200,347.2200
1787158610,347.2600,347.2800,347.2600,347.2700
1787158612,347.2800,347.2800,347.2800,347.2800
1787158613,347.2800,347.2800,347.2800,347.2800
1787158614,347.3000,347.3800,347.3000,347.3600
1787158616,347.3800,347.4200,347.3800,347.4200
1787158617,347.4200,347.4200,347.4000,347.4000
1787158620,347.4000,347.4000,347.4000,347.4000
1787158621,347.4200,347.4200,347.4200,347.4200
1787158626,347.4200,347.4200,347.4200,347.4200
1787158627,347.4100,347.4100,347.4100,347.4100
1787158628,347.4300,347.4500,347.4300,347.4300
1787158630,347.4000,347.4000,347.3600,347.3600
1787158635,347.3400,347.3400,347.2700,347.2700
1787158636,347.2600,347.2600,347.2500,347.2500
1787158639,347.2700,347.2700,347.2700,347.2700
1787158640,347.2900,347.3000,347.2900,347.3000
1787158641,347.3500,347.3800,347.3500,347.3700
1787158642,347.3900,347.3900,347.3900,347.3900
1787158645,347.3700,347.3700,347.3700,347.3700
1787158646,347.3700,347.3700,347.3700,347.3700
1787158650,347.3700,347.3900,347.3700,347.3900
1787158653,347.3600,347.3600,347.3600,347.3600
1787158656,347.4000,347.4100,347.4000,347.4100
1787158657,347.4200,347.4200,347.4100,347.4100
1787158658,347.4200,347.4200,347.4200,347.4200
1787158659,347.4000,347.4000,347.3300,347.3300
1787158660,347.2800,347.2800,347.2800,347.2800
1787158661,347.2700,347.2700,347.2450,347.2700
1787158663,347.2450,347.3200,347.2450,347.3200
1787158666,347.2900,347.2900,347.2900,347.2900
1787158667,347.2700,347.2700,347.2700,347.2700
1787158669,347.2700,347.2700,347.2500,347.2500
1787158670,347.2300,347.2300,347.1700,347.1700
1787158671,347.1600,347.1600,347.1500,347.1500
1787158672,347.1400,347.1700,347.1400,347.1700
1787158674,347.2600,347.2900,347.2600,347.2900
1787158677,347.2400,347.2400,347.2200,347.2200
1787158678,347.2500,347.2500,347.2500,347.2500
1787158680,347.2200,347.2200,347.2000,347.2000
1787158683,347.2200,347.2300,347.2200,347.2300
1787158684,347.2500,347.3000,347.2500,347.3000
1787158685,347.2900,347.2900,347.2900,347.2900
1787158691,347.3000,347.3000,347.3000,347.3000
1787158694,347.2900,347.2900,347.2900,347.2900
1787158695,347.2800,347.2800,347.2700,347.2800
1787158696,347.2900,347.2900,347.2700,347.2700
1787158698,347.2500,347.2500,347.2500,347.2500
1787158700,347.2500,347.2500,347.2500,347.2500
1787158704,347.2000,347.2000,347.1300,347.1300
1787158708,347.1100,347.1100,347.1100,347.1100
1787158709,347.1300,347.1300,347.1300,347.1300
1787158710,347.1300,347.1300,347.1300,347.1300
1787158711,347.1300,347.1500,347.1300,347.1500
1787158712,347.1600,347.1600,347.1600,347.1600
1787158716,347.2000,347.2400,347.2000,347.2000
1787158717,347.1900,347.1900,347.1900,347.1900
1787158718,347.1700,347.1700,347.1600,347.1600
1787158719,347.1600,347.2200,347.1600,347.2200
1787158721,347.1600,347.1600,347.1600,347.1600
1787158723,347.1600,347.1600,347.1600,347.1600
1787158724,347.1600,347.1700,347.1600,347.1700
1787158728,347.1500,347.1500,347.1500,347.1500
1787158729,347.1200,347.1200,347.1200,347.1200
1787158733,347.1450,347.1500,347.1450,347.1500
1787158735,347.1700,347.1700,347.1700,347.1700
1787158737,347.2000,347.2300,347.2000,347.2300
1787158744,347.2000,347.2100,347.2000,347.2100
1787158745,347.2050,347.2300,347.2050,347.2300
1787158749,347.2050,347.2050,347.2050,347.2050
1787158752,347.2000,347.2000,347.2000,347.2000
1787158756,347.1800,347.1800,347.1800,347.1800
1787158757,347.1700,347.1700,347.1600,347.1600
1787158758,347.1500,347.1500,347.1100,347.1100
1787158761,347.1300,347.1300,347.1300,347.1300
1787158762,347.1400,347.1400,347.1400,347.1400
1787158765,347.1700,347.1800,347.1700,347.1800
1787158767,347.1700,347.1800,347.1700,347.1800
1787158769,347.1900,347.1900,347.1900,347.1900
1787158770,347.1900,347.1900,347.1900,347.1900
1787158771,347.2000,347.2400,347.2000,347.2400
1787158773,347.2500,347.2500,347.2500,347.2500
1787158777,347.2300,347.2300,347.2300,347.2300
1787158780,347.2500,347.2500,347.2500,347.2500
1787158782,347.2700,347.2800,347.2700,347.2800
1787158784,347.2800,347.2800,347.2700,347.2700
1787158788,347.2700,347.2700,347.2600,347.2600
1787158789,347.2900,347.3000,347.2900,347.2900
1787158790,347.3300,347.3600,347.3200,347.3200
1787158793,347.3300,347.3300,347.3300,347.3300
1787158794,347.3500,347.3700,347.3500,347.3700
1787158795,347.3400,347.3400,347.3400,347.3400
1787158796,347.3300,347.3300,347.3100,347.3100
1787158797,347.3300,347.3300,347.3300,347.3300
1787158799,347.3000,347.3000,347.2700,347.2700
1787158800,347.2600,347.2600,347.2600,347.2600
1787158801,347.2900,347.2900,347.2900,347.2900
1787158803,347.2850,347.2850,347.2850,347.2850
1787158804,347.3100,347.3300,347.3000,347.3300
1787158805,347.2800,347.2800,347.2800,347.2800
1787158806,347.2700,347.2700,347.2700,347.2700
1787158807,347.2500,347.2700,347.2500,347.2700
1787158810,347.2500,347.2500,347.2100,347.2100
1787158813,347.2500,347.2500,347.2500,347.2500
1787158816,347.2500,347.2550,347.2500,347.2550
1787158818,347.2550,347.2550,347.2550,347.2550
1787158820,347.2550,347.2900,347.2550,347.2900
1787158821,347.3150,347.3600,347.3150,347.3600
1787158823,347.3600,347.3700,347.3600,347.3700
1787158824,347.3700,347.3700,347.3700,347.3700
1787158825,347.3800,347.3800,347.3800,347.3800
1787158826,347.4100,347.4100,347.4100,347.4100
1787158827,347.4400,347.4600,347.4400,347.4600
1787158828,347.4300,347.4300,347.4300,347.4300
1787158831,347.4200,347.4200,347.4200,347.4200
1787158832,347.4700,347.5100,347.4700,347.5100
1787158833,347.4800,347.4800,347.4700,347.4700
1787158834,347.5100,347.5100,347.5100,347.5100
1787158835,347.5100,347.5100,347.5100,347.5100
1787158838,347.5400,347.5400,347.5400,347.5400
1787158839,347.5100,347.5100,347.5100,347.5100
1787158841,347.5150,347.5150,347.4900,347.4900
1787158844,347.4800,347.4900,347.4700,347.4900
1787158845,347.5000,347.5000,347.4950,347.4950
1787158848,347.5100,347.5200,347.5100,347.5200
1787158849,347.5150,347.5150,347.5100,347.5100
1787158850,347.5000,347.5000,347.5000,347.5000
1787158851,347.4850,347.4850,347.4850,347.4850
1787158852,347.4900,347.5000,347.4900,347.5000
1787158855,347.5000,347.5100,347.5000,347.5100
1787158860,347.4800,347.4900,347.4000,347.4000
1787158865,347.4300,347.4400,347.4300,347.4400
1787158867,347.4300,347.4300,347.4100,347.4200
1787158868,347.4200,347.4500,347.4200,347.4500
1787158869,347.4500,347.4800,347.4500,347.4800
1787158871,347.4800,347.4900,347.4800,347.4900
1787158874,347.4700,347.4700,347.4700,347.4700
1787158875,347.4800,347.5000,347.4600,347.4600
1787158878,347.4600,347.4600,347.4500,347.4500
1787158879,347.4250,347.4250,347.4250,347.4250
1787158880,347.4150,347.4300,347.4150,347.4300
1787158881,347.4600,347.5000,347.4600,347.4900
1787158883,347.4500,347.4500,347.4100,347.4100
1787158885,347.4400,347.4400,347.4400,347.4400
1787158888,347.4100,347.4100,347.3700,347.3700
1787158889,347.3800,347.4300,347.3800,347.4300
1787158893,347.3900,347.3900,347.3900,347.3900
1787158894,347.4000,347.4600,347.4000,347.4600
1787158895,347.4450,347.4450,347.4000,347.4000
1787158896,347.3400,347.3500,347.3200,347.3200
1787158902,347.3300,347.3300,347.3000,347.3000
1787158904,347.2600,347.2600,347.2600,347.2600
1787158905,347.2700,347.2700,347.2700,347.2700
1787158906,347.2600,347.2600,347.2600,347.2600
1787158908,347.2800,347.2800,347.2800,347.2800
1787158919,347.3400,347.3400,347.3400,347.3400
1787158921,347.3500,347.3500,347.3500,347.3500
1787158922,347.3500,347.3500,347.3300,347.3300
1787158923,347.3300,347.3300,347.3300,347.3300
1787158925,347.3100,347.3100,347.3100,347.3100
1787158927,347.3000,347.3000,347.2800,347.2800
1787158928,347.2900,347.2900,347.2900,347.2900
1787158929,347.2850,347.2850,347.2850,347.2850
1787158930,347.2800,347.2800,347.2800,347.2800
1787158932,347.2600,347.2600,347.2100,347.2100
1787158933,347.2350,347.2350,347.2350,347.2350
1787158934,347.2350,347.2350,347.2350,347.2350
1787158936,347.2350,347.2600,347.2350,347.2600
1787158938,347.2300,347.2300,347.2300,347.2300
1787158941,347.2000,347.2200,347.1800,347.2000
1787158943,347.2200,347.2500,347.2200,347.2500
1787158944,347.2400,347.2400,347.2400,347.2400
1787158945,347.2800,347.2800,347.2800,347.2800
1787158948,347.2800,347.3100,347.2800,347.3100
1787158950,347.3400,347.3600,347.3400,347.3600
1787158951,347.3900,347.3900,347.3900,347.3900
1787158952,347.4000,347.4000,347.4000,347.4000
1787158953,347.4000,347.4000,347.4000,347.4000
1787158956,347.3700,347.3700,347.3700,347.3700
1787158960,347.3000,347.3000,347.3000,347.3000
1787158961,347.2700,347.2700,347.2500,347.2500
1787158962,347.2700,347.2700,347.2700,347.2700
1787158964,347.2400,347.2400,347.2400,347.2400
1787158968,347.2400,347.2400,347.2400,347.2400
1787158970,347.2100,347.2100,347.1900,347.1900
1787158974,347.1600,347.1600,347.1300,347.1350
1787158975,347.1400,347.1400,347.1400,347.1400
1787158978,347.1300,347.1300,347.1300,347.1300
1787158982,347.1350,347.1350,347.1350,347.1350
1787158983,347.1400,347.1600,347.1400,347.1600
1787158984,347.1700,347.1800,347.1700,347.1800
1787158986,347.1700,347.1700,347.1700,347.1700
1787158987,347.1700,347.1700,347.1700,347.1700
1787158989,347.1300,347.1300,347.1000,347.1100
1787158990,347.1300,347.1300,347.1300,347.1300
1787158992,347.1000,347.1000,347.1000,347.1000
1787158993,347.1050,347.1050,347.1050,347.1050
1787158995,347.1000,347.1000,347.0600,347.0600
1787158996,347.0200,347.0200,346.9700,346.9800
1787158998,347.0300,347.0700,347.0300,347.0700
1787159000,347.0500,347.0500,347.0500,347.0500
1787159009,347.0400,347.0400,347.0400,347.0400
1787159011,347.0100,347.0100,347.0000,347.0000
1787159012,346.9600,346.9700,346.9400,346.9500
1787159014,346.9500,346.9500,346.9500,346.9500
1787159016,346.9600,346.9700,346.9600,346.9700
1787159018,346.9500,346.9500,346.9500,346.9500
1787159020,346.9400,346.9400,346.9400,346.9400
1787159021,346.9700,346.9700,346.9550,346.9700
1787159023,346.9600,346.9800,346.9550,346.9550
1787159024,346.9550,347.0000,346.9550,347.0000
1787159026,347.0000,347.0000,347.0000,347.0000
1787159027,347.0000,347.0200,347.0000,347.0000
1787159028,347.0400,347.0700,347.0400,347.0700
1787159029,347.0800,347.0800,347.0800,347.0800
1787159031,347.0800,347.0800,347.0700,347.0800
1787159036,347.0700,347.0800,347.0700,347.0800
1787159037,347.0600,347.0600,347.0600,347.0600
1787159039,347.0900,347.0900,347.0700,347.0700
1787159040,347.0300,347.0300,347.0000,347.0000
1787159041,346.9900,346.9900,346.9900,346.9900
1787159042,346.9700,346.9700,346.9700,346.9700
1787159043,346.9600,346.9600,346.9600,346.9600
1787159044,346.9900,347.0000,346.9700,346.9700
1787159045,346.9700,346.9700,346.9700,346.9700
1787159047,346.9900,346.9900,346.9900,346.9900
1787159050,346.9600,346.9600,346.9600,346.9600
1787159052,346.9300,346.9300,346.9300,346.9300
1787159053,346.9000,346.9000,346.8600,346.8700
1787159054,346.8700,346.8700,346.8600,346.8600
1787159055,346.8600,346.8800,346.8600,346.8800
1787159056,346.8600,346.8700,346.8600,346.8700
1787159057,346.8600,346.8600,346.8500,346.8500
1787159058,346.8500,346.8500,346.8500,346.8500
1787159060,346.8500,346.8500,346.8500,346.8500
1787159061,346.8000,346.8000,346.7900,346.7900
1787159063,346.7900,346.7900,346.7900,346.7900
1787159064,346.7800,346.7800,346.7800,346.7800
1787159065,346.7700,346.7900,346.7600,346.7900
1787159071,346.7400,346.7400,346.7300,346.7300
1787159072,346.7200,346.7200,346.7000,346.7000
1787159073,346.7100,346.7100,346.7100,346.7100
1787159078,346.6600,346.6600,346.6500,346.6500
1787159079,346.6300,346.6400,346.6200,346.6400
1787159080,346.6500,346.6500,346.6500,346.6500
1787159081,346.6600,346.6900,346.6600,346.6900
1787159083,346.7100,346.7200,346.7100,346.7200
1787159084,346.7300,346.7300,346.7100,346.7100
1787159085,346.7300,346.7300,346.7100,346.7100
1787159086,346.7100,346.7100,346.7100,346.7100
1787159089,346.7100,346.7100,346.7100,346.7100
1787159090,346.7300,346.7300,346.7300,346.7300
1787159091,346.7200,346.7200,346.7200,346.7200
1787159093,346.7000,346.7000,346.7000,346.7000
1787159096,346.7300,346.7500,346.7300,346.7500
1787159098,346.7350,346.7350,346.7350,346.7350
1787159099,346.7400,346.7600,346.7400,346.7600
1787159100,346.7600,346.8200,346.7600,346.8200
1787159106,346.8700,346.9300,346.8700,346.9300
1787159108,346.9100,346.9100,346.9000,346.9000
1787159109,346.8900,346.8900,346.8900,346.8900
1787159112,346.8600,346.8600,346.8600,346.8600
1787159114,346.8800,346.8800,346.8800,346.8800
1787159118,346.8750,346.9000,346.8750,346.9000
1787159120,346.8800,346.9000,346.8800,346.9000
1787159123,346.8400,346.8400,346.8400,346.8400
1787159125,346.8400,346.8400,346.8400,346.8400
1787159127,346.8400,346.8600,346.8400,346.8600
1787159131,346.8600,346.8600,346.8600,346.8600
1787159132,346.8600,346.8600,346.8600,346.8600
1787159134,346.8650,346.8650,346.8650,346.8650
1787159136,346.8600,346.8600,346.8600,346.8600
1787159138,346.8650,346.8650,346.8650,346.8650
1787159139,346.8650,346.8800,346.8650,346.8800
1787159140,346.8900,346.8900,346.8900,346.8900
1787159141,346.9200,346.9200,346.9200,346.9200
1787159142,346.9200,346.9200,346.9200,346.9200
1787159146,346.9200,346.9200,346.9200,346.9200
1787159147,346.9100,346.9100,346.9100,346.9100
1787159148,346.9100,346.9550,346.9100,346.9550
1787159152,347.0000,347.0400,347.0000,347.0000
1787159153,347.0100,347.0100,347.0100,347.0100
1787159154,347.0200,347.0200,347.0000,347.0000
1787159155,346.9900,347.0000,346.9900,347.0000
1787159158,346.9700,346.9700,346.9300,346.9300
1787159159,346.9400,346.9400,346.9400,346.9400
1787159162,346.9300,346.9300,346.9300,346.9300
1787159163,346.9200,346.9200,346.8400,346.8500
1787159165,346.8300,346.8300,346.8000,346.8000
1787159167,346.8300,346.8300,346.8300,346.8300
1787159168,346.8500,346.8700,346.8500,346.8700
1787159170,346.8600,346.8600,346.8600,346.8600
1787159171,346.8500,346.8500,346.8400,346.8400
1787159173,346.8250,346.8250,346.8250,346.8250
1787159180,346.8800,346.8800,346.8800,346.8800
1787159181,346.8800,346.8800,346.8800,346.8800
1787159182,346.8500,346.8500,346.8300,346.8500
1787159185,346.8100,346.8100,346.8000,346.8000
1787159186,346.7900,346.7900,346.7700,346.7900
1787159187,346.8200,346.8200,346.8200,346.8200
1787159189,346.8600,346.8600,346.8600,346.8600
1787159191,346.8500,346.8500,346.8500,346.8500
1787159195,346.8300,346.8300,346.8300,346.8300
1787159198,346.8100,346.8100,346.7700,346.7700
1787159199,346.7700,346.7700,346.7700,346.7700
1787159201,346.7600,346.7800,346.7600,346.7800
1787159202,346.7600,346.7750,346.7600,346.7750
1787159203,346.7600,346.7600,346.7500,346.7600
1787159206,346.7500,346.7600,346.7500,346.7600
1787159207,346.7800,346.7800,346.7800,346.7800
1787159210,346.7500,346.7500,346.7400,346.7400
1787159211,346.7100,346.7100,346.6900,346.6900
1787159212,346.6900,346.6950,346.6900,346.6950
1787159215,346.6700,346.6700,346.6700,346.6700
1787159219,346.6900,346.6900,346.6800,346.6800
1787159224,346.6600,346.6600,346.6600,346.6600
1787159226,346.6800,346.6900,346.6800,346.6900
1787159229,346.6500,346.6500,346.6500,346.6500
1787159231,346.6600,346.7100,346.6600,346.6700
1787159233,346.6800,346.6800,346.6800,346.6800
1787159236,346.6850,346.6850,346.6850,346.6850
1787159238,346.7200,346.7200,346.7200,346.7200
1787159240,346.6500,346.6500,346.6500,346.6500
1787159241,346.6200,346.6200,346.5600,346.5600
1787159244,346.5800,346.5800,346.5800,346.5800
1787159245,346.5700,346.5700,346.5700,346.5700
1787159247,346.6000,346.6000,346.6000,346.6000
1787159248,346.5800,346.5800,346.5500,346.5500
1787159249,346.5600,346.5700,346.5600,346.5700
1787159253,346.6000,346.6000,346.6000,346.6000
1787159264,346.5800,346.5800,346.5600,346.5600
1787159269,346.5600,346.5600,346.5400,346.5400
1787159270,346.5500,346.5500,346.5500,346.5500
1787159271,346.5600,346.5800,346.5600,346.5800
1787159272,346.5600,346.5600,346.5600,346.5600
1787159273,346.5400,346.5400,346.5400,346.5400
1787159275,346.5300,346.5400,346.4800,346.5400
1787159277,346.5700,346.5700,346.5700,346.5700
1787159279,346.5600,346.5600,346.5600,346.5600
1787159284,346.5800,346.5800,346.5800,346.5800
1787159286,346.5650,346.5900,346.5650,346.5900
1787159288,346.6000,346.6500,346.6000,346.6500
1787159289,346.6400,346.6400,346.6400,346.6400
1787159292,346.6600,346.7100,346.6600,346.7100
1787159293,346.7300,346.7300,346.7300,346.7300
1787159296,346.7600,346.7600,346.7600,346.7600
1787159297,346.8000,346.8200,346.8000,346.8200
1787159299,346.8500,346.8700,346.8500,346.8700
1787159300,346.9000,346.9000,346.9000,346.9000
1787159301,346.9300,346.9300,346.9300,346.9300
1787159303,346.9100,346.9100,346.9100,346.9100
1787159306,346.8700,346.8700,346.8700,346.8700
1787159310,346.8400,346.8400,346.8400,346.8400
1787159312,346.8500,346.8500,346.8500,346.8500
1787159313,346.8500,346.8800,346.8500,346.8800
1787159316,346.8300,346.8300,346.8300,346.8300
1787159317,346.8500,346.8500,346.8500,346.8500
1787159322,346.7700,346.7700,346.7700,346.7700
1787159324,346.7400,346.7400,346.7400,346.7400
1787159331,346.7200,346.7200,346.7200,346.7200
1787159332,346.7000,346.7000,346.7000,346.7000
1787159339,346.7100,346.7100,346.7100,346.7100
1787159340,346.7200,346.7300,346.7200,346.7300
1787159341,346.7000,346.7000,346.7000,346.7000
1787159342,346.6500,346.6500,346.6400,346.6400
1787159344,346.6200,346.6200,346.6200,346.6200
1787159347,346.6700,346.7300,346.6700,346.7300
1787159349,346.7000,346.7000,346.7000,346.7000
1787159354,346.6000,346.6000,346.6000,346.6000
1787159356,346.5800,346.5800,346.5800,346.5800
1787159357,346.5500,346.5500,346.5500,346.5500
1787159361,346.5300,346.5600,346.5300,346.5300
1787159363,346.5900,346.5900,346.5500,346.5500
1787159371,346.6000,346.6500,346.6000,346.6500
1787159380,346.6750,346.6750,346.6700,346.6700
1787159382,346.6600,346.6600,346.5900,346.5900
1787159390,346.6400,346.7000,346.6400,346.7000
1787159395,346.6750,346.6750,346.6750,346.6750
1787159398,346.6300,346.6300,346.6200,346.6200
1787159399,346.6500,346.6600,346.6500,346.6600
1787159400,346.7200,346.7200,346.7200,346.7200
1787159402,346.7300,346.7300,346.7300,346.7300
1787159404,346.7500,346.7500,346.7500,346.7500
1787159405,346.7100,346.7100,346.6700,346.6700
1787159406,346.7100,346.7100,346.7100,346.7100
1787159411,346.7200,346.7400,346.7200,346.7400
1787159416,346.7600,346.7900,346.7600,346.7900
1787159418,346.8200,346.8300,346.8200,346.8300
1787159422,346.8600,346.9000,346.8600,346.9000
1787159424,346.9000,346.9000,346.9000,346.9000
1787159426,346.8600,346.8600,346.5700,346.6300
1787159429,346.7100,346.7100,346.7100,346.7100
1787159430,346.7100,346.7100,346.7100,346.7100
1787159433,346.6800,346.6950,346.6700,346.6950
1787159434,346.7050,346.7050,346.7050,346.7050
1787159435,346.7000,346.7000,346.6500,346.6500
1787159439,346.6700,346.6700,346.6600,346.6700
1787159440,346.6700,346.6900,346.6700,346.6900
1787159441,346.6800,346.6800,346.6800,346.6800
1787159442,346.6900,346.7000,346.6900,346.7000
1787159450,346.6700,346.6700,346.6700,346.6700
1787159458,346.6800,346.6800,346.6800,346.6800
1787159460,346.6600,346.6600,346.6400,346.6500
1787159461,346.6500,346.6500,346.6000,346.6100
1787159462,346.5900,346.5900,346.5900,346.5900
1787159463,346.5900,346.5900,346.5900,346.5900
1787159465,346.6100,346.6400,346.6100,346.6400
1787159466,346.6300,346.6300,346.6100,346.6100
1787159468,346.6000,346.6000,346.6000,346.6000
1787159470,346.5850,346.5850,346.5850,346.5850
1787159471,346.5900,346.5900,346.5900,346.5900
1787159472,346.5800,346.5900,346.5800,346.5850
1787159473,346.5850,346.5900,346.5850,346.5850
1787159474,346.5900,346.5900,346.5900,346.5900
1787159477,346.5900,346.5900,346.5900,346.5900
1787159478,346.6000,346.6000,346.6000,346.6000
1787159480,346.6100,346.6100,346.6100,346.6100
1787159482,346.6200,346.6250,346.6200,346.6250
1787159483,346.6250,346.6250,346.6200,346.6200
1787159484,346.6000,346.6000,346.6000,346.6000
1787159486,346.5800,346.5900,346.5800,346.5900
1787159489,346.5700,346.5700,346.5700,346.5700
1787159490,346.5500,346.5500,346.5300,346.5350
1787159496,346.5450,346.5450,346.5450,346.5450
1787159497,346.5450,346.5450,346.5450,346.5450
1787159498,346.5450,346.5800,346.5450,346.5700
1787159503,346.5650,346.5650,346.5650,346.5650
1787159504,346.5600,346.5600,346.5600,346.5600
1787159505,346.5300,346.5400,346.5300,346.5400
1787159510,346.5300,346.5300,346.5300,346.5300
1787159514,346.5200,346.5300,346.5200,346.5300
1787159515,346.5300,346.5500,346.5300,346.5500
1787159516,346.5300,346.5300,346.5300,346.5300
1787159518,346.5500,346.5500,346.5500,346.5500
1787159519,346.5700,346.6100,346.5700,346.6100
1787159522,346.6300,346.6700,346.6200,346.6700
1787159523,346.6900,346.6900,346.6900,346.6900
1787159524,346.6500,346.6500,346.6300,346.6500
1787159527,346.6750,346.6750,346.6750,346.6750
1787159531,346.6750,346.6750,346.6750,346.6750
1787159537,346.6500,346.6500,346.6300,346.6400
1787159546,346.6600,346.6600,346.6600,346.6600
1787159547,346.6500,346.6500,346.6400,346.6400
1787159548,346.6400,346.6400,346.6300,346.6300
1787159549,346.6200,346.6200,346.5200,346.5200
1787159553,346.6100,346.6500,346.6100,346.6500
1787159554,346.6750,346.6750,346.6750,346.6750
1787159555,346.6700,346.6700,346.6700,346.6700
1787159556,346.6900,346.6900,346.6700,346.6700
1787159557,346.6600,346.6600,346.6300,346.6300
1787159559,346.6500,346.6600,346.6500,346.6600
1787159560,346.6600,346.6600,346.6600,346.6600
1787159562,346.6400,346.6400,346.6400,346.6400
1787159564,346.6600,346.6700,346.6600,346.6700
1787159568,346.6600,346.6600,346.6500,346.6500
1787159570,346.6700,346.6700,346.6700,346.6700
1787159571,346.6800,346.7500,346.6800,346.6900
1787159572,346.7600,346.7600,346.7600,346.7600
1787159575,346.7600,346.7600,346.7600,346.7600
1787159576,346.7600,346.7600,346.7600,346.7600
1787159578,346.7600,346.7600,346.7600,346.7600
1787159580,346.7600,346.7600,346.7500,346.7500
1787159581,346.7500,346.7500,346.7500,346.7500
1787159582,346.7500,346.7500,346.7500,346.7500
1787159585,346.7500,346.8000,346.7500,346.8000
1787159590,346.8400,346.8400,346.8200,346.8200
1787159594,346.8600,346.8600,346.8600,346.8600
1787159598,346.8500,346.8900,346.8500,346.8900
1787159600,346.8850,346.8850,346.8850,346.8850
1787159603,346.8900,346.9000,346.8900,346.9000
1787159605,346.8800,346.8800,346.8700,346.8700
1787159607,346.9000,346.9100,346.9000,346.9100
1787159608,346.8950,346.8950,346.8950,346.8950
1787159611,346.9200,346.9200,346.9200,346.9200
1787159613,346.9100,346.9100,346.9100,346.9100
1787159614,346.9000,346.9300,346.9000,346.9200
1787159615,346.9000,346.9000,346.8700,346.8700
1787159616,346.8850,346.8850,346.8850,346.8850
1787159617,346.8500,346.8500,346.8500,346.8500
1787159618,346.8500,346.8500,346.8400,346.8400
1787159619,346.8200,346.8200,346.7600,346.7600
1787159622,346.7200,346.7200,346.7100,346.7100
1787159625,346.7900,346.7900,346.7900,346.7900
1787159631,346.7900,346.7900,346.7900,346.7900
1787159638,346.7400,346.7400,346.7400,346.7400
1787159648,346.7900,346.7900,346.7800,346.7800
1787159653,346.7400,346.7400,346.7400,346.7400
1787159654,346.7300,346.7300,346.7300,346.7300
1787159660,346.7000,346.7000,346.6800,346.6800
1787159670,346.6900,346.7300,346.6900,346.7300
1787159671,346.7300,346.7300,346.6800,346.7300
1787159681,346.6900,346.6900,346.6800,346.6800
1787159682,346.7150,346.7150,346.7150,346.7150
1787159683,346.6900,346.7100,346.6900,346.7100
1787159684,346.6700,346.6700,346.6700,346.6700
1787159685,346.6800,346.7000,346.6700,346.7000
1787159688,346.7000,346.7100,346.7000,346.7100
1787159689,346.7000,346.7000,346.6900,346.6900
1787159690,346.6700,346.6700,346.5600,346.5600
1787159694,346.5600,346.5700,346.5450,346.5700
1787159697,346.5650,346.5650,346.5600,346.5600
1787159699,346.5600,346.5600,346.5500,346.5500
1787159700,346.5800,346.6500,346.5800,346.6500
1787159701,346.6500,346.6500,346.6500,346.6500
1787159702,346.6550,346.6600,346.6550,346.6600
1787159703,346.6600,346.7300,346.6600,346.7300
1787159705,346.7300,346.7300,346.7300,346.7300
1787159706,346.7000,346.7000,346.7000,346.7000
1787159710,346.7400,346.7400,346.7400,346.7400
1787159711,346.7300,346.7300,346.7300,346.7300
1787159713,346.7100,346.7100,346.7100,346.7100
1787159715,346.7000,346.7000,346.7000,346.7000
1787159716,346.7300,346.7600,346.7300,346.7600
1787159718,346.7900,346.8000,346.7900,346.7950
1787159719,346.7950,346.7950,346.7950,346.7950
1787159725,346.8200,346.8400,346.8000,346.8000
1787159730,346.8200,346.8200,346.8100,346.8100
1787159731,346.8150,346.8150,346.8150,346.8150
1787159734,346.8300,346.8300,346.8300,346.8300
1787159735,346.8500,346.8600,346.8500,346.8600
1787159740,346.8700,346.8700,346.8700,346.8700
1787159743,346.8700,346.8700,346.8700,346.8700
1787159745,346.8800,346.9000,346.8800,346.9000
1787159750,346.8900,346.8900,346.8900,346.8900
1787159751,346.8800,346.8800,346.8700,346.8700
1787159752,346.8600,346.8700,346.8300,346.8500
1787159753,346.8300,346.8300,346.8300,346.8300
1787159756,346.8900,346.9000,346.8900,346.9000
1787159758,346.8800,346.8800,346.8600,346.8600
1787159760,346.8700,346.8700,346.8700,346.8700
1787159763,346.8800,346.9000,346.8800,346.9000
1787159764,346.8950,346.8950,346.8950,346.8950
1787159765,346.9100,346.9100,346.8800,346.8800
1787159774,346.8450,346.8800,346.8450,346.8800
1787159775,346.9000,346.9100,346.8800,346.8800
1787159776,346.8900,346.8900,346.8800,346.8800
1787159778,346.8500,346.8500,346.8500,346.8500
1787159780,346.8300,346.8300,346.8300,346.8300
1787159784,346.8550,346.8550,346.8550,346.8550
1787159789,346.9200,346.9200,346.9200,346.9200
1787159790,346.9200,346.9200,346.9200,346.9200
1787159791,346.9300,346.9550,346.9300,346.9550
1787159792,346.9400,346.9400,346.9300,346.9300
1787159795,346.9300,346.9300,346.9100,346.9100
1787159800,346.9000,346.9000,346.8900,346.8900
1787159804,346.8900,346.8900,346.8700,346.8700
1787159807,346.8200,346.8200,346.8200,346.8200
1787159810,346.8800,346.9300,346.8800,346.9300
1787159811,346.9200,346.9200,346.9000,346.9000
1787159813,346.9300,346.9300,346.9300,346.9300
1787159814,346.9300,346.9300,346.9300,346.9300
1787159815,346.9600,346.9600,346.9600,346.9600
1787159818,346.9400,346.9800,346.9400,346.9800
1787159819,346.9900,347.0200,346.9900,347.0200
1787159820,347.0200,347.0200,347.0200,347.0200
1787159821,347.0200,347.0300,346.9900,347.0100
1787159822,346.9900,346.9900,346.9900,346.9900
1787159824,347.0300,347.0300,347.0300,347.0300
1787159825,347.0000,347.0000,346.9800,347.0000
1787159839,346.9800,346.9850,346.9700,346.9700
1787159842,346.9400,346.9400,346.9400,346.9400
1787159843,346.9400,346.9400,346.9300,346.9300
1787159845,346.9100,346.9200,346.9000,346.9200
1787159848,346.9300,346.9800,346.9300,346.9800
1787159849,346.9900,347.0100,346.9900,347.0100
1787159850,347.0300,347.0300,347.0000,347.0000
1787159855,346.9800,347.0000,346.9800,347.0000
1787159859,346.9900,346.9900,346.9900,346.9900
1787159865,346.9400,346.9400,346.9400,346.9400
1787159866,346.9700,346.9700,346.9700,346.9700
1787159871,346.9500,346.9500,346.9500,346.9500
1787159872,346.9200,346.9200,346.8800,346.8800
1787159874,346.9100,346.9200,346.9100,346.9200
1787159875,346.9100,346.9100,346.9100,346.9100
1787159878,346.9100,346.9100,346.9100,346.9100
1787159883,346.9300,346.9400,346.9300,346.9400
1787159884,346.9400,346.9400,346.9400,346.9400
1787159886,346.9450,346.9500,346.9000,346.9000
1787159890,346.9000,346.9000,346.8500,346.8500
1787159893,346.8800,346.8800,346.8800,346.8800
1787159895,346.8900,346.9200,346.8900,346.9200
1787159897,346.9500,346.9500,346.9500,346.9500
1787159898,346.9200,346.9200,346.9000,346.9000
1787159900,346.9250,346.9250,346.9250,346.9250
1787159903,346.9100,346.9100,346.9100,346.9100
1787159904,346.9000,346.9000,346.9000,346.9000
1787159905,346.8900,346.8900,346.8900,346.8900
1787159908,346.9000,346.9000,346.8800,346.8800
1787159910,346.8500,346.8500,346.8500,346.8500
1787159911,346.8900,346.8900,346.8600,346.8600
1787159913,346.8600,346.8600,346.8500,346.8500
1787159914,346.8500,346.8500,346.8400,346.8400
1787159915,346.8300,346.8300,346.8000,346.8200
1787159919,346.8350,346.8350,346.8000,346.8000
1787159921,346.8200,346.8200,346.8100,346.8100
1787159925,346.8400,346.8400,346.8400,346.8400
1787159926,346.8200,346.8200,346.7700,346.7700
1787159927,346.7700,346.7700,346.7500,346.7500
1787159931,346.7600,346.7600,346.7600,346.7600
1787159933,346.7300,346.7300,346.7000,346.7000
1787159940,346.6600,346.6700,346.6600,346.6700
1787159941,346.6600,346.6650,346.6600,346.6650
1787159942,346.6400,346.7000,346.6400,346.6900
1787159945,346.7400,346.7500,346.7400,346.7500
1787159947,346.7400,346.7500,346.7400,346.7500
1787159948,346.7300,346.7400,346.7300,346.7400
1787159949,346.7000,346.7000,346.6900,346.7000
1787159953,346.7400,346.7400,346.7400,346.7400
1787159956,346.7200,346.7200,346.7200,346.7200
1787159960,346.7500,346.7500,346.7200,346.7200
1787159962,346.7200,346.7200,346.7100,346.7100
1787159970,346.6900,346.6900,346.6600,346.6600
1787159972,346.6700,346.7300,346.6700,346.6900
1787159974,346.6900,346.7000,346.6800,346.7000
1787159977,346.6200,346.6200,346.6200,346.6200
1787159981,346.6350,346.6600,346.6350,346.6600
1787159982,346.6600,346.6600,346.6600,346.6600
1787159989,346.6300,346.6300,346.6200,346.6200
1787159992,346.6100,346.6100,346.6100,346.6100
1787159997,346.5950,346.6200,346.5950,346.6200
1787160002,346.6100,346.6100,346.6100,346.6100
1787160003,346.6100,346.6100,346.6100,346.6100
1787160004,346.6100,346.6100,346.6100,346.6100
1787160005,346.6300,346.6400,346.6300,346.6400
1787160009,346.6000,346.6000,346.5800,346.5800
1787160010,346.5800,346.5800,346.5800,346.5800
1787160013,346.5800,346.5900,346.5800,346.5800
1787160014,346.5700,346.5700,346.4900,346.4900
1787160015,346.4600,346.4600,346.4000,346.4000
1787160016,346.4300,346.4400,346.4300,346.4400
1787160017,346.4900,346.4900,346.4900,346.4900
1787160019,346.4400,346.4400,346.4400,346.4400
1787160020,346.4300,346.4300,346.4300,346.4300
1787160022,346.4700,346.4900,346.4500,346.4500
1787160023,346.4600,346.5400,346.4600,346.5400
1787160026,346.5300,346.5300,346.5300,346.5300
1787160027,346.5700,346.5800,346.5700,346.5800
1787160028,346.5900,346.6100,346.5900,346.6100
1787160029,346.6100,346.6100,346.6000,346.6000
1787160031,346.6200,346.6200,346.6200,346.6200
1787160032,346.6500,346.6600,346.6500,346.6500
1787160034,346.6600,346.7100,346.6600,346.7100
1787160035,346.7200,346.7500,346.7200,346.7500
1787160036,346.7300,346.7500,346.7300,346.7500
1787160038,346.7200,346.7200,346.7100,346.7100
1787160041,346.7500,346.7900,346.7500,346.7900
1787160043,346.7500,346.7500,346.7500,346.7500
1787160045,346.7850,346.7850,346.7850,346.7850
1787160047,346.7800,346.7800,346.7450,346.7450
1787160049,346.7700,346.7900,346.7600,346.7600
1787160050,346.7800,346.7800,346.7800,346.7800
1787160052,346.7300,346.7300,346.7300,346.7300
1787160059,346.7100,346.7300,346.7100,346.7300
1787160064,346.7200,346.7200,346.7200,346.7200
1787160065,346.7100,346.7100,346.6600,346.6800
1787160067,346.6600,346.6600,346.6500,346.6500
1787160069,346.6400,346.6400,346.6300,346.6300
1787160073,346.6350,346.6350,346.6350,346.6350
1787160074,346.6400,346.6400,346.6400,346.6400
1787160076,346.6400,346.6400,346.6400,346.6400
1787160078,346.6800,346.6900,346.6700,346.6700
1787160079,346.6700,346.6700,346.6700,346.6700
1787160082,346.6400,346.6400,346.6100,346.6100
1787160084,346.6050,346.6200,346.6050,346.6200
1787160085,346.6300,346.6400,346.6200,346.6200
1787160086,346.6500,346.6500,346.6500,346.6500
1787160089,346.6400,346.6400,346.6000,346.6000
1787160091,346.6000,346.6000,346.6000,346.6000
1787160092,346.5800,346.5800,346.5800,346.5800
1787160093,346.5500,346.5500,346.5500,346.5500
1787160095,346.5500,346.5900,346.5500,346.5900
1787160096,346.6000,346.6100,346.5800,346.5800
1787160098,346.6400,346.6600,346.6400,346.6600
1787160100,346.6400,346.6450,346.6400,346.6450
1787160103,346.6200,346.6200,346.6200,346.6200
1787160107,346.6150,346.6150,346.6150,346.6150
1787160109,346.6300,346.6400,346.6300,346.6400
1787160110,346.6300,346.6400,346.6000,346.6000
1787160111,346.6350,346.6400,346.6350,346.6400
1787160112,346.6100,346.6100,346.5000,346.5500
1787160119,346.5400,346.5400,346.5400,346.5400
1787160120,346.5100,346.5100,346.4800,346.4800
1787160122,346.4800,346.4800,346.4800,346.4800
1787160124,346.4800,346.5000,346.4800,346.5000
1787160125,346.5100,346.5100,346.5100,346.5100
1787160128,346.4700,346.5200,346.4700,346.5200
1787160132,346.4700,346.4700,346.4700,346.4700
1787160133,346.5000,346.5000,346.5000,346.5000
1787160134,346.4700,346.4700,346.4700,346.4700
1787160136,346.4700,346.4700,346.4700,346.4700
1787160137,346.5100,346.5300,346.5050,346.5050
1787160138,346.5050,346.5400,346.5050,346.5400
1787160142,346.5700,346.5800,346.5700,346.5800
1787160143,346.5800,346.5800,346.5800,346.5800
1787160146,346.5100,346.5100,346.5100,346.5100
1787160147,346.5100,346.5100,346.5100,346.5100
1787160149,346.5000,346.5000,346.5000,346.5000
1787160150,346.4700,346.4700,346.4600,346.4600
1787160155,346.4700,346.4700,346.4300,346.4300
1787160156,346.4300,346.4300,346.4000,346.4300
1787160157,346.4500,346.4600,346.4500,346.4600
1787160158,346.4500,346.4500,346.4500,346.4500
1787160161,346.4000,346.4000,346.3800,346.3800
1787160162,346.4000,346.4100,346.4000,346.4100
1787160165,346.4400,346.4400,346.4400,346.4400
1787160170,346.4150,346.4150,346.4150,346.4150
1787160171,346.4400,346.5100,346.4400,346.5100
1787160174,346.5300,346.5300,346.5300,346.5300
1787160176,346.5300,346.5300,346.5300,346.5300
1787160179,346.5500,346.5500,346.5500,346.5500
1787160180,346.5600,346.5800,346.5600,346.5600
1787160181,346.5500,346.5500,346.5400,346.5400
1787160183,346.5600,346.6000,346.5600,346.6000
1787160185,346.5600,346.5600,346.5600,346.5600
1787160187,346.5600,346.5600,346.5600,346.5600
1787160189,346.5500,346.5500,346.5500,346.5500
1787160191,346.5500,346.6000,346.5500,346.6000
1787160194,346.5900,346.5900,346.5900,346.5900
1787160206,346.5600,346.5600,346.4900,346.4900
1787160207,346.4800,346.4800,346.4800,346.4800
1787160208,346.4600,346.4600,346.4100,346.4100
1787160212,346.4350,346.4350,346.4350,346.4350
1787160213,346.4100,346.4100,346.4100,346.4100
1787160215,346.4350,346.5000,346.4350,346.5000
1787160217,346.4500,346.4500,346.4500,346.4500
1787160219,346.4600,346.4600,346.4600,346.4600
1787160221,346.4500,346.4500,346.4500,346.4500
1787160223,346.4200,346.4200,346.4200,346.4200
1787160224,346.4450,346.4800,346.4450,346.4600
1787160226,346.4550,346.4900,346.4550,346.4900
1787160227,346.5000,346.5000,346.5000,346.5000
1787160228,346.5000,346.5500,346.5000,346.5500
1787160230,346.5300,346.5300,346.5200,346.5200
1787160233,346.5200,346.5200,346.5200,346.5200
1787160234,346.5200,346.5200,346.5200,346.5200
1787160237,346.4200,346.4200,346.4000,346.4000
1787160240,346.4200,346.4200,346.4200,346.4200
1787160242,346.4100,346.4100,346.4000,346.4000
1787160243,346.4000,346.4000,346.4000,346.4000
1787160244,346.3800,346.4000,346.3800,346.4000
1787160245,346.3600,346.3600,346.3600,346.3600
1787160247,346.3800,346.3800,346.3800,346.3800
1787160248,346.3800,346.3800,346.3800,346.3800
1787160249,346.4000,346.4100,346.4000,346.4100
1787160251,346.4100,346.4100,346.3900,346.3900
1787160253,346.3800,346.3800,346.3700,346.3700
1787160255,346.3600,346.3600,346.3600,346.3600
1787160259,346.4000,346.4000,346.4000,346.4000
1787160261,346.3500,346.3500,346.3200,346.3200
1787160263,346.3500,346.3600,346.3500,346.3600
1787160264,346.3400,346.3400,346.3400,346.3400
1787160265,346.3400,346.3400,346.3400,346.3400
1787160267,346.3500,346.3600,346.3500,346.3500
1787160268,346.3400,346.3400,346.3300,346.3300
1787160269,346.3400,346.3400,346.3200,346.3200
1787160270,346.3000,346.3000,346.2800,346.3000
1787160271,346.2900,346.2900,346.2900,346.2900
1787160274,346.2600,346.2600,346.2600,346.2600
1787160275,346.2700,346.2700,346.2600,346.2700
1787160277,346.2700,346.2700,346.2700,346.2700
1787160278,346.2700,346.2700,346.2700,346.2700
1787160279,346.2700,346.2700,346.2700,346.2700
1787160280,346.2700,346.2700,346.2100,346.2100
1787160282,346.2300,346.2300,346.2200,346.2200
1787160283,346.2200,346.2600,346.2200,346.2600
1787160285,346.2500,346.2700,346.2500,346.2700
1787160286,346.2700,346.2700,346.2500,346.2700
1787160291,346.2400,346.2400,346.2400,346.2400
1787160292,346.2300,346.2300,346.2300,346.2300
1787160293,346.2450,346.2500,346.2450,346.2500
1787160294,346.2400,346.2400,346.2400,346.2400
1787160295,346.2400,346.2500,346.2400,346.2500
1787160296,346.2700,346.2700,346.2500,346.2500
1787160297,346.2650,346.2650,346.2650,346.2650
1787160300,346.2500,346.2500,346.2200,346.2200
1787160303,346.2200,346.2300,346.2200,346.2300
1787160304,346.2500,346.2700,346.2500,346.2700
1787160307,346.2800,346.3000,346.2800,346.3000
1787160308,346.3200,346.3250,346.3200,346.3250
1787160309,346.3400,346.4500,346.3400,346.4500
1787160310,346.4600,346.5000,346.4600,346.4800
1787160311,346.4900,346.4900,346.4800,346.4800
1787160313,346.4800,346.4900,346.4800,346.4900
1787160314,346.4900,346.4900,346.4500,346.4500
1787160316,346.4300,346.4300,346.4300,346.4300
1787160325,346.4500,346.4900,346.4500,346.4900
1787160328,346.4800,346.4800,346.4800,346.4800
1787160329,346.5000,346.5200,346.4800,346.4900
1787160332,346.5100,346.5300,346.5100,346.5300
1787160333,346.5300,346.5300,346.5300,346.5300
1787160335,346.5000,346.5000,346.4900,346.4900
1787160337,346.4500,346.4500,346.4500,346.4500
1787160340,346.4500,346.4500,346.4500,346.4500
1787160341,346.4400,346.4400,346.4400,346.4400
1787160342,346.4400,346.4400,346.4400,346.4400
1787160343,346.4500,346.4500,346.4500,346.4500
1787160344,346.4400,346.4750,346.4400,346.4750
1787160345,346.4900,346.5300,346.4900,346.5300
1787160347,346.5300,346.5300,346.5300,346.5300
1787160348,346.5600,346.5700,346.5600,346.5700
1787160349,346.5400,346.5400,346.5400,346.5400
1787160351,346.5550,346.5550,346.5550,346.5550
1787160352,346.5700,346.5700,346.5700,346.5700
1787160354,346.5600,346.5600,346.5500,346.5500
1787160356,346.5100,346.5100,346.5100,346.5100
1787160358,346.4700,346.4700,346.4700,346.4700
1787160360,346.4700,346.4700,346.3600,346.3600
1787160361,346.4000,346.4000,346.4000,346.4000
1787160362,346.4000,346.4000,346.4000,346.4000
1787160364,346.4100,346.4400,346.4100,346.4200
1787160366,346.4250,346.4250,346.4250,346.4250
1787160369,346.4100,346.4100,346.4100,346.4100
1787160371,346.3900,346.4250,346.3900,346.4250
1787160375,346.4500,346.4700,346.4500,346.4700
1787160379,346.4700,346.4700,346.4700,346.4700
1787160381,346.4700,346.4900,346.4700,346.4850
1787160384,346.4850,346.5100,346.4850,346.5000
1787160385,346.4950,346.4950,346.4950,346.4950
1787160386,346.4900,346.4900,346.4900,346.4900
1787160387,346.4950,346.5000,346.4950,346.5000
1787160389,346.5400,346.5500,346.5400,346.5500
1787160392,346.5300,346.5300,346.5300,346.5300
1787160393,346.5500,346.5600,346.5500,346.5500
1787160394,346.5400,346.5400,346.5400,346.5400
1787160395,346.5100,346.5100,346.4900,346.4900
1787160398,346.5000,346.5000,346.5000,346.5000
1787160404,346.5000,346.5000,346.5000,346.5000
1787160407,346.5400,346.5400,346.5250,346.5250
1787160408,346.5500,346.5500,346.5500,346.5500
1787160409,346.5700,346.6200,346.5700,346.6200
1787160414,346.6000,346.6000,346.6000,346.6000
1787160416,346.6050,346.6050,346.5600,346.5800
1787160417,346.5900,346.5900,346.5900,346.5900
1787160419,346.6000,346.6000,346.6000,346.6000
1787160420,346.6000,346.6000,346.5900,346.5900
1787160422,346.5700,346.5900,346.5700,346.5900
1787160423,346.5800,346.5800,346.5800,346.5800
1787160425,346.5900,346.5900,346.5900,346.5900
1787160426,346.6000,346.6000,346.6000,346.6000
1787160428,346.5900,346.5900,346.5900,346.5900
1787160429,346.6100,346.6200,346.6100,346.6200
1787160430,346.6200,346.6200,346.6200,346.6200
1787160432,346.6300,346.6900,346.6300,346.6900
1787160435,346.6700,346.6700,346.6600,346.6600
1787160438,346.6800,346.6900,346.6800,346.6900
1787160440,346.6900,346.7000,346.6900,346.7000
1787160441,346.7000,346.7000,346.7000,346.7000
1787160445,346.7100,346.7100,346.7100,346.7100
1787160447,346.7200,346.7200,346.7200,346.7200
1787160450,346.7400,346.7400,346.7400,346.7400
1787160451,346.7100,346.7400,346.7100,346.7400
1787160452,346.7500,346.7500,346.7500,346.7500
1787160453,346.7600,346.7700,346.7600,346.7700
1787160459,346.7600,346.7600,346.7500,346.7500
1787160461,346.7500,346.7500,346.7500,346.7500
1787160462,346.7600,346.7600,346.7600,346.7600
1787160464,346.7600,346.7600,346.7400,346.7400
1787160466,346.7500,346.7500,346.7500,346.7500
1787160467,346.7200,346.7200,346.6900,346.6900
1787160469,346.7300,346.7400,346.7300,346.7400
1787160470,346.7100,346.7100,346.7000,346.7000
1787160472,346.7000,346.7000,346.7000,346.7000
1787160473,346.6900,346.6900,346.6600,346.6600
1787160479,346.6800,346.6900,346.6800,346.6900
1787160482,346.7100,346.7200,346.7100,346.7200
1787160483,346.7000,346.7000,346.7000,346.7000
1787160484,346.7050,346.7050,346.7050,346.7050
1787160485,346.7150,346.7150,346.7150,346.7150
1787160488,346.7400,346.7500,346.7400,346.7500
1787160490,346.7700,346.7800,346.7700,346.7800
1787160501,346.7700,346.7700,346.7600,346.7600
1787160502,346.7600,346.7700,346.7600,346.7700
1787160503,346.7700,346.7700,346.7700,346.7700
1787160504,346.7700,346.7700,346.7700,346.7700
1787160505,346.7700,346.7800,346.7700,346.7700
1787160507,346.7900,346.8000,346.7900,346.8000
1787160508,346.8050,346.8200,346.8000,346.8200
1787160509,346.8200,346.8200,346.8200,346.8200
1787160511,346.8500,346.8800,346.8400,346.8800
1787160512,346.8800,346.9000,346.8800,346.9000
1787160513,346.9000,346.9000,346.9000,346.9000
1787160514,346.9100,346.9550,346.9100,346.9550
1787160515,346.9700,346.9800,346.9700,346.9800
1787160516,346.9800,346.9800,346.9800,346.9800
1787160518,346.9600,346.9600,346.9300,346.9300
1787160520,346.9300,346.9300,346.9300,346.9300
1787160521,346.9350,346.9350,346.9350,346.9350
1787160524,346.9200,346.9200,346.9200,346.9200
1787160525,346.9100,346.9100,346.8800,346.8800
1787160526,346.8800,346.8800,346.8800,346.8800
1787160532,346.8800,346.8800,346.8800,346.8800
1787160533,346.8800,346.8900,346.8800,346.8900
1787160534,346.8900,346.8900,346.8900,346.8900
1787160536,346.8800,346.8800,346.8800,346.8800
1787160539,346.9100,346.9200,346.9000,346.9200
1787160541,346.8900,346.8900,346.8400,346.8500
1787160543,346.8300,346.8300,346.8300,346.8300
1787160544,346.8200,346.8200,346.8200,346.8200
1787160545,346.8100,346.8100,346.7900,346.7900
1787160546,346.7700,346.7700,346.7700,346.7700
1787160550,346.8000,346.8000,346.7400,346.7500
1787160551,346.7800,346.7800,346.7800,346.7800
1787160554,346.8100,346.8100,346.8000,346.8000
1787160566,346.7700,346.7700,346.7700,346.7700
1787160571,346.7700,346.7700,346.7700,346.7700
1787160572,346.7800,346.7900,346.7800,346.7900
1787160575,346.7600,346.7600,346.7600,346.7600
1787160577,346.8000,346.8600,346.8000,346.8600
1787160581,346.9000,346.9000,346.8900,346.8900
1787160582,346.9100,346.9100,346.9000,346.9000
1787160586,346.9050,346.9050,346.9050,346.9050
1787160588,346.8700,346.8700,346.8500,346.8500
1787160589,346.8600,346.8650,346.8600,346.8650
1787160594,346.8900,346.8900,346.8900,346.8900
1787160596,346.8900,346.8900,346.8700,346.8700
1787160597,346.8500,346.8500,346.8500,346.8500
1787160598,346.8900,346.8900,346.8900,346.8900
1787160599,346.9000,346.9200,346.9000,346.9200
1787160600,346.9300,346.9400,346.9300,346.9400
1787160602,346.9500,346.9800,346.9500,346.9800
1787160607,346.9500,346.9500,346.9500,346.9500
1787160609,346.9600,346.9700,346.9550,346.9550
1787160611,346.9500,346.9500,346.9500,346.9500
1787160612,346.9200,346.9200,346.9100,346.9100
1787160614,346.9200,346.9200,346.9200,346.9200
1787160615,346.9200,346.9200,346.9200,346.9200
1787160616,346.9300,346.9300,346.9300,346.9300
1787160617,346.9100,346.9100,346.9100,346.9100
1787160618,346.9200,346.9300,346.9200,346.9300
1787160620,346.9200,346.9200,346.9200,346.9200
1787160622,346.9300,346.9300,346.9200,346.9200
1787160623,346.9100,346.9100,346.8100,346.8300
1787160625,346.8700,346.8700,346.8700,346.8700
1787160626,346.8400,346.8400,346.8300,346.8300
1787160627,346.8100,346.8100,346.7900,346.7900
1787160630,346.7850,346.8200,346.7850,346.8200
1787160632,346.8100,346.8100,346.8000,346.8000
1787160633,346.7900,346.7900,346.7900,346.7900
1787160638,346.7900,346.7900,346.7900,346.7900
1787160641,346.7900,346.7900,346.7900,346.7900
1787160643,346.8000,346.8300,346.8000,346.8300
1787160646,346.8700,346.8700,346.8700,346.8700
1787160648,346.9100,346.9500,346.9100,346.9500
1787160649,346.9500,346.9600,346.9500,346.9600
1787160650,346.9400,346.9500,346.9400,346.9500
1787160651,346.9300,346.9300,346.9300,346.9300
1787160656,346.9250,346.9250,346.9250,346.9250
1787160660,346.9000,346.9000,346.9000,346.9000
1787160662,346.8900,346.8900,346.8900,346.8900
1787160663,346.8600,346.8700,346.8600,346.8700
1787160664,346.8500,346.8500,346.8400,346.8400
1787160665,346.8300,346.8500,346.8300,346.8500
1787160668,346.7800,346.7800,346.7000,346.7000
1787160669,346.7000,346.7000,346.6900,346.6900
1787160673,346.6700,346.6700,346.6700,346.6700
1787160674,346.6500,346.6500,346.6500,346.6500
1787160675,346.6300,346.6300,346.6000,346.6000
1787160679,346.6600,346.6600,346.6600,346.6600
1787160681,346.6800,346.6800,346.6800,346.6800
1787160682,346.6700,346.6900,346.6700,346.6900
1787160684,346.7150,346.7150,346.7150,346.7150
1787160685,346.6900,346.6900,346.6700,346.6700
1787160687,346.6600,346.6600,346.6600,346.6600
1787160692,346.6600,346.6600,346.6600,346.6600
1787160693,346.6300,346.6300,346.5900,346.6300
1787160695,346.6800,346.6800,346.6700,346.6700
1787160698,346.6400,346.6400,346.6400,346.6400
1787160700,346.6400,346.6400,346.6300,346.6300
1787160701,346.6300,346.6300,346.6200,346.6200
1787160706,346.5800,346.5800,346.5800,346.5800
1787160708,346.5600,346.5600,346.5600,346.5600
1787160709,346.5500,346.5800,346.5500,346.5800
1787160712,346.6200,346.6200,346.6200,346.6200
1787160713,346.6200,346.6200,346.6200,346.6200
1787160714,346.6200,346.6200,346.6200,346.6200
1787160715,346.5900,346.5900,346.4600,346.4600
1787160716,346.4650,346.4650,346.4500,346.4500
1787160718,346.4300,346.4300,346.3700,346.3700
1787160719,346.3600,346.3600,346.3600,346.3600
1787160720,346.3200,346.3200,346.3100,346.3100
1787160721,346.3000,346.3000,346.2900,346.2900
1787160722,346.2850,346.3100,346.2850,346.3100
1787160725,346.3200,346.3900,346.3200,346.3900
1787160728,346.4400,346.4400,346.4400,346.4400
1787160729,346.4000,346.4000,346.4000,346.4000
1787160730,346.4100,346.4100,346.4000,346.4000
1787160733,346.4000,346.4000,346.3800,346.3800
1787160734,346.3800,346.3900,346.3800,346.3900
1787160738,346.3300,346.3400,346.3300,346.3400
1787160739,346.3500,346.3500,346.3500,346.3500
1787160740,346.3500,346.3500,346.3000,346.3000
1787160747,346.3600,346.4000,346.3500,346.4000
1787160750,346.3400,346.3400,346.3400,346.3400
1787160751,346.2900,346.2900,346.2700,346.2700
1787160752,346.2700,346.2700,346.2700,346.2700
1787160755,346.2500,346.2500,346.2100,346.2200
1787160756,346.2000,346.2000,346.1600,346.1600
1787160758,346.1800,346.1800,346.1800,346.1800
1787160760,346.1600,346.1600,346.1000,346.1000
1787160766,346.1200,346.1500,346.1200,346.1400
1787160768,346.1600,346.2000,346.1600,346.2000
1787160769,346.2500,346.2700,346.2500,346.2700
1787160774,346.2200,346.2200,346.2200,346.2200
1787160776,346.1900,346.1900,346.1900,346.1900
1787160778,346.1500,346.1500,346.1500,346.1500
1787160780,346.1100,346.1100,346.1100,346.1100
1787160783,346.1000,346.1000,346.1000,346.1000
1787160785,346.1000,346.1000,346.1000,346.1000
1787160786,346.0900,346.0900,346.0900,346.0900
1787160789,346.1000,346.1000,346.1000,346.1000
1787160790,346.1100,346.1200,346.1100,346.1200
1787160792,346.1100,346.1100,346.1100,346.1100
1787160794,346.1500,346.1600,346.1500,346.1600
1787160798,346.1700,346.1700,346.1700,346.1700
1787160801,346.1900,346.2300,346.1900,346.2300
1787160802,346.2300,346.2500,346.2200,346.2500
1787160804,346.2700,346.3800,346.2700,346.3100
1787160806,346.3000,346.3000,346.3000,346.3000
1787160807,346.2700,346.2700,346.2700,346.2700
1787160813,346.2600,346.2600,346.2600,346.2600
1787160814,346.3000,346.3000,346.3000,346.3000
1787160817,346.3400,346.3400,346.3400,346.3400
1787160820,346.4000,346.4100,346.4000,346.4100
1787160822,346.4150,346.4200,346.4150,346.4200
1787160823,346.4300,346.4300,346.4300,346.4300
1787160824,346.4200,346.4200,346.4200,346.4200
1787160825,346.4500,346.4500,346.4500,346.4500
1787160827,346.4600,346.5000,346.4200,346.4200
1787160834,346.4100,346.4100,346.4100,346.4100
1787160837,346.3800,346.3800,346.3700,346.3700
1787160841,346.3700,346.3800,346.3700,346.3800
1787160845,346.3800,346.3800,346.3800,346.3800
1787160848,346.3900,346.3900,346.3900,346.3900
1787160850,346.3800,346.3800,346.3800,346.3800
1787160858,346.4100,346.4200,346.4100,346.4200
1787160862,346.4000,346.4000,346.4000,346.4000
1787160870,346.4300,346.4300,346.4200,346.4200
1787160874,346.4500,346.5000,346.4500,346.5000
1787160876,346.5000,346.5000,346.4900,346.4900
1787160878,346.4500,346.4500,346.4500,346.4500
1787160884,346.4500,346.4500,346.4200,346.4200
1787160892,346.3900,346.3900,346.3400,346.3400
1787160893,346.3200,346.3200,346.3200,346.3200
1787160896,346.3300,346.3300,346.3300,346.3300
1787160897,346.3350,346.3350,346.3100,346.3100
1787160899,346.3000,346.3000,346.2900,346.2900
1787160902,346.2900,346.2900,346.2900,346.2900
1787160904,346.3000,346.3100,346.3000,346.3000
1787160906,346.2800,346.2800,346.2600,346.2800
1787160907,346.2850,346.2850,346.2750,346.2750
1787160909,346.3100,346.3200,346.3100,346.3200
1787160910,346.3200,346.3300,346.3200,346.3300
1787160911,346.3100,346.3100,346.3100,346.3100
1787160913,346.3000,346.3000,346.2900,346.2900
1787160920,346.2500,346.2500,346.2500,346.2500
1787160922,346.2400,346.2400,346.2400,346.2400
1787160924,346.2400,346.3300,346.2400,346.3200
1787160925,346.3400,346.3500,346.3400,346.3500
1787160926,346.3500,346.3500,346.3500,346.3500
1787160929,346.3350,346.3350,346.3350,346.3350
1787160930,346.3350,346.3600,346.3100,346.3100
1787160933,346.3500,346.3600,346.3500,346.3600
1787160935,346.3500,346.3500,346.3500,346.3500
1787160937,346.3500,346.3500,346.3500,346.3500
1787160942,346.3800,346.4100,346.3800,346.4000
1787160948,346.4200,346.4200,346.3900,346.3900
1787160950,346.4500,346.4800,346.4500,346.4800
1787160953,346.5000,346.5000,346.5000,346.5000
1787160955,346.5800,346.6100,346.5800,346.5800
1787160956,346.5700,346.5700,346.5700,346.5700
1787160961,346.5600,346.5600,346.5100,346.5100
1787160963,346.4800,346.4800,346.4700,346.4700
1787160975,346.4600,346.4600,346.4400,346.4400
1787160977,346.4400,346.4400,346.4400,346.4400
1787160980,346.3900,346.3900,346.3900,346.3900
1787160983,346.4300,346.4300,346.4200,346.4200
1787160984,346.4000,346.4000,346.4000,346.4000
1787160991,346.4300,346.4300,346.4300,346.4300
1787160993,346.4400,346.4700,346.4400,346.4700
1787160995,346.4900,346.5000,346.4900,346.5000
1787160996,346.5000,346.5000,346.5000,346.5000
1787161000,346.5100,346.5200,346.5100,346.5200
1787161001,346.5200,346.5200,346.5200,346.5200
1787161003,346.5200,346.5200,346.5000,346.5000
1787161005,346.5400,346.5500,346.5400,346.5500
1787161007,346.5600,346.5600,346.5600,346.5600
1787161008,346.5700,346.5800,346.5700,346.5800
1787161009,346.5800,346.5800,346.5300,346.5300
1787161010,346.5200,346.5200,346.5200,346.5200
1787161021,346.5700,346.5700,346.5700,346.5700
1787161022,346.6000,346.6000,346.6000,346.6000
1787161023,346.6000,346.6000,346.6000,346.6000
1787161024,346.5800,346.5800,346.5800,346.5800
1787161027,346.5400,346.5400,346.5400,346.5400
1787161028,346.5100,346.5100,346.4800,346.4800
1787161030,346.5300,346.5300,346.5300,346.5300
1787161034,346.5500,346.6000,346.5500,346.6000
1787161035,346.6000,346.6000,346.6000,346.6000
1787161041,346.5800,346.5800,346.5800,346.5800
1787161043,346.5600,346.5600,346.5600,346.5600
1787161044,346.5500,346.5500,346.5400,346.5400
1787161049,346.5400,346.5400,346.5400,346.5400
1787161050,346.5200,346.5300,346.5100,346.5300
1787161055,346.5600,346.5600,346.5600,346.5600
1787161057,346.5400,346.5400,346.5400,346.5400
1787161058,346.5500,346.5500,346.5500,346.5500
1787161060,346.5400,346.5400,346.5400,346.5400
1787161064,346.5300,346.5300,346.5300,346.5300
1787161068,346.5200,346.5200,346.5200,346.5200
1787161069,346.5300,346.5800,346.5300,346.5800
1787161070,346.5800,346.5800,346.5800,346.5800
1787161071,346.5200,346.5200,346.5200,346.5200
1787161090,346.5500,346.5500,346.5500,346.5500
1787161091,346.5200,346.5200,346.4900,346.4950
1787161094,346.5100,346.5100,346.5100,346.5100
1787161098,346.5600,346.5700,346.5600,346.5700
1787161099,346.5900,346.6100,346.5900,346.6100
1787161100,346.5900,346.5900,346.5900,346.5900
1787161102,346.6100,346.6100,346.6100,346.6100
1787161106,346.6000,346.6000,346.5650,346.5650
1787161111,346.5800,346.5800,346.5700,346.5700
1787161113,346.5600,346.5600,346.5600,346.5600
1787161114,346.5400,346.5400,346.5300,346.5400
1787161118,346.5100,346.5100,346.5100,346.5100
1787161128,346.5100,346.5100,346.5100,346.5100
1787161131,346.5100,346.5100,346.5100,346.5100
1787161132,346.5200,346.5600,346.5200,346.5600
1787161134,346.5600,346.5600,346.5600,346.5600
1787161135,346.5400,346.5400,346.5300,346.5300
1787161136,346.5300,346.5300,346.5300,346.5300
1787161139,346.5100,346.5100,346.5100,346.5100
1787161144,346.5250,346.5250,346.5250,346.5250
1787161152,346.5000,346.5000,346.5000,346.5000
1787161154,346.4700,346.4700,346.4700,346.4700
1787161156,346.4950,346.5200,346.4950,346.5000
1787161163,346.5300,346.5500,346.5300,346.5500
1787161165,346.5300,346.5300,346.5300,346.5300
1787161168,346.5100,346.5100,346.5100,346.5100
1787161174,346.5200,346.5700,346.5200,346.5700
1787161175,346.5500,346.5500,346.5300,346.5300
1787161176,346.5150,346.5200,346.5150,346.5200
1787161189,346.5500,346.7000,346.5500,346.6300
1787161197,346.6300,346.6300,346.6200,346.6200
1787161198,346.6000,346.6000,346.5600,346.5800
1787161200,346.5800,346.6400,346.5800,346.6300
1787161202,346.6200,346.6200,346.5800,346.5800
1787161205,346.6000,346.6000,346.6000,346.6000
1787161206,346.6200,346.6200,346.6200,346.6200
1787161208,346.6300,346.6400,346.6300,346.6400
1787161210,346.6300,346.6300,346.6300,346.6300
1787161212,346.6200,346.6200,346.6100,346.6100
1787161214,346.6500,346.6500,346.6500,346.6500
1787161215,346.6400,346.6400,346.6200,346.6200
1787161217,346.6100,346.6100,346.6000,346.6000
1787161219,346.5800,346.5800,346.5800,346.5800
1787161225,346.5800,346.5800,346.5700,346.5700
1787161226,346.5700,346.5700,346.5700,346.5700
1787161227,346.5700,346.5700,346.5700,346.5700
1787161228,346.5800,346.5800,346.5800,346.5800
1787161229,346.6100,346.6100,346.6100,346.6100
1787161230,346.6400,346.6400,346.6400,346.6400
1787161232,346.6500,346.6500,346.6500,346.6500
1787161235,346.6700,346.6700,346.6550,346.6550
1787161236,346.6800,346.7100,346.6800,346.7100
1787161238,346.7150,346.7150,346.7150,346.7150
1787161240,346.6900,346.6900,346.6900,346.6900
1787161241,346.6900,346.6900,346.6900,346.6900
1787161244,346.7200,346.7400,346.7200,346.7400
1787161245,346.7500,346.7500,346.7500,346.7500
1787161246,346.7600,346.7600,346.7600,346.7600
1787161247,346.7800,346.7800,346.7800,346.7800
1787161249,346.7500,346.7500,346.7100,346.7100
1787161254,346.7500,346.7700,346.7500,346.7700
1787161257,346.7500,346.7500,346.7300,346.7300
1787161258,346.7200,346.7200,346.7100,346.7100
1787161260,346.7000,346.7000,346.6900,346.6900
1787161261,346.7000,346.7000,346.7000,346.7000
1787161262,346.7000,346.7000,346.7000,346.7000
1787161263,346.7000,346.7000,346.7000,346.7000
1787161265,346.6900,346.7050,346.6800,346.6900
1787161271,346.6800,346.6800,346.6700,346.6700
1787161272,346.6850,346.6850,346.6850,346.6850
1787161274,346.6700,346.6700,346.6600,346.6600
1787161277,346.6600,346.6600,346.6600,346.6600
1787161279,346.6650,346.6800,346.6650,346.6700
1787161280,346.6900,346.7100,346.6900,346.7100
1787161283,346.7200,346.7200,346.7200,346.7200
1787161287,346.7500,346.7500,346.7500,346.7500
1787161292,346.7500,346.7500,346.7100,346.7350
1787161295,346.7300,346.7500,346.7300,346.7500
1787161296,346.7450,346.7450,346.7300,346.7300
1787161298,346.7600,346.7700,346.7600,346.7700
1787161299,346.7600,346.7600,346.7600,346.7600
1787161301,346.7400,346.7400,346.7300,346.7400
1787161305,346.7300,346.7300,346.7300,346.7300
1787161307,346.7250,346.7250,346.7250,346.7250
1787161308,346.7400,346.7400,346.7400,346.7400
1787161314,346.7500,346.7500,346.7500,346.7500
1787161317,346.7600,346.8100,346.7600,346.7900
1787161318,346.8200,346.8200,346.8200,346.8200
1787161319,346.8400,346.8500,346.8400,346.8500
1787161320,346.8500,346.8800,346.8500,346.8800
1787161321,346.8800,346.8800,346.8800,346.8800
1787161322,346.8800,346.8800,346.8800,346.8800
1787161326,346.8900,346.9100,346.8900,346.9100
1787161327,346.8900,346.8900,346.8900,346.8900
1787161329,346.8950,346.8950,346.8950,346.8950
1787161333,346.8950,346.9000,346.8950,346.9000
1787161334,346.9200,346.9500,346.9200,346.9500
1787161335,346.9300,346.9500,346.9300,346.9500
1787161336,346.9300,346.9300,346.9100,346.9100
1787161339,346.9200,346.9200,346.9200,346.9200
1787161341,346.9600,347.0000,346.9600,346.9600
1787161342,346.9600,346.9600,346.9600,346.9600
1787161345,346.9900,347.0000,346.9900,347.0000
1787161347,346.9900,346.9900,346.9900,346.9900
1787161348,347.0000,347.0100,347.0000,347.0000
1787161350,347.0300,347.0600,347.0200,347.0200
1787161351,347.0600,347.0600,347.0600,347.0600
1787161352,347.0200,347.0200,347.0200,347.0200
1787161354,347.0200,347.0200,347.0200,347.0200
1787161359,347.0100,347.0100,347.0100,347.0100
1787161360,347.0000,347.0000,346.9200,346.9200
1787161362,346.9800,346.9900,346.9800,346.9900
1787161365,347.0000,347.0000,347.0000,347.0000
1787161368,346.9300,346.9300,346.9100,346.9100
1787161370,346.9100,346.9100,346.9100,346.9100
1787161371,346.9300,346.9500,346.9300,346.9500
1787161373,346.9600,346.9600,346.9600,346.9600
1787161379,346.9300,346.9300,346.9300,346.9300
1787161383,346.9500,346.9600,346.9500,346.9600
1787161386,346.9450,346.9450,346.9450,346.9450
1787161389,346.9350,346.9350,346.9350,346.9350
1787161390,346.9350,346.9700,346.9350,346.9700
1787161392,346.9400,346.9400,346.9000,346.9100
1787161398,346.9100,346.9100,346.8900,346.8900
1787161402,346.9000,346.9000,346.9000,346.9000
1787161403,346.8800,346.8800,346.8600,346.8600
1787161405,346.9100,346.9400,346.9100,346.9400
1787161406,346.9500,346.9500,346.9300,346.9300
1787161410,346.9200,346.9200,346.9200,346.9200
1787161414,346.8900,346.8900,346.8600,346.8600
1787161418,346.8300,346.8300,346.8300,346.8300
1787161420,346.8600,346.8600,346.8600,346.8600
1787161426,346.8900,346.8900,346.8900,346.8900
1787161427,346.9000,346.9000,346.8900,346.8900
1787161428,346.9200,346.9200,346.9200,346.9200
1787161436,346.9300,346.9700,346.9300,346.9600
1787161437,346.9800,346.9900,346.9800,346.9900
1787161438,347.0000,347.0000,347.0000,347.0000
1787161439,347.0050,347.0050,347.0050,347.0050
1787161442,347.0050,347.0200,347.0050,347.0200
1787161444,347.0350,347.0350,347.0200,347.0200
1787161445,346.9900,346.9900,346.9900,346.9900
1787161449,346.9700,346.9700,346.9400,346.9450
1787161458,346.9400,346.9400,346.9400,346.9400
1787161464,346.9200,346.9200,346.9200,346.9200
1787161465,346.9100,346.9100,346.9100,346.9100
1787161466,346.9350,346.9350,346.9350,346.9350
1787161467,346.9400,346.9400,346.9400,346.9400
1787161468,346.9200,346.9200,346.9000,346.9000
1787161469,346.9000,346.9000,346.9000,346.9000
1787161471,346.9000,346.9000,346.8900,346.8900
1787161472,346.8900,346.8900,346.8500,346.8500
1787161473,346.8500,346.8500,346.8500,346.8500
1787161476,346.8500,346.8500,346.8400,346.8500
1787161478,346.8600,346.8600,346.8600,346.8600
1787161480,346.8600,346.8600,346.8600,346.8600
1787161482,346.8700,346.8700,346.8700,346.8700
1787161484,346.8500,346.8500,346.8500,346.8500
1787161486,346.8500,346.8500,346.8500,346.8500
1787161488,346.8500,346.8500,346.8500,346.8500
1787161489,346.8500,346.8500,346.8500,346.8500
1787161490,346.8300,346.8300,346.7400,346.7400
1787161491,346.8000,346.8000,346.8000,346.8000
1787161492,346.8200,346.8200,346.8100,346.8100
1787161493,346.8300,346.8300,346.8300,346.8300
1787161495,346.8500,346.8500,346.8400,346.8400
1787161501,346.8500,346.8600,346.8500,346.8600
1787161504,346.8800,346.8900,346.8800,346.8900
1787161505,346.8800,346.8800,346.8800,346.8800
1787161506,346.9000,346.9000,346.9000,346.9000
1787161507,346.9000,346.9200,346.9000,346.9200
1787161508,346.9100,346.9100,346.9100,346.9100
1787161510,346.8800,346.8800,346.8600,346.8700
1787161511,346.8500,346.8600,346.8500,346.8600
1787161513,346.8400,346.8450,346.8400,346.8450
1787161517,346.8200,346.8200,346.8200,346.8200
1787161519,346.8300,346.8300,346.8300,346.8300
1787161522,346.8300,346.8300,346.8000,346.8000
1787161523,346.8200,346.8200,346.8200,346.8200
1787161526,346.8200,346.8300,346.8200,346.8300
1787161529,346.8500,346.9000,346.8500,346.8700
1787161531,346.9000,346.9500,346.8900,346.9500
1787161534,346.9400,346.9700,346.9400,346.9700
1787161536,346.9400,346.9400,346.9400,346.9400
1787161537,346.9400,346.9400,346.9400,346.9400
1787161547,346.9900,347.0000,346.9900,347.0000
1787161548,346.9800,346.9800,346.9800,346.9800
1787161553,346.9600,346.9600,346.9300,346.9300
1787161554,346.9000,346.9000,346.9000,346.9000
1787161560,346.9600,346.9600,346.9500,346.9500
1787161562,346.9300,346.9300,346.9300,346.9300
1787161563,346.9300,346.9300,346.9300,346.9300
1787161565,346.9300,346.9300,346.9300,346.9300
1787161579,346.9200,346.9200,346.9200,346.9200
1787161581,346.9000,346.9000,346.8900,346.8900
1787161582,346.9200,346.9200,346.9200,346.9200
1787161584,346.9400,346.9400,346.9400,346.9400
1787161585,346.9500,346.9500,346.9500,346.9500
1787161591,346.9750,346.9750,346.9750,346.9750
1787161592,346.9750,347.0000,346.9750,346.9900
1787161597,346.9600,346.9600,346.9600,346.9600
1787161598,346.9000,346.9000,346.8800,346.8800
1787161599,346.9000,346.9100,346.9000,346.9100
1787161602,346.8900,346.8900,346.7900,346.7950
1787161604,346.8100,346.8100,346.8100,346.8100
1787161608,346.8200,346.8300,346.8200,346.8300
1787161614,346.8500,346.8500,346.8500,346.8500
1787161617,346.9200,346.9200,346.9200,346.9200
1787161621,346.9500,346.9600,346.9500,346.9500
1787161627,346.9500,346.9500,346.9500,346.9500
1787161632,346.9700,346.9700,346.9700,346.9700
1787161636,346.9900,347.0000,346.9900,347.0000
1787161638,346.9850,346.9850,346.9300,346.9300
1787161653,346.9700,346.9700,346.9600,346.9600
1787161655,346.9600,346.9600,346.9600,346.9600
1787161656,346.9700,346.9700,346.9700,346.9700
1787161662,346.9600,346.9600,346.9300,346.9400
1787161666,346.9300,346.9300,346.9300,346.9300
1787161668,346.9200,346.9200,346.9100,346.9100
1787161671,346.9600,346.9800,346.9600,346.9800
1787161673,346.9700,347.0000,346.9700,347.0000
1787161676,346.9900,346.9900,346.9800,346.9800
1787161680,346.9600,346.9600,346.9600,346.9600
1787161683,346.9300,346.9300,346.9300,346.9300
1787161689,346.9200,346.9200,346.9000,346.9100
1787161691,346.9400,346.9400,346.9400,346.9400
1787161693,346.9300,346.9800,346.9300,346.9800
1787161697,347.0000,347.0300,347.0000,347.0300
1787161699,347.0400,347.0800,347.0400,347.0550
1787161700,347.0300,347.0300,347.0100,347.0100
1787161701,347.0300,347.0400,347.0300,347.0400
1787161702,347.0450,347.0500,347.0400,347.0400
1787161703,347.0700,347.0900,347.0700,347.0900
1787161706,347.0750,347.0750,347.0750,347.0750
1787161707,347.1000,347.1200,347.1000,347.1200
1787161711,347.0600,347.0600,347.0600,347.0600
1787161712,347.0600,347.0600,347.0200,347.0200
1787161715,347.0400,347.0400,347.0400,347.0400
1787161716,347.0200,347.0200,347.0200,347.0200
1787161717,347.0200,347.0200,347.0200,347.0200
1787161718,347.0200,347.0200,347.0200,347.0200
1787161722,347.0550,347.0550,347.0550,347.0550
1787161723,347.0100,347.0100,347.0000,347.0000
1787161724,346.9950,347.0100,346.9950,347.0100
1787161725,347.0500,347.1000,347.0500,347.1000
1787161726,347.1100,347.1100,347.1000,347.1000
1787161727,347.1000,347.1000,347.1000,347.1000
1787161731,347.1000,347.1000,347.0900,347.0900
1787161732,347.1300,347.1400,347.1300,347.1400
1787161734,347.1200,347.1200,347.1200,347.1200
1787161739,347.1600,347.1900,347.1600,347.1900
1787161740,347.1700,347.1700,347.1600,347.1600
1787161744,347.1700,347.1700,347.1500,347.1500
1787161745,347.1500,347.1500,347.1500,347.1500
1787161747,347.1400,347.1400,347.1300,347.1300
1787161751,347.1100,347.1100,347.1000,347.1000
1787161753,347.0800,347.0800,347.0800,347.0800
1787161754,347.0900,347.0900,347.0900,347.0900
1787161756,347.0900,347.0900,347.0900,347.0900
1787161762,347.0800,347.0800,347.0700,347.0800
1787161763,347.0600,347.0600,347.0600,347.0600
1787161764,347.0000,347.0000,347.0000,347.0000
1787161765,347.0200,347.0200,347.0200,347.0200
1787161767,347.0200,347.0200,347.0000,347.0000
1787161768,347.0000,347.0000,347.0000,347.0000
1787161769,346.9850,347.0000,346.9850,347.0000
1787161770,347.0100,347.0100,347.0100,347.0100
1787161772,346.9800,347.0800,346.9800,347.0600
1787161773,347.0600,347.0600,347.0600,347.0600
1787161777,347.0900,347.1500,347.0900,347.1500
1787161778,347.1600,347.1700,347.1600,347.1700
1787161779,347.2000,347.2200,347.2000,347.2100
1787161780,347.2000,347.2000,347.2000,347.2000
1787161781,347.2100,347.2100,347.2100,347.2100
1787161785,347.2200,347.2200,347.2200,347.2200
1787161786,347.2100,347.2100,347.2000,347.2000
1787161787,347.2250,347.2250,347.2250,347.2250
1787161788,347.2250,347.2250,347.2250,347.2250
1787161790,347.2250,347.2250,347.2100,347.2100
1787161791,347.1500,347.1500,347.1500,347.1500
1787161794,347.1100,347.1400,347.1000,347.1400
1787161795,347.1400,347.1400,347.1100,347.1300
1787161797,347.1350,347.1350,347.1350,347.1350
1787161798,347.1600,347.1600,347.1600,347.1600
1787161801,347.1900,347.1900,347.1800,347.1800
1787161806,347.2100,347.2300,347.2100,347.2250
1787161807,347.2200,347.2600,347.2200,347.2600
1787161808,347.2400,347.2400,347.2400,347.2400
1787161810,347.2800,347.3100,347.2800,347.2900
1787161812,347.3000,347.4000,347.3000,347.3700
1787161814,347.4300,347.4300,347.4300,347.4300
1787161816,347.4400,347.4400,347.4400,347.4400
1787161817,347.4800,347.5000,347.4800,347.5000
1787161818,347.4700,347.4700,347.4650,347.4650
1787161824,347.4500,347.4500,347.4400,347.4400
1787161825,347.4400,347.4400,347.4400,347.4400
1787161828,347.4200,347.4200,347.4200,347.4200
1787161830,347.4200,347.4200,347.4200,347.4200
1787161831,347.4200,347.4200,347.4200,347.4200
1787161834,347.4500,347.4500,347.4300,347.4300
1787161835,347.4300,347.4400,347.4300,347.4400
1787161836,347.4500,347.4600,347.4500,347.4500
1787161838,347.4400,347.4400,347.4400,347.4400
1787161840,347.4300,347.4300,347.4300,347.4300
1787161841,347.4250,347.4250,347.4200,347.4200
1787161842,347.4100,347.4100,347.4100,347.4100
1787161844,347.3500,347.3700,347.3500,347.3700
1787161845,347.3700,347.3700,347.3700,347.3700
1787161850,347.3900,347.3900,347.3900,347.3900
1787161852,347.3700,347.3700,347.3500,347.3500
1787161853,347.3700,347.3900,347.3700,347.3700
1787161860,347.3800,347.4200,347.3800,347.4200
1787161861,347.4000,347.4000,347.3700,347.3700
1787161866,347.3500,347.3500,347.3500,347.3500
1787161870,347.3400,347.3400,347.2600,347.2950
1787161875,347.3100,347.3300,347.3100,347.3300
1787161876,347.3200,347.3200,347.3100,347.3150
1787161877,347.3150,347.3150,347.3150,347.3150
1787161879,347.3150,347.3150,347.3000,347.3000
1787161880,347.2900,347.2900,347.2900,347.2900
1787161881,347.3100,347.3100,347.3000,347.3000
1787161885,347.3100,347.3100,347.2800,347.2800
1787161886,347.2800,347.2800,347.2800,347.2800
1787161889,347.3000,347.3000,347.3000,347.3000
1787161890,347.2950,347.3800,347.2950,347.3800
1787161891,347.4050,347.4050,347.4050,347.4050
1787161892,347.4100,347.4200,347.4100,347.4200
1787161893,347.4600,347.5200,347.4600,347.5200
1787161894,347.5300,347.5300,347.5300,347.5300
1787161896,347.5500,347.5800,347.5100,347.5100
1787161897,347.5000,347.5000,347.5000,347.5000
1787161898,347.5100,347.5100,347.5100,347.5100
1787161903,347.5000,347.5000,347.4900,347.4900
1787161905,347.5200,347.5200,347.5200,347.5200
1787161906,347.5400,347.5400,347.5400,347.5400
1787161907,347.5500,347.5500,347.5500,347.5500
1787161908,347.5600,347.5600,347.5600,347.5600
1787161909,347.5500,347.5500,347.5400,347.5400
1787161915,347.5450,347.5450,347.5450,347.5450
1787161916,347.5500,347.6000,347.5500,347.6000
1787161918,347.6300,347.6800,347.6300,347.6800
1787161919,347.6700,347.6700,347.6700,347.6700
1787161920,347.6700,347.6700,347.6700,347.6700
1787161921,347.6700,347.6700,347.6700,347.6700
1787161922,347.6800,347.6800,347.6800,347.6800
1787161923,347.6900,347.7000,347.6800,347.6800
1787161924,347.6800,347.6800,347.5700,347.5700
1787161927,347.5400,347.5400,347.5400,347.5400
1787161930,347.5300,347.5400,347.5300,347.5400
1787161933,347.5400,347.5400,347.5350,347.5350
1787161934,347.5600,347.5600,347.5600,347.5600
1787161935,347.5550,347.5550,347.5500,347.5500
1787161937,347.5700,347.6200,347.5700,347.6200
1787161939,347.5900,347.5900,347.5800,347.5800
1787161940,347.6000,347.6000,347.6000,347.6000
1787161945,347.6100,347.6100,347.6000,347.6000
1787161946,347.5800,347.5800,347.5800,347.5800
1787161947,347.6000,347.6100,347.6000,347.6100
1787161948,347.5900,347.6100,347.5900,347.6000
1787161949,347.6000,347.6000,347.6000,347.6000
1787161951,347.6000,347.6200,347.6000,347.6200
1787161955,347.6300,347.6300,347.6300,347.6300
1787161956,347.6100,347.6100,347.6000,347.6000
1787161957,347.6100,347.6100,347.6100,347.6100
1787161958,347.5800,347.5800,347.5400,347.5800
1787161961,347.5800,347.5800,347.5800,347.5800
1787161962,347.6100,347.6700,347.6100,347.6600
1787161964,347.6800,347.6900,347.6700,347.6800
1787161966,347.6700,347.6700,347.6500,347.6500
1787161969,347.6800,347.6800,347.6800,347.6800
1787161972,347.6600,347.6600,347.6500,347.6500
1787161975,347.6700,347.7000,347.6700,347.7000
1787161978,347.7000,347.7100,347.7000,347.7100
1787161979,347.6900,347.6900,347.6900,347.6900
1787161981,347.7200,347.7300,347.7200,347.7300
1787161982,347.7400,347.7500,347.7400,347.7400
1787161983,347.7600,347.7600,347.7400,347.7400
1787161989,347.7150,347.7150,347.7150,347.7150
1787161990,347.7100,347.7100,347.6900,347.6900
1787161992,347.7100,347.7100,347.7100,347.7100
1787161994,347.7300,347.7400,347.7300,347.7400
1787161998,347.7700,347.8400,347.7700,347.8400
1787161999,347.8500,347.8800,347.8500,347.8800
1787162000,347.8850,347.9150,347.8700,347.9000
1787162004,347.8900,347.8900,347.8800,347.8800
1787162005,347.8900,347.8900,347.8700,347.8700
1787162006,347.8800,347.9200,347.8800,347.8900
1787162007,347.8900,347.9200,347.8900,347.9200
1787162008,347.9100,347.9100,347.9100,347.9100
1787162009,347.9000,347.9000,347.9000,347.9000
1787162010,347.9150,347.9150,347.9150,347.9150
1787162014,347.9250,347.9250,347.9000,347.9200
1787162015,347.9300,347.9600,347.9300,347.9400
1787162017,347.9500,347.9500,347.9500,347.9500
1787162018,347.9500,347.9500,347.9500,347.9500
1787162019,347.9500,347.9500,347.9100,347.9100
1787162023,347.9350,347.9350,347.9350,347.9350
1787162025,347.9500,347.9500,347.9400,347.9400
1787162026,347.9500,347.9600,347.9400,347.9400
1787162028,347.9600,347.9900,347.9600,347.9700
1787162029,347.9700,347.9700,347.9600,347.9600
1787162033,347.9700,347.9700,347.9700,347.9700
1787162034,347.9900,347.9900,347.9900,347.9900
1787162035,348.0000,348.0200,347.9900,348.0100
1787162036,348.0200,348.0200,348.0200,348.0200
1787162037,348.0200,348.0300,348.0000,348.0000
1787162039,347.9700,347.9700,347.9500,347.9600
1787162043,347.9500,347.9500,347.9300,347.9400
1787162045,347.9400,347.9400,347.9300,347.9300
1787162048,347.9300,347.9300,347.9300,347.9300
1787162049,347.9100,347.9100,347.9100,347.9100
1787162052,347.9300,347.9500,347.9300,347.9300
1787162055,347.9450,347.9450,347.9300,347.9300
1787162056,347.9200,347.9200,347.9200,347.9200
1787162060,347.9000,347.9000,347.8900,347.8900
1787162061,347.8650,347.8650,347.8650,347.8650
1787162062,347.8700,347.8700,347.8700,347.8700
1787162068,347.8800,347.9000,347.8800,347.9000
1787162069,347.8900,347.8900,347.8900,347.8900
1787162072,347.8800,347.8800,347.8800,347.8800
1787162073,347.8750,347.9000,347.8700,347.9000
1787162077,347.8800,347.8800,347.8700,347.8700
1787162078,347.8600,347.8600,347.8600,347.8600
1787162079,347.8800,347.8800,347.8800,347.8800
1787162081,347.8800,347.9100,347.8800,347.9100
1787162082,347.9100,347.9200,347.9100,347.9200
1787162083,347.9100,347.9100,347.9100,347.9100
1787162084,347.8900,347.8900,347.8900,347.8900
1787162085,347.8900,347.8900,347.8600,347.8700
1787162087,347.8900,347.8900,347.8900,347.8900
1787162088,347.8800,347.8800,347.8100,347.8100
1787162092,347.8500,347.8600,347.8500,347.8600
1787162096,347.8700,347.9000,347.8700,347.9000
1787162097,347.9000,347.9000,347.9000,347.9000
1787162101,347.9200,347.9200,347.9200,347.9200
1787162102,347.9000,347.9000,347.8900,347.8900
1787162103,347.8700,347.8700,347.8500,347.8500
1787162104,347.8200,347.8200,347.7600,347.7600
1787162107,347.7600,347.7600,347.7500,347.7500
1787162112,347.7400,347.7700,347.7400,347.7700
1787162115,347.7600,347.7600,347.7400,347.7400
1787162116,347.7200,347.7200,347.6600,347.6600
1787162117,347.7000,347.7000,347.7000,347.7000
1787162120,347.7100,347.7100,347.7100,347.7100
1787162123,347.7400,347.7800,347.7400,347.7800
1787162125,347.8550,347.8550,347.8550,347.8550
1787162127,347.8800,347.8900,347.8800,347.8900
1787162128,347.8900,347.9000,347.8900,347.9000
1787162129,347.8600,347.8700,347.8500,347.8700
1787162131,347.8600,347.8600,347.8600,347.8600
1787162132,347.8700,347.8700,347.8700,347.8700
1787162135,347.8500,347.8500,347.8500,347.8500
1787162137,347.8500,347.8500,347.8500,347.8500
1787162139,347.8700,347.8900,347.8700,347.8900
1787162140,347.8800,347.8800,347.8800,347.8800
1787162141,347.9000,347.9000,347.9000,347.9000
1787162142,347.8900,347.9000,347.8900,347.8900
1787162144,347.8800,347.8800,347.8700,347.8700
1787162145,347.8700,347.8700,347.8700,347.8700
1787162147,347.8400,347.8400,347.8100,347.8100
1787162149,347.8400,347.8400,347.8400,347.8400
1787162153,347.8250,347.8250,347.8250,347.8250
1787162156,347.7700,347.7700,347.7400,347.7400
1787162158,347.7100,347.7100,347.7100,347.7100
1787162167,347.7500,347.7500,347.7500,347.7500
1787162169,347.7500,347.7500,347.7300,347.7300
1787162172,347.7400,347.7400,347.7400,347.7400
1787162173,347.7300,347.7300,347.7100,347.7100
1787162175,347.7000,347.7100,347.6500,347.6600
1787162176,347.6500,347.6500,347.6200,347.6400
1787162179,347.6200,347.6200,347.6200,347.6200
1787162182,347.6100,347.6100,347.6100,347.6100
1787162183,347.6100,347.6600,347.6100,347.6550
1787162186,347.6800,347.7200,347.6800,347.7200
1787162187,347.7400,347.7400,347.7400,347.7400
1787162189,347.7400,347.7400,347.7400,347.7400
1787162190,347.7400,347.7500,347.7300,347.7500
1787162191,347.7200,347.7200,347.7100,347.7100
1787162192,347.7000,347.7400,347.7000,347.7400
1787162197,347.7100,347.7100,347.7100,347.7100
1787162203,347.6800,347.6900,347.6800,347.6900
1787162204,347.6900,347.6900,347.6900,347.6900
1787162205,347.7100,347.7300,347.7000,347.7300
1787162208,347.7400,347.7800,347.7400,347.7800
1787162211,347.7600,347.7600,347.7500,347.7500
1787162221,347.8000,347.8000,347.8000,347.8000
1787162222,347.8100,347.8100,347.8100,347.8100
1787162224,347.8300,347.8800,347.8200,347.8700
1787162225,347.8600,347.8600,347.8600,347.8600
1787162227,347.8400,347.8400,347.8100,347.8100
1787162228,347.8100,347.8100,347.8100,347.8100
1787162229,347.8100,347.8100,347.7800,347.7800
1787162233,347.8100,347.8100,347.8100,347.8100
1787162236,347.8000,347.8000,347.7800,347.7800
1787162237,347.7800,347.7800,347.7800,347.7800
1787162239,347.7800,347.7800,347.7800,347.7800
1787162240,347.7700,347.7750,347.7700,347.7750
1787162242,347.7800,347.7800,347.7800,347.7800
1787162246,347.7700,347.7700,347.7400,347.7400
1787162248,347.7600,347.7600,347.7500,347.7500
1787162251,347.7300,347.7300,347.6900,347.6900
1787162257,347.6700,347.6700,347.6000,347.6400
1787162265,347.6400,347.6400,347.6400,347.6400
1787162266,347.6300,347.6300,347.6300,347.6300
1787162270,347.6600,347.6700,347.6600,347.6700
1787162271,347.6500,347.6550,347.6500,347.6550
1787162272,347.6550,347.6550,347.6550,347.6550
1787162274,347.6500,347.6500,347.5700,347.5700
1787162277,347.5600,347.5600,347.5200,347.5200
1787162279,347.5250,347.5400,347.5250,347.5400
1787162281,347.5300,347.5400,347.5300,347.5300
1787162284,347.5300,347.5300,347.5300,347.5300
1787162285,347.5300,347.5300,347.5300,347.5300
1787162286,347.5300,347.5300,347.5100,347.5100
1787162287,347.5000,347.5200,347.5000,347.5200
1787162290,347.5000,347.5100,347.5000,347.5100
1787162292,347.5400,347.6000,347.5400,347.6000
1787162294,347.6200,347.6300,347.6200,347.6300
1787162295,347.6500,347.6500,347.6400,347.6400
1787162296,347.6400,347.6400,347.6300,347.6300
1787162298,347.6500,347.6500,347.6500,347.6500
1787162302,347.7100,347.7600,347.7100,347.7600
1787162307,347.7700,347.8000,347.7700,347.8000
1787162310,347.8300,347.8300,347.8300,347.8300
1787162311,347.8200,347.8200,347.8200,347.8200
1787162312,347.8200,347.8400,347.8200,347.8400
1787162318,347.8300,347.8300,347.8200,347.8200
1787162319,347.8100,347.8100,347.8100,347.8100
1787162320,347.8000,347.8000,347.7800,347.7800
1787162322,347.7600,347.7600,347.7600,347.7600
1787162323,347.7500,347.7500,347.7200,347.7200
1787162324,347.7700,347.7900,347.7700,347.7900
1787162335,347.7800,347.7800,347.7800,347.7800
1787162336,347.7850,347.7850,347.7850,347.7850
1787162339,347.7700,347.7700,347.7350,347.7700
1787162340,347.7200,347.7200,347.7200,347.7200
1787162343,347.7700,347.7700,347.7700,347.7700
1787162345,347.7400,347.7400,347.7400,347.7400
1787162352,347.7000,347.7000,347.6600,347.6600
1787162354,347.6950,347.6950,347.6950,347.6950
1787162358,347.7000,347.7000,347.7000,347.7000
1787162364,347.6600,347.6600,347.6600,347.6600
1787162373,347.6600,347.6600,347.6000,347.6000
1787162374,347.6050,347.6050,347.6050,347.6050
1787162375,347.5900,347.6100,347.5700,347.6000
1787162376,347.6100,347.6100,347.6100,347.6100
1787162379,347.6100,347.6200,347.5950,347.6100
1787162381,347.6100,347.6100,347.6100,347.6100
1787162383,347.6100,347.6500,347.6100,347.6500
1787162384,347.6900,347.6900,347.6900,347.6900
1787162385,347.6900,347.7000,347.6900,347.6900
1787162386,347.7000,347.7400,347.7000,347.7300
1787162387,347.7300,347.7300,347.7300,347.7300
1787162391,347.7550,347.7700,347.7550,347.7700
1787162394,347.7300,347.7300,347.7300,347.7300
1787162395,347.7500,347.7550,347.7500,347.7550
1787162396,347.7300,347.7500,347.7200,347.7500
1787162399,347.7200,347.7200,347.7200,347.7200
1787162401,347.7500,347.7700,347.7500,347.7700
1787162402,347.7350,347.7600,347.7350,347.7600
1787162403,347.7350,347.7350,347.7200,347.7200
1787162406,347.7600,347.8100,347.7600,347.7700
1787162407,347.7700,347.8300,347.7700,347.8300
1787162408,347.7300,347.7300,347.7100,347.7100
1787162411,347.6700,347.6700,347.6700,347.6700
1787162412,347.6200,347.6200,347.5800,347.5800
1787162413,347.5750,347.5950,347.5750,347.5950
1787162414,347.6400,347.7300,347.6400,347.7300
1787162416,347.6800,347.6800,347.6800,347.6800
1787162417,347.7250,347.7250,347.7250,347.7250
1787162420,347.6800,347.7000,347.6800,347.7000
1787162422,347.7000,347.7000,347.7000,347.7000
1787162427,347.6800,347.6800,347.6500,347.6500
1787162431,347.7400,347.9800,347.7400,347.9300
1787162432,347.9600,347.9600,347.9600,347.9600
1787162433,347.9900,348.0300,347.9900,348.0200
1787162434,348.0600,348.0800,348.0600,348.0600
1787162435,348.0300,348.0300,348.0300,348.0300
1787162436,348.0150,348.0150,348.0150,348.0150
1787162437,347.9950,348.0000,347.9950,348.0000
1787162438,348.0150,348.0150,348.0150,348.0150
1787162440,348.0600,348.0600,348.0600,348.0600
1787162441,348.0500,348.0500,348.0500,348.0500
1787162442,348.0450,348.0450,348.0450,348.0450
1787162443,348.0600,348.0600,348.0600,348.0600
1787162444,348.0400,348.0400,348.0200,348.0200
1787162450,347.9900,347.9900,347.9800,347.9800
1787162452,348.0300,348.0300,348.0300,348.0300
1787162456,347.9800,347.9800,347.9800,347.9800
1787162460,347.9700,347.9700,347.9700,347.9700
1787162463,347.9300,347.9700,347.9300,347.9700
1787162467,348.0000,348.0100,348.0000,348.0100
1787162468,348.0200,348.0200,348.0200,348.0200
1787162471,347.9700,347.9700,347.9650,347.9650
1787162474,347.9800,347.9800,347.9800,347.9800
1787162475,347.9900,348.0800,347.9900,348.0800
1787162476,348.0800,348.0800,348.0800,348.0800
1787162479,348.0600,348.0600,348.0600,348.0600
1787162481,348.0600,348.0600,348.0600,348.0600
1787162482,348.0600,348.0600,348.0600,348.0600
1787162485,348.0900,348.0900,348.0900,348.0900
1787162489,348.0600,348.0600,348.0600,348.0600
1787162490,348.0900,348.0900,348.0900,348.0900
1787162491,348.1000,348.1500,348.1000,348.1500
1787162493,348.0900,348.0900,348.0900,348.0900
1787162495,348.1000,348.1000,348.1000,348.1000
1787162496,348.1300,348.1600,348.1300,348.1600
1787162498,348.1500,348.1500,348.1500,348.1500
1787162500,348.1600,348.1600,348.1600,348.1600
1787162501,348.1900,348.1900,348.1800,348.1800
1787162502,348.2000,348.2100,348.2000,348.2100
1787162504,348.2100,348.2300,348.2100,348.2300
1787162505,348.2400,348.2600,348.2300,348.2300
1787162506,348.2300,348.2300,348.2100,348.2100
1787162510,348.2000,348.2000,348.1900,348.1900
1787162511,348.1900,348.1900,348.1900,348.1900
1787162512,348.1900,348.1900,348.1800,348.1900
1787162515,348.2300,348.2500,348.2300,348.2500
1787162516,348.2700,348.2700,348.2700,348.2700
1787162519,348.2800,348.3100,348.2800,348.3000
1787162520,348.2800,348.3100,348.2600,348.2600
1787162521,348.2500,348.2550,348.2500,348.2500
1787162522,348.2400,348.2400,348.2400,348.2400
1787162523,348.2700,348.4000,348.2700,348.3700
1787162524,348.3700,348.4400,348.3700,348.4400
1787162525,348.4400,348.4400,348.4400,348.4400
1787162526,348.4400,348.4600,348.3700,348.3700
1787162527,348.4050,348.4050,348.4050,348.4050
1787162528,348.4050,348.4500,348.4050,348.4100
1787162529,348.4500,348.4700,348.4500,348.4600
1787162531,348.4800,348.4800,348.4800,348.4800
1787162532,348.4800,348.5100,348.4700,348.5100
1787162534,348.5500,348.5600,348.5500,348.5600
1787162535,348.5700,348.6400,348.5700,348.6400
1787162537,348.5900,348.5900,348.5900,348.5900
1787162539,348.6000,348.6100,348.5900,348.6100
1787162541,348.6300,348.7000,348.6200,348.7000
1787162542,348.7000,348.7100,348.6700,348.6700
1787162543,348.6600,348.6600,348.5500,348.5500
1787162547,348.5800,348.6000,348.5800,348.6000
1787162548,348.5700,348.5700,348.5600,348.5600
1787162549,348.5900,348.5900,348.5900,348.5900
1787162550,348.6000,348.6200,348.5900,348.5900
1787162551,348.6000,348.6200,348.5850,348.5850
1787162552,348.5900,348.5900,348.5500,348.5500
1787162553,348.5100,348.5200,348.4900,348.5200
1787162554,348.4800,348.4800,348.4800,348.4800
1787162555,348.5100,348.5400,348.5100,348.5400
1787162557,348.5400,348.5400,348.5400,348.5400
1787162559,348.4900,348.4900,348.4800,348.4800
1787162560,348.5300,348.5500,348.5300,348.5400
1787162561,348.5100,348.5100,348.5100,348.5100
1787162563,348.5200,348.5200,348.5200,348.5200
1787162568,348.5300,348.5300,348.5000,348.5000
1787162572,348.5200,348.5200,348.5200,348.5200
1787162574,348.5600,348.6200,348.5600,348.6200
1787162575,348.5900,348.6100,348.5700,348.6100
1787162576,348.6400,348.6500,348.6400,348.6500
1787162578,348.6500,348.6500,348.6500,348.6500
1787162579,348.7000,348.7000,348.7000,348.7000
1787162581,348.7300,348.7400,348.7300,348.7400
1787162583,348.7500,348.7500,348.7500,348.7500
1787162584,348.7700,348.7700,348.7700,348.7700
1787162585,348.7800,348.7800,348.7700,348.7700
1787162586,348.7600,348.7600,348.7200,348.7400
1787162587,348.7100,348.7100,348.7100,348.7100
1787162590,348.7100,348.7100,348.7100,348.7100
1787162591,348.6900,348.6900,348.6900,348.6900
1787162594,348.6800,348.6800,348.6800,348.6800
1787162595,348.6800,348.6800,348.5900,348.6200
1787162597,348.6300,348.7400,348.6300,348.7400
1787162598,348.7600,348.7600,348.7500,348.7500
1787162599,348.7600,348.7600,348.7600,348.7600
1787162600,348.7500,348.7800,348.7500,348.7800
1787162603,348.7800,348.8200,348.7800,348.8200
1787162605,348.8200,348.8200,348.8200,348.8200
1787162606,348.8100,348.8100,348.8100,348.8100
1787162608,348.8150,348.8400,348.8150,348.8400
1787162609,348.8400,348.8400,348.7800,348.7800
1787162610,348.7600,348.7600,348.7400,348.7500
1787162611,348.7400,348.7400,348.7000,348.7000
1787162612,348.7350,348.7350,348.7350,348.7350
1787162613,348.7200,348.7200,348.7200,348.7200
1787162616,348.7000,348.7000,348.7000,348.7000
1787162617,348.7000,348.7000,348.6900,348.6900
1787162618,348.6650,348.6650,348.6650,348.6650
1787162619,348.7000,348.7000,348.7000,348.7000
1787162620,348.6900,348.6900,348.6900,348.6900
1787162623,348.6900,348.6900,348.6900,348.6900
1787162624,348.7000,348.7000,348.7000,348.7000
1787162627,348.6900,348.6900,348.6800,348.6800
1787162631,348.6650,348.6650,348.6650,348.6650
1787162633,348.6500,348.6500,348.6500,348.6500
1787162634,348.6500,348.6500,348.6400,348.6400
1787162637,348.6450,348.6450,348.6450,348.6450
1787162638,348.6400,348.6400,348.6400,348.6400
1787162640,348.6400,348.6700,348.6400,348.6700
1787162641,348.6400,348.6400,348.5450,348.5600
1787162642,348.5650,348.5700,348.5650,348.5700
1787162643,348.5600,348.5600,348.5600,348.5600
1787162645,348.5550,348.5550,348.5550,348.5550
1787162646,348.5800,348.6000,348.5800,348.6000
1787162648,348.6200,348.6200,348.6200,348.6200
1787162650,348.6000,348.6000,348.5900,348.5900
1787162653,348.5900,348.5900,348.5600,348.5600
1787162654,348.5600,348.5600,348.5600,348.5600
1787162656,348.6000,348.6000,348.6000,348.6000
1787162658,348.5700,348.5700,348.5700,348.5700
1787162661,348.6200,348.7000,348.6200,348.7000
1787162662,348.7100,348.7100,348.7000,348.7000
1787162663,348.7050,348.7050,348.7050,348.7050
1787162664,348.7050,348.7050,348.7050,348.7050
1787162665,348.6900,348.6900,348.6800,348.6900
1787162666,348.6550,348.6800,348.6550,348.6800
1787162668,348.6300,348.6800,348.6100,348.6700
1787162669,348.7200,348.7500,348.7200,348.7500
1787162672,348.6900,348.6900,348.6800,348.6800
1787162673,348.7100,348.7100,348.7100,348.7100
1787162676,348.6300,348.6300,348.6100,348.6100
1787162677,348.6500,348.6600,348.6500,348.6600
1787162679,348.6800,348.6800,348.6800,348.6800
1787162680,348.6800,348.6900,348.6800,348.6900
1787162685,348.6700,348.6700,348.6500,348.6600
1787162686,348.6600,348.6600,348.6600,348.6600
1787162690,348.6100,348.6100,348.6000,348.6000
1787162692,348.5600,348.5600,348.5600,348.5600
1787162698,348.5300,348.5300,348.5300,348.5300
1787162699,348.5600,348.5600,348.5500,348.5500
1787162700,348.5500,348.5900,348.5500,348.5800
1787162701,348.5800,348.5800,348.5800,348.5800
1787162703,348.5800,348.5800,348.5800,348.5800
1787162704,348.5500,348.5500,348.5000,348.5000
1787162708,348.5300,348.5300,348.5300,348.5300
1787162711,348.5900,348.6200,348.5900,348.6200
1787162712,348.6300,348.6300,348.6300,348.6300
1787162714,348.6300,348.6500,348.6300,348.6500
1787162715,348.6500,348.6500,348.6200,348.6200
1787162716,348.6500,348.6500,348.6300,348.6300
1787162717,348.6300,348.6300,348.6300,348.6300
1787162718,348.6250,348.6300,348.6250,348.6300
1787162720,348.6600,348.6600,348.6600,348.6600
1787162728,348.6800,348.6800,348.5900,348.5900
1787162729,348.5700,348.5700,348.5700,348.5700
1787162730,348.5600,348.5600,348.5600,348.5600
1787162733,348.5300,348.5300,348.5300,348.5300
1787162734,348.5200,348.5200,348.4600,348.4600
1787162737,348.4400,348.4500,348.4400,348.4500
1787162740,348.4200,348.4200,348.4200,348.4200
1787162741,348.3800,348.3800,348.3700,348.3700
1787162742,348.3250,348.3250,348.2900,348.2900
1787162743,348.2800,348.2950,348.2800,348.2950
1787162744,348.2900,348.3500,348.2900,348.3400
1787162746,348.4000,348.4600,348.4000,348.4600
1787162750,348.4200,348.4200,348.4200,348.4200
1787162752,348.3700,348.3700,348.3700,348.3700
1787162754,348.4000,348.4000,348.4000,348.4000
1787162755,348.3700,348.3700,348.3700,348.3700
1787162756,348.3600,348.3600,348.3400,348.3400
1787162759,348.3400,348.3400,348.3300,348.3300
1787162760,348.3600,348.3600,348.3600,348.3600
1787162765,348.3200,348.3200,348.3200,348.3200
1787162766,348.3100,348.3200,348.3000,348.3000
1787162768,348.2900,348.2900,348.2900,348.2900
1787162771,348.2700,348.2700,348.2700,348.2700
1787162772,348.2900,348.2900,348.2900,348.2900
1787162773,348.2700,348.2700,348.2600,348.2600
1787162774,348.2500,348.2500,348.2000,348.2150
1787162775,348.2250,348.3000,348.2250,348.3000
1787162776,348.3400,348.4000,348.3400,348.4000
1787162777,348.4100,348.4200,348.4100,348.4200
1787162780,348.4200,348.4300,348.4200,348.4300
1787162782,348.3900,348.3900,348.3800,348.3900
1787162784,348.3900,348.3900,348.3900,348.3900
1787162786,348.3900,348.3900,348.3900,348.3900
1787162787,348.4150,348.4150,348.4150,348.4150
1787162789,348.4150,348.4600,348.4150,348.4600
1787162791,348.4200,348.4200,348.3550,348.3600
1787162793,348.4100,348.4100,348.4100,348.4100
1787162796,348.4700,348.5000,348.4700,348.5000
1787162798,348.4600,348.4800,348.4000,348.4000
1787162804,348.4150,348.4150,348.4150,348.4150
1787162805,348.3800,348.3800,348.3700,348.3700
1787162808,348.3600,348.3700,348.3500,348.3700
1787162810,348.3100,348.3100,348.3100,348.3100
1787162811,348.2900,348.2900,348.2900,348.2900
1787162813,348.2700,348.2700,348.2500,348.2500
1787162814,348.2300,348.2300,348.2100,348.2100
1787162815,348.2100,348.2100,348.2100,348.2100
1787162817,348.1700,348.1700,348.1700,348.1700
1787162819,348.1700,348.1700,348.1500,348.1500
1787162820,348.1500,348.1500,348.1500,348.1500
1787162821,348.1400,348.1400,348.0800,348.1200
1787162822,348.0950,348.0950,348.0950,348.0950
1787162823,348.0800,348.1200,348.0300,348.1200
1787162826,348.0900,348.0900,348.0900,348.0900
1787162828,348.0900,348.0900,348.0900,348.0900
1787162830,348.0900,348.0900,348.0500,348.0800
1787162831,348.1000,348.1100,348.1000,348.1100
1787162832,348.1400,348.1500,348.1400,348.1500
1787162835,348.1700,348.1800,348.1700,348.1800
1787162836,348.2000,348.2000,348.2000,348.2000
1787162837,348.2200,348.2200,348.2200,348.2200
1787162838,348.2200,348.2400,348.2200,348.2400
1787162839,348.2600,348.2700,348.2600,348.2700
1787162840,348.2800,348.3000,348.2800,348.3000
1787162842,348.2700,348.2700,348.2450,348.2450
1787162844,348.2800,348.2800,348.2800,348.2800
1787162845,348.2900,348.2900,348.2900,348.2900
1787162846,348.3200,348.3200,348.3200,348.3200
1787162849,348.3000,348.3100,348.3000,348.3100
1787162850,348.2800,348.2800,348.2600,348.2600
1787162851,348.2400,348.2400,348.2400,348.2400
1787162852,348.2400,348.2400,348.2000,348.2000
1787162854,348.2000,348.2000,348.1300,348.1300
1787162855,348.0800,348.0800,348.0000,348.0100
1787162856,348.0200,348.0200,348.0200,348.0200
1787162857,347.9900,347.9900,347.8700,347.8700
1787162858,347.8850,347.9200,347.8850,347.9200
1787162861,347.9300,347.9300,347.9300,347.9300
1787162862,347.9800,347.9800,347.9800,347.9800
1787162864,347.9600,347.9600,347.9000,347.9000
1787162865,347.9500,347.9500,347.9500,347.9500
1787162866,347.9600,347.9700,347.9600,347.9700
1787162867,348.0200,348.0300,348.0200,348.0300
1787162871,348.0200,348.0200,348.0100,348.0100
1787162872,348.0200,348.0200,348.0100,348.0100
1787162874,348.0100,348.0200,348.0000,348.0200
1787162875,348.1000,348.1400,348.1000,348.1300
1787162876,348.1000,348.1000,348.0800,348.0800
1787162878,348.0800,348.0800,348.0800,348.0800
1787162879,348.0800,348.0800,348.0800,348.0800
1787162880,348.0800,348.0800,348.0800,348.0800
1787162883,348.0900,348.0900,348.0900,348.0900
1787162884,348.0900,348.0900,348.0300,348.0300
1787162887,348.0000,348.0000,347.9900,347.9900
1787162888,347.9500,347.9500,347.9400,347.9400
1787162889,347.9700,348.0400,347.9700,348.0400
1787162890,348.0000,348.0000,348.0000,348.0000
1787162895,348.0050,348.0300,348.0050,348.0300
1787162896,348.0000,348.0000,347.9800,347.9800
1787162898,347.9600,347.9700,347.9600,347.9700
1787162900,347.9700,347.9700,347.9700,347.9700
1787162902,347.9400,347.9400,347.9100,347.9100
1787162903,347.9000,347.9000,347.8900,347.8900
1787162904,347.8900,347.8900,347.8900,347.8900
1787162905,347.9250,347.9500,347.9250,347.9500
1787162908,347.9100,347.9200,347.8800,347.8800
1787162910,347.9000,347.9000,347.9000,347.9000
1787162914,347.8600,347.8700,347.7900,347.7900
1787162915,347.7700,347.7900,347.7600,347.7900
1787162916,347.8000,347.8300,347.8000,347.8300
1787162917,347.8400,347.8500,347.8200,347.8200
1787162919,347.8800,347.8800,347.8800,347.8800
1787162920,347.8800,347.8800,347.8800,347.8800
1787162923,347.8800,347.8800,347.8800,347.8800
1787162925,347.8400,347.8400,347.8400,347.8400
1787162930,347.8000,347.8000,347.8000,347.8000
1787162934,347.8100,347.8100,347.8000,347.8000
1787162937,347.8000,347.8100,347.7900,347.7900
1787162939,347.7600,347.7600,347.7300,347.7500
1787162941,347.7600,347.7600,347.7600,347.7600
1787162943,347.7000,347.7100,347.6850,347.7000
1787162944,347.6800,347.6800,347.6800,347.6800
1787162946,347.7100,347.7100,347.7100,347.7100
1787162948,347.6800,347.6800,347.6500,347.6500
1787162950,347.6100,347.6100,347.6000,347.6000
1787162952,347.5500,347.5500,347.5300,347.5300
1787162956,347.5300,347.5700,347.5300,347.5700
1787162957,347.5700,347.5700,347.5700,347.5700
1787162958,347.5200,347.5200,347.4900,347.4900
1787162959,347.4600,347.4600,347.4200,347.4200
1787162960,347.4500,347.4500,347.4500,347.4500
1787162961,347.4200,347.4200,347.4000,347.4200
1787162962,347.4600,347.4900,347.4600,347.4900
1787162963,347.4800,347.4800,347.4450,347.4450
1787162964,347.3800,347.3800,347.3800,347.3800
1787162965,347.3850,347.5000,347.3850,347.5000
1787162967,347.5050,347.5050,347.4900,347.4900
1787162970,347.5300,347.5500,347.5300,347.5500
1787162971,347.5700,347.5700,347.5500,347.5500
1787162972,347.5700,347.5700,347.5700,347.5700
1787162975,347.5400,347.5400,347.5100,347.5100
1787162979,347.5400,347.5400,347.5400,347.5400
1787162984,347.5250,347.5250,347.5250,347.5250
1787162986,347.5400,347.5400,347.5400,347.5400
1787162987,347.5000,347.5000,347.4700,347.4700
1787162988,347.4900,347.7100,347.4900,347.7100
1787162989,347.6700,347.6700,347.6600,347.6600
1787162990,347.6400,347.6400,347.6300,347.6300
1787162993,347.6100,347.6100,347.6100,347.6100
1787162996,347.5600,347.5600,347.5500,347.5600
1787162997,347.5750,347.5750,347.5750,347.5750
1787163002,347.5600,347.5900,347.5600,347.5900
1787163003,347.6000,347.6100,347.6000,347.6100
1787163004,347.6200,347.6200,347.6100,347.6100
1787163005,347.5900,347.5900,347.5700,347.5700
1787163006,347.5900,347.6000,347.5900,347.5900
1787163007,347.6000,347.6200,347.6000,347.6200
1787163009,347.6400,347.6400,347.6400,347.6400
1787163010,347.6600,347.6800,347.6600,347.6800
1787163012,347.6500,347.6500,347.6500,347.6500
1787163013,347.6300,347.6300,347.5700,347.5700
1787163015,347.6300,347.6300,347.6300,347.6300
1787163018,347.6600,347.7000,347.6600,347.6900
1787163022,347.6900,347.6900,347.6900,347.6900
1787163023,347.6800,347.6800,347.6800,347.6800
1787163024,347.6700,347.6700,347.6500,347.6500
1787163025,347.6800,347.7350,347.6800,347.7200
1787163026,347.7400,347.7400,347.7400,347.7400
1787163027,347.7400,347.7400,347.7200,347.7200
1787163029,347.6700,347.6700,347.6400,347.6400
1787163030,347.6600,347.6600,347.6100,347.6100
1787163031,347.6050,347.6050,347.5800,347.5800
1787163032,347.5900,347.5900,347.5900,347.5900
1787163033,347.5900,347.5900,347.5100,347.5350
1787163035,347.5350,347.5500,347.5350,347.5500
1787163036,347.5700,347.5700,347.5500,347.5700
1787163039,347.5600,347.5600,347.5400,347.5400
1787163042,347.5600,347.5600,347.5600,347.5600
1787163043,347.5900,347.6300,347.5900,347.6300
1787163044,347.5950,347.5950,347.5950,347.5950
1787163045,347.5950,347.6400,347.5950,347.6300
1787163046,347.6100,347.6100,347.6000,347.6000
1787163047,347.5900,347.5900,347.5900,347.5900
1787163051,347.6000,347.6000,347.6000,347.6000
1787163056,347.6000,347.6000,347.5800,347.5800
1787163058,347.5800,347.5800,347.5800,347.5800
1787163059,347.5600,347.5600,347.4150,347.4150
1787163061,347.4450,347.4700,347.4450,347.4700
1787163062,347.4600,347.4600,347.4600,347.4600
1787163063,347.5000,347.5100,347.4800,347.4800
1787163064,347.4800,347.4800,347.4800,347.4800
1787163066,347.5000,347.5000,347.5000,347.5000
1787163067,347.4700,347.4700,347.4500,347.4500
1787163068,347.4700,347.4700,347.4700,347.4700
1787163070,347.4700,347.4700,347.4700,347.4700
1787163072,347.4950,347.4950,347.4950,347.4950
1787163075,347.5050,347.5050,347.5050,347.5050
1787163077,347.4800,347.4800,347.4800,347.4800
1787163080,347.5100,347.5600,347.5100,347.5600
1787163081,347.5900,347.6100,347.5900,347.6100
1787163082,347.6200,347.6600,347.6200,347.6600
1787163083,347.6600,347.6600,347.6300,347.6300
1787163088,347.6800,347.7000,347.6800,347.7000
1787163089,347.6900,347.6900,347.6900,347.6900
1787163090,347.7100,347.7100,347.7100,347.7100
1787163093,347.7700,347.7700,347.7700,347.7700
1787163095,347.7900,347.7900,347.7300,347.7300
1787163096,347.7500,347.7900,347.7500,347.7900
1787163097,347.8400,347.8700,347.8400,347.8700
1787163098,347.8800,347.8800,347.8800,347.8800
1787163100,347.8900,347.9000,347.8900,347.9000
1787163105,347.9200,347.9300,347.9100,347.9300
1787163106,347.9500,348.0200,347.9500,348.0200
1787163107,348.0200,348.0200,348.0200,348.0200
1787163108,348.0200,348.0200,348.0200,348.0200
1787163110,348.0100,348.0100,347.9900,347.9900
1787163112,348.0400,348.0400,348.0400,348.0400
1787163113,348.0500,348.0600,348.0400,348.0400
1787163114,348.0350,348.0900,348.0350,348.0900
1787163115,348.1000,348.1300,348.1000,348.1300
1787163117,348.1500,348.1500,348.1500,348.1500
1787163119,348.1300,348.1300,348.1200,348.1300
1787163121,348.1000,348.1100,348.0900,348.1100
1787163127,348.1600,348.2700,348.1600,348.2700
1787163129,348.2900,348.2900,348.2900,348.2900
1787163130,348.3000,348.3000,348.2900,348.2900
1787163133,348.2900,348.2900,348.2800,348.2800
1787163134,348.2500,348.2500,348.2300,348.2300
1787163135,348.2300,348.2300,348.2300,348.2300
1787163142,348.2200,348.2200,348.2200,348.2200
1787163144,348.2400,348.2500,348.2400,348.2500
1787163145,348.2500,348.2700,348.2500,348.2700
1787163146,348.2900,348.2900,348.2900,348.2900
1787163154,348.3250,348.3250,348.3250,348.3250
1787163156,348.3400,348.3600,348.2700,348.2700
1787163158,348.3100,348.3100,348.3100,348.3100
1787163159,348.2600,348.2600,348.1600,348.1600
1787163163,348.1200,348.1200,348.1000,348.1000
1787163167,348.1600,348.1800,348.1600,348.1800
1787163171,348.2050,348.2100,348.2050,348.2050
1787163172,348.2050,348.2050,348.2000,348.2000
1787163173,348.2100,348.2200,348.2000,348.2100
1787163175,348.2000,348.2000,348.1600,348.1600
1787163180,348.1200,348.1300,348.0800,348.0800
1787163182,348.1200,348.1500,348.1200,348.1500
1787163185,348.1300,348.1300,348.1300,348.1300
1787163186,348.1000,348.1000,348.1000,348.1000
1787163190,348.1300,348.1300,348.1300,348.1300
1787163192,348.1600,348.2500,348.1600,348.2500
1787163193,348.2800,348.2850,348.2700,348.2700
1787163194,348.2900,348.3000,348.2900,348.3000
1787163197,348.3700,348.4000,348.3500,348.3500
1787163198,348.3100,348.3100,348.2600,348.3000
1787163201,348.2800,348.3000,348.2800,348.3000
1787163206,348.2400,348.2400,348.2400,348.2400
1787163208,348.2900,348.2900,348.2900,348.2900
1787163210,348.2600,348.2600,348.2600,348.2600
1787163212,348.2900,348.2900,348.2900,348.2900
1787163213,348.2400,348.2400,348.2400,348.2400
1787163214,348.2100,348.2100,348.1400,348.1750
1787163215,348.2100,348.2300,348.2100,348.2300
1787163219,348.2050,348.2050,348.2050,348.2050
1787163223,348.2200,348.2200,348.1800,348.1800
1787163224,348.2150,348.2150,348.2150,348.2150
1787163225,348.2100,348.2150,348.2100,348.2150
1787163226,348.2200,348.2200,348.2200,348.2200
1787163227,348.2400,348.2400,348.2150,348.2150
1787163229,348.2200,348.2700,348.2200,348.2700
1787163230,348.2700,348.2700,348.2700,348.2700
1787163232,348.2100,348.2100,348.2000,348.2000
1787163233,348.1700,348.1900,348.1700,348.1900
1787163235,348.1500,348.1500,348.0900,348.0900
1787163236,348.0900,348.0900,348.0900,348.0900
1787163240,348.0500,348.0500,348.0400,348.0400
1787163241,348.0500,348.0500,348.0100,348.0100
1787163242,348.0000,348.0200,347.9600,348.0200
1787163243,348.0800,348.0800,348.0700,348.0700
1787163244,348.0600,348.0600,348.0500,348.0500
1787163251,348.1000,348.1300,348.1000,348.1200
1787163253,348.1100,348.1100,348.0800,348.0800
1787163254,348.1300,348.1300,348.1300,348.1300
1787163259,348.1500,348.1500,348.1500,348.1500
1787163261,348.1700,348.1800,348.1700,348.1800
1787163263,348.1400,348.1500,348.1400,348.1500
1787163268,348.1400,348.1400,348.1400,348.1400
1787163271,348.1500,348.1600,348.1500,348.1500
1787163272,348.1200,348.1200,348.1100,348.1200
1787163276,348.0900,348.0900,348.0800,348.0800
1787163277,348.1000,348.1100,348.1000,348.1100
1787163278,348.0800,348.0800,348.0800,348.0800
1787163279,348.0600,348.0600,348.0600,348.0600
1787163280,348.0400,348.0400,348.0400,348.0400
1787163286,348.0300,348.0300,348.0300,348.0300
1787163289,348.0000,348.0000,347.9600,347.9600
1787163290,347.9900,348.0000,347.9500,347.9500
1787163292,347.9400,347.9600,347.9400,347.9600
1787163293,347.9900,347.9900,347.9900,347.9900
1787163295,347.9500,347.9500,347.9300,347.9300
1787163296,347.9400,347.9400,347.9300,347.9300
1787163297,347.9400,347.9500,347.9400,347.9400
1787163300,347.9900,347.9900,347.8000,347.8800
1787163303,347.9500,347.9500,347.9300,347.9400
1787163304,347.9300,347.9300,347.8400,347.8400
1787163311,347.8300,347.8300,347.8300,347.8300
1787163312,347.8400,347.8400,347.8100,347.8100
1787163315,347.8100,347.8100,347.8100,347.8100
1787163316,347.8500,347.8900,347.8500,347.8700
1787163317,347.8900,347.8900,347.8900,347.8900
1787163319,347.8700,347.8700,347.8700,347.8700
1787163320,347.8600,347.8600,347.8100,347.8400
1787163321,347.8400,347.8400,347.8400,347.8400
1787163322,347.8700,347.8700,347.8700,347.8700
1787163323,347.8400,347.8400,347.8400,347.8400
1787163325,347.8500,347.8500,347.8400,347.8400
1787163326,347.8100,347.8100,347.7900,347.7900
1787163328,347.7300,347.7300,347.7000,347.7000
1787163330,347.7050,347.7700,347.7050,347.7700
1787163331,347.7650,347.7650,347.7650,347.7650
1787163332,347.7750,347.7750,347.7600,347.7600
1787163333,347.7500,347.7500,347.7500,347.7500
1787163339,347.7300,347.7300,347.7300,347.7300
1787163342,347.7300,347.7300,347.7000,347.7000
1787163344,347.7000,347.7000,347.7000,347.7000
1787163345,347.7000,347.7100,347.7000,347.7000
1787163348,347.7000,347.7000,347.7000,347.7000
1787163353,347.7000,347.7000,347.7000,347.7000
1787163354,347.6900,347.6900,347.6300,347.6300
1787163355,347.6350,347.6600,347.6350,347.6600
1787163357,347.6400,347.6400,347.6400,347.6400
1787163358,347.6450,347.6450,347.6450,347.6450
1787163360,347.6300,347.7100,347.6300,347.7100
1787163362,347.7050,347.7050,347.7050,347.7050
1787163363,347.7200,347.7200,347.6700,347.6700
1787163364,347.6400,347.6400,347.6000,347.6000
1787163365,347.6000,347.6000,347.6000,347.6000
1787163367,347.6000,347.6700,347.6000,347.6700
1787163368,347.6600,347.6600,347.6600,347.6600
1787163373,347.6000,347.6000,347.5900,347.5900
1787163374,347.5700,347.5700,347.5600,347.5600
1787163378,347.5700,347.5700,347.5700,347.5700
1787163379,347.5600,347.5600,347.5500,347.5500
1787163380,347.5200,347.5200,347.5200,347.5200
1787163381,347.5300,347.5300,347.5100,347.5100
1787163382,347.5100,347.5100,347.5100,347.5100
1787163384,347.5100,347.5300,347.5000,347.5000
1787163387,347.4900,347.5100,347.4900,347.5100
1787163388,347.5200,347.5300,347.5200,347.5300
1787163392,347.5300,347.5300,347.5200,347.5200
1787163393,347.5200,347.5200,347.4900,347.4900
1787163395,347.5000,347.5000,347.5000,347.5000
1787163398,347.4900,347.4900,347.4900,347.4900
1787163400,347.5300,347.5300,347.5300,347.5300
1787163401,347.5600,347.5600,347.5600,347.5600
1787163406,347.5700,347.5700,347.5700,347.5700
1787163407,347.5900,347.6000,347.5900,347.6000
1787163409,347.6350,347.6350,347.6350,347.6350
1787163411,347.6500,347.6500,347.6500,347.6500
1787163413,347.6800,347.6900,347.6800,347.6900
1787163414,347.6900,347.6900,347.6800,347.6800
1787163421,347.6800,347.7000,347.6800,347.6900
1787163424,347.6600,347.6600,347.6500,347.6500
1787163427,347.6700,347.6700,347.6700,347.6700
1787163429,347.6300,347.6300,347.5900,347.5900
1787163433,347.6000,347.6000,347.6000,347.6000
1787163435,347.6100,347.6100,347.6100,347.6100
1787163436,347.6100,347.6100,347.6100,347.6100
1787163437,347.5800,347.5800,347.5500,347.5800
1787163440,347.5500,347.5500,347.5100,347.5100
1787163441,347.4900,347.4900,347.4900,347.4900
1787163442,347.4800,347.5100,347.4600,347.5100
1787163444,347.5100,347.5200,347.5100,347.5200
1787163446,347.5000,347.5000,347.5000,347.5000
1787163450,347.4800,347.4800,347.4800,347.4800
1787163452,347.4500,347.4500,347.3500,347.3500
1787163453,347.3200,347.3600,347.3000,347.3600
1787163455,347.3550,347.3550,347.3550,347.3550
1787163457,347.3400,347.4000,347.3400,347.4000
1787163458,347.4500,347.4600,347.4500,347.4600
1787163459,347.4600,347.4600,347.4600,347.4600
1787163460,347.5100,347.5100,347.5100,347.5100
1787163463,347.5300,347.5400,347.5300,347.5400
1787163464,347.5500,347.5700,347.5500,347.5700
1787163466,347.5900,347.6200,347.5900,347.6000
1787163468,347.6400,347.6400,347.6100,347.6100
1787163471,347.6500,347.6800,347.6500,347.6800
1787163475,347.6750,347.6750,347.6750,347.6750
1787163476,347.6750,347.6900,347.6750,347.6900
1787163478,347.6600,347.6600,347.5700,347.5700
1787163480,347.5600,347.5600,347.5600,347.5600
1787163483,347.5900,347.6300,347.5400,347.5900
1787163484,347.5200,347.5200,347.5200,347.5200
1787163490,347.5300,347.5600,347.5300,347.5600
1787163492,347.5500,347.5500,347.5500,347.5500
1787163494,347.5700,347.5700,347.5000,347.5000
1787163497,347.5100,347.5100,347.5100,347.5100
1787163499,347.5150,347.5150,347.5150,347.5150
1787163503,347.5400,347.5500,347.5400,347.5500
1787163505,347.5800,347.6200,347.5800,347.6200
1787163506,347.6400,347.6600,347.6400,347.6600
1787163508,347.7300,347.7500,347.7300,347.7300
1787163509,347.6900,347.6900,347.6700,347.6700
1787163510,347.6600,347.6600,347.6600,347.6600
1787163513,347.7000,347.7000,347.7000,347.7000
1787163515,347.7400,347.7400,347.7400,347.7400
1787163516,347.7500,347.7500,347.7500,347.7500
1787163518,347.7500,347.7500,347.7500,347.7500
1787163519,347.7500,347.7500,347.7500,347.7500
1787163521,347.8000,347.8100,347.7900,347.8000
1787163524,347.7700,347.7700,347.7700,347.7700
1787163526,347.7400,347.7600,347.7400,347.7600
1787163527,347.7550,347.7550,347.7550,347.7550
1787163528,347.7500,347.7700,347.7500,347.7700
1787163531,347.7550,347.7600,347.7550,347.7600
1787163532,347.7800,347.7800,347.7800,347.7800
1787163533,347.7800,347.7800,347.7800,347.7800
1787163534,347.7800,347.7800,347.7800,347.7800
1787163536,347.7300,347.7300,347.7100,347.7100
1787163540,347.7600,347.7600,347.7500,347.7500
1787163541,347.7900,347.7900,347.7900,347.7900
1787163544,347.7500,347.7500,347.7500,347.7500
1787163545,347.7400,347.7400,347.7100,347.7100
1787163546,347.7500,347.7500,347.7500,347.7500
1787163547,347.7200,347.7200,347.7200,347.7200
1787163548,347.7300,347.7300,347.7300,347.7300
1787163551,347.7600,347.7600,347.7600,347.7600
1787163553,347.7700,347.7700,347.7700,347.7700
1787163555,347.7700,347.8000,347.7700,347.8000
1787163557,347.7900,347.7900,347.7900,347.7900
1787163561,347.7150,347.7400,347.7150,347.7400
1787163563,347.7500,347.7500,347.7250,347.7250
1787163565,347.7500,347.7500,347.7500,347.7500
1787163566,347.7100,347.7100,347.7000,347.7000
1787163570,347.6900,347.6900,347.6900,347.6900
1787163571,347.6800,347.6800,347.6550,347.6550
1787163575,347.6200,347.6200,347.6000,347.6000
1787163579,347.6300,347.6300,347.6200,347.6200
1787163581,347.6600,347.6700,347.6300,347.6300
1787163584,347.6500,347.6500,347.6500,347.6500
1787163589,347.6100,347.6100,347.6000,347.6000
1787163594,347.6150,347.6150,347.6150,347.6150
1787163600,347.6100,347.6100,347.6100,347.6100
1787163602,347.5800,347.5800,347.5700,347.5700
1787163603,347.5650,347.5650,347.5200,347.5200
1787163605,347.6000,347.6100,347.6000,347.6100
1787163606,347.5700,347.5700,347.5700,347.5700
1787163612,347.5300,347.5700,347.5300,347.5700
1787163614,347.6000,347.6000,347.6000,347.6000
1787163616,347.5800,347.5800,347.5800,347.5800
1787163617,347.6200,347.6500,347.6200,347.6500
1787163618,347.6800,347.7000,347.6800,347.7000
1787163625,347.6600,347.6600,347.6500,347.6500
1787163630,347.6600,347.6600,347.6600,347.6600
1787163634,347.6300,347.6300,347.6300,347.6300
1787163640,347.6250,347.6250,347.6250,347.6250
1787163644,347.6600,347.6600,347.6600,347.6600
1787163645,347.6600,347.6600,347.6600,347.6600
1787163647,347.7000,347.7400,347.7000,347.7400
1787163648,347.7200,347.7200,347.7200,347.7200
1787163650,347.7000,347.7000,347.6800,347.6800
1787163652,347.6500,347.6500,347.6500,347.6500
1787163653,347.6400,347.6400,347.6400,347.6400
1787163654,347.6400,347.6400,347.6200,347.6200
1787163655,347.6600,347.6700,347.6600,347.6700
1787163656,347.7100,347.7100,347.7100,347.7100
1787163658,347.7500,347.8000,347.7500,347.8000
1787163660,347.8500,347.8500,347.8500,347.8500
1787163661,347.8700,347.8700,347.8400,347.8600
1787163664,347.8700,347.8700,347.8400,347.8700
1787163665,347.8900,347.9500,347.8900,347.9500
1787163668,347.9600,347.9800,347.9600,347.9800
1787163669,347.9800,347.9900,347.9800,347.9800
1787163670,347.9700,347.9700,347.9600,347.9650
1787163672,347.9500,347.9500,347.9500,347.9500
1787163675,347.9400,347.9400,347.9400,347.9400
1787163676,347.9900,347.9900,347.9900,347.9900
1787163678,347.9800,347.9800,347.9800,347.9800
1787163679,347.9300,347.9300,347.9300,347.9300
1787163682,347.9000,347.9000,347.8900,347.8900
1787163684,347.9300,347.9300,347.9100,347.9100
1787163685,347.9400,347.9500,347.9400,347.9400
1787163687,347.9500,347.9500,347.9500,347.9500
1787163688,347.9700,348.0000,347.9700,347.9900
1787163689,347.9800,347.9800,347.9800,347.9800
1787163690,347.9550,347.9550,347.9550,347.9550
1787163691,348.0000,348.0050,348.0000,348.0050
1787163692,348.0000,348.0000,348.0000,348.0000
1787163693,348.0100,348.0100,348.0000,348.0000
1787163695,348.0100,348.0100,347.9900,347.9900
1787163696,347.9700,347.9700,347.9500,347.9500
1787163699,347.9900,347.9900,347.9900,347.9900
1787163700,347.9750,347.9750,347.9750,347.9750
1787163701,347.9900,348.0400,347.9900,348.0400
1787163703,348.0500,348.0700,348.0500,348.0700
1787163705,348.0500,348.1000,348.0500,348.1000
1787163707,348.1100,348.1200,348.1000,348.1100
1787163711,348.1400,348.1600,348.1400,348.1600
1787163712,348.1800,348.1900,348.1800,348.1900
1787163713,348.1700,348.1700,348.1300,348.1300
1787163716,348.1900,348.1900,348.1900,348.1900
1787163718,348.1900,348.1900,348.1900,348.1900
1787163719,348.1700,348.1700,348.1500,348.1500
1787163720,348.1500,348.1500,348.1500,348.1500
1787163722,348.1550,348.1600,348.1550,348.1600
1787163723,348.1300,348.1300,348.1000,348.1300
1787163725,348.0400,348.0400,347.9900,347.9900
1787163726,347.9950,347.9950,347.9950,347.9950
1787163729,347.9200,347.9500,347.9200,347.9300
1787163731,347.9400,347.9700,347.9400,347.9700
1787163734,347.9600,347.9600,347.9600,347.9600
1787163737,347.9900,348.0000,347.9700,347.9700
1787163740,348.0300,348.0600,348.0300,348.0600
1787163745,348.0200,348.0200,348.0200,348.0200
1787163749,348.0300,348.0500,348.0300,348.0500
1787163750,348.0700,348.0900,348.0700,348.0900
1787163751,348.0700,348.0700,348.0700,348.0700
1787163752,348.0700,348.0700,348.0700,348.0700
1787163753,348.0600,348.0600,348.0600,348.0600
1787163758,348.0400,348.0400,347.9900,347.9900
1787163759,347.9700,347.9700,347.9700,347.9700
1787163761,348.0050,348.0050,348.0050,348.0050
1787163763,348.0000,348.0000,348.0000,348.0000
1787163764,348.0050,348.0050,348.0050,348.0050
1787163766,347.9600,347.9700,347.9600,347.9700
1787163769,347.9500,347.9500,347.9500,347.9500
1787163772,347.8700,347.8700,347.8500,347.8500
1787163775,347.8600,347.8600,347.8600,347.8600
1787163781,347.8500,347.8500,347.7600,347.7600
1787163787,347.8100,347.8100,347.8100,347.8100
1787163789,347.8100,347.8100,347.8000,347.8000
1787163792,347.7800,347.7900,347.7800,347.7800
1787163793,347.7900,347.7900,347.7900,347.7900
1787163794,347.7900,347.7900,347.7900,347.7900
1787163795,347.8200,347.8600,347.8200,347.8600
1787163796,347.9000,347.9000,347.9000,347.9000
1787163797,347.9050,347.9200,347.9050,347.9200
1787163798,347.9600,347.9600,347.9400,347.9400
1787163801,347.9300,347.9300,347.8500,347.8500
1787163805,347.8500,347.8500,347.8500,347.8500
1787163806,347.8800,347.8800,347.8800,347.8800
1787163807,347.8550,347.8550,347.8550,347.8550
1787163808,347.8900,347.8900,347.8900,347.8900
1787163809,347.8800,347.8800,347.8700,347.8700
1787163810,347.8800,347.8900,347.8800,347.8800
1787163813,347.8200,347.8200,347.8000,347.8000
1787163814,347.7700,347.7700,347.7600,347.7600
1787163815,347.7400,347.7400,347.7400,347.7400
1787163817,347.7450,347.7450,347.7000,347.7100
1787163820,347.7450,347.7450,347.7450,347.7450
1787163824,347.7700,347.7800,347.7450,347.7700
1787163825,347.7500,347.7800,347.7500,347.7800
1787163827,347.8100,347.8200,347.8100,347.8200
1787163829,347.9200,347.9200,347.8700,347.8700
1787163841,347.8700,347.8700,347.8700,347.8700
1787163845,347.8700,347.8700,347.8700,347.8700
1787163847,347.8500,347.8500,347.8100,347.8250
1787163851,347.8100,347.8100,347.8100,347.8100
1787163852,347.8000,347.8000,347.8000,347.8000
1787163854,347.8300,347.8300,347.8300,347.8300
1787163857,347.7900,347.8300,347.7800,347.8300
1787163858,347.7800,347.7800,347.7800,347.7800
1787163860,347.8200,347.8200,347.8050,347.8050
1787163861,347.7800,347.7800,347.7800,347.7800
1787163863,347.7800,347.7800,347.7800,347.7800
1787163864,347.7700,347.7700,347.7700,347.7700
1787163868,347.8000,347.8100,347.8000,347.8100
1787163873,347.7900,347.7900,347.7800,347.7800
1787163876,347.8100,347.8200,347.8100,347.8200
1787163880,347.8000,347.8000,347.8000,347.8000
1787163882,347.8050,347.8500,347.8050,347.8500
1787163887,347.8700,347.8700,347.8700,347.8700
1787163890,347.8900,347.8900,347.8900,347.8900
1787163893,347.9100,347.9100,347.9100,347.9100
1787163897,347.9100,347.9200,347.9100,347.9200
1787163899,347.9200,347.9200,347.9200,347.9200
1787163900,347.9400,347.9400,347.9400,347.9400
1787163907,347.8700,347.8700,347.8700,347.8700
1787163910,347.8900,347.8900,347.8900,347.8900
1787163911,347.9000,347.9000,347.9000,347.9000
1787163912,347.9100,347.9100,347.9100,347.9100
1787163918,347.9400,347.9500,347.9200,347.9200
1787163919,347.9100,347.9100,347.8700,347.8700
1787163925,347.8700,347.8800,347.8500,347.8500
1787163926,347.8900,347.8900,347.8900,347.8900
1787163927,347.8900,347.8900,347.8800,347.8800
1787163928,347.9000,347.9000,347.9000,347.9000
1787163930,347.9100,347.9100,347.9100,347.9100
1787163936,347.9100,347.9100,347.9100,347.9100
1787163938,347.8700,347.8850,347.8700,347.8850
1787163940,347.8400,347.8400,347.8400,347.8400
1787163941,347.8700,347.8700,347.8700,347.8700
1787163945,347.8650,347.8650,347.8600,347.8600
1787163952,347.9000,347.9000,347.9000,347.9000
1787163953,347.9200,347.9200,347.9200,347.9200
1787163955,347.9000,347.9100,347.8900,347.9100
1787163957,347.9100,347.9100,347.9100,347.9100
1787163958,347.9100,347.9100,347.9100,347.9100
1787163959,347.9100,347.9500,347.9100,347.9500
1787163961,347.9600,347.9600,347.9600,347.9600
1787163962,347.9900,347.9900,347.9900,347.9900
1787163964,347.9600,347.9600,347.9300,347.9300
1787163971,347.9600,347.9600,347.9500,347.9500
1787163972,347.9400,347.9400,347.9400,347.9400
1787163973,347.9200,347.9200,347.9100,347.9100
1787163977,348.0000,348.0000,347.9900,347.9900
1787163978,347.9700,347.9700,347.9700,347.9700
1787163979,347.9650,347.9650,347.9650,347.9650
1787163984,348.0000,348.0900,348.0000,348.0600
1787163987,348.1000,348.1000,348.1000,348.1000
1787163988,348.1300,348.1300,348.1300,348.1300
1787163991,348.0800,348.1100,348.0800,348.1100
1787163992,348.1200,348.1200,348.1200,348.1200
1787163993,348.1300,348.1300,348.1300,348.1300
1787163995,348.0950,348.0950,348.0950,348.0950
1787163997,348.1300,348.1300,348.1300,348.1300
1787164002,348.1100,348.1200,348.1000,348.1200
1787164003,348.1000,348.1000,348.0200,348.0200
1787164015,348.0400,348.0650,348.0400,348.0650
1787164017,348.0500,348.0500,348.0500,348.0500
1787164018,348.0400,348.0400,348.0300,348.0300
1787164027,348.0900,348.0900,348.0900,348.0900
1787164028,348.1300,348.1300,348.1300,348.1300
1787164029,348.1200,348.1400,348.1200,348.1400
1787164031,348.1400,348.1400,348.1400,348.1400
1787164033,348.1200,348.1200,348.1200,348.1200
1787164034,348.1300,348.1500,348.1300,348.1500
1787164038,348.1600,348.2100,348.1600,348.1600
1787164040,348.1400,348.1600,348.1300,348.1600
1787164043,348.1200,348.1200,348.0800,348.1000
1787164045,348.1000,348.1000,348.1000,348.1000
1787164047,348.1000,348.1000,348.1000,348.1000
1787164048,348.1200,348.1300,348.1200,348.1300
1787164051,348.1400,348.1400,348.1400,348.1400
1787164055,348.1100,348.1100,348.1100,348.1100
1787164057,348.1500,348.1800,348.1500,348.1800
1787164059,348.1900,348.2000,348.1900,348.2000
1787164060,348.2000,348.2000,348.1500,348.1500
1787164061,348.1700,348.1800,348.1700,348.1800
1787164062,348.1500,348.1500,348.1000,348.1000
1787164068,348.1450,348.1450,348.1450,348.1450
1787164069,348.1450,348.1800,348.1450,348.1800
1787164071,348.1400,348.1400,348.1400,348.1400
1787164074,348.1650,348.1650,348.1650,348.1650
1787164078,348.1500,348.1500,348.1500,348.1500
1787164080,348.1650,348.2200,348.1650,348.2100
1787164081,348.2000,348.2600,348.2000,348.2600
1787164082,348.2600,348.2600,348.2600,348.2600
1787164083,348.2800,348.2800,348.2800,348.2800
1787164084,348.2900,348.3000,348.2900,348.3000
1787164085,348.2900,348.2900,348.2600,348.2600
1787164087,348.2500,348.2500,348.2500,348.2500
1787164089,348.2800,348.2800,348.2800,348.2800
1787164090,348.2400,348.2400,348.2300,348.2300
1787164091,348.2200,348.2200,348.2200,348.2200
1787164094,348.2100,348.2100,348.1700,348.1900
1787164098,348.1500,348.1500,348.1100,348.1100
1787164100,348.1000,348.1000,348.1000,348.1000
1787164104,348.0700,348.0700,348.0700,348.0700
1787164107,348.0900,348.0900,348.0900,348.0900
1787164109,348.1000,348.1000,348.1000,348.1000
1787164110,348.1300,348.1400,348.1300,348.1400
1787164113,348.1800,348.1900,348.1800,348.1900
1787164115,348.1500,348.1500,348.1500,348.1500
1787164117,348.1900,348.1900,348.1900,348.1900
1787164118,348.1500,348.1500,348.1500,348.1500
1787164122,348.1500,348.1500,348.1500,348.1500
1787164123,348.1000,348.1300,348.1000,348.1300
1787164132,348.0900,348.1200,348.0900,348.1200
1787164134,348.1400,348.1400,348.1400,348.1400
1787164136,348.1400,348.1400,348.1400,348.1400
1787164137,348.1400,348.1400,348.1400,348.1400
1787164138,348.1200,348.1200,348.1200,348.1200
1787164144,348.1800,348.1800,348.1800,348.1800
1787164146,348.1900,348.1900,348.1900,348.1900
1787164149,348.1700,348.1700,348.1700,348.1700
1787164150,348.1500,348.1800,348.1500,348.1600
1787164154,348.1500,348.1500,348.1100,348.1100
1787164158,348.1650,348.1650,348.1650,348.1650
1787164161,348.1650,348.1650,348.1200,348.1200
1787164165,348.1450,348.1500,348.1450,348.1450
1787164166,348.1300,348.1300,348.1300,348.1300
1787164167,348.1350,348.1700,348.1350,348.1700
1787164168,348.1700,348.1700,348.1700,348.1700
1787164169,348.1800,348.1800,348.1800,348.1800
1787164171,348.2000,348.2100,348.2000,348.2100
1787164172,348.2100,348.2100,348.2100,348.2100
1787164174,348.2100,348.2100,348.2100,348.2100
1787164177,348.2150,348.2150,348.2150,348.2150
1787164178,348.2150,348.2800,348.2150,348.2800
1787164180,348.2700,348.2700,348.2700,348.2700
1787164181,348.2800,348.2800,348.2800,348.2800
1787164183,348.2900,348.3000,348.2900,348.2900
1787164184,348.3000,348.3200,348.3000,348.3200
1787164185,348.3000,348.3000,348.3000,348.3000
1787164187,348.3000,348.3000,348.2800,348.2800
1787164192,348.2700,348.2700,348.2500,348.2700
1787164193,348.2600,348.2800,348.2600,348.2800
1787164196,348.2600,348.2600,348.2600,348.2600
1787164197,348.2700,348.2900,348.2600,348.2600
1787164199,348.2800,348.2900,348.2800,348.2900
1787164200,348.2900,348.2900,348.2900,348.2900
1787164201,348.2600,348.2700,348.2500,348.2700
1787164202,348.2900,348.2900,348.2700,348.2700
1787164203,348.3000,348.3000,348.3000,348.3000
1787164206,348.3300,348.3300,348.3300,348.3300
1787164207,348.3000,348.3000,348.2800,348.2800
1787164208,348.2800,348.2800,348.2800,348.2800
1787164209,348.2800,348.3900,348.2800,348.3900
1787164210,348.4000,348.4200,348.4000,348.4000
1787164212,348.4500,348.4600,348.4500,348.4600
1787164213,348.4600,348.4600,348.4600,348.4600
1787164214,348.4400,348.4700,348.4400,348.4700
1787164215,348.4700,348.4800,348.4700,348.4800
1787164218,348.4500,348.4500,348.4200,348.4400
1787164219,348.4900,348.5000,348.4800,348.4800
1787164220,348.4800,348.4800,348.4800,348.4800
1787164221,348.4900,348.5200,348.4500,348.4500
1787164224,348.4900,348.5000,348.4900,348.5000
1787164226,348.5100,348.5600,348.5100,348.5600
1787164232,348.5500,348.5500,348.5500,348.5500
1787164233,348.5300,348.5300,348.5200,348.5200
1787164235,348.5200,348.5900,348.5200,348.5900
1787164236,348.5650,348.5650,348.5650,348.5650
1787164237,348.5900,348.6000,348.5900,348.6000
1787164238,348.6300,348.6300,348.6000,348.6000
1787164239,348.6100,348.6100,348.6100,348.6100
1787164241,348.6300,348.6500,348.6300,348.6500
1787164242,348.6500,348.6500,348.6500,348.6500
1787164243,348.6400,348.6400,348.6400,348.6400
1787164244,348.6400,348.6400,348.6400,348.6400
1787164245,348.6300,348.7000,348.6300,348.6500
1787164247,348.6400,348.6500,348.6100,348.6400
1787164249,348.5800,348.6200,348.5700,348.6100
1787164250,348.6200,348.6200,348.6000,348.6100
1787164255,348.6400,348.6500,348.6400,348.6500
1787164258,348.6500,348.6600,348.6500,348.6600
1787164259,348.6400,348.6400,348.6400,348.6400
1787164260,348.6300,348.6300,348.5900,348.5900
1787164262,348.6000,348.6100,348.6000,348.6100
1787164263,348.6200,348.6300,348.6200,348.6300
1787164264,348.6100,348.6700,348.6100,348.6300
1787164266,348.6700,348.7100,348.6700,348.6800
1787164268,348.7200,348.7500,348.7200,348.7500
1787164269,348.7400,348.7500,348.7400,348.7500
1787164270,348.7700,348.7800,348.7700,348.7800
1787164271,348.7900,348.8100,348.7900,348.8100
1787164272,348.8000,348.8000,348.8000,348.8000
1787164274,348.7800,348.7900,348.7700,348.7800
1787164275,348.7500,348.7500,348.6900,348.7100
1787164279,348.7400,348.7700,348.7400,348.7400
1787164282,348.7700,348.7900,348.7700,348.7900
1787164286,348.7900,348.7900,348.7900,348.7900
1787164288,348.7700,348.7700,348.7700,348.7700
1787164289,348.7600,348.7600,348.7600,348.7600
1787164294,348.7500,348.7600,348.7500,348.7600
1787164295,348.7500,348.7500,348.7000,348.7000
1787164302,348.6900,348.6900,348.6600,348.6600
1787164303,348.6600,348.6600,348.6600,348.6600
1787164304,348.6300,348.6300,348.5700,348.5700
1787164307,348.6400,348.6500,348.6400,348.6500
1787164308,348.6700,348.6700,348.6700,348.6700
1787164311,348.6500,348.6550,348.6500,348.6550
1787164312,348.6600,348.6600,348.6600,348.6600
1787164314,348.6000,348.6000,348.6000,348.6000
1787164321,348.5750,348.5900,348.5750,348.5800
1787164330,348.5600,348.5600,348.5600,348.5600
1787164331,348.5600,348.5600,348.4400,348.4400
1787164332,348.4450,348.4450,348.4300,348.4300
1787164334,348.4200,348.4200,348.4100,348.4100
1787164335,348.4300,348.4600,348.4300,348.4600
1787164338,348.4600,348.4700,348.4600,348.4700
1787164339,348.5200,348.5200,348.5200,348.5200
1787164342,348.5200,348.5200,348.5200,348.5200
1787164344,348.5800,348.7100,348.5800,348.7100
1787164345,348.7100,348.7100,348.7100,348.7100
1787164346,348.6900,348.6900,348.6900,348.6900
1787164347,348.7000,348.7000,348.7000,348.7000
1787164350,348.7100,348.7100,348.6800,348.6800
1787164352,348.6400,348.6400,348.5900,348.5900
1787164353,348.5400,348.5400,348.5400,348.5400
1787164354,348.5100,348.5100,348.4900,348.5000
1787164362,348.4400,348.4400,348.4000,348.4000
1787164363,348.3900,348.3900,348.3900,348.3900
1787164364,348.3800,348.3800,348.3600,348.3600
1787164365,348.4000,348.4000,348.4000,348.4000
1787164368,348.4100,348.4100,348.4100,348.4100
1787164370,348.4200,348.4200,348.4200,348.4200
1787164372,348.3700,348.3700,348.2800,348.2800
1787164376,348.2800,348.2800,348.2700,348.2700
1787164383,348.3500,348.3500,348.3500,348.3500
1787164385,348.3500,348.3800,348.3500,348.3600
1787164390,348.3100,348.3100,348.3100,348.3100
1787164394,348.3400,348.3900,348.3400,348.3900
1787164396,348.4100,348.4100,348.4100,348.4100
1787164397,348.3850,348.3850,348.3850,348.3850
1787164399,348.3850,348.3850,348.3850,348.3850
1787164402,348.3400,348.3400,348.3200,348.3250
1787164406,348.3000,348.3000,348.2900,348.2950
1787164407,348.2900,348.2950,348.2900,348.2950
1787164408,348.3250,348.3250,348.3250,348.3250
1787164409,348.3400,348.3900,348.3400,348.3900
1787164410,348.3900,348.4000,348.3900,348.4000
1787164414,348.4000,348.4000,348.3800,348.3800
1787164415,348.3800,348.3800,348.3300,348.3300
1787164418,348.3600,348.3600,348.3600,348.3600
1787164424,348.3900,348.3900,348.3900,348.3900
1787164425,348.3650,348.3650,348.3650,348.3650
1787164426,348.3600,348.3600,348.3100,348.3100
1787164427,348.2700,348.2700,348.2700,348.2700
1787164432,348.2400,348.2400,348.2400,348.2400
1787164434,348.2200,348.2200,348.2200,348.2200
1787164435,348.1900,348.1900,348.1900,348.1900
1787164437,348.1700,348.1700,348.1300,348.1300
1787164440,348.1100,348.1100,348.1100,348.1100
1787164441,348.1000,348.1000,348.1000,348.1000
1787164442,348.0500,348.0500,348.0500,348.0500
1787164444,348.1000,348.1100,348.1000,348.1100
1787164445,348.1200,348.1200,348.1200,348.1200
1787164447,348.0900,348.0900,348.0900,348.0900
1787164449,348.1200,348.1200,348.1200,348.1200
1787164452,348.1500,348.1600,348.1500,348.1600
1787164454,348.1650,348.1650,348.1650,348.1650
1787164457,348.2000,348.2100,348.2000,348.2100
1787164461,348.1800,348.2100,348.1800,348.2100
1787164463,348.2200,348.2200,348.2200,348.2200
1787164465,348.2800,348.2800,348.2800,348.2800
1787164467,348.2700,348.2800,348.2700,348.2800
1787164468,348.3000,348.3200,348.3000,348.3200
1787164469,348.3400,348.3500,348.3400,348.3500
1787164471,348.3600,348.4000,348.3600,348.4000
1787164472,348.4300,348.4500,348.4300,348.4300
1787164473,348.4400,348.4400,348.4400,348.4400
1787164474,348.4500,348.4500,348.4500,348.4500
1787164475,348.4600,348.4700,348.4600,348.4700
1787164476,348.4400,348.4400,348.4400,348.4400
1787164477,348.4500,348.4500,348.4500,348.4500
1787164478,348.4800,348.4800,348.4800,348.4800
1787164479,348.4900,348.4900,348.4900,348.4900
1787164480,348.4800,348.4800,348.4500,348.4500
1787164482,348.4400,348.4400,348.3700,348.3700
1787164485,348.3800,348.3800,348.3800,348.3800
1787164486,348.4000,348.4000,348.4000,348.4000
1787164487,348.4400,348.4400,348.4400,348.4400
1787164488,348.4400,348.4450,348.4400,348.4450
1787164489,348.4450,348.4450,348.4450,348.4450
1787164491,348.4450,348.4700,348.4400,348.4700
1787164494,348.4200,348.4200,348.4000,348.4000
1787164498,348.3800,348.3950,348.3800,348.3950
1787164502,348.3900,348.3900,348.3600,348.3700
1787164503,348.3500,348.3500,348.3500,348.3500
1787164504,348.4000,348.4000,348.4000,348.4000
1787164508,348.4100,348.4200,348.4100,348.4200
1787164509,348.4300,348.4300,348.4100,348.4300
1787164512,348.3700,348.3700,348.3700,348.3700
1787164513,348.3800,348.3800,348.3800,348.3800
1787164514,348.3300,348.3300,348.3300,348.3300
1787164519,348.3500,348.3700,348.3500,348.3700
1787164520,348.3900,348.3900,348.3800,348.3800
1787164523,348.3800,348.3800,348.3600,348.3600
1787164525,348.3500,348.3700,348.3400,348.3700
1787164526,348.3600,348.3700,348.3600,348.3700
1787164527,348.4000,348.4000,348.4000,348.4000
1787164528,348.4100,348.4200,348.4100,348.4200
1787164530,348.4200,348.4200,348.4200,348.4200
1787164531,348.4400,348.4500,348.4400,348.4500
1787164532,348.4300,348.4300,348.4200,348.4200
1787164533,348.3900,348.3900,348.3600,348.3600
1787164534,348.3600,348.3600,348.3400,348.3400
1787164536,348.3200,348.3200,348.2800,348.2800
1787164538,348.3000,348.3000,348.3000,348.3000
1787164545,348.3700,348.3700,348.3700,348.3700
1787164546,348.3500,348.3900,348.3500,348.3900
1787164550,348.4100,348.4500,348.4100,348.4500
1787164552,348.4600,348.4700,348.4600,348.4700
1787164553,348.4550,348.4550,348.4550,348.4550
1787164554,348.4600,348.4600,348.4600,348.4600
1787164555,348.4550,348.4550,348.4400,348.4400
1787164557,348.4000,348.4000,348.3900,348.3900
1787164558,348.3600,348.3600,348.3600,348.3600
1787164559,348.3700,348.3700,348.3700,348.3700
1787164560,348.3600,348.3600,348.3600,348.3600
1787164562,348.3700,348.3700,348.3700,348.3700
1787164563,348.3400,348.3400,348.3400,348.3400
1787164564,348.4000,348.4000,348.4000,348.4000
1787164566,348.4000,348.4300,348.4000,348.4200
1787164570,348.3900,348.3900,348.3900,348.3900
1787164571,348.3500,348.3500,348.3500,348.3500
1787164572,348.3500,348.3500,348.3500,348.3500
1787164579,348.3500,348.3500,348.3500,348.3500
1787164583,348.3400,348.3900,348.3400,348.3900
1787164586,348.3850,348.4100,348.3850,348.4100
1787164587,348.3800,348.3800,348.3600,348.3600
1787164588,348.3500,348.3500,348.3500,348.3500
1787164589,348.3500,348.3500,348.3500,348.3500
1787164592,348.3300,348.3500,348.3300,348.3500
1787164593,348.3300,348.3300,348.3200,348.3200
1787164595,348.3350,348.3350,348.3350,348.3350
1787164598,348.3000,348.3000,348.2600,348.2900
1787164599,348.3000,348.3000,348.3000,348.3000
1787164602,348.2900,348.2900,348.2900,348.2900
1787164610,348.2700,348.2700,348.2700,348.2700
1787164611,348.3000,348.3300,348.3000,348.3300
1787164613,348.2600,348.2600,348.2600,348.2600
1787164615,348.2700,348.2700,348.2700,348.2700
1787164616,348.2800,348.2800,348.2800,348.2800
1787164618,348.2500,348.2500,348.1800,348.1800
1787164621,348.2000,348.2000,348.1900,348.1900
1787164622,348.2300,348.2500,348.2300,348.2500
1787164623,348.2350,348.2500,348.2350,348.2500
1787164625,348.2350,348.2600,348.2350,348.2600
1787164630,348.2200,348.2200,348.2200,348.2200
1787164632,348.2500,348.2500,348.2500,348.2500
1787164633,348.2200,348.2200,348.1850,348.1850
1787164639,348.1600,348.1600,348.1600,348.1600
1787164641,348.1800,348.1800,348.1600,348.1600
1787164645,348.1100,348.1400,348.1100,348.1400
1787164646,348.1600,348.1600,348.1600,348.1600
1787164649,348.1600,348.1900,348.1600,348.1750
1787164652,348.1500,348.1500,348.1500,348.1500
1787164658,348.1350,348.1600,348.1350,348.1400
1787164659,348.1800,348.1800,348.1800,348.1800
1787164663,348.1600,348.1600,348.1600,348.1600
1787164664,348.1650,348.1650,348.1650,348.1650
1787164668,348.1750,348.1900,348.1750,348.1900
1787164669,348.1750,348.2000,348.1750,348.1900
1787164670,348.2200,348.2500,348.2200,348.2500
1787164671,348.3000,348.3000,348.2850,348.2900
1787164672,348.3000,348.3000,348.3000,348.3000
1787164676,348.2900,348.2900,348.2900,348.2900
1787164678,348.2700,348.2700,348.2700,348.2700
1787164680,348.2600,348.2700,348.2600,348.2700
1787164686,348.3000,348.3100,348.2900,348.3100
1787164687,348.3600,348.3800,348.3400,348.3500
1787164689,348.3100,348.3100,348.2800,348.2800
1787164694,348.2600,348.2600,348.2600,348.2600
1787164695,348.2900,348.2900,348.2800,348.2800
1787164700,348.3500,348.3500,348.3500,348.3500
1787164702,348.2800,348.2800,348.2100,348.2200
1787164703,348.2700,348.2700,348.2700,348.2700
1787164704,348.2800,348.2800,348.2800,348.2800
1787164708,348.3400,348.3400,348.3400,348.3400
1787164713,348.3300,348.3300,348.3300,348.3300
1787164723,348.3300,348.3500,348.3200,348.3500
1787164734,348.3300,348.3300,348.3100,348.3100
1787164735,348.3000,348.3000,348.2900,348.2900
1787164736,348.2700,348.2700,348.2500,348.2500
1787164737,348.2400,348.2400,348.2400,348.2400
1787164738,348.2300,348.2300,348.2300,348.2300
1787164739,348.2000,348.2100,348.2000,348.2100
1787164740,348.1700,348.1700,348.1600,348.1600
1787164741,348.2000,348.2550,348.2000,348.2550
1787164746,348.3000,348.3500,348.3000,348.3500
1787164749,348.3800,348.3900,348.3800,348.3900
1787164750,348.3800,348.3800,348.3700,348.3700
1787164751,348.4000,348.4000,348.4000,348.4000
1787164755,348.4200,348.4200,348.4200,348.4200
1787164756,348.4000,348.4000,348.3800,348.3800
1787164757,348.3700,348.3700,348.3500,348.3500
1787164762,348.4000,348.4000,348.4000,348.4000
1787164763,348.4000,348.4000,348.3800,348.3800
1787164767,348.4300,348.5100,348.4300,348.4900
1787164770,348.4400,348.4400,348.4300,348.4300
1787164775,348.4400,348.4400,348.4400,348.4400
1787164777,348.4400,348.4400,348.4400,348.4400
1787164779,348.4450,348.4450,348.4450,348.4450
1787164781,348.4600,348.4600,348.4600,348.4600
1787164785,348.4500,348.4600,348.4500,348.4600
1787164786,348.4900,348.4900,348.4900,348.4900
1787164787,348.5000,348.5000,348.5000,348.5000
1787164790,348.5300,348.5300,348.5300,348.5300
1787164793,348.5500,348.5500,348.5500,348.5500
1787164794,348.5500,348.5500,348.5100,348.5200
1787164797,348.5100,348.5200,348.4800,348.5200
1787164798,348.5600,348.5600,348.5600,348.5600
1787164799,348.5200,348.5200,348.5200,348.5200
1787164800,348.5250,348.5400,348.5000,348.5400
1787164802,348.5100,348.5100,348.5100,348.5100
1787164805,348.5400,348.5400,348.5400,348.5400
1787164806,348.5200,348.5400,348.5200,348.5400
1787164808,348.5500,348.5500,348.5400,348.5400
1787164810,348.5300,348.5300,348.4700,348.4900
1787164815,348.5200,348.5200,348.5200,348.5200
1787164819,348.5500,348.5900,348.5500,348.5900
1787164820,348.6000,348.6200,348.6000,348.6000
1787164822,348.6200,348.6200,348.6100,348.6100
1787164823,348.6250,348.6250,348.6250,348.6250
1787164825,348.6000,348.6000,348.6000,348.6000
1787164828,348.6200,348.6400,348.6200,348.6200
1787164829,348.6100,348.6100,348.5900,348.5900
1787164831,348.6100,348.6100,348.6100,348.6100
1787164832,348.6500,348.6500,348.6300,348.6300
1787164838,348.6200,348.6200,348.6200,348.6200
1787164839,348.5900,348.5900,348.5900,348.5900
1787164841,348.6500,348.6500,348.6500,348.6500
1787164842,348.6700,348.6800,348.6700,348.6800
1787164845,348.6700,348.6700,348.6700,348.6700
1787164847,348.6800,348.7000,348.6800,348.7000
1787164849,348.7150,348.7300,348.7150,348.7300
1787164850,348.7100,348.7100,348.7100,348.7100
1787164852,348.7500,348.7800,348.7500,348.7800
1787164853,348.7700,348.7700,348.7700,348.7700
1787164854,348.7700,348.7700,348.7700,348.7700
1787164856,348.7700,348.7700,348.7700,348.7700
1787164857,348.7700,348.7700,348.7700,348.7700
1787164858,348.7500,348.7500,348.7300,348.7300
1787164859,348.7400,348.7400,348.6900,348.7000
1787164860,348.7200,348.7200,348.7200,348.7200
1787164861,348.7000,348.7000,348.6400,348.6400
1787164862,348.6900,348.6900,348.6900,348.6900
1787164863,348.7000,348.7000,348.7000,348.7000
1787164865,348.6700,348.6700,348.6600,348.6600
1787164869,348.6600,348.6600,348.6500,348.6500
1787164871,348.6400,348.6400,348.6300,348.6300
1787164873,348.6500,348.6500,348.6500,348.6500
1787164880,348.6100,348.6100,348.6100,348.6100
1787164887,348.6300,348.6300,348.6300,348.6300
1787164888,348.6400,348.6700,348.6400,348.6500
1787164889,348.6500,348.6800,348.6500,348.6550
1787164891,348.6600,348.6600,348.6400,348.6400
1787164892,348.6800,348.6800,348.6600,348.6600
1787164893,348.6500,348.6500,348.6400,348.6400
1787164895,348.6800,348.6900,348.6800,348.6800
1787164897,348.6700,348.6900,348.6600,348.6600
1787164898,348.6700,348.6700,348.6700,348.6700
1787164899,348.7100,348.7200,348.7100,348.7200
1787164900,348.7300,348.7300,348.7300,348.7300
1787164907,348.7600,348.7700,348.7600,348.7700
1787164908,348.7800,348.8000,348.7700,348.8000
1787164910,348.7700,348.7700,348.7600,348.7600
1787164912,348.7500,348.7500,348.7500,348.7500
1787164913,348.7500,348.7700,348.7500,348.7700
1787164915,348.7600,348.7600,348.7600,348.7600
1787164916,348.7500,348.7500,348.7500,348.7500
1787164917,348.7450,348.7450,348.7100,348.7100
1787164918,348.7500,348.7500,348.7300,348.7300
1787164920,348.7300,348.7300,348.7300,348.7300
1787164922,348.7500,348.7500,348.7500,348.7500
1787164924,348.7350,348.7350,348.7350,348.7350
1787164925,348.7300,348.7300,348.7200,348.7200
1787164927,348.6900,348.6900,348.6900,348.6900
1787164928,348.6700,348.6750,348.6600,348.6700
1787164930,348.6850,348.6850,348.6850,348.6850
1787164933,348.6800,348.6800,348.6800,348.6800
1787164935,348.6700,348.6700,348.6500,348.6600
1787164936,348.6550,348.6550,348.6550,348.6550
1787164937,348.6700,348.7000,348.6700,348.7000
1787164938,348.6900,348.6900,348.6900,348.6900
1787164943,348.6800,348.7000,348.6800,348.6800
1787164944,348.6700,348.6800,348.6700,348.6800
1787164945,348.7100,348.7100,348.7100,348.7100
1787164946,348.7100,348.7200,348.7000,348.7000
1787164947,348.6800,348.6800,348.6800,348.6800
1787164948,348.6900,348.6900,348.6900,348.6900
1787164949,348.6950,348.7100,348.6900,348.7000
1787164951,348.6850,348.6900,348.6850,348.6900
1787164952,348.6800,348.6800,348.6700,348.6700
1787164955,348.6700,348.6700,348.6500,348.6500
1787164956,348.6600,348.6600,348.6600,348.6600
1787164958,348.6500,348.6500,348.6400,348.6400
1787164961,348.6900,348.7200,348.6900,348.7200
1787164964,348.7050,348.7050,348.6900,348.6900
1787164967,348.6900,348.6900,348.6600,348.6600
1787164972,348.7100,348.7100,348.7100,348.7100
1787164974,348.7000,348.7000,348.7000,348.7000
1787164977,348.6900,348.6900,348.6300,348.6600
1787164981,348.6900,348.6900,348.6900,348.6900
1787164982,348.6800,348.6800,348.6750,348.6800
1787164983,348.6800,348.6800,348.6800,348.6800
1787164985,348.6800,348.7000,348.6800,348.7000
1787164986,348.6900,348.6900,348.6900,348.6900
1787164987,348.6800,348.6800,348.6500,348.6500
1787164989,348.6450,348.6450,348.6450,348.6450
1787164992,348.6600,348.6600,348.6300,348.6400
1787164999,348.6600,348.6700,348.6600,348.6700
1787165000,348.6900,348.6900,348.6900,348.6900
1787165001,348.6850,348.6900,348.6850,348.6900
1787165002,348.6850,348.6850,348.6850,348.6850
1787165003,348.7000,348.7000,348.7000,348.7000
1787165005,348.7200,348.7300,348.7100,348.7100
1787165006,348.7200,348.7200,348.7200,348.7200
1787165007,348.7200,348.7200,348.7200,348.7200
1787165009,348.7400,348.7400,348.7250,348.7250
1787165011,348.7250,348.7250,348.7000,348.7000
1787165012,348.6800,348.6800,348.6800,348.6800
1787165013,348.6600,348.6600,348.6600,348.6600
1787165017,348.7000,348.7000,348.7000,348.7000
1787165019,348.7200,348.7200,348.7100,348.7100
1787165021,348.7200,348.7400,348.7200,348.7400
1787165023,348.7500,348.7500,348.7100,348.7100
1787165026,348.6900,348.7000,348.6900,348.7000
1787165028,348.7300,348.7900,348.7300,348.7900
1787165032,348.7700,348.7700,348.7700,348.7700
1787165033,348.7700,348.7700,348.7700,348.7700
1787165035,348.7500,348.7500,348.7500,348.7500
1787165036,348.7700,348.8500,348.7700,348.8500
1787165037,348.8500,348.8500,348.8400,348.8400
1787165038,348.8500,348.8900,348.8500,348.8600
1787165040,348.8400,348.8400,348.8400,348.8400
1787165042,348.8200,348.8200,348.8200,348.8200
1787165044,348.8100,348.8100,348.8000,348.8000
1787165045,348.7800,348.7800,348.7800,348.7800
1787165047,348.7600,348.7600,348.7600,348.7600
1787165048,348.7500,348.7500,348.7500,348.7500
1787165049,348.7300,348.7300,348.7200,348.7200
1787165050,348.7100,348.7100,348.7000,348.7100
1787165056,348.7600,348.7600,348.7600,348.7600
1787165058,348.7600,348.7600,348.7600,348.7600
1787165060,348.7700,348.7700,348.7700,348.7700
1787165062,348.7600,348.7600,348.7500,348.7500
1787165064,348.7400,348.7400,348.7400,348.7400
1787165069,348.7200,348.7200,348.7100,348.7150
1787165073,348.7100,348.7100,348.6900,348.6900
1787165077,348.6900,348.6950,348.6900,348.6950
1787165079,348.6600,348.6600,348.5900,348.5900
1787165088,348.6150,348.6150,348.6150,348.6150
1787165089,348.5800,348.5900,348.5700,348.5900
1787165091,348.6000,348.6000,348.6000,348.6000
1787165092,348.6000,348.6000,348.6000,348.6000
1787165093,348.6200,348.6400,348.6200,348.6400
1787165099,348.6500,348.6500,348.6500,348.6500
1787165100,348.6700,348.6700,348.6700,348.6700
1787165101,348.6400,348.6400,348.6300,348.6300
1787165102,348.6350,348.6400,348.6350,348.6400
1787165103,348.6300,348.6300,348.6300,348.6300
1787165106,348.6000,348.6000,348.6000,348.6000
1787165107,348.5900,348.5900,348.5600,348.5600
1787165108,348.5700,348.5800,348.5700,348.5750
1787165110,348.5700,348.5700,348.5400,348.5400
1787165111,348.5600,348.5600,348.5600,348.5600
1787165114,348.5400,348.5400,348.5400,348.5400
1787165116,348.5800,348.6000,348.5500,348.5500
1787165117,348.5700,348.5800,348.5700,348.5800
1787165118,348.5800,348.5800,348.5800,348.5800
1787165120,348.5750,348.5750,348.5750,348.5750
1787165126,348.5700,348.5900,348.5700,348.5900
1787165128,348.5900,348.5900,348.5900,348.5900
1787165130,348.5850,348.6000,348.5850,348.6000
1787165131,348.5700,348.5700,348.5700,348.5700
1787165132,348.5500,348.5500,348.5300,348.5500
1787165137,348.5500,348.5500,348.5500,348.5500
1787165140,348.5500,348.5500,348.5500,348.5500
1787165142,348.5400,348.5400,348.4400,348.4600
1787165145,348.4400,348.4900,348.4200,348.4900
1787165147,348.4800,348.5000,348.4650,348.4650
1787165148,348.4600,348.4600,348.4600,348.4600
1787165149,348.4350,348.4350,348.4350,348.4350
1787165150,348.4600,348.4600,348.4600,348.4600
1787165152,348.4400,348.4400,348.4400,348.4400
1787165153,348.4600,348.4600,348.4600,348.4600
1787165154,348.4800,348.4800,348.4800,348.4800
1787165156,348.5100,348.5200,348.5100,348.5200
1787165157,348.5000,348.5350,348.5000,348.5350
1787165159,348.5200,348.5200,348.5200,348.5200
1787165160,348.5000,348.5000,348.5000,348.5000
1787165164,348.5300,348.5300,348.5300,348.5300
1787165165,348.5300,348.5300,348.5300,348.5300
1787165166,348.5100,348.5100,348.5000,348.5000
1787165170,348.5000,348.5000,348.5000,348.5000
1787165171,348.5300,348.5300,348.5300,348.5300
1787165176,348.5200,348.5200,348.5100,348.5100
1787165178,348.5200,348.5200,348.5000,348.5000
1787165179,348.4800,348.4800,348.4800,348.4800
1787165186,348.4700,348.4700,348.4600,348.4600
1787165194,348.4700,348.4800,348.4700,348.4800
1787165195,348.4800,348.5500,348.4800,348.5500
1787165198,348.5400,348.5400,348.5400,348.5400
1787165199,348.5100,348.5100,348.4900,348.4900
1787165201,348.5000,348.5000,348.5000,348.5000
1787165204,348.4800,348.4800,348.4700,348.4700
1787165206,348.4300,348.4300,348.4300,348.4300
1787165207,348.4200,348.4200,348.3800,348.3800
1787165208,348.3400,348.3400,348.3400,348.3400
1787165209,348.3100,348.3100,348.3100,348.3100
1787165210,348.3400,348.3500,348.3400,348.3500
1787165211,348.3600,348.3700,348.3600,348.3700
1787165213,348.3800,348.3800,348.3800,348.3800
1787165214,348.4000,348.4100,348.4000,348.4000
1787165215,348.4300,348.4300,348.4300,348.4300
1787165220,348.4200,348.4200,348.4200,348.4200
1787165221,348.4100,348.4100,348.4100,348.4100
1787165225,348.4600,348.5000,348.4600,348.5000
1787165227,348.4800,348.5300,348.4800,348.5300
1787165228,348.5400,348.5400,348.5400,348.5400
1787165232,348.5500,348.5500,348.5500,348.5500
1787165238,348.5500,348.5500,348.5500,348.5500
1787165239,348.5200,348.5200,348.4700,348.4700
1787165244,348.4200,348.4200,348.4200,348.4200
1787165245,348.4100,348.4100,348.4100,348.4100
1787165246,348.4200,348.4200,348.4200,348.4200
1787165249,348.4300,348.4400,348.4300,348.4400
1787165250,348.4500,348.4500,348.4500,348.4500
1787165251,348.4600,348.4700,348.4600,348.4700
1787165253,348.4700,348.4700,348.4700,348.4700
1787165257,348.4700,348.4700,348.4700,348.4700
1787165258,348.4500,348.4500,348.4400,348.4400
1787165260,348.4300,348.4400,348.4300,348.4400
1787165265,348.4400,348.4500,348.4200,348.4200
1787165267,348.4100,348.4400,348.3400,348.3400
1787165273,348.3700,348.3800,348.3700,348.3800
1787165275,348.3800,348.3900,348.3800,348.3900
1787165278,348.4200,348.4300,348.4200,348.4300
1787165279,348.4500,348.4500,348.4500,348.4500
1787165280,348.4700,348.4700,348.4700,348.4700
1787165281,348.4800,348.4800,348.4800,348.4800
1787165283,348.4500,348.4500,348.4400,348.4500
1787165285,348.4800,348.5000,348.4800,348.5000
1787165289,348.4600,348.4600,348.4600,348.4600
1787165290,348.4500,348.4500,348.4500,348.4500
1787165291,348.4500,348.4500,348.4500,348.4500
1787165295,348.4500,348.4500,348.4500,348.4500
1787165296,348.4350,348.4350,348.4200,348.4200
1787165300,348.4500,348.4700,348.4500,348.4700
1787165301,348.4500,348.4500,348.4500,348.4500
1787165305,348.4700,348.4700,348.4700,348.4700
1787165308,348.4500,348.4500,348.4400,348.4400
1787165312,348.4800,348.4900,348.4800,348.4800
1787165314,348.4900,348.5000,348.4900,348.5000
1787165315,348.5000,348.5000,348.4900,348.4900
1787165316,348.5000,348.5200,348.5000,348.5200
1787165317,348.5000,348.5000,348.4900,348.4900
1787165318,348.4800,348.4800,348.4600,348.4600
1787165319,348.4600,348.4600,348.4600,348.4600
1787165322,348.4600,348.4600,348.4500,348.4500
1787165325,348.4300,348.4300,348.4000,348.4100
1787165327,348.3800,348.3800,348.3100,348.3100
1787165328,348.3000,348.3000,348.2800,348.2900
1787165329,348.3200,348.3200,348.3200,348.3200
1787165335,348.3600,348.3700,348.3600,348.3700
1787165337,348.3800,348.3800,348.3800,348.3800
1787165339,348.3500,348.3500,348.3000,348.3000
1787165345,348.3400,348.3400,348.3400,348.3400
1787165347,348.3000,348.3000,348.2800,348.2800
1787165349,348.3100,348.3100,348.3100,348.3100
1787165351,348.3100,348.3400,348.3100,348.3400
1787165360,348.3600,348.3700,348.3600,348.3700
1787165361,348.4200,348.4300,348.4200,348.4300
1787165363,348.4200,348.4200,348.4000,348.4000
1787165364,348.4300,348.4300,348.4300,348.4300
1787165367,348.3800,348.3800,348.3800,348.3800
1787165369,348.3800,348.3800,348.3800,348.3800
1787165373,348.4300,348.4300,348.4300,348.4300
1787165374,348.4300,348.4300,348.4300,348.4300
1787165375,348.4400,348.4500,348.3900,348.3900
1787165378,348.3700,348.3900,348.3700,348.3900
1787165379,348.4200,348.4200,348.4200,348.4200
1787165384,348.4300,348.4600,348.4300,348.4400
1787165385,348.4300,348.4700,348.4300,348.4700
1787165386,348.4200,348.4200,348.4200,348.4200
1787165388,348.4450,348.4450,348.4450,348.4450
1787165396,348.4550,348.4550,348.4550,348.4550
1787165398,348.4500,348.4550,348.4500,348.4550
1787165399,348.4550,348.4550,348.4550,348.4550
1787165400,348.4500,348.4500,348.4500,348.4500
1787165401,348.4300,348.4500,348.4200,348.4200
1787165403,348.4600,348.4600,348.4600,348.4600
1787165404,348.4400,348.4400,348.4400,348.4400
1787165405,348.4300,348.4300,348.4000,348.4000
1787165407,348.4100,348.4100,348.4100,348.4100
1787165408,348.3950,348.3950,348.3950,348.3950
1787165411,348.3700,348.3800,348.3600,348.3800
1787165412,348.3300,348.3300,348.3300,348.3300
1787165413,348.3200,348.3200,348.3200,348.3200
1787165414,348.3200,348.3300,348.3200,348.3300
1787165423,348.3200,348.3200,348.3200,348.3200
1787165424,348.3400,348.3700,348.3300,348.3700
1787165425,348.3700,348.3900,348.3700,348.3900
1787165426,348.4000,348.4100,348.4000,348.4100
1787165427,348.4100,348.4100,348.4100,348.4100
1787165428,348.4050,348.4200,348.4050,348.4200
1787165429,348.4000,348.4000,348.4000,348.4000
1787165430,348.3800,348.3800,348.3400,348.3400
1787165435,348.3600,348.4100,348.3600,348.4100
1787165436,348.4000,348.4000,348.4000,348.4000
1787165437,348.4050,348.4050,348.4050,348.4050
1787165438,348.4100,348.4300,348.4100,348.4300
1787165440,348.4700,348.4700,348.4700,348.4700
1787165441,348.4800,348.5300,348.4800,348.5300
1787165442,348.5500,348.5600,348.5400,348.5600
1787165443,348.5700,348.5700,348.5700,348.5700
1787165447,348.5700,348.5700,348.5500,348.5500
1787165449,348.5500,348.5500,348.5400,348.5400
1787165454,348.5300,348.5300,348.5300,348.5300
1787165457,348.5100,348.5100,348.4600,348.4600
1787165459,348.4700,348.4700,348.4700,348.4700
1787165470,348.4900,348.4900,348.4900,348.4900
1787165471,348.4900,348.4900,348.4900,348.4900
1787165473,348.4750,348.4750,348.4500,348.4500
1787165474,348.4600,348.4600,348.4600,348.4600
1787165478,348.4700,348.4700,348.4700,348.4700
1787165483,348.4200,348.4200,348.4000,348.4000
1787165484,348.3600,348.3600,348.3500,348.3500
1787165485,348.3600,348.3600,348.3600,348.3600
1787165486,348.3500,348.3500,348.3100,348.3250
1787165489,348.3500,348.3500,348.3400,348.3400
1787165492,348.3300,348.3300,348.3200,348.3200
1787165493,348.2800,348.3600,348.2500,348.3600
1787165495,348.3800,348.4000,348.3800,348.4000
1787165496,348.3800,348.3800,348.3800,348.3800
1787165497,348.4000,348.4000,348.3900,348.3900
1787165498,348.4100,348.4200,348.4100,348.4200
1787165500,348.4000,348.4000,348.4000,348.4000
1787165503,348.4150,348.4150,348.4150,348.4150
1787165512,348.4000,348.4000,348.3500,348.3500
1787165514,348.4000,348.4100,348.3800,348.3800
1787165516,348.4200,348.4200,348.4200,348.4200
1787165518,348.3900,348.3900,348.3900,348.3900
1787165523,348.3850,348.3850,348.3850,348.3850
1787165524,348.4000,348.4000,348.4000,348.4000
1787165525,348.4100,348.4100,348.4100,348.4100
1787165531,348.4100,348.4100,348.4100,348.4100
1787165532,348.4200,348.4200,348.4200,348.4200
1787165535,348.3900,348.4100,348.3900,348.4100
1787165537,348.4050,348.4050,348.3800,348.3800
1787165538,348.3500,348.3500,348.3500,348.3500
1787165539,348.3300,348.3300,348.3300,348.3300
1787165540,348.3200,348.3200,348.3200,348.3200
1787165541,348.3350,348.3350,348.3350,348.3350
1787165542,348.3100,348.3100,348.3100,348.3100
1787165543,348.3200,348.3200,348.2800,348.2800
1787165544,348.2500,348.2500,348.2400,348.2400
1787165545,348.2350,348.2700,348.2350,348.2700
1787165547,348.2500,348.2750,348.2500,348.2750
1787165548,348.2500,348.2600,348.2500,348.2600
1787165549,348.2600,348.2600,348.2600,348.2600
1787165550,348.2300,348.2400,348.2300,348.2400
1787165551,348.2300,348.2300,348.1800,348.1800
1787165552,348.1900,348.2100,348.1900,348.2100
1787165553,348.1800,348.1800,348.1600,348.1600
1787165555,348.2000,348.2000,348.2000,348.2000
1787165556,348.2200,348.2200,348.2200,348.2200
1787165557,348.2200,348.2200,348.2200,348.2200
1787165559,348.2300,348.2300,348.2300,348.2300
1787165560,348.2400,348.2400,348.2400,348.2400
1787165563,348.2700,348.2700,348.2550,348.2550
1787165565,348.2300,348.2300,348.2300,348.2300
1787165566,348.2100,348.2100,348.1950,348.1950
1787165567,348.1800,348.1800,348.1800,348.1800
1787165568,348.1800,348.1800,348.1800,348.1800
1787165571,348.1500,348.1500,348.1200,348.1300
1787165573,348.1300,348.1400,348.1300,348.1400
1787165575,348.1200,348.1200,348.1000,348.1100
1787165577,348.1200,348.1200,348.1000,348.1200
1787165578,348.1200,348.1200,348.1000,348.1000
1787165580,348.1100,348.1100,348.1100,348.1100
1787165581,348.1200,348.1200,348.1200,348.1200
1787165582,348.1500,348.1600,348.1500,348.1500
1787165585,348.1100,348.1100,348.1000,348.1100
1787165588,348.1250,348.1250,348.1250,348.1250
1787165592,348.1100,348.1100,348.1100,348.1100
1787165593,348.0800,348.0800,348.0500,348.0600
1787165596,348.0200,348.0200,347.9900,348.0200
1787165598,348.0000,348.0200,348.0000,348.0200
1787165601,348.0100,348.0100,347.9800,347.9800
1787165602,347.9800,347.9800,347.9800,347.9800
1787165604,347.9800,348.0100,347.9800,348.0100
1787165605,348.0200,348.0200,347.9900,347.9900
1787165606,348.0000,348.0000,348.0000,348.0000
1787165611,348.0200,348.1100,348.0200,348.0850
1787165614,348.0400,348.0500,348.0400,348.0500
1787165615,348.0400,348.0500,348.0400,348.0500
1787165617,348.0400,348.0400,348.0400,348.0400
1787165620,348.0500,348.0600,348.0500,348.0600
1787165621,348.0900,348.0900,348.0900,348.0900
1787165622,348.0850,348.0850,348.0850,348.0850
1787165623,348.1000,348.1000,348.1000,348.1000
1787165624,348.1000,348.1000,348.1000,348.1000
1787165625,348.0900,348.0900,348.0850,348.0850
1787165626,348.1200,348.1200,348.1000,348.1000
1787165630,348.0900,348.0900,348.0900,348.0900
1787165631,348.1200,348.1300,348.1200,348.1300
1787165633,348.1150,348.1200,348.1150,348.1200
1787165634,348.1500,348.1500,348.1450,348.1450
1787165635,348.1800,348.1800,348.1800,348.1800
1787165638,348.1800,348.1800,348.1800,348.1800
1787165639,348.1750,348.1750,348.1750,348.1750
1787165647,348.1500,348.1500,348.1500,348.1500
1787165652,348.1300,348.1300,348.1300,348.1300
1787165655,348.1500,348.1500,348.1400,348.1400
1787165657,348.1300,348.1300,348.1300,348.1300
1787165658,348.1300,348.1300,348.1300,348.1300
1787165659,348.1050,348.1050,348.0700,348.0700
1787165660,348.0900,348.1200,348.0900,348.1200
1787165666,348.1150,348.1150,348.1000,348.1000
1787165671,348.1300,348.1300,348.1100,348.1100
1787165673,348.1000,348.1200,348.1000,348.1200
1787165675,348.0800,348.1300,348.0800,348.1300
1787165679,348.1100,348.1100,348.1100,348.1100
1787165684,348.1300,348.1300,348.1300,348.1300
1787165691,348.1400,348.1600,348.1400,348.1500
1787165692,348.1400,348.1400,348.1400,348.1400
1787165695,348.1300,348.1300,348.1300,348.1300
1787165703,348.1500,348.1700,348.0700,348.0700
1787165704,348.0600,348.0600,348.0600,348.0600
1787165707,348.0650,348.0650,348.0650,348.0650
1787165709,348.0400,348.0400,348.0100,348.0100
1787165710,348.0400,348.0400,348.0400,348.0400
1787165716,348.1000,348.1000,348.1000,348.1000
1787165723,348.0700,348.0700,348.0700,348.0700
1787165725,348.1100,348.1100,348.1100,348.1100
1787165729,348.1300,348.1300,348.1300,348.1300
1787165730,348.1100,348.1100,348.1100,348.1100
1787165731,348.1100,348.1100,348.1100,348.1100
1787165732,348.1100,348.1100,348.1100,348.1100
1787165735,348.1100,348.1300,348.1100,348.1300
1787165739,348.1200,348.1200,348.1200,348.1200
1787165742,348.1300,348.1300,348.1300,348.1300
1787165743,348.1100,348.1100,348.1100,348.1100
1787165748,348.1050,348.1050,348.1050,348.1050
1787165749,348.1100,348.1300,348.0900,348.0900
1787165750,348.0950,348.0950,348.0950,348.0950
1787165751,348.1200,348.1300,348.1100,348.1300
1787165753,348.1200,348.1600,348.1200,348.1600
1787165755,348.1400,348.1400,348.0900,348.1000
1787165761,348.1400,348.1400,348.1400,348.1400
1787165764,348.1500,348.2500,348.1500,348.2500
1787165767,348.2500,348.2700,348.2500,348.2700
1787165768,348.2400,348.2400,348.2400,348.2400
1787165769,348.2600,348.2600,348.2600,348.2600
1787165771,348.2600,348.2600,348.2600,348.2600
1787165773,348.2450,348.2450,348.2450,348.2450
1787165776,348.2500,348.2500,348.2500,348.2500
1787165777,348.2800,348.2900,348.2800,348.2900
1787165778,348.3200,348.3200,348.3200,348.3200
1787165781,348.3100,348.3100,348.3100,348.3100
1787165785,348.2800,348.2800,348.2500,348.2500
1787165786,348.2200,348.2200,348.2200,348.2200
1787165787,348.2400,348.2400,348.2400,348.2400
1787165789,348.2000,348.2100,348.2000,348.2100
1787165793,348.1900,348.1900,348.1700,348.1700
1787165794,348.1500,348.1500,348.1500,348.1500
1787165795,348.1500,348.1500,348.1350,348.1400
1787165797,348.1400,348.1400,348.1400,348.1400
1787165799,348.1650,348.1650,348.1650,348.1650
1787165800,348.1600,348.1600,348.1600,348.1600
1787165801,348.1600,348.1600,348.1600,348.1600
1787165803,348.1650,348.1650,348.1650,348.1650
1787165805,348.1700,348.1700,348.1700,348.1700
1787165810,348.1700,348.1700,348.1700,348.1700
1787165813,348.1400,348.1500,348.1400,348.1500
1787165815,348.1450,348.1450,348.1450,348.1450
1787165816,348.1200,348.1200,348.1100,348.1100
1787165817,348.1100,348.1100,348.1000,348.1000
1787165818,348.1300,348.1300,348.1300,348.1300
1787165820,348.1000,348.1000,348.1000,348.1000
1787165821,348.1100,348.1200,348.1100,348.1200
1787165822,348.1000,348.1000,348.1000,348.1000
1787165823,348.1200,348.1500,348.1200,348.1500
1787165824,348.1200,348.1200,348.0900,348.0900
1787165825,348.0800,348.0800,348.0800,348.0800
1787165827,348.1200,348.1200,348.1200,348.1200
1787165828,348.1150,348.1150,348.1150,348.1150
1787165830,348.0800,348.0800,348.0700,348.0700
1787165831,348.0900,348.0900,348.0900,348.0900
1787165836,348.0500,348.0500,348.0400,348.0400
1787165843,348.1100,348.1500,348.1100,348.1400
1787165844,348.1400,348.1400,348.1200,348.1200
1787165845,348.1300,348.1300,348.1300,348.1300
1787165846,348.1500,348.1500,348.1500,348.1500
1787165847,348.1800,348.1800,348.1600,348.1600
1787165851,348.1500,348.1500,348.1400,348.1400
1787165852,348.1800,348.1800,348.1700,348.1700
1787165853,348.1500,348.1500,348.1500,348.1500
1787165855,348.1200,348.1200,348.1200,348.1200
1787165856,348.1100,348.1100,348.1100,348.1100
1787165858,348.1500,348.1500,348.1500,348.1500
1787165861,348.1550,348.1550,348.1550,348.1550
1787165863,348.1550,348.1550,348.1550,348.1550
1787165868,348.1550,348.1550,348.1550,348.1550
1787165869,348.1300,348.1500,348.1100,348.1200
1787165871,348.1300,348.1300,348.1300,348.1300
1787165873,348.1250,348.1250,348.1250,348.1250
1787165876,348.1250,348.1250,348.1250,348.1250
1787165877,348.1000,348.1000,348.1000,348.1000
1787165878,348.1000,348.1150,348.1000,348.1150
1787165879,348.0900,348.1000,348.0800,348.1000
1787165880,348.0800,348.0800,348.0400,348.0400
1787165885,348.0350,348.0400,348.0350,348.0400
1787165886,348.0200,348.0300,348.0100,348.0200
1787165887,348.0100,348.0100,347.9900,347.9950
1787165888,347.9900,348.0000,347.9900,348.0000
1787165889,347.9800,347.9900,347.9800,347.9800
1787165890,348.0000,348.0200,348.0000,348.0200
1787165894,347.9700,347.9700,347.9200,347.9500
1787165898,347.9400,347.9400,347.9400,347.9400
1787165899,347.9400,347.9400,347.9400,347.9400
1787165900,347.9300,347.9400,347.9300,347.9400
1787165901,347.9700,347.9700,347.9700,347.9700
1787165903,347.9900,348.0000,347.9900,348.0000
1787165904,347.9900,347.9900,347.9900,347.9900
1787165906,348.0200,348.1200,348.0200,348.1200
1787165907,348.1450,348.1450,348.1450,348.1450
1787165909,348.1600,348.1600,348.1600,348.1600
1787165911,348.1700,348.1700,348.1700,348.1700
1787165912,348.1900,348.1900,348.1900,348.1900
1787165913,348.2000,348.2000,348.2000,348.2000
1787165914,348.2300,348.2900,348.2300,348.2900
1787165915,348.2900,348.2900,348.2500,348.2500
1787165916,348.2500,348.2500,348.2500,348.2500
1787165917,348.2700,348.3200,348.2700,348.3200
1787165918,348.3150,348.3150,348.3150,348.3150
1787165919,348.3300,348.3400,348.3300,348.3400
1787165920,348.3300,348.3300,348.3000,348.3000
1787165921,348.3200,348.3200,348.3100,348.3100
1787165922,348.3400,348.3400,348.3100,348.3100
1787165924,348.3200,348.3200,348.3200,348.3200
1787165926,348.3100,348.3100,348.3000,348.3000
1787165929,348.3200,348.3200,348.3200,348.3200
1787165930,348.3200,348.3200,348.3150,348.3150
1787165931,348.3300,348.4000,348.3300,348.3900
1787165934,348.4000,348.4000,348.3900,348.3900
1787165936,348.3600,348.3600,348.3600,348.3600
1787165938,348.4000,348.4200,348.3900,348.4200
1787165940,348.4000,348.4000,348.4000,348.4000
1787165941,348.4000,348.4000,348.3700,348.3700
1787165943,348.3850,348.3850,348.3850,348.3850
1787165946,348.3800,348.3850,348.3800,348.3850
1787165947,348.3500,348.3500,348.3400,348.3400
1787165948,348.3200,348.3200,348.3100,348.3100
1787165951,348.3400,348.3400,348.3400,348.3400
1787165952,348.3100,348.3300,348.3100,348.3300
1787165955,348.3700,348.3850,348.3700,348.3850
1787165956,348.3700,348.3700,348.3600,348.3650
1787165957,348.3600,348.3650,348.3600,348.3650
1787165958,348.3700,348.3700,348.3700,348.3700
1787165960,348.3600,348.3700,348.3600,348.3700
1787165961,348.3600,348.3600,348.3500,348.3500
1787165964,348.3900,348.4200,348.3900,348.4100
1787165965,348.4300,348.4300,348.4200,348.4200
1787165966,348.4400,348.4500,348.4400,348.4500
1787165967,348.4500,348.4600,348.4500,348.4600
1787165968,348.4700,348.5000,348.4500,348.5000
1787165970,348.4800,348.5000,348.4800,348.4800
1787165971,348.4800,348.4900,348.4600,348.4600
1787165972,348.4700,348.5000,348.4700,348.4900
1787165974,348.4900,348.5100,348.4900,348.5100
1787165983,348.4700,348.4700,348.4300,348.4300
1787165986,348.4200,348.4200,348.4000,348.4200
1787165989,348.4400,348.4400,348.4400,348.4400
1787165990,348.3900,348.3900,348.3900,348.3900
1787165991,348.3900,348.3900,348.3800,348.3800
1787165992,348.3500,348.3700,348.3500,348.3700
1787165993,348.3400,348.3400,348.2750,348.3000
1787165995,348.2900,348.3000,348.2900,348.3000
1787165997,348.3100,348.3100,348.2800,348.2900
1787165998,348.2900,348.2900,348.2900,348.2900
1787166000,348.2500,348.2500,348.2500,348.2500
1787166002,348.2600,348.2600,348.2600,348.2600
1787166003,348.2400,348.2400,348.2300,348.2300
1787166005,348.3200,348.3600,348.3100,348.3100
1787166006,348.2800,348.2800,348.2800,348.2800
1787166009,348.3100,348.3100,348.3100,348.3100
1787166011,348.3300,348.3300,348.3300,348.3300
1787166014,348.3500,348.4000,348.3500,348.4000
1787166016,348.3900,348.3900,348.3900,348.3900
1787166017,348.4000,348.4200,348.3800,348.3800
1787166020,348.3400,348.3400,348.2900,348.2900
1787166021,348.3500,348.3500,348.3300,348.3300
1787166022,348.2800,348.2800,348.2800,348.2800
1787166027,348.3200,348.3200,348.3000,348.3000
1787166037,348.3100,348.3100,348.2800,348.2800
1787166039,348.2600,348.2600,348.2600,348.2600
1787166041,348.2300,348.2300,348.1800,348.1900
1787166042,348.2700,348.2800,348.2700,348.2800
1787166044,348.2700,348.2700,348.2100,348.2200
1787166047,348.2500,348.2600,348.2500,348.2600
1787166048,348.2000,348.2000,348.2000,348.2000
1787166050,348.2200,348.2500,348.2200,348.2500
1787166051,348.2350,348.2500,348.2350,348.2500
1787166054,348.2800,348.3600,348.2800,348.3600
1787166055,348.3800,348.3800,348.3800,348.3800
1787166056,348.4100,348.4300,348.4100,348.4300
1787166057,348.4600,348.4700,348.4600,348.4700
1787166058,348.4800,348.4800,348.4600,348.4800
1787166059,348.4700,348.4800,348.4700,348.4700
1787166060,348.4600,348.4600,348.4500,348.4500
1787166062,348.4650,348.4650,348.4650,348.4650
1787166065,348.4650,348.5000,348.3800,348.3800
1787166066,348.4500,348.4500,348.4500,348.4500
1787166069,348.4450,348.4450,348.4100,348.4100
1787166071,348.4000,348.4000,348.4000,348.4000
1787166081,348.3800,348.3800,348.3800,348.3800
1787166085,348.3600,348.3600,348.3600,348.3600
1787166086,348.3400,348.3400,348.3400,348.3400
1787166087,348.3300,348.3300,348.2700,348.2700
1787166088,348.2400,348.2400,348.2400,348.2400
1787166089,348.2200,348.2200,348.1400,348.1800
1787166090,348.1900,348.2050,348.1900,348.2050
1787166091,348.2000,348.2000,348.2000,348.2000
1787166092,348.2000,348.2000,348.2000,348.2000
1787166093,348.2150,348.2400,348.2150,348.2400
1787166094,348.2250,348.2250,348.2250,348.2250
1787166099,348.2300,348.2300,348.2300,348.2300
1787166101,348.2400,348.2400,348.2200,348.2200
1787166103,348.2250,348.2250,348.2250,348.2250
1787166104,348.2200,348.2200,348.2200,348.2200
1787166106,348.2250,348.2500,348.2250,348.2350
1787166107,348.2300,348.2300,348.2300,348.2300
1787166108,348.2200,348.2200,348.2200,348.2200
1787166109,348.2300,348.2300,348.2300,348.2300
1787166112,348.2100,348.2100,348.1900,348.1900
1787166114,348.2100,348.2100,348.2100,348.2100
1787166119,348.2300,348.2300,348.2250,348.2250
1787166120,348.2150,348.2150,348.2000,348.2000
1787166125,348.1800,348.1900,348.1800,348.1800
1787166127,348.1800,348.2300,348.1800,348.2300
1787166128,348.2300,348.2300,348.2300,348.2300
1787166129,348.2200,348.2200,348.2200,348.2200
1787166131,348.2150,348.2150,348.1900,348.1900
1787166132,348.2150,348.2150,348.2150,348.2150
1787166134,348.2000,348.2400,348.2000,348.2300
1787166136,348.2400,348.2600,348.2400,348.2600
1787166137,348.2800,348.2900,348.2300,348.2300
1787166141,348.2600,348.2600,348.2600,348.2600
1787166143,348.2700,348.2700,348.2700,348.2700
1787166148,348.2700,348.2900,348.2700,348.2900
1787166151,348.2500,348.2500,348.2500,348.2500
1787166152,348.2600,348.2600,348.2600,348.2600
1787166154,348.2550,348.2550,348.2550,348.2550
1787166156,348.2300,348.2400,348.2300,348.2400
1787166159,348.2300,348.2300,348.2200,348.2200
1787166164,348.1900,348.2200,348.1900,348.1900
1787166171,348.2050,348.2500,348.2050,348.2300
1787166172,348.2400,348.2500,348.2400,348.2500
1787166173,348.2300,348.2300,348.2300,348.2300
1787166175,348.2400,348.2400,348.2400,348.2400
1787166176,348.2200,348.2500,348.2200,348.2500
1787166182,348.2400,348.2400,348.2400,348.2400
1787166185,348.2500,348.2500,348.2500,348.2500
1787166186,348.2600,348.2600,348.2400,348.2600
1787166188,348.2500,348.2500,348.2500,348.2500
1787166190,348.3000,348.3000,348.3000,348.3000
1787166191,348.3100,348.3100,348.3100,348.3100
1787166192,348.2900,348.2900,348.2600,348.2600
1787166195,348.2500,348.2500,348.2300,348.2300
1787166197,348.2400,348.2400,348.2400,348.2400
1787166201,348.2300,348.2300,348.2300,348.2300
1787166203,348.2300,348.2300,348.2300,348.2300
1787166204,348.2400,348.2700,348.2400,348.2600
1787166208,348.2500,348.2500,348.2500,348.2500
1787166209,348.2500,348.2600,348.2200,348.2200
1787166212,348.2500,348.2600,348.2500,348.2600
1787166218,348.2200,348.2200,348.1500,348.1600
1787166224,348.2100,348.2100,348.2100,348.2100
1787166225,348.2300,348.2300,348.2300,348.2300
1787166226,348.2300,348.2300,348.2000,348.2100
1787166228,348.2000,348.2000,348.1900,348.1900
1787166229,348.1900,348.2000,348.1900,348.2000
1787166236,348.2000,348.2000,348.1900,348.1900
1787166238,348.2100,348.2600,348.2100,348.2600
1787166240,348.2900,348.3000,348.2900,348.3000
1787166243,348.2900,348.2900,348.2900,348.2900
1787166247,348.3050,348.3050,348.3000,348.3000
1787166249,348.2600,348.2600,348.2600,348.2600
1787166253,348.2500,348.2500,348.2500,348.2500
1787166254,348.2600,348.2600,348.2600,348.2600
1787166258,348.2600,348.2700,348.2600,348.2700
1787166259,348.2800,348.3200,348.2800,348.3200
1787166263,348.2900,348.3000,348.2900,348.2900
1787166267,348.2900,348.2900,348.2900,348.2900
1787166272,348.3000,348.3000,348.3000,348.3000
1787166275,348.3000,348.3000,348.3000,348.3000
1787166276,348.2800,348.2800,348.2800,348.2800
1787166277,348.2700,348.2700,348.2700,348.2700
1787166280,348.3000,348.3200,348.3000,348.3200
1787166281,348.3000,348.3000,348.3000,348.3000
1787166285,348.3300,348.3500,348.3300,348.3500
1787166286,348.3900,348.4000,348.3900,348.4000
1787166292,348.3800,348.3800,348.3700,348.3800
1787166293,348.3900,348.3900,348.3900,348.3900
1787166295,348.3700,348.3700,348.3700,348.3700
1787166298,348.3500,348.3500,348.3500,348.3500
1787166303,348.3900,348.3900,348.3900,348.3900
1787166307,348.4000,348.4200,348.4000,348.4000
1787166312,348.4200,348.4500,348.4200,348.4400
1787166314,348.4900,348.5100,348.4900,348.5000
1787166315,348.5000,348.5000,348.5000,348.5000
1787166316,348.4800,348.4800,348.4800,348.4800
1787166317,348.4800,348.4800,348.4800,348.4800
1787166318,348.4800,348.4800,348.4800,348.4800
1787166321,348.4300,348.4300,348.4100,348.4100
1787166323,348.4600,348.4600,348.4600,348.4600
1787166324,348.4550,348.4550,348.4550,348.4550
1787166327,348.4700,348.4700,348.4700,348.4700
1787166328,348.4900,348.6600,348.4900,348.5900
1787166333,348.6150,348.6150,348.6150,348.6150
1787166334,348.6500,348.6500,348.6100,348.6100
1787166336,348.6000,348.6100,348.5800,348.5800
1787166337,348.5700,348.5700,348.5700,348.5700
1787166342,348.5900,348.5900,348.5900,348.5900
1787166343,348.5700,348.5700,348.5600,348.5600
1787166345,348.5850,348.5850,348.5850,348.5850
1787166347,348.5700,348.5700,348.4900,348.4900
1787166350,348.4900,348.4900,348.4100,348.4100
1787166351,348.4450,348.4450,348.4450,348.4450
1787166352,348.4100,348.4100,348.4000,348.4000
1787166356,348.3600,348.3600,348.3600,348.3600
1787166357,348.3700,348.3700,348.3700,348.3700
1787166358,348.4000,348.4000,348.4000,348.4000
1787166359,348.4000,348.4200,348.4000,348.4200
1787166362,348.3900,348.4200,348.3900,348.3900
1787166364,348.3800,348.3800,348.3800,348.3800
1787166367,348.3500,348.3500,348.2900,348.2900
1787166370,348.2800,348.3000,348.2700,348.2800
1787166373,348.3300,348.3400,348.3300,348.3400
1787166378,348.3100,348.3100,348.3100,348.3100
1787166379,348.2900,348.3000,348.2550,348.2700
1787166380,348.2800,348.2900,348.2800,348.2900
1787166381,348.3100,348.3400,348.3100,348.3400
1787166382,348.3100,348.3100,348.3100,348.3100
1787166388,348.3200,348.3200,348.3200,348.3200
1787166390,348.3400,348.3400,348.3000,348.3000
1787166391,348.3200,348.3200,348.3200,348.3200
1787166392,348.3300,348.3300,348.3100,348.3100
1787166395,348.3400,348.3500,348.3400,348.3500
1787166399,348.3600,348.3600,348.3200,348.3200
1787166402,348.3000,348.3000,348.2250,348.2400
1787166403,348.2400,348.2400,348.2100,348.2150
1787166406,348.2150,348.2150,348.2150,348.2150
1787166407,348.2300,348.2300,348.2300,348.2300
1787166408,348.2400,348.2400,348.2400,348.2400
1787166412,348.2500,348.2500,348.2400,348.2400
1787166413,348.2000,348.2000,348.1400,348.1400
1787166421,348.1450,348.1450,348.1450,348.1450
1787166423,348.1700,348.2500,348.1700,348.2500
1787166424,348.2150,348.2150,348.2150,348.2150
1787166425,348.2300,348.2300,348.2300,348.2300
1787166430,348.2150,348.2150,348.2150,348.2150
1787166431,348.2150,348.2500,348.2150,348.2500
1787166433,348.2300,348.2600,348.2300,348.2600
1787166434,348.2900,348.3000,348.2900,348.3000
1787166435,348.3200,348.3200,348.3200,348.3200
1787166438,348.3100,348.3100,348.3100,348.3100
1787166439,348.2900,348.2900,348.2800,348.2800
1787166445,348.3000,348.3000,348.3000,348.3000
1787166446,348.2900,348.3000,348.2900,348.3000
1787166451,348.3500,348.3500,348.3500,348.3500
1787166456,348.3500,348.3600,348.3500,348.3600
1787166461,348.3400,348.3400,348.3300,348.3300
1787166463,348.3000,348.3000,348.2800,348.2800
1787166465,348.2900,348.2900,348.2900,348.2900
1787166467,348.3000,348.3000,348.3000,348.3000
1787166468,348.3100,348.3100,348.3100,348.3100
1787166469,348.3100,348.3200,348.3100,348.3200
1787166471,348.3300,348.3300,348.3300,348.3300
1787166472,348.3400,348.3400,348.3400,348.3400
1787166473,348.3500,348.3500,348.3500,348.3500
1787166475,348.3200,348.3200,348.3000,348.3000
1787166476,348.2600,348.2600,348.2400,348.2600
1787166478,348.2750,348.3100,348.2750,348.3100
1787166479,348.3400,348.3600,348.3400,348.3600
1787166480,348.3800,348.4000,348.3800,348.4000
1787166481,348.4100,348.4200,348.4100,348.4200
1787166482,348.4100,348.4100,348.4100,348.4100
1787166483,348.3900,348.3900,348.3900,348.3900
1787166489,348.4100,348.4100,348.4100,348.4100
1787166494,348.3800,348.3800,348.3800,348.3800
1787166495,348.3800,348.3800,348.3800,348.3800
1787166496,348.4000,348.4000,348.4000,348.4000
1787166497,348.4200,348.4400,348.4200,348.4300
1787166499,348.4400,348.4600,348.4400,348.4600
1787166500,348.4500,348.4500,348.4500,348.4500
1787166501,348.4700,348.4700,348.4700,348.4700
1787166505,348.5000,348.5000,348.5000,348.5000
1787166506,348.4700,348.4700,348.4700,348.4700
1787166516,348.4900,348.4900,348.4900,348.4900
1787166521,348.4900,348.4900,348.4900,348.4900
1787166522,348.4700,348.4800,348.4600,348.4800
1787166523,348.4600,348.4600,348.4200,348.4200
1787166526,348.4300,348.4700,348.4300,348.4700
1787166527,348.4800,348.4800,348.4800,348.4800
1787166528,348.4900,348.5000,348.4900,348.5000
1787166529,348.5000,348.5000,348.5000,348.5000
1787166537,348.4900,348.4900,348.4700,348.4700
1787166549,348.4800,348.4800,348.4800,348.4800
1787166550,348.4600,348.4600,348.4100,348.4100
1787166551,348.4250,348.4250,348.4250,348.4250
1787166557,348.4200,348.4200,348.4200,348.4200
1787166558,348.4300,348.4300,348.4300,348.4300
1787166563,348.4600,348.4600,348.4100,348.4100
1787166564,348.4100,348.4100,348.4100,348.4100
1787166566,348.4400,348.4400,348.4400,348.4400
1787166568,348.4400,348.4400,348.4400,348.4400
1787166573,348.4500,348.4800,348.4500,348.4800
1787166574,348.5000,348.5100,348.5000,348.5100
1787166576,348.4900,348.5100,348.4800,348.4800
1787166577,348.5100,348.5100,348.5100,348.5100
1787166578,348.5200,348.5600,348.5200,348.5600
1787166579,348.5600,348.5800,348.5600,348.5800
1787166585,348.5900,348.5900,348.5900,348.5900
1787166594,348.5400,348.5400,348.5100,348.5100
1787166595,348.5100,348.5100,348.5100,348.5100
1787166600,348.4700,348.4700,348.4500,348.4500
1787166604,348.4100,348.4100,348.3300,348.3300
1787166605,348.3300,348.3300,348.3300,348.3300
1787166607,348.3500,348.5200,348.3500,348.5200
1787166608,348.5300,348.5400,348.5300,348.5400
1787166609,348.5100,348.5100,348.5100,348.5100
1787166613,348.5100,348.5100,348.3900,348.3900
1787166614,348.4000,348.4000,348.4000,348.4000
1787166615,348.4200,348.4300,348.4200,348.4300
1787166616,348.4300,348.4300,348.4300,348.4300
1787166617,348.4300,348.4300,348.4300,348.4300
1787166622,348.4300,348.4300,348.4300,348.4300
1787166623,348.4100,348.4100,348.4000,348.4000
1787166625,348.3700,348.3700,348.3700,348.3700
1787166626,348.3600,348.3600,348.3600,348.3600
1787166628,348.3400,348.3400,348.3400,348.3400
1787166629,348.3200,348.3200,348.3200,348.3200
1787166630,348.3500,348.3600,348.3500,348.3600
1787166631,348.3300,348.3400,348.2900,348.2900
1787166633,348.2900,348.2900,348.2900,348.2900
1787166635,348.2500,348.2500,348.2200,348.2200
1787166636,348.2550,348.2700,348.2550,348.2700
1787166638,348.2800,348.2800,348.2800,348.2800
1787166639,348.3000,348.3000,348.3000,348.3000
1787166640,348.3100,348.3100,348.3100,348.3100
1787166641,348.3200,348.3400,348.3200,348.3400
1787166642,348.3300,348.3300,348.3100,348.3100
1787166643,348.3100,348.3100,348.3100,348.3100
1787166644,348.3100,348.3100,348.3100,348.3100
1787166647,348.3100,348.3500,348.3100,348.3500
1787166648,348.3500,348.3600,348.3400,348.3400
1787166649,348.3600,348.3600,348.3600,348.3600
1787166650,348.3500,348.3500,348.3500,348.3500
1787166651,348.3500,348.3500,348.3500,348.3500
1787166652,348.3500,348.3500,348.3500,348.3500
1787166653,348.3500,348.3600,348.3500,348.3500
1787166654,348.3400,348.3400,348.3400,348.3400
1787166657,348.3500,348.3500,348.3500,348.3500
1787166659,348.3300,348.3300,348.3300,348.3300
1787166660,348.3300,348.3300,348.3100,348.3100
1787166663,348.3500,348.4100,348.3500,348.3900
1787166665,348.3950,348.4100,348.3950,348.4100
1787166668,348.3900,348.3900,348.3900,348.3900
1787166675,348.3900,348.3900,348.3300,348.3400
1787166677,348.3500,348.3500,348.3500,348.3500
1787166678,348.3900,348.4000,348.3900,348.3900
1787166681,348.4100,348.4200,348.4100,348.4200
1787166685,348.3800,348.3800,348.3800,348.3800
1787166692,348.4100,348.4100,348.4100,348.4100
1787166694,348.3800,348.3800,348.3800,348.3800
1787166702,348.3700,348.3700,348.3700,348.3700
1787166703,348.3800,348.3800,348.3800,348.3800
1787166704,348.3600,348.3600,348.2700,348.2900
1787166707,348.2500,348.2500,348.2300,348.2300
1787166708,348.2700,348.5000,348.2700,348.4900
1787166711,348.4400,348.4400,348.4400,348.4400
1787166713,348.4600,348.4800,348.4600,348.4800
1787166714,348.4800,348.4800,348.4800,348.4800
1787166715,348.4900,348.4900,348.4900,348.4900
1787166716,348.4800,348.5000,348.4800,348.5000
1787166717,348.4800,348.4800,348.4800,348.4800
1787166719,348.4800,348.4800,348.4800,348.4800
1787166723,348.4500,348.4500,348.3800,348.3800
1787166727,348.4000,348.4000,348.4000,348.4000
1787166728,348.3950,348.3950,348.3950,348.3950
1787166730,348.3700,348.3700,348.3700,348.3700
1787166732,348.3750,348.4000,348.3750,348.4000
1787166739,348.4200,348.4700,348.4200,348.4500
1787166740,348.4900,348.5100,348.4900,348.5100
1787166741,348.5300,348.5300,348.5300,348.5300
1787166742,348.5500,348.5500,348.5500,348.5500
1787166744,348.5200,348.5200,348.5000,348.5000
1787166747,348.5500,348.5500,348.5500,348.5500
1787166749,348.5700,348.5900,348.5700,348.5900
1787166750,348.5500,348.6000,348.5500,348.6000
1787166751,348.5900,348.5900,348.5900,348.5900
1787166752,348.5600,348.5600,348.5400,348.5400
1787166757,348.5600,348.5600,348.5600,348.5600
1787166760,348.5500,348.5500,348.5500,348.5500
1787166770,348.5700,348.5700,348.5700,348.5700
1787166773,348.5800,348.6000,348.5800,348.5900
1787166774,348.6100,348.6300,348.6100,348.6300
1787166779,348.6100,348.6300,348.6100,348.6300
1787166780,348.6400,348.6400,348.6400,348.6400
1787166781,348.6600,348.6600,348.6600,348.6600
1787166786,348.6400,348.6400,348.6400,348.6400
1787166789,348.6200,348.6200,348.6200,348.6200
1787166791,348.6200,348.6200,348.6200,348.6200
1787166792,348.6100,348.6100,348.5700,348.5700
1787166793,348.5600,348.5600,348.5400,348.5400
1787166797,348.5800,348.5800,348.5550,348.5700
1787166799,348.5800,348.5800,348.5800,348.5800
1787166800,348.5600,348.5600,348.5500,348.5500
1787166802,348.5500,348.5500,348.5500,348.5500
1787166803,348.5300,348.5300,348.5200,348.5200
1787166804,348.5400,348.5800,348.5400,348.5800
1787166806,348.6000,348.6100,348.6000,348.6000
1787166807,348.6250,348.6300,348.6250,348.6300
1787166808,348.6400,348.6400,348.6400,348.6400
1787166809,348.6450,348.6450,348.6450,348.6450
1787166810,348.6400,348.6500,348.6350,348.6500
1787166811,348.6200,348.6200,348.6200,348.6200
1787166812,348.6400,348.6400,348.6400,348.6400
1787166816,348.6450,348.6500,348.6300,348.6300
1787166817,348.6300,348.6500,348.6300,348.6500
1787166818,348.6550,348.6550,348.6550,348.6550
1787166821,348.6600,348.6600,348.6600,348.6600
1787166822,348.6500,348.6500,348.6300,348.6300
1787166823,348.6300,348.6300,348.6200,348.6200
1787166824,348.6250,348.6250,348.6250,348.6250
1787166825,348.6100,348.6100,348.5600,348.5700
1787166831,348.5600,348.5600,348.5600,348.5600
1787166840,348.5600,348.5700,348.5600,348.5700
1787166841,348.5900,348.6000,348.5900,348.5900
1787166842,348.6100,348.6100,348.5000,348.5500
1787166843,348.5800,348.6000,348.5700,348.5900
1787166844,348.5600,348.5600,348.5600,348.5600
1787166846,348.5400,348.5400,348.5400,348.5400
1787166847,348.5300,348.5300,348.4500,348.4800
1787166848,348.4700,348.4700,348.4700,348.4700
1787166849,348.5100,348.5100,348.5100,348.5100
1787166850,348.5100,348.5100,348.5100,348.5100
1787166852,348.5050,348.5050,348.5050,348.5050
1787166853,348.4600,348.4600,348.4600,348.4600
1787166855,348.4650,348.4650,348.4100,348.4100
1787166856,348.4000,348.4000,348.3300,348.3300
1787166858,348.3700,348.3700,348.3700,348.3700
1787166859,348.3800,348.3800,348.3800,348.3800
1787166860,348.4100,348.4200,348.4100,348.4200
1787166864,348.4300,348.4300,348.4300,348.4300
1787166868,348.4200,348.4200,348.4200,348.4200
1787166875,348.4100,348.4100,348.4100,348.4100
1787166876,348.4100,348.4100,348.3800,348.3900
1787166882,348.3600,348.3600,348.3500,348.3500
1787166885,348.4000,348.4100,348.3900,348.3900
1787166886,348.4100,348.4100,348.4100,348.4100
1787166887,348.4000,348.4000,348.4000,348.4000
1787166892,348.4100,348.4100,348.4100,348.4100
1787166896,348.4100,348.4100,348.4100,348.4100
1787166897,348.3800,348.3800,348.3500,348.3600
1787166898,348.3600,348.3600,348.3600,348.3600
1787166899,348.3900,348.3900,348.3900,348.3900
1787166903,348.4300,348.4700,348.4300,348.4400
1787166905,348.4500,348.4500,348.4500,348.4500
1787166907,348.4400,348.4400,348.4400,348.4400
1787166908,348.4300,348.4300,348.4300,348.4300
1787166909,348.4200,348.4200,348.3800,348.3800
1787166913,348.4600,348.5400,348.4600,348.5400
1787166920,348.4800,348.4800,348.4500,348.4500
1787166923,348.4400,348.4400,348.4400,348.4400
1787166926,348.4300,348.4300,348.4300,348.4300
1787166928,348.4500,348.4550,348.4100,348.4100
1787166929,348.4000,348.4000,348.4000,348.4000
1787166931,348.4300,348.4300,348.4300,348.4300
1787166937,348.3900,348.4400,348.3600,348.4400
1787166939,348.4700,348.5000,348.4700,348.4750
1787166943,348.5000,348.6100,348.5000,348.6100
1787166945,348.6100,348.6100,348.6100,348.6100
1787166946,348.6300,348.6400,348.6200,348.6350
1787166947,348.6300,348.6300,348.6200,348.6200
1787166949,348.6500,348.6800,348.6500,348.6700
1787166950,348.6700,348.6700,348.6700,348.6700
1787166953,348.6800,348.6800,348.6800,348.6800
1787166954,348.6900,348.7600,348.6900,348.7300
1787166955,348.7100,348.7500,348.7100,348.7300
1787166956,348.7700,348.7900,348.7700,348.7900
1787166959,348.7700,348.7800,348.7700,348.7800
1787166960,348.7500,348.7500,348.7500,348.7500
1787166961,348.7800,348.7800,348.7800,348.7800
1787166962,348.7900,348.7900,348.7800,348.7800
1787166963,348.7800,348.7800,348.7800,348.7800
1787166964,348.7900,348.8000,348.7800,348.8000
1787166966,348.7800,348.8100,348.7800,348.8000
1787166967,348.8200,348.8200,348.8000,348.8000
1787166968,348.8000,348.8300,348.8000,348.8300
1787166969,348.8200,348.8300,348.8000,348.8000
1787166970,348.8000,348.8200,348.8000,348.8200
1787166971,348.8000,348.8000,348.8000,348.8000
1787166972,348.8100,348.8100,348.7600,348.7600
1787166975,348.7500,348.7500,348.6900,348.7200
1787166978,348.7500,348.7500,348.7500,348.7500
1787166979,348.7100,348.7100,348.7100,348.7100
1787166980,348.7000,348.7000,348.6900,348.6900
1787166984,348.6900,348.6900,348.6700,348.6700
1787166986,348.7100,348.7100,348.6950,348.6950
1787166989,348.6700,348.6700,348.6200,348.6200
1787166991,348.6100,348.6100,348.5900,348.5900
1787166992,348.6100,348.6200,348.6100,348.6200
1787166994,348.5900,348.5900,348.5800,348.5800
1787166995,348.5600,348.5600,348.5600,348.5600
1787166998,348.5800,348.5800,348.5500,348.5500
1787166999,348.5750,348.6300,348.5750,348.6300
1787167000,348.6000,348.6000,348.6000,348.6000
1787167004,348.6000,348.6200,348.5900,348.5900
1787167006,348.6100,348.6100,348.5850,348.5850
1787167010,348.5950,348.5950,348.5600,348.5600
1787167011,348.5500,348.5500,348.5400,348.5400
1787167014,348.5100,348.5100,348.4300,348.4300
1787167018,348.4600,348.4600,348.4500,348.4500
1787167019,348.4500,348.4900,348.4500,348.4700
1787167022,348.4400,348.4400,348.3500,348.4050
1787167023,348.4400,348.4400,348.4400,348.4400
1787167024,348.4350,348.4400,348.4200,348.4400
1787167025,348.4500,348.4600,348.4500,348.4600
1787167026,348.4650,348.4650,348.4600,348.4600
1787167030,348.4650,348.4650,348.4650,348.4650
1787167031,348.4800,348.5200,348.4800,348.5200
1787167035,348.5350,348.5350,348.5350,348.5350
1787167036,348.5100,348.5100,348.5000,348.5000
1787167038,348.5000,348.5000,348.5000,348.5000
1787167040,348.4900,348.4900,348.4900,348.4900
1787167043,348.5000,348.5200,348.5000,348.5200
1787167044,348.5300,348.5400,348.5100,348.5100
1787167046,348.5400,348.5400,348.5350,348.5350
1787167049,348.5600,348.5800,348.5600,348.5800
1787167050,348.5900,348.6200,348.5900,348.6200
1787167052,348.6600,348.6600,348.6600,348.6600
1787167053,348.6500,348.6500,348.6500,348.6500
1787167055,348.6600,348.6600,348.6600,348.6600
1787167056,348.6300,348.6300,348.6300,348.6300
1787167058,348.6100,348.6100,348.6100,348.6100
1787167060,348.5900,348.5900,348.5900,348.5900
1787167062,348.6000,348.6000,348.6000,348.6000
1787167066,348.6400,348.6450,348.6400,348.6450
1787167070,348.6400,348.6600,348.6400,348.6600
1787167072,348.6800,348.6900,348.6800,348.6900
1787167075,348.7000,348.7000,348.7000,348.7000
1787167077,348.7400,348.7400,348.6900,348.6900
1787167083,348.7400,348.7500,348.7400,348.7500
1787167086,348.7200,348.7200,348.7200,348.7200
1787167087,348.7400,348.7500,348.7100,348.7200
1787167089,348.7300,348.7300,348.7300,348.7300
1787167090,348.7200,348.7200,348.7200,348.7200
1787167092,348.7000,348.7000,348.6900,348.6900
1787167093,348.6800,348.6800,348.6700,348.6700
1787167098,348.7100,348.7100,348.7100,348.7100
1787167105,348.6850,348.6850,348.6300,348.6300
1787167107,348.6000,348.6000,348.5900,348.5900
1787167109,348.6100,348.6100,348.6100,348.6100
1787167110,348.5800,348.5800,348.5800,348.5800
1787167111,348.5700,348.5700,348.5500,348.5500
1787167115,348.5000,348.5000,348.5000,348.5000
1787167116,348.5300,348.5300,348.5100,348.5100
1787167119,348.5200,348.5200,348.5200,348.5200
1787167120,348.5500,348.5500,348.5250,348.5250
1787167121,348.5500,348.5500,348.5500,348.5500
1787167123,348.5100,348.5100,348.5100,348.5100
1787167125,348.5500,348.5500,348.5500,348.5500
1787167127,348.5100,348.5100,348.5100,348.5100
1787167128,348.5000,348.5000,348.5000,348.5000
1787167129,348.5100,348.5500,348.5100,348.5500
1787167130,348.5600,348.5800,348.5600,348.5800
1787167133,348.5900,348.5900,348.5900,348.5900
1787167134,348.5700,348.5700,348.5700,348.5700
1787167137,348.5750,348.5750,348.5750,348.5750
1787167140,348.5800,348.5800,348.5700,348.5700
1787167143,348.5700,348.5900,348.5700,348.5800
1787167144,348.5800,348.5800,348.5800,348.5800
1787167145,348.6000,348.6000,348.5600,348.5600
1787167148,348.5900,348.5900,348.5500,348.5500
1787167149,348.5450,348.5450,348.5450,348.5450
1787167153,348.5400,348.5400,348.5400,348.5400
1787167157,348.5400,348.5400,348.5400,348.5400
1787167160,348.5900,348.6000,348.5900,348.6000
1787167161,348.6000,348.6000,348.6000,348.6000
1787167162,348.6100,348.6300,348.6100,348.6100
1787167163,348.6100,348.6100,348.6100,348.6100
1787167165,348.6100,348.6150,348.6100,348.6150
1787167166,348.6200,348.6200,348.6100,348.6100
1787167171,348.6300,348.6300,348.6300,348.6300
1787167173,348.6500,348.6500,348.6500,348.6500
1787167176,348.6500,348.6500,348.6500,348.6500
1787167178,348.6600,348.6600,348.6600,348.6600
1787167186,348.6750,348.6750,348.6750,348.6750
1787167187,348.6750,348.6750,348.6500,348.6500
1787167192,348.6500,348.6500,348.6500,348.6500
1787167193,348.6400,348.6400,348.6400,348.6400
1787167196,348.6500,348.7000,348.6500,348.7000
1787167197,348.7100,348.7200,348.7100,348.7200
1787167198,348.7200,348.7200,348.7000,348.7000
1787167200,348.7000,348.7000,348.6900,348.6900
1787167201,348.7000,348.7000,348.7000,348.7000
1787167204,348.6800,348.6800,348.6800,348.6800
1787167206,348.7100,348.7300,348.7100,348.7200
1787167207,348.7100,348.7100,348.7100,348.7100
1787167209,348.7000,348.7000,348.7000,348.7000
1787167214,348.7400,348.7600,348.7400,348.7600
1787167215,348.7500,348.7500,348.7500,348.7500
1787167216,348.7400,348.7400,348.7400,348.7400
1787167219,348.7800,348.8500,348.7800,348.8300
1787167224,348.8500,348.8800,348.8500,348.8800
1787167231,348.8450,348.8450,348.8450,348.8450
1787167232,348.8300,348.8400,348.8250,348.8350
1787167233,348.8500,348.8600,348.8500,348.8550
1787167234,348.8600,348.8600,348.8600,348.8600
1787167236,348.8400,348.8600,348.8400,348.8600
1787167237,348.8700,348.8700,348.8600,348.8600
1787167240,348.8500,348.9000,348.8500,348.8600
1787167242,348.8500,348.8500,348.8400,348.8400
1787167245,348.8200,348.8200,348.7850,348.7850
1787167250,348.8500,348.8900,348.8500,348.8900
1787167252,348.8900,348.8900,348.8800,348.8800
1787167254,348.8600,348.8600,348.8500,348.8500
1787167259,348.8500,348.8800,348.8300,348.8600
1787167260,348.9000,348.9500,348.8700,348.9500
1787167261,348.9400,348.9400,348.9400,348.9400
1787167262,348.9250,348.9250,348.9250,348.9250
1787167263,348.9250,348.9250,348.9250,348.9250
1787167264,348.9400,348.9400,348.9400,348.9400
1787167267,348.9100,348.9100,348.9100,348.9100
1787167268,348.8900,348.8900,348.8900,348.8900
1787167270,348.8900,348.8900,348.8900,348.8900
1787167271,348.8800,348.9000,348.8800,348.9000
1787167274,348.8850,348.8900,348.8850,348.8900
1787167275,348.9100,348.9100,348.9100,348.9100
1787167276,348.9050,348.9100,348.8800,348.8800
1787167278,348.9000,348.9000,348.9000,348.9000
1787167279,348.8900,348.8900,348.8200,348.8300
1787167283,348.8700,348.8700,348.8700,348.8700
1787167284,348.8500,348.8500,348.8500,348.8500
1787167286,348.8500,348.8500,348.8400,348.8400
1787167290,348.8600,348.8600,348.8600,348.8600
1787167291,348.8400,348.8400,348.8400,348.8400
1787167296,348.8300,348.8300,348.7900,348.7900
1787167299,348.7850,348.7850,348.7850,348.7850
1787167301,348.7850,348.8200,348.7850,348.8000
1787167305,348.8000,348.8100,348.7900,348.7900
1787167312,348.7700,348.7700,348.7600,348.7600
1787167314,348.7700,348.7700,348.7700,348.7700
1787167316,348.7600,348.7600,348.7600,348.7600
1787167320,348.7500,348.7500,348.7500,348.7500
1787167321,348.7300,348.7300,348.7300,348.7300
1787167323,348.7450,348.7450,348.7450,348.7450
1787167324,348.7200,348.7200,348.6800,348.6800
1787167325,348.6700,348.6700,348.6700,348.6700
1787167328,348.6600,348.6600,348.6350,348.6600
1787167330,348.6450,348.6450,348.6450,348.6450
1787167332,348.6500,348.6700,348.6500,348.6600
1787167333,348.6800,348.6800,348.6700,348.6700
1787167334,348.6700,348.6700,348.6600,348.6600
1787167335,348.6800,348.6850,348.6800,348.6850
1787167336,348.7000,348.7000,348.7000,348.7000
1787167337,348.6700,348.6800,348.6600,348.6600
1787167338,348.6800,348.6800,348.6800,348.6800
1787167339,348.6750,348.6800,348.4600,348.5800
1787167340,348.5300,348.5300,348.5100,348.5100
1787167341,348.5100,348.5250,348.5000,348.5250
1787167342,348.5400,348.5800,348.5400,348.5800
1787167343,348.5850,348.5850,348.5850,348.5850
1787167347,348.6000,348.6000,348.6000,348.6000
1787167348,348.6150,348.6200,348.6150,348.6200
1787167349,348.6150,348.6150,348.6150,348.6150
1787167352,348.6300,348.6300,348.6300,348.6300
1787167353,348.6100,348.6100,348.6100,348.6100
1787167356,348.6000,348.6000,348.5900,348.5900
1787167357,348.5850,348.5850,348.5700,348.5700
1787167359,348.5700,348.5700,348.5400,348.5400
1787167360,348.5300,348.5300,348.5300,348.5300
1787167361,348.5400,348.5400,348.5400,348.5400
1787167363,348.5100,348.5150,348.5100,348.5150
1787167364,348.5200,348.5300,348.5200,348.5200
1787167365,348.5200,348.5700,348.5200,348.5700
1787167367,348.5700,348.5800,348.5700,348.5800
1787167369,348.5900,348.6100,348.5900,348.5900
1787167371,348.5800,348.5800,348.5800,348.5800
1787167377,348.5900,348.5900,348.5600,348.5600
1787167379,348.6200,348.6300,348.5800,348.5800
1787167380,348.6300,348.6300,348.6300,348.6300
1787167384,348.6000,348.6000,348.5900,348.5900
1787167392,348.6300,348.6300,348.6300,348.6300
1787167401,348.6600,348.6700,348.6600,348.6700
1787167402,348.6800,348.6900,348.6800,348.6900
1787167403,348.6900,348.7300,348.6900,348.7000
1787167404,348.7000,348.7000,348.7000,348.7000
1787167405,348.7300,348.7300,348.7000,348.7000
1787167406,348.7300,348.7300,348.7150,348.7150
1787167407,348.7150,348.7150,348.7150,348.7150
1787167408,348.7150,348.7150,348.7150,348.7150
1787167410,348.6800,348.6800,348.6600,348.6600
1787167411,348.6400,348.6400,348.6200,348.6200
1787167412,348.6300,348.6300,348.6300,348.6300
1787167416,348.6400,348.6500,348.6400,348.6500
1787167419,348.6500,348.6500,348.6500,348.6500
1787167420,348.6500,348.6500,348.6500,348.6500
1787167422,348.6500,348.7000,348.6500,348.6600
1787167423,348.7100,348.7100,348.7100,348.7100
1787167426,348.6950,348.6950,348.6950,348.6950
1787167427,348.6900,348.6900,348.6900,348.6900
1787167428,348.6700,348.6700,348.6600,348.6700
1787167429,348.6700,348.6850,348.6700,348.6850
1787167430,348.6850,348.6850,348.6850,348.6850
1787167431,348.6850,348.6850,348.6850,348.6850
1787167432,348.7200,348.7400,348.7200,348.7400
1787167433,348.7500,348.7500,348.7500,348.7500
1787167437,348.7700,348.7700,348.7700,348.7700
1787167438,348.7700,348.7700,348.7700,348.7700
1787167439,348.7700,348.7700,348.7700,348.7700
1787167440,348.7700,348.7700,348.7000,348.7000
1787167443,348.6900,348.6900,348.6700,348.6800
1787167450,348.6650,348.6700,348.6300,348.6300
1787167452,348.6500,348.6500,348.6300,348.6500
1787167453,348.6700,348.6700,348.6700,348.6700
1787167454,348.6800,348.6800,348.6800,348.6800
1787167455,348.6700,348.6700,348.6700,348.6700
1787167456,348.6700,348.6700,348.6700,348.6700
1787167458,348.6500,348.6500,348.6300,348.6500
1787167459,348.6250,348.6250,348.6250,348.6250
1787167461,348.6000,348.6100,348.5800,348.5800
1787167462,348.6000,348.6000,348.6000,348.6000
1787167466,348.6050,348.6050,348.6050,348.6050
1787167467,348.6200,348.6200,348.6050,348.6200
1787167468,348.6000,348.6000,348.6000,348.6000
1787167470,348.6100,348.6100,348.6000,348.6000
1787167472,348.6300,348.6500,348.6300,348.6500
1787167473,348.6600,348.7000,348.6600,348.7000
1787167474,348.7100,348.7100,348.7100,348.7100
1787167476,348.6800,348.6800,348.6800,348.6800
1787167486,348.6700,348.6700,348.6700,348.6700
1787167489,348.6700,348.6700,348.6600,348.6600
1787167490,348.6700,348.6800,348.6700,348.6700
1787167491,348.6800,348.7200,348.6800,348.6800
1787167494,348.7200,348.7200,348.7200,348.7200
1787167496,348.7300,348.7300,348.7300,348.7300
1787167498,348.7300,348.7300,348.7300,348.7300
1787167500,348.7200,348.7200,348.7200,348.7200
1787167501,348.7100,348.7100,348.7100,348.7100
1787167502,348.7100,348.7100,348.7100,348.7100
1787167503,348.7500,348.7500,348.7500,348.7500
1787167507,348.7200,348.7200,348.6800,348.6800
1787167508,348.6900,348.7000,348.6900,348.7000
1787167510,348.6950,348.6950,348.6950,348.6950
1787167512,348.6900,348.6900,348.6800,348.6800
1787167514,348.6900,348.7000,348.6900,348.7000
1787167516,348.6950,348.6950,348.6950,348.6950
1787167518,348.6950,348.6950,348.6950,348.6950
1787167520,348.7100,348.7100,348.7000,348.7000
1787167521,348.6700,348.6700,348.6700,348.6700
1787167522,348.6800,348.6800,348.6600,348.6700
1787167523,348.7000,348.7000,348.6900,348.6900
1787167525,348.7000,348.7000,348.6900,348.6900
1787167526,348.6800,348.6800,348.6800,348.6800
1787167527,348.7200,348.7200,348.7200,348.7200
1787167528,348.7400,348.7400,348.7400,348.7400
1787167531,348.7400,348.7400,348.6900,348.6900
1787167538,348.6900,348.6900,348.6900,348.6900
1787167539,348.6900,348.7100,348.6900,348.7100
1787167540,348.7000,348.7000,348.7000,348.7000
1787167542,348.7050,348.7100,348.7050,348.7100
1787167546,348.7100,348.7200,348.7100,348.7200
1787167547,348.7400,348.7400,348.7400,348.7400
1787167548,348.7400,348.7400,348.7400,348.7400
1787167549,348.7200,348.7600,348.7000,348.7300
1787167550,348.7200,348.7200,348.7200,348.7200
1787167551,348.7200,348.7200,348.7200,348.7200
1787167552,348.7100,348.7200,348.6800,348.6800
1787167556,348.7600,348.7700,348.7300,348.7300
1787167557,348.7200,348.7200,348.7100,348.7100
1787167559,348.7000,348.7000,348.7000,348.7000
1787167560,348.7300,348.7300,348.7300,348.7300
1787167561,348.7000,348.7000,348.7000,348.7000
1787167562,348.7000,348.7000,348.7000,348.7000
1787167566,348.7200,348.7300,348.7200,348.7300
1787167568,348.7200,348.7200,348.7200,348.7200
1787167571,348.7000,348.7000,348.7000,348.7000
1787167573,348.7000,348.7000,348.6900,348.6900
1787167574,348.7100,348.7100,348.7100,348.7100
1787167575,348.7200,348.7400,348.7200,348.7400
1787167576,348.7400,348.7400,348.7400,348.7400
1787167578,348.7400,348.7400,348.7400,348.7400
1787167579,348.7400,348.7400,348.7400,348.7400
1787167580,348.7400,348.7400,348.7400,348.7400
1787167582,348.7300,348.7300,348.7300,348.7300
1787167584,348.7400,348.7400,348.7400,348.7400
1787167586,348.7300,348.7300,348.7300,348.7300
1787167587,348.7400,348.7400,348.7400,348.7400
1787167588,348.7400,348.7400,348.6800,348.6900
1787167591,348.6900,348.6900,348.6900,348.6900
1787167593,348.6950,348.7000,348.6950,348.7000
1787167595,348.7100,348.7100,348.7100,348.7100
1787167596,348.7100,348.7100,348.7100,348.7100
1787167597,348.6800,348.6800,348.6500,348.6600
1787167599,348.6500,348.6800,348.6400,348.6800
1787167601,348.6800,348.6800,348.6800,348.6800
1787167603,348.6600,348.6600,348.6600,348.6600
1787167607,348.6400,348.6600,348.6300,348.6600
1787167609,348.6500,348.6500,348.6500,348.6500
1787167613,348.6600,348.6600,348.6300,348.6300
1787167614,348.6800,348.7000,348.6800,348.7000
1787167616,348.6800,348.6800,348.6500,348.6500
1787167617,348.6600,348.6600,348.6600,348.6600
1787167618,348.6200,348.6200,348.6000,348.6000
1787167622,348.6100,348.6100,348.6050,348.6050
1787167623,348.6300,348.6400,348.6300,348.6400
1787167624,348.6200,348.6200,348.6000,348.6000
1787167625,348.6100,348.6100,348.6100,348.6100
1787167626,348.6000,348.6100,348.6000,348.6100
1787167627,348.5900,348.5950,348.5900,348.5900
1787167628,348.6200,348.6400,348.6200,348.6400
1787167633,348.6350,348.6600,348.6350,348.6600
1787167634,348.6700,348.6700,348.6700,348.6700
1787167639,348.6500,348.6500,348.6500,348.6500
1787167640,348.6800,348.7100,348.6800,348.7100
1787167641,348.7200,348.7200,348.7200,348.7200
1787167642,348.7100,348.7100,348.7100,348.7100
1787167643,348.7000,348.7000,348.7000,348.7000
1787167644,348.7000,348.7000,348.7000,348.7000
1787167647,348.7100,348.7700,348.7100,348.7700
1787167648,348.7650,348.7650,348.7600,348.7600
1787167649,348.7700,348.7700,348.7700,348.7700
1787167651,348.7700,348.7700,348.7700,348.7700
1787167652,348.7700,348.7700,348.7700,348.7700
1787167653,348.7700,348.8500,348.7500,348.8500
1787167654,348.8500,348.8500,348.8500,348.8500
1787167655,348.8300,348.8300,348.8300,348.8300
1787167656,348.8300,348.8300,348.8300,348.8300
1787167659,348.8200,348.8200,348.8200,348.8200
1787167662,348.8400,348.8650,348.8400,348.8650
1787167664,348.8700,348.9000,348.8700,348.9000
1787167666,348.8800,348.8800,348.8700,348.8700
1787167667,348.8900,348.9100,348.8900,348.9100
1787167668,348.9000,348.9000,348.9000,348.9000
1787167670,348.9100,348.9100,348.9100,348.9100
1787167671,348.9100,348.9100,348.9000,348.9000
1787167674,348.8950,348.8950,348.8950,348.8950
1787167675,348.9000,348.9000,348.9000,348.9000
1787167678,348.9200,348.9200,348.9200,348.9200
1787167679,348.9000,348.9000,348.9000,348.9000
1787167682,348.9100,348.9100,348.8300,348.8600
1787167685,348.8900,348.8900,348.8900,348.8900
1787167686,348.9100,348.9100,348.9100,348.9100
1787167687,348.9200,348.9200,348.9200,348.9200
1787167688,348.9100,348.9100,348.9100,348.9100
1787167689,348.8800,348.8800,348.8800,348.8800
1787167691,348.9000,348.9050,348.9000,348.9050
1787167692,348.9300,349.2000,348.9300,349.1800
1787167693,349.2000,349.2800,349.2000,349.2400
1787167694,349.2700,349.3800,349.2700,349.3800
1787167695,349.3800,349.4400,349.3800,349.4400
1787167696,349.4400,349.5000,349.4300,349.4500
1787167697,349.4500,349.4700,349.4500,349.4700
1787167698,349.4550,349.4600,349.4400,349.4550
1787167699,349.4550,349.4900,349.4550,349.4900
1787167700,349.4900,349.4900,349.4400,349.4400
1787167701,349.4400,349.4400,349.3900,349.3900
1787167702,349.3900,349.3900,349.3550,349.3550
1787167703,349.3300,349.3650,349.3300,349.3650
1787167704,349.3650,349.3650,349.3650,349.3650
1787167705,349.3700,349.3700,349.3700,349.3700
1787167707,349.3750,349.4000,349.3750,349.4000
1787167710,349.3850,349.4200,349.3850,349.4100
1787167712,349.4100,349.4100,349.4100,349.4100
1787167713,349.3950,349.3950,349.3700,349.3700
1787167717,349.3500,349.3500,349.2900,349.2900
1787167718,349.3000,349.3000,349.2950,349.2950
1787167720,349.3900,349.3900,349.3900,349.3900
1787167721,349.3500,349.3500,349.3400,349.3400
1787167723,349.3700,349.3700,349.3700,349.3700
1787167725,349.3400,349.3400,349.3200,349.3200
1787167726,349.3100,349.3150,349.2800,349.2800
1787167728,349.3400,349.3400,349.3000,349.3000
1787167730,349.3300,349.3300,349.3300,349.3300
1787167732,349.3500,349.3500,349.3500,349.3500
1787167734,349.3200,349.3200,349.2900,349.2900
1787167738,349.2900,349.2900,349.2600,349.2600
1787167740,349.2400,349.2400,349.1700,349.1700
1787167743,349.1700,349.1700,349.1700,349.1700
1787167744,349.1750,349.1750,349.1750,349.1750
1787167748,349.2000,349.2000,349.1800,349.1900
1787167749,349.1900,349.1900,349.1900,349.1900
1787167750,349.1600,349.1600,349.1200,349.1200
1787167751,349.0800,349.0800,349.0700,349.0700
1787167753,349.0600,349.0600,349.0100,349.0100
1787167754,349.0000,349.0000,349.0000,349.0000
1787167756,348.9500,348.9500,348.9500,348.9500
1787167757,348.9200,348.9200,348.9200,348.9200
1787167758,348.9300,348.9300,348.9300,348.9300
1787167759,348.9100,348.9100,348.9100,348.9100
1787167760,348.9200,348.9400,348.9200,348.9400
1787167761,348.9650,348.9650,348.9500,348.9600
1787167764,348.9400,348.9400,348.9400,348.9400
1787167766,348.9400,348.9400,348.9000,348.9000
1787167771,348.9300,348.9400,348.9300,348.9400
1787167774,348.8800,348.9000,348.8650,348.9000
1787167776,348.8700,348.9000,348.8700,348.9000
1787167777,348.8900,349.0500,348.8900,349.0500
1787167778,349.0300,349.0300,349.0100,349.0100
1787167779,349.0000,349.0000,348.9900,348.9900
1787167780,348.9200,348.9250,348.9200,348.9250
1787167781,348.8900,348.8900,348.8900,348.8900
1787167782,348.8700,348.8700,348.7950,348.7950
1787167783,348.8100,348.8100,348.8100,348.8100
1787167785,348.7800,348.7800,348.7550,348.7550
1787167786,348.7550,348.7550,348.7550,348.7550
1787167787,348.7750,348.8200,348.7750,348.8150
1787167789,348.8500,348.8500,348.8500,348.8500
1787167791,348.8100,348.8100,348.7900,348.7900
1787167792,348.7900,348.7900,348.7900,348.7900
1787167793,348.7850,348.7850,348.7850,348.7850
1787167794,348.7700,348.7800,348.6800,348.7200
1787167795,348.6400,348.6700,348.6400,348.6700
1787167796,348.6900,348.7500,348.6000,348.6900
1787167797,348.6800,348.7300,348.6500,348.7300
1787167798,348.7400,348.7400,348.7400,348.7400
1787167799,348.6900,348.6900,348.2800,348.3300
1787167800,348.3100,348.3400,348.2800,348.3000
1787167801,348.3000,348.3500,348.0950,348.0950
1787167802,348.0800,348.1100,348.0500,348.1100
1787167803,348.0700,348.3300,348.0700,348.2600
1787167804,348.2000,348.2100,348.1450,348.1450
1787167805,348.1700,348.1800,348.1700,348.1800
1787167806,348.1900,348.2100,348.1900,348.2100
1787167807,348.2050,348.2300,348.2050,348.2300
1787167808,348.2500,348.2700,348.2500,348.2700
1787167809,348.2700,348.3200,348.2700,348.3200
1787167810,348.3300,348.3600,348.3000,348.3600
1787167811,348.3600,348.3600,348.3600,348.3600
1787167812,348.3300,348.3300,348.0800,348.0900
1787167813,348.0750,348.1100,348.0600,348.0600
1787167814,348.0900,348.1000,348.0700,348.1000
1787167815,348.0700,348.1000,348.0500,348.1000
1787167816,348.1100,348.1500,348.1100,348.1200
1787167817,348.1100,348.3200,348.1100,348.3200
1787167819,348.3300,348.4000,348.3300,348.4000
1787167820,348.4200,348.4300,348.4200,348.4300
1787167821,348.4000,348.4000,348.3600,348.4000
1787167822,348.4700,348.5000,348.4700,348.4800
1787167824,348.4800,348.4800,348.4800,348.4800
1787167828,348.4800,348.5400,348.4600,348.5400
1787167829,348.5500,348.5700,348.5500,348.5700
1787167830,348.5650,348.5650,348.5650,348.5650
1787167832,348.5650,348.5800,348.5100,348.5800
1787167833,348.5900,348.5900,348.5900,348.5900
1787167834,348.6000,348.6400,348.6000,348.6200
1787167835,348.6700,348.6700,348.5900,348.5900
1787167837,348.6600,348.7600,348.6600,348.7500
1787167839,348.7600,348.7900,348.7600,348.7800
1787167840,348.7700,348.7700,348.7700,348.7700
1787167841,348.8000,348.9100,348.8000,348.9100
1787167842,348.9100,348.9100,348.8500,348.8500
1787167845,348.9000,348.9000,348.9000,348.9000
1787167847,348.9200,348.9400,348.8400,348.8400
1787167849,348.8700,348.8700,348.8700,348.8700
1787167851,348.8400,348.8400,348.8400,348.8400
1787167852,348.8600,348.8700,348.8000,348.8000
1787167853,348.8100,348.8100,348.8100,348.8100
1787167856,348.8300,348.8300,348.8300,348.8300
1787167858,348.8700,348.8700,348.8700,348.8700
1787167860,348.8700,348.9000,348.8700,348.9000
1787167861,348.8950,348.8950,348.7500,348.7500
1787167865,348.7600,348.7600,348.7600,348.7600
1787167866,348.7200,348.7200,348.7000,348.7000
1787167869,348.6900,348.6900,348.6700,348.6700
1787167871,348.6400,348.6400,348.6300,348.6300
1787167873,348.6300,348.6300,348.5750,348.5900
1787167878,348.6300,348.6500,348.6300,348.6300
1787167879,348.6500,348.6500,348.6500,348.6500
1787167880,348.6400,348.6600,348.6300,348.6300
1787167882,348.5700,348.5900,348.5500,348.5600
1787167883,348.5500,348.5700,348.5500,348.5700
1787167885,348.6000,348.6000,348.6000,348.6000
1787167886,348.6000,348.6100,348.6000,348.6100
1787167887,348.6300,348.6300,348.6000,348.6000
1787167888,348.5600,348.5600,348.5500,348.5500
1787167890,348.5600,348.5600,348.5600,348.5600
1787167893,348.5500,348.5500,348.5400,348.5400
1787167895,348.5400,348.5800,348.5400,348.5800
1787167896,348.5650,348.5650,348.5650,348.5650
1787167897,348.5300,348.5300,348.5300,348.5300
1787167898,348.5200,348.5200,348.4800,348.4900
1787167901,348.4500,348.4500,348.4000,348.4500
1787167903,348.4400,348.4400,348.4400,348.4400
1787167905,348.4300,348.4300,348.4300,348.4300
1787167907,348.4200,348.4200,348.4200,348.4200
1787167909,348.3700,348.3700,348.3400,348.3400
1787167911,348.3600,348.3600,348.3600,348.3600
1787167913,348.3700,348.3700,348.3700,348.3700
1787167915,348.3100,348.3200,348.2700,348.3200
1787167918,348.2800,348.2800,348.2700,348.2700
1787167919,348.3200,348.3300,348.3200,348.3300
1787167920,348.3100,348.3100,348.2800,348.2800
1787167921,348.2900,348.3300,348.2900,348.3300
1787167922,348.3300,348.3400,348.3100,348.3100
1787167923,348.2800,348.2800,348.2800,348.2800
1787167924,348.2600,348.2600,348.2400,348.2500
1787167925,348.2100,348.2100,348.1600,348.1600
1787167927,348.2200,348.2200,348.2050,348.2100
1787167928,348.2000,348.2000,348.1900,348.1900
1787167934,348.1000,348.1000,348.1000,348.1000
1787167935,348.1300,348.1300,348.1300,348.1300
1787167936,348.1500,348.1900,348.1500,348.1900
1787167937,348.2000,348.2200,348.2000,348.2200
1787167938,348.2300,348.2400,348.2300,348.2400
1787167940,348.3500,348.3600,348.3400,348.3600
1787167941,348.3800,348.3800,348.3800,348.3800
1787167943,348.3950,348.3950,348.3900,348.3900
1787167944,348.3950,348.3950,348.3700,348.3700
1787167945,348.3900,348.3900,348.3900,348.3900
1787167947,348.4000,348.4500,348.4000,348.4500
1787167950,348.4700,348.5200,348.4700,348.4800
1787167952,348.5200,348.5200,348.5200,348.5200
1787167953,348.5500,348.5500,348.5500,348.5500
1787167954,348.5300,348.5300,348.5100,348.5100
1787167955,348.5700,348.5700,348.5700,348.5700
1787167958,348.6000,348.6000,348.6000,348.6000
1787167962,348.6300,348.6300,348.6300,348.6300
1787167963,348.6400,348.6700,348.6400,348.6700
1787167964,348.6700,348.6800,348.6500,348.6800
1787167966,348.6850,348.6850,348.6800,348.6800
1787167968,348.7000,348.7000,348.7000,348.7000
1787167971,348.6800,348.6800,348.6700,348.6800
1787167972,348.7000,348.7200,348.7000,348.7200
1787167973,348.7300,348.7500,348.7300,348.7500
1787167974,348.8000,348.8000,348.7900,348.7900
1787167975,348.7900,348.8300,348.7900,348.8300
1787167976,348.8300,348.8450,348.8200,348.8450
1787167977,348.8400,348.8400,348.8400,348.8400
1787167980,348.8550,348.8800,348.8300,348.8700
1787167982,348.8800,348.8900,348.8800,348.8900
1787167983,348.8900,348.9500,348.8900,348.9400
1787167984,348.9100,348.9100,348.8900,348.8900
1787167985,348.8500,348.8500,348.8500,348.8500
1787167986,348.8900,348.9200,348.8900,348.9200
1787167987,348.9300,348.9300,348.9300,348.9300
1787167990,348.9500,349.0000,348.9500,348.9900
1787167991,349.0200,349.0400,349.0200,349.0250
1787167992,349.0500,349.0500,349.0500,349.0500
1787167993,349.0550,349.0550,349.0400,349.0400
1787167994,349.0700,349.1100,349.0700,349.1100
1787167995,349.1000,349.1200,349.0800,349.0800
1787168001,349.1000,349.1000,349.0700,349.0800
1787168003,349.1000,349.1000,349.1000,349.1000
1787168006,349.0600,349.0600,349.0300,349.0300
1787168009,348.9800,348.9800,348.9600,348.9600
1787168012,348.9400,348.9400,348.8600,348.9200
1787168013,348.8800,348.8800,348.8700,348.8700
1787168014,348.8600,348.8600,348.8400,348.8400
1787168016,348.8400,348.8400,348.8200,348.8200
1787168017,348.7900,348.7900,348.7200,348.7200
1787168027,348.7600,348.8200,348.7600,348.8200
1787168028,348.8800,348.8800,348.8550,348.8550
1787168029,348.8700,348.8700,348.8700,348.8700
1787168030,348.8850,348.9300,348.8500,348.9100
1787168032,348.9200,348.9200,348.9200,348.9200
1787168033,348.9200,348.9200,348.8800,348.8800
1787168037,348.8550,348.8550,348.8550,348.8550
1787168038,348.8100,348.8100,348.7500,348.7900
1787168041,348.8100,348.8100,348.8100,348.8100
1787168042,348.8100,348.8300,348.7800,348.8300
1787168043,348.8400,348.8400,348.8400,348.8400
1787168044,348.8400,348.8500,348.8100,348.8500
1787168045,348.8600,348.9100,348.8600,348.9100
1787168046,348.9400,348.9400,348.9400,348.9400
1787168048,348.9200,348.9250,348.9100,348.9100
1787168051,348.9100,348.9100,348.9100,348.9100
1787168052,348.9200,348.9200,348.9000,348.9000
1787168053,348.9200,348.9200,348.8800,348.8800
1787168061,348.8700,348.8700,348.8700,348.8700
1787168063,348.8800,348.9000,348.8800,348.9000
1787168064,348.9200,348.9200,348.8600,348.8600
1787168066,348.8500,348.8500,348.8500,348.8500
1787168068,348.8700,348.8700,348.8700,348.8700
1787168070,348.8500,348.8500,348.8500,348.8500
1787168071,348.8900,349.0300,348.8900,349.0300
1787168072,349.0700,349.0700,349.0700,349.0700
1787168073,349.0800,349.1000,349.0800,349.1000
1787168074,349.1000,349.1050,349.1000,349.1050
1787168075,349.0800,349.0800,349.0700,349.0700
1787168080,349.0900,349.0900,349.0900,349.0900
1787168082,349.1100,349.1100,349.1100,349.1100
1787168083,349.1000,349.1000,349.1000,349.1000
1787168084,349.1000,349.1000,349.1000,349.1000
1787168085,349.0800,349.1300,349.0800,349.1300
1787168087,349.1400,349.1500,349.1400,349.1500
1787168088,349.1500,349.1600,349.1500,349.1600
1787168089,349.1400,349.2600,349.1300,349.2600
1787168091,349.2500,349.3000,349.2300,349.2300
1787168093,349.3000,349.3000,349.3000,349.3000
1787168094,349.3000,349.3000,349.2600,349.2600
1787168096,349.2400,349.2400,349.2400,349.2400
1787168099,349.3300,349.3300,349.3300,349.3300
1787168100,349.3050,349.3050,349.2600,349.2600
1787168101,349.2400,349.2400,349.2100,349.2100
1787168104,349.1700,349.1700,349.1600,349.1700
1787168105,349.2000,349.2000,349.2000,349.2000
1787168106,349.1950,349.1950,349.1950,349.1950
1787168109,349.1950,349.1950,349.1700,349.1700
1787168110,349.1500,349.1700,349.1500,349.1700
1787168111,349.1400,349.1400,349.1400,349.1400
1787168113,349.1300,349.1300,349.1300,349.1300
1787168114,349.1200,349.1200,349.1200,349.1200
1787168115,349.0900,349.0900,349.0400,349.0700
1787168116,349.0300,349.0300,348.9900,348.9900
1787168117,348.9600,348.9600,348.9450,348.9450
1787168118,348.9800,348.9900,348.9800,348.9900
1787168121,349.0000,349.0000,348.9700,348.9700
1787168122,348.9900,348.9900,348.9900,348.9900
1787168123,348.9700,348.9700,348.9700,348.9700
1787168125,348.9600,348.9600,348.9600,348.9600
1787168126,348.9300,348.9300,348.8900,348.8900
1787168127,348.9400,348.9400,348.9400,348.9400
1787168128,348.9650,349.0000,348.9650,349.0000
1787168129,349.0400,349.0600,349.0400,349.0500
1787168130,349.0600,349.0900,349.0600,349.0900
1787168131,349.1100,349.1150,349.1000,349.1150
1787168134,349.1200,349.1500,349.1200,349.1500
1787168135,349.1200,349.1200,349.1200,349.1200
1787168136,349.1600,349.1600,349.1500,349.1500
1787168138,349.1100,349.1300,349.1000,349.1300
1787168142,349.1000,349.1000,349.0800,349.1000
1787168145,349.0500,349.0500,349.0300,349.0300
1787168146,349.0300,349.0300,349.0200,349.0200
1787168147,349.0300,349.0300,349.0200,349.0200
1787168148,348.9400,348.9400,348.9200,348.9200
1787168152,348.9550,348.9550,348.9550,348.9550
1787168157,349.0000,349.0000,348.9700,348.9700
1787168158,348.9700,348.9700,348.9500,348.9500
1787168159,348.9600,348.9600,348.9600,348.9600
1787168162,348.9400,348.9400,348.9300,348.9400
1787168163,348.9300,348.9300,348.9100,348.9100
1787168167,348.9500,348.9600,348.9500,348.9600
1787168169,348.9900,349.0000,348.9900,349.0000
1787168171,349.0500,349.0500,349.0500,349.0500
1787168172,349.0800,349.1000,349.0700,349.0900
1787168173,349.0900,349.0900,349.0900,349.0900
1787168174,349.0900,349.0900,349.0500,349.0500
1787168176,349.0800,349.0800,349.0800,349.0800
1787168177,349.0800,349.0800,349.0700,349.0700
1787168179,349.0200,349.0800,349.0200,349.0800
1787168180,349.0900,349.1000,349.0900,349.1000
1787168181,349.1300,349.1300,349.1300,349.1300
1787168183,349.1300,349.1300,349.1000,349.1000
1787168184,349.1000,349.1000,349.1000,349.1000
1787168185,349.0500,349.0500,349.0500,349.0500
1787168187,349.1000,349.1000,349.1000,349.1000
1787168190,349.1200,349.1200,349.1200,349.1200
1787168191,349.1200,349.1400,349.1200,349.1400
1787168192,349.1300,349.1300,349.1300,349.1300
1787168193,349.1350,349.1350,349.1350,349.1350
1787168196,349.1200,349.1200,348.9700,348.9800
1787168198,349.0200,349.0200,349.0200,349.0200
1787168200,349.0050,349.0050,349.0050,349.0050
1787168201,349.0200,349.0250,349.0100,349.0200
1787168202,349.0200,349.0200,349.0100,349.0100
1787168204,349.0200,349.0200,348.9700,348.9700
1787168205,348.9800,348.9800,348.9800,348.9800
1787168208,349.0000,349.0000,349.0000,349.0000
1787168209,349.0200,349.0200,349.0200,349.0200
1787168217,349.0300,349.0300,349.0300,349.0300
1787168219,349.0300,349.0700,349.0300,349.0650
1787168220,349.0900,349.1500,349.0900,349.1500
1787168222,349.1250,349.1700,349.1100,349.1700
1787168225,349.1100,349.1500,349.0900,349.1300
1787168228,349.1200,349.1400,349.1000,349.1400
1787168229,349.1500,349.1500,349.1300,349.1400
1787168231,349.1100,349.1100,349.1100,349.1100
1787168233,349.0950,349.0950,349.0700,349.0800
1787168234,349.0900,349.0900,349.0900,349.0900
1787168235,349.1000,349.1500,349.1000,349.1500
1787168236,349.1300,349.2000,349.1300,349.2000
1787168237,349.1800,349.1800,349.1700,349.1700
1787168240,349.1800,349.1800,349.1600,349.1600
1787168241,349.1800,349.1800,349.1800,349.1800
1787168242,349.1800,349.1800,349.1400,349.1400
1787168245,349.1100,349.1100,349.0400,349.0400
1787168250,349.1400,349.1700,349.1400,349.1700
1787168251,349.1300,349.1300,349.1300,349.1300
1787168252,349.1500,349.1600,349.1500,349.1500
1787168253,349.1000,349.1000,349.1000,349.1000
1787168254,349.1100,349.1100,349.1100,349.1100
1787168255,349.1500,349.1500,349.1500,349.1500
1787168258,349.0800,349.0800,349.0500,349.0500
1787168259,349.0700,349.1100,349.0300,349.0500
1787168260,349.0500,349.0500,349.0500,349.0500
1787168261,349.0600,349.0600,349.0600,349.0600
1787168265,349.1000,349.1000,349.1000,349.1000
1787168266,349.1400,349.2000,349.1400,349.2000
1787168269,349.1600,349.1600,349.1300,349.1300
1787168272,349.1050,349.1050,349.1050,349.1050
1787168276,349.1500,349.1500,349.0950,349.0950
1787168281,349.1300,349.1600,349.1300,349.1400
1787168285,349.1400,349.1400,349.1100,349.1100
1787168288,349.1600,349.2500,349.1600,349.2300
1787168290,349.2100,349.2100,349.2000,349.2000
1787168292,349.2300,349.2300,349.2300,349.2300
1787168295,349.2500,349.3400,349.2500,349.3400
1787168296,349.3500,349.3500,349.3300,349.3300
1787168297,349.3600,349.3700,349.3550,349.3700
1787168298,349.3800,349.4000,349.3500,349.3500
1787168299,349.3700,349.3700,349.3700,349.3700
1787168300,349.3600,349.3600,349.3500,349.3500
1787168301,349.3600,349.3800,349.3100,349.3100
1787168306,349.3400,349.3500,349.3400,349.3500
1787168307,349.3300,349.3300,349.3300,349.3300
1787168309,349.3200,349.3200,349.3200,349.3200
1787168312,349.3200,349.3400,349.3100,349.3300
1787168313,349.3300,349.3300,349.3300,349.3300
1787168314,349.3200,349.3200,349.3200,349.3200
1787168316,349.3400,349.5000,349.3400,349.4800
1787168317,349.4600,349.4800,349.4600,349.4800
1787168318,349.5000,349.5100,349.5000,349.5000
1787168319,349.5000,349.5000,349.5000,349.5000
1787168320,349.5000,349.5100,349.5000,349.5100
1787168322,349.4950,349.4950,349.4900,349.4900
1787168323,349.4700,349.4700,349.4600,349.4700
1787168326,349.4700,349.5100,349.4700,349.5100
1787168327,349.5100,349.5100,349.5100,349.5100
1787168329,349.4800,349.4800,349.4800,349.4800
1787168330,349.4700,349.4700,349.4500,349.4500
1787168332,349.4700,349.4800,349.4700,349.4800
1787168334,349.4750,349.4750,349.4750,349.4750
1787168335,349.4600,349.4600,349.4600,349.4600
1787168336,349.4500,349.4500,349.4100,349.4100
1787168337,349.4200,349.4200,349.4200,349.4200
1787168339,349.4600,349.4600,349.4600,349.4600
1787168341,349.4200,349.4200,349.4200,349.4200
1787168343,349.4600,349.4650,349.4400,349.4400
1787168345,349.4300,349.4400,349.4300,349.4400
1787168348,349.4100,349.4100,349.4000,349.4000
1787168350,349.4100,349.4400,349.3900,349.4400
1787168353,349.4300,349.4300,349.4100,349.4100
1787168356,349.4400,349.4900,349.4400,349.4900
1787168357,349.4900,349.5100,349.4900,349.5100
1787168359,349.5100,349.5100,349.4900,349.4900
1787168360,349.4700,349.4700,349.4700,349.4700
1787168361,349.4900,349.5200,349.4900,349.4900
1787168362,349.5100,349.5100,349.5100,349.5100
1787168363,349.4800,349.4800,349.4100,349.4300
1787168366,349.3900,349.3900,349.3300,349.3300
1787168369,349.3300,349.3300,349.3200,349.3200
1787168370,349.3200,349.4400,349.3200,349.3400
1787168373,349.3200,349.3200,349.3200,349.3200
1787168376,349.3000,349.3000,349.1600,349.1600
1787168377,349.1700,349.1700,349.1600,349.1600
1787168378,349.1700,349.1700,349.1700,349.1700
1787168379,349.1600,349.1600,349.1600,349.1600
1787168381,349.1400,349.1400,349.1300,349.1300
1787168383,349.1250,349.1250,349.1100,349.1100
1787168384,349.1200,349.1400,349.1200,349.1400
1787168386,349.1200,349.1350,349.1100,349.1300
1787168387,349.1100,349.1100,349.0700,349.0700
1787168388,349.1000,349.1000,349.0300,349.0300
1787168389,349.0350,349.0400,349.0350,349.0400
1787168390,349.0100,349.0300,348.9850,349.0200
1787168391,349.0100,349.0100,349.0100,349.0100
1787168392,349.0100,349.0100,348.9700,348.9700
1787168393,348.9700,348.9800,348.9600,348.9800
1787168394,348.9300,348.9500,348.9200,348.9500
1787168395,348.9500,348.9500,348.9500,348.9500
1787168396,348.9650,348.9900,348.9650,348.9700
1787168398,348.9400,348.9400,348.9400,348.9400
1787168400,348.9300,348.9300,348.9000,348.9000
1787168401,348.9100,348.9200,348.8900,348.8900
1787168403,348.9000,348.9000,348.9000,348.9000
1787168405,348.9000,348.9000,348.9000,348.9000
1787168406,348.9100,348.9600,348.9100,348.9500
1787168407,348.9600,348.9600,348.9600,348.9600
1787168408,348.9000,348.9000,348.9000,348.9000
1787168409,348.9000,348.9000,348.9000,348.9000
1787168410,348.9100,348.9300,348.9100,348.9300
1787168411,348.9600,348.9700,348.9600,348.9700
1787168412,348.9700,348.9700,348.9700,348.9700
1787168413,348.9800,348.9800,348.9600,348.9600
1787168414,348.9600,348.9600,348.9600,348.9600
1787168416,348.9500,348.9800,348.9500,348.9600
1787168417,348.9500,348.9800,348.9500,348.9800
1787168418,348.9700,348.9700,348.9700,348.9700
1787168419,348.9500,348.9500,348.9400,348.9400
1787168420,348.9500,348.9600,348.9400,348.9400
1787168421,348.9550,348.9900,348.9550,348.9900
1787168422,348.9700,348.9700,348.9700,348.9700
1787168423,348.9500,348.9500,348.9300,348.9300
1787168424,348.9300,348.9300,348.9100,348.9100
1787168425,348.9000,348.9000,348.8500,348.8500
1787168428,348.8000,348.8000,348.7700,348.7700
1787168429,348.7600,348.7600,348.7600,348.7600
1787168430,348.7600,348.7600,348.7600,348.7600
1787168432,348.8100,348.9100,348.8100,348.9100
1787168435,348.9100,348.9100,348.9100,348.9100
1787168436,348.8900,348.8900,348.8900,348.8900
1787168437,348.9200,348.9300,348.9200,348.9300
1787168439,348.9500,348.9500,348.9400,348.9400
1787168440,348.9550,348.9550,348.9550,348.9550
1787168441,348.9600,348.9600,348.9600,348.9600
1787168444,348.9600,348.9600,348.9600,348.9600
1787168445,348.9600,348.9600,348.9600,348.9600
1787168446,348.9800,348.9800,348.9700,348.9700
1787168448,348.9600,349.0000,348.9300,349.0000
1787168449,348.9800,348.9800,348.9800,348.9800
1787168450,348.9700,348.9700,348.9600,348.9600
1787168451,348.9650,348.9650,348.9650,348.9650
1787168456,348.9400,348.9400,348.8700,348.8700
1787168457,348.8600,348.8600,348.8300,348.8300
1787168458,348.8600,348.8600,348.8600,348.8600
1787168461,348.8300,348.8300,348.8300,348.8300
1787168462,348.8300,348.8300,348.8200,348.8200
1787168463,348.8000,348.8000,348.7500,348.7500
1787168464,348.8100,348.8200,348.8100,348.8200
1787168465,348.8000,348.8400,348.8000,348.8100
1787168466,348.8100,348.8100,348.8100,348.8100
1787168467,348.8350,348.8700,348.8350,348.8700
1787168469,348.8300,348.8300,348.8000,348.8000
1787168471,348.8200,348.8200,348.8200,348.8200
1787168472,348.8000,348.8000,348.8000,348.8000
1787168473,348.8150,348.8300,348.8150,348.8300
1787168474,348.8200,348.8400,348.8200,348.8400
1787168476,348.8000,348.8300,348.8000,348.8300
1787168477,348.8300,348.8300,348.8200,348.8200
1787168478,348.8400,348.8650,348.8400,348.8650
1787168479,348.8800,348.8800,348.8700,348.8800
1787168480,348.8800,348.8800,348.8500,348.8500
1787168481,348.8500,348.8500,348.8300,348.8300
1787168482,348.8000,348.8000,348.8000,348.8000
1787168483,348.8000,348.8000,348.8000,348.8000
1787168486,348.7700,348.8000,348.7600,348.7700
1787168488,348.7800,348.7800,348.7800,348.7800
1787168492,348.8050,348.8500,348.8000,348.8100
1787168493,348.8600,348.8600,348.8600,348.8600
1787168494,348.8000,348.8000,348.8000,348.8000
1787168497,348.7600,348.7600,348.6800,348.7100
1787168498,348.7100,348.7100,348.7100,348.7100
1787168499,348.7450,348.8000,348.7450,348.8000
1787168500,348.8300,348.8400,348.8300,348.8400
1787168503,348.8800,348.8900,348.8800,348.8900
1787168504,348.8900,348.8900,348.8900,348.8900
1787168505,348.9100,348.9200,348.9100,348.9200
1787168507,348.9400,349.0200,348.9400,349.0200
1787168508,348.9900,349.0300,348.9700,349.0300
1787168509,349.0700,349.1000,349.0700,349.1000
1787168510,349.1000,349.1000,349.1000,349.1000
1787168511,349.0700,349.0700,349.0600,349.0600
1787168513,349.0700,349.0900,349.0700,349.0700
1787168517,349.0900,349.0900,349.0900,349.0900
1787168518,349.0600,349.0700,349.0600,349.0700
1787168519,349.1000,349.1000,349.0900,349.0900
1787168520,349.0900,349.0900,349.0200,349.0200
1787168522,349.0200,349.0200,349.0200,349.0200
1787168523,349.0300,349.0300,349.0250,349.0250
1787168528,349.0000,349.0300,349.0000,349.0300
1787168529,349.0000,349.0000,349.0000,349.0000
1787168531,349.0000,349.0000,348.9900,348.9900
1787168532,348.9800,348.9800,348.9600,348.9600
1787168535,348.9500,348.9500,348.9400,348.9400
1787168537,348.9300,348.9700,348.9100,348.9700
1787168538,348.9400,348.9400,348.9400,348.9400
1787168539,348.9500,348.9500,348.9500,348.9500
1787168542,348.9100,348.9100,348.9000,348.9000
1787168543,348.9200,348.9200,348.9200,348.9200
1787168545,348.9200,348.9500,348.9200,348.9500
1787168546,348.9200,348.9300,348.9200,348.9300
1787168547,348.9500,348.9700,348.9500,348.9700
1787168552,348.9450,348.9450,348.9450,348.9450
1787168553,348.9600,348.9700,348.9600,348.9600
1787168556,348.9400,348.9400,348.9200,348.9200
1787168561,348.9100,348.9100,348.9000,348.9000
1787168563,348.9000,348.9000,348.8800,348.8800
1787168564,348.8600,348.8600,348.8600,348.8600
1787168567,348.8600,348.8600,348.8600,348.8600
1787168568,348.9200,348.9200,348.9200,348.9200
1787168569,348.8900,348.8900,348.8900,348.8900
1787168570,348.8800,348.8800,348.8800,348.8800
1787168571,348.8700,348.8700,348.8300,348.8300
1787168572,348.8200,348.8200,348.8200,348.8200
1787168574,348.8200,348.8300,348.8100,348.8300
1787168576,348.8000,348.8000,348.8000,348.8000
1787168577,348.8000,348.8000,348.8000,348.8000
1787168578,348.8100,348.8100,348.8100,348.8100
1787168579,348.8000,348.8200,348.8000,348.8000
1787168580,348.8000,348.8000,348.7500,348.7500
1787168581,348.7700,348.7700,348.7700,348.7700
1787168582,348.7900,348.8100,348.7600,348.8100
1787168583,348.7800,348.7800,348.7800,348.7800
1787168585,348.7700,348.7700,348.7700,348.7700
1787168588,348.7700,348.7700,348.7700,348.7700
1787168589,348.7800,348.7800,348.7700,348.7700
1787168590,348.8000,348.8000,348.8000,348.8000
1787168591,348.7900,348.7900,348.7800,348.7900
1787168592,348.7900,348.7900,348.7900,348.7900
1787168593,348.7700,348.7700,348.7400,348.7400
1787168594,348.7800,348.8000,348.7800,348.7950
1787168599,348.7400,348.7400,348.7400,348.7400
1787168600,348.7400,348.7400,348.7300,348.7300
1787168601,348.7400,348.7400,348.7400,348.7400
1787168602,348.7300,348.7300,348.6500,348.6500
1787168603,348.6300,348.6300,348.5500,348.5500
1787168607,348.6200,348.6200,348.5600,348.5600
1787168609,348.5700,348.5700,348.5400,348.5400
1787168612,348.5700,348.5800,348.5700,348.5700
1787168613,348.5600,348.5600,348.5600,348.5600
1787168614,348.5500,348.5500,348.5400,348.5400
1787168615,348.5400,348.5400,348.5000,348.5000
1787168617,348.5100,348.5100,348.5100,348.5100
1787168618,348.5300,348.5600,348.5300,348.5500
1787168619,348.5400,348.5400,348.5200,348.5200
1787168624,348.5900,348.6600,348.5900,348.6300
1787168628,348.6600,348.6600,348.6600,348.6600
1787168630,348.6600,348.6600,348.6600,348.6600
1787168631,348.6400,348.6400,348.6200,348.6200
1787168632,348.6400,348.6400,348.5750,348.5750
1787168636,348.5850,348.5850,348.5300,348.5300
1787168637,348.5200,348.5500,348.5200,348.5500
1787168642,348.5600,348.5600,348.5500,348.5500
1787168643,348.5300,348.6000,348.5300,348.6000
1787168644,348.5900,348.5900,348.5900,348.5900
1787168647,348.5800,348.5800,348.5800,348.5800
1787168648,348.5500,348.5900,348.5500,348.5900
1787168649,348.5600,348.5600,348.5200,348.5200
1787168651,348.5200,348.5200,348.5000,348.5000
1787168652,348.5200,348.5200,348.5200,348.5200
1787168654,348.5400,348.5400,348.5400,348.5400
1787168655,348.5500,348.5500,348.5500,348.5500
1787168658,348.5300,348.5300,348.5300,348.5300
1787168659,348.5200,348.5200,348.4900,348.4900
1787168660,348.4900,348.5050,348.4000,348.4000
1787168661,348.3900,348.3900,348.3900,348.3900
1787168662,348.3600,348.3600,348.3300,348.3300
1787168664,348.3500,348.3900,348.3500,348.3900
1787168665,348.3900,348.4100,348.3900,348.4100
1787168666,348.4200,348.4200,348.4200,348.4200
1787168667,348.3900,348.3900,348.3900,348.3900
1787168668,348.3900,348.4300,348.3900,348.4300
1787168669,348.4500,348.4500,348.4500,348.4500
1787168670,348.4100,348.4100,348.4100,348.4100
1787168672,348.3900,348.3900,348.3900,348.3900
1787168673,348.4050,348.4050,348.3900,348.3900
1787168674,348.3800,348.3800,348.3500,348.3800
1787168675,348.3900,348.3900,348.3500,348.3500
1787168676,348.3800,348.3800,348.3500,348.3500
1787168678,348.3500,348.3500,348.3200,348.3200
1787168680,348.3200,348.3200,348.3200,348.3200
1787168681,348.3200,348.3200,348.3100,348.3100
1787168683,348.3400,348.3400,348.3200,348.3200
1787168684,348.3200,348.3200,348.3200,348.3200
1787168685,348.3100,348.3100,348.3000,348.3000
1787168686,348.2600,348.2600,348.2600,348.2600
1787168687,348.2500,348.2500,348.2500,348.2500
1787168688,348.2200,348.2200,348.1900,348.1900
1787168689,348.1800,348.1800,348.1800,348.1800
1787168690,348.1900,348.1900,348.1100,348.1100
1787168691,348.1350,348.1350,348.1100,348.1100
1787168692,348.1100,348.1100,348.1100,348.1100
1787168693,348.1000,348.1000,348.0800,348.0800
1787168694,348.0600,348.0600,348.0600,348.0600
1787168695,348.0900,348.1100,348.0900,348.1100
1787168696,348.0700,348.0900,348.0700,348.0900
1787168697,348.0600,348.0600,348.0500,348.0500
1787168698,348.1200,348.1300,348.1000,348.1300
1787168699,348.1200,348.1500,348.1200,348.1350
1787168700,348.1200,348.1400,348.1100,348.1200
1787168701,348.1000,348.1300,348.1000,348.1100
1787168702,348.1150,348.1400,348.1150,348.1400
1787168703,348.1150,348.1150,348.1150,348.1150
1787168704,348.1150,348.1300,348.1000,348.1200
1787168705,348.1200,348.2400,348.1200,348.2400
1787168706,348.2400,348.2400,348.2100,348.2200
1787168707,348.2200,348.2300,348.2200,348.2300
1787168708,348.2400,348.2600,348.2400,348.2500
1787168710,348.2350,348.2350,348.1600,348.1800
1787168711,348.2000,348.2000,348.1800,348.1800
1787168712,348.1900,348.1900,348.1900,348.1900
1787168713,348.1600,348.1600,348.1200,348.1200
1787168714,348.1200,348.1500,348.1200,348.1500
1787168715,348.1700,348.1800,348.1700,348.1800
1787168716,348.1400,348.1400,348.0900,348.0900
1787168717,348.1000,348.1000,348.0700,348.0900
1787168718,348.1000,348.2000,348.1000,348.2000
1787168719,348.2100,348.2200,348.2100,348.2200
1787168720,348.2050,348.2050,348.2050,348.2050
1787168721,348.2100,348.3100,348.2100,348.3100
1787168722,348.3200,348.3200,348.2800,348.3200
1787168723,348.3200,348.3200,348.3200,348.3200
1787168724,348.3300,348.3300,348.2800,348.2800
1787168726,348.3100,348.3100,348.3100,348.3100
1787168727,348.3000,348.3000,348.3000,348.3000
1787168728,348.3000,348.3000,348.2700,348.2700
1787168730,348.2800,348.4500,348.2800,348.4500
1787168735,348.4300,348.4300,348.4300,348.4300
1787168737,348.4150,348.4150,348.4150,348.4150
1787168738,348.4150,348.6300,348.4150,348.5400
1787168739,348.5850,348.6000,348.5300,348.5300
1787168741,348.5500,348.5500,348.5500,348.5500
1787168742,348.5600,348.5600,348.5100,348.5100
1787168743,348.4800,348.4800,348.4700,348.4700
1787168748,348.4400,348.4400,348.3600,348.4000
1787168750,348.3700,348.3700,348.3500,348.3500
1787168751,348.3200,348.3250,348.3000,348.3250
1787168752,348.3100,348.3100,348.3100,348.3100
1787168753,348.3400,348.3500,348.3400,348.3500
1787168754,348.3500,348.3500,348.3200,348.3200
1787168757,348.3100,348.3100,348.2900,348.2900
1787168758,348.2900,348.2900,348.2500,348.2500
1787168759,348.2500,348.2500,348.2500,348.2500
1787168760,348.2500,348.2800,348.2500,348.2800
1787168761,348.2400,348.2900,348.2200,348.2900
1787168762,348.3100,348.3100,348.3000,348.3000
1787168763,348.2800,348.2800,348.2800,348.2800
1787168764,348.2700,348.2700,348.1500,348.1500
1787168765,348.1800,348.2000,348.1500,348.1500
1787168766,348.1500,348.1500,348.1500,348.1500
1787168767,348.1600,348.1600,348.1400,348.1400
1787168768,348.1400,348.1400,348.1000,348.1000
1787168769,348.1300,348.1500,348.1300,348.1500
1787168771,348.1750,348.1900,348.1700,348.1900
1787168772,348.1700,348.1700,348.1700,348.1700
1787168773,348.1700,348.1700,348.1650,348.1650
1787168774,348.1600,348.1600,348.1500,348.1500
1787168775,348.1550,348.1550,348.1550,348.1550
1787168776,348.1200,348.1200,348.1200,348.1200
1787168777,348.1300,348.1300,348.0700,348.0800
1787168778,348.0800,348.1100,348.0800,348.0800
1787168779,348.0950,348.1200,348.0950,348.1200
1787168780,348.1100,348.1100,348.0900,348.0900
1787168781,348.0900,348.0900,348.0900,348.0900
1787168782,348.1100,348.1100,348.0800,348.0800
1787168783,348.0700,348.0800,348.0500,348.0500
1787168784,348.0800,348.0800,348.0800,348.0800
1787168785,348.0500,348.0500,348.0200,348.0200
1787168786,348.0100,348.0100,348.0000,348.0100
1787168787,348.0000,348.0000,347.9500,347.9700
1787168788,347.9650,347.9650,347.9650,347.9650
1787168789,347.9500,347.9700,347.9500,347.9700
1787168790,347.9400,347.9400,347.9000,347.9200
1787168792,347.9200,347.9200,347.8900,347.8900
1787168793,347.8800,347.9400,347.8800,347.8800
1787168794,347.8700,347.8900,347.8000,347.8500
1787168797,347.8800,347.9000,347.8700,347.8700
1787168798,347.8700,347.9500,347.8700,347.9300
1787168799,347.9300,347.9300,347.9300,347.9300
1787168800,347.9100,347.9100,347.9100,347.9100
1787168801,347.9100,347.9700,347.9100,347.9700
1787168802,347.9700,347.9800,347.9700,347.9800
1787168803,347.9600,347.9800,347.9400,347.9400
1787168804,347.9300,347.9300,347.9000,347.9000
1787168805,347.8700,347.9100,347.8700,347.9100
1787168806,347.8800,347.8800,347.8600,347.8800
1787168807,347.8850,347.8850,347.8850,347.8850
1787168808,347.8600,347.8600,347.8500,347.8500
1787168809,347.8600,347.8700,347.8200,347.8200
1787168810,347.8400,347.8400,347.8400,347.8400
1787168812,347.8400,347.8400,347.7800,347.8400
1787168813,347.8450,347.8700,347.8200,347.8200
1787168814,347.8450,347.8500,347.8450,347.8500
1787168816,347.8300,347.8300,347.8000,347.8000
1787168817,347.7500,347.7500,347.7500,347.7500
1787168819,347.7500,347.7500,347.7450,347.7450
1787168820,347.7600,347.7700,347.7600,347.7700
1787168821,347.8200,347.8200,347.7600,347.7600
1787168822,347.7700,347.7700,347.7400,347.7400
1787168823,347.7400,347.7700,347.7400,347.7400
1787168824,347.7300,347.7300,347.7300,347.7300
1787168826,347.7100,347.7300,347.7000,347.7300
1787168827,347.7300,347.7300,347.7100,347.7100
1787168828,347.6800,347.6800,347.6800,347.6800
1787168829,347.7000,347.7100,347.7000,347.7100
1787168830,347.6900,347.7200,347.6900,347.6900
1787168831,347.7100,347.7400,347.7100,347.7200
1787168832,347.7300,347.7500,347.7300,347.7500
1787168834,347.7700,347.8400,347.7700,347.8300
1787168836,347.8100,347.8100,347.7900,347.7900
1787168838,347.7200,347.7200,347.6800,347.6800
1787168839,347.6600,347.6600,347.6500,347.6500
1787168840,347.6800,347.6800,347.6800,347.6800
1787168841,347.6700,347.6700,347.6700,347.6700
1787168842,347.6400,347.6500,347.6200,347.6200
1787168843,347.6000,347.6200,347.6000,347.6000
1787168844,347.6300,347.6400,347.6250,347.6300
1787168845,347.6500,347.6500,347.6400,347.6400
1787168846,347.5900,347.5900,347.4800,347.4800
1787168847,347.4700,347.5400,347.4700,347.5000
1787168848,347.4900,347.4900,347.4900,347.4900
1787168850,347.4800,347.5000,347.4800,347.5000
1787168851,347.5000,347.5200,347.4900,347.4900
1787168852,347.4700,347.4700,347.4700,347.4700
1787168853,347.4600,347.4600,347.4500,347.4500
1787168854,347.4600,347.4900,347.4600,347.4900
1787168855,347.5000,347.6000,347.5000,347.6000
1787168856,347.6400,347.6500,347.6000,347.6000
1787168857,347.6050,347.6050,347.5700,347.5900
1787168858,347.5900,347.5900,347.5900,347.5900
1787168859,347.6000,347.6400,347.6000,347.6400
1787168861,347.6300,347.6300,347.6300,347.6300
1787168862,347.6200,347.6600,347.6100,347.6600
1787168863,347.6700,347.6700,347.6700,347.6700
1787168864,347.6800,347.7200,347.6800,347.7000
1787168865,347.7600,347.8100,347.7600,347.8100
1787168866,347.8100,347.9500,347.8100,347.9500
1787168867,347.9650,347.9650,347.9150,347.9200
1787168869,347.9000,347.9000,347.8800,347.8900
1787168870,347.8800,347.9300,347.8800,347.9300
1787168871,347.9100,347.9100,347.9100,347.9100
1787168872,347.9100,347.9100,347.9100,347.9100
1787168875,347.9600,347.9700,347.9400,347.9400
1787168878,347.9200,347.9200,347.8300,347.8300
1787168880,347.8100,347.8100,347.7200,347.7200
1787168882,347.7700,347.8200,347.7700,347.8200
1787168883,347.7700,347.7700,347.7700,347.7700
1787168884,347.7700,347.8100,347.7700,347.8100
1787168885,347.8400,347.8700,347.8400,347.8500
1787168886,347.8700,347.9200,347.8700,347.9200
1787168887,347.8900,347.8900,347.8500,347.8500
1787168888,347.8800,347.8800,347.8800,347.8800
1787168889,347.8800,347.8850,347.8800,347.8850
1787168890,347.8850,347.8850,347.8850,347.8850
1787168891,347.9200,347.9300,347.9200,347.9300
1787168892,347.9100,347.9200,347.9000,347.9000
1787168893,347.9150,347.9150,347.9150,347.9150
1787168894,347.9300,347.9500,347.9100,347.9300
1787168895,347.9500,347.9600,347.9500,347.9600
1787168897,347.9700,347.9700,347.9200,347.9200
1787168899,347.9000,347.9000,347.8700,347.8700
1787168902,347.8600,347.8600,347.8600,347.8600
1787168903,347.8400,347.8500,347.8400,347.8400
1787168905,347.8700,347.8700,347.8700,347.8700
1787168908,347.8400,347.8400,347.8100,347.8300
1787168909,347.8700,347.9000,347.8700,347.9000
1787168910,347.9100,347.9100,347.9100,347.9100
1787168911,347.9300,347.9300,347.9300,347.9300
1787168912,347.9250,347.9250,347.9250,347.9250
1787168913,347.9000,347.9000,347.8600,347.8600
1787168915,347.8500,347.8500,347.8300,347.8300
1787168916,347.8400,347.8400,347.8300,347.8300
1787168918,347.8300,347.8300,347.8300,347.8300
1787168920,347.8000,347.8000,347.8000,347.8000
1787168921,347.8300,347.8400,347.8100,347.8200
1787168922,347.8350,347.8350,347.8350,347.8350
1787168923,347.8200,347.8200,347.8200,347.8200
1787168925,347.8100,347.8100,347.6800,347.7100
1787168926,347.7000,347.7000,347.6900,347.6900
1787168928,347.6500,347.6550,347.6500,347.6550
1787168929,347.6400,347.6700,347.6200,347.6700
1787168930,347.6100,347.6100,347.6000,347.6000
1787168931,347.5700,347.5900,347.5500,347.5600
1787168932,347.5600,347.5600,347.5600,347.5600
1787168936,347.5800,347.5900,347.5800,347.5900
1787168938,347.5700,347.5700,347.5600,347.5600
1787168939,347.6000,347.6900,347.6000,347.6300
1787168942,347.6200,347.6300,347.6000,347.6000
1787168943,347.6000,347.6000,347.6000,347.6000
1787168944,347.5700,347.5700,347.5200,347.5200
1787168945,347.5400,347.5500,347.5400,347.5500
1787168947,347.5500,347.5500,347.5300,347.5300
1787168948,347.5600,347.5900,347.5550,347.5900
1787168950,347.6100,347.6500,347.6100,347.6400
1787168951,347.6350,347.6350,347.6200,347.6200
1787168953,347.6100,347.6100,347.6100,347.6100
1787168954,347.6300,347.6300,347.6300,347.6300
1787168956,347.6200,347.6200,347.6200,347.6200
1787168958,347.6100,347.7000,347.6000,347.6800
1787168959,347.6800,347.6800,347.6700,347.6700
1787168962,347.6800,347.7100,347.6800,347.7100
1787168963,347.6850,347.7000,347.6850,347.6850
1787168964,347.6900,347.6900,347.6900,347.6900
1787168965,347.7000,347.7200,347.7000,347.7200
1787168966,347.7200,347.7600,347.7100,347.7600
1787168967,347.7700,347.8200,347.7700,347.8200
1787168969,347.8500,347.8600,347.8500,347.8500
1787168970,347.8800,347.8800,347.8800,347.8800
1787168971,347.8600,347.9000,347.8600,347.9000
1787168972,347.9000,347.9200,347.8900,347.9200
1787168974,347.9000,347.9000,347.8100,347.8200
1787168977,347.8100,347.8100,347.8000,347.8000
1787168978,347.8300,347.8400,347.8250,347.8400
1787168979,347.8200,347.8200,347.8200,347.8200
1787168980,347.8400,347.8900,347.8400,347.8900
1787168982,347.8900,347.8900,347.8700,347.8700
1787168983,347.8600,347.8600,347.8600,347.8600
1787168984,347.8300,347.8500,347.8300,347.8500
1787168986,347.8200,347.8200,347.7900,347.7900
1787168987,347.7900,347.8200,347.7900,347.8200
1787168988,347.8200,347.8200,347.7800,347.8200
1787168990,347.8300,347.8300,347.8300,347.8300
1787168991,347.8500,347.9000,347.8500,347.9000
1787168992,347.9000,347.9100,347.9000,347.9100
1787168993,347.9100,347.9100,347.8900,347.9000
1787168994,347.8700,347.8800,347.8700,347.8800
1787168996,347.9000,347.9000,347.9000,347.9000
1787168998,347.9100,347.9300,347.8700,347.8700
1787168999,347.8700,347.9300,347.8700,347.9000
1787169000,347.8900,348.1700,347.8200,348.1300
1787169001,348.1300,348.1800,348.1300,348.1800
1787169002,348.1800,348.2100,348.0700,348.1100
1787169003,348.1100,348.1600,348.1100,348.1600
1787169004,348.1700,348.1700,348.1100,348.1100
1787169005,348.0200,348.0200,347.9900,347.9900
1787169006,348.0200,348.0200,348.0200,348.0200
1787169007,347.9800,347.9800,347.9600,347.9600
1787169008,347.9200,347.9200,347.8800,347.8800
1787169009,347.9200,347.9400,347.9200,347.9400
1787169010,347.9400,347.9400,347.9400,347.9400
1787169011,347.9300,347.9500,347.9100,347.9400
1787169012,347.9600,347.9900,347.9600,347.9900
1787169013,347.9700,347.9900,347.9500,347.9500
1787169015,347.9250,347.9400,347.9250,347.9400
1787169016,347.9400,347.9500,347.9000,347.9000
1787169017,347.8800,347.8900,347.8800,347.8800
1787169018,347.8650,347.8800,347.8650,347.8800
1787169020,347.8300,347.9100,347.8300,347.8900
1787169021,347.8800,347.8800,347.8000,347.8000
1787169022,347.8000,347.8000,347.8000,347.8000
1787169023,347.8800,347.9200,347.8800,347.9100
1787169025,347.9000,347.9000,347.9000,347.9000
1787169026,347.9300,347.9300,347.9000,347.9000
1787169027,347.9100,347.9200,347.9100,347.9200
1787169028,347.9100,347.9400,347.9100,347.9300
1787169029,347.9500,347.9500,347.9500,347.9500
1787169030,347.9300,347.9500,347.9300,347.9500
1787169031,347.9600,347.9700,347.9400,347.9700
1787169032,347.9800,348.0000,347.8950,347.9200
1787169033,347.8900,347.8900,347.8200,347.8700
1787169035,347.8400,347.8400,347.8400,347.8400
1787169037,347.8800,347.9000,347.8800,347.8900
1787169038,347.9100,347.9200,347.8800,347.8800
1787169039,347.8700,347.9500,347.8700,347.9500
1787169040,347.9750,347.9800,347.9750,347.9800
1787169041,347.9800,347.9800,347.9700,347.9700
1787169042,347.9500,347.9700,347.9400,347.9700
1787169043,347.9600,347.9600,347.9600,347.9600
1787169044,347.9600,347.9900,347.9600,347.9900
1787169045,347.9700,348.0000,347.9400,347.9400
1787169046,347.9200,347.9200,347.9000,347.9000
1787169047,347.9000,347.9000,347.8900,347.9000
1787169048,347.9200,347.9200,347.9200,347.9200
1787169049,347.9300,347.9500,347.9300,347.9500
1787169051,347.9400,347.9400,347.9250,347.9300
1787169053,347.8900,347.8900,347.8800,347.8800
1787169054,347.8800,347.9100,347.8800,347.9000
1787169055,347.9300,347.9600,347.9000,347.9600
1787169056,347.9600,347.9700,347.9600,347.9700
1787169057,347.9900,348.0900,347.9800,348.0000
1787169060,348.0600,348.0700,348.0200,348.0200
1787169061,348.0200,348.0200,348.0200,348.0200
1787169062,348.0300,348.0400,348.0300,348.0400
1787169063,348.0500,348.1400,348.0500,348.1400
1787169064,348.1400,348.1900,348.1400,348.1500
1787169067,348.1300,348.1300,348.1300,348.1300
1787169068,348.0900,348.1050,348.0900,348.1050
1787169069,348.1050,348.1050,348.1050,348.1050
1787169072,348.0800,348.1400,348.0700,348.1400
1787169073,348.1550,348.1600,348.1500,348.1600
1787169074,348.1800,348.1900,348.1700,348.1700
1787169076,348.1600,348.2100,348.1600,348.2000
1787169077,348.1900,348.2000,348.1900,348.2000
1787169078,348.1900,348.1900,348.1900,348.1900
1787169079,348.1800,348.2100,348.1800,348.2100
1787169080,348.1900,348.1900,348.1700,348.1700
1787169081,348.1500,348.1500,348.1500,348.1500
1787169082,348.1500,348.1500,348.1300,348.1300
1787169083,348.1800,348.2400,348.1800,348.2000
1787169085,348.2000,348.2000,348.2000,348.2000
1787169086,348.1900,348.1900,348.1650,348.1650
1787169087,348.1400,348.1400,348.1200,348.1200
1787169090,348.1400,348.1700,348.1200,348.1200
1787169091,348.1100,348.1700,348.0900,348.1700
1787169092,348.1600,348.1600,348.1300,348.1300
1787169094,348.1200,348.1200,348.1200,348.1200
1787169095,348.1500,348.2000,348.1500,348.2000
1787169096,348.2100,348.2200,348.2100,348.2150
1787169097,348.2000,348.2000,348.2000,348.2000
1787169098,348.2100,348.2100,348.2000,348.2000
1787169099,348.2000,348.2000,348.2000,348.2000
1787169100,348.2100,348.2300,348.2000,348.2000
1787169101,348.2200,348.2200,348.2100,348.2100
1787169102,348.2100,348.2250,348.2100,348.2200
1787169103,348.2300,348.2500,348.2300,348.2400
1787169104,348.2450,348.2450,348.2450,348.2450
1787169105,348.2450,348.2500,348.1400,348.1500
1787169106,348.1500,348.2100,348.1500,348.2100
1787169107,348.1800,348.1800,348.1600,348.1650
1787169108,348.1700,348.1700,348.1700,348.1700
1787169109,348.1800,348.1800,348.1800,348.1800
1787169110,348.2000,348.2200,348.1900,348.1950
1787169111,348.2200,348.2500,348.2200,348.2200
1787169112,348.2300,348.2300,348.2300,348.2300
1787169113,348.2600,348.2700,348.2400,348.2400
1787169114,348.2300,348.2300,348.2300,348.2300
1787169115,348.2300,348.2400,348.2200,348.2200
1787169117,348.1900,348.2000,348.1800,348.1800
1787169118,348.1800,348.1800,348.1700,348.1700
1787169119,348.1700,348.1700,348.1700,348.1700
1787169120,348.1500,348.1500,348.0300,348.0800
1787169121,348.1000,348.1800,348.0900,348.1800
1787169122,348.2000,348.2300,348.2000,348.2100
1787169123,348.1900,348.1900,348.1900,348.1900
1787169124,348.2200,348.2200,348.2200,348.2200
1787169125,348.2100,348.2100,348.2100,348.2100
1787169126,348.1900,348.1900,348.1900,348.1900
1787169127,348.1900,348.1900,348.1800,348.1800
1787169129,348.1600,348.1600,348.1500,348.1500
1787169130,348.1450,348.1800,348.0900,348.1000
1787169131,348.0600,348.0600,348.0500,348.0500
1787169133,348.0500,348.0800,348.0500,348.0700
1787169134,348.0500,348.0600,348.0500,348.0600
1787169135,348.0800,348.0800,348.0800,348.0800
1787169136,348.0800,348.0800,348.0800,348.0800
1787169138,348.0800,348.0800,348.0800,348.0800
1787169140,348.0800,348.1800,348.0800,348.1800
1787169141,348.1600,348.1600,348.1600,348.1600
1787169143,348.1600,348.1700,348.1600,348.1600
1787169144,348.1500,348.1500,348.1500,348.1500
1787169146,348.1800,348.1800,348.1800,348.1800
1787169147,348.1900,348.2500,348.1900,348.2500
1787169148,348.2500,348.2500,348.2500,348.2500
1787169149,348.2700,348.2700,348.2700,348.2700
1787169150,348.2600,348.2900,348.2600,348.2700
1787169152,348.2850,348.4100,348.2850,348.4100
1787169153,348.4200,348.4400,348.4200,348.4400
1787169154,348.4400,348.4400,348.4400,348.4400
1787169155,348.4400,348.4400,348.4300,348.4300
1787169156,348.4300,348.4400,348.4300,348.4400
1787169157,348.4300,348.4300,348.4300,348.4300
1787169158,348.4200,348.4200,348.4000,348.4000
1787169159,348.4000,348.4000,348.3900,348.4000
1787169160,348.4100,348.4100,348.4100,348.4100
1787169161,348.3950,348.3950,348.3800,348.3800
1787169163,348.4100,348.4200,348.3900,348.3900
1787169164,348.4200,348.4200,348.4200,348.4200
1787169165,348.4400,348.4400,348.4400,348.4400
1787169166,348.4700,348.4800,348.4500,348.4500
1787169167,348.4700,348.4700,348.4700,348.4700
1787169168,348.4700,348.4700,348.4600,348.4700
1787169169,348.4600,348.5100,348.4600,348.5100
1787169170,348.4800,348.6400,348.4800,348.6400
1787169171,348.5700,348.5700,348.5300,348.5450
1787169172,348.5500,348.5500,348.5500,348.5500
1787169174,348.5550,348.5550,348.5550,348.5550
1787169176,348.5400,348.5400,348.5200,348.5200
1787169177,348.5300,348.5300,348.5300,348.5300
1787169178,348.5200,348.5250,348.5000,348.5000
1787169179,348.5050,348.5050,348.5050,348.5050
1787169180,348.5050,348.5200,348.4900,348.5000
1787169181,348.5100,348.5100,348.4900,348.5000
1787169182,348.5200,348.5300,348.5100,348.5100
1787169183,348.5300,348.5400,348.5300,348.5400
1787169184,348.5400,348.5500,348.5400,348.5500
1787169185,348.5600,348.6400,348.5600,348.6400
1787169186,348.6200,348.6600,348.6200,348.6300
1787169187,348.5900,348.5900,348.5800,348.5800
1787169188,348.6050,348.6050,348.6050,348.6050
1787169189,348.6200,348.6200,348.6200,348.6200
1787169190,348.6300,348.7800,348.6300,348.7800
1787169191,348.7400,348.7600,348.7250,348.7600
1787169192,348.7800,348.8500,348.7800,348.8500
1787169193,348.8500,348.8500,348.8500,348.8500
1787169194,348.8200,348.8200,348.8200,348.8200
1787169195,348.8200,348.8200,348.8200,348.8200
1787169196,348.8400,348.8400,348.8100,348.8100
1787169197,348.8400,348.8400,348.8400,348.8400
1787169198,348.8200,348.8200,348.8200,348.8200
1787169200,348.8100,348.8200,348.8000,348.8200
1787169201,348.8000,348.8000,348.8000,348.8000
1787169202,348.7800,348.8100,348.7600,348.8000
1787169203,348.8000,348.8000,348.8000,348.8000
1787169205,348.8000,348.8000,348.8000,348.8000
1787169206,348.7700,348.7700,348.7200,348.7200
1787169207,348.7350,348.7350,348.7350,348.7350
1787169208,348.7600,348.7700,348.7600,348.7600
1787169209,348.7600,348.7600,348.7600,348.7600
1787169210,348.7900,348.8000,348.7750,348.8000
1787169211,348.8000,348.9000,348.8000,348.8850
1787169212,348.8700,348.8700,348.8400,348.8400
1787169213,348.8800,348.8800,348.8600,348.8600
1787169214,348.8800,348.8800,348.8800,348.8800
1787169215,348.8900,348.8900,348.8500,348.8500
1787169216,348.8350,348.8400,348.8350,348.8400
1787169217,348.8400,348.8700,348.8400,348.8500
1787169218,348.8800,348.8900,348.8800,348.8900
1787169219,348.8750,348.8750,348.8600,348.8600
1787169220,348.8750,348.8750,348.8500,348.8500
1787169221,348.8700,348.8700,348.8500,348.8500
1787169222,348.8600,348.9200,348.8600,348.9200
1787169223,348.9600,349.0000,348.9600,349.0000
1787169224,349.0000,349.0100,349.0000,349.0000
1787169225,349.0100,349.0300,349.0100,349.0300
1787169226,349.0500,349.0500,349.0500,349.0500
1787169227,349.0400,349.0400,348.9900,349.0100
1787169228,348.9900,349.0000,348.9900,349.0000
1787169229,349.0000,349.0000,348.9700,348.9800
1787169230,348.9900,349.0100,348.9900,348.9900
1787169231,348.9900,349.0000,348.9800,349.0000
1787169234,348.9600,348.9600,348.9600,348.9600
1787169235,348.9300,348.9600,348.9300,348.9450
1787169236,348.9800,348.9800,348.9300,348.9300
1787169238,348.9600,348.9600,348.9600,348.9600
1787169239,348.9600,348.9800,348.9600,348.9800
1787169240,348.9800,349.1600,348.9800,349.1500
1787169242,349.1500,349.2100,349.1200,349.2100
1787169243,349.2200,349.2250,349.2200,349.2250
1787169244,349.2200,349.2300,349.2000,349.2300
1787169245,349.2400,349.2600,349.2400,349.2600
1787169246,349.2500,349.2800,349.2500,349.2700
1787169247,349.2800,349.3000,349.2800,349.3000
1787169248,349.3000,349.3100,349.3000,349.3100
1787169249,349.2900,349.2900,349.1800,349.1950
1787169250,349.2100,349.5100,349.2100,349.5000
1787169251,349.5000,349.5050,349.4900,349.4900
1787169252,349.4800,349.4800,349.4800,349.4800
1787169253,349.4500,349.4500,349.4500,349.4500
1787169254,349.4700,349.5000,349.4400,349.4400
1787169255,349.4400,349.4400,349.4100,349.4400
1787169256,349.4400,349.4400,349.3850,349.4100
1787169257,349.4100,349.4800,349.4100,349.4500
1787169258,349.4250,349.4250,349.3850,349.4200
1787169259,349.4100,349.4200,349.4100,349.4200
1787169260,349.3900,349.3900,349.3900,349.3900
1787169261,349.4100,349.4100,349.3600,349.3900
1787169262,349.3500,349.3700,349.3400,349.3700
1787169263,349.3700,349.3700,349.3700,349.3700
1787169265,349.3700,349.3800,349.2900,349.2950
1787169266,349.3000,349.3500,349.3000,349.3500
1787169267,349.3500,349.3800,349.3300,349.3800
1787169268,349.3700,349.3700,349.3700,349.3700
1787169269,349.3700,349.3700,349.3700,349.3700
1787169270,349.3500,349.5400,349.3500,349.5400
1787169271,349.5300,349.5700,349.5200,349.5700
1787169272,349.5750,349.5800,349.5500,349.5800
1787169273,349.5600,349.5600,349.5600,349.5600
1787169274,349.5600,349.5800,349.5600,349.5800
1787169275,349.5800,349.5900,349.5500,349.5500
1787169276,349.5000,349.5000,349.5000,349.5000
1787169277,349.4600,349.4600,349.4600,349.4600
1787169280,349.4600,349.6000,349.4600,349.5800
1787169281,349.5900,349.6500,349.5800,349.6400
1787169282,349.6400,349.6700,349.6400,349.6700
1787169283,349.6700,349.6900,349.6600,349.6900
1787169284,349.6700,349.7300,349.6700,349.7300
1787169285,349.7400,349.7400,349.7250,349.7250
1787169286,349.7250,349.7300,349.7200,349.7300
1787169287,349.7250,349.7300,349.7200,349.7200
1787169288,349.7100,349.7100,349.6400,349.6900
1787169289,349.6900,349.7050,349.6900,349.7050
1787169290,349.7000,349.7500,349.6700,349.7100
1787169291,349.7300,349.7550,349.7300,349.7550
1787169292,349.7600,349.8000,349.7600,349.8000
1787169293,349.7950,349.8200,349.7950,349.8200
1787169294,349.8300,349.8600,349.8300,349.8600
1787169295,349.8700,349.8900,349.8500,349.8600
1787169296,349.8600,349.8700,349.8600,349.8600
1787169297,349.8700,349.8700,349.8700,349.8700
1787169298,349.8500,349.8500,349.7700,349.7950
1787169299,349.7700,349.7700,349.3300,349.5950
1787169300,349.6100,349.6100,348.8200,348.9700
1787169301,349.0100,349.1400,348.9900,349.1400
1787169302,349.1400,349.3100,349.1200,349.3100
1787169303,349.2700,349.2900,349.2300,349.2900
1787169304,349.2700,349.3200,349.2600,349.3200
1787169306,349.3800,349.4300,349.3500,349.4300
1787169307,349.4400,349.5700,349.4300,349.4300
1787169308,349.4500,349.5700,349.4500,349.5400
1787169309,349.5400,349.5600,349.5000,349.5600
1787169310,349.5900,349.6400,349.5900,349.6100
1787169311,349.5800,349.5800,349.5600,349.5800
1787169312,349.5550,349.6000,349.5550,349.6000
1787169313,349.6200,349.6200,349.5800,349.5800
1787169314,349.5450,349.5700,349.5450,349.5500
1787169315,349.5700,349.5900,349.5700,349.5800
1787169316,349.5700,349.5700,349.5700,349.5700
1787169317,349.5600,349.5800,349.5500,349.5700
1787169318,349.5700,349.5700,349.5100,349.5100
1787169319,349.5200,349.5200,349.5000,349.5000
1787169320,349.5200,349.5400,349.4800,349.5400
1787169321,349.5100,349.5100,349.5000,349.5000
1787169322,349.5000,349.5000,349.4700,349.4700
1787169323,349.4800,349.5600,349.4800,349.5600
1787169324,349.5700,349.6200,349.5700,349.5900
1787169325,349.5850,349.5850,349.5850,349.5850
1787169326,349.5850,349.5850,349.5850,349.5850
1787169327,349.5850,349.6400,349.5700,349.6400
1787169328,349.6100,349.6300,349.6100,349.6300
1787169329,349.6400,349.6900,349.6400,349.6900
1787169330,349.6850,349.6850,349.6550,349.6600
1787169331,349.6600,349.6600,349.6600,349.6600
1787169332,349.6400,349.6900,349.6400,349.6900
1787169333,349.7000,349.8000,349.7000,349.7900
1787169334,349.8000,349.8200,349.7700,349.8100
1787169335,349.8200,349.8400,349.7600,349.7650
1787169336,349.7700,349.7700,349.7500,349.7500
1787169337,349.7900,349.8200,349.7500,349.8100
1787169338,349.8100,349.8200,349.8100,349.8200
1787169339,349.8150,349.8150,349.8000,349.8000
1787169340,349.8000,349.8300,349.7800,349.7900
1787169341,349.7750,349.8150,349.7750,349.8150
1787169342,349.8000,349.8150,349.7400,349.7550
1787169343,349.7400,349.7500,349.6900,349.6900
1787169344,349.7150,349.7150,349.7150,349.7150
1787169345,349.6900,349.6900,349.6100,349.6600
1787169346,349.6300,349.6400,349.5750,349.6400
1787169347,349.6450,349.6700,349.6450,349.6450
1787169348,349.6700,349.7200,349.6600,349.7000
1787169349,349.7000,349.7200,349.6800,349.7100
1787169350,349.7300,349.7300,349.7000,349.7100
1787169351,349.7100,349.7300,349.6950,349.6950
1787169352,349.7200,349.7200,349.6800,349.6800
1787169353,349.7200,349.7400,349.7000,349.7000
1787169354,349.7000,349.7100,349.7000,349.7100
1787169355,349.6900,349.7100,349.6800,349.7000
1787169356,349.6800,349.7600,349.6800,349.7200
1787169357,349.7000,349.7400,349.6900,349.7150
1787169359,349.7400,349.7800,349.7400,349.7800
1787169360,349.7800,349.8200,349.7800,349.7800
1787169361,349.7850,349.8300,349.7850,349.8300
1787169362,349.8100,349.8100,349.7900,349.7900
1787169363,349.8200,349.8300,349.8100,349.8100
1787169364,349.8100,349.8400,349.8100,349.8300
1787169365,349.8300,349.9000,349.8300,349.8700
1787169366,349.8800,349.9000,349.8800,349.9000
1787169367,349.9000,349.9000,349.9000,349.9000
1787169368,349.8900,349.8900,349.8700,349.8900
1787169369,349.8800,349.9000,349.8800,349.8900
1787169370,349.9000,349.9000,349.8200,349.8200
1787169371,349.8200,349.9000,349.8200,349.9000
1787169372,349.9000,349.9000,349.8700,349.8800
1787169373,349.8650,349.8900,349.8600,349.8900
1787169374,349.8700,349.9000,349.8600,349.8800
1787169375,349.8600,349.8900,349.8600,349.8850
1787169376,349.8800,349.8800,349.8300,349.8300
1787169377,349.8400,349.8600,349.8300,349.8500
1787169378,349.8450,349.8600,349.8450,349.8600
1787169379,349.8700,349.9000,349.8700,349.9000
1787169380,349.9000,349.9400,349.9000,349.9000
1787169381,349.9300,349.9400,349.9300,349.9400
1787169382,349.9300,349.9600,349.9200,349.9600
1787169383,349.9600,349.9800,349.9500,349.9800
1787169384,349.9750,350.0700,349.9700,350.0500
1787169385,350.0500,350.1500,350.0400,350.1100
1787169386,350.1600,350.2100,350.1500,350.2100
1787169387,350.1950,350.2500,350.1900,350.2300
1787169388,350.2500,350.2800,350.2100,350.2500
1787169389,350.2600,350.3000,350.2600,350.3000
1787169390,350.3000,350.3300,350.2800,350.3200
1787169391,350.2900,350.3700,350.2900,350.3500
1787169392,350.3600,350.3600,350.3000,350.3300
1787169393,350.3300,350.3300,350.3300,350.3300
1787169394,350.3300,350.3300,350.2800,350.3050
1787169395,350.2800,350.3100,350.2500,350.2500
1787169396,350.2600,350.2800,350.2600,350.2800
1787169397,350.2400,350.2400,350.1950,350.2400
1787169398,350.2400,350.2550,350.2300,350.2550
1787169399,350.2800,350.3000,350.2700,350.2900
1787169400,350.2900,350.3100,350.2800,350.3100
1787169401,350.2800,350.3000,350.2600,350.3000
1787169402,350.2700,350.2900,350.2500,350.2900
1787169403,350.3000,350.3200,350.2900,350.2900
1787169404,350.3000,350.3300,350.2800,350.3100
1787169405,350.3150,350.3600,350.3150,350.3600
1787169406,350.3100,350.3400,350.3000,350.3100
1787169407,350.3100,350.3100,350.2500,350.2500
1787169408,350.2500,350.3500,350.2500,350.3500
1787169409,350.3600,350.3600,350.3400,350.3400
1787169410,350.3300,350.3300,350.2500,350.2600
1787169411,350.2800,350.2900,350.2650,350.2900
1787169412,350.2500,350.2500,350.2200,350.2500
1787169413,350.2500,350.2700,350.2400,350.2700
1787169414,350.2700,350.3200,350.2400,350.2900
1787169415,350.2900,350.3100,350.2900,350.3000
1787169416,350.3000,350.3800,350.2900,350.3400
1787169417,350.3200,350.3300,350.2900,350.2900
1787169418,350.2700,350.2700,350.2700,350.2700
1787169419,350.2600,350.2700,350.2500,350.2700
1787169420,350.2800,350.3500,350.2800,350.3500
1787169421,350.3400,350.3700,350.3400,350.3700
1787169422,350.3600,350.3600,350.2900,350.2900
1787169423,350.3200,350.3400,350.3200,350.3400
1787169424,350.3500,350.3500,350.3200,350.3300
1787169425,350.3400,350.4400,350.3400,350.4400
1787169426,350.4400,350.4700,350.4400,350.4700
1787169427,350.4400,350.4400,350.4300,350.4300
1787169428,350.4400,350.5300,350.4400,350.5250
1787169429,350.5400,350.5900,350.5400,350.5900
1787169430,350.5900,350.6400,350.5900,350.6300
1787169431,350.6400,350.6400,350.6300,350.6400
1787169432,350.6300,350.6300,350.6000,350.6300
1787169433,350.6300,350.6550,350.6300,350.6550
1787169434,350.6600,350.6700,350.6300,350.6300
1787169435,350.6500,350.6800,350.6400,350.6800
1787169436,350.6800,350.7200,350.6800,350.7200
1787169437,350.7200,350.7600,350.7200,350.7600
1787169438,350.7500,350.8000,350.7300,350.8000
1787169439,350.8000,350.8000,350.7300,350.7300
1787169440,350.7350,350.8000,350.7200,350.7800
1787169441,350.7700,350.7800,350.7250,350.7500
1787169442,350.7200,350.7400,350.7100,350.7300
1787169443,350.7400,350.8300,350.7400,350.8300
1787169444,350.8400,350.8600,350.8150,350.8300
1787169445,350.8450,350.8600,350.8200,350.8200
1787169446,350.8100,350.8400,350.7400,350.7900
1787169447,350.7500,350.7800,350.7400,350.7400
1787169448,350.7500,350.7500,350.7100,350.7100
1787169449,350.7100,350.7100,350.6700,350.6800
1787169450,350.7000,350.7100,350.6800,350.6900
1787169451,350.7100,350.7300,350.7000,350.7300
1787169452,350.7100,350.7500,350.6200,350.7500
1787169453,350.7450,350.7700,350.7450,350.7700
1787169454,350.7700,350.7800,350.6800,350.6800
1787169455,350.7100,350.7600,350.7050,350.7600
1787169456,350.7600,350.8000,350.7300,350.8000
1787169457,350.8100,350.8100,350.7900,350.8100
1787169458,350.8200,350.8200,350.8000,350.8000
1787169459,350.8200,350.8400,350.8100,350.8400
1787169460,350.8500,350.8600,350.6700,350.6700
1787169461,350.7000,350.7100,350.6950,350.6950
1787169462,350.7200,350.7600,350.7200,350.7600
1787169463,350.7600,350.7700,350.7200,350.7700
1787169464,350.7800,350.7800,350.7500,350.7500
1787169465,350.7600,350.7800,350.7000,350.7800
1787169466,350.7750,350.8000,350.7700,350.8000
1787169467,350.8000,350.8000,350.7300,350.7800
1787169468,350.7600,350.8100,350.7600,350.8050
1787169469,350.8200,350.8900,350.8200,350.8700
1787169470,350.8700,350.9000,350.8500,350.8800
1787169471,350.8800,350.9500,350.8600,350.8800
1787169472,350.8700,350.9000,350.8700,350.8800
1787169473,350.9000,350.9200,350.8900,350.9200
1787169474,350.9000,350.9200,350.9000,350.9200
1787169475,350.9000,350.9000,350.7700,350.8600
1787169476,350.8400,350.8800,350.8100,350.8800
1787169477,350.8400,350.9000,350.8300,350.9000
1787169478,350.9000,350.9300,350.9000,350.9300
1787169479,350.9300,350.9300,350.9200,350.9300
1787169480,350.9300,351.0000,350.9100,350.9900
1787169481,350.9800,351.0000,350.9200,350.9700
1787169482,350.9500,350.9600,350.9000,350.9450
1787169483,350.9500,350.9600,350.9400,350.9550
1787169484,350.9550,350.9700,350.9200,350.9400
1787169485,350.9300,350.9500,350.8950,350.8950
1787169486,350.8900,350.9000,350.8600,350.9000
1787169487,350.9000,351.0000,350.8950,350.9900
1787169488,350.9750,350.9900,350.9500,350.9800
1787169489,350.9700,350.9900,350.9600,350.9700
1787169490,350.9700,350.9900,350.9600,350.9900
1787169491,350.9700,351.0000,350.9500,350.9800
1787169492,350.9750,351.0100,350.9750,350.9750
1787169493,350.9800,351.0100,350.9600,351.0100
1787169494,350.9900,351.0200,350.9800,351.0200
1787169495,351.0000,351.0400,350.9900,351.0100
1787169496,351.0150,351.0550,351.0100,351.0550
1787169497,351.0600,351.0700,351.0300,351.0700
1787169498,351.0500,351.0800,351.0500,351.0800
1787169499,351.0600,351.1000,351.0600,351.1000
1787169500,351.0900,351.1400,351.0700,351.1400
1787169501,351.1100,351.1400,351.0500,351.0600
1787169502,351.0600,351.0600,351.0200,351.0500
1787169503,351.0400,351.1400,351.0300,351.0800
1787169504,351.1300,351.1500,351.1300,351.1400
1787169505,351.1400,351.1800,351.1100,351.1800
1787169506,351.1800,351.2600,351.1750,351.2600
1787169507,351.2600,351.2700,351.2300,351.2700
1787169508,351.2400,351.2700,351.2300,351.2300
1787169509,351.2300,351.2700,351.2200,351.2700
1787169510,351.2600,351.2700,351.2300,351.2550
1787169511,351.2700,351.2700,351.2500,351.2500
1787169512,351.2400,351.2700,351.2300,351.2400
1787169513,351.2350,351.3000,351.2200,351.3000
1787169514,351.2800,351.3200,351.2800,351.3200
1787169515,351.3000,351.3500,351.3000,351.3500
1787169516,351.3350,351.3800,351.3350,351.3800
1787169517,351.3700,351.4000,351.3650,351.4000
1787169518,351.3900,351.4200,351.3700,351.4200
1787169519,351.4200,351.4200,351.4000,351.4000
1787169520,351.4100,351.4400,351.4000,351.4200
1787169521,351.3900,351.4400,351.3900,351.4400
1787169522,351.4300,351.4400,351.4100,351.4400
1787169523,351.4300,351.4400,351.4200,351.4400
1787169524,351.4400,351.4400,351.4200,351.4400
1787169525,351.4300,351.4400,351.3900,351.3900
1787169526,351.3900,351.4100,351.3900,351.3900
1787169527,351.4100,351.4200,351.3900,351.4200
1787169528,351.4300,351.4400,351.3900,351.4200
1787169529,351.4300,351.4400,351.4000,351.4200
1787169530,351.4000,351.4300,351.4000,351.4000
1787169531,351.4300,351.4400,351.4000,351.4200
1787169532,351.4100,351.4300,351.4000,351.4200
1787169533,351.4400,351.4400,351.4100,351.4100
1787169534,351.4100,351.4250,351.3900,351.3900
1787169535,351.4000,351.4100,351.4000,351.4000
1787169536,351.3900,351.4300,351.3900,351.4200
1787169537,351.4300,351.4400,351.4050,351.4300
1787169538,351.4300,351.4400,351.3900,351.4100
1787169539,351.3900,351.4100,351.3600,351.3900
1787169540,351.3800,351.3900,351.3400,351.3400
1787169541,351.3400,351.3400,351.2200,351.2200
1787169542,351.2200,351.3000,351.1600,351.2800
1787169543,351.2900,351.3300,351.2800,351.3150
1787169544,351.3300,351.3500,351.3200,351.3200
1787169545,351.3000,351.3400,351.2800,351.3200
1787169546,351.3100,351.3300,351.3000,351.3000
1787169547,351.3100,351.3500,351.3000,351.3500
1787169548,351.3600,351.4300,351.3500,351.4300
1787169549,351.4400,351.4500,351.4300,351.4500
1787169550,351.4500,351.4900,351.4450,351.4900
1787169551,351.4800,351.5300,351.4700,351.5300
1787169552,351.5200,351.5300,351.5200,351.5300
1787169553,351.5400,351.6100,351.5400,351.6000
1787169554,351.5800,351.5950,351.5600,351.5600
1787169555,351.5800,351.6000,351.5400,351.6000
1787169556,351.5700,351.6100,351.5700,351.5950
1787169557,351.6100,351.6100,351.5800,351.5900
1787169558,351.5850,351.6100,351.5800,351.5950
1787169559,351.5800,351.6100,351.5800,351.5950
1787169560,351.5800,351.5900,351.5500,351.5600
1787169561,351.5500,351.5500,351.5100,351.5100
1787169562,351.5000,351.5200,351.4800,351.5100
1787169563,351.5000,351.5100,351.4800,351.4900
1787169564,351.4800,351.4800,351.4500,351.4550
1787169565,351.4400,351.4600,351.4300,351.4300
1787169566,351.4250,351.4300,351.4100,351.4300
1787169567,351.4200,351.4400,351.3800,351.3900
1787169568,351.3700,351.3900,351.3450,351.3800
1787169569,351.3600,351.3800,351.3600,351.3800
1787169570,351.3700,351.3800,351.3600,351.3700
1787169571,351.3700,351.3900,351.3500,351.3600
1787169572,351.3600,351.4000,351.3600,351.3850
1787169573,351.3700,351.4400,351.3700,351.4050
1787169574,351.4000,351.4100,351.2700,351.2700
1787169575,351.2700,351.2800,351.2500,351.2700
1787169576,351.2700,351.3200,351.2600,351.3100
1787169577,351.3100,351.3500,351.3100,351.3300
1787169578,351.3200,351.3900,351.3200,351.3700
1787169579,351.3600,351.4000,351.3200,351.3300
1787169580,351.3100,351.3100,351.2300,351.2300
1787169581,351.2500,351.2500,351.1700,351.1800
1787169582,351.1700,351.2000,351.0900,351.1100
1787169583,351.1200,351.1200,351.0500,351.0500
1787169584,351.0500,351.0800,351.0200,351.0300
1787169585,351.0300,351.1800,351.0100,351.1400
1787169586,351.1600,351.1800,351.0900,351.1400
1787169587,351.1300,351.1500,351.1000,351.1500
1787169588,351.1500,351.2700,351.1500,351.2600
1787169589,351.2450,351.3000,351.2200,351.2900
1787169590,351.2600,351.3000,351.1500,351.2200
1787169591,351.2000,351.2500,351.1500,351.1800
1787169592,351.2000,351.2500,351.1800,351.2000
1787169593,351.2400,351.2900,351.1700,351.1900
1787169594,351.1900,351.4200,351.1700,351.2700
1787169595,351.2500,351.3200,351.2200,351.3200
1787169596,351.2700,351.3300,351.2300,351.3100
1787169597,351.3200,351.3700,351.2400,351.2500
1787169598,351.2550,351.2600,351.1300,351.1400
1787169599,351.1600,351.1900,351.1200,351.1900
